split,position,image,true_breed,species,group,predicted_name,method,label,p_label,num_segments,area,overlap,excess,deletion,insertion,additivity,fit_r2,seed_rho,seed_jac,weights,num_samples,seed,device,runtime_s,total_s
test,2007,Maine_Coon_26,Maine_Coon,cat,correct,Maine_Coon,kernel,20,0.998516,38,0.862205,0.999488,0.137282,0.166119,0.713959,0.0,,,,-0.00138445 0.00772557 -0.00206665 0.0191223 -0.000785599 0.0278479 -0.00363209 -0.00554965 0.049201 0.00858262 0.0133442 0.0413447 0.0339233 -0.0235779 0.151812 0.0923336 0.0238078 0.105539 0.0169625 0.0358767 0.0385117 0.0271911 0.0115828 -0.00621204 0.0210136 -0.0102455 0.054752 -0.00962387 0.0242739 0.0229868 -0.011922 0.0313681 0.047531 0.0289793 0.0510299 -0.00251332 0.005943 0.0582124,800,0,cuda,1.89,13.59
test,2007,Maine_Coon_26,Maine_Coon,cat,correct,Maine_Coon,partition,20,0.998516,38,0.862205,0.999533,0.137328,0.318844,0.711168,0.0,,,,-0.00716164 0.0159766 0.0125633 0.0308697 0.00162341 0.000436694 -0.00270304 0.00264685 0.0502962 0.00399263 0.00528998 0.0467933 0.022521 0.0112649 0.0913557 0.0740959 0.045619 0.0548009 0.0128918 0.0564012 0.0301321 0.0224611 -0.00583219 0.00909199 0.0166161 0.00819829 0.0937692 -0.0159041 -0.00682477 0.0198632 0.0168484 0.00305126 0.0595558 0.0194747 0.0714927 0.0149183 0.00289511 0.083904,800,0,cuda,10.58,13.59
test,2571,pug_91,pug,dog,correct,pug,kernel,25,0.994813,27,0.2444,0.588218,0.343818,0.035809,0.679389,0.0,,,,0.00434536 -0.00225267 0.0194302 -0.000992895 0.023133 -0.0150066 -0.000206817 0.00553037 0.0443871 0.0120993 0.015009 0.0428439 0.0146891 0.0638161 0.00476974 0.123234 0.0510947 0.38703 0.0116576 0.00357156 0.00536891 0.0503745 0.0200918 0.0117268 0.0754495 0.0218402 -0.00880191,800,0,cuda,2.47,4.89
test,2571,pug_91,pug,dog,correct,pug,partition,25,0.994813,27,0.2444,0.655583,0.411183,0.036335,0.706798,0.0,,,,-0.000181441 -0.000153455 0.000387422 0.00143188 -0.0019794 -0.000969665 -0.000178332 0.0018342 0.0664121 -6.25823e-05 -0.000213652 0.00945197 3.20952e-05 0.00946856 -0.000957811 0.182533 0.0625922 0.545158 0.00334406 -0.0048613 -0.000448401 0.068635 -1.07563e-05 -0.00101317 0.0425536 -0.000955192 0.00238347,800,0,cuda,1.63,4.89
test,626,Birman_35,Birman,cat,correct,Birman,kernel,6,0.854641,36,0.603296,0.9905,0.387204,0.223103,0.947306,0.0,,,,-0.0173531 -0.00266734 0.249598 0.224858 -0.0341075 -0.00431964 0.013216 0.0178712 0.00178631 -0.0112324 -0.00657596 -0.0105155 0.0437714 0.0117317 0.0101359 0.260811 0.096313 -0.0376583 0.0182628 0.0148045 -0.000814656 0.0259521 0.0146931 -0.0543007 0.00397794 -0.0214615 -0.00405331 -0.00446633 0.00737932 0.000332928 -0.00815493 -0.00502162 0.00154012 0.0298411 -0.0116191 0.0105816,800,0,cuda,2.85,5.91
test,626,Birman_35,Birman,cat,correct,Birman,partition,6,0.854641,36,0.603296,0.992213,0.388917,0.242326,0.90939,0.0,,,,0.00795396 0.0088207 0.176192 0.143225 -0.0259749 0.0686546 0.0246661 0.0154455 0.0211046 0.0347102 0.00628853 0.00696566 0.0421868 0.015964 0.0109025 0.0993017 0.0920837 0.0548324 0.0108781 0.00177154 0.0150183 0.0105983 0.00424529 -0.00257355 0.0245922 -6.44086e-05 -0.00760642 -0.0148693 0.00851662 -0.0249182 -0.00921434 0.00614675 -0.000421803 -0.00305247 0.00396798 -0.00320178,800,0,cuda,2.15,5.91
test,495,beagle_98,beagle,dog,correct,beagle,kernel,4,0.999902,42,0.211755,0.875,0.663245,0.049959,0.975329,0.0,,,,-0.00799664 -0.0144031 -0.00599064 -0.0227127 -0.0376978 0.0111434 -0.020622 0.0170283 -0.0179074 -0.0316371 0.0172456 0.126625 0.00704154 0.00464717 -0.026417 0.235607 0.0135756 -0.039145 -0.0203878 0.0178926 0.179729 0.204497 0.0134235 0.309254 -0.0469039 0.0156422 0.0392491 -0.0215311 -0.0178311 0.0266262 -0.00975458 0.00919345 -0.0109672 0.0157662 0.123826 -0.075048 -0.0162943 0.00224902 -0.00995916 -0.0478028 -0.023369 -0.025915,800,0,cuda,2.81,5.84
test,495,beagle_98,beagle,dog,correct,beagle,partition,4,0.999902,42,0.211755,0.875,0.663245,0.05464,0.933988,0.0,,,,0.00666568 -0.0133088 -9.63618e-05 -0.00321879 -0.0098019 -0.00304823 -0.0014242 0.00539685 -0.0100916 -0.0148472 -0.00203831 0.09712 0.00294895 0.0810752 -0.00832634 0.146312 0.00324954 0.0187804 0.00526772 0.0165566 0.176966 0.17971 0.00879855 0.126006 0.0470157 0.00112878 0.000937868 0.0303841 -1.06956e-05 0.00183509 -0.0113342 -0.00218634 -0.000245831 0.00130663 -0.0145663 -0.0110986 0.00123972 -0.000772524 -0.00585826 -0.00259802 -0.00187732 -0.00198243,800,0,cuda,2.07,5.84
test,3015,scottish_terrier_41,scottish_terrier,dog,correct,scottish_terrier,kernel,30,0.999921,41,0.808135,0.997108,0.188972,0.293501,0.810226,0.0,,,,0.0188447 0.0185868 -0.0233914 -0.00741873 0.0042882 0.00763055 -0.00533613 -0.00955665 0.0101428 0.0401114 0.0546904 0.0161434 -0.00975704 -0.0160866 0.00595139 0.0156237 0.0680277 0.0183224 0.0158752 0.0231796 -0.013689 0.00896081 0.081483 0.0222961 0.0222635 -0.00747254 0.00564003 0.200759 0.0160467 0.0268782 0.0265902 0.0146321 0.0403694 -0.0119787 0.0525009 0.00716897 0.0141334 0.237236 0.0408009 -0.0407978 0.00224157,800,0,cuda,2.96,5.93
test,3015,scottish_terrier_41,scottish_terrier,dog,correct,scottish_terrier,partition,30,0.999921,41,0.808135,0.998637,0.190502,0.307863,0.836639,0.0,,,,-0.000664201 0.00567194 0.0182421 0.0200424 0.00122419 0.0101963 0.000230453 0.0102522 -0.00235921 0.0379226 0.0376713 0.0117238 0.00389746 0.000785737 0.00160976 0.0392135 0.112998 0.0414173 0.0254803 0.00287845 0.00243132 0.00887848 0.0205688 0.00863181 0.00266129 0.0159845 0.0210447 0.152959 0.00843619 0.0180879 0.0015231 0.00764227 0.0560498 0.0167946 0.0661626 0.0134891 0.00582134 0.0958528 0.0117628 0.0108499 0.0678682,800,0,cuda,2.03,5.93
test,1616,havanese_40,havanese,dog,correct,havanese,kernel,16,0.99311,37,0.638313,0.763771,0.125458,0.201045,0.875254,0.0,,,,0.0426115 0.0448994 0.11367 0.174873 0.0925032 0.0844211 0.0370043 0.050859 0.151877 0.0350702 0.0411366 -0.000713597 -0.0115235 0.0246232 0.00331625 0.0124199 -0.00545338 0.0233237 0.0162092 0.00207557 0.0143308 0.0201766 -0.00138761 0.0236853 0.0124327 -0.0343944 -0.0244426 0.00367306 -0.000369724 -0.000680985 0.0206388 -0.00675335 0.0186052 -0.0363084 0.0205526 0.018142 -0.0129925,800,0,cuda,2.29,5.07
test,1616,havanese_40,havanese,dog,correct,havanese,partition,16,0.99311,37,0.638313,0.693289,0.054976,0.183769,0.76749,0.0,,,,0.0370248 0.0309084 0.127992 0.174531 0.0746441 0.0515538 0.0670316 0.036684 0.0180921 -0.000846748 0.0152041 0.000681475 -0.0186867 -0.0126157 -0.00816585 -0.00122971 0.0025261 0.0118339 0.0157228 0.0473035 0.015377 0.0212176 0.041091 0.0583731 0.0340405 0.0174874 0.0534112 0.00440426 0.0119873 0.00363754 0.0230695 0.000910898 0.00432147 0.00721342 0.0019783 0.000579685 -0.0011801,800,0,cuda,1.82,5.07
test,1782,keeshond_191,keeshond,dog,correct,keeshond,kernel,18,0.999713,36,0.650789,0.867702,0.216912,0.191889,0.522458,0.0,,,,0.0144778 0.00581591 0.0325905 -0.00185012 0.0218887 0.0354074 0.0376351 -0.00245549 0.0445775 0.0620469 0.118754 0.0432181 0.00507583 -0.0110015 0.00986832 0.0298977 0.0800387 0.00301487 -0.00115407 0.0453396 -0.00553404 0.0134303 0.0357516 0.0704904 0.0462162 0.0298563 0.0253202 0.033128 0.0180689 0.0585815 0.0275443 0.00665085 0.0325539 0.0231639 -0.00573681 0.00517749,800,0,cuda,3.01,6.23
test,1782,keeshond_191,keeshond,dog,correct,keeshond,partition,18,0.999713,36,0.650789,0.985045,0.334256,0.299378,0.405402,0.0,,,,-3.20534e-05 0.0219871 0.0159796 0.0066547 0.0134148 0.0273966 0.0205264 0.0101253 0.0427561 0.0902848 0.0734731 0.0643741 0.0136538 0.00754807 0.022726 0.0420048 0.106276 0.00373783 0.022669 0.0583766 0.00922291 0.0271855 0.0174667 0.00922305 0.0230414 0.00834489 0.0204113 0.0542943 0.0188925 0.0335412 0.0178631 0.00989491 0.010614 0.0342893 0.015708 0.0139235,800,0,cuda,2.32,6.23
test,2206,newfoundland_32,newfoundland,dog,correct,newfoundland,kernel,22,0.997935,36,0.840561,0.993932,0.153371,0.161946,0.802834,0.0,,,,0.0281501 0.011162 0.0238811 0.078512 0.0054356 0.0293216 0.0125924 -0.014884 0.0600976 0.341407 0.0456922 0.143275 0.0215859 -0.0184908 0.0181298 -0.00991131 0.0246822 -0.00679741 0.0107647 -0.00371124 0.00504987 0.00478267 -0.0254131 0.0407978 0.0398724 0.022576 0.0194475 0.00695838 0.0133191 0.0125548 0.00537149 -0.0021995 0.00901924 -0.0064755 0.0272721 0.0183267,800,0,cuda,2.71,5.97
test,2206,newfoundland_32,newfoundland,dog,correct,newfoundland,partition,22,0.997935,36,0.840561,0.986153,0.145592,0.172152,0.767696,0.0,,,,0.0274153 0.000454 0.00124281 0.151832 0.00688985 0.0092503 0.0034585 0.00928208 0.0772114 0.369284 0.00433481 0.194775 0.0138336 -0.00223172 0.0029118 -0.00382208 0.0173484 -0.00284983 0.0192694 0.00286024 0.0177293 0.00282188 0.00198309 0.00535811 0.00869988 0.00931727 0.0132624 0.0085554 0.00147841 0.00839778 0.00437741 0.000146378 0.000545973 0.00259546 0.00326102 0.000874281,800,0,cuda,2.29,5.97
test,1890,leonberger_19,leonberger,dog,correct,leonberger,kernel,19,0.981697,36,0.540796,0.991454,0.450658,0.065548,0.707584,0.0,,,,0.106604 0.0178522 0.0134829 -0.0186089 -0.0200293 0.0522821 0.0264624 0.0774894 0.00525221 0.0612363 0.00556528 0.0456889 0.0949145 -0.00212277 0.0455725 0.0396302 0.0617387 0.0749991 0.0665475 0.0222682 0.0249206 -0.0192146 0.0120101 0.037771 -0.00812339 0.029838 0.0134587 0.00624067 0.0564067 0.00849726 0.0238379 0.000630897 -0.00304855 0.00766936 0.0186679 -0.00812632,800,0,cuda,2.45,5.68
test,1890,leonberger_19,leonberger,dog,correct,leonberger,partition,19,0.981697,36,0.540796,0.826645,0.285848,0.083961,0.693511,0.0,,,,0.071787 0.0286728 0.00558089 -0.00671471 0.00582293 0.0886303 0.016079 0.237285 0.00816568 0.131208 -0.0189633 0.0844295 0.0443386 0.0108536 0.0226739 0.000959434 0.0398462 0.148318 0.0241112 0.0273827 0.0264943 0.00137536 0.00308035 0.00196394 8.49322e-05 -0.000970963 -0.00359716 -0.00295242 -0.00310158 -0.000832894 -0.00199709 -0.0032524 0.000447568 -0.00339266 -0.00465672 -0.000897785,800,0,cuda,2.3,5.68
test,790,boxer_195,boxer,dog,correct,boxer,kernel,8,0.578543,40,0.18463,0.698553,0.513922,0.166331,0.74848,0.0,,,,0.00738034 -0.0145437 0.00487503 0.0127609 -0.0231863 0.0137002 -0.0436249 -0.000942834 0.0406965 -0.00203815 0.0097251 0.0164578 0.0156317 0.0629502 -0.0321932 0.0863571 0.234453 0.0202205 0.00729223 -0.0119877 0.0272878 -0.0148542 0.0263183 0.0197006 0.0151651 0.119073 0.00152836 0.0308304 -0.0275495 0.00732493 0.0450475 -0.00631806 -0.0348645 -0.0530234 0.0126462 -0.00272208 -0.00478899 0.0162896 0.00804924 -0.0208505,800,0,cuda,2.45,5.77
test,790,boxer_195,boxer,dog,correct,boxer,partition,8,0.578543,40,0.18463,0.765681,0.581051,0.243961,0.730306,0.0,,,,0.00220726 0.000516417 0.00128864 0.0066583 -0.0171344 0.0034884 -0.0394617 0.00158319 0.00526676 -0.00269119 -0.00192002 0.000240235 -0.0167251 0.152628 -0.00393525 0.0273024 0.167599 0.0217765 0.00172322 0.00221168 0.0105687 0.00357947 0.00202834 0.0262819 -0.00378934 0.164283 0.00112374 0.0123448 0.00419881 0.00643203 0.00570529 0.00159841 0.012098 0.00149172 0.00209916 -0.00570889 0.000919414 0.00568809 0.0016971 0.0030108,800,0,cuda,2.29,5.77
test,2557,pug_78,pug,dog,correct,pug,kernel,25,0.98732,39,0.72734,0.997409,0.270069,0.07255,0.396314,0.0,,,,0.0316703 0.0026077 0.00807318 0.0193795 0.0266839 0.00447422 0.0206945 0.0114076 0.0262678 0.0258033 -0.00834387 0.0076958 0.0286001 0.0500925 0.0212819 -0.020271 -0.00236452 0.0428332 0.00294917 0.0873275 0.0375464 -0.0128878 0.050528 0.101438 0.0345089 -0.0170558 0.00617348 0.0722189 0.0104663 0.0313581 0.0385619 0.00259743 0.0705801 0.00866312 0.0709502 0.0234484 0.0183973 0.0166326 0.0257515,800,0,cuda,2.14,5.44
test,2557,pug_78,pug,dog,correct,pug,partition,25,0.98732,39,0.72734,0.938693,0.211354,0.088537,0.302953,0.0,,,,0.00184456 0.000929215 -0.00247223 -0.000260791 0.00240732 0.0400162 0.00437378 0.00304701 0.0174634 0.0375119 0.0235212 0.00268198 0.0273135 0.0312404 0.0113009 0.00313666 0.0169849 0.0424821 0.0371697 0.0574915 0.0924921 0.0119509 0.0668432 0.0951016 0.0452017 0.00913123 0.0164465 0.105425 0.00929028 0.0654435 0.00662954 0.0109832 0.0199559 0.0190386 0.00229397 0.0200678 0.00508415 0.00344531 0.0137316,800,0,cuda,2.41,5.44
test,3181,Siamese_20,Siamese,cat,correct,Siamese,kernel,32,0.998822,33,0.592734,0.955339,0.362606,0.176034,0.800891,0.0,,,,0.0750803 0.0365728 0.0325841 0.0105323 0.0352992 0.125218 0.000606711 0.058382 0.00590914 0.0200085 0.000973253 0.220834 0.0390421 0.130306 -0.0123079 0.0277893 0.0137213 0.00637825 0.0410327 0.0349161 0.026133 0.0218454 0.0183165 0.0158476 -0.0013993 -0.0201868 0.00417076 0.0122121 -0.0156015 -0.0141453 0.000774716 0.0239542 0.00925331,800,0,cuda,2.57,5.76
test,3181,Siamese_20,Siamese,cat,correct,Siamese,partition,32,0.998822,33,0.592734,0.873992,0.281258,0.209177,0.754766,0.0,,,,0.0808303 0.048212 0.0513883 0.0161262 0.0644792 0.147222 0.0268674 0.0274358 0.0140416 0.0148163 0.0168452 0.203517 0.0170338 0.134211 0.0179924 0.0105728 0.00524737 0.00601468 0.00785386 0.0108292 0.00874685 0.00369186 0.0103685 0.0025009 0.00704146 0.00646713 0.00369999 0.00433423 0.00404523 0.0029516 0.000657181 0.0063824 0.00162978,800,0,cuda,2.25,5.76
test,2414,pomeranian_3,pomeranian,dog,correct,pomeranian,kernel,24,0.99896,39,0.533084,1.0,0.466916,0.031308,0.533459,0.0,,,,0.0472137 0.0162816 0.0211967 -0.0180318 -0.0115737 -0.043923 0.00611623 0.013653 -0.000937381 0.0360301 0.0342224 0.0235974 0.0543636 -0.019428 -0.00670559 0.200923 -0.00272174 0.126004 -0.00109929 0.0192831 0.0300693 0.0806951 -0.00645701 0.181935 0.0583701 -0.0510909 -0.00192145 0.00131644 0.0165284 0.003799 0.018186 -0.0135222 0.036678 0.0451332 0.0541164 0.00455751 0.0144427 0.0313963 -0.00751402,800,0,cuda,2.59,5.81
test,2414,pomeranian_3,pomeranian,dog,correct,pomeranian,partition,24,0.99896,39,0.533084,1.0,0.466916,0.022969,0.722674,0.0,,,,-0.00255544 -0.00186649 7.21612e-06 0.00110729 0.000214445 -0.00705144 0.00431327 0.00156412 0.000881994 0.0142784 0.0147994 0.015115 0.0437108 -0.00481206 0.0244781 0.22821 0.00161156 0.123042 0.000389237 0.035005 0.0758016 0.0529896 -0.0130114 0.231027 0.0782418 0.037837 0.00979688 0.0038345 -0.00627832 -0.0133987 4.25277e-05 -0.00589245 -0.00410573 0.0330237 0.00146172 -0.0034733 0.0127838 -0.00097376 0.0090322,800,0,cuda,2.27,5.81
test,3434,staffordshire_bull_terrier_69,staffordshire_bull_terrier,dog,correct,staffordshire_bull_terrier,kernel,34,0.803666,40,0.486727,0.804223,0.317496,0.072758,0.423525,0.0,,,,0.0116406 0.00420526 0.0172002 0.0190777 -0.0074694 -0.0358422 -0.0116054 0.0909547 -0.0563819 -9.91358e-05 -0.0229971 0.0676503 0.0110376 -0.0144652 0.0449989 0.0341225 0.0345084 0.0589127 0.150744 0.0238941 0.0656706 0.0841958 -0.00270137 0.0105188 0.00501284 0.0133401 0.0420187 -0.00207934 0.00668981 -0.010649 0.021011 0.027931 0.0277255 0.0186499 0.0225301 -0.0116402 0.00866603 0.0230907 0.00601437 0.0234734,800,0,cuda,2.34,5.4
test,3434,staffordshire_bull_terrier_69,staffordshire_bull_terrier,dog,correct,staffordshire_bull_terrier,partition,34,0.803666,40,0.486727,0.769372,0.282645,0.157341,0.35564,0.0,,,,0.00409726 0.0656482 -0.00314646 0.0395361 0.00741977 0.00295022 0.0167881 0.0332376 0.0573963 0.0286731 0.00495471 0.0648715 0.101882 0.00636059 0.0521186 0.036641 0.0137989 0.0296676 0.0630729 0.000508834 0.00831808 0.104799 -0.0181784 -0.0132708 -2.99934e-05 0.00311937 0.00372886 0.00150484 -0.00211243 0.00464213 0.00383203 -0.0107247 0.00557139 0.00773947 0.00761022 0.0215871 0.00185967 0.0226693 0.00358613 0.0168272,800,0,cuda,2.05,5.4
test,2276,newfoundland_96,newfoundland,dog,correct,newfoundland,kernel,22,0.999858,35,0.659399,0.991002,0.331603,0.38885,0.723953,0.0,,,,0.0287764 0.0543656 0.0593583 -0.023143 0.0681163 0.166089 0.0789188 -0.0334905 0.0442093 0.038411 0.0479563 0.0885888 0.0463827 0.0274526 0.00025705 0.0381741 -0.00839443 0.0219122 0.0103452 -0.0274481 0.0283357 0.0345088 0.0269435 0.019573 -0.0176384 0.0200116 0.0239193 0.0349153 0.0234679 0.0314914 0.0213992 -0.0207036 0.00315597 0.0223151 0.0155456,800,0,cuda,2.21,5.47
test,2276,newfoundland_96,newfoundland,dog,correct,newfoundland,partition,22,0.999858,35,0.659399,0.962565,0.303166,0.422853,0.729877,0.0,,,,0.0555177 0.0209459 0.0249109 0.0231406 0.168145 0.117525 0.0206779 0.0508763 0.00212003 0.0296452 0.0567158 0.0348012 -0.00324678 0.0213606 0.0159683 0.0259322 0.0453843 0.0109154 0.00326231 0.00572402 0.0866986 0.00195923 0.00873539 0.010788 0.00898295 0.0223975 0.0193612 0.0557516 0.00756018 0.0140884 0.021455 -0.000843983 0.00340994 0.00148705 0.00192585,800,0,cuda,2.32,5.47
test,3623,yorkshire_terrier_59,yorkshire_terrier,dog,correct,yorkshire_terrier,kernel,36,0.999555,38,0.957809,1.0,0.042191,0.261437,0.689344,0.0,,,,-0.0102159 -0.0121616 0.0271297 0.0735007 -0.0060274 0.010009 -0.0197122 0.0312398 -0.00487141 -0.00894644 0.00832585 -0.013303 0.106346 0.0837351 0.0751238 0.0324622 0.0128158 0.0651951 0.111859 0.017427 -0.000671511 -0.0124393 0.0897015 -0.0323749 0.119309 0.0372061 -0.00171859 0.0694422 0.054955 0.0305476 -0.00425028 0.0196829 -0.00359458 0.010614 0.00413586 0.0158079 0.00690209 -0.0138028,800,0,cuda,2.69,6.37
test,3623,yorkshire_terrier_59,yorkshire_terrier,dog,correct,yorkshire_terrier,partition,36,0.999555,38,0.957809,0.92005,-0.037758,0.393107,0.480141,0.0,,,,0.00451369 0.000863084 0.0132009 0.10186 0.0222379 0.00456081 0.00305349 0.038237 0.0115069 0.00448004 0.00540151 0.000222563 0.11718 0.032673 0.00109816 0.0495487 0.00130004 0.0163687 0.0566353 0.0368597 0.00344924 0.0146714 0.0315403 0.00580291 0.112711 0.0514269 0.00705255 0.0674986 0.0170916 0.0139381 0.014846 0.0144236 0.0380016 0.0399426 0.0103554 0.00181416 0.00296947 4.62828e-05,800,0,cuda,2.66,6.37
test,417,beagle_27,beagle,dog,correct,beagle,kernel,4,0.960927,34,0.252292,0.643073,0.390781,0.042689,0.973251,0.0,,,,-0.0268336 -0.0210974 -0.0192074 -0.0145291 0.00580106 -0.0225533 -0.00934073 -0.0240431 0.0265396 -0.00471279 0.00704333 -0.0176379 0.0122738 0.024958 0.174313 -0.028219 0.206358 0.146714 0.0127745 0.0949474 0.586382 0.0062428 -0.0293567 0.00157542 0.0374053 -0.0147809 -0.0627578 -0.00497319 -0.0533615 -0.095323 -0.0470994 0.000422272 -0.0361232 -0.0108071,800,0,cuda,2.07,5.3
test,417,beagle_27,beagle,dog,correct,beagle,partition,4,0.960927,34,0.252292,0.657576,0.405284,0.036737,0.973555,0.0,,,,-0.0229716 -0.00863053 -0.00696422 -0.0108188 -0.00492571 -0.0261171 -0.0169877 0.00290661 0.00105015 -0.0111892 -0.00347148 -0.00358628 0.0210946 0.0338236 0.126228 -0.0221435 0.20929 0.148308 0.00746022 0.0771574 0.522633 0.0839876 -0.0230297 -0.00540654 0.0498724 -0.0321413 -0.0361846 -0.0338327 -0.00928168 -0.140246 -0.0151711 -0.00699982 -0.0120833 -0.0306355,800,0,cuda,2.4,5.3
test,742,Bombay_57,Bombay,cat,correct,Bombay,kernel,7,0.970469,41,0.409698,0.982131,0.572434,0.156333,0.586628,0.0,,,,-0.00126415 -0.00142524 -0.0291921 -0.0309366 -0.0149011 -0.00708457 0.0253306 0.0858631 0.00650718 0.112018 0.0143384 -0.00529572 0.0388837 -0.00600609 0.104492 -0.00464659 0.113792 0.0226399 0.0984657 0.0201998 0.0147634 0.00966856 0.0225415 0.0687234 0.0328559 0.0112075 0.0298947 0.0352655 0.0121248 0.0161612 0.0264625 0.0177948 0.0211655 0.0250527 0.00810548 0.0203141 -0.00723303 -0.0140465 -0.00108928 0.0444829 0.00721246,800,0,cuda,2.06,5.45
test,742,Bombay_57,Bombay,cat,correct,Bombay,partition,7,0.970469,41,0.409698,0.850408,0.440711,0.133991,0.405137,0.0,,,,-0.00180356 -0.00231131 0.0210301 0.0186961 0.0223614 -0.00125359 -0.00379883 0.0399488 -0.00199316 0.0480593 0.00227926 -0.000430996 0.0526499 0.00549682 0.0367867 0.00394559 0.0911272 0.0283885 0.112697 0.0229275 0.0178401 0.0604763 0.00506808 0.0236382 0.0699744 0.00185612 0.031189 0.0989571 0.0030644 0.0111407 0.0113499 0.00701289 0.0124292 0.0117225 0.00583697 0.0296308 0.00833088 0.0246605 0.00462147 0.00744325 0.00216123,800,0,cuda,2.49,5.45
test,2127,miniature_pinscher_51,miniature_pinscher,dog,correct,miniature_pinscher,kernel,21,0.997821,31,0.133829,0.363129,0.2293,0.028717,0.79361,0.0,,,,-0.0144441 0.0148333 0.0207186 -0.0128891 0.0325197 -0.0157527 0.0124582 -0.00287489 0.0167158 0.0102894 0.361881 -0.00167656 0.0155138 0.00254798 0.0271309 0.00113358 0.0739634 -0.00186101 0.0548209 0.0124383 0.00553946 0.0157585 -0.00717624 0.286732 -0.000717545 -0.0072227 0.0038 0.0444595 0.0321296 -0.00995321 0.0104552,800,0,cuda,2.86,6.43
test,2127,miniature_pinscher_51,miniature_pinscher,dog,correct,miniature_pinscher,partition,21,0.997821,31,0.133829,0.539077,0.405249,0.029164,0.788905,0.0,,,,0.00256572 0.00355922 0.00567028 0.00403078 0.0168242 0.0023626 0.000342651 0.00334677 0.0469639 0.00162067 0.364798 0.00868434 0.0221547 0.00635536 0.062497 0.0381448 0.0846528 0.000145162 0.0237607 0.0393005 0.0135902 0.0218618 0.020395 0.149352 0.00358941 0.00223532 0.0015628 0.0237286 0.00364935 0.001759 0.0017677,800,0,cuda,2.66,6.43
test,1214,english_cocker_spaniel_39,english_cocker_spaniel,dog,correct,english_cocker_spaniel,kernel,12,0.835279,40,0.605389,0.992115,0.386726,0.055708,0.475434,0.0,,,,0.0109588 -0.00694698 -0.0113273 0.00178161 0.0169927 -0.0469465 0.012262 -0.0113573 0.0597025 -0.0055526 0.0201841 0.120773 0.0341538 0.0273055 -0.0148558 -0.00110573 0.0109155 0.101827 0.0371172 0.0328119 -0.0164227 0.0241529 0.0868545 0.0250638 -0.0142123 0.0620714 0.0594986 -0.0120689 0.0663475 0.0230091 0.079151 0.00270245 0.012453 0.0197008 0.0181893 0.0147562 0.0110951 -0.0269822 -0.0247956 0.0193682,800,0,cuda,2.23,6.04
test,1214,english_cocker_spaniel_39,english_cocker_spaniel,dog,correct,english_cocker_spaniel,partition,12,0.835279,40,0.605389,0.989598,0.384209,0.105608,0.454764,0.0,,,,0.0020254 0.00863241 -0.000674805 -0.000332376 0.00470226 -0.00347711 -0.00128931 -0.0123671 -0.00333268 0.0134477 0.0209173 0.0390308 -0.00440192 -0.00114004 0.0196315 0.0670078 -0.00740745 0.0617792 0.00994238 0.102008 0.0875874 0.0231497 0.0627287 0.0355439 0.0105652 0.0861078 0.0537254 0.00656648 0.0867298 0.0240503 0.0208558 0.00699889 0.00183601 0.00215869 0.00774119 -0.00230584 -0.00116622 -0.00467345 -0.00215052 -0.00212516,800,0,cuda,2.77,6.04
test,492,beagle_95,beagle,dog,wrong,basset_hound,kernel,3,0.858426,48,0.121692,0.230486,0.108795,0.049901,0.514538,0.0,,,,0.0542344 -0.00312437 0.0355963 -0.00161578 0.0190331 0.00411361 0.0131876 0.023857 0.0282175 0.00280794 0.0368373 -0.00913554 -0.0066078 0.0527258 0.0263272 -0.00052164 0.00286583 0.204897 0.00997654 -0.0159582 0.0280192 -0.0338575 0.259893 0.00248396 0.0486862 -0.0234359 -0.0284056 0.022214 -0.0531159 0.0226909 0.00289315 -0.0212302 -0.00351451 0.0168056 0.0269066 0.00539076 0.0190173 0.0123783 -0.012617 -0.00166399 -0.00683199 0.0313649 0.0260179 0.0181691 -0.0281649 0.0122761 0.014097 -0.00025438,800,0,cuda,2.03,5.59
test,492,beagle_95,beagle,dog,wrong,basset_hound,partition,3,0.858426,48,0.121692,0.499504,0.377813,0.20456,0.620164,0.0,,,,0.016565 0.00309842 0.0216245 0.00813902 0.00730047 0.00468151 0.00271367 0.00321691 0.006202 0.00159193 0.00212138 0.0341109 0.0068486 0.0452526 0.00335726 0.00342056 -0.000655212 0.148021 0.0112199 0.00219736 0.00534179 0.0317602 0.106862 0.00128082 0.0381597 0.00255206 -0.0145738 0.00119437 0.00787524 0.0188829 -0.000812182 0.0638729 -0.00628357 0.0450289 0.00950024 0.0167936 0.0285194 0.00504209 0.0101177 0.0255967 0.0162012 0.0103073 0.0221842 0.0100369 0.00696733 0.0193632 0.0144586 0.00666898,800,0,cuda,2.43,5.59
test,1909,leonberger_35,leonberger,dog,correct,leonberger,kernel,19,0.9953,40,0.86635,0.993501,0.12715,0.148083,0.572182,0.0,,,,-0.00858645 0.0316411 -0.0182081 0.0406579 -0.0137161 0.0605706 0.107532 0.00604408 0.0773006 -0.00192268 0.0285524 0.0443337 0.0384078 0.0656234 0.0200935 0.165201 0.0423362 -0.0123326 0.0221047 0.0222575 0.0155786 0.0400061 0.00974017 0.029604 0.00102498 0.00230567 -0.00105473 0.0235696 0.0130115 0.01798 0.0143021 0.0191724 0.0334196 -0.0164735 0.0222773 -0.0113572 0.0208564 -0.0141512 0.0514394 0.00272369,800,0,cuda,2.26,5.77
test,1909,leonberger_35,leonberger,dog,correct,leonberger,partition,19,0.9953,40,0.86635,0.993501,0.12715,0.143556,0.592207,0.0,,,,0.00754844 0.00662958 0.00967461 0.0656148 0.0107516 0.117691 0.14919 0.00386669 0.0797261 0.0198905 0.0533685 0.0288533 0.071853 0.111697 0.0155936 0.0949437 0.0250215 0.00239338 0.00708425 0.0257914 0.00461912 0.00499407 0.000962745 0.00196958 0.00183021 0.00399327 0.00206314 0.00321808 0.00666559 0.0101586 0.00586377 0.0040968 0.0054047 0.00158434 0.00378594 0.00847895 0.00520649 0.00118789 0.00700547 0.00159304,800,0,cuda,2.48,5.77
test,1169,Egyptian_Mau_89,Egyptian_Mau,cat,correct,Egyptian_Mau,kernel,11,0.870743,28,0.385623,0.766796,0.381173,0.121372,0.818942,0.0,,,,-0.0154124 0.00808915 -0.0134095 -0.00154239 -0.0134693 0.0108553 0.0472777 -0.0559252 0.0188778 0.14253 -0.0187783 0.00210511 0.124071 0.207221 0.0382481 0.12469 0.0552247 0.034751 -0.0182971 0.058215 0.0382266 -0.0227109 -0.0091763 -0.00536722 0.0480223 0.00544722 -0.00147013 0.00720882,800,0,cuda,1.78,5.45
test,1169,Egyptian_Mau_89,Egyptian_Mau,cat,correct,Egyptian_Mau,partition,11,0.870743,28,0.385623,0.663478,0.277855,0.168094,0.751962,0.0,,,,-0.00742598 -0.0041351 -0.00701944 -0.0060828 -0.00818935 -0.00336683 0.00334733 -0.005811 0.00751872 0.267287 0.0155522 0.0187617 0.122802 0.0925898 0.0392283 0.0581133 0.0458907 0.0771955 -0.0139398 0.0973859 0.00292119 0.000212899 0.000489885 -0.00883924 0.0222966 -0.00350883 -0.00299328 -0.00477986,800,0,cuda,2.84,5.45
test,2608,Ragdoll_265,Ragdoll,cat,correct,Ragdoll,kernel,26,0.958961,29,0.773218,0.989796,0.216578,0.094424,0.516249,0.0,,,,-0.0112595 0.0610003 -0.0214096 0.00459106 0.0168013 0.041337 5.77949e-05 0.0163776 0.00751156 0.0605967 0.00814682 0.0210661 -0.0149752 0.104663 0.0916367 0.0169517 0.122156 -0.000572764 0.0333092 0.0205403 0.0806095 0.0833542 0.0788259 0.0129158 0.0467534 -0.0113213 0.0147268 0.035015 0.0219635,800,0,cuda,1.7,5.15
test,2608,Ragdoll_265,Ragdoll,cat,correct,Ragdoll,partition,26,0.958961,29,0.773218,0.98915,0.215932,0.097154,0.458472,0.0,,,,0.00557262 0.0135964 -0.0116984 -0.0152615 -0.00144363 -0.000653478 -0.00340872 0.0541607 0.0157059 0.0513238 0.0097558 0.0328841 0.0193179 0.0949503 0.0726051 0.0227409 0.109743 0.0178387 0.0279317 0.00698454 0.0760076 0.0755927 0.0737911 0.0242214 0.0286561 0.0106759 0.0356955 0.0580926 0.0359903,800,0,cuda,2.56,5.15
test,1342,english_setter_64,english_setter,dog,correct,english_setter,kernel,13,0.906071,44,0.252989,0.649663,0.396673,0.044971,0.82937,0.0,,,,-0.00976682 0.0158882 0.0151338 0.0448325 0.0112576 0.00291852 0.252831 -0.0269565 0.0440694 0.0167105 0.0738149 0.0121194 -0.0576374 0.198379 0.146736 -0.00722541 -0.00711352 0.100992 -0.0270591 0.0396476 0.0250581 -0.0169296 0.0628215 0.000318132 0.00611484 -0.0118093 0.00994288 -0.0207 -0.0158749 -0.00195024 -0.0247315 -0.0096652 -0.00384167 -0.0238406 0.00805627 0.0206968 0.00391599 0.0177339 0.00685418 0.00236959 -0.00480146 0.00958367 0.0218805 -0.0179412,800,0,cuda,1.86,5.3
test,1342,english_setter_64,english_setter,dog,correct,english_setter,partition,13,0.906071,44,0.252989,0.792316,0.539326,0.039873,0.790668,0.0,,,,-0.00280997 0.00188403 0.00594963 0.00886412 -0.00610282 -0.000748148 0.356472 0.0044554 0.0815917 0.0467115 0.0354439 0.0514232 -0.00785096 0.049944 0.127345 0.00149526 -0.00234449 0.0465186 0.0100708 0.0224634 0.0142894 -0.00198736 0.061747 -0.000147121 -0.00132546 0.00208022 0.00123772 -0.0060192 -0.00214449 -0.0036338 -0.00120523 -0.00181578 -0.0026932 -0.00272312 -0.00177177 -0.00024875 -0.000351255 -4.54091e-05 -0.000335519 7.01353e-05 -0.000193471 6.61632e-05 -0.00026722 -0.000527326,800,0,cuda,2.5,5.3
test,824,boxer_44,boxer,dog,correct,boxer,kernel,8,0.995736,42,0.777543,0.990204,0.212661,0.185963,0.755167,0.0,,,,0.0689965 0.0167718 0.000621599 0.0452814 0.0153589 0.0660185 -0.00202349 0.0246508 0.0123813 0.0985406 0.032979 0.0273091 0.0104959 0.0141181 0.0236004 0.0306278 0.0750651 0.0413387 0.0302547 0.0611406 0.0433564 0.0335161 0.0385169 -0.00791692 0.106849 0.0183441 0.024401 -0.0175584 0.013175 0.0186801 0.0292201 0.0299485 0.01239 0.0346105 -0.0203317 0.00725832 -0.0395155 -0.022968 0.00245104 0.0108503 -0.00752778 -0.015809,800,0,cuda,2.01,5.47
test,824,boxer_44,boxer,dog,correct,boxer,partition,8,0.995736,42,0.777543,0.99919,0.221647,0.197357,0.539543,0.0,,,,0.0263346 0.0312027 0.00116738 0.0277752 0.0243293 0.0357558 0.00481884 0.0342374 0.0330613 0.0774084 0.00406252 0.0314217 0.0330849 0.0310618 0.0346554 0.044708 0.0509842 0.0517747 0.00733534 0.0639525 0.0323797 0.0601442 0.03368 0.00332436 0.0188347 0.00411293 0.011472 0.00570533 0.0138089 0.0361734 0.0237173 0.0400033 -0.00210224 0.0094857 0.00537992 0.0145201 -0.0140745 0.0347951 -0.00668624 0.0116791 0.00379673 -0.00381516,800,0,cuda,2.53,5.47
test,3033,scottish_terrier_58,scottish_terrier,dog,correct,scottish_terrier,kernel,30,0.991559,46,0.435208,0.978124,0.542916,0.207725,0.78447,0.0,,,,-0.00580578 0.00430225 0.00423275 -8.32849e-05 0.0176597 0.0181832 -0.015917 -0.00598973 0.0686767 0.0176616 0.0149332 0.018042 0.0133437 0.0533943 -0.00514382 -0.0233838 -0.00895761 0.144758 -0.00377271 -0.0166949 -0.00828221 0.129605 0.0271233 -0.00838197 -0.00200261 -0.00956627 -0.0283794 0.0519699 0.0115957 0.00236066 -0.00893949 0.0107021 0.183692 0.00959515 0.0396197 0.0131133 -0.00101 0.0215122 0.000870239 0.118973 0.0301893 0.0201521 0.0144905 0.000694522 0.0181133 0.0563256,800,0,cuda,2.19,5.69
test,3033,scottish_terrier_58,scottish_terrier,dog,correct,scottish_terrier,partition,30,0.991559,46,0.435208,0.981558,0.54635,0.414139,0.826337,0.0,,,,0.00665839 -0.00205686 0.000292785 0.0237103 0.00963567 0.0373906 0.000294142 -0.00478767 0.0260239 0.0392843 0.0123401 -0.00656421 0.000464428 0.137672 0.00676668 0.00177754 0.00244012 0.238795 0.00727788 0.000902773 0.0172412 0.158685 0.0019091 0.0238256 0.000447927 -2.70653e-06 0.0190809 0.0886173 0.0245773 -0.0185812 -0.00854434 0.00647193 -0.0130457 -0.000235319 -0.00495709 -0.000238312 0.00417739 0.00828385 0.00183074 0.0814315 0.0196509 0.00333531 0.00355405 0.00190811 0.0122928 0.0135399,800,0,cuda,2.42,5.69
test,2921,samoyed_46,samoyed,dog,correct,samoyed,kernel,29,0.999765,35,0.693758,0.988834,0.295076,0.218559,0.922488,0.0,,,,-0.0266174 -0.00287531 0.0235484 -0.00878709 0.00134432 0.0200415 -0.00362424 -0.0153727 0.0292963 0.0302724 -0.0133998 0.00404283 0.0138612 0.237835 0.0166115 0.0197306 0.162166 0.0343622 0.11442 -0.0313957 0.080846 0.0199216 0.0495596 0.0486108 0.00922044 0.0989452 -0.0015137 0.0220112 -0.00270952 -0.0024907 0.0267823 0.0218686 0.00307939 -0.000493406 -6.89121e-05,800,0,cuda,2.15,5.4
test,2921,samoyed_46,samoyed,dog,correct,samoyed,partition,29,0.999765,35,0.693758,0.990591,0.296833,0.233229,0.771928,0.0,,,,-0.00331691 0.000408972 -0.0204073 -0.0102855 -0.00203074 0.0448361 0.0124814 0.00159525 -0.00200839 0.0231586 0.0117187 0.0218875 0.0161874 0.159041 0.0182095 0.0639055 0.1807 0.0289652 0.0228921 0.00562411 0.0447855 0.00955426 0.0974062 0.00842591 0.0170722 0.129527 0.00611556 0.0124067 0.00173917 0.0420153 0.0122156 0.0100255 0.00768754 0.0041185 0.00237143,800,0,cuda,2.4,5.4
test,1481,german_shorthaired_9,german_shorthaired,dog,correct,german_shorthaired,kernel,14,0.999854,43,0.525291,0.976629,0.451338,0.135493,0.785977,0.0,,,,0.0334973 -0.00239812 0.104896 0.030457 0.107022 0.0729551 0.0330861 0.00498175 0.00105713 0.0779193 0.0318084 0.00520728 -0.0189278 -0.00778391 0.0829627 0.0046338 -0.00702159 -0.0112377 0.043655 -0.00499373 0.0788771 0.0156956 0.00935351 0.0959611 0.0216295 0.018742 -0.0346118 0.0322444 -0.00196202 0.00508805 0.0445672 0.0067114 0.0114148 0.0206426 -0.00992891 0.00941984 -0.0134896 0.0265693 9.51452e-05 0.0289355 0.00136073 -0.00222579 0.0230681,800,0,cuda,2.08,5.14
test,1481,german_shorthaired_9,german_shorthaired,dog,correct,german_shorthaired,partition,14,0.999854,43,0.525291,0.962002,0.436711,0.255955,0.731713,0.0,,,,0.0251254 0.00351618 0.0868395 0.0457083 0.111758 0.0242219 0.0648025 0.0391096 0.011355 0.165522 0.0411173 0.00285104 0.0281514 0.0173331 0.0469438 0.00780759 0.0215629 0.0140947 0.0219371 0.0125419 0.051949 0.0125504 0.0219768 0.0218911 0.0017413 0.00410568 0.00247009 0.00604476 0.00784988 0.00378794 0.00284882 0.00272781 0.0128489 0.0041902 0.00143682 0.0140127 0.00168591 -0.0013379 -0.00470792 0.00186824 0.00670093 0.000667664 0.000324813,800,0,cuda,2.13,5.14
test,3478,wheaten_terrier_19,wheaten_terrier,dog,correct,wheaten_terrier,kernel,35,0.999761,42,0.412408,0.968154,0.555746,0.156074,0.939787,0.0,,,,0.00110346 0.0135562 -0.0112317 0.0276473 0.00967755 0.00124617 -0.00244378 0.0154252 0.05124 -0.000850187 0.0489442 0.00333307 -0.0200172 0.260221 0.0019628 0.173817 -0.0245432 0.0192629 -0.0183417 0.295 0.00540322 -0.0109186 -0.00516039 -0.0162984 0.0319116 -0.0271527 -0.0259869 0.0385242 0.0167143 0.0596202 -0.0278237 0.00135777 -0.0190504 0.0320228 0.0542449 -0.0118849 0.0421926 -0.0207177 0.00688455 0.00357706 -0.0158033 0.0221596,800,0,cuda,2.04,5.06
test,3478,wheaten_terrier_19,wheaten_terrier,dog,correct,wheaten_terrier,partition,35,0.999761,42,0.412408,0.911051,0.498643,0.165155,0.916658,0.0,,,,-0.000401745 0.0049917 -0.00194661 0.0376295 0.0197527 -0.00582192 -0.00111916 -0.00099271 0.19068 -0.00195402 0.0698788 -0.00339748 0.00349361 0.0999562 0.011642 0.11706 0.0638515 0.00301822 0.00201561 0.103553 0.00282016 0.00082947 0.00746212 0.00167686 0.00565623 0.00136873 0.00144246 0.0173414 0.0165808 0.0418702 0.00291117 0.00144667 0.0152069 0.024518 0.0473232 0.000559162 0.0329309 0.00780366 0.00664177 0.012335 0.000834085 0.0173757,800,0,cuda,2.11,5.06
test,3469,wheaten_terrier_191,wheaten_terrier,dog,correct,wheaten_terrier,kernel,35,0.999566,41,0.574777,0.988193,0.413417,0.314751,0.882503,0.0,,,,-0.0186291 0.0246157 -0.0141008 0.0565997 -0.0124573 0.00350202 0.0359862 0.00869025 0.0187276 0.0177023 0.0650909 -0.00621789 0.017205 0.0113449 0.00958691 -0.0104894 0.10447 0.308371 -0.0138988 -0.00122986 0.0121044 -0.00151935 0.00286328 0.0474838 0.025836 0.0154257 0.0662855 0.0752804 0.0143306 0.00550009 0.0389063 0.0145207 0.021193 -0.000758963 0.00797589 -0.0257796 0.00336225 0.00139397 0.0270748 0.0176695 0.00461097,800,0,cuda,2.18,5.63
test,3469,wheaten_terrier_191,wheaten_terrier,dog,correct,wheaten_terrier,partition,35,0.999566,41,0.574777,0.949473,0.374696,0.339242,0.788001,0.0,,,,0.00532934 0.000704185 0.0016337 0.0611667 -0.000458964 0.0163233 0.124824 0.000646576 0.00648608 0.0294317 0.0044017 0.00154375 0.0131502 0.00247084 0.0265201 0.00533491 0.0239569 0.0909567 0.0158497 0.0116745 0.0173027 0.00873819 0.028048 0.0089704 0.038447 0.119764 0.052456 0.0314064 0.0060763 -0.00035206 0.0391161 0.0258008 0.029816 0.0816169 -0.000166323 -0.000953955 0.00274769 0.0169822 -0.000311294 0.019806 0.0113712,800,0,cuda,2.44,5.63
test,3261,Siamese_82,Siamese,cat,correct,Siamese,kernel,32,0.986757,34,0.606645,0.98532,0.378676,0.144835,0.70296,0.0,,,,0.0167747 0.0298645 -0.00831789 0.0331784 -0.00820392 -0.00794646 0.0363601 0.0088745 0.0205034 -0.00586325 0.0247646 0.0278252 0.0349129 0.0195374 0.103023 0.0214177 0.0352525 -0.00286198 0.188516 -0.00678916 -0.00300828 0.031594 0.182503 0.00204094 0.00615123 0.00476564 0.0343353 0.0841063 0.0105297 -0.00212639 0.01416 0.038829 0.0158608 -0.00857492,800,0,cuda,2.18,5.23
test,3261,Siamese_82,Siamese,cat,correct,Siamese,partition,32,0.986757,34,0.606645,0.989281,0.382636,0.150103,0.723848,0.0,,,,0.00085902 0.00401235 0.00284441 0.0152063 0.00377359 0.00155305 0.0176957 0.00682376 0.0278127 0.0060783 0.0222293 0.00506616 0.0111709 0.016928 0.0303398 0.00279696 0.0345634 0.00340833 0.135045 0.00424602 0.0116666 0.159728 0.20875 0.0196585 0.0086826 0.0121839 0.0111023 0.0672152 0.0181027 0.00964117 0.0224387 0.0423493 0.0111286 0.0168879,800,0,cuda,2.27,5.23
test,3179,shiba_inu_9,shiba_inu,dog,correct,shiba_inu,kernel,31,0.996544,40,0.235551,0.915798,0.680248,0.069438,0.929454,0.0,,,,0.0146978 -0.00482455 0.0162877 -0.00566496 -0.00246381 -0.00949856 0.00303633 0.043406 0.00391806 -0.0337237 -0.0353539 -0.00270265 0.439764 0.00921795 -0.0272274 -0.0374624 0.079222 0.00644378 -0.058829 0.375172 0.00433044 -0.0176675 -0.00544951 -0.0139258 -0.00968016 0.0438548 -0.0195138 -0.0169906 -0.00971053 0.0961729 0.0265031 0.0248549 0.0232261 0.0754289 0.00600199 0.00224772 -0.00853782 -0.0155051 -0.0142966 0.0155385,800,0,cuda,1.98,5.56
test,3179,shiba_inu_9,shiba_inu,dog,correct,shiba_inu,partition,31,0.996544,40,0.235551,0.954534,0.718983,0.114458,0.909443,0.0,,,,-0.000219119 -0.00043377 -0.000482581 0.0069851 0.00153346 0.00255522 -0.000586944 -0.000746722 0.000179179 0.0204882 0.0138869 0.00219212 0.247181 0.0130189 0.0480566 0.0546301 0.0691824 0.00957788 0.0172023 0.0965866 -0.000552671 -0.0128622 -0.00738542 0.0275886 -0.000409202 0.100842 0.0212298 -9.28011e-05 0.00135946 0.0695608 0.000940092 0.0318561 0.0284223 0.0539101 0.000883178 0.00630818 0.0026655 0.0375924 -0.00114298 -0.00120376,800,0,cuda,2.71,5.56
test,1024,chihuahua_45,chihuahua,dog,correct,chihuahua,kernel,10,0.999723,36,0.339086,0.978142,0.639056,0.012526,0.890361,0.0,,,,-0.00145383 0.000251135 -0.00791263 0.000231557 -0.00604365 0.00159845 0.00475921 -0.00627311 0.0144841 0.000500106 0.0316664 0.00544783 -0.000417305 0.000138094 0.0151161 0.413506 0.415385 -0.00188752 0.00940919 -0.0110599 0.00572974 0.0213993 0.0396036 0.0203533 -0.0115564 0.00664303 -0.000773724 -0.00180592 0.00695099 -0.00436766 -0.00744603 0.0145522 -0.0018789 0.00212154 0.014225 0.0103555,800,0,cuda,2.21,5.31
test,1024,chihuahua_45,chihuahua,dog,correct,chihuahua,partition,10,0.999723,36,0.339086,0.885851,0.546765,0.054403,0.890197,0.0,,,,-0.00109442 0.00164502 0.00149402 0.00746765 -0.00217311 -0.0015554 0.0122078 0.00239564 0.00338544 0.0150776 0.0653468 8.69124e-05 0.00356399 0.0514643 0.0156428 0.500778 0.167694 -0.000491441 0.0167935 -0.000275344 -0.000765008 0.0302096 0.0809216 0.00813648 5.36976e-05 0.00444011 0.00225261 0.000503258 0.00040465 0.00110144 0.00181586 0.000621594 0.000525036 0.000726116 0.000402548 0.000747896,800,0,cuda,2.22,5.31
test,2461,pomeranian_82,pomeranian,dog,correct,pomeranian,kernel,24,0.999368,45,0.723254,0.992732,0.269478,0.0265,0.785172,0.0,,,,0.0121842 -0.0135918 -0.00954644 -0.00479796 0.0112943 0.054004 0.0122743 0.0328694 0.00295268 0.0135518 -0.0001493 -0.0110273 0.0422702 -0.00988242 0.0362544 0.14868 -0.0167758 0.00834216 0.013869 0.0357617 0.0159032 0.31191 0.118186 0.0102372 0.0231914 -0.0180287 0.0815595 -0.00597861 -0.00334895 0.0025109 0.00184054 -0.00657237 0.00694616 0.0670967 0.00886076 0.00381093 0.00283272 -0.000268471 0.00842996 -0.00737178 0.0163755 -0.0201351 -0.0140399 0.00773777 0.0213665,800,0,cuda,2.18,5.38
test,2461,pomeranian_82,pomeranian,dog,correct,pomeranian,partition,24,0.999368,45,0.723254,0.99459,0.271336,0.082002,0.741278,0.0,,,,0.012133 -0.00181335 0.00185652 -0.000311719 0.000231466 0.0870608 0.0259424 0.0183141 0.00208225 0.0200287 0.0045724 0.00123137 0.0266986 0.0119219 0.0599832 0.144039 0.000559688 0.00146272 0.00133751 0.0261102 0.00285082 0.166307 0.29724 -0.00126794 0.00036326 0.00381615 0.0899722 -0.00243505 0.00232428 -0.00263544 0.000945596 0.00265181 0.0117707 0.0110436 -0.00117992 0.000358367 -0.00491695 -0.00366156 -0.016733 -0.00159405 -0.000513622 -0.000960334 -0.00184832 -0.00338953 -0.000360355,800,0,cuda,2.26,5.38
test,592,Bengal_95,Bengal,cat,correct,Bengal,kernel,5,0.997269,41,0.500957,0.881306,0.38035,0.174274,0.542815,0.0,,,,0.0299839 0.0243903 0.0127832 0.00214611 -0.0016346 0.0396612 -0.00161856 0.00414386 0.0417858 0.0520851 -0.0101485 0.0103597 0.0103571 0.0173356 1.42532e-05 0.0786669 -0.00803488 0.151152 0.0505216 0.050016 -0.00422307 -0.00505211 0.0744226 -0.0111867 0.0385164 0.0284062 0.0420626 0.0935677 0.0290802 0.00314745 0.00694164 -0.00244335 -0.0178185 0.030499 -0.00177093 -0.00631558 0.0447191 0.0211503 -0.00151639 0.0311781 0.0182591,800,0,cuda,2.45,5.81
test,592,Bengal_95,Bengal,cat,correct,Bengal,partition,5,0.997269,41,0.500957,0.836289,0.335333,0.122133,0.494904,0.0,,,,0.00439977 0.00853189 0.0153063 0.00593602 0.0105685 0.0511199 0.00258271 -0.0010544 0.0411229 0.149306 0.0187518 0.0408853 0.0150203 0.0279152 0.000124133 0.0660533 -0.00113007 0.0478284 0.0479818 0.00965292 0.000216721 -0.00358062 0.0204463 -0.00198312 0.00411472 -0.00224706 0.0284257 0.146672 0.0252036 -0.000694977 0.00720249 -0.000797824 0.0458371 0.0107838 0.00649052 -0.00113868 0.0642266 0.0293591 0.0132048 0.00600738 0.00693895,800,0,cuda,2.37,5.81
test,3594,yorkshire_terrier_32,yorkshire_terrier,dog,correct,yorkshire_terrier,kernel,36,0.916199,39,0.342734,0.858282,0.515548,0.017635,0.752823,0.0,,,,-0.00437215 0.0521763 -0.0119376 0.0120818 -0.00243824 0.0267164 0.0156349 0.245985 0.0287379 -0.0035877 0.00140566 -0.00879156 0.256135 -0.0109854 0.0303648 0.00522136 0.248476 -0.0019274 -0.00824172 0.000723386 -0.0268305 0.00177409 -0.0164122 -0.0173291 0.0472542 -0.00917409 -0.00101554 -0.0101389 -0.00147581 0.00311823 -0.0118424 0.0243496 0.00884844 0.00825209 0.00582211 -0.00186813 -0.00336173 0.0221901 -0.00750924,800,0,cuda,2.13,5.52
test,3594,yorkshire_terrier_32,yorkshire_terrier,dog,correct,yorkshire_terrier,partition,36,0.916199,39,0.342734,0.692259,0.349525,0.035798,0.720614,0.0,,,,0.00357632 0.0248962 0.011923 -0.00201096 -0.00311896 0.0058314 0.000246547 0.185344 0.01694 -0.0103531 -0.00272877 0.0168757 0.25238 -0.00349893 0.00204532 0.0457891 0.319884 -0.00124221 -0.000901305 -0.00342244 0.00547476 0.0120987 0.00279185 -0.00351472 0.0183288 0.00168791 0.00148163 0.00600954 -0.00788812 0.00313804 0.000203613 -0.010301 -8.35812e-05 -0.000968653 -0.00141435 -0.000751375 -0.000600046 0.00295851 -0.00107979,800,0,cuda,2.46,5.52
test,3412,staffordshire_bull_terrier_49,staffordshire_bull_terrier,dog,wrong,american_pit_bull_terrier,kernel,2,0.956836,39,0.375598,0.983797,0.608199,0.039169,0.892244,0.0,,,,-0.085151 -0.0174935 -0.0568033 -0.0108936 -0.0429202 0.0523241 0.112615 0.0469403 0.0114554 0.0414894 0.0118172 -0.00700904 -0.000984133 0.230084 0.345423 0.145911 -0.0238443 0.0106909 0.0663379 0.00514049 0.0119014 0.0739104 0.0141226 0.0100972 0.00395428 -0.00749402 -0.0103028 0.0091059 -0.013725 0.0148621 -0.00926299 0.0297211 -0.0208337 0.00476461 -0.0167545 0.0357489 0.00254533 -0.0222733 0.00330191,800,0,cuda,2.53,5.81
test,3412,staffordshire_bull_terrier_49,staffordshire_bull_terrier,dog,wrong,american_pit_bull_terrier,partition,2,0.956836,39,0.375598,0.718367,0.342769,0.036505,0.876758,0.0,,,,0.00612855 0.0324049 -0.00492857 -0.00394149 -0.00700397 0.0268364 0.0917826 0.0587505 0.0862529 0.0453142 0.022755 0.00289318 0.0303914 0.127872 0.224057 0.0929659 0.0159474 0.0222954 0.0410923 0.00229475 0.00394089 0.00513567 0.00761015 0.00128477 0.00289279 0.00064189 0.00287065 0.0016896 0.000457114 0.00188515 0.00102703 0.000135532 3.69634e-05 0.000383803 0.00183636 0.000237798 0.00157832 0.000219932 0.000494775,800,0,cuda,2.37,5.81
test,3313,Sphynx_252,Sphynx,cat,correct,Sphynx,kernel,33,0.992602,31,0.489716,0.989125,0.499409,0.216918,0.816585,0.0,,,,0.0215462 -0.0173888 0.0100977 0.081139 -0.00301114 0.0605908 0.01556 0.0269441 -0.0035058 0.0610164 0.0314024 -0.0170563 0.0898607 0.0160686 -0.00560043 -0.0086756 0.150282 0.0106391 0.102295 -0.0152577 0.204243 0.00925339 0.00206484 -0.00418002 0.00079931 0.00159629 0.0577004 -0.0169843 -0.00747486 0.105704 0.000255527,800,0,cuda,1.96,5.19
test,3313,Sphynx_252,Sphynx,cat,correct,Sphynx,partition,33,0.992602,31,0.489716,0.982454,0.492738,0.22752,0.789787,0.0,,,,0.00785847 -0.0010403 0.0707148 0.140133 0.00462006 0.00816039 0.0066025 0.0368133 0.00312711 0.0297427 0.0863969 -9.40624e-05 0.0608123 0.0899248 -0.00303732 0.027506 0.14533 0.0098062 0.0554511 0.0209537 0.0758973 -0.00414935 0.008115 0.00541026 -0.00381867 -0.0028191 0.0183444 8.04837e-05 -0.00210133 0.0658654 -0.000683748,800,0,cuda,2.32,5.19
test,2508,pug_33,pug,dog,correct,pug,kernel,25,0.99765,43,0.390565,0.7638,0.373235,0.076421,0.799881,0.0,,,,-0.017475 -0.00622091 0.0460075 -0.0191461 -0.00582787 0.0782895 0.00902214 0.0004502 0.292553 0.279122 0.0501165 0.0157193 0.0404639 0.0348794 0.0173495 0.0180549 0.0669084 0.0139729 -0.00174138 -0.00348382 0.00711208 -0.0074193 -0.0037352 0.0606682 -0.00234918 0.00908193 -0.000479128 0.0109741 0.0102499 0.000414931 0.0125507 -0.000195663 0.00648007 -0.00829066 -0.000323639 0.00355093 0.00102731 0.00511214 -0.00229045 -0.00363627 -0.0108801 -0.0113884 0.00182041,800,0,cuda,2.11,5.44
test,2508,pug_33,pug,dog,correct,pug,partition,25,0.99765,43,0.390565,0.649935,0.259369,0.07992,0.79745,0.0,,,,0.00111547 0.00692861 0.0815889 0.0021183 0.000775895 0.0897126 0.000951502 0.000368651 0.455159 0.231356 0.00792146 0.00302382 0.0351839 0.0039964 0.000209742 0.000211005 0.0521796 0.00229178 0.000858108 0.00293756 0.000221366 0.00013247 0.000423807 0.00641245 -6.98129e-05 -0.000169927 -0.000226542 -0.000104842 -9.31487e-05 -3.68719e-05 0.0001018 8.29949e-05 4.05766e-06 4.88936e-06 0.000273704 0.00062859 1.85357e-05 1.18353e-05 0.0003677 5.01739e-06 0.000169994 1.75525e-05 5.06541e-06,800,0,cuda,2.47,5.44
test,1797,keeshond_23,keeshond,dog,correct,keeshond,kernel,18,0.999998,37,0.934969,0.969514,0.034545,0.412163,0.763309,0.0,,,,-0.0343572 0.0244569 -0.00643061 -0.0101433 -0.00284382 0.0319511 -0.0235701 -0.018639 -0.0120688 0.148059 0.0480337 0.066172 0.0326133 0.0254683 0.00338112 0.167987 0.0166801 0.0414675 0.0783477 0.00357275 0.0693235 1.39556e-05 0.0622864 0.045113 -0.0222323 -0.00507701 -0.0201259 0.0283622 0.019232 0.0515963 0.0323789 0.0214021 0.0133082 0.0233773 0.0206147 0.0701924 -0.00176827,800,0,cuda,1.97,5.76
test,1797,keeshond_23,keeshond,dog,correct,keeshond,partition,18,0.999998,37,0.934969,0.969079,0.03411,0.399352,0.616226,0.0,,,,-0.00119431 0.0120362 0.0384454 0.00805727 0.00993497 0.0111811 0.0147773 0.0438714 0.0176116 0.141152 0.01375 0.0473998 0.0276959 0.0293336 0.00433701 0.0359107 0.00804406 0.00682697 0.0204481 0.00435761 0.0670846 -0.00126399 0.00531594 0.0665232 0.0132894 0.0276769 0.0191571 0.024154 0.0508336 0.0321498 0.0351849 0.114257 0.012536 0.0113332 0.00196165 0.00958145 0.00438368,800,0,cuda,2.85,5.76
test,3494,wheaten_terrier_32,wheaten_terrier,dog,correct,wheaten_terrier,kernel,35,0.67997,40,0.104193,0.746148,0.641955,0.047767,0.873352,0.0,,,,-0.00709037 -0.0198758 0.00728394 -0.0357728 -0.0466292 -0.0639371 0.00983529 0.385211 -0.017042 0.0992944 -0.0417576 -0.0500639 0.0103507 0.0677994 0.139494 0.0224654 -0.00513907 -0.0179167 0.0368834 -0.0104271 0.0145759 0.0359354 0.0182204 0.01817 0.00301898 0.116549 -0.00125273 -0.00865317 0.00452651 -0.00379552 0.0165403 -0.000749553 -0.039884 -0.0139953 0.0226925 0.00306188 0.0216185 0.00652905 -0.0172206 0.000178495,800,0,cuda,1.87,5.46
test,3494,wheaten_terrier_32,wheaten_terrier,dog,correct,wheaten_terrier,partition,35,0.67997,40,0.104193,0.860182,0.755988,0.095448,0.889714,0.0,,,,0.000409726 0.00126105 0.00793114 -0.0421198 0.0190827 -0.0149507 0.018502 0.125504 0.0132313 0.081469 0.0508458 -0.00448878 0.00524278 0.0290907 0.133827 0.00296783 0.03492 0.00452082 0.00394457 0.0121383 0.0166192 0.0565497 -0.0240295 0.00109027 0.0038632 0.0237905 0.0173353 0.000844946 0.0399996 0.0191083 0.00341991 0.00428018 0.00411084 -0.000228452 -0.000918669 0.0101875 0.000993141 0.00134502 -0.00113493 -0.00152325,800,0,cuda,2.62,5.46
test,127,american_bulldog_34,american_bulldog,dog,wrong,american_pit_bull_terrier,kernel,2,0.786472,43,0.580178,0.973844,0.393666,0.03323,0.650473,0.0,,,,-0.0122501 -0.00798327 -0.00547132 0.155065 0.0241393 0.0297635 0.0244519 0.0758361 0.0156634 0.00160374 0.137723 0.00535944 -0.029084 0.0566604 0.164278 -0.00388013 -0.00673315 0.0578077 -0.00492198 0.00236909 0.00855524 0.0770372 0.0155025 -0.0277877 -0.0169055 -0.00167221 0.0110676 0.0159157 -0.0105652 -0.00832676 -0.00878457 -0.0159033 -0.00999267 -0.00360096 -0.00320674 0.0165659 0.00574901 0.019584 0.000345138 -0.00430079 0.0102874 0.0370498 -0.00885454,800,0,cuda,1.83,5.32
test,127,american_bulldog_34,american_bulldog,dog,wrong,american_pit_bull_terrier,partition,2,0.786472,43,0.580178,0.978707,0.39853,0.104885,0.529482,0.0,,,,0.00706424 0.0188983 0.00307082 0.0554245 0.0179704 0.0201207 0.0210552 0.030457 0.0348378 0.000460403 0.0748532 0.0197571 0.00282252 0.00496087 0.0568745 0.0161557 0.00355501 0.0351164 0.000414313 0.00181443 0.0292406 0.177012 0.00779038 -8.86833e-05 -0.0195226 0.00747455 0.0052013 0.0188035 0.0730242 0.00250038 0.00737153 0.00120895 0.00396345 0.00106436 0.00614949 0.0126137 0.00129333 0.001366 0.00783009 0.00180939 0.00134392 0.00311101 0.00191076,800,0,cuda,2.49,5.32
test,3109,shiba_inu_36,shiba_inu,dog,correct,shiba_inu,kernel,31,0.999733,39,0.678332,0.99253,0.314197,0.317851,0.94492,0.0,,,,-0.0245923 0.0307834 0.00382582 -0.00125919 -0.00862088 0.0182458 0.00582315 -0.0102919 0.00170266 0.0575126 -0.0384752 0.0617711 0.040456 0.0842532 0.0529856 0.0328036 0.17726 -0.0234453 0.0857344 0.0133813 0.0109777 0.120367 -0.000928855 0.0283738 0.066131 0.0318414 0.0161913 0.0322706 0.00664234 0.0353466 0.00282826 0.00859955 -0.0181712 0.0116338 -1.18985e-05 0.0272839 0.00148752 0.0160049 0.00676355,800,0,cuda,2.1,5.5
test,3109,shiba_inu_36,shiba_inu,dog,correct,shiba_inu,partition,31,0.999733,39,0.678332,0.99356,0.315227,0.440753,0.870544,0.0,,,,0.00195264 0.00378196 0.00676614 0.000991332 -0.000679427 0.00553849 0.0433504 0.00614542 0.0159202 0.0210631 0.0142275 0.0597719 0.0565327 0.102987 0.0340057 0.0315929 0.0594835 -0.000695687 0.0931809 -0.00296768 0.041447 0.0287342 -0.00169693 0.0964163 0.12828 0.00218306 0.0051369 0.047148 -0.000899435 0.044724 -0.000168143 0.00762755 -0.01186 0.00485166 0.0262377 -0.00440397 0.00170652 -0.00311183 -0.00181674,800,0,cuda,2.57,5.5
test,2437,pomeranian_60,pomeranian,dog,correct,pomeranian,kernel,24,0.775714,40,0.24705,0.881547,0.634497,0.017636,0.395025,0.0,,,,0.0182877 -0.0223263 0.0169733 0.0171321 0.00757106 -0.0477384 0.00821107 0.0538582 0.0104722 -0.0230148 -0.0244301 0.0010218 0.0234136 0.0248885 0.134142 -0.0372769 0.000707344 0.0222967 0.0228453 0.0172856 0.149482 0.00418307 0.105504 0.0195718 -0.0156869 -0.0178746 0.0350209 0.00867039 0.0924093 0.00790762 0.00443688 0.0102227 0.0390378 0.0191825 0.0145321 0.0105092 0.00360858 0.00077504 0.00713045 0.044992,800,0,cuda,1.8,5.6
test,2437,pomeranian_60,pomeranian,dog,correct,pomeranian,partition,24,0.775714,40,0.24705,0.754902,0.507852,0.018346,0.465157,0.0,,,,-0.000201313 -0.00279645 -3.39917e-05 0.000612019 -0.000472583 0.0111761 -0.00179023 0.0511725 0.000332002 0.0379111 -0.000277688 9.93065e-05 -0.000249767 0.00292512 0.135342 0.0013323 0.0074715 0.0204414 0.00581052 0.00198523 0.148931 -0.000585764 0.0863389 0.00320333 -0.00673689 0.00584847 0.0882776 0.00170154 0.077838 0.00263147 0.00191918 0.00443915 0.040964 0.00052902 0.00908226 0.00445167 0.00350713 0.0231462 0.000629201 0.00103117,800,0,cuda,2.8,5.6
test,403,beagle_19,beagle,dog,correct,beagle,kernel,4,0.999986,31,0.346162,0.900332,0.55417,0.061032,0.957824,0.0,,,,-0.00208175 0.102361 -0.00610614 -0.00749533 -0.0246655 0.00351919 -0.00214676 0.285962 0.0105653 0.278913 -0.00703898 -0.026295 0.16765 0.0983933 -0.00157025 0.0305238 0.00912179 -0.0201178 -0.00155148 0.0650099 -0.016292 0.0260653 -0.0167896 0.00861807 -0.0100003 -0.00795529 -0.0407515 -0.0151558 -0.0160749 -0.0104485 -0.0141131,800,0,cuda,2.49,6.0
test,403,beagle_19,beagle,dog,correct,beagle,partition,4,0.999986,31,0.346162,0.985266,0.639104,0.110949,0.946682,0.0,,,,-0.00576667 0.0398308 -0.00101608 0.0403172 -0.0037124 0.0213344 -0.00382344 0.110014 -0.00824992 0.271556 0.0139177 0.00530799 0.186305 0.0832178 -0.00619046 0.0386039 0.0129557 0.000636312 -0.00278036 0.0547839 0.00292955 0.00564641 -0.00440582 -6.83399e-05 -6.43962e-05 -0.00157285 -0.00151603 -0.00356591 0.00103352 -0.00109848 -0.00450593,800,0,cuda,2.61,6.0
test,150,american_bulldog_56,american_bulldog,dog,correct,american_bulldog,kernel,1,0.545122,42,0.752292,0.995797,0.243505,0.105171,0.905906,0.0,,,,-0.022746 0.0251563 -0.0396847 0.00331446 0.0236412 0.00614943 -0.0386708 0.0326721 -0.00218236 -0.000452389 -0.0112713 0.0222584 -0.0216274 -0.0190648 -0.0132138 -0.0238603 0.104657 -0.0734709 0.00441455 0.108615 0.0655845 0.00481911 0.0105227 0.0792755 -0.0272925 0.0281382 0.0433254 0.0526368 0.098248 0.0238668 -0.0202195 0.00838833 0.0395989 -0.0287277 0.0662266 -0.0344462 0.0162298 0.0231964 0.0359345 0.000232316 -0.0528099 -0.00951441,800,0,cuda,2.56,6.2
test,150,american_bulldog_56,american_bulldog,dog,correct,american_bulldog,partition,1,0.545122,42,0.752292,0.991194,0.238902,0.16715,0.83779,0.0,,,,-0.00993303 -0.00481347 0.0226832 -0.00864824 -0.00160907 0.00101514 -0.0146801 -0.00376412 -0.0036294 -0.00311421 0.0119267 -0.0232154 -0.00106037 0.0209616 0.0067836 0.00953688 0.0766122 -0.0129767 0.0122779 0.10945 0.0270039 -0.00535383 0.0101308 0.0320306 0.00472073 0.00221637 0.0295336 0.0292179 0.0318166 0.0179867 0.0144162 0.0370785 0.00698102 0.00441044 0.0127167 0.00197127 0.0233908 -0.000233426 0.019021 -0.000976818 0.000836859 0.00512744,800,0,cuda,2.66,6.2
test,3536,wheaten_terrier_70,wheaten_terrier,dog,correct,wheaten_terrier,kernel,35,0.991129,34,0.248485,0.696914,0.448428,0.172446,0.934608,0.0,,,,-0.00204622 0.00549578 0.00187964 -0.00872341 0.00614533 0.00139379 -0.00276215 0.00293382 -0.0225845 -0.00598348 0.000961347 0.00561702 0.00935061 0.0104134 -0.019592 0.00484824 0.16956 0.0443003 0.0276228 -0.0194401 0.0202106 -0.0180638 0.00381122 -0.0164624 0.0360471 -0.00529913 0.556786 -0.00123975 -0.0170846 0.222878 0.00490306 -0.00595779 -0.00865955 -0.0110679,800,0,cuda,2.48,6.12
test,3536,wheaten_terrier_70,wheaten_terrier,dog,correct,wheaten_terrier,partition,35,0.991129,34,0.248485,0.470483,0.221998,0.236542,0.924945,0.0,,,,0.00249092 -0.00146836 0.00595512 -0.00278 -0.000859606 0.00276057 -0.00376049 0.00575302 0.00680752 -0.00144346 0.0599604 0.00502732 0.018234 0.00713958 -0.00829648 0.0209254 0.0853036 0.0530545 0.0118096 0.00623875 0.136812 -0.00187683 0.0258374 0.0179044 0.0335168 -0.00127483 0.358784 -0.00323984 -0.00552422 0.135613 0.0122099 -0.00330211 -0.00690436 -0.00121543,800,0,cuda,2.73,6.12
test,2394,pomeranian_21,pomeranian,dog,correct,pomeranian,kernel,24,0.968248,36,0.30672,0.904567,0.597847,0.03586,0.803046,0.0,,,,0.00943142 0.0214696 -0.0411942 -0.0273861 0.0126731 -0.0416838 0.0182588 0.0222273 -0.00597707 0.0169409 0.00966147 -0.00184685 0.0324094 0.0101051 0.181898 0.0283703 0.0267435 -0.018022 0.218852 0.215402 0.00544129 -0.0188864 0.265223 -0.00366079 -0.0121045 0.0108511 0.0102993 0.0365697 0.0270732 -0.0494626 -0.00729529 0.0175358 -0.00948802 -0.00998916 0.00975601 0.000273728,800,0,cuda,2.19,5.22
test,2394,pomeranian_21,pomeranian,dog,correct,pomeranian,partition,24,0.968248,36,0.30672,0.921053,0.614332,0.035675,0.804136,0.0,,,,-0.0043797 -0.00154173 -0.0069922 1.41244e-05 -0.00437606 -0.0026953 0.00308862 0.0127557 0.000632354 0.0300531 0.00593202 0.00168866 0.0474451 0.00190805 0.135601 0.0551877 0.0757559 0.0011837 0.11201 0.159503 0.00270214 0.00295854 0.358234 -0.00755982 0.021119 -0.00774221 -0.00293748 -0.000921464 0.00479807 -0.0187799 0.00073735 -0.00455793 -0.00279089 0.00241069 -0.00353549 -0.00643968,800,0,cuda,2.11,5.22
test,1437,german_shorthaired_5,german_shorthaired,dog,wrong,boxer,kernel,8,0.869719,34,0.088648,0.189293,0.100645,0.078076,0.654554,0.0,,,,0.0123564 0.0243524 0.0434321 0.029929 0.0430907 0.0320565 0.0178465 0.185395 0.0118379 0.0188613 0.0275961 0.0162978 0.0223273 0.0549056 0.251592 -0.00687423 0.0379239 0.0507757 -0.0376479 -0.00678545 0.0398939 -0.00276471 0.00661458 0.019444 -0.00544781 0.0331485 0.0141565 -0.0138379 0.0121713 -0.0189913 -0.0207606 0.00450875 -0.0195743 -0.0183792,800,0,cuda,2.36,5.43
test,1437,german_shorthaired_5,german_shorthaired,dog,wrong,boxer,partition,8,0.869719,34,0.088648,0.156823,0.068175,0.156564,0.37978,0.0,,,,0.00502173 0.0185152 0.0542869 0.0252696 0.0411693 0.026505 0.0343715 0.209075 0.00429672 0.0621725 0.0350195 0.0190914 0.00915653 0.0312839 0.0411503 0.00998364 0.0807517 0.10067 0.0432433 0.00899647 0.0040739 0.00022146 -0.00211378 0.000124846 -0.000834465 0.00285758 -0.000326985 -0.000854676 -0.00101619 -0.000583729 -0.00183238 0.00115115 -0.000267298 -0.00118002,800,0,cuda,2.04,5.43
test,1629,havanese_52,havanese,dog,correct,havanese,kernel,16,0.959434,37,0.81529,0.992952,0.177662,0.159493,0.694011,0.0,,,,0.00501818 0.0370427 0.0254642 -0.00702737 0.000734797 0.0863818 0.0802161 0.0627902 0.0203371 -0.0181078 -0.0144773 0.0686718 0.0911174 -0.0145932 0.16111 0.0269173 -0.0158944 0.0321297 0.0164867 0.0687783 0.0369132 0.0319382 -0.0221566 0.0953977 0.0232166 0.00985412 -0.0146897 -0.0146916 0.0043447 0.0223732 0.0125563 0.01083 -0.000387464 0.0172545 0.0290636 -0.0131083 -0.0073709,800,0,cuda,2.35,5.6
test,1629,havanese_52,havanese,dog,correct,havanese,partition,16,0.959434,37,0.81529,0.99178,0.17649,0.179727,0.714893,0.0,,,,4.16245e-05 0.0180143 -0.00764804 -0.00323338 0.0128751 0.0895383 0.0490197 0.171121 0.00697327 -0.00150785 0.00384892 0.0886652 0.142588 -0.00566227 0.191645 0.0243727 -0.0126889 0.012599 0.00470039 0.0291808 0.014187 0.00565949 0.00621897 0.0174649 0.0163719 0.00828322 0.000680659 0.0061133 0.00941848 0.006062 0.00591102 0.00367209 0.00342568 0.00440089 0.0117296 0.00776162 -0.00737119,800,0,cuda,2.28,5.6
test,2976,samoyed_96,samoyed,dog,correct,samoyed,kernel,29,0.999949,33,0.583307,0.991502,0.408195,0.16064,0.919867,0.0,,,,0.024845 -0.0207014 -0.00395103 0.00244325 0.00203126 0.00312392 0.00294266 -0.00835801 0.0175521 0.00916232 0.00506144 0.42903 0.00748821 0.0423912 0.0168685 0.0365494 0.0102021 0.0202829 0.0374295 0.0530145 0.0171115 -0.00624537 -0.0131003 0.00171361 0.0348151 0.0285766 0.134893 -0.0110018 0.0314639 0.0359878 0.00679177 0.045672 -0.0148725,800,0,cuda,2.41,5.73
test,2976,samoyed_96,samoyed,dog,correct,samoyed,partition,29,0.999949,33,0.583307,0.9898,0.406494,0.243184,0.873687,0.0,,,,0.000413696 0.00735582 0.00211652 0.00224484 -0.0027737 0.0190192 0.00183793 0.000310688 0.000301923 0.00985149 0.0260069 0.251763 0.0387028 0.0512258 0.0327889 0.000460168 0.00957826 0.0160907 0.022792 0.0784904 0.069858 0.000157669 0.0147781 0.139052 0.0142751 0.00446298 0.086202 0.0688242 0.00324907 0.00329936 -0.000122008 0.00514314 0.00145605,800,0,cuda,2.4,5.73
test,2442,pomeranian_65,pomeranian,dog,correct,pomeranian,kernel,24,0.965139,39,0.286472,0.988896,0.702425,0.016115,0.769872,0.0,,,,-0.0166744 -0.0125181 -0.054026 0.00602436 -0.0363489 -0.0227716 0.00608475 -0.00140584 0.0209056 0.00595907 0.0088887 -0.00112076 0.0144719 -0.0294247 0.0511776 -0.00937 -0.0023602 0.144585 -0.0148969 0.00404955 0.00489294 -0.015492 0.206605 -0.00655259 0.0266718 -0.0309694 0.232599 0.0317408 0.248892 0.0150163 0.0173876 0.0275405 0.0276994 0.0372592 0.0343025 -0.0167186 0.0111206 0.0466265 -0.00248958,800,0,cuda,1.95,5.38
test,2442,pomeranian_65,pomeranian,dog,correct,pomeranian,partition,24,0.965139,39,0.286472,0.988896,0.702425,0.016519,0.790583,0.0,,,,-0.000609462 -0.0179787 -0.00122189 8.24682e-05 -0.00161068 0.000171394 0.000231933 -0.00135446 8.97821e-05 -0.00028267 -0.00594948 -0.0143842 -0.000257284 -0.00694835 0.0714363 -0.000486989 0.00709411 0.158746 0.0229113 -0.00383454 0.0224744 -0.00156931 0.299063 0.000245272 0.0124397 -0.000301318 0.0835161 0.0477778 0.176437 0.00108287 0.00603132 0.00218001 0.00391073 0.0484244 0.0242398 0.0173669 0.0036382 0.00161404 0.00294522,800,0,cuda,2.5,5.38
test,62,Abyssinian_67,Abyssinian,cat,correct,Abyssinian,kernel,0,0.829088,37,0.462592,0.74803,0.285438,0.055496,0.730998,0.0,,,,-0.000687848 0.00801779 0.0747618 0.130109 -0.00266044 0.0041481 0.0196431 0.00536219 0.0557123 0.0103532 0.140815 0.00721314 -0.027561 0.000291676 0.0585379 -0.0164922 0.042191 0.00036815 -0.00178922 0.0678491 -0.0365888 0.0632593 0.109587 0.0201869 0.0395074 0.015197 0.0397661 0.00961541 -0.02574 0.0535693 -0.0635732 0.0175623 0.0346841 -0.00650213 -0.00452982 -0.0232764 -0.0132836,800,0,cuda,2.02,5.22
test,62,Abyssinian_67,Abyssinian,cat,correct,Abyssinian,partition,0,0.829088,37,0.462592,0.639899,0.177308,0.060375,0.498218,0.0,,,,0.0026743 0.0032312 0.0572815 0.132093 0.00651664 0.00422108 0.00425779 0.0027512 0.0286919 -0.00390128 0.0463038 -0.00014173 -0.00402207 -0.000797089 0.0137249 -0.00280376 0.0450817 0.000474142 0.00494999 -0.0291124 0.00975042 0.00537988 0.141798 0.0349607 0.00733918 0.0272831 0.102503 -0.000861752 0.0333516 0.0663101 0.0274192 -0.0066367 0.0504127 -0.0117838 0.0109438 -0.00423467 0.000212732,800,0,cuda,2.32,5.22
test,2336,Persian_55,Persian,cat,correct,Persian,kernel,23,0.99918,45,0.71301,0.957425,0.244415,0.099007,0.8507,0.0,,,,-0.0107875 0.00287101 0.00933513 0.0419437 0.155329 0.178399 0.117139 0.00300274 0.000981316 0.0560071 0.0499128 0.00901125 0.00615361 -0.000163669 0.0292602 0.0945346 0.133427 0.0585263 0.00892723 0.0011379 0.0052961 -0.0117537 -0.0153298 0.0385643 0.00532072 -0.0169039 0.0228923 0.0149128 -0.00657456 -0.0318096 0.00762372 -0.00481062 0.0335612 0.00354616 0.0129661 -0.0272946 0.0229864 0.00979024 -0.00335954 -0.00642983 0.021453 -0.0136881 -0.0133283 -0.00143466 -0.0107258,800,0,cuda,2.01,5.48
test,2336,Persian_55,Persian,cat,correct,Persian,partition,23,0.99918,45,0.71301,0.957425,0.244415,0.102445,0.845469,0.0,,,,0.000780937 -0.00187646 -0.00196348 0.0028711 0.182277 0.264736 0.13225 -0.00220777 -0.00264959 0.0017751 0.0514419 0.00981843 0.00445344 0.00495279 0.0227443 0.0582515 0.120742 0.0385039 0.00918242 0.0201884 0.00257865 0.0102984 0.0033897 0.00856464 0.00607076 -0.000929837 0.00278373 0.00967351 0.00262286 0.00190721 0.00791192 0.00268384 0.00589261 0.00573624 0.00283372 0.000312807 5.44076e-05 0.000477247 0.0032944 0.00512112 0.000410249 -0.0112037 0.000380569 -0.00683518 0.000114036,800,0,cuda,2.49,5.48
test,2256,newfoundland_78,newfoundland,dog,correct,newfoundland,kernel,22,0.99354,38,0.6762,0.949727,0.273528,0.091513,0.376667,0.0,,,,-0.0120395 -0.00742406 -0.000442446 0.0185091 0.00549404 0.135848 0.0179736 -0.0108209 0.00523099 0.0766778 0.0435807 0.0602673 -0.0307278 0.0491897 0.00500403 0.21317 0.00196249 0.0316947 0.0321231 -0.0194919 0.0211386 0.0136032 0.0621155 0.00139403 0.0529632 0.00576704 0.0115898 0.0152459 0.0208845 0.00948859 0.030763 0.00307445 -0.0186538 0.081971 0.00033264 0.054135 0.00657791 -0.000408698,800,0,cuda,2.11,5.63
test,2256,newfoundland_78,newfoundland,dog,correct,newfoundland,partition,22,0.99354,38,0.6762,0.896287,0.220087,0.108549,0.3806,0.0,,,,0.00790391 0.0142595 0.00905324 0.00395696 0.00580213 0.142575 0.00585668 0.00696157 0.0165228 0.121835 0.0481141 0.0350249 0.0420759 0.0329488 0.00165068 0.17987 0.00575232 0.0108638 0.0897545 0.0062086 0.0611895 0.000185622 0.0347652 0.0120506 0.0604632 0.00760953 -0.000164651 0.00655051 -0.00300569 0.00246178 -0.000695593 0.00074457 0.000252473 -0.00116847 0.000835976 0.0155788 0.000260453 0.00285673,800,0,cuda,2.51,5.63
test,2544,pug_66,pug,dog,correct,pug,kernel,25,0.999534,37,0.402324,0.985942,0.583619,0.124226,0.67608,0.0,,,,-0.0242363 -0.00138578 -0.00813084 0.00536055 -0.0209679 0.0434493 -0.0302507 -0.0199474 0.000470676 -0.014688 0.00678899 0.0572493 0.00560014 0.0248015 -0.00815058 0.00682375 0.0760977 0.220209 0.0463274 0.00701655 0.0425604 0.148842 0.0275578 0.0743608 0.0769442 0.000230857 -0.00794397 0.0222803 0.0231502 0.0179394 0.0571316 0.00326295 0.0346462 -0.0066014 0.0347373 0.0653139 0.00210441,800,0,cuda,2.23,5.66
test,2544,pug_66,pug,dog,correct,pug,partition,25,0.999534,37,0.402324,0.972518,0.570194,0.160472,0.720112,0.0,,,,-0.00595806 -0.0117508 -0.00651464 0.0129058 0.00127371 0.0655879 0.0028038 0.000463759 0.00254068 0.00270196 0.028133 0.0931375 0.0112197 0.0811492 0.00513315 0.0813534 0.138504 0.234118 0.0422253 0.0194756 0.0369446 0.0776526 0.0202778 0.0251586 0.0153747 0.00151745 0.00375547 0.00185386 0.000353601 0.00315304 0.0011726 -0.000213091 7.58497e-05 -0.000950115 -0.00339592 0.00585856 0.00186196,800,0,cuda,2.47,5.66
test,2400,pomeranian_27,pomeranian,dog,wrong,Persian,kernel,23,0.719412,38,0.325494,0.97254,0.647046,0.073145,0.697778,0.0,,,,0.00727223 0.00659052 0.0417682 0.00662404 0.0163257 0.00532556 0.00804647 -0.00428223 -0.0182743 -0.00374188 0.0187888 0.00312359 -0.00395683 0.0903123 0.044661 -0.00490907 0.0174385 0.00971748 0.171033 -0.00565488 0.013625 0.08014 0.0264254 0.0201267 0.0201507 -0.00224329 -0.00703923 0.126029 0.0618404 -0.0183824 -0.0269009 0.00473119 -0.00640249 -0.0135749 0.000867738 0.0108465 0.00303782 0.00116357,800,0,cuda,1.88,5.27
test,2400,pomeranian_27,pomeranian,dog,wrong,Persian,partition,23,0.719412,38,0.325494,0.984553,0.659059,0.104963,0.519192,0.0,,,,0.00112948 0.00423576 0.0233706 0.00165319 0.00791834 0.0014433 0.00494554 0.00298743 0.00185758 0.00793773 0.00736147 0.00772801 -0.00329033 0.104947 0.0450977 0.0230779 0.014351 0.00833036 0.125983 0.000245643 -0.00224761 0.0265295 0.0850907 0.00867344 0.20873 -0.000523983 -0.000617101 0.0623617 -0.016109 0.000882787 -0.00449472 0.00032153 -0.0115893 -0.0211042 -0.0109485 -0.0072288 0.00203039 -0.0104192,800,0,cuda,2.42,5.27
test,95,Abyssinian_98,Abyssinian,cat,correct,Abyssinian,kernel,0,0.99987,39,0.701391,0.992401,0.29101,0.209863,0.768113,0.0,,,,0.00514846 0.00627518 0.00357055 -0.00952157 0.0162449 0.00382109 0.00140903 -0.0223478 0.0567232 0.0382494 0.0133572 -0.0279329 -0.00119707 0.0158796 0.0730921 0.0298938 0.0399773 0.0179412 0.0221631 0.0826941 0.0327667 0.143575 0.0760343 0.0915935 0.0121379 0.0648165 -0.00203958 0.0423688 0.0151349 0.0131301 -0.020214 0.0649235 0.0235479 0.0249608 -0.0139267 0.0315522 0.0154884 -0.00560493 0.000718786,800,0,cuda,2.13,5.55
test,95,Abyssinian_98,Abyssinian,cat,correct,Abyssinian,partition,0,0.99987,39,0.701391,0.993848,0.292457,0.414619,0.338531,0.0,,,,0.0336325 -0.001554 0.00838891 0.0140003 0.0070362 0.000486809 0.0405837 0.0203612 0.0511814 0.0510667 0.00576845 0.0206939 0.0241165 0.0553549 0.0566345 -0.0156225 0.0216103 0.00823049 0.0328081 -0.00211526 0.00498551 0.0459398 0.0150273 -0.00225334 -0.00799071 0.0240102 0.00363548 0.00349209 0.103222 0.142732 0.014812 0.0250713 0.0468933 0.0820178 0.00940568 0.0025341 0.0218005 0.00387631 0.00453035,800,0,cuda,2.37,5.55
test,959,British_Shorthair_72,British_Shorthair,cat,correct,British_Shorthair,kernel,9,0.983481,34,0.519452,0.984337,0.464885,0.242965,0.879169,0.0,,,,0.0111374 0.0143851 -0.00353028 0.0137169 0.000410754 -0.00160958 0.0148983 0.0193911 0.00418714 0.0547312 0.022989 -0.0124641 0.491857 -0.0101161 0.0632254 -0.0191802 0.00136175 0.0148865 0.02817 0.0331334 0.00666076 0.00470902 0.0104343 0.0132062 0.0203494 0.0231207 -0.0221121 0.017971 0.0194191 0.0106779 -0.0396375 0.0398167 0.0214587 0.00223088,800,0,cuda,2.14,5.28
test,959,British_Shorthair_72,British_Shorthair,cat,correct,British_Shorthair,partition,9,0.983481,34,0.519452,0.615487,0.096035,0.350495,0.789713,0.0,,,,0.00147234 0.000159758 0.0599938 0.00705477 0.0103131 0.00131296 0.00676542 0.00284241 0.00686775 0.00494124 0.0100857 0.00888626 0.201975 0.0210382 0.0521581 0.0752319 0.00189363 0.0687945 0.0529509 0.0938427 0.000214142 0.00256049 0.0399713 -0.000375408 0.00943499 0.0119689 0.018434 0.0164102 0.00806481 0.0328313 0.0103773 0.0113204 0.0111428 0.00894951,800,0,cuda,2.26,5.28
test,2191,newfoundland_1,newfoundland,dog,correct,newfoundland,kernel,22,0.996076,34,0.961037,1.0,0.038963,0.039515,0.353285,0.0,,,,0.0210576 -0.00294447 -0.00587641 -0.0138083 0.0554351 -0.00410276 -0.0261484 0.0439297 0.0808878 -0.0121885 0.010775 0.0127275 0.0182638 0.0129198 0.12896 0.0360426 0.0982051 -0.00381049 0.102224 0.164182 0.00808725 0.029148 0.0424401 0.0177802 0.112846 0.0343277 -0.00273185 0.0111018 0.0238853 -0.00887219 0.00165126 0.025312 -0.0170022 -0.00440752,800,0,cuda,1.99,5.25
test,2191,newfoundland_1,newfoundland,dog,correct,newfoundland,partition,22,0.996076,34,0.961037,0.995676,0.034639,0.036916,0.318943,0.0,,,,0.00135037 0.0255611 0.0339125 0.0106222 0.00896098 0.0183273 0.0146764 0.0446138 0.0464945 0.0184963 0.0894609 0.0252998 0.045032 0.0388718 0.116151 0.0138537 0.0450696 0.0224441 0.0506901 0.0908035 0.023278 0.00735308 0.0192967 0.00308963 0.0415178 0.0588442 0.000111102 0.0303221 0.00709605 0.00282127 0.00169548 0.0328586 0.000240184 0.00108057,800,0,cuda,2.32,5.25
test,3129,shiba_inu_54,shiba_inu,dog,correct,shiba_inu,kernel,31,0.386149,38,0.437819,0.838627,0.400808,0.119033,0.807923,0.0,,,,-0.00677838 -0.0192772 0.0144747 -0.0332277 -0.0304481 -0.00808736 0.0534402 0.236829 0.0113701 -0.0270826 0.0191813 -0.0657139 0.0434346 0.0485014 0.106627 0.0455528 0.130745 -0.0249919 0.0332191 -0.0343582 0.105436 -0.0385457 0.0282706 -0.00797021 -0.0116527 -0.0318415 -0.0495304 -0.0394487 -0.0014201 -0.00527694 -0.0330815 0.0177123 -0.0347829 -0.00648738 -0.0162612 -0.0233 0.00514821 -0.000477283,800,0,cuda,2.2,5.53
test,3129,shiba_inu_54,shiba_inu,dog,correct,shiba_inu,partition,31,0.386149,38,0.437819,0.705945,0.268127,0.259478,0.65817,0.0,,,,-0.0086249 -0.012279 -0.00810462 -0.0231214 -0.00332121 -0.00376045 0.0622751 0.139517 -0.0228413 0.0340227 0.0151916 -0.0192727 0.0281192 0.0935667 0.0145198 0.0404127 0.138755 0.0844326 -0.00337219 0.0228191 -0.0305575 -0.0124741 -0.00828331 9.5367e-05 -0.0114249 -0.00431125 -0.025546 -0.0291849 -0.00482806 -0.00847712 -0.00618127 -0.00615211 -0.0201182 -0.00775926 -0.0309143 -0.00553448 -0.00307523 -0.00430557,800,0,cuda,2.36,5.53
test,1576,great_pyrenees_95,great_pyrenees,dog,correct,great_pyrenees,kernel,15,0.69715,40,0.350905,0.836948,0.486044,0.008097,0.682136,0.0,,,,-0.00145116 0.00365897 0.0917806 -0.0126537 -0.0516452 0.153918 -0.0672803 0.181409 0.0567414 0.0943801 -0.00573341 0.128101 0.0201013 0.0571621 -0.0382034 -0.0204229 -0.00792378 0.0269886 0.0186638 0.0382584 -0.000369454 0.027995 -0.0260978 0.0117141 0.0109713 -0.00489375 -0.0308728 -0.00240877 0.012756 -0.0116364 0.00827929 0.00397336 0.025482 0.0116475 0.00946574 0.0210002 -0.00493205 -0.0199488 -0.0243913 0.00807324,800,0,cuda,2.36,5.7
test,1576,great_pyrenees_95,great_pyrenees,dog,correct,great_pyrenees,partition,15,0.69715,40,0.350905,0.836948,0.486044,0.025409,0.741725,0.0,,,,0.0208042 0.0295199 0.0722809 0.00102595 -0.0296857 0.111812 -0.00848696 0.120082 0.0175101 0.176426 0.0390596 0.213272 0.00842595 0.0151857 -0.0166525 0.00614859 -0.045621 0.00941765 -0.0270854 -0.0113669 -0.00285301 0.0111801 0.00988334 -0.00488605 0.000868226 -0.00415258 -0.00122307 -0.00147483 -0.00539275 -0.00305189 -0.00399769 -0.000761516 -0.002129 -0.00055707 -0.000753239 0.000524238 0.00114635 -0.00150226 -0.000752006 -0.000530004,800,0,cuda,2.26,5.7
test,2896,samoyed_23,samoyed,dog,correct,samoyed,kernel,29,0.997994,35,0.370715,0.985743,0.615028,0.099314,0.78154,0.0,,,,-0.0184796 0.0131241 -0.0283534 -0.00774714 0.00544167 0.0399623 0.00124379 0.0143148 -0.00888637 0.000745498 0.152063 0.134923 -0.0285384 0.0352995 0.109191 -0.0175032 0.0674271 0.158396 -0.00323987 0.00190088 0.19647 0.0862493 -0.0439518 0.034023 0.036008 0.0308419 0.0146058 0.0210175 0.00619226 0.0139985 -0.0143402 -0.0207229 0.00633314 -0.028661 0.0179119,800,0,cuda,2.29,5.1
test,2896,samoyed_23,samoyed,dog,correct,samoyed,partition,29,0.997994,35,0.370715,0.990054,0.619339,0.097795,0.7451,0.0,,,,-0.00156541 0.00100722 -0.00639304 -0.00517047 0.00700467 0.00155111 -0.0023146 -0.00115006 -0.0025682 0.000684671 0.107357 0.0517612 0.000536849 0.00681462 0.0129697 -0.00256832 0.138008 0.188862 -0.00222104 0.0119153 0.324695 0.104781 -0.00382194 0.0208481 0.0360159 0.00352081 -0.000941698 -0.00332709 -0.00119954 -0.00719625 0.00132513 -0.00280238 0.00210853 -0.000502574 -0.000765641,800,0,cuda,1.92,5.1
test,2153,miniature_pinscher_75,miniature_pinscher,dog,correct,miniature_pinscher,kernel,21,0.911033,31,0.584363,0.988194,0.403831,0.092161,0.919411,0.0,,,,-0.025433 -0.0215926 -0.0147292 -0.00349567 -0.0154598 -0.0307069 -0.0663042 -0.0436979 0.00373804 0.100762 0.00723719 0.515398 0.0264396 0.0298738 -0.01389 0.0802967 0.0136787 0.0337135 0.0897384 0.0234698 0.0030777 0.0580548 -0.00913222 0.019372 0.0333795 -0.00518099 0.0299762 0.020156 0.0101052 0.0114008 0.0342368,800,0,cuda,2.28,5.23
test,2153,miniature_pinscher_75,miniature_pinscher,dog,correct,miniature_pinscher,partition,21,0.911033,31,0.584363,0.803388,0.219025,0.090102,0.755232,0.0,,,,-0.00414704 -0.00372821 0.000425066 0.00650569 -0.0145769 -0.00180864 0.00148002 0.00206759 0.011813 0.0578956 0.00539809 0.250386 0.00597274 0.0192414 0.00618949 0.143511 0.0723565 0.0343526 0.0933553 0.0567437 0.00656587 0.0155543 0.00831696 0.0190922 0.0138552 0.0163026 0.029732 0.015793 0.00186541 0.0171529 0.00681968,800,0,cuda,2.08,5.23
test,236,american_pit_bull_terrier_42,american_pit_bull_terrier,dog,wrong,staffordshire_bull_terrier,kernel,34,0.92704,34,0.56818,0.87298,0.3048,0.072088,0.234843,0.0,,,,0.0106864 0.00957226 0.0133283 0.0272772 0.0638625 0.024046 -0.00904738 0.0229892 0.0271417 -0.00191985 0.0796116 -0.0337021 -0.0126136 0.114269 0.0809231 0.0288701 0.0312677 0.00562208 -0.00413217 0.0467286 0.075459 0.0264906 0.152986 -0.000569563 0.0282636 0.0227769 0.0156346 0.0268756 0.00679744 0.0207851 0.0215981 -0.0124629 -0.00517903 0.0186936,800,0,cuda,2.43,5.36
test,236,american_pit_bull_terrier_42,american_pit_bull_terrier,dog,wrong,staffordshire_bull_terrier,partition,34,0.92704,34,0.56818,0.844847,0.276667,0.082436,0.251058,0.0,,,,-0.0123211 0.0158328 0.0458045 0.106419 0.0641426 0.0229576 0.00035974 0.0168425 0.0131662 0.0543412 0.153146 -0.00285923 0.0327223 0.0783088 0.0770447 0.0146232 0.0152488 0.0106606 -0.00641912 0.0106787 -0.0201676 0.0160878 0.0959854 0.000560275 0.0161463 0.000550698 0.0113798 0.0229794 0.00490259 0.0149956 0.0215752 0.00940352 0.00972339 0.00810653,800,0,cuda,2.08,5.36
test,222,american_pit_bull_terrier_28,american_pit_bull_terrier,dog,wrong,american_bulldog,kernel,1,0.534142,37,0.310407,0.491938,0.181531,0.111944,0.833676,0.0,,,,0.00112845 -0.0419451 -0.0136835 0.0376271 -0.00982467 0.00506784 -0.0160576 -0.013973 0.0243334 -0.0350417 0.00237628 0.00566354 0.0856774 0.325381 -0.0004218 0.0190134 0.00181548 0.0298391 0.0151418 -0.0439741 0.240308 -0.0145699 -0.0461203 0.0202392 -0.0235169 -0.0107341 -0.00185444 0.00825729 -0.0506648 -0.00960327 0.0289942 -0.0231008 0.00411499 -0.0235158 -0.0256528 0.0318466 -0.0057028,800,0,cuda,2.62,5.51
test,222,american_pit_bull_terrier_28,american_pit_bull_terrier,dog,wrong,american_bulldog,partition,1,0.534142,37,0.310407,0.612857,0.30245,0.204489,0.794262,0.0,,,,0.00699789 0.0147726 0.0025217 0.00731226 0.00176519 0.00534623 0.0190243 0.000915643 0.0281337 0.00343535 0.00787149 0.00565489 0.0929427 0.198132 0.0011684 0.013189 0.00805915 0.00737357 0.00952626 -0.0100772 0.0524052 0.0286372 -0.0427485 0.0476629 -0.00673887 0.00238328 0.0114357 -0.00979807 -0.00545282 0.0217093 0.0171104 -0.0178111 0.00758259 -0.0462661 -0.0272014 0.0170267 0.00286583,800,0,cuda,1.98,5.51
test,3435,staffordshire_bull_terrier_6,staffordshire_bull_terrier,dog,correct,staffordshire_bull_terrier,kernel,34,0.877414,51,0.305963,0.83295,0.526987,0.067945,0.343935,0.0,,,,-0.00137705 0.0115305 -0.0059748 0.0264066 0.032278 0.00462722 0.022189 0.0187424 -0.00179176 0.00879875 0.000407202 -0.00745049 -0.0104734 0.00890714 -0.00801052 0.0110655 -0.00898877 0.0262873 -0.000836239 0.134185 0.0133167 0.00570784 0.00377922 -0.0117889 0.0613761 0.0107309 0.0894887 0.107947 0.00792437 0.0247647 0.0546346 0.0540888 0.0214153 0.00386448 0.0451734 0.0217829 -0.00889006 0.0361113 -0.0064587 0.0209515 0.00657004 -0.000435804 0.00765432 0.0169507 0.0125299 -0.0289706 0.000243319 0.00364474 0.00219117 0.0126529 0.0238322,800,0,cuda,2.47,5.72
test,3435,staffordshire_bull_terrier_6,staffordshire_bull_terrier,dog,correct,staffordshire_bull_terrier,partition,34,0.877414,51,0.305963,0.80504,0.499077,0.0817,0.401214,0.0,,,,0.00383759 0.00586384 0.00636825 0.0272906 0.01441 0.0119999 0.0253867 0.0234433 0.00798039 0.0106898 0.0158317 0.0953554 0.0487621 0.0056085 0.00832469 0.0377621 0.120156 0.0079892 0.0185324 0.0964179 0.063511 0.012988 0.0154794 0.00642836 0.0696178 0.0119382 0.0532326 0.0467992 -0.00528476 -0.00280338 0.00283294 -0.0475729 -0.000625887 -0.00131312 -0.001763 -0.00179222 -0.00248182 -0.000949775 0.00143813 0.0122231 0.00957283 0.00514799 0.00410076 0.00225354 0.00384126 0.00315619 0.00474491 0.00468392 0.00584819 0.00140072 0.00464108,800,0,cuda,2.06,5.72
test,2393,pomeranian_20,pomeranian,dog,correct,pomeranian,kernel,24,0.992613,37,0.711535,0.996126,0.284591,0.059442,0.595579,0.0,,,,0.0457572 -0.0182955 0.0500358 0.00883167 0.029405 0.038948 0.0745267 0.116633 0.0666642 0.132531 0.0124567 0.0206681 0.0384309 0.153909 0.114078 -0.0217807 0.0408455 -0.00674107 0.0202124 -0.000341691 -0.000473596 0.0321724 -0.0124209 -0.0077885 0.0188419 0.0543779 0.0203844 -0.00472091 0.00493436 -0.0166753 -0.0102183 0.0131903 0.00456108 0.0108126 -0.0209454 -0.0158947 -0.00207625,800,0,cuda,2.23,4.88
test,2393,pomeranian_20,pomeranian,dog,correct,pomeranian,partition,24,0.992613,37,0.711535,0.998481,0.286945,0.090455,0.654316,0.0,,,,0.00227487 0.00214742 0.0140991 0.0183712 0.00397942 0.064519 0.0187358 0.0678509 0.121417 0.217483 0.0170747 0.0267756 0.00929409 0.131565 0.107878 -0.00071417 0.0315494 0.00943587 0.0348589 -0.000912467 0.00708095 0.0850242 -0.000143534 0.000868142 -6.05555e-05 -0.000475746 0.000254968 -2.31141e-05 9.87128e-05 -0.000483752 -0.000925025 -0.000160954 -0.000805512 -0.000614703 -0.000868956 -0.000447142 -0.00116554,800,0,cuda,1.82,4.88
test,1810,keeshond_35,keeshond,dog,correct,keeshond,kernel,18,0.996635,36,0.416753,0.999138,0.582385,0.085781,0.733949,0.0,,,,-0.0316751 0.0145716 0.00867402 0.0179604 -0.006507 0.000130679 -0.0053219 -0.0100166 0.0114124 0.0135807 0.00373234 -0.010107 -0.00265539 0.0309024 0.0378793 0.00314082 0.00104032 0.027713 0.00717657 0.0692672 0.0156276 0.011431 0.0643703 0.0965541 0.0266937 0.0243989 0.00627985 0.387448 0.00523933 0.0375943 0.00676201 0.0921106 -0.00105391 0.00768803 0.0146624 0.0080662,800,0,cuda,2.52,5.44
test,1810,keeshond_35,keeshond,dog,correct,keeshond,partition,18,0.996635,36,0.416753,0.999138,0.582385,0.090128,0.710525,0.0,,,,-0.00593297 -0.00135092 0.000446381 -0.00385188 -0.0128597 0.000178606 -0.00195296 0.000134978 -0.000618361 0.00596972 0.0010527 0.00353164 0.00153488 0.0109378 0.0159756 0.00623415 0.00435076 0.014931 0.0155789 0.05276 0.0153697 0.0193856 0.0835025 0.117788 0.0350953 0.0512934 0.00643832 0.324684 0.0164453 0.00625951 0.00474872 0.162265 0.00379104 0.0161835 0.0106893 0.00378272,800,0,cuda,2.1,5.44
test,120,american_bulldog_28,american_bulldog,dog,wrong,german_shorthaired,kernel,14,0.547268,34,0.310168,0.474309,0.164141,0.03325,0.313814,0.0,,,,0.108732 -0.00380341 0.05795 0.0431378 0.0342333 -0.0212636 0.0135913 -0.0320728 0.0696724 -0.0328207 0.00437945 -0.0200683 0.00786553 0.0577275 0.0275275 0.0547814 0.0129961 0.0230703 0.00625106 -0.00623315 0.0194165 -0.0030098 0.0181917 -0.00350507 0.0240488 -0.00306477 0.00978345 0.00814052 0.00196082 0.0099636 0.0262781 -0.00158745 0.00409544 0.00098224,800,0,cuda,2.51,5.58
test,120,american_bulldog_28,american_bulldog,dog,wrong,german_shorthaired,partition,14,0.547268,34,0.310168,0.709488,0.39932,0.059613,0.106989,0.0,,,,0.014208 -0.00130485 0.0152698 -0.0104691 0.0465894 -0.00771792 0.00136313 0.0134319 0.128906 0.00426924 0.00263205 -0.000138054 0.0348496 0.0573065 0.0178051 0.1331 0.00505856 0.0268973 0.00485557 -0.00329416 0.00803108 0.00760339 -0.00901414 0.00739564 0.00525228 -0.000711861 0.00184435 0.00203362 0.00527573 0.00178544 0.00295645 7.35168e-05 1.39458e-05 0.00119018,800,0,cuda,2.09,5.58
test,1685,japanese_chin_194,japanese_chin,dog,correct,japanese_chin,kernel,17,0.500089,48,0.259686,0.689478,0.429793,0.018452,0.608076,0.0,,,,-0.00370555 0.00563924 0.0333193 -0.0291977 -0.0121363 -4.181e-05 0.00336472 0.00591013 -0.0158576 0.00691814 0.0184305 -0.00622626 0.0189982 -0.00602775 0.000778388 0.0143703 0.00647611 0.0507134 0.00859733 0.11793 0.120147 0.0473568 0.0419477 0.000340292 -0.0235438 0.012995 0.0938032 -0.0513216 0.0444999 0.08941 0.00107071 -0.00730201 0.0341484 -0.0222767 -0.0421912 0.0270676 -0.0023895 -0.00832703 -0.0284522 -0.00892864 0.00383296 -0.00933749 -0.023088 0.0210302 0.00836733 -0.0304594 -0.0322002 0.00234244,800,0,cuda,2.55,5.42
test,1685,japanese_chin_194,japanese_chin,dog,correct,japanese_chin,partition,17,0.500089,48,0.259686,0.752206,0.49252,0.016305,0.584423,0.0,,,,0.000628226 0.00151768 0.000142214 -0.000165622 -0.000102954 -0.00146349 -7.48178e-05 -0.000232553 -9.08045e-05 -3.66629e-05 0.00436326 0.00351881 0.00223609 -0.00341268 -0.00855417 0.000242428 -0.000111625 0.0054445 -0.000256607 0.0975828 0.137761 0.0017425 0.000565735 -0.00151525 -0.000553153 -0.00147217 0.155373 0.0113645 0.052705 0.0584584 -0.00164553 -0.00360769 0.0499915 -0.0031632 -0.00986129 -0.00446023 -0.00511548 -0.00501501 -0.00799691 -0.00550499 -0.00178484 -0.00338626 -0.0123273 -0.00713541 -0.0106931 -0.0052232 -0.0013216 -0.000559867,800,0,cuda,1.78,5.42
test,2636,Ragdoll_56,Ragdoll,cat,correct,Ragdoll,kernel,26,0.900027,33,0.47718,0.96989,0.49271,0.062002,0.660604,0.0,,,,0.00544753 0.00909793 -0.00529139 0.0118767 0.0754814 -0.011074 -0.0355029 0.0133632 -0.0065911 -0.0229634 0.0129365 0.16013 0.164764 0.00590664 0.024736 0.033811 0.137694 0.0070465 0.182035 0.0237458 0.0365748 -0.0119008 0.0223779 0.0411867 -0.0210801 -0.0103912 0.0135034 0.0544913 -0.0227592 0.0195929 0.0077995 -0.0203068 -0.0133031,800,0,cuda,2.44,5.58
test,2636,Ragdoll_56,Ragdoll,cat,correct,Ragdoll,partition,26,0.900027,33,0.47718,0.96989,0.49271,0.068715,0.671605,0.0,,,,-0.00469853 0.00195312 -0.0192514 0.0239429 0.0770743 -0.0218094 -0.00238403 0.00559204 -0.00178094 -0.0103894 -0.00224833 0.123141 0.0738101 0.00964925 -0.00141904 -0.000585253 0.176064 0.000637234 0.33005 0.0169791 0.070429 0.000716304 0.00105993 0.00845797 0.00665701 -0.00132335 0.0150889 0.0179698 -0.00282766 -0.0020267 -0.0104693 0.00343415 0.000941703,800,0,cuda,2.26,5.58
test,3667,yorkshire_terrier_99,yorkshire_terrier,dog,correct,yorkshire_terrier,kernel,36,0.38086,46,0.378548,0.940533,0.561986,0.011668,0.182174,0.0,,,,0.012852 -0.000998669 0.00531224 0.00074494 -0.0126147 0.00918247 0.00247086 -0.00737002 -0.00786572 0.0185553 0.0034401 0.0132644 0.0248729 0.0178167 -0.00505234 0.00708607 0.0205978 0.0348062 -0.0152282 0.0726816 0.0659012 0.0104581 -0.00267581 0.0032545 0.0119415 -0.00935466 0.0163147 0.0231892 0.0153897 0.00589187 -0.000139526 -0.0159318 0.0176832 0.00807532 -0.0122742 0.0136746 -0.00340613 0.00294999 -0.0127207 -0.0109518 0.0246601 0.000723716 0.0104549 -0.001784 0.000267749 -0.00545781,800,0,cuda,2.61,5.9
test,3667,yorkshire_terrier_99,yorkshire_terrier,dog,correct,yorkshire_terrier,partition,36,0.38086,46,0.378548,0.987792,0.609245,0.010806,0.207294,0.0,,,,-0.00161335 -0.00116892 -0.000162063 -0.0014946 -0.0128693 -0.00151457 -0.003016 -0.000129685 0.000863925 0.0147887 0.00070037 0.00979716 0.0615058 0.00135701 -0.000521667 -0.00173718 0.00358059 0.0403173 -8.12105e-05 0.0866092 0.0993451 0.00777466 0.000756437 0.0216995 -0.0062753 -0.00107749 0.0312622 0.00792905 0.0101329 0.002728 0.00210755 0.00549394 -0.00204643 -0.00283485 0.0011177 0.00460972 -0.00612155 -0.00323143 -0.00886012 -0.00271471 -0.00111958 -0.00286709 -0.000238797 -0.000463316 -0.000645047 -0.00098471,800,0,cuda,2.27,5.9
test,2380,Persian_9,Persian,cat,wrong,Birman,kernel,6,0.788669,27,0.941486,0.889677,-0.051809,0.383999,0.697001,0.0,,,,0.0400738 0.0173634 0.00143993 0.0851993 0.03835 0.0422601 0.0444091 -0.00291846 0.0198676 0.031778 0.0605675 0.0203325 -0.00707337 -0.0263458 0.0665758 -0.0189011 0.00673518 0.0652076 0.000901059 0.0120432 0.0489908 0.0852639 0.0690782 -0.0240274 0.0360776 0.0289133 0.0150029,800,0,cuda,2.54,5.49
test,2380,Persian_9,Persian,cat,wrong,Birman,partition,6,0.788669,27,0.941486,0.985786,0.0443,0.699226,0.592911,0.0,,,,0.0528577 0.0192591 0.0201952 0.0184236 0.0355392 0.0543386 0.0199795 0.0383009 0.0180441 0.0904058 0.0579654 0.013941 -0.0184637 0.0223824 -0.0149784 0.0582545 0.0315173 0.0165023 0.00315539 0.00458314 0.127334 0.0177337 0.0221842 0.0251093 0.0144072 0.00762969 0.000563065,800,0,cuda,2.11,5.49
test,2639,Ragdoll_59,Ragdoll,cat,correct,Ragdoll,kernel,26,0.984711,36,0.740374,0.994845,0.254471,0.055963,0.667945,0.0,,,,0.0145585 0.0353541 -0.00354481 -0.0214199 0.016996 0.0278253 0.00311251 0.0111447 0.0425038 0.0224814 0.042401 0.0703791 0.0234277 0.145121 0.0905585 0.0237197 -0.0169841 0.0133948 0.0757403 0.191672 0.00378501 -0.0162247 0.0957099 0.074316 -0.00191324 0.0155719 -0.018959 0.0283569 0.0145267 -0.00743436 0.00479253 -0.0136596 -0.00941158 -0.00156875 -0.0058459 -0.0033651,800,0,cuda,2.36,5.43
test,2639,Ragdoll_59,Ragdoll,cat,correct,Ragdoll,partition,26,0.984711,36,0.740374,0.993824,0.25345,0.104786,0.625224,0.0,,,,0.0141398 0.00629825 -0.00422099 -0.0030193 0.0125814 0.026283 -0.00543108 0.0154195 0.0473881 0.0270567 0.0121058 0.119592 0.0148578 0.214531 0.0444316 0.0042594 0.0152567 0.065053 0.0296123 0.12282 0.00301793 0.0211705 0.0513185 0.0303318 -0.00709685 0.00898239 0.00350049 0.000895517 0.000577501 0.0639328 0.00116809 -0.000694793 0.00203962 0.00244933 -0.000104024 0.00661428,800,0,cuda,2.18,5.43
test,193,american_bulldog_96,american_bulldog,dog,wrong,american_pit_bull_terrier,kernel,2,0.540362,32,0.607801,0.989322,0.381521,0.02043,0.518003,0.0,,,,0.0222603 -0.0168871 0.0345851 0.0431474 -0.0103347 0.0541076 0.12979 0.019254 -0.0136851 0.0453655 0.0085148 0.144512 -0.0494393 0.12473 -0.0388429 -0.0161612 0.0623693 0.00933923 -0.0237947 -0.0066178 -0.0178069 0.0120626 -0.0120092 -0.0146618 -0.00587916 0.00555873 0.00486584 0.0301301 0.0223345 -0.0199519 0.00790465 -0.00271536,800,0,cuda,2.16,5.07
test,193,american_bulldog_96,american_bulldog,dog,wrong,american_pit_bull_terrier,partition,2,0.540362,32,0.607801,0.959719,0.351919,0.020608,0.278784,0.0,,,,0.00179257 -0.00362297 0.000867701 -0.00414583 0.017763 0.00636526 0.0533653 0.0021972 0.00216903 0.0127364 0.00599237 0.146985 4.40705e-05 0.120588 -0.0103192 0.0139097 0.0859976 -1.38829e-05 -0.00783622 -7.99962e-05 -0.00635838 0.0169689 0.0201434 0.00438358 0.0238308 0.00690047 0.00134542 0.00377953 0.0064028 0.0011529 0.00749298 0.00124797,800,0,cuda,1.95,5.07
test,2283,Persian_224,Persian,cat,wrong,scottish_terrier,kernel,30,0.362595,39,0.308972,0.98434,0.675368,0.144772,0.370599,0.0,,,,0.00117692 0.018802 -0.0205675 -0.00508396 -0.0193447 0.00790094 -0.0111795 -0.0202232 0.00746226 -0.015058 0.0172753 -0.0142371 -0.0183468 0.050979 0.00210542 -0.000945645 -0.00548645 -0.011353 0.000339537 0.0388898 -0.010201 0.0773827 0.0671135 0.022751 -0.00478506 0.0487121 0.0606858 -0.000769017 0.0506436 0.0242249 0.00359612 -0.0126658 0.00118714 -0.00100509 0.0102263 -0.0308617 0.0186153 0.0267205 -6.68622e-05,800,0,cuda,2.91,6.0
test,2283,Persian_224,Persian,cat,wrong,scottish_terrier,partition,30,0.362595,39,0.308972,0.971572,0.662599,0.124306,0.350943,0.0,,,,0.000631076 0.000378348 -0.000319427 0.0021406 -0.00134348 0.000653117 0.000887133 0.000805347 0.00510655 0.00827617 0.0228087 0.0120026 -0.00369801 0.0296609 0.00428239 0.00103593 0.0121194 0.00328098 0.0467468 0.00795639 -0.00315977 0.0483462 0.0245989 0.00787038 0.000416349 0.00938963 0.0422336 -0.00353221 0.0341034 0.0151776 0.0119656 0.000590296 0.0002852 0.000362053 0.0118498 0.00151188 -0.000386413 -0.000655484 0.000231285,800,0,cuda,2.16,6.0
test,181,american_bulldog_84,american_bulldog,dog,correct,american_bulldog,kernel,1,0.912253,36,0.492447,0.990396,0.497949,0.043494,0.819955,0.0,,,,0.0464272 0.0424344 0.0286663 -0.00322896 0.0266282 -0.0104309 0.00182631 -0.0110014 0.0564527 -0.0105562 -0.0214876 0.0934635 -0.0725869 0.0241068 0.0317735 0.0870184 0.0101564 0.16791 0.054209 0.00243707 0.129724 0.00104327 0.0910846 -0.00513694 0.0410171 0.00494059 -0.0183401 0.0621587 0.000439405 -0.00590657 -0.0176788 -0.00838359 0.0156046 0.0198951 0.00670035 -0.0064013,800,0,cuda,2.43,5.66
test,181,american_bulldog_84,american_bulldog,dog,correct,american_bulldog,partition,1,0.912253,36,0.492447,0.993308,0.500861,0.177062,0.804031,0.0,,,,0.0836765 0.0415957 0.0354602 0.00482219 0.053069 -0.00644118 0.00962615 0.00119441 0.0743521 -0.00263146 -0.0730148 0.0259744 0.0437395 -0.00443551 -0.00846082 0.136951 0.0218847 0.193567 0.0384942 0.00304577 0.0703687 -0.00306603 0.030703 -0.000195882 0.0617641 -0.00229411 -1.55254e-05 0.0633009 -0.0107147 -0.00116565 -0.0116395 -0.00100253 0.00910847 -0.00810845 0.00069876 -0.0152323,800,0,cuda,2.38,5.66
test,3295,Sphynx_236,Sphynx,cat,correct,Sphynx,kernel,33,0.820633,33,0.501216,0.856394,0.355178,0.383662,0.895586,0.0,,,,0.020753 0.0113288 0.0369013 -0.0135519 0.00794651 0.145453 0.0475069 0.0145726 0.0414012 0.0361296 0.183723 -0.0064452 0.0746616 -0.0149926 -0.000913041 0.046566 0.0109322 0.0567115 0.00846451 0.170235 0.0166759 -0.00926935 -0.0345549 -0.0297299 -0.0117095 -0.0119862 -0.00408646 -0.0028891 0.00880076 -0.0114598 -0.00243804 0.00536708 -0.00215087,800,0,cuda,2.63,6.03
test,3295,Sphynx_236,Sphynx,cat,correct,Sphynx,partition,33,0.820633,33,0.501216,0.850103,0.348887,0.373906,0.819697,0.0,,,,0.00921294 0.0021556 0.00286617 0.00157132 0.0142276 0.0280045 0.000751953 0.0408971 0.0417187 0.0545755 0.199182 0.00261846 0.0249202 0.00863635 0.0247253 0.0147787 0.0464021 0.0615903 0.0763995 0.128607 0.0129058 -0.00270899 -0.00204436 0.00402202 0.0136469 -0.013168 0.00861095 -0.0158692 -0.0076681 0.00721891 0.00454222 -0.00225495 -0.00312097,800,0,cuda,2.42,6.03
test,389,basset_hound_92,basset_hound,dog,correct,basset_hound,kernel,3,0.997371,42,0.49994,0.866563,0.366623,0.259264,0.756506,0.0,,,,-0.00297911 -0.014716 0.0159846 0.0107363 0.0140188 0.0592705 0.0403633 0.042544 -0.0168428 0.0843939 0.0122865 0.00696694 -0.0331337 -0.0124802 0.124417 -0.0072702 0.015548 0.116667 0.227191 0.00693184 0.0142355 -0.00205807 -0.00842932 -0.0422222 0.0420062 0.094337 -0.0228564 0.00449987 -0.00170179 0.0303527 0.0159184 -0.0296707 0.0167428 0.0359367 0.0272365 0.00978217 0.0044872 0.0171206 0.0396203 0.00556671 0.016124 0.0159439,800,0,cuda,2.21,5.54
test,389,basset_hound_92,basset_hound,dog,correct,basset_hound,partition,3,0.997371,42,0.49994,0.868302,0.368362,0.296267,0.76873,0.0,,,,0.0308903 0.0154172 0.00813778 0.00498441 0.0121858 0.00120978 0.00442897 0.0349505 0.0210065 0.0770917 0.00698702 0.0449019 0.0167583 0.0265624 0.111559 0.0138476 0.0514186 0.130974 0.0983647 0.0429639 0.00688874 0.00866708 -0.00559705 0.0565436 0.0239809 0.03752 -0.0185836 0.0311989 -0.00919595 -0.0189302 0.0114235 0.00559251 -7.15798e-05 0.00509721 0.00982263 0.0110429 0.00160127 0.0128625 0.0118121 0.00519955 0.0136778 0.0176774,800,0,cuda,2.19,5.54
test,968,British_Shorthair_85,British_Shorthair,cat,wrong,Siamese,kernel,32,0.285682,43,0.615414,0.796301,0.180887,0.016183,0.335434,0.0,,,,0.038769 0.000797521 -0.00797465 0.0090053 0.0314428 -0.0101134 0.00220241 -0.0670196 -0.0146259 0.00970582 -0.0522525 -0.00852604 -0.00941189 0.00370838 -0.0672903 -0.00245707 0.0218714 0.00690374 0.00553426 -0.00498915 -0.00569283 0.0107771 -0.00907787 0.072017 0.00792895 0.0459816 0.016258 0.0524864 0.0278923 0.0626483 0.0172358 0.00466783 -1.03925e-05 0.0246099 -0.00831238 0.0102965 0.0240661 -0.00256276 0.0220939 -0.0306766 0.0199772 0.00829615 0.0147325,800,0,cuda,2.33,5.73
test,968,British_Shorthair_85,British_Shorthair,cat,wrong,Siamese,partition,32,0.285682,43,0.615414,0.992594,0.377181,0.060059,0.080798,0.0,,,,0.00841449 0.00531351 0.000476932 -0.000254961 -0.0112983 0.0109415 0.00304393 0.0746378 -0.00692224 0.00793625 -0.0108784 0.0164095 0.00147287 0.00155092 -0.0348753 0.0192803 0.0140288 -0.0152329 0.0103133 0.00281734 -0.00878472 -0.000728963 -0.000591894 0.0572705 -0.000744085 0.025409 0.000597108 0.0198804 0.0137434 0.0164275 0.000368196 0.00564615 0.00176452 0.0235411 -0.00072666 0.00102151 0.0106051 -0.000473532 0.00280738 -0.00301747 0.00826709 0.000410366 0.00104594,800,0,cuda,2.36,5.73
test,3005,scottish_terrier_32,scottish_terrier,dog,correct,scottish_terrier,kernel,30,0.998558,33,0.399334,0.904748,0.505414,0.214919,0.89228,0.0,,,,0.0474968 0.0175308 0.00371208 0.0422193 0.0292207 0.0452924 0.125562 0.0537476 0.0271365 -0.0034413 0.129658 0.0504606 0.0565785 0.0356566 -0.0264524 0.0108084 0.0183849 0.00837264 0.041429 0.0100387 0.0311744 -0.00741513 -0.00970553 -0.0287077 0.0559055 0.197004 0.00310055 -0.00673887 0.0189811 -0.0146374 -0.00436537 0.0119973 0.0205685,800,0,cuda,1.97,5.2
test,3005,scottish_terrier_32,scottish_terrier,dog,correct,scottish_terrier,partition,30,0.998558,33,0.399334,0.98484,0.585505,0.331122,0.898811,0.0,,,,0.0393453 0.00737541 0.0018937 0.0366636 0.0151173 0.0701779 0.11205 0.16347 0.00901608 0.0409846 0.128437 0.0920667 0.128272 0.00517913 -0.00463946 0.0367553 0.00564871 0.00164004 0.00497538 -0.000277573 0.00749449 0.00318203 0.000851149 0.0219213 0.00626084 0.0120066 0.00194707 0.00401435 0.00900025 0.00540647 0.0190673 0.00265274 0.00261729,800,0,cuda,2.46,5.2
test,1545,great_pyrenees_67,great_pyrenees,dog,correct,great_pyrenees,kernel,15,0.980019,33,0.471162,0.789958,0.318796,0.049841,0.820243,0.0,,,,-0.00119561 0.274992 0.000375864 0.0124705 -0.0190098 0.0129183 0.345516 -0.00612615 0.302522 0.0237573 -0.0210917 0.00314617 -0.006103 0.0423011 -0.0114907 -0.028342 0.00168342 0.0207612 0.00774541 -0.00368602 -0.000378456 0.0105833 -0.0177324 0.00509415 -0.00572706 -0.0112716 0.00374552 0.00348655 0.00624476 0.00581537 0.000356833 0.015995 0.00716905,800,0,cuda,2.21,5.29
test,1545,great_pyrenees_67,great_pyrenees,dog,correct,great_pyrenees,partition,15,0.980019,33,0.471162,0.732483,0.261321,0.051317,0.835003,0.0,,,,0.0232927 0.16265 0.00262094 0.00220563 0.00317056 0.00942116 0.379711 0.000484352 0.322902 0.00900897 0.00245223 0.000567551 0.000319261 0.0523052 -0.00101556 0.00695779 -0.00140318 0.00114022 -0.00183179 -0.000978518 -0.000283867 0.0023774 -0.000188764 -0.000451212 -0.00184948 -0.000185057 -0.000149683 1.20711e-05 -0.000635632 -0.000846503 0.00104489 0.00174489 -4.44314e-05,800,0,cuda,2.21,5.29
test,669,Birman_74,Birman,cat,correct,Birman,kernel,6,0.958236,37,0.881079,0.996009,0.11493,0.140901,0.825057,0.0,,,,0.038068 0.00550497 0.0132204 0.0385504 0.0232683 -0.0112308 -0.0250792 0.0804136 0.0184331 0.0175616 0.0210683 0.0563199 -0.00825916 0.0161017 0.220034 0.0461552 -0.0733164 0.0090894 0.0116179 0.024638 0.048772 -0.0392401 -0.0259251 0.0383458 0.0409984 0.0249016 0.119766 0.00623419 0.0345423 -0.00087847 0.0346278 0.0244368 0.0486876 0.0217643 0.0147933 -0.00214488 0.01489,800,0,cuda,2.17,5.74
test,669,Birman_74,Birman,cat,correct,Birman,partition,6,0.958236,37,0.881079,0.991887,0.110808,0.501957,0.791063,0.0,,,,0.0099252 0.000804678 0.0150074 0.0275704 0.061349 0.00570031 0.0141199 0.0637877 0.0309348 0.0391583 0.0168547 0.0280633 0.0133236 0.0185039 0.120494 0.00676638 0.0535105 0.0198417 -0.00245973 0.0303234 0.00759199 0.0264292 0.0620496 0.0144447 0.00486387 0.0133688 0.0694029 0.039403 0.0249278 0.000587097 0.00827896 0.0130374 0.0117001 0.00852557 0.0275156 0.00505634 0.0159684,800,0,cuda,2.64,5.74
test,3081,shiba_inu_200,shiba_inu,dog,correct,shiba_inu,kernel,31,0.999561,44,0.472875,0.968437,0.495561,0.39816,0.962617,0.0,,,,-0.0228676 -0.0245455 0.0156559 -0.0211103 0.0285592 0.0160367 -0.00156558 0.00108562 -0.0275803 -0.0169567 0.0424303 0.0115084 0.00720639 0.289268 -0.00561901 0.0362061 0.0462564 0.181509 0.0427136 -0.00503278 0.0148036 0.0251154 0.000640154 -0.0421319 0.0164282 0.168372 0.0214478 0.0122349 -0.00456835 0.00660383 -0.00719614 0.074194 -0.0145272 -0.0003138 0.019204 0.00207447 -0.00108092 0.00435999 0.0166818 0.013758 0.00903431 0.019264 0.00477181 0.0109866,800,0,cuda,2.18,5.66
test,3081,shiba_inu_200,shiba_inu,dog,correct,shiba_inu,partition,31,0.999561,44,0.472875,0.98039,0.507514,0.303971,0.921322,0.0,,,,-0.000629779 0.00716708 0.00430862 0.00650211 0.0182012 0.000513357 0.0257051 0.000837455 0.0834943 0.00303589 0.0264192 0.0184661 0.00377742 0.149641 0.0204145 0.0108212 0.0654485 0.0567992 0.00227266 0.000627459 0.0114109 0.0305246 0.00743706 0.00297388 0.0305022 0.0748657 0.0619007 0.0589018 0.00351301 0.00116896 0.00234168 0.0332246 -4.52198e-05 0.00983094 0.0496232 0.0107312 0.000888434 0.0283242 0.00281915 0.0156558 0.0146795 0.00133008 0.00266401 0.00422486,800,0,cuda,2.47,5.66
test,3530,wheaten_terrier_65,wheaten_terrier,dog,correct,wheaten_terrier,kernel,35,0.997812,43,0.154815,0.656548,0.501733,0.130387,0.96259,0.0,,,,0.00474951 -0.00863193 0.0146863 0.0019523 -0.00991422 0.0314923 -0.00805866 -0.00386373 0.0156367 0.00752304 0.0234706 0.00523554 -0.0060662 -0.000916595 0.00719971 -6.25469e-05 0.00862134 0.084542 0.00612869 0.00444686 -0.0231902 9.97503e-06 -0.00354545 0.497929 0.172741 0.00138923 -0.00784682 -0.00323379 0.0990285 0.0184512 0.0181804 -0.000185765 0.00276102 -0.00533216 0.00158341 0.00452383 -0.00433148 0.018417 -0.00376175 0.00619366 -0.00427864 0.0085575 0.00464439,800,0,cuda,2.74,6.29
test,3530,wheaten_terrier_65,wheaten_terrier,dog,correct,wheaten_terrier,partition,35,0.997812,43,0.154815,0.762456,0.607641,0.135062,0.96249,0.0,,,,0.00490402 0.00142685 0.0149409 0.00182586 0.00306254 0.00960749 0.00184997 0.00191009 0.00230394 0.00533191 0.00373151 0.0116517 0.0104559 0.00721251 -0.00266562 -0.000746494 0.02953 0.119366 0.0288617 0.107018 0.0376517 0.0279279 -0.000211523 0.308476 0.133971 -0.00206533 0.0254164 -0.000156823 0.047115 0.00762685 0.0132562 -0.000892829 -0.00137985 -0.000324687 0.00655137 0.0138631 0.000549457 -0.00210127 -0.000196563 -0.00147101 0.00316935 -0.0011718 -0.000305864,800,0,cuda,2.46,6.29
test,1365,english_setter_85,english_setter,dog,correct,english_setter,kernel,13,0.618664,37,0.246293,0.681615,0.435322,0.046834,0.552473,0.0,,,,-0.00489192 -0.00126558 -0.00789728 0.0119179 0.00839505 -0.0171493 0.013274 0.0345857 0.0373517 -0.0133311 0.0543523 -0.00377535 0.0577413 0.095228 -0.00175509 0.0279931 -0.015564 -0.0161012 0.123407 0.161633 -0.0251554 -0.000142425 -0.015627 0.0395214 0.0271042 0.0234496 0.00639743 0.0424208 0.000183858 -0.0144988 0.0107605 -0.00525673 -0.0176915 0.0243597 -0.0137114 -0.0463655 0.0155277,800,0,cuda,1.79,5.32
test,1365,english_setter_85,english_setter,dog,correct,english_setter,partition,13,0.618664,37,0.246293,0.655842,0.409549,0.04697,0.479065,0.0,,,,-0.00643624 0.0008547 -0.00381089 0.00057036 -0.00147977 -0.00532185 -0.00276058 0.0186969 0.0221887 -0.00320455 0.00433817 0.00190651 0.0362484 0.059441 0.00467115 0.00886801 -0.00259446 -0.00186897 0.0980893 0.359145 -0.00188799 0.000789727 -0.00304502 0.00619987 0.0106645 -0.00156725 -0.00249303 0.00778097 -0.0020163 -0.00162587 0.000577894 -0.00079367 -0.00533302 -0.000891539 0.000186782 8.40772e-05 0.0012536,800,0,cuda,2.6,5.32
test,1394,german_shorthaired_20,german_shorthaired,dog,correct,german_shorthaired,kernel,14,0.999349,33,0.384925,0.839969,0.455044,0.141258,0.838077,0.0,,,,0.0423811 0.0104525 0.0140794 -0.0117177 0.138261 0.224 0.137396 0.0150971 0.0250111 -0.00743772 0.0704003 0.0980122 0.0291514 -0.00588831 9.02187e-05 0.0436312 0.0978792 0.00952592 0.0269956 -0.0161797 0.0539491 0.0113054 -0.0363535 -0.0455446 0.0312921 0.0503539 -0.0088244 -0.039187 0.0206023 -0.00122381 0.00799432 0.0103955 -0.0264715,800,0,cuda,1.95,5.52
test,1394,german_shorthaired_20,german_shorthaired,dog,correct,german_shorthaired,partition,14,0.999349,33,0.384925,0.807268,0.422343,0.147973,0.863477,0.0,,,,-0.000291253 0.0670695 -0.000559544 0.00468383 0.030766 0.230164 0.15334 0.0192363 0.000238437 0.0152184 0.182241 0.17884 0.00378537 -0.000796687 0.027779 0.0248476 0.0343802 -0.000659247 0.000344086 0.00233332 0.000475162 0.000956359 0.0011783 0.000810201 0.000591403 0.00156101 0.000762868 -0.00834563 0.00300503 0.00140889 0.00111685 -0.00700707 -4.50465e-05,800,0,cuda,2.65,5.52
test,331,basset_hound_3,basset_hound,dog,correct,basset_hound,kernel,3,0.999063,43,0.446927,0.668097,0.22117,0.277471,0.814128,0.0,,,,0.0081796 -0.00662456 0.015214 0.0149828 0.0537648 0.0990185 0.0680419 0.00532321 -0.00298108 0.126061 0.00783741 0.0152872 0.0137671 0.000529796 0.063086 0.0153086 -0.0315325 -0.0186926 0.0855447 0.00980929 0.0215885 0.00721993 0.00102586 0.017028 0.0583292 0.00658328 -0.0599472 0.0473963 0.0488444 0.0301271 0.0286206 0.037279 0.0120194 0.0701741 -0.0353209 0.0274662 0.00783084 0.047094 0.00685168 0.0322217 -0.00189321 0.0197035 0.00239493,800,0,cuda,2.01,5.49
test,331,basset_hound_3,basset_hound,dog,correct,basset_hound,partition,3,0.999063,43,0.446927,0.987663,0.540736,0.369342,0.873651,0.0,,,,0.000544289 0.00627944 0.00106309 0.000648134 0.0487624 0.0468727 0.0361215 0.00386226 0.00110153 0.203193 0.00305413 0.00578342 0.0147485 0.0177703 0.1085 0.0127503 -0.00342183 0.0130618 0.0967799 0.0442848 0.0480035 0.0477338 0.00975808 0.00403462 0.00410366 0.0197182 0.00659715 0.00276699 0.0385806 0.00355273 0.00778901 0.00380688 0.00418487 0.00747401 0.00092436 0.00372903 0.010212 0.0159836 0.0124972 0.00801984 0.00725875 0.0214447 0.0246297,800,0,cuda,2.52,5.49
test,614,Birman_24,Birman,cat,correct,Birman,kernel,6,0.964037,37,0.314832,0.696308,0.381476,0.217097,0.928072,0.0,,,,0.02109 0.118125 0.010115 0.0279911 -0.00777648 0.0101988 0.0298274 0.026993 -0.0184763 0.0332368 0.157709 -0.00330618 0.0573434 -0.0112958 0.041086 0.068928 0.151781 0.0113944 0.00109093 0.0213111 0.122376 -0.0192148 0.00375062 0.0518513 -0.0342813 0.00593165 3.80445e-05 0.0250917 -0.0160311 0.0228276 -0.012696 0.0091017 -0.00568069 -0.00865242 0.0134841 0.037937 -0.0106683,800,0,cuda,1.92,5.11
test,614,Birman_24,Birman,cat,correct,Birman,partition,6,0.964037,37,0.314832,0.418813,0.103981,0.282532,0.929765,0.0,,,,0.000601997 0.152441 0.0605945 0.0157867 0.00245623 0.00937879 0.00174691 0.11378 0.00843542 0.0231787 0.204997 0.00541454 0.0945921 0.000124339 0.0102131 0.0140009 0.159014 0.0390682 -0.00550851 0.0173632 0.00892027 0.00306751 -0.00305123 0.0172329 0.005332 -0.00262803 -0.00382355 -0.0106339 -0.00342042 -0.00813466 -0.0010651 0.0017937 -0.00158351 -0.00317033 0.00524487 -0.00148178 0.00225432,800,0,cuda,2.35,5.11
test,1286,english_setter_195,english_setter,dog,wrong,saint_bernard,kernel,28,0.48074,36,0.50568,0.550906,0.045226,0.021918,0.747759,0.0,,,,-0.00608157 0.00577614 0.155625 0.00769102 0.119639 0.0354318 0.0766565 -0.00503902 0.0153119 0.0139106 0.00505629 0.1403 -0.0783155 -0.0472996 0.0794198 0.00239897 -0.0381736 0.0571207 -0.0286088 -0.0808846 0.0193565 -0.00111339 -0.0127143 -0.0237831 -0.000839092 0.0279009 0.00298705 -0.000906036 0.0174691 0.0269041 0.00558643 -0.00770257 -0.0158098 -0.00704077 0.00786711 0.00367544,800,0,cuda,2.2,5.7
test,1286,english_setter_195,english_setter,dog,wrong,saint_bernard,partition,28,0.48074,36,0.50568,0.510825,0.005145,0.032061,0.713996,0.0,,,,0.00278772 0.00266691 0.198571 0.00408226 0.209089 -0.00654971 0.122304 0.000793643 -0.0081239 -0.000904559 0.00170222 0.165867 -0.00663594 -0.0435293 0.00766269 -0.0251245 -0.0117457 0.000711892 -0.0660667 -0.070441 0.00524794 -0.00689591 -0.0253551 -0.0124159 -0.00815349 0.00724846 0.00592444 0.00053957 0.00577472 0.000100998 0.0112825 0.00095659 0.00547758 0.00323222 0.000429018 0.00126204,800,0,cuda,2.52,5.7
test,266,american_pit_bull_terrier_6,american_pit_bull_terrier,dog,wrong,boxer,kernel,8,0.307514,41,0.225785,0.73772,0.511935,0.043348,0.445512,0.0,,,,-0.00120606 0.0225118 0.0498373 -0.000252896 0.00721339 -0.00160506 0.041047 -0.00472193 0.014232 -0.0141113 -0.0271599 -0.000329502 -0.000805385 -0.00952969 0.056374 -0.055007 0.00729173 -0.0472826 0.0480586 -0.00838346 0.0327784 0.00523149 0.022005 0.0264289 -0.00202393 0.0341915 0.0450384 0.0316707 -0.00571426 0.0235258 -0.00863522 0.00890869 0.00275226 0.00203749 -0.00275617 0.00926839 -0.00187331 -0.00323488 0.0131425 -0.00364357 -0.00802412,800,0,cuda,2.18,5.55
test,266,american_pit_bull_terrier_6,american_pit_bull_terrier,dog,wrong,boxer,partition,8,0.307514,41,0.225785,0.455315,0.229529,0.099655,0.330831,0.0,,,,0.00412968 0.00641991 0.0187281 0.0054629 0.0191816 0.000282715 0.00283916 0.000190972 0.00136114 0.00614415 -0.0134743 0.000251743 0.00470396 0.0117855 0.0179711 -0.00338268 0.00241678 0.013991 0.0158517 0.000709378 0.0150467 0.000531999 0.00521718 0.0136508 0.00174351 0.0420868 0.0404215 0.00867459 0.000384483 0.000279126 0.00148354 0.00059189 0.00140027 0.00305917 0.0011406 0.0193398 0.00274734 0.000823009 0.0208454 0.00184554 0.000367149,800,0,cuda,2.4,5.55
test,1932,leonberger_56,leonberger,dog,correct,leonberger,kernel,19,0.983688,39,0.357023,0.775061,0.418038,0.084252,0.777806,0.0,,,,-0.00209728 0.0108191 0.0115301 0.0754077 0.0045935 0.00655763 -0.0191217 -0.00482431 -0.0142682 -0.0253029 0.00146672 0.00256863 -0.0284101 0.261046 0.0261806 0.0138265 0.015461 0.0899212 0.0767247 0.0551997 0.0405439 0.0193886 0.170497 0.00395114 -0.031588 0.0296273 0.00891318 0.0652065 0.0292688 0.00871542 -0.013842 0.0202001 -0.00212193 0.0062735 -0.0208816 0.0272872 0.00715975 0.0579529 -0.00357702,800,0,cuda,2.11,5.49
test,1932,leonberger_56,leonberger,dog,correct,leonberger,partition,19,0.983688,39,0.357023,0.775061,0.418038,0.052511,0.736451,0.0,,,,-0.00031916 0.0425341 -0.001426 0.0497726 0.000661521 7.0018e-05 -0.00105602 0.000574846 0.0431799 0.0147496 0.00764016 0.00585952 0.0272928 0.242959 0.00447401 0.00358403 0.016865 0.0469654 0.164021 0.00904539 0.00780975 0.0121045 0.150055 0.00485178 0.0108195 0.00203077 0.00323405 0.0467397 0.0168725 -0.00417357 0.00213087 0.00428897 0.0120814 0.00514098 0.0057753 0.00340454 0.00220863 0.0122573 0.00517319,800,0,cuda,2.36,5.49
test,2199,newfoundland_26,newfoundland,dog,correct,newfoundland,kernel,22,0.94793,41,0.204161,0.375136,0.170975,0.025016,0.47684,0.0,,,,-0.00797228 0.0029807 0.043148 -0.0204437 -0.00400463 -0.0240794 0.0053163 0.0338987 0.00401601 0.0123267 -0.00416298 -0.0281218 -0.00119495 -0.0136529 0.0161919 0.108955 0.000662844 -0.00550092 -0.0103392 0.0452815 0.0559131 0.208008 0.243872 0.106139 -0.0157223 0.0160733 -0.00267627 0.0976042 -0.0368187 0.0833599 -0.0299526 -0.000728186 -0.0401842 0.0103933 -0.000320028 0.0190664 0.00592687 -0.0665325 0.0071479 0.0410049 0.0872712,800,0,cuda,1.96,5.23
test,2199,newfoundland_26,newfoundland,dog,correct,newfoundland,partition,22,0.94793,41,0.204161,0.377021,0.17286,0.026578,0.69286,0.0,,,,0.00265482 0.00147419 0.000535007 0.00101158 0.00127855 0.00295183 0.000318013 0.00127228 0.00926871 0.000610016 0.00945325 -0.00244308 -9.51143e-05 0.0290066 0.00452915 0.0480142 -0.000405226 0.0245928 0.00667791 -0.000839201 0.0409357 0.183232 0.349936 0.0847202 0.000631783 0.00577849 0.000694522 0.0322844 0.00693695 0.0359535 -0.000158902 0.00256205 0.00655512 0.00494803 -0.000482207 -0.0010614 0.00805626 -0.00143082 -0.00117081 0.00170515 0.0416575,800,0,cuda,2.26,5.23
test,2593,Ragdoll_245,Ragdoll,cat,wrong,Birman,kernel,6,0.911393,33,0.768595,0.933309,0.164714,0.124835,0.780533,0.0,,,,-0.0433597 0.0200526 -0.024407 -0.0180197 0.0756237 0.00329283 -0.0289454 0.00149369 0.0210608 -0.0471594 0.117626 0.00379013 0.0727544 0.129484 0.258839 0.00605673 0.0478033 0.0235665 0.0849125 -0.0710235 -0.0555841 0.0827647 0.0711434 0.0293615 -0.0243838 -0.00136436 0.0105211 0.0605706 0.0290372 0.0299811 -0.0202724 0.0158468 0.0188241,800,0,cuda,2.18,5.03
test,2593,Ragdoll_245,Ragdoll,cat,wrong,Birman,partition,6,0.911393,33,0.768595,0.93469,0.166095,0.247453,0.568171,0.0,,,,-0.0180465 -0.00482393 -0.0111618 -0.0167858 -0.0195334 0.0131317 0.0100044 -0.00497354 0.0338834 0.00170191 0.0297469 -0.00319573 0.04258 0.0113762 0.0863398 0.00985868 0.0993578 0.00618247 0.0469993 0.0108784 0.0453382 0.0434484 0.126581 0.035554 0.0144049 0.0856604 0.00963797 0.0169224 0.0168028 0.0452716 0.00953692 0.0891661 0.0180437,800,0,cuda,2.06,5.03
test,1807,keeshond_32,keeshond,dog,correct,keeshond,kernel,18,0.927384,35,0.993921,0.996623,0.002701,0.065113,0.242098,0.0,,,,0.0437455 -0.0180974 -0.0104272 -0.00718348 0.0486429 0.0330289 0.0340429 0.0470923 -0.0232459 0.123687 -0.0177587 0.0292401 0.000899263 0.0305113 0.110364 0.123598 0.0924768 -0.0228996 0.0181162 0.0305963 0.138202 0.0189661 0.0596001 -0.00565165 0.043942 0.0123058 -0.00315469 0.012155 -0.0357588 0.020902 -0.0167781 0.0031946 0.0109812 0.012142 -0.0219576,800,0,cuda,2.34,5.23
test,1807,keeshond_32,keeshond,dog,correct,keeshond,partition,18,0.927384,35,0.993921,0.999025,0.005104,0.068701,0.38719,0.0,,,,-0.00392674 0.00245388 0.00852637 -0.000611725 -0.00232505 0.0216339 0.0452044 -0.0116344 0.0290645 0.0815506 0.00183986 0.00682095 -0.00245183 -0.00188375 0.0267252 0.194699 0.0208156 -0.00696644 0.0432233 0.00184588 0.220714 0.00166425 0.0634098 0.0262372 0.025648 0.00261164 0.0259834 0.0139943 0.00606644 0.0132889 0.0132458 0.0252221 0.00351339 0.014631 0.00468646,800,0,cuda,2.05,5.23
test,225,american_pit_bull_terrier_30,american_pit_bull_terrier,dog,wrong,german_shorthaired,kernel,14,0.744588,34,0.322066,0.527738,0.205671,0.076808,0.581568,0.0,,,,0.0146023 0.0538652 0.00487007 -0.0110688 0.280577 -0.0106375 0.0148764 -0.00166034 0.00871543 0.0886428 -0.0465088 -0.0185031 -0.0126182 -0.0100427 0.00348849 0.0891556 -0.00717803 -0.00472068 0.024537 -0.00722755 0.0122168 0.0154501 0.175339 0.000739374 0.0293542 -0.00594307 0.0127483 -0.00319911 0.0245811 0.00783399 -0.0014236 0.00258426 -0.0100223 0.00124372,800,0,cuda,2.32,5.26
test,225,american_pit_bull_terrier_30,american_pit_bull_terrier,dog,wrong,german_shorthaired,partition,14,0.744588,34,0.322066,0.583264,0.261197,0.08217,0.659104,0.0,,,,-0.00255362 -0.00874781 0.000504185 -0.00677281 0.348642 -0.00752511 0.00175635 0.0129279 0.0771637 0.0305905 -0.0138279 0.0283827 -0.000404137 0.00199454 0.000287883 0.1831 0.00574117 0.0112137 0.00548789 0.00872419 -0.0348448 0.00463392 0.11327 0.00577065 0.0100468 -0.00654422 -0.00288552 -0.00101113 -0.00532602 -0.010406 -0.00854175 -0.0104051 -0.0150342 -0.000741306,800,0,cuda,2.07,5.26
test,105,american_bulldog_212,american_bulldog,dog,correct,american_bulldog,kernel,1,0.992762,35,0.82091,0.98645,0.165539,0.183218,0.696971,0.0,,,,-0.00919929 0.0405172 0.0346766 0.0242583 -0.015396 -0.00762065 0.104167 -0.00314538 0.0224198 0.0138546 0.0610389 0.145075 -0.0573235 0.0225197 0.0113685 0.0146389 0.0527337 0.00366677 -0.0169014 -0.00716344 0.0833667 -0.00470832 0.0414241 -0.02626 0.0323755 0.141755 0.0485707 0.0020261 0.0654186 0.030147 0.0244535 0.000212865 0.0278018 0.0248578 0.00986105,800,0,cuda,2.69,5.71
test,105,american_bulldog_212,american_bulldog,dog,correct,american_bulldog,partition,1,0.992762,35,0.82091,0.922394,0.101484,0.221757,0.689115,0.0,,,,0.0170366 0.0343771 0.0553999 0.040993 0.0194199 0.0158813 0.0761221 0.00385858 0.0219298 0.0118254 0.0143634 0.120493 -0.000490506 0.0077445 0.000134 0.00333135 0.016284 0.0186823 0.00429663 -0.00610974 0.0400669 0.00897088 0.0291148 -0.00564757 0.0265823 0.146224 0.0414451 -0.00268325 0.0173241 0.039182 0.0412069 -0.00100855 0.00498531 0.0712935 0.00285794,800,0,cuda,2.16,5.71
test,2413,pomeranian_39,pomeranian,dog,correct,pomeranian,kernel,24,0.787997,35,0.466877,0.925205,0.458329,0.013593,0.615831,0.0,,,,0.0108015 -0.01024 0.00433487 0.0304871 0.0159317 -0.00717767 -0.0125652 0.044528 -0.0109783 -0.000166968 -0.0287372 0.0353302 0.0699038 0.094889 -0.00504537 0.142796 0.0396334 0.134138 0.128311 0.0335539 0.120725 0.00508952 0.00890559 -0.0281677 -0.0122515 -0.0101306 0.00977882 -0.0171122 -0.00997142 0.00788137 -0.0181254 -0.000210345 0.020538 0.0021295 -0.00858894,800,0,cuda,2.13,4.9
test,2413,pomeranian_39,pomeranian,dog,correct,pomeranian,partition,24,0.787997,35,0.466877,0.793691,0.326814,0.01946,0.461292,0.0,,,,0.0013505 -0.000129408 -0.000669547 0.0377885 -0.00650746 0.0128388 -0.000880878 0.108999 -0.00436804 -0.000811643 -0.00263066 0.0165175 0.0596426 0.103381 -0.00217559 0.122427 -0.00166533 0.0939334 0.0583688 -0.0043884 0.166327 0.0450732 -0.00559443 0.0175627 -0.0238014 -0.0269985 0.0115192 -0.0153493 0.0005909 0.0103474 0.00131346 0.00265543 0.00620582 0.00260328 -0.00325541,800,0,cuda,1.94,4.9
test,1508,great_pyrenees_33,great_pyrenees,dog,correct,great_pyrenees,kernel,15,0.728718,31,0.423689,0.653891,0.230202,0.028524,0.68439,0.0,,,,0.0547725 -0.000759149 0.0175598 0.0985285 0.0276985 -0.00354188 0.115367 0.152902 0.0628499 -0.00252835 -0.00354697 0.182473 -0.0391718 0.0207621 0.0232029 0.0203939 0.014053 -0.0119039 0.0362297 0.00255993 0.0258258 0.0179963 0.00793599 -0.00432285 -0.0131596 -0.0207055 -0.0124234 -0.0151299 -0.0104873 -0.00936878 -0.0108368,800,0,cuda,2.38,5.19
test,1508,great_pyrenees_33,great_pyrenees,dog,correct,great_pyrenees,partition,15,0.728718,31,0.423689,0.628905,0.205216,0.028761,0.380611,0.0,,,,0.000620371 0.00714521 0.00637392 0.000192566 0.028006 0.00722075 0.0669417 0.151347 0.0517185 0.00379619 0.0129156 0.361495 -0.00495583 0.00835503 0.0375877 -0.00256203 0.0365831 0.00078037 0.0116198 -0.00234931 -0.00488832 -0.00780538 0.00151889 -0.00395354 -0.0122929 -0.0105887 -0.00115254 -0.010048 -0.00395491 -0.0043911 -0.00205116,800,0,cuda,1.95,5.19
test,3604,yorkshire_terrier_41,yorkshire_terrier,dog,correct,yorkshire_terrier,kernel,36,0.93902,36,0.445233,0.908748,0.463515,0.038929,0.473129,0.0,,,,0.0146949 -0.000713981 -0.00042883 -0.0318377 -0.00173916 -0.00444888 0.00693579 0.0435349 0.00775959 -0.0196297 -0.00819262 0.0185797 0.00737717 0.0468975 0.0922878 0.052276 0.00211105 0.0393064 -0.0114622 0.065654 0.19576 0.0586673 0.0404641 0.00181628 -0.0107292 0.0844429 -0.00342864 0.159576 0.0309361 -0.0185303 0.0284628 0.010937 -0.00887079 0.0139446 -0.00394694 0.0103841,800,0,cuda,2.48,5.26
test,3604,yorkshire_terrier_41,yorkshire_terrier,dog,correct,yorkshire_terrier,partition,36,0.93902,36,0.445233,0.994002,0.548769,0.042847,0.523286,0.0,,,,0.00154733 0.00550647 0.0168272 3.55434e-05 0.0217547 0.00772702 0.000858421 0.015485 0.00483529 0.00108562 0.0144089 0.0275268 0.00891233 0.00728244 0.0706322 0.00189784 0.0016737 0.117971 0.00387687 0.0481105 0.263333 0.0187457 0.0279519 0.0956314 0.00135352 0.0842314 0.0118393 0.0737692 0.00919833 -0.00769737 0.000765749 -0.0160979 -0.0137339 0.000972483 -0.01699 -0.00238031,800,0,cuda,1.87,5.26
test,630,Birman_39,Birman,cat,correct,Birman,kernel,6,0.50263,28,0.406708,0.717998,0.31129,0.229896,0.844276,0.0,,,,0.00247078 -0.0284149 0.0182026 -0.022915 -0.0354379 -0.0091482 0.0010642 0.0493967 0.0138583 -0.0197965 -0.0194197 0.0183319 -0.00886864 0.136696 0.155387 -0.0554434 0.0830214 -0.0302901 0.00872097 -0.0214376 0.153949 0.0163659 0.055377 -0.0221253 -0.0506233 0.0298334 0.0440438 0.00832644,800,0,cuda,2.56,5.21
test,630,Birman_39,Birman,cat,correct,Birman,partition,6,0.50263,28,0.406708,0.409497,0.002788,0.252525,0.662292,0.0,,,,-0.00192938 0.00693498 0.00208224 -0.0140994 -0.00112392 -0.00111552 0.00320821 -0.00420388 0.0955157 0.0165986 -0.0129524 0.00700021 0.00870409 0.0293684 0.150993 0.0296801 0.0404633 0.0116083 0.0052771 -0.00768042 0.0612156 0.0160687 0.0150788 -0.0101126 0.00076974 0.00448304 0.012154 0.00713919,800,0,cuda,1.77,5.21
test,2731,Russian_Blue_48,Russian_Blue,cat,correct,Russian_Blue,kernel,27,0.998607,35,0.672493,0.99799,0.325497,0.203545,0.827084,0.0,,,,0.00548714 0.00267257 0.0293661 0.00046875 -0.00446689 0.0151015 0.0368061 -0.0294176 -0.00412766 0.0103348 0.0282274 -0.0152224 0.0454582 0.0446052 0.0252387 0.0253388 0.113876 0.0163783 0.0212846 0.0344209 -0.00222909 0.0298678 0.159703 0.0880068 0.0127509 0.00263727 -0.00233331 0.0752276 0.0355319 0.105933 0.0559494 -0.0116008 0.0214452 0.00276073 0.0121199,800,0,cuda,2.36,5.02
test,2731,Russian_Blue_48,Russian_Blue,cat,correct,Russian_Blue,partition,27,0.998607,35,0.672493,0.991393,0.318901,0.171104,0.736542,0.0,,,,0.0103947 0.00409385 0.0434693 0.0563818 0.00552722 0.0213755 0.005639 -0.00247671 0.00534903 0.0187821 0.0289568 0.00140382 0.064121 0.0376701 0.0272902 0.0821808 0.104963 0.0354369 0.00461468 0.039165 0.00041111 0.0169231 0.100662 0.0536586 -0.00911837 7.15933e-05 0.00217593 0.0657137 0.0170323 0.0601859 0.0575613 -0.0101893 0.00136175 0.0327203 0.00409324,800,0,cuda,1.75,5.02
test,2068,Maine_Coon_87,Maine_Coon,cat,wrong,havanese,kernel,16,0.466424,34,0.350128,0.562208,0.21208,0.05408,0.745316,0.0,,,,0.0369389 0.0205433 0.0266709 0.00328991 0.0130779 0.0248131 -0.00487678 0.00926981 -0.00926069 0.0521497 0.0708978 -0.0191937 0.0328242 0.00468839 -0.0663195 0.019875 0.117574 0.0482071 -0.00132492 -0.0168765 0.0329155 0.0722777 -0.0360822 0.0323657 0.0478583 0.0394272 0.0198344 -0.0088038 -0.00654994 0.00448731 -0.0899986 0.00246434 -0.0182291 -0.0135109,800,0,cuda,2.24,5.23
test,2068,Maine_Coon_87,Maine_Coon,cat,wrong,havanese,partition,16,0.466424,34,0.350128,0.670383,0.320255,0.222184,0.238531,0.0,,,,0.0138197 0.00286463 0.00379335 0.00014681 0.00324864 0.0159641 0.00681001 0.0310563 0.00532748 0.0107395 0.00541899 -0.031771 -0.00054628 0.0241753 0.0252656 -0.00733682 0.0114368 0.0167751 0.0357053 0.0150309 0.0255428 0.0551328 0.0160773 0.0120402 0.0114088 0.0176653 0.0084025 0.0268682 0.00784795 0.0262939 -0.0148744 0.0303867 0.0224995 0.00820768,800,0,cuda,2.09,5.23
test,870,boxer_87,boxer,dog,correct,boxer,kernel,8,0.989949,42,0.507254,0.742351,0.235096,0.186847,0.855157,0.0,,,,0.00058741 -0.018493 -0.04015 0.053318 0.0624661 0.0476267 0.102824 0.16311 0.0024676 0.0486037 0.0537925 0.0560618 0.0314686 -0.0198187 0.0203582 0.00522199 0.128673 0.0385028 0.00160744 0.0112181 0.0443537 -0.011339 0.0488687 -0.000393005 0.0216449 0.00304333 0.0192105 0.00538774 0.0326036 0.0155631 0.0209295 -0.00747333 -0.016105 0.0257129 0.0194096 0.00785261 0.00246428 0.00809434 -0.016497 0.0305639 0.00529726 -0.028959,800,0,cuda,2.8,6.17
test,870,boxer_87,boxer,dog,correct,boxer,partition,8,0.989949,42,0.507254,0.760213,0.252958,0.223149,0.833903,0.0,,,,0.0023395 0.00465723 0.0106172 0.0213029 0.0745523 0.0180194 0.0791546 0.0587913 0.0160427 0.0304318 0.0574203 0.0369496 0.0107252 0.0152983 0.0071521 0.0529835 0.113032 0.110658 0.00357107 0.00233531 0.000416292 0.0135605 0.0318338 0.0131529 0.0100395 0.0116489 0.00982467 0.0175124 0.00215204 0.00603783 0.00793081 0.0180831 0.00900162 0.00137814 0.000225996 0.0206727 0.0152512 0.0507964 0.000660664 0.00443572 0.00874511 0.000285054,800,0,cuda,2.29,6.17
test,2290,Persian_257,Persian,cat,correct,Persian,kernel,23,0.956046,35,0.661731,0.994033,0.332302,0.059033,0.525381,0.0,,,,0.0351962 0.00957647 0.13824 0.135082 0.0220334 -0.0109529 -0.0313274 0.115804 0.00572451 -0.00663926 -0.00683867 0.0104906 0.00308182 0.0744083 0.00405161 0.000723073 0.156048 0.125646 -0.019698 -0.00592537 0.125787 -0.0104254 0.0102194 -0.0267538 0.111789 -0.0248263 -0.0196282 -0.00668252 -0.0160088 0.0128906 -0.0244837 0.0366397 0.00226989 -0.00406042 0.0158311,800,0,cuda,2.31,5.49
test,2290,Persian_257,Persian,cat,correct,Persian,partition,23,0.956046,35,0.661731,0.993836,0.332105,0.063999,0.626579,0.0,,,,0.00151731 0.000774555 0.0825245 0.0743459 0.0115503 0.00819663 0.000290334 0.0438162 0.0170945 0.00134676 0.00753475 0.0202116 0.000633361 0.0610351 0.00304211 0.00733157 0.113943 0.0957636 0.000460962 5.20907e-05 0.207517 -0.00348125 -0.0014028 -0.0232848 0.137438 0.0345404 -0.000634461 0.00164851 0.0160316 0.0115767 0.000511195 0.000106382 0.000822085 0.000396903 0.00403249,800,0,cuda,2.19,5.49
test,2098,miniature_pinscher_25,miniature_pinscher,dog,correct,miniature_pinscher,kernel,21,0.998941,32,0.438536,0.949353,0.510817,0.093428,0.816225,0.0,,,,0.00926821 -0.00908411 0.0186852 0.00436833 -0.0300109 0.0580762 0.0713901 -0.00859116 0.0220485 0.0443275 -0.00867247 -0.0373167 0.269337 0.110053 0.00603554 0.002559 0.243841 0.0187048 -0.00791252 0.0481608 0.0160484 0.0165081 -0.0137043 -0.00727655 0.0310682 0.028722 0.0200559 0.0137319 0.00350936 0.0305175 -0.00673436 0.0246761,800,0,cuda,2.06,5.19
test,2098,miniature_pinscher_25,miniature_pinscher,dog,correct,miniature_pinscher,partition,21,0.998941,32,0.438536,0.949353,0.510817,0.080584,0.828324,0.0,,,,-0.000278157 -0.000234386 0.00987216 0.0139367 0.02131 0.0760225 0.185551 0.00355078 0.0595201 0.00642576 0.0115448 0.0133943 0.209956 0.0975779 0.00168362 0.00146367 0.229318 0.00270354 -0.000378577 -0.000243871 -0.00535568 0.00412556 -0.00115877 -0.00565207 0.00160183 0.0119822 0.00261515 0.00522621 0.00429485 0.00657171 0.000311057 0.0151331,800,0,cuda,2.24,5.19
test,1186,english_cocker_spaniel_195,english_cocker_spaniel,dog,wrong,havanese,kernel,16,0.998617,36,0.524892,0.501126,-0.023766,0.113605,0.823652,0.0,,,,-0.00482796 -0.00849838 0.0123896 0.126049 0.0165871 0.0921043 0.0066069 0.0753382 0.00956396 0.0183225 0.196693 0.020542 0.123218 0.139549 0.00570516 0.0367872 0.0196107 0.0783458 0.0019267 0.00486242 0.0449446 0.00203114 -0.00833848 0.018166 0.0171369 -0.0177383 -0.0175853 -0.0104013 0.00554374 0.037884 -0.0158642 -0.00242673 -0.0177052 0.00255697 -0.0133628 -0.022098,800,0,cuda,2.11,5.25
test,1186,english_cocker_spaniel_195,english_cocker_spaniel,dog,wrong,havanese,partition,16,0.998617,36,0.524892,0.528783,0.00389,0.148656,0.736248,0.0,,,,0.0131359 0.00383745 0.00652396 0.0442845 0.0594591 0.10502 0.014671 0.0616614 0.00408546 0.0128145 0.2235 0.00339986 0.0835493 0.119857 0.0233503 0.052696 0.00886479 0.0202719 0.0476212 0.00299792 0.00440813 0.003104 0.00647132 0.00377137 0.00160562 0.0146094 0.0046779 0.000686117 0.00401159 0.00102156 0.00144897 0.00278488 0.00311156 0.00777948 0.00145398 0.00107033,800,0,cuda,2.24,5.25
test,2489,pug_1,pug,dog,correct,pug,kernel,25,0.998524,40,0.471042,0.988886,0.517845,0.078288,0.572629,0.0,,,,0.00857344 0.0259802 0.0210073 0.0190355 -0.0203237 -0.014282 -0.00545086 -0.0024916 -0.00332112 -0.00379452 0.0287559 0.0250743 0.00341059 0.0400179 0.0437445 0.139058 0.0581876 0.177108 0.0463961 0.175355 -0.00953269 0.0257804 0.0111341 0.0256758 -0.0103854 0.0259884 -0.00496756 -0.00544123 0.0496576 -0.0144185 0.00913259 0.0260684 0.000963647 0.0246806 0.0254638 0.0128641 0.0153045 -0.00743745 0.0159342 0.00943901,800,0,cuda,2.29,5.41
test,2489,pug_1,pug,dog,correct,pug,partition,25,0.998524,40,0.471042,0.992251,0.521209,0.11506,0.64606,0.0,,,,0.000419043 0.00656598 0.0118858 0.00349856 0.00273567 0.0448785 0.0141236 0.00488486 0.0241908 0.0138114 0.12581 0.0293117 0.039489 0.0334111 0.00269826 0.181607 0.0451181 0.239938 0.0296867 0.0995074 0.00455521 0.0173433 0.00183024 0.0135213 0.00109823 0.00150149 0.00119262 0.00147165 0.00450046 0.000328565 0.0011176 -0.00297746 -0.00206678 -0.00128033 0.000323721 -0.00415859 0.000145388 -0.00335367 -0.000925066 0.000204821,800,0,cuda,2.27,5.41
test,1891,leonberger_1,leonberger,dog,correct,leonberger,kernel,19,0.997767,46,0.902583,0.822722,-0.079861,0.205854,0.470393,0.0,,,,0.0158031 0.00355543 0.00136672 0.0265899 0.00165217 0.0708822 0.063546 0.0692784 0.014383 0.0442999 0.0310289 0.0290049 0.0360633 0.0652879 0.0448044 0.0638319 0.0537323 -0.00111489 -0.0144784 0.0516606 -0.00353359 -0.00635966 0.0354132 -0.0282529 0.0220661 0.00439851 0.00337529 0.0322239 0.0358203 0.00202584 -0.0024473 0.010423 0.0063884 0.0431388 0.0336717 0.00905476 0.0361836 0.0383242 0.00162369 -0.0277985 1.13937e-06 0.0137736 0.0377601 -0.00262988 0.00631607 0.022193,800,0,cuda,2.35,5.65
test,1891,leonberger_1,leonberger,dog,correct,leonberger,partition,19,0.997767,46,0.902583,0.833082,-0.069501,0.228711,0.505148,0.0,,,,0.00381263 0.0168521 0.00624409 0.00906816 0.0353194 0.124705 0.0341949 0.0635343 0.0570608 0.109467 0.0417152 0.0221363 0.0233957 0.0722455 0.0774906 0.0950865 0.0625537 0.00585533 0.0138155 0.0371828 0.0178056 0.0130987 0.00272276 -0.00131164 5.81958e-06 0.00527237 0.00149906 0.00347861 0.0022683 0.00537431 0.00585331 -0.00134475 0.00166164 0.000924148 0.00346415 0.0046229 0.00107105 0.00753259 0.000704384 2.66869e-05 0.000136426 0.00427115 0.000638506 0.000548607 0.0016934 0.000577297,800,0,cuda,2.23,5.65
test,1755,japanese_chin_76,japanese_chin,dog,correct,japanese_chin,kernel,17,0.99959,24,0.990155,0.989653,-0.000502,0.084867,0.427726,0.0,,,,-0.00552431 0.0590205 0.0353715 0.0264179 0.0522709 0.102644 0.0609057 0.0394779 0.042722 0.0214063 0.0235824 0.0189313 0.0286177 0.104327 0.110453 0.0502996 0.037484 0.0274764 0.0407778 0.019679 0.0294874 0.0166568 0.0331028 0.000708138,800,0,cuda,2.33,5.36
test,1755,japanese_chin_76,japanese_chin,dog,correct,japanese_chin,partition,17,0.99959,24,0.990155,0.994647,0.004492,0.131609,0.635437,0.0,,,,0.016213 0.0445629 0.016303 0.00246481 0.0159125 0.201992 0.0659998 0.00190826 0.0170916 0.109473 0.0500783 0.0283587 0.00302252 0.0664514 0.144675 0.0333218 0.0211902 0.00305562 0.117253 0.000606225 0.00672119 0.00308372 0.00610022 0.000455735,800,0,cuda,2.33,5.36
test,1926,leonberger_50,leonberger,dog,correct,leonberger,kernel,19,0.9955,38,0.966079,0.996143,0.030063,0.049986,0.333607,0.0,,,,0.0927704 0.0234479 0.021332 0.129784 -2.96103e-05 0.0132564 0.0793038 0.151941 0.00662241 0.0130669 0.0528946 0.0680538 0.0116748 0.0489403 -0.011468 0.0272972 -0.0134898 0.00403508 0.0711853 -0.030399 0.0558295 0.0368764 0.0245824 0.0150451 -0.0144328 0.0173761 0.0366187 0.0149523 0.0319261 0.0176183 0.00667449 -0.0136 0.00395039 0.0349825 -0.00824066 0.029768 -0.00753347 -0.0505478,800,0,cuda,2.31,5.65
test,1926,leonberger_50,leonberger,dog,correct,leonberger,partition,19,0.9955,38,0.966079,0.999259,0.03318,0.062245,0.603107,0.0,,,,0.128558 0.0175602 0.0375077 0.0278714 -0.00060089 0.0114582 0.0773708 0.203736 0.00567275 0.000436971 0.033404 0.11545 0.0625831 0.029965 0.000561562 -0.00477777 -0.00126293 0.000405088 0.100332 -2.99457e-08 0.0773713 0.00137079 -0.000120276 0.00365213 0.00252313 0.00265597 0.00233973 0.00486193 0.00360698 0.00750577 0.00200137 0.00454999 0.0064114 0.0090791 0.00241916 0.00161739 0.0122384 0.00174954,800,0,cuda,2.36,5.65
test,707,Bombay_215,Bombay,cat,correct,Bombay,kernel,7,0.638507,42,0.189055,0.842804,0.65375,0.05442,0.585228,0.0,,,,0.0425379 0.0201601 0.0159499 0.0203852 0.0109841 0.0257362 -0.000498297 0.0250759 0.049583 -0.0293863 0.0172717 -0.0127493 0.177244 0.0103275 -0.00719065 0.0341713 -0.00235725 0.0509065 -0.0028073 0.143466 0.0160356 -0.0218156 0.0207668 0.00520401 0.042423 0.0899076 -0.0854552 0.00865852 0.0111435 0.00316459 0.0207612 -0.0406233 -0.0631615 0.036898 -0.0104456 0.023861 -0.0172128 -0.0196279 -0.00104722 -0.00948775 0.0185483 -0.00605933,800,0,cuda,2.18,5.37
test,707,Bombay_215,Bombay,cat,correct,Bombay,partition,7,0.638507,42,0.189055,0.973257,0.784202,0.037821,0.759985,0.0,,,,-0.000962693 0.00618062 0.0176732 0.0174858 -0.00418807 0.0323552 0.0125433 -0.00599549 0.0373462 -0.00689539 0.000105267 -0.0162805 0.207907 0.00429667 -0.012048 7.10118e-05 -0.0252953 0.071324 -0.00361736 0.15471 0.00270956 -0.0271678 0.118257 0.00336605 0.00251994 0.130927 -0.0350924 -0.0040467 -0.00198575 0.00114624 -0.00971387 -0.00177433 -0.0202613 -0.00233431 -0.00245949 -0.00959308 -0.00581151 -0.00565085 -0.00145392 -0.00185967 -0.00523565 4.52044e-05,800,0,cuda,2.33,5.37
test,3383,staffordshire_bull_terrier_20,staffordshire_bull_terrier,dog,correct,staffordshire_bull_terrier,kernel,34,0.662343,34,0.436244,0.831484,0.39524,0.020497,0.342605,0.0,,,,-0.00482176 -0.0262793 -0.0022268 -0.0111123 0.0420979 -0.024926 -0.00144644 0.0825679 0.0243425 0.0204258 -0.0201423 -0.0531488 0.0712615 -0.0336906 0.0181319 0.0924052 0.0262252 0.102765 0.0710481 0.0289047 0.005227 0.0463461 0.0395852 0.0208387 0.0338711 -0.00242694 0.0809301 0.00981122 0.0188737 -0.00645314 -0.0125896 0.0101845 0.00372918 0.00792496,800,0,cuda,2.17,5.13
test,3383,staffordshire_bull_terrier_20,staffordshire_bull_terrier,dog,correct,staffordshire_bull_terrier,partition,34,0.662343,34,0.436244,0.989541,0.553297,0.021444,0.435482,0.0,,,,0.04728 0.0253306 -0.00275964 0.0445524 0.0411898 0.0126406 -0.00304103 0.0994489 0.0495766 0.0349718 -0.016282 -0.022567 0.0408984 -0.0332746 0.00817434 0.0548879 -0.00818852 0.12189 0.0476138 0.0073263 0.00797694 -0.00294107 0.0115776 0.0273259 0.00489956 0.00184897 0.0397751 0.00968736 -0.000219455 0.00381944 0.00230628 0.000602477 -0.000787477 0.00269283,800,0,cuda,2.14,5.13
test,3098,shiba_inu_25,shiba_inu,dog,correct,shiba_inu,kernel,31,0.850044,38,0.268316,0.656923,0.388607,0.087755,0.833645,0.0,,,,-0.0476137 0.0629355 -0.0196444 0.140191 -0.0130075 0.0377518 0.0115044 0.0307801 -0.00930633 0.037391 0.00259583 0.255156 -0.023085 0.0392012 -0.022112 -0.0406482 -0.0234623 0.0599712 0.248123 0.206477 -0.0266483 0.0173269 -0.0217051 -0.0347047 -0.0571153 0.0197633 0.0818126 0.0165822 -0.0376553 -0.0269864 -0.0219903 -0.0193573 -0.00790305 -0.0188743 0.0219326 0.0439666 -0.0338542 -0.0139931,800,0,cuda,2.28,5.38
test,3098,shiba_inu_25,shiba_inu,dog,correct,shiba_inu,partition,31,0.850044,38,0.268316,0.538521,0.270206,0.095358,0.810302,0.0,,,,-0.00743661 0.0600684 -0.000979848 0.128831 -0.0180348 0.00466822 -0.00161095 0.0275689 -0.000716598 -0.00669634 0.0461688 0.242578 0.00728171 -0.0220657 0.00239402 -0.0135746 -0.00799532 0.0118434 0.206888 0.0610187 0.0142827 0.0049246 -0.00864048 -0.0268575 -0.0153373 0.0097994 0.0308108 0.00723242 0.00014287 0.0171363 0.0163911 -0.0102381 0.00504299 0.000507621 0.0167522 0.0207964 0.00987098 0.000980307,800,0,cuda,2.25,5.38
test,2349,Persian_68,Persian,cat,correct,Persian,kernel,23,0.978839,40,0.599829,0.868138,0.268309,0.103236,0.805144,0.0,,,,0.0418848 0.00885373 0.0171669 0.0439637 -0.0146683 0.00702946 0.155403 0.0841639 -0.0100546 -0.0045137 0.0431389 0.118135 0.021491 0.0250619 0.0587231 0.0647298 -0.0192829 -0.00335071 0.0309892 0.0364692 0.11416 0.00135723 -0.00126721 0.0275201 0.00561847 0.0297166 -0.0110095 0.0262053 0.00808967 0.0158438 0.0166574 -0.0215918 -0.0081687 -0.00902813 0.016152 -0.00358878 0.0402327 0.0141486 0.0139525 -0.0202574,800,0,cuda,2.12,5.31
test,2349,Persian_68,Persian,cat,correct,Persian,partition,23,0.978839,40,0.599829,0.876515,0.276686,0.143337,0.773859,0.0,,,,0.0171224 0.00759986 -0.00607083 0.0316254 0.00520015 0.000854921 0.126096 0.210537 0.0247997 0.00881112 0.0710658 0.102398 0.00150222 0.0164987 0.056136 0.0353499 0.0018677 0.00440543 0.0266926 0.0760791 0.0722107 0.0580931 -0.00538915 0.0011227 0.00299157 0.0060743 -0.00118746 0.00846888 0.00172247 0.00544419 -0.00251145 -0.000583981 0.00279207 -0.00177517 -0.000773143 -0.00140776 -0.00197387 -0.000464664 -0.00151869 0.000169965,800,0,cuda,2.17,5.31
test,2220,newfoundland_45,newfoundland,dog,correct,newfoundland,kernel,22,0.994475,39,0.271185,0.822684,0.551498,0.171611,0.878171,0.0,,,,0.00319775 -0.00836494 0.0128379 0.0130788 0.00380158 0.0257064 -0.0206684 -0.0247731 0.0189857 -0.00419431 0.00200246 -0.0042078 -0.00666555 0.0212725 0.056348 0.0396203 0.00491608 0.0340139 -0.00248361 0.0405137 0.00423277 0.198805 0.0143284 0.0622977 0.146789 0.0880477 0.00888655 0.0262487 0.128408 -0.0214063 -0.024018 0.0329214 -0.0150297 0.0385178 0.0138792 0.0385115 0.0333032 -0.0104523 0.0194889,800,0,cuda,2.2,5.26
test,2220,newfoundland_45,newfoundland,dog,correct,newfoundland,partition,22,0.994475,39,0.271185,0.854973,0.583787,0.276742,0.774165,0.0,,,,0.00140856 0.00301949 0.00749715 0.0049697 0.00680205 0.0046091 0.00784869 0.0121201 0.00890376 0.00412772 0.015943 0.0244119 0.00813901 0.0125692 0.0110168 0.0156692 0.0160284 0.0321901 0.00256552 0.0568211 0.0104399 0.0637173 0.0371922 0.0972699 0.0520095 0.0705667 0.00590577 0.0225373 0.182601 0.0587339 0.0178807 0.0270704 0.0132069 0.0174448 0.0171224 0.0109281 0.0077698 -0.000134078 0.0197721,800,0,cuda,2.17,5.26
test,1688,japanese_chin_197,japanese_chin,dog,correct,japanese_chin,kernel,17,0.999176,30,0.470165,0.938225,0.46806,0.092427,0.823237,0.0,,,,-0.000642329 0.0665308 -0.00108195 -0.0106216 0.0255201 -0.0156426 -0.00644002 0.053333 0.0683706 0.105758 0.0577943 -0.000584816 0.0255797 0.0215249 0.070569 0.0519877 0.00124238 0.0196544 0.169314 0.0234408 0.0185821 -0.0061243 0.117659 0.02865 -0.0190442 0.0334243 0.0405175 0.0274628 0.0136842 -0.00453646,800,0,cuda,2.65,5.62
test,1688,japanese_chin_197,japanese_chin,dog,correct,japanese_chin,partition,17,0.999176,30,0.470165,0.942522,0.472357,0.159396,0.678317,0.0,,,,-0.0126955 0.0278696 0.0289542 -0.0118937 0.00297058 -0.00495297 -0.000723792 0.0519793 0.0463467 0.0783741 0.0262741 1.26772e-10 0.00367176 0.000445226 0.160412 0.0918518 0.00814487 0.0309447 0.0817575 0.0359426 0.0366504 0.00390742 0.113304 0.0140869 0.00918733 0.0478543 0.0489304 0.0345423 0.0145612 0.00718351,800,0,cuda,2.13,5.62
test,284,american_pit_bull_terrier_88,american_pit_bull_terrier,dog,wrong,german_shorthaired,kernel,14,0.580098,39,0.16468,0.194367,0.029687,0.010806,0.3402,0.0,,,,0.0379999 0.0817279 0.0550903 0.0697728 0.0168855 -0.0180704 0.00117247 0.118737 0.0025981 0.11098 -0.00296509 0.0496352 0.0170736 -0.0983726 -0.000350931 0.0075389 0.0257832 0.00963647 0.00824223 -0.00218587 0.0123415 0.00584516 0.0134725 0.00185096 -0.00841438 -0.0282014 0.0108653 -0.000678955 0.0119323 -0.0212699 0.0210892 0.00951743 0.00961762 -0.00205242 0.0314979 -0.008451 -0.00760228 0.0136434 -0.00575458,800,0,cuda,2.23,5.23
test,284,american_pit_bull_terrier_88,american_pit_bull_terrier,dog,wrong,german_shorthaired,partition,14,0.580098,39,0.16468,0.194367,0.029687,0.029205,0.379034,0.0,,,,0.0321757 0.087272 0.0446612 0.0695733 0.00736747 0.0316081 0.00787751 0.0700483 0.00648771 0.032446 -0.00676357 0.0220571 0.00691141 -0.0336509 0.0189006 0.0251822 0.0172796 0.0226823 0.0283349 0.00499267 0.0298762 0.00173188 0.00376676 0.00478264 0.00393927 0.0017203 -0.000168132 0.00175255 0.00744949 0.000216849 0.000354886 -0.00296354 0.000992171 0.000354651 -0.00122481 -0.000866323 0.0032526 0.00033644 -0.000569762,800,0,cuda,1.99,5.23
test,1659,havanese_7,havanese,dog,correct,havanese,kernel,16,0.999807,39,0.730808,0.872822,0.142014,0.415736,0.792191,0.0,,,,-0.00857866 -0.00474709 0.0338393 -0.0056189 -0.00429372 0.0283626 -0.0104303 -0.00499414 0.0143019 -0.0136318 0.0973023 0.0195121 0.0321371 0.0766341 0.0255049 0.00851893 -0.00832168 0.0193186 0.00593049 0.0393416 0.0288693 0.0873128 0.0497395 0.00889686 0.0548832 0.0482543 0.0574147 0.0223703 0.00857565 0.0415887 0.0951638 0.0360262 0.0211253 0.0260639 0.0336321 0.0291324 0.00738254 -0.0438999 0.0221877,800,0,cuda,2.77,6.06
test,1659,havanese_7,havanese,dog,correct,havanese,partition,16,0.999807,39,0.730808,0.80689,0.076083,0.564999,0.749078,0.0,,,,0.00527223 0.0408124 0.046594 0.00508006 0.00233204 0.000764577 0.0072662 0.00397757 0.0507249 -0.000818018 0.0984712 0.0459217 0.0105497 0.149492 0.00854185 0.0313005 -0.00239468 0.0374422 0.00942796 0.0479785 0.0022035 0.0420607 0.0171372 0.0149753 0.0119507 0.0102772 0.0348202 0.0133153 0.0223276 0.033325 0.0821552 0.000142709 0.010338 0.0117972 0.0513499 0.00828733 0.00604071 0.00209341 0.0014727,800,0,cuda,2.29,6.06
test,920,British_Shorthair_33,British_Shorthair,cat,correct,British_Shorthair,kernel,9,0.895442,35,0.417052,0.875625,0.458573,0.098021,0.860517,0.0,,,,0.0133864 -0.0159685 -0.00839919 0.0154861 0.0339413 -0.00245344 -0.00242305 0.00892329 0.157993 -0.0238873 -0.00816574 0.023667 -0.0181803 -0.0120088 -0.0289399 -0.00366707 0.269291 0.228118 0.0290344 0.147384 -0.0100575 0.00120759 0.00193212 0.0551172 -0.0329385 -0.0141247 -0.0121658 0.0135868 -0.00172638 0.0150801 -0.0340454 0.0081657 -0.00416738 -0.0057989 -0.00134943,800,0,cuda,2.35,5.42
test,920,British_Shorthair_33,British_Shorthair,cat,correct,British_Shorthair,partition,9,0.895442,35,0.417052,0.549698,0.132646,0.124744,0.769235,0.0,,,,-0.000764777 -0.000501302 -0.000698966 0.000351143 0.0641296 8.72669e-05 0.00488434 0.0146359 0.0470138 0.0114951 0.0140044 0.0123937 -0.000318647 -0.00513055 0.00556641 -0.0264531 0.179659 0.151119 0.0265453 0.188576 -0.0129325 -0.0074499 0.0126912 0.0610961 0.00228182 0.0321224 -0.0160629 0.0489244 -0.010018 0.0322645 0.00565962 -0.0140583 -0.0165895 -0.0129381 -0.00973844,800,0,cuda,2.26,5.42
test,1433,german_shorthaired_56,german_shorthaired,dog,correct,german_shorthaired,kernel,14,0.998762,38,0.381417,0.724674,0.343256,0.099991,0.853145,0.0,,,,-0.00775391 0.0681648 0.0271498 0.0644317 0.222053 0.0401611 -0.00345183 -0.0130583 0.0158777 0.235086 -0.0153016 -0.00245328 0.0308886 0.0894643 0.00809548 0.00499045 0.00168649 0.0231559 0.0208432 -0.000871154 0.0249747 0.00491842 0.0170043 -0.00904091 0.00818215 -0.00625687 0.00859429 0.0133507 0.042626 0.0110859 0.00714097 -0.00384718 -0.0121647 0.0306496 -0.00118997 -0.00176189 0.00762055 0.0177962,800,0,cuda,2.09,5.36
test,1433,german_shorthaired_56,german_shorthaired,dog,correct,german_shorthaired,partition,14,0.998762,38,0.381417,0.824198,0.44278,0.079803,0.845391,0.0,,,,0.00452336 0.0566622 0.00876113 0.189683 0.24947 0.109271 0.0146697 0.0165307 0.0212645 0.176918 0.00522016 0.0112701 -0.0015017 0.0616882 0.00729451 0.0101036 0.00741656 0.00775083 0.0104363 0.00609762 -0.000156831 -0.00411832 -0.000316158 -0.000121053 -0.000129534 -0.000214209 0.000113147 -0.00120707 0.000151966 0.000303106 -0.000187939 -3.19979e-05 -0.000107868 -2.16889e-05 0.000261506 0.000629751 0.000126363 0.000337794,800,0,cuda,2.36,5.36
test,3149,shiba_inu_72,shiba_inu,dog,correct,shiba_inu,kernel,31,0.999952,37,0.634367,0.986877,0.35251,0.300777,0.946796,0.0,,,,-0.0248457 -0.0298618 0.00979479 0.101791 0.0182398 0.0857708 0.0678526 -0.0233716 -0.025397 0.0626669 0.0604245 0.0391087 0.0465572 -0.0386291 -0.0341281 0.0293322 0.053624 -0.0594094 0.0600945 0.00266178 0.246707 -0.00480281 0.053169 0.000732967 0.00467955 0.105826 0.0233518 0.038382 0.000289678 0.0290403 0.00951977 0.000513476 0.00547137 -0.00914585 0.00804466 0.0430833 0.00656564,800,0,cuda,2.05,5.51
test,3149,shiba_inu_72,shiba_inu,dog,correct,shiba_inu,partition,31,0.999952,37,0.634367,0.995094,0.360727,0.332271,0.86061,0.0,,,,0.0220925 0.00209841 0.00873506 0.0476618 0.00979005 0.0332863 0.0461841 0.0118089 0.0116682 0.0303168 0.0800317 0.0142175 0.0407141 0.0031572 0.00781345 0.0151124 0.0211874 0.0278694 0.0283814 0.00092846 0.156237 0.00270666 0.0463511 -0.00492991 0.000601414 0.0250441 -0.00124209 0.240276 0.0155888 0.00349381 -0.00456554 -0.00142208 0.00386769 -0.00279159 -0.00148221 0.0161844 0.0067313,800,0,cuda,2.54,5.51
test,2972,samoyed_92,samoyed,dog,correct,samoyed,kernel,29,0.991675,41,0.399334,0.721085,0.321751,0.054259,0.670623,0.0,,,,-0.0123748 0.053122 0.0137766 0.00164534 -0.0059044 0.0306214 -0.0201324 0.00199677 0.00340596 0.0385766 -0.0160772 0.0435941 0.254371 0.0603999 -0.00382319 0.0401284 0.167124 0.0835922 0.0150915 0.0305093 -0.00954113 0.04473 0.0219674 -0.0122669 -0.00348138 0.0024202 0.0152963 -0.0135693 0.00609558 0.00933093 -0.00463375 -0.0156671 0.00247792 0.0611429 -0.0105607 0.0162929 0.00590582 0.0265209 -0.00889702 0.0179157 0.039817,800,0,cuda,2.02,5.33
test,2972,samoyed_92,samoyed,dog,correct,samoyed,partition,29,0.991675,41,0.399334,0.744302,0.344968,0.06219,0.740138,0.0,,,,-0.0192613 0.0365899 -0.00692012 -0.00163751 -0.00516583 -0.00428715 -0.00674971 0.00678752 0.0556334 0.0279296 -0.00124402 0.0326785 0.508639 0.0533019 -0.00324533 0.0696205 0.0854512 0.0665445 0.0187724 0.00084237 -0.00155237 0.0524367 -0.00252197 -0.00057851 0.00120847 0.00442204 -0.00209634 -0.000656992 -0.00199751 -0.000338425 -0.000472622 0.000999971 -0.000285348 0.00554225 -0.00131107 0.00183877 0.000226561 0.000838186 8.1032e-05 0.000361438 0.000516001,800,0,cuda,2.33,5.33
test,734,Bombay_49,Bombay,cat,correct,Bombay,kernel,7,0.881411,29,0.598334,0.929878,0.331544,0.046039,0.656215,0.0,,,,-0.00446067 0.00269629 -0.00848409 0.0137379 0.0455067 0.10781 -0.00421043 0.0482106 0.0160521 0.0660981 0.219352 -0.00546289 -0.00494127 0.122245 0.0579372 0.130143 0.0746331 -0.0124952 0.00120404 0.00390057 0.0142865 0.00655502 0.0235342 -0.00785953 -0.00266893 -0.0170307 -0.0126434 0.00222486 -0.0217195,800,0,cuda,2.71,5.91
test,734,Bombay_49,Bombay,cat,correct,Bombay,partition,7,0.881411,29,0.598334,0.864171,0.265837,0.04924,0.684688,0.0,,,,0.00415964 0.00569249 0.0194697 0.0183301 0.0129491 0.0636842 0.0646346 0.0489174 0.0394952 0.10018 0.230043 0.00513826 0.0114317 0.0889853 0.0285397 0.0508182 0.0691139 0.00731427 0.0100292 -0.00767783 -0.0103065 -0.00332772 -0.00570015 -0.00959756 0.00853648 -0.00149063 -0.000886049 -0.00145695 0.00713121,800,0,cuda,2.29,5.91
test,1812,keeshond_37,keeshond,dog,correct,keeshond,kernel,18,0.998477,36,0.747927,0.98842,0.240493,0.190673,0.465635,0.0,,,,-0.00471565 0.0177418 0.115055 -0.000831851 0.162952 0.0305732 0.0221051 -0.0118301 0.00467212 0.00594083 0.0742275 0.0170659 0.108944 -0.00880221 0.0208732 0.00220482 0.0293221 0.0384032 0.0103313 0.0339191 0.0344604 0.00948867 0.0382645 0.0197907 0.025134 0.0388075 0.0643555 0.0365447 0.0130639 0.0271913 0.0124189 -0.00808701 0.00914068 0.000541506 0.00112009 -0.00377377,800,0,cuda,2.0,5.43
test,1812,keeshond_37,keeshond,dog,correct,keeshond,partition,18,0.998477,36,0.747927,0.983325,0.235397,0.214703,0.615323,0.0,,,,0.00393883 0.019628 0.0929733 0.0101679 0.174339 0.00668083 0.0122626 0.00151634 0.00153812 0.0138363 0.0715248 0.0256172 0.145984 0.0395252 0.0524029 -0.00401777 0.039885 0.0777947 0.018464 0.0261352 0.0315067 0.0100735 0.0167471 0.00362031 0.0139089 0.00600986 0.0279791 0.0107604 0.00108321 0.0100042 0.0113851 0.00526757 -0.000475232 0.00214209 0.00456553 0.00183873,800,0,cuda,2.4,5.43
test,2392,pomeranian_200,pomeranian,dog,wrong,samoyed,kernel,29,0.644043,42,0.196648,0.680543,0.483895,0.079672,0.600899,0.0,,,,0.00316312 0.00977342 0.0127585 -0.00952297 -0.011834 0.00174603 0.0180823 -0.00856898 -0.0935911 -0.0165877 0.0158187 -0.00783781 0.0208317 -0.00081009 0.00973435 -0.0176549 -0.00854126 0.0112261 0.00592807 0.197685 -0.00170572 -0.0379698 0.017299 0.0115431 0.0090863 0.00958475 0.301181 0.0488549 -0.0131501 0.00407289 0.0517948 0.00564462 0.0190377 0.0227523 -0.000314199 0.000386647 -0.0108844 0.0321113 0.0184949 -0.00176689 0.00200767 0.00344774,800,0,cuda,1.74,5.1
test,2392,pomeranian_200,pomeranian,dog,wrong,samoyed,partition,29,0.644043,42,0.196648,0.680543,0.483895,0.095009,0.304258,0.0,,,,0.00713089 0.000573256 0.000954614 0.00103194 0.00496429 0.00239126 0.00380075 0.00298734 0.0270507 -0.000707744 -0.00238967 -0.00109015 0.00299659 0.000570525 -0.00150141 0.0185588 -0.00410559 -0.0120378 0.00133061 0.0972564 -0.0076965 0.00859673 -0.00793388 0.00674741 -0.00910092 -0.0151585 0.221416 0.0403121 0.00587175 -0.00616467 0.0692417 0.00347634 0.0160442 0.0147583 0.00853837 0.00735652 0.00584784 0.0710798 0.0337523 0.00749392 -0.000358674 -0.000579445,800,0,cuda,2.37,5.1
test,2354,Persian_72,Persian,cat,correct,Persian,kernel,23,0.898027,34,0.641482,0.991823,0.350341,0.029468,0.600634,0.0,,,,0.0123671 -0.00839461 0.00325153 0.00492345 0.00204825 -0.0329756 -0.00201366 0.0205059 0.197279 -0.0108773 0.0886361 0.0448626 0.0273421 0.102815 0.043069 0.014574 0.0289093 0.129666 0.0475603 0.0446635 -0.0056332 -0.00648862 0.0206967 0.0342544 0.0122185 -0.0194743 0.0154842 0.02603 -0.0214893 0.0225365 0.037825 -0.00778177 0.00281957 0.0100548,800,0,cuda,2.15,5.42
test,2354,Persian_72,Persian,cat,correct,Persian,partition,23,0.898027,34,0.641482,0.996326,0.354844,0.053252,0.515883,0.0,,,,0.00951802 0.00258773 0.0136993 0.0100583 -0.0154383 -0.000758301 -0.000591949 0.0110478 0.0820954 -0.000650852 0.0393748 0.0513891 0.0505599 0.042238 0.0320274 0.017011 -0.000150289 0.169637 0.0792027 0.0693495 -0.000109656 -7.56206e-05 0.0447432 0.0200392 0.0313257 -0.000778639 0.0178313 0.0278186 0.00571556 -1.72807e-05 0.0670578 -0.000866358 0.00371422 0.000659907,800,0,cuda,2.4,5.42
test,3630,yorkshire_terrier_65,yorkshire_terrier,dog,correct,yorkshire_terrier,kernel,36,0.979336,36,0.312919,0.672632,0.359713,0.051058,0.835851,0.0,,,,0.00614349 0.0157404 0.0130554 0.0778557 0.0332461 0.0382385 0.0142852 0.0216978 0.0110672 0.25517 0.0180929 -0.0207144 0.00656745 0.0180954 0.289216 0.0157272 0.00802543 0.101751 0.0171716 0.0354268 0.0719384 -0.0146303 -0.00990089 0.00144938 -0.00813857 -0.00708406 0.00213802 -0.00720816 -0.0109227 0.00206601 -0.00163574 0.00526839 -0.00806207 -0.0193932 -0.0151725 -0.00740719,800,0,cuda,2.24,5.4
test,3630,yorkshire_terrier_65,yorkshire_terrier,dog,correct,yorkshire_terrier,partition,36,0.979336,36,0.312919,0.671056,0.358138,0.053324,0.82224,0.0,,,,0.00722032 0.00473894 8.06903e-07 0.0222187 0.0132836 0.00980199 -0.00525611 -5.72254e-06 0.000154579 0.263861 0.00300277 0.00258876 0.020698 0.00232878 0.366417 0.029885 0.000510977 0.164474 0.00888634 0.0274118 0.00718547 0.00160941 0.00243595 0.00221078 0.0011291 0.00128186 -0.0019205 -0.000816335 0.000344217 -0.000251474 -2.93311e-05 0.00029678 -0.00192328 -0.00204694 -0.0014652 -0.00109859,800,0,cuda,2.28,5.4
test,922,British_Shorthair_36,British_Shorthair,cat,correct,British_Shorthair,kernel,9,0.840513,35,0.626714,0.536089,-0.090625,0.061091,0.805803,0.0,,,,-0.017736 -0.0056745 0.028033 -0.0225224 0.0562072 0.0384485 -0.00470036 -0.0168963 0.0359497 0.0267733 -0.0163972 -0.0421442 -0.0194427 -0.00943096 0.251036 0.0478298 0.0706997 0.00830969 0.124749 -0.0338974 0.0762234 0.0933847 -0.00116916 0.0387807 -0.0170087 0.0340744 0.0946613 -0.0333443 -0.0386095 -0.0150246 0.0252745 -0.0211959 0.0188705 0.00670461 -0.0338981,800,0,cuda,1.81,5.14
test,922,British_Shorthair_36,British_Shorthair,cat,correct,British_Shorthair,partition,9,0.840513,35,0.626714,0.991026,0.364312,0.071484,0.802052,0.0,,,,-0.0258869 9.99369e-05 0.0104682 0.0020133 0.00683686 0.00905246 0.0132597 0.0173808 0.0326933 0.0223617 -0.00921342 -0.0515507 0.00920427 0.136775 0.278566 0.00106135 0.0192156 0.033629 0.100934 -0.0304643 0.103853 0.0395313 -0.0351386 0.116218 -0.0277778 0.0147809 0.0755189 -0.00391261 -0.0318723 -0.0415293 -0.0122018 -0.00506925 -0.012707 -0.0186366 -0.0105749,800,0,cuda,2.55,5.14
test,1402,german_shorthaired_28,german_shorthaired,dog,correct,german_shorthaired,kernel,14,0.999637,38,0.187022,0.520294,0.333272,0.214704,0.775145,0.0,,,,0.0187234 0.0392128 0.0295377 0.0612429 -0.0138484 0.00122725 0.217105 -0.032483 0.0393333 0.0167292 0.0276475 -0.0122914 0.0221891 -0.0134108 0.0577611 0.00234626 -0.00158899 0.10826 0.0387625 -0.0221998 0.00631134 0.0187666 0.0150666 0.0184494 0.0489916 -0.0205793 0.0336122 0.0279869 0.0203541 0.0383485 0.00442163 0.0266518 0.0566155 0.0260394 -0.0107693 0.04448 0.0142093 0.0165046,800,0,cuda,2.51,5.91
test,1402,german_shorthaired_28,german_shorthaired,dog,correct,german_shorthaired,partition,14,0.999637,38,0.187022,0.351479,0.164458,0.20905,0.701317,0.0,,,,0.056122 0.00901701 0.0060952 0.0857377 0.000622159 0.0682947 0.285373 0.00235606 0.00701643 0.0318523 0.0612222 -0.000769541 -0.000910477 -0.00119698 0.0124341 0.00374292 0.00665483 0.0814682 0.00442133 0.00992571 0.00535038 0.0185241 0.00686739 0.0143249 0.00700119 0.015935 0.0198163 0.00787818 0.00760067 0.0161228 0.00235566 0.00523656 0.033131 0.0209874 0.0096791 0.0193548 0.0148939 0.0151787,800,0,cuda,2.43,5.91
test,3443,staffordshire_bull_terrier_77,staffordshire_bull_terrier,dog,wrong,american_bulldog,kernel,1,0.430531,45,0.253846,0.650582,0.396736,0.103454,0.705036,0.0,,,,0.0711608 0.0282637 0.0347051 0.0104242 -0.0188756 0.00441214 0.00473886 0.230665 -0.0246933 -0.0167522 -0.0249195 0.0339506 0.0250904 -0.0632857 0.0891132 -0.00710734 2.58465e-05 -0.0101805 0.0248355 0.00528647 -0.0193713 0.0112553 0.0459895 -0.0132246 0.00104619 0.00110079 0.0264632 0.00818886 -0.0937183 -0.0130866 -0.010185 -0.0244058 -0.00434963 -0.0258211 0.00542304 -0.0152064 0.00120319 0.0276801 0.0463304 0.033371 0.0532755 -0.0199921 -0.0334125 0.00622776 -0.018383,800,0,cuda,2.47,5.7
test,3443,staffordshire_bull_terrier_77,staffordshire_bull_terrier,dog,wrong,american_bulldog,partition,1,0.430531,45,0.253846,0.47382,0.219974,0.153841,0.679303,0.0,,,,0.0555338 0.0352384 0.0376082 0.0122878 -0.00354967 -0.00661812 0.0600259 0.144955 0.0283756 -0.00416163 -0.00993136 0.0452172 0.00851906 0.0101098 0.035984 0.0043197 -0.00224969 0.00133916 -0.000690267 0.00147764 -0.00485288 -0.00373502 0.00226788 0.00117168 0.000167563 -0.0025377 -0.0216042 -0.00394621 -0.0186152 -0.00301699 0.00144802 -0.00574726 -0.00055535 -0.0122784 0.00105304 0.0130856 -0.00218251 -0.0102431 0.00531556 -0.00142925 0.0156365 -0.00912565 -0.00444592 0.00562072 -0.0219848,800,0,cuda,2.22,5.7
test,167,american_bulldog_71,american_bulldog,dog,wrong,american_pit_bull_terrier,kernel,2,0.838269,42,0.420022,0.447701,0.02768,0.013874,0.496575,0.0,,,,0.058946 0.0559577 0.0666563 0.000965441 0.0414457 -0.00169674 0.220297 0.0695718 0.129814 0.00580676 0.0103047 0.0463046 0.0155453 0.107107 0.0020089 -0.00239544 -0.00532798 0.00431546 -0.0324088 0.0198432 -0.0230499 -0.0530128 0.0401314 0.0318383 -0.00503695 0.0052346 0.0124482 -0.0180998 -0.0121275 -0.00864934 -0.0134577 -0.000924108 0.000283853 0.0318381 0.00409893 0.00389911 0.00023386 0.0235767 -0.00191529 -0.00220787 0.00013743 0.00165202,800,0,cuda,2.63,6.0
test,167,american_bulldog_71,american_bulldog,dog,wrong,american_pit_bull_terrier,partition,2,0.838269,42,0.420022,0.328998,-0.091024,0.042419,0.468098,0.0,,,,0.0557089 0.0221842 0.0577064 0.00467614 0.0144673 0.0189729 0.133138 0.0768039 0.139915 0.00208412 0.0165229 0.0113396 0.00399596 0.0206571 -0.00111328 0.00450679 0.00226044 -0.00232166 0.0231073 0.0295279 0.0465973 -0.0127467 0.0331208 0.00940046 -0.00786773 0.0036604 0.00274429 0.0187819 0.00422787 0.00182658 -0.00103118 0.00451126 -0.000415183 0.00918245 0.0165559 0.00891522 0.00443342 0.0213896 0.00635006 0.0146671 0.00584045 0.00566726,800,0,cuda,2.38,6.0
test,2469,pomeranian_8,pomeranian,dog,correct,pomeranian,kernel,24,0.999798,39,0.572166,0.993547,0.421381,0.075699,0.539312,0.0,,,,0.045579 -0.0147198 0.00772572 0.025488 0.0420257 -0.0112032 -0.00352875 0.0316118 -0.0271055 -0.00117041 0.00387058 0.106522 0.0126387 0.090808 0.028399 -0.00344124 0.0249595 0.0258011 0.0738677 0.026483 -0.00101626 -0.0182235 -0.0134235 0.0563979 0.209059 0.000255172 0.0197649 -0.0266 3.18016e-05 0.0840203 0.0314948 0.0265361 0.116131 0.00664283 0.0111041 -0.0276061 0.00411992 0.0161519 0.0125676,800,0,cuda,2.56,5.63
test,2469,pomeranian_8,pomeranian,dog,correct,pomeranian,partition,24,0.999798,39,0.572166,0.995433,0.423267,0.077036,0.623558,0.0,,,,0.00193536 0.00540952 0.0144424 0.0066422 0.00512179 0.00481949 0.00275348 0.00646222 0.00402262 0.00305037 0.00160126 0.0664756 0.0106413 0.0629791 0.00177529 0.0182753 0.00403966 0.0123643 0.0953116 0.0132071 0.0214167 0.00572949 0.00521556 0.00713029 0.152293 0.0225701 0.00563441 0.0107827 0.0329415 0.0851881 0.00463255 0.0490256 0.149719 0.0209571 0.0137738 0.00742648 0.0424036 0.00703772 0.00681163,800,0,cuda,2.11,5.63
test,2273,newfoundland_93,newfoundland,dog,correct,newfoundland,kernel,22,0.999204,33,0.386639,0.803692,0.417053,0.189728,0.687937,0.0,,,,0.0196531 -0.012236 0.0107272 0.0679189 -0.0102228 0.00589259 0.098224 -0.0151663 0.0996985 0.105019 0.0692477 -0.00230899 0.0457346 0.0356235 0.126035 0.0210767 0.0177586 0.0100491 0.0583485 -0.0164211 0.0792008 0.0189435 0.0641844 -0.0328309 0.0339081 0.0316895 0.020959 -0.0188993 0.0176042 -0.00480906 0.0174101 0.0323046 -0.000892312,800,0,cuda,2.11,5.33
test,2273,newfoundland_93,newfoundland,dog,correct,newfoundland,partition,22,0.999204,33,0.386639,0.691565,0.304926,0.224928,0.587528,0.0,,,,0.00376025 0.00609024 0.0090398 0.0326713 0.00938806 0.00632437 0.0348906 0.00698489 0.0793416 0.103047 0.0746597 0.0289989 0.0235002 0.0637902 0.111822 0.0874658 0.000225117 0.0327578 0.0187556 0.0186959 0.0298288 0.0231596 0.0394492 0.0215198 0.00492038 0.0521914 -0.000118601 0.00653592 0.0111208 0.0312918 0.0203575 -0.00118506 0.00214345,800,0,cuda,2.33,5.33
test,3403,staffordshire_bull_terrier_40,staffordshire_bull_terrier,dog,correct,staffordshire_bull_terrier,kernel,34,0.599259,34,0.603874,0.819946,0.216072,0.02441,0.509193,0.0,,,,-0.00926359 -0.0377239 0.108537 0.0807972 -0.00700433 0.0804372 0.0720355 0.0926176 0.0419932 0.0311126 0.00406418 0.0534727 -0.000580756 -0.0119494 0.0108163 0.0104566 0.0804565 0.0341563 0.0130132 -0.0241101 0.0304219 -0.022818 0.0401733 0.000919578 0.0158087 0.00535214 -0.0286368 -0.0315233 -0.00827583 -0.0147419 0.00326425 -0.0154104 -0.011503 0.00878444,800,0,cuda,2.14,5.14
test,3403,staffordshire_bull_terrier_40,staffordshire_bull_terrier,dog,correct,staffordshire_bull_terrier,partition,34,0.599259,34,0.603874,0.66857,0.064696,0.020892,0.405914,0.0,,,,0.000820747 0.00937387 0.0265273 0.0242455 -0.00182031 0.10942 0.165169 0.0784286 0.0424339 0.0835661 0.00237268 0.0361197 0.0158308 0.00868123 0.00239602 0.0138361 0.0185744 0.0286074 0.00310131 -0.00469089 -0.0101169 0.000634731 0.00399805 0.000765507 -0.00827232 -0.00381869 -0.00433581 -0.0213386 -0.00591525 -0.00243072 -0.0113011 -0.00321937 -0.000954006 -0.00154013,800,0,cuda,2.11,5.14
test,12,Abyssinian_217,Abyssinian,cat,correct,Abyssinian,kernel,0,0.856634,29,0.606704,0.575535,-0.031169,0.115621,0.656597,0.0,,,,0.0717538 0.0757925 0.0227866 -0.0176993 0.00505964 -0.0149392 0.103662 0.071744 0.0494352 0.00458006 0.131059 0.144004 0.0225743 0.000456485 -0.00205265 0.000337672 0.0448569 -0.00344431 0.0182546 0.0330491 0.0171095 0.0231541 -0.00774104 0.000710182 -0.0134622 0.0398769 -0.000173419 -0.00435465 0.0167785,800,0,cuda,2.31,5.47
test,12,Abyssinian_217,Abyssinian,cat,correct,Abyssinian,partition,0,0.856634,29,0.606704,0.683967,0.077263,0.273569,0.275957,0.0,,,,0.0905828 0.0729634 0.00612203 0.0183034 0.0142932 0.016744 0.200435 0.0352551 0.0208516 0.0249573 0.00859744 0.00900095 0.00467424 0.00451708 0.00530036 0.0185371 0.025853 0.0008431 0.00996185 0.0822094 0.00783881 0.0142231 0.0105717 0.0165114 0.0320409 0.0592848 0.0064825 0.00597794 0.010236,800,0,cuda,2.25,5.47
test,1546,great_pyrenees_68,great_pyrenees,dog,correct,great_pyrenees,kernel,15,0.998677,37,0.391004,0.986629,0.595625,0.04145,0.790019,0.0,,,,-0.00177398 -0.00252583 0.00592997 -0.0132348 0.0156972 0.0138674 -0.00589832 0.040668 0.037228 0.0776033 -0.00199006 -0.0153669 0.271692 0.0740642 0.0124557 -0.0149374 0.0057798 0.0308823 0.136944 0.25104 0.012857 -0.00820117 0.0448815 -0.0114933 0.00348475 0.0196342 0.001743 0.00856207 0.00255261 -0.00482453 0.00932255 0.00554908 -0.00255182 0.00810784 0.00842585 -0.00135496 -0.0216358,800,0,cuda,2.33,5.25
test,1546,great_pyrenees_68,great_pyrenees,dog,correct,great_pyrenees,partition,15,0.998677,37,0.391004,0.986629,0.595625,0.047849,0.761831,0.0,,,,0.00602785 0.00475444 0.00178019 0.0147003 0.0301264 0.00780836 0.00569449 0.0294389 0.0222377 0.0727734 0.00657362 0.014342 0.371136 0.0912481 0.0157573 0.00734689 0.0178018 0.0103436 0.0806861 0.130748 0.0163649 0.00187308 0.0094536 0.00189299 0.0022765 0.0083991 0.00309635 0.00323495 0.00178075 0.000359867 -0.000107947 0.00213984 -0.000182582 0.000769977 -0.000535096 0.000810455 0.00023058,800,0,cuda,1.99,5.25
test,617,Birman_27,Birman,cat,correct,Birman,kernel,6,0.968645,38,0.611029,0.944201,0.333172,0.366276,0.839083,0.0,,,,0.0254623 0.0469743 0.0251918 -0.00465618 0.00886508 0.00928481 -0.00487024 0.0210989 0.0412895 0.0835687 0.0632717 0.0477561 0.0047599 0.00642282 0.0488653 0.0657981 0.0755109 -0.0130188 0.0768058 0.036059 0.0017097 0.0203428 0.00843109 0.000505373 0.00801847 0.0374897 0.046942 0.0304204 0.0366971 0.0264807 -0.0184458 0.011593 -0.00615144 0.00820403 0.0135797 0.0108604 0.0252272 0.0107965,800,0,cuda,2.44,5.76
test,617,Birman_27,Birman,cat,correct,Birman,partition,6,0.968645,38,0.611029,0.994978,0.383949,0.465424,0.799075,0.0,,,,0.00467613 0.00844011 0.0342662 0.0165031 0.00770152 0.00327325 0.0170986 0.0319445 0.0404403 0.0646008 0.0136995 0.074904 0.004239 0.00679304 0.0473468 0.0541387 0.0860544 0.00725488 0.0389951 0.0324894 0.0144268 0.0411823 0.0866639 0.0344034 0.0274617 0.0539516 0.038511 0.0203323 0.0481584 -0.00721179 -0.000979371 -0.0037073 -0.00522581 -0.000608492 0.000331667 -0.00321741 -3.319e-05 -0.00215823,800,0,cuda,2.42,5.76
test,1092,Egyptian_Mau_209,Egyptian_Mau,cat,wrong,Abyssinian,kernel,0,0.34719,36,0.561842,0.612471,0.050628,0.017968,0.359707,0.0,,,,0.00381588 0.0115099 0.008887 0.00570909 0.00219631 -0.00619446 0.131277 0.0215485 -0.00334376 0.000812372 0.03921 0.0173391 0.0198177 0.028852 0.0922864 0.0844356 0.0123771 0.013136 0.00454831 -0.00467497 -0.00378005 0.0183047 -0.0291183 -0.015399 0.000564092 -0.0170068 0.00887028 -0.000173781 -0.0353553 0.00149699 -0.00550448 0.000391219 -0.00425922 -0.00150556 -0.0466146 -0.0307307,800,0,cuda,2.03,5.22
test,1092,Egyptian_Mau_209,Egyptian_Mau,cat,wrong,Abyssinian,partition,0,0.34719,36,0.561842,0.813612,0.25177,0.034357,0.295942,0.0,,,,0.0204353 0.0040247 0.0180134 0.00727365 0.0100658 0.0108429 0.16792 0.0897206 0.00227278 -0.0246524 -0.0303933 0.0154442 -0.0230842 -0.000575836 0.0294344 0.00733017 -0.00582016 0.0291744 0.0139774 0.0504458 0.0160722 0.00404859 -0.00608086 -0.0145626 0.0284677 -0.0343197 0.00795279 0.000287884 -0.0226092 -0.00591362 0.000356516 -0.00833221 -0.00219334 0.00379876 -0.0246788 -0.0104189,800,0,cuda,2.23,5.22
test,90,Abyssinian_93,Abyssinian,cat,correct,Abyssinian,kernel,0,0.996481,32,0.848812,0.985918,0.137106,0.18982,0.539581,0.0,,,,0.0888654 -0.00322758 0.0706241 0.0282766 0.0285708 0.138336 0.0374317 0.0825301 0.0214343 0.0333045 0.00225389 0.0207586 0.0963466 0.028459 0.0174146 0.00861686 0.0147089 0.0565356 -0.00356337 0.00120446 0.0300319 0.0213727 0.0165768 0.00106374 -0.0245414 0.0378697 0.00628729 0.0234514 0.0158231 0.024054 0.0234751 0.0286702,800,0,cuda,2.06,5.21
test,90,Abyssinian_93,Abyssinian,cat,correct,Abyssinian,partition,0,0.996481,32,0.848812,0.993177,0.144365,0.241729,0.411375,0.0,,,,0.0533589 0.0302736 0.0215354 0.0374201 0.0453318 0.12803 0.0839254 0.0456088 0.0205125 0.00625168 -0.000112192 0.00433201 0.0215979 -1.40513e-05 -0.00164362 0.000579063 0.00115914 -0.0106674 0.00804402 0.0313069 0.0633401 0.0241833 0.0776893 0.0193784 0.00900135 0.0328801 0.01013 0.0222158 0.0719919 0.0241368 0.0719546 0.0192842,800,0,cuda,2.38,5.21
test,612,Birman_22,Birman,cat,correct,Birman,kernel,6,0.983856,41,0.375518,0.980127,0.604609,0.242777,0.817907,0.0,,,,0.0078642 0.0459242 -0.0032301 0.0128602 0.00648574 0.0344731 0.0107225 0.00791262 0.00225487 0.0236172 0.0042304 0.0215633 0.0138856 0.210526 -0.00776204 0.00308395 -0.00776144 -0.0177583 0.0143365 0.0641671 0.0637827 0.012529 -0.0133948 -0.00328764 0.146683 0.011378 0.0164477 0.0182519 -0.00866751 0.0111141 0.0758191 0.0143179 0.0143852 0.011192 0.0177588 0.0645544 0.00249661 -0.0155464 0.0530328 -0.00362149 0.0157311,800,0,cuda,2.38,5.39
test,612,Birman_22,Birman,cat,correct,Birman,partition,6,0.983856,41,0.375518,0.983456,0.607938,0.522207,0.912756,0.0,,,,0.00181208 0.0471649 0.00336032 0.0308409 0.0235444 0.0439829 0.00175731 0.0328729 3.1631e-05 0.00107696 0.012619 0.0163172 0.0370686 0.0919073 0.0114522 0.0236816 0.00647396 0.0125662 0.040041 0.0880883 0.0484341 0.0335595 0.010441 0.0014551 0.215124 0.00427877 0.00635168 0.00193854 0.00438542 0.0177899 0.0526974 0.00197998 0.000515981 0.00573244 0.00955014 -0.00339241 0.00203041 -8.72492e-05 0.00386757 0.00568088 0.00335937,800,0,cuda,2.12,5.39
test,3323,Sphynx_36,Sphynx,cat,correct,Sphynx,kernel,33,0.989551,31,0.412368,0.963293,0.550925,0.205377,0.850734,0.0,,,,-0.00203504 0.066572 0.00352641 0.0895254 -0.0127821 0.0107546 0.141002 -0.0198926 0.0170261 0.0812339 -0.0431884 0.0378793 -0.028498 0.00304765 0.144213 0.00283765 -0.0222774 -0.00593192 0.0828047 0.0202181 0.0462664 0.034563 -0.00877861 0.000895012 0.216266 0.00286589 0.00691722 0.0492495 0.012612 0.0566039 -0.0266244,800,0,cuda,2.12,4.8
test,3323,Sphynx_36,Sphynx,cat,correct,Sphynx,partition,33,0.989551,31,0.412368,0.851331,0.438962,0.238437,0.814271,0.0,,,,-0.00164363 0.0800975 0.029912 0.0132275 -0.000252419 0.0221679 0.0798406 -0.00650216 0.000954964 0.0515951 0.00668929 0.0488221 0.00342113 -0.00254525 0.13656 0.00187247 -0.00928813 0.00553431 0.0955206 0.00110128 -0.00428483 0.0172075 -0.0233939 0.0202622 0.244453 0.00845227 0.00147542 0.0633864 0.00627984 0.0666078 -0.000658579,800,0,cuda,1.96,4.8
test,1404,german_shorthaired_2,german_shorthaired,dog,correct,german_shorthaired,kernel,14,0.634537,38,0.638174,0.925743,0.287569,0.038096,0.585752,0.0,,,,0.00974519 0.0135323 0.0226138 0.00666832 0.0115984 0.0104478 0.0016576 -9.19961e-05 0.00232537 0.126605 0.0679359 -0.00597192 0.000221496 -0.00664083 0.0408586 0.067123 0.0521521 -0.0490703 0.0214352 0.108827 0.0581498 0.0216742 -0.00881942 0.0549225 0.0392853 -0.0185107 0.0145872 0.0219629 0.051767 -0.10169 0.00313587 -0.0315178 0.0253802 -0.058209 -0.0264838 0.0600437 0.0123381 -0.0153714,800,0,cuda,2.45,5.35
test,1404,german_shorthaired_2,german_shorthaired,dog,correct,german_shorthaired,partition,14,0.634537,38,0.638174,0.921932,0.283758,0.084397,0.520313,0.0,,,,0.00108808 0.0198241 0.00715252 4.47584e-05 0.00404263 0.0124855 0.00601657 0.0205887 -0.00209368 0.091446 0.0995538 0.0135011 0.00426785 0.0153948 0.0112196 0.0601817 0.071352 0.037295 0.0101535 0.0429578 0.0806618 0.0228298 -0.00935957 -0.00209056 0.00125192 -0.00445209 -0.012411 -0.017328 0.00897467 0.00752876 0.00406214 0.000677774 -0.0100144 -0.0167793 0.00404953 0.00615294 0.0125062 0.00188273,800,0,cuda,1.98,5.35
test,857,boxer_74,boxer,dog,correct,boxer,kernel,8,0.99121,32,0.898398,0.991681,0.093283,0.171798,0.810314,0.0,,,,0.0377877 -0.00930036 0.0668241 0.0625958 0.0848491 0.0578904 0.0180481 0.0336501 0.0414407 0.123144 0.00511677 0.142715 0.115452 -0.00796958 -0.0176079 0.0271483 0.000891616 -0.0274254 0.0573463 0.0190806 0.028342 -0.00374228 0.0075497 0.00201992 -0.0175599 0.0383189 -0.0176927 0.00216897 -0.0128415 0.0368809 0.0407429 0.0450759,800,0,cuda,2.57,4.81
test,857,boxer_74,boxer,dog,correct,boxer,partition,8,0.99121,32,0.898398,0.995956,0.097559,0.447205,0.716545,0.0,,,,0.00351523 0.0114907 0.0878415 0.0392025 0.0603021 0.0253836 0.0912153 0.0816987 0.0542074 0.0888952 0.0177395 0.0651341 0.0347967 0.00778795 0.00928807 0.0196824 0.00779187 0.00561112 0.0170369 0.00603047 0.0174157 0.0960287 0.00721792 0.0125901 0.0184375 0.00606363 0.0177135 0.0124922 0.0281323 0.00797555 0.00795939 0.014263,800,0,cuda,1.41,4.81
test,3230,Siamese_51,Siamese,cat,correct,Siamese,kernel,32,0.6636,33,0.844288,0.90892,0.064632,0.055641,0.519521,0.0,,,,0.0307094 0.0740674 0.00874422 0.0556355 0.0518528 0.00761952 0.0421667 -0.0205055 -0.0252966 0.0348447 0.0636029 0.0249574 0.0793964 0.0246423 0.0686774 0.0104182 0.140793 -0.0243118 0.125804 0.00274289 -0.0209302 -0.0153824 0.00178665 0.0491226 -0.00115864 -0.0289165 -0.0411339 -0.017463 -0.00202687 -0.0206633 -0.0151377 -0.00872439 -0.00710143,800,0,cuda,2.53,4.88
test,3230,Siamese_51,Siamese,cat,correct,Siamese,partition,32,0.6636,33,0.844288,0.714433,-0.129856,0.074627,0.481091,0.0,,,,0.0157921 0.0569841 -0.0339898 0.0766176 0.125831 0.0482942 0.0868731 0.0244433 0.0610434 0.0114149 0.0697812 -0.0211282 0.0499666 0.0353892 0.0345265 0.00437394 0.0635108 -0.00297844 0.0631868 0.0116572 0.0145277 -0.00774117 -0.00563611 0.0098767 0.00121986 -0.00928247 -0.0698008 0.0026962 0.00335206 -0.00381805 -0.00545426 -0.0593564 -0.00334104,800,0,cuda,1.5,4.88
test,777,Bombay_90,Bombay,cat,wrong,scottish_terrier,kernel,30,0.686393,31,0.777364,0.755535,-0.021829,0.068162,0.626765,0.0,,,,-0.0104284 0.00526087 -0.0103584 -0.00708067 -0.0705722 0.00318822 -0.0265796 0.107836 0.0486421 0.0189618 0.0433743 -0.0140173 0.0908325 0.0334849 0.00354715 0.0630985 -0.00336093 0.0083935 0.0906309 0.114806 0.00533434 -0.0151 -0.00409127 0.0926613 -0.0127513 -0.0101925 0.0504961 0.0266617 0.0207006 0.0382382 -0.00320909,800,0,cuda,2.61,5.47
test,777,Bombay_90,Bombay,cat,wrong,scottish_terrier,partition,30,0.686393,31,0.777364,0.993109,0.215746,0.325912,0.411855,0.0,,,,-0.0141034 -9.44512e-05 0.0172305 -0.0179793 0.00561187 0.012019 0.00508354 0.0524436 0.00282105 0.0268429 0.0270284 0.0167358 0.026387 0.0400478 0.0593228 0.0646446 0.0393692 0.0130618 0.0176684 0.0482734 0.0281818 0.0952322 0.00165273 0.0282746 0.0460794 0.00284719 0.0140334 0.00331566 0.0053657 0.000979352 0.0100309,800,0,cuda,2.1,5.47
test,1638,havanese_60,havanese,dog,correct,havanese,kernel,16,0.54004,45,0.966538,0.995213,0.028675,0.066027,0.616578,0.0,,,,0.0261107 0.0120937 0.025474 -0.00680064 0.0251905 -0.0462916 0.00524811 0.00523101 0.00758898 0.0522622 -0.00184489 0.0118619 0.0322904 -0.0229385 0.00190103 0.018245 0.0487287 0.0114546 0.00489902 0.00811646 -0.014181 -0.000208992 0.0390019 -0.0115404 0.0015386 -0.0601491 0.0269993 0.0223143 0.0707001 0.0241614 -0.00289377 0.0183292 -0.00954262 0.0490346 -0.0191802 0.0614289 0.0225885 -0.0388536 -0.0132991 -0.0248793 0.00646554 -0.0365382 -0.00179437 0.195676 -0.00895859,800,0,cuda,2.73,5.63
test,1638,havanese_60,havanese,dog,correct,havanese,partition,16,0.54004,45,0.966538,0.995545,0.029007,0.062957,0.548165,0.0,,,,0.00229092 -0.00441811 -0.0383048 -0.031354 0.00919032 -0.0231929 0.00429831 -0.00119715 -0.00602286 -0.00633404 0.00875286 -0.00708566 0.00543761 0.00472625 -0.00438561 0.00585601 0.00554791 -0.0322895 0.01006 0.00203534 -0.0164027 0.00745332 0.00725363 -0.0164861 0.00901487 -0.00655824 0.0047863 0.0215236 0.0649112 0.00231289 0.0692642 0.00389879 0.00349761 0.102005 0.00233448 0.0844567 0.000454012 0.000386862 -0.000442892 -0.00314161 -0.00174401 -0.00181064 -0.00369933 0.237324 0.0408373,800,0,cuda,2.01,5.63
test,1986,Maine_Coon_239,Maine_Coon,cat,wrong,Bengal,kernel,5,0.562247,36,0.893196,1.0,0.106804,0.008559,0.051662,0.0,,,,0.0239138 0.0251819 0.00394319 -0.0123235 0.000669298 -0.0198505 0.0116471 0.0557198 0.0178241 0.00329963 -0.0139123 -0.00966931 0.00472577 0.056144 0.0385486 0.0333908 -0.0036706 -0.00885786 0.0235029 0.022008 0.0573961 0.0210727 0.0422301 -0.00486766 -0.0212749 0.0272595 0.0157519 0.0287681 0.0103729 -0.0202057 0.0354674 0.0218597 -0.00480775 0.00760275 0.0395594 0.0221487,800,0,cuda,2.46,5.36
test,1986,Maine_Coon_239,Maine_Coon,cat,wrong,Bengal,partition,5,0.562247,36,0.893196,0.999233,0.106037,0.0251,0.049189,0.0,,,,-0.000643875 0.00285008 0.0184891 0.0062435 0.00154132 0.000186394 0.00254829 0.0160454 0.00327213 0.00350071 0.0298667 0.00386064 0.0149233 0.0579837 0.0173142 0.00470783 0.00728341 0.0799952 0.0713438 0.0053284 0.0348209 0.00224763 0.0093715 0.0346361 0.0118063 0.0215734 0.0185369 0.00643275 0.00409806 0.0114605 0.0101538 0.00165024 0.00451454 0.000355421 0.0112162 0.00105345,800,0,cuda,2.07,5.36
test,2352,Persian_70,Persian,cat,correct,Persian,kernel,23,0.999554,33,0.677136,0.958356,0.281219,0.159573,0.76595,0.0,,,,-0.000770534 0.0117096 0.0138016 0.00296298 -0.00877721 0.0114963 0.0138834 -0.00526402 0.0232055 0.0130499 0.0155123 -0.00130415 0.0125308 0.0327255 0.213543 -0.00967929 0.0676135 -0.00606459 -0.00533237 0.10614 0.0693432 0.0652766 -0.0196996 0.0412054 0.109643 0.0310259 0.0400574 0.148442 -0.00840631 -0.0117152 -0.00012057 0.0169392 -0.00218302,800,0,cuda,2.66,5.75
test,2352,Persian_70,Persian,cat,correct,Persian,partition,23,0.999554,33,0.677136,0.957223,0.280086,0.188148,0.773577,0.0,,,,-0.00255517 -0.00198953 0.000582276 -0.000510622 -0.000155353 0.00275906 -0.00165496 0.00222789 0.00684032 -0.00236061 0.00387004 0.00506396 -0.0021862 -9.54422e-05 0.1544 0.0204677 0.0861887 0.00609695 0.0142373 0.0988138 0.165226 0.0109937 0.0106151 0.0971943 0.0824485 0.0134196 0.0606688 0.166013 -0.00796506 0.00527225 -0.00667876 -0.0064975 4.07705e-05,800,0,cuda,2.3,5.75
test,3235,Siamese_56,Siamese,cat,wrong,Birman,kernel,6,0.84852,31,0.704879,0.578922,-0.125957,0.112548,0.731968,0.0,,,,0.0167981 0.016841 -0.00863948 0.0892332 0.139228 0.00445983 0.0403192 -0.00912997 0.0837728 -0.00624437 0.0302962 -0.011266 0.0485989 -0.0419537 0.0284119 0.0183396 0.10875 -0.0613241 0.113404 -0.0145427 0.136793 0.00952052 0.00425599 -0.0238755 0.00683243 0.0516008 -0.0477396 0.0193416 0.0270866 0.0375935 0.0102525,800,0,cuda,2.47,5.6
test,3235,Siamese_56,Siamese,cat,wrong,Birman,partition,6,0.84852,31,0.704879,0.712428,0.007549,0.315758,0.773743,0.0,,,,0.0233698 0.00444649 0.0317782 0.106189 0.0960769 0.0331641 0.11452 0.00260852 0.0279113 -0.000411796 0.00491332 0.00606527 0.0616216 -0.0101283 0.0342716 -0.00265563 0.0651956 -0.0394677 0.0639939 0.040806 0.0998444 0.0140714 0.0348107 -0.0147915 -0.0140442 0.095877 -0.00840982 -0.038804 -0.0071231 -0.00628733 -0.00239602,800,0,cuda,2.31,5.6
test,3473,wheaten_terrier_195,wheaten_terrier,dog,wrong,samoyed,kernel,29,0.494729,33,0.0,0.0,0.0,0.069182,0.50532,0.0,,,,-0.0233926 0.00948915 0.0104244 0.00368989 -0.0061255 -0.00117013 -0.015375 0.000825029 -0.00388749 0.0104018 0.00421949 0.00533873 -0.00195506 0.0159471 0.0357321 0.0389208 -0.0111641 0.0973743 0.0581343 -0.0118836 0.0215651 -0.00548807 0.0151121 0.0102254 0.103821 -0.00819008 0.00039791 0.0487991 -0.00487084 0.0233713 0.0514753 0.000478943 0.00175183,800,0,cuda,2.57,5.57
test,3473,wheaten_terrier_195,wheaten_terrier,dog,wrong,samoyed,partition,29,0.494729,33,0.0,0.0,0.0,0.068827,0.437209,0.0,,,,-0.00340386 0.000742793 0.0175744 0.00064167 0.0101094 0.0071477 -0.0123006 0.00516529 0.00385202 0.00874485 -0.00345626 0.00586082 0.0012538 0.0129084 0.00312012 0.00980565 0.00312629 0.0832274 0.047401 0.000734168 0.0429778 0.010323 0.00993458 0.00068064 0.0719101 -0.00156958 0.0147731 0.0439984 0.00178935 0.0108772 0.0562221 0.00393789 0.00588336,800,0,cuda,2.18,5.57
test,28,Abyssinian_27,Abyssinian,cat,correct,Abyssinian,kernel,0,0.998607,39,0.654237,0.835894,0.181657,0.168777,0.638806,0.0,,,,0.0879598 0.012534 0.0892815 -0.00140119 0.0248462 0.0780654 0.00706888 -0.0133805 0.0473402 0.0238553 0.0117478 -0.0167503 0.0656658 0.0792345 -0.00640072 0.0467492 -0.00942657 -0.0110361 0.0239017 0.0811791 0.0321747 0.0133328 0.0405356 0.015223 0.0320791 0.0173935 -0.00262313 0.0579624 0.017787 0.0100926 0.0214856 0.0242299 0.0337081 0.0241042 -0.0206208 0.0113849 -0.00155134 0.0223987 0.00501024,800,0,cuda,2.57,5.58
test,28,Abyssinian_27,Abyssinian,cat,correct,Abyssinian,partition,0,0.998607,39,0.654237,0.899019,0.244782,0.186306,0.433996,0.0,,,,0.0869005 0.00545992 0.0379528 0.0105447 0.0634912 0.0453987 0.00133142 0.00154049 0.0881815 0.0188905 0.00111857 0.0145935 0.0256313 0.0264119 0.00351439 0.0223522 0.00891014 0.00566126 0.0269679 0.0065723 0.0413134 0.0112157 0.0122631 0.0251634 0.0204063 0.0160381 0.0213072 0.0606012 0.0128428 0.0177595 0.00923564 0.0895219 0.0190103 0.0425106 0.00078024 0.0373759 0.00573073 0.0308655 -0.000225779,800,0,cuda,2.21,5.58
test,1522,great_pyrenees_46,great_pyrenees,dog,correct,great_pyrenees,kernel,15,0.99269,37,0.623585,0.998978,0.375393,0.013279,0.619511,0.0,,,,0.0236484 -0.0126275 0.0145643 0.00486453 0.0328319 0.00020017 0.0437634 0.0411831 0.134172 -0.000969383 -0.0051575 0.020809 0.0939982 0.0541763 0.0286979 0.00961127 -0.0161598 0.0357183 -0.00210087 0.000863259 -0.00765458 0.203206 0.0429171 0.169368 0.0415937 0.102357 0.00500786 -0.0183468 0.00469826 -0.0293538 -0.0243239 0.0307045 0.0242749 0.0129398 -0.0310248 -0.0368769 -0.00437781,800,0,cuda,2.49,5.76
test,1522,great_pyrenees_46,great_pyrenees,dog,correct,great_pyrenees,partition,15,0.99269,37,0.623585,0.999005,0.37542,0.03172,0.64131,0.0,,,,0.00289492 0.00776323 0.000617879 0.010042 0.0376594 0.00520981 0.0080008 0.0224594 0.148153 0.00278236 0.000404947 0.000458526 0.0690007 0.0742864 -0.000721902 0.0375063 0.00248097 0.0215717 0.000561695 0.000644801 -8.57459e-05 0.200411 0.00935646 0.205777 0.00717606 0.0715142 -8.79154e-05 0.000553749 0.00235062 0.00849975 0.00145777 0.0328305 -0.00050984 -0.00414304 6.00473e-05 -0.000268633 0.000527011,800,0,cuda,2.33,5.76
test,1066,chihuahua_83,chihuahua,dog,correct,chihuahua,kernel,10,0.999859,34,0.296556,0.778305,0.481749,0.066531,0.754724,0.0,,,,0.0311678 0.202959 0.000436169 0.00517417 -0.00436816 0.0100985 0.162958 -0.00240877 0.00163356 -0.0388889 0.0286294 -0.0236075 0.00814737 0.0946869 0.0236761 -0.0156485 0.0127978 0.297113 0.0197785 0.0295419 0.000118319 0.0403916 0.0175152 0.0669293 0.00351158 0.018235 0.0143079 -0.0191559 0.0179326 0.0252911 -0.0211249 -0.00699249 -0.0168688 0.00771968,800,0,cuda,2.35,5.49
test,1066,chihuahua_83,chihuahua,dog,correct,chihuahua,partition,10,0.999859,34,0.296556,0.682098,0.385542,0.066471,0.759024,0.0,,,,0.0359688 0.24097 0.0157713 0.000703442 0.00742987 0.00204503 0.116492 0.00046375 3.19525e-05 0.0306768 0.0889071 -0.00015955 -0.000279068 0.0949746 0.000187949 0.0278317 0.00403286 0.255244 0.000566696 0.0437554 0.000598647 0.000685946 0.000579664 0.00875369 0.000413048 0.0038654 0.00126231 0.00241793 0.0011423 0.00102723 0.001483 0.000970979 0.000340683 0.00253167,800,0,cuda,2.2,5.49
test,1911,leonberger_37,leonberger,dog,correct,leonberger,kernel,19,0.980892,39,0.668367,0.85499,0.186623,0.054743,0.414838,0.0,,,,0.0102139 0.0021463 -0.00243166 0.0147303 -0.00712032 0.00705106 0.0162375 0.00675699 0.00814011 0.0514026 0.0102384 0.060025 0.0307338 0.0127499 0.0113139 -0.00759123 0.00407169 0.0315278 -0.0179784 -0.00496765 -0.000806891 -0.00755499 0.00390951 0.0532145 -0.00756997 -0.0189483 0.0986839 0.0191338 0.0472215 0.0377851 0.0334273 0.027108 0.160709 0.0367504 0.0894936 0.032103 0.0383563 0.0628802 0.0343104,800,0,cuda,2.2,5.09
test,1911,leonberger_37,leonberger,dog,correct,leonberger,partition,19,0.980892,39,0.668367,0.965244,0.296877,0.072834,0.412684,0.0,,,,-0.00186079 -0.00186995 -0.00074661 -0.000503847 -0.00325953 -0.000148037 -0.00106186 0.00425081 -0.00174929 0.00291371 0.00458846 0.0109776 0.0373084 0.00733486 0.00387422 0.000680612 0.00356127 0.0195235 0.0331132 0.00457961 0.0220759 0.0333411 0.00882075 0.0151616 0.0264051 0.0143794 0.110274 0.0890223 0.0824852 0.0483086 0.0248655 0.0471019 0.122888 0.0417269 0.0390764 0.0476934 0.0335295 0.0328123 0.0159821,800,0,cuda,2.0,5.09
test,2538,pug_60,pug,dog,correct,pug,kernel,25,0.981863,37,0.517339,0.770173,0.252834,0.09509,0.636168,0.0,,,,0.0141649 0.0272846 -0.00213477 0.0821448 0.0232899 0.00432732 0.09185 0.0556774 0.0149358 -0.00578307 0.128093 0.0437226 0.00742289 0.0265937 0.150856 0.0795487 0.0361305 0.0468728 0.0099266 0.0251939 0.0156491 0.000764918 0.0252162 0.0253222 -0.0136328 0.00459895 0.0175859 -0.00255864 -0.00237915 0.00396412 0.0133472 -0.00407575 -0.000220301 0.0128629 0.00688373 0.00848255 -0.000645602,800,0,cuda,2.42,5.74
test,2538,pug_60,pug,dog,correct,pug,partition,25,0.981863,37,0.517339,0.698947,0.181608,0.101546,0.677176,0.0,,,,0.0141311 0.0549399 0.00138829 0.0848973 0.0051443 0.00496949 0.141999 0.081328 0.0254977 0.00470936 0.165035 0.0610012 0.00487801 0.00788941 0.188079 0.0392182 0.0448139 0.0046062 0.00319579 0.0094425 0.00886517 0.00135735 0.00297813 0.00476316 -0.000408556 0.00150314 0.000817588 0.00354306 0.000806067 0.00221221 -0.004353 0.00145799 -0.00228356 0.000980051 -0.00043879 0.00127006 0.00105007,800,0,cuda,2.35,5.74
test,74,Abyssinian_78,Abyssinian,cat,correct,Abyssinian,kernel,0,0.998902,37,0.457589,0.787111,0.329522,0.20926,0.808731,0.0,,,,0.0135718 0.00906494 -0.0241814 0.123323 0.034453 0.00668439 -0.0157133 0.002034 0.0567028 0.00650356 -0.00747257 -0.0198995 0.00337588 -0.00749637 0.0203735 0.0284508 0.117795 0.242846 0.0308973 0.0520956 -0.00835007 0.0576088 0.00860542 0.0102309 -0.0111228 0.0486626 0.0426436 -0.0230303 -0.00718853 0.0314062 0.0450295 0.0248217 0.0182743 0.0436354 0.014455 0.0150684 -0.00872135,800,0,cuda,2.58,5.57
test,74,Abyssinian_78,Abyssinian,cat,correct,Abyssinian,partition,0,0.998902,37,0.457589,0.75623,0.298641,0.186323,0.462049,0.0,,,,0.00225841 0.000968561 -0.000836522 0.0282029 0.00225134 0.0291708 0.00837316 -0.0032158 0.0107211 0.098471 -0.0016904 -0.000163015 -0.00180066 -0.009429 0.00264079 -0.000357323 0.0437359 0.11103 0.0336689 0.0795985 0.0143541 0.0567507 0.0275212 0.0445934 0.0121346 0.090227 0.0298046 -0.00823552 0.00762271 -0.00756464 0.0437074 0.047723 0.00583264 0.166336 0.00826837 0.0068224 -0.00405928,800,0,cuda,1.99,5.57
test,515,Bengal_25,Bengal,cat,correct,Bengal,kernel,5,0.971135,42,0.164342,0.783802,0.61946,0.025619,0.753299,0.0,,,,0.0134783 0.0147115 0.0243 0.00213521 0.0172918 0.116735 0.220061 -0.0125368 0.182462 0.065162 0.00872178 0.0282555 0.0106502 0.0450304 0.101878 0.00911612 0.00230556 0.0863831 -0.0438505 0.040058 -0.0193428 -0.00247453 0.00334143 0.01912 0.00604719 -0.0210263 0.021455 -0.0101782 0.00132405 -0.00120008 0.0140233 0.026035 0.01568 -0.0143122 -0.0200056 0.00220737 -0.0277215 0.0120504 0.00634531 -0.0182948 -0.015561 0.0295962,800,0,cuda,2.67,5.84
test,515,Bengal_25,Bengal,cat,correct,Bengal,partition,5,0.971135,42,0.164342,0.783802,0.61946,0.037954,0.795932,0.0,,,,-0.00229137 0.00975975 0.00485931 0.00463588 0.0381382 0.19027 0.191677 0.0274399 0.211264 0.0153306 0.00179706 0.0470243 0.00134909 0.00499694 0.0874319 0.00644955 0.0221061 0.0781917 0.00214058 0.00268601 0.000922279 0.00551592 -0.00442918 -0.0131595 0.00239079 -0.00149882 0.000300837 -0.00184926 -0.00107141 0.00224422 -0.0017094 0.000272324 0.00015499 0.00025007 0.000147873 0.0007764 0.000579937 0.00104476 0.00162039 0.000590178 0.000706977 0.000397943,800,0,cuda,2.15,5.84
test,1309,english_setter_34,english_setter,dog,correct,english_setter,kernel,13,0.985653,41,0.515127,0.857445,0.342318,0.240418,0.849689,0.0,,,,0.0299595 0.0153584 -0.0288304 0.0101922 -0.0152821 -0.0070697 -0.00814785 -0.0137519 0.00298928 0.0882919 0.0270055 0.0445278 0.162725 -0.00329046 0.0834466 0.197275 -0.0220983 0.0279899 0.0312535 -0.0256991 0.0120992 0.0427183 -0.00716482 0.0463663 0.0160168 0.0847766 0.0790751 0.0250441 0.0433476 0.0168558 -0.00290616 -0.00766935 0.00875883 -0.0117359 0.0143123 -0.0041964 0.00641646 0.0176866 0.0260426 -0.021294 -0.0189807,800,0,cuda,2.71,5.91
test,1309,english_setter_34,english_setter,dog,correct,english_setter,partition,13,0.985653,41,0.515127,0.862805,0.347678,0.328887,0.835159,0.0,,,,0.0193909 0.00159474 0.000955987 0.0176663 0.00457741 0.0171882 0.00888755 0.00528488 0.00242741 0.088849 0.014306 0.0110426 0.139637 0.00480925 0.0564384 0.360371 0.0389314 0.0174041 0.0169479 0.0278988 0.0189513 0.0126706 0.0103918 0.0584553 0.00092807 0.00464095 0.00236317 0.00149519 0.00228875 0.00365713 0.00230538 0.00013525 -0.00083049 0.00106437 -0.000166316 -0.000237927 -0.0101004 0.000126154 -0.000282871 1.79581e-05 -6.83893e-05,800,0,cuda,2.27,5.91
test,2609,Ragdoll_26,Ragdoll,cat,correct,Ragdoll,kernel,26,0.884238,36,0.799167,0.872438,0.073271,0.120768,0.226685,0.0,,,,0.0426129 0.0146006 -0.0193706 0.0187924 0.0227976 0.00508598 0.0347359 0.0372011 0.0309189 0.00942382 0.0403336 -0.027838 0.0774551 0.0478904 0.0504136 0.102884 -0.0192131 0.0163635 -0.0207132 0.0704369 0.0421733 0.0106101 0.0642244 0.00270523 0.0433799 -0.0057969 0.00504327 0.0577297 0.0417883 -0.0347603 0.0829362 0.0283049 -0.0142948 0.00529583 -0.0063679 0.00886338,800,0,cuda,2.29,5.2
test,2609,Ragdoll_26,Ragdoll,cat,correct,Ragdoll,partition,26,0.884238,36,0.799167,0.935462,0.136296,0.100263,0.230851,0.0,,,,0.0115587 0.0125743 0.0118102 0.00636727 0.00137142 0.0386153 0.0148465 0.00252276 0.0175862 0.0354893 0.0228063 0.0057445 0.0649085 0.00568888 0.034507 0.120797 0.0182344 0.0676412 0.00155075 0.0190121 0.0422715 0.0383374 0.0146967 0.0176489 0.0380895 0.00127928 0.00344906 -0.00363408 0.0350218 0.00821222 0.103786 0.00321719 0.0131671 0.0253521 0.00769785 0.0044212,800,0,cuda,2.04,5.2
test,2227,newfoundland_51,newfoundland,dog,correct,newfoundland,kernel,22,0.738182,35,0.342395,0.743914,0.40152,0.201707,0.561957,0.0,,,,-0.00954069 0.0685726 -4.55121e-05 0.0210755 0.103974 0.00734105 -0.0136805 0.0428936 -0.030882 0.00316102 0.00867833 0.0721823 0.0870058 -0.0166348 -0.00278803 0.0227028 -0.0250477 0.0783001 0.0483769 -0.00033673 -0.0313424 0.019235 -0.0121041 0.0317752 0.00259367 0.0300352 0.0422781 0.0119874 0.0218393 0.0364746 0.025169 0.0140439 0.0312931 0.0224169 0.0213991,800,0,cuda,2.62,6.03
test,2227,newfoundland_51,newfoundland,dog,correct,newfoundland,partition,22,0.738182,35,0.342395,0.726235,0.38384,0.239906,0.39349,0.0,,,,0.00143646 0.0166919 0.00796861 0.0231218 0.0384004 0.0039845 0.00236604 0.0492794 0.00158014 0.00500264 0.0154695 0.0120945 0.0971363 0.0139141 0.00365602 0.000657382 -0.0010496 0.0618882 0.0628728 0.00164973 0.0114735 0.00598961 0.00859658 0.0571863 0.0219582 0.0332857 0.0184301 0.0711769 0.0160997 0.0179987 0.0112522 0.00521145 0.01304 0.0142405 0.00834221,800,0,cuda,2.43,6.03
test,2002,Maine_Coon_265,Maine_Coon,cat,correct,Maine_Coon,kernel,20,0.824489,43,0.652184,0.849794,0.19761,0.061241,0.723266,0.0,,,,0.00952079 0.0108438 -0.021789 0.182566 -0.0151633 0.0183066 -0.0235181 0.0204554 0.0267068 0.0372187 0.0291841 0.0570641 0.0115951 -0.00249857 0.0126155 0.0423319 0.0692262 0.173186 0.138495 -0.011295 0.0856178 0.00421085 0.0164987 -0.0467408 -0.0118879 0.0288378 0.100294 -0.0203232 -0.00566779 0.0138668 -0.0284911 -0.0040279 0.0307885 -0.0540082 0.0202143 -0.017033 -0.0106196 -0.0147982 -0.00243621 -0.0120339 -0.0262586 -0.0154979 0.0037031,800,0,cuda,2.48,5.54
test,2002,Maine_Coon_265,Maine_Coon,cat,correct,Maine_Coon,partition,20,0.824489,43,0.652184,0.849794,0.19761,0.03967,0.519924,0.0,,,,-0.00140799 -0.0042363 0.012972 0.118114 -0.0127273 -0.0013742 0.0569706 0.00860521 -0.0216268 0.0458557 -0.00988414 0.00835803 -0.0142658 0.00769756 0.00125956 0.0162017 0.0390392 0.0938711 0.063226 -0.00269611 0.197772 0.00346994 0.0277192 -0.00257136 0.00079291 0.0139051 0.0697008 -0.00909129 0.0259517 0.0379632 -0.000193089 -0.00140253 0.0286055 0.00847597 -0.000334803 0.000385604 -0.00278915 -0.00393685 0.00123131 0.000205868 0.00293288 -0.00166949 -0.00181646,800,0,cuda,2.09,5.54
test,2157,miniature_pinscher_79,miniature_pinscher,dog,correct,miniature_pinscher,kernel,21,0.775039,38,0.07111,0.409192,0.338082,0.012205,0.283847,0.0,,,,-0.0155259 -0.0116425 -0.0162929 0.0255628 0.00645639 0.0141247 0.0187841 0.0355518 0.0291172 0.0334701 0.00709333 0.0239282 -0.0170723 0.0592509 0.0245568 0.0738964 -0.021839 0.023541 -0.0186424 0.0053127 0.0290233 0.0439343 0.0284797 0.105309 0.0305737 0.038907 0.0277994 0.0234567 -0.00558807 0.0573566 0.0837954 0.00278177 0.00285273 0.0647133 0.00445259 -0.0149087 -0.0225619 -0.0215199,800,0,cuda,2.73,6.12
test,2157,miniature_pinscher_79,miniature_pinscher,dog,correct,miniature_pinscher,partition,21,0.775039,38,0.07111,0.506274,0.435164,0.013122,0.441402,0.0,,,,-0.000421086 -0.00246543 -0.00378108 0.00116351 -0.00382658 0.00336575 0.000465194 -0.00277131 0.0147863 0.0227811 0.00798704 -0.00803529 -0.000109047 0.00670209 0.0403953 0.0444401 0.00109684 0.0128219 0.00130439 0.00313521 0.04299 0.0120323 0.0580997 0.107679 0.0189267 0.0345198 0.00258789 0.0443555 -0.0104471 0.0830187 0.0990479 0.036666 0.00327301 0.076269 0.0150031 -0.00129495 -0.00318611 -8.74643e-05,800,0,cuda,2.39,6.12
test,1584,havanese_193,havanese,dog,correct,havanese,kernel,16,0.999665,35,0.468571,0.673072,0.204501,0.23081,0.713351,0.0,,,,0.0409136 0.0132794 0.0442882 0.014105 0.069045 0.00343501 0.0304274 -0.0148751 -0.0113979 0.00256465 0.039404 -0.00442795 0.0928794 -0.00417808 -0.0041035 0.128323 -0.00112931 0.199775 0.0101962 -0.0234413 0.0669704 0.0901547 0.0245809 0.0435276 -0.00257567 -0.00142137 0.0121109 0.00516907 0.0246714 0.0637134 0.0084921 -0.00481475 0.00113061 0.00762154 0.0102506,800,0,cuda,2.39,5.62
test,1584,havanese_193,havanese,dog,correct,havanese,partition,16,0.999665,35,0.468571,0.673712,0.205141,0.217021,0.711714,0.0,,,,0.0045147 0.00515641 0.0208878 0.00360187 0.0649142 0.00155169 0.0345078 0.0317968 0.00198912 0.00431915 0.131296 0.000258431 0.261589 0.00251747 0.0174002 0.162175 0.00780192 0.0953237 0.00233095 0.00339644 0.0259314 0.0270022 0.0188482 0.0101922 0.00384181 0.00197494 -0.000266676 0.00360939 -0.000362198 0.0206686 -0.00104204 -0.000543929 0.00952778 -0.00367295 0.00162689,800,0,cuda,2.27,5.62
test,1517,great_pyrenees_41,great_pyrenees,dog,correct,great_pyrenees,kernel,15,0.99914,34,0.841976,0.979714,0.137738,0.063407,0.735643,0.0,,,,0.0295176 -0.00732396 0.00609981 0.0958422 0.0676348 -0.0139857 0.0114224 0.0936665 0.0466772 0.18878 0.00692551 0.125813 0.0702692 0.00645222 0.0705962 0.00253779 0.0233681 0.00143514 -0.00695457 0.0200778 0.0138885 0.0213656 0.0276211 0.0280236 0.0296293 0.0200793 -0.0154302 0.0215776 0.0146384 0.0103326 -0.0259083 0.0118365 0.0142725 -0.017132,800,0,cuda,2.25,5.72
test,1517,great_pyrenees_41,great_pyrenees,dog,correct,great_pyrenees,partition,15,0.99914,34,0.841976,0.980467,0.13849,0.085182,0.610099,0.0,,,,-0.00147669 0.0373693 0.0439475 0.126977 0.0178486 0.0325901 0.0132492 0.0321646 0.0727902 0.111472 0.035446 0.0917395 0.16501 0.0276378 0.0857584 0.0531764 0.045747 3.3432e-05 0.000300968 4.55144e-05 0.00087853 0.000232297 0.000200715 5.312e-05 7.73836e-05 0.000164831 3.65847e-05 4.44831e-05 4.39514e-05 2.79932e-05 1.38249e-05 7.79522e-06 3.23292e-05 5.41795e-06,800,0,cuda,2.53,5.72
test,116,american_bulldog_24,american_bulldog,dog,correct,american_bulldog,kernel,1,0.976893,34,0.785256,0.99267,0.207414,0.328635,0.706539,0.0,,,,0.00592056 0.0300447 0.011866 0.0318125 -0.0210671 0.0695833 0.11607 -0.00210895 0.0400024 0.0380623 0.0529313 0.0132415 0.00839331 0.0109314 0.00771724 0.0694119 0.0373606 -0.00684383 -0.0204386 0.107856 0.134401 0.0395457 0.0287001 0.0230263 0.0118986 -0.0199538 0.0742809 0.00332246 0.0104785 0.015372 -0.00381811 0.0200031 -0.0101168 -0.0082667,800,0,cuda,2.45,6.19
test,116,american_bulldog_24,american_bulldog,dog,correct,american_bulldog,partition,1,0.976893,34,0.785256,0.993235,0.207979,0.361789,0.615678,0.0,,,,0.0207615 0.000596985 0.00367104 0.0229632 0.00355244 0.12805 0.112632 0.00344222 0.013875 0.0210539 0.0524636 0.00319756 0.0534137 0.00352942 0.0242362 0.00718292 0.00180919 0.0237087 0.0396988 0.0723061 0.0425246 0.0176459 0.0910271 0.00880694 0.0108808 0.0279175 0.0725312 0.00866714 0.00873862 0.00111638 0.00536317 0.0114565 0.000373479 0.000424961,800,0,cuda,2.81,6.19
test,2341,Persian_60,Persian,cat,correct,Persian,kernel,23,0.95667,37,0.371632,0.989902,0.618271,0.056868,0.871361,0.0,,,,0.0151992 0.0136486 0.0158138 0.0140754 0.0099672 0.0535476 0.0100842 0.0241452 0.0310272 -0.00749562 -0.0244856 -0.00289919 0.276207 0.00567252 0.0100458 0.0109679 0.0447774 0.114167 -0.000861601 0.117682 -0.0247314 0.231347 0.0073501 -0.00483348 0.0142335 0.0159128 0.0637881 -0.0116419 -0.00860874 -0.0253854 -0.0124513 -0.00909513 -0.00179345 0.0116941 -0.0128449 -0.0232185 -0.00310085,800,0,cuda,1.84,5.32
test,2341,Persian_60,Persian,cat,correct,Persian,partition,23,0.95667,37,0.371632,0.742691,0.37106,0.04941,0.804267,0.0,,,,0.000588724 0.00977837 -0.00123409 -0.00468825 -0.000106886 0.00847727 0.00487328 -0.0011352 0.0159099 0.000724491 -0.00123926 -0.00078829 0.29362 0.00817635 -0.00106951 0.0421568 0.0527519 0.166472 0.000299353 0.272507 0.00755698 0.124193 0.00334263 -0.00412584 0.00138277 -0.00313226 0.000924508 -0.00141985 -0.00621773 -0.0032267 -0.0208779 -0.00428753 -0.00343903 -0.00854562 -0.000923758 -0.00454207 -0.00482764,800,0,cuda,2.51,5.32
test,1072,chihuahua_89,chihuahua,dog,correct,chihuahua,kernel,10,0.885708,27,0.510702,0.641324,0.130622,0.04828,0.597109,0.0,,,,0.0094879 0.0245803 0.0408992 0.0785549 0.0179943 0.0270863 0.328105 0.178493 0.0134243 0.0165991 -0.0487687 0.00901337 -0.0500068 -0.0114732 0.0281517 0.00321775 -0.00514051 0.118376 -0.0177777 0.0341942 0.0471753 0.00351368 0.00176971 -0.000909067 0.0211343 0.00682604 0.00301499,800,0,cuda,1.93,4.99
test,1072,chihuahua_89,chihuahua,dog,correct,chihuahua,partition,10,0.885708,27,0.510702,0.651507,0.140805,0.04911,0.528298,0.0,,,,0.000980816 -0.00245244 0.00898331 0.01728 0.00845358 -0.00897522 0.485989 0.125269 0.000499205 0.0242607 -0.00178811 7.67242e-05 0.00933475 0.000506052 -0.00286256 -0.00253084 0.0214588 0.0707914 0.0035038 0.0139296 0.0961091 -0.00145136 0.0117477 -0.00129522 -0.00168818 0.00185948 -0.000452401,800,0,cuda,2.26,4.99
test,2691,Russian_Blue_211,Russian_Blue,cat,correct,Russian_Blue,kernel,27,0.954182,31,0.621333,0.363564,-0.257769,0.048036,0.700333,0.0,,,,0.0105639 0.0622706 0.00757663 -0.00318057 0.0123024 -0.0233021 0.055362 0.231435 0.119795 0.00138386 0.192164 0.157343 0.00283208 0.0585257 -0.00918806 0.00707338 0.00599696 0.0486459 0.00875602 0.016375 0.0268154 0.0280817 -0.00852458 -0.00823081 -0.0266997 -0.00781097 -0.00578279 0.010124 -0.0131755 0.00255828 -0.0169102,800,0,cuda,1.75,5.22
test,2691,Russian_Blue_211,Russian_Blue,cat,correct,Russian_Blue,partition,27,0.954182,31,0.621333,0.305153,-0.31618,0.092801,0.571281,0.0,,,,0.0123381 0.109448 0.0338884 0.0456105 0.0281585 0.0347501 0.0561936 0.144782 0.175494 -0.000516942 0.278865 0.0297202 -0.00212079 0.0885679 -0.0342692 0.0155186 -0.0169391 0.0187782 -0.0219535 -0.00730894 0.0160742 -0.00477037 -0.00782977 -0.01307 -0.00263317 -0.0157652 -0.0226321 -0.00651573 -0.00195609 0.0147612 -0.00149244,800,0,cuda,2.62,5.22
test,1799,keeshond_25,keeshond,dog,correct,keeshond,kernel,18,0.992441,41,0.165637,0.824703,0.659066,0.024318,0.892944,0.0,,,,0.019597 -0.0144651 0.00590925 0.0176524 -0.00370058 0.0218764 0.000640914 -0.00856573 0.0106986 0.00130709 0.00474456 0.00520744 0.0123853 0.0193592 0.00425508 -0.0202662 0.0111125 0.05727 0.0711704 -0.00256478 -0.0178841 0.0104411 -0.0365688 0.414448 0.118045 0.0433129 0.00119034 0.135191 0.158264 -0.0374846 0.0120115 0.0153182 -0.0142384 0.00259801 -0.0114238 -0.0197654 -0.000679643 -0.0040442 -0.00390102 -0.000358603 0.00248306,800,0,cuda,1.78,4.99
test,1799,keeshond_25,keeshond,dog,correct,keeshond,partition,18,0.992441,41,0.165637,0.760854,0.595217,0.02926,0.88888,0.0,,,,0.00496898 0.00181177 0.000665546 0.00483647 0.00293159 0.00113161 0.000688364 0.00420572 0.00448053 0.00165165 0.00386413 0.00731322 0.000515332 0.0227945 -0.0021138 0.0105235 -0.00944739 0.00735102 0.0545704 -0.000273084 -0.00293255 0.0274789 0.00170514 0.226921 0.153654 0.0984871 -0.00190212 0.167797 0.0684167 -0.00271926 0.0710796 0.0123197 0.0372307 0.010455 0.00600722 -0.000386417 -0.00313561 -0.00532463 -0.00432725 -0.00096337 -0.00175238,800,0,cuda,2.28,4.99
test,2820,saint_bernard_45,saint_bernard,dog,correct,saint_bernard,kernel,28,0.999873,39,0.138054,0.527019,0.388965,0.082898,0.829758,0.0,,,,-0.0281944 0.0147431 -0.0167255 0.00621979 -0.00198617 0.00830806 -0.00285214 0.022981 0.000327252 0.0890623 0.068303 0.0154195 0.0910483 0.0135951 0.109281 0.0454309 0.00833259 -0.0235031 0.00382865 0.0163155 0.0579657 0.381421 0.0102804 -0.0102588 0.00226626 0.034762 0.0117579 0.0266281 0.00329618 0.00481672 0.00361083 0.0174339 -0.00576235 0.014361 -0.0189707 -0.00212097 0.0164561 -0.00185675 0.00488372,800,0,cuda,2.09,5.68
test,2820,saint_bernard_45,saint_bernard,dog,correct,saint_bernard,partition,28,0.999873,39,0.138054,0.527019,0.388965,0.074863,0.829993,0.0,,,,0.000541415 -0.00401306 0.00156251 0.0013392 -0.000852152 0.000898946 0.000886845 0.0247986 0.00342478 0.170239 0.0831337 0.0021395 0.175486 0.00241221 0.259013 0.0314286 0.00656476 0.00126429 6.50962e-05 0.000908448 0.00109107 0.225321 0.00353652 0.000140145 0.000146802 0.000381197 -0.000482638 -0.000174744 0.000132473 -4.15634e-05 9.67904e-05 0.000217391 0.000146455 -9.70423e-05 -0.000405671 -7.3062e-05 0.000549423 -0.000666055 -0.00015476,800,0,cuda,2.64,5.68
test,3333,Sphynx_45,Sphynx,cat,correct,Sphynx,kernel,33,0.664523,28,0.211117,0.561734,0.350617,0.068121,0.875731,0.0,,,,-0.0151491 -0.0100709 -0.0075002 -0.0205036 -0.00180474 -0.0161285 -0.0109884 -0.0356812 -0.00513676 -0.0203551 0.375389 0.0267251 -0.00431974 -0.0243631 0.00105256 0.365153 0.00117811 -0.006654 -0.0224184 0.143235 -0.00579847 -0.0358007 -0.000650373 -0.0263554 -0.00144809 -0.00693915 -0.000328691 -0.00249438,800,0,cuda,1.89,5.18
test,3333,Sphynx_45,Sphynx,cat,correct,Sphynx,partition,33,0.664523,28,0.211117,0.70251,0.491393,0.069082,0.864261,0.0,,,,-0.00124699 -0.00147135 0.00397683 0.00300802 0.00239959 -0.00326516 -0.00307876 -0.00055329 -0.00299603 0.00694225 0.208298 -0.00695563 0.10042 0.0149456 -0.00170385 0.236692 -0.000671291 0.00054488 0.0758599 0.0367591 0.000578299 -0.0205768 -0.00312051 -0.0170146 0.00273122 0.0190345 -0.00907734 -0.0086149,800,0,cuda,2.51,5.18
test,3063,scottish_terrier_85,scottish_terrier,dog,correct,scottish_terrier,kernel,30,0.999732,44,0.488002,0.729953,0.241951,0.321865,0.746464,0.0,,,,0.0121319 -0.000755112 -0.0229256 0.0335865 0.0180627 0.0322733 0.0352529 0.0745029 -0.00453024 -0.00200892 -0.00455254 0.0637858 0.0124771 -0.0249613 0.0760225 0.107061 -0.0109183 -0.0201669 -0.0175737 0.0655641 -0.0515118 0.006063 0.224729 -0.0243526 -0.00422009 0.0114112 -0.0458835 0.00406613 0.0278726 0.0383344 0.030391 -0.00318931 0.0229114 0.016557 0.00646618 0.0956926 -0.0168747 0.103502 -0.00386403 -0.00027586 -0.0325979 0.0467752 0.0259535 0.0914628,800,0,cuda,2.06,5.49
test,3063,scottish_terrier_85,scottish_terrier,dog,correct,scottish_terrier,partition,30,0.999732,44,0.488002,0.70766,0.219658,0.338181,0.833925,0.0,,,,0.00923158 -0.000537897 -0.000416477 0.0158245 -0.000202644 -0.000363561 0.0359381 0.0600195 0.00859981 -0.000272687 -0.000212314 0.0654792 -0.000682263 -0.000182056 0.0974018 0.128193 0.000683582 2.50828e-06 -0.00152122 0.107219 0.00156809 -0.00124245 0.291093 0.000332623 0.00129167 0.0494462 -0.000877096 0.000260879 0.0010303 0.00910066 0.00209388 0.000206249 0.00805922 0.000816178 3.99367e-06 0.0264917 0.00286919 0.0331183 0.00246277 0.00566222 0.00374097 0.00584109 0.00708908 0.0170853,800,0,cuda,2.47,5.49
test,1600,havanese_26,havanese,dog,correct,havanese,kernel,16,0.999601,39,0.474888,0.94536,0.470472,0.393951,0.948112,0.0,,,,-0.0157169 -0.0228192 -0.00217958 0.0233439 0.0188942 0.00199837 0.0108483 -0.0144007 0.0270841 -0.020741 0.00344681 -0.0142691 0.032726 0.00743555 0.0220396 0.075268 0.0195705 -0.0403184 -0.000414172 0.0964243 0.0371945 0.321 0.0372497 -0.00495036 0.189089 0.0416876 -0.00108216 0.0376626 0.0425511 0.0395436 -0.0223155 0.0440303 -0.0116629 0.00297406 -0.0175166 0.017179 0.00471937 -0.0103328 0.0193593,800,0,cuda,2.03,5.6
test,1600,havanese_26,havanese,dog,correct,havanese,partition,16,0.999601,39,0.474888,0.981912,0.507023,0.384883,0.936737,0.0,,,,0.00994077 0.00195006 0.00679556 0.0396625 0.00185311 0.0299859 0.00853589 0.0120509 0.0848512 0.0552143 0.0172289 0.00238007 0.00412138 0.0168072 0.0122096 0.0445657 0.0168824 0.027586 0.0169336 0.0680999 0.0204716 0.293648 0.000479442 0.0108037 0.0882472 0.0112707 0.00437918 0.0265363 0.036944 -0.010032 0.00343745 -0.000416093 0.00539626 0.000280548 -0.00282879 0.000383144 0.000460272 -0.000537626 0.00802283,800,0,cuda,2.59,5.6
test,622,Birman_31,Birman,cat,correct,Birman,kernel,6,0.583723,27,0.681461,0.558912,-0.122549,0.318422,0.831964,0.0,,,,0.0427542 0.0474474 -0.0149658 -0.0226071 -0.001516 0.0269275 0.0276422 0.156962 0.16758 0.016454 -0.00321616 0.124184 -0.0148089 -0.0380842 0.0580389 -0.0184029 -0.0142014 0.0215497 -0.0440149 0.0196204 -0.00874644 0.0208224 -0.0165786 -0.00369902 0.0294387 -0.00827856 0.00191679,800,0,cuda,1.83,4.92
test,622,Birman_31,Birman,cat,correct,Birman,partition,6,0.583723,27,0.681461,0.626186,-0.055275,0.340517,0.810559,0.0,,,,0.0741041 0.045938 0.005037 0.0506101 0.000452291 0.0027272 0.115555 0.171351 0.0930793 -0.0176418 0.00896438 0.082981 0.0593712 -0.0575978 0.0380681 -0.01059 -0.00508119 -0.018059 -0.00233731 -0.00230113 -0.00773276 -0.0240103 -0.0168953 -0.0199431 -0.00965738 -0.0034512 -0.000722101,800,0,cuda,2.33,4.92
test,3306,Sphynx_246,Sphynx,cat,wrong,Russian_Blue,kernel,27,0.618662,40,0.299267,0.466191,0.166924,0.065898,0.585642,0.0,,,,-0.0264407 0.0150275 -0.0155288 -0.00201151 -0.00531213 0.0130953 -0.0200501 0.00109566 -0.00614603 0.00893696 0.123383 0.115409 0.0770579 0.0867327 0.0484374 0.0754335 -0.00257613 0.0505734 0.123645 -0.00115324 0.0173917 -0.0545671 0.0327816 -0.118453 0.00110923 -0.0110592 0.0260389 -0.0357454 0.0256423 -0.00316062 0.0395075 -0.03273 0.00852555 0.00917515 0.0355967 -0.00378711 -0.00248327 -0.0108417 0.0136616 0.0114443,800,0,cuda,2.31,5.25
test,3306,Sphynx_246,Sphynx,cat,wrong,Russian_Blue,partition,27,0.618662,40,0.299267,0.652443,0.353176,0.080763,0.687623,0.0,,,,0.014775 0.00788791 0.000996302 0.000237106 0.00463343 0.111357 0.0013726 0.000775934 0.0264193 0.00301253 0.0133314 0.0901422 0.199981 0.0610792 0.0221757 0.0458813 0.00216957 0.00905763 0.0614445 -0.000203998 0.012371 -0.0142838 0.00311413 -0.0724677 0.0125565 -0.0107191 0.0207962 -0.0200411 -0.00241964 0.00106466 0.00410232 -0.0161672 0.00957722 0.0113624 -0.00726173 -0.0085123 0.00498334 0.000950951 -0.00264141 0.00476464,800,0,cuda,2.05,5.25
test,409,beagle_204,beagle,dog,correct,beagle,kernel,4,0.867232,22,0.66773,0.976667,0.308937,0.106069,0.49574,0.0,,,,0.0210056 0.0343601 0.0587677 0.00288297 -0.0179367 0.013928 -0.0152821 0.0537121 0.00698386 0.0276496 0.136725 -0.0276631 0.114412 0.0883073 0.0766701 0.0716134 0.0112678 -0.0337377 0.0914924 -0.0335571 0.00385219 0.0218447,800,0,cuda,2.47,5.22
test,409,beagle_204,beagle,dog,correct,beagle,partition,4,0.867232,22,0.66773,0.976616,0.308887,0.063803,0.127009,0.0,,,,0.0113235 0.00470248 0.0669809 0.0072182 0.0269164 0.0202982 0.0451444 0.00300126 0.0162617 -0.0139391 0.148969 0.0176583 0.0155129 0.0872828 0.110944 0.0522149 -0.000979296 -0.0136232 0.0623703 -0.00352726 0.00495583 0.0376123,800,0,cuda,2.0,5.22
test,2684,Russian_Blue_204,Russian_Blue,cat,correct,Russian_Blue,kernel,27,0.998812,31,0.498426,0.834468,0.336043,0.218157,0.788968,0.0,,,,0.0626252 0.00483564 -0.0248793 0.0395973 0.0559615 0.0489638 0.00594435 0.0167237 -0.00304953 0.0304403 0.00575689 0.00123716 0.282029 -0.0340446 -0.0239886 0.0155282 0.0733873 0.00796654 0.0211786 0.0501608 0.119577 -0.00409884 0.0176177 0.000503139 0.0274435 0.0194106 0.161618 -0.000120855 -0.0188295 0.0243502 0.00396026,800,0,cuda,2.38,5.18
test,2684,Russian_Blue_204,Russian_Blue,cat,correct,Russian_Blue,partition,27,0.998812,31,0.498426,0.812654,0.314229,0.115385,0.796509,0.0,,,,0.0648516 0.000273793 0.000771116 0.0710308 0.0476799 0.0167825 0.000138906 0.000455053 0.00062973 0.039758 0.00468689 0.0352177 0.26618 0.0297074 0.00172211 0.0233107 0.201115 0.00391295 0.00930107 0.0918524 0.0664866 -0.00284846 0.0143514 0.000805047 0.00185462 0.0037112 0.0324044 -0.00011342 -0.0399656 0.00178689 -4.45945e-05,800,0,cuda,1.93,5.18
test,1623,havanese_47,havanese,dog,correct,havanese,kernel,16,0.982124,41,0.390266,0.824703,0.434437,0.074784,0.890912,0.0,,,,0.0727625 0.031546 0.00744961 0.193083 0.0441845 -0.0159599 -0.00164484 -0.013641 0.002148 0.0309278 0.0246483 0.0050595 0.203594 0.0143008 0.0183247 -0.00492448 0.0156625 0.0054481 -0.0208706 -0.0620721 0.28823 -0.00794526 0.0549191 0.0222501 -0.0151357 -0.022195 -0.0188206 -0.0122591 0.0459041 -0.0235432 0.0118623 0.0133329 -0.0220481 0.0026199 0.0328639 0.0118609 0.0117744 0.00763475 0.0210714 -0.000873165 0.00559367,800,0,cuda,2.62,5.78
test,1623,havanese_47,havanese,dog,correct,havanese,partition,16,0.982124,41,0.390266,0.617592,0.227325,0.136936,0.918989,0.0,,,,0.0486569 0.00201675 0.000990456 0.255333 0.0479618 0.00642995 0.00177843 0.00413014 0.00251426 0.0355016 0.00249478 0.00683667 0.133189 0.043871 0.016907 0.00162652 0.0388779 0.00304994 0.00566524 0.0338831 0.250537 0.00938731 0.00550867 0.00148476 0.00282639 -0.00786668 -0.000122791 -0.0184682 0.00497112 0.00114486 0.00136468 -0.000308467 -0.000380555 0.000717499 0.0044563 0.00252642 5.87447e-05 0.00291851 0.0022314 0.00226948 0.000152535,800,0,cuda,2.16,5.78
test,115,american_bulldog_23,american_bulldog,dog,correct,american_bulldog,kernel,1,0.542292,32,0.788186,0.904947,0.116761,0.110072,0.75728,0.0,,,,0.0194006 0.00102805 0.0879441 -0.0607708 0.00599472 0.0288637 0.0119498 0.0400387 -0.000657667 -0.00539773 0.0664679 -0.0310527 0.119371 0.0147224 -0.0968428 -0.0350729 0.0750911 0.203753 -0.0155754 -0.066059 0.0102639 -0.0109243 -0.0154592 -0.000763096 -0.00362999 0.0104205 0.140821 -0.0374087 -0.0320258 0.00458663 0.0362478 0.0196935,800,0,cuda,2.5,5.31
test,115,american_bulldog_23,american_bulldog,dog,correct,american_bulldog,partition,1,0.542292,32,0.788186,0.965928,0.177743,0.13923,0.64429,0.0,,,,-0.0122842 0.00464417 0.0897701 -0.011889 0.00659508 -0.000963728 -0.00373128 0.123917 0.0424977 -0.0414396 0.0390118 -0.055649 0.152633 0.00224908 -0.00948904 0.0121976 0.0611228 0.0605067 0.0010786 -0.0325603 0.00735713 0.00151015 -0.00278582 0.00690437 0.0136169 -0.0146013 0.0174648 0.00259423 -0.00214575 0.00391686 0.0184704 0.00449814,800,0,cuda,2.0,5.31
test,288,american_pit_bull_terrier_91,american_pit_bull_terrier,dog,correct,american_pit_bull_terrier,kernel,2,0.837514,40,0.267439,0.813425,0.545986,0.005074,0.400442,0.0,,,,0.0499849 -4.1665e-05 0.0170942 -0.0168083 0.0129933 -0.0311365 0.000330106 -0.02321 0.00576356 -0.0164043 -0.0297778 0.0290703 0.00730927 0.142074 0.0612126 -0.0542338 0.0157694 0.0472757 0.0424851 0.163208 -0.0121956 0.0507108 -0.0342866 -0.0151395 0.0372373 0.0085717 0.0103914 0.0219272 -0.0188401 0.0252164 0.124921 0.0594028 0.0198655 0.0587054 0.0215621 0.0221684 0.0150162 -0.00257711 -0.0212626 0.0348429,800,0,cuda,2.41,5.01
test,288,american_pit_bull_terrier_91,american_pit_bull_terrier,dog,correct,american_pit_bull_terrier,partition,2,0.837514,40,0.267439,0.822571,0.555133,0.030409,0.429661,0.0,,,,0.001656 0.00122867 0.0111966 -0.0155793 0.000797073 0.000420923 0.00532234 -0.0107817 -0.00160692 0.00468498 0.00361328 -0.00599426 0.0107299 0.146637 0.0644223 -0.00382924 -0.00156029 0.00475473 -7.08089e-05 0.144553 0.016669 0.00574883 -0.0198212 -0.0066018 0.0919613 0.00921301 0.0160039 0.00598851 0.0252661 0.0116046 0.168917 0.00811711 -0.000673291 0.0440651 0.0187038 0.0294098 0.00080883 0.0223306 0.001895 0.0189969,800,0,cuda,1.7,5.01
test,3449,staffordshire_bull_terrier_82,staffordshire_bull_terrier,dog,wrong,american_pit_bull_terrier,kernel,2,0.914481,36,0.452009,0.840841,0.388832,0.048468,0.679592,0.0,,,,-0.000740193 0.00793185 0.383205 0.0238552 -0.00576827 0.00259725 -0.00684594 0.155629 0.00256215 0.0368501 0.159715 0.11646 -0.0077158 -0.00931749 0.00195578 -0.0200073 -0.0334687 -0.0250745 0.0175019 0.00379962 -0.0450493 0.0182626 0.0128051 0.00425269 -0.00549189 0.00478304 0.0152347 0.0319963 -0.00936465 0.0250394 0.00358337 0.0191083 -0.00352587 0.0185093 -0.00201949 0.0149167,800,0,cuda,2.44,5.4
test,3449,staffordshire_bull_terrier_82,staffordshire_bull_terrier,dog,wrong,american_pit_bull_terrier,partition,2,0.914481,36,0.452009,0.9734,0.521391,0.051276,0.610286,0.0,,,,0.0146007 -0.00244811 0.360447 0.0143844 0.00116921 -0.00566224 0.000282727 0.0842507 -0.00430638 0.0264251 0.102191 0.0522214 0.00787968 -0.000847791 0.0121319 0.0015029 0.0236258 0.0167664 0.00664601 0.0020921 0.0706307 0.000934174 0.0105208 0.0160414 0.000872863 -0.00047237 0.0675533 0.012101 0.00115737 -0.00299349 -0.000915024 0.00633538 0.00142457 0.00503258 0.0080472 -0.00345879,800,0,cuda,2.01,5.4
test,3055,scottish_terrier_78,scottish_terrier,dog,correct,scottish_terrier,kernel,30,0.999908,33,0.33799,0.977072,0.639082,0.205952,0.892903,0.0,,,,-0.00482831 0.00184912 0.00718534 0.0141523 -0.0234517 0.0397664 0.0396496 -0.0127146 0.21149 -0.00830697 0.0969718 0.0178222 0.0406801 -0.0101186 0.00582552 0.048085 0.00464045 0.0262875 0.0442326 0.133809 0.0234253 0.0120765 0.060854 0.0402567 0.015962 0.0138479 0.0282754 0.00253291 0.0326936 0.0124748 0.0155383 0.0391408 0.0218179,800,0,cuda,2.44,5.38
test,3055,scottish_terrier_78,scottish_terrier,dog,correct,scottish_terrier,partition,30,0.999908,33,0.33799,0.71161,0.37362,0.491586,0.860305,0.0,,,,0.00572076 0.0259924 -0.00115554 0.0122025 0.010864 0.0536822 0.0323417 0.0121753 0.0910161 -0.00050271 0.184651 0.130584 0.0340178 0.0106706 0.0210887 0.0638825 0.0323838 0.0363813 0.00287012 0.0876052 0.00241891 0.002964 0.00420069 0.0356454 0.004166 0.00539191 0.0188318 0.0192717 0.0104361 0.00619691 0.0123523 0.0155974 0.00797852,800,0,cuda,2.1,5.38
test,1181,Egyptian_Mau_9,Egyptian_Mau,cat,correct,Egyptian_Mau,kernel,11,0.999705,36,0.359096,0.852435,0.493339,0.189104,0.872637,0.0,,,,-7.94461e-05 -0.0233636 -0.00310434 0.0128397 0.026575 0.013921 -0.00339678 -0.0487488 0.00203906 0.00176195 0.0392882 0.00807255 0.0631653 -0.0346438 0.0161228 -0.00513485 -0.0230427 0.0321088 0.155978 -0.00607038 0.0107211 0.18045 0.00342825 0.0201798 0.105035 0.136276 -0.0314126 -0.0225028 0.0108912 0.0749261 0.0719249 0.00187959 0.0195146 -0.00869405 -0.00803154 0.135591,800,0,cuda,2.65,5.62
test,1181,Egyptian_Mau_9,Egyptian_Mau,cat,correct,Egyptian_Mau,partition,11,0.999705,36,0.359096,0.982343,0.623248,0.239297,0.873293,0.0,,,,-0.000338081 -0.00333839 0.00438098 -0.000101588 -0.0038012 0.0253687 -0.000776912 -0.0013588 0.0130672 -0.00111065 -0.000925201 0.0173769 0.193885 0.00401434 0.0232386 0.0163368 -0.000862432 0.0106937 0.0966494 0.00513462 0.0149133 0.102198 0.0219604 0.0253553 0.0566646 0.0583146 0.00110692 0.00498643 0.00714644 0.0275758 0.0715981 0.00028396 0.0132266 0.05679 0.0177986 0.0470117,800,0,cuda,2.1,5.62
test,337,basset_hound_45,basset_hound,dog,correct,basset_hound,kernel,3,0.996054,44,0.871692,0.989154,0.117463,0.184309,0.696803,0.0,,,,0.0243405 0.0274199 -0.0202757 0.0414777 0.146335 0.096684 0.0230777 0.0778719 -0.00563197 0.0241978 0.0752842 0.0868345 0.115558 0.0136545 0.04763 0.0850799 -0.0249873 0.0161615 0.0213411 0.00764287 0.0201774 -0.0141684 -0.0384162 -0.013701 -0.00877696 0.0321093 -0.042293 0.0208595 0.0203454 0.0200451 0.0343345 0.0188523 0.0280222 -0.00163104 0.0100326 -0.00449135 0.0278999 0.0367523 -0.0176548 -0.0143645 -0.057579 0.00531407 -0.0301613 0.0603506,800,0,cuda,2.64,5.66
test,337,basset_hound_45,basset_hound,dog,correct,basset_hound,partition,3,0.996054,44,0.871692,0.975017,0.103326,0.173465,0.738737,0.0,,,,0.0120601 0.00400744 0.00232507 0.000873799 0.0492977 0.0670629 0.0300038 0.0762514 0.0210844 0.0555194 0.0863194 0.0816451 0.0835199 0.00999557 0.142994 0.0218087 0.00304257 0.0507519 0.0566913 0.00270618 0.0408159 0.0301663 0.00612824 0.00534177 0.002747 0.010479 -0.00349041 -0.00418899 0.00157147 0.00342438 0.00305875 0.0036934 0.0069708 -0.00157035 -0.00425943 -0.000455975 0.00855646 -0.00051207 -0.00296375 0.00369705 -0.000880152 0.00116561 0.00239633 0.00170112,800,0,cuda,2.07,5.66
test,2687,Russian_Blue_207,Russian_Blue,cat,correct,Russian_Blue,kernel,27,0.999885,37,0.630261,0.983898,0.353637,0.179556,0.74282,0.0,,,,-0.00126905 0.0148875 0.0278995 -0.0101355 0.00733008 0.0433355 -0.00492424 0.00572622 0.0524914 0.0240675 0.159964 0.00360929 0.0219942 0.0917803 0.083629 0.00111287 0.0195212 0.048228 0.0207166 0.0386334 0.138095 -0.00969088 0.118512 0.00156853 -0.0100985 0.0247817 0.0102149 0.00432521 0.015922 -0.00350446 0.0116833 -0.00225376 0.0226111 -0.0137843 0.0136614 0.0241958 -0.00595786,800,0,cuda,2.44,5.23
test,2687,Russian_Blue_207,Russian_Blue,cat,correct,Russian_Blue,partition,27,0.999885,37,0.630261,0.985875,0.355613,0.178733,0.783144,0.0,,,,0.0156252 0.00671099 0.0221277 0.00763195 0.00827392 0.0216131 0.0179802 0.0221659 0.0416804 0.0408629 0.168146 0.013313 0.0357421 0.114652 0.0775593 -0.00376553 0.0242268 0.0197866 0.0365017 0.066984 0.159765 0.0059447 0.0445278 0.000880631 0.00161365 0.00111132 0.000883824 0.000642499 0.000913734 0.00115486 0.00269095 0.000703838 0.00246733 0.0029219 0.00323452 0.00124492 0.00035892,800,0,cuda,1.91,5.23
test,46,Abyssinian_4,Abyssinian,cat,correct,Abyssinian,kernel,0,0.982948,30,0.492945,0.781745,0.2888,0.111735,0.725176,0.0,,,,0.0221104 -0.00781102 0.0412225 -0.00229813 -0.000699102 -0.0278961 -0.000643959 0.0111477 0.0258281 0.146846 0.0408021 0.0258475 0.0294363 0.0666531 0.011752 0.0162336 0.0300188 0.245373 0.0544373 0.068164 0.0223481 0.0228399 0.01301 0.0835648 0.00411863 -2.5414e-05 0.00556452 0.00584582 0.0342236 -0.0285309,800,0,cuda,2.89,5.82
test,46,Abyssinian_4,Abyssinian,cat,correct,Abyssinian,partition,0,0.982948,30,0.492945,0.702444,0.209499,0.093821,0.564846,0.0,,,,0.00213689 0.00434658 0.0179225 0.00304181 0.00244897 0.0115101 0.00406936 0.0145892 0.0198596 0.134348 0.0478413 -0.00729736 0.020179 0.019637 0.0361202 0.011747 0.000820345 0.181335 0.0677355 0.105899 0.0167458 0.00863422 0.0730586 0.0621813 0.0183948 0.0086308 0.00717703 0.00411263 0.0251496 0.0371084,800,0,cuda,2.1,5.82
test,747,Bombay_61,Bombay,cat,correct,Bombay,kernel,7,0.970003,34,0.694057,0.902766,0.208709,0.055404,0.489093,0.0,,,,0.0128124 0.0335716 -0.0398064 -0.0252116 0.0233709 0.00936709 0.123038 0.0265449 0.0569236 0.0157651 0.146974 -0.0257363 0.00653126 0.219059 0.00190177 0.0411734 0.00647668 0.0359656 -0.0106727 0.0838228 0.00351685 0.0394087 0.0112906 0.00654745 0.00669013 0.0528716 0.00301793 -0.00954761 0.0305059 0.037462 0.019521 -0.00748745 -0.00218556 0.00925795,800,0,cuda,2.51,5.23
test,747,Bombay_61,Bombay,cat,correct,Bombay,partition,7,0.970003,34,0.694057,0.983172,0.289115,0.04817,0.523392,0.0,,,,-0.00650381 0.0112364 -0.0105944 -0.00599744 0.00770405 -0.0017269 0.0735176 0.0522134 0.0161652 0.0435236 0.0270487 0.00775778 0.115493 0.201456 -0.00238752 0.0268907 -0.00527059 0.057846 -0.0297169 0.0589389 0.000248244 0.0930019 -0.00243678 -0.00242934 -0.00243012 0.082764 0.0105373 0.0280782 0.0667685 -0.00466995 0.00954861 0.0035494 -0.00437568 0.0269932,800,0,cuda,1.8,5.23
test,3356,Sphynx_74,Sphynx,cat,correct,Sphynx,kernel,33,0.625561,33,0.496273,0.988685,0.492411,0.074812,0.833145,0.0,,,,-0.00232709 0.0219025 -0.0276023 -0.0030531 0.0245999 0.00803882 -0.0182013 0.0415251 0.019782 -0.003341 0.16079 -0.000667163 0.0703711 0.00573843 -0.0402721 -0.0271944 0.00416704 -0.0326006 0.103047 -0.0100417 0.0997833 -0.067509 -0.0108999 0.0529859 0.0804097 0.00418546 0.0919223 0.00148164 0.0401829 -0.0340969 -0.000120319 0.0369541 0.00294128,800,0,cuda,2.52,5.44
test,3356,Sphynx_74,Sphynx,cat,correct,Sphynx,partition,33,0.625561,33,0.496273,0.986256,0.489983,0.054169,0.497462,0.0,,,,0.00221569 0.00501654 0.0139572 0.00721395 0.00573084 0.00311695 0.002767 0.000112747 0.0086491 -0.00461109 0.137964 -0.00174841 -0.0107227 -0.00261607 -0.0239558 0.00920472 0.007346 -0.0166241 0.0514919 0.0254937 0.0517281 -0.00533249 0.039647 0.0332602 0.126584 0.00764904 0.0298281 -0.0014213 0.0288646 0.0212843 0.0221007 0.0147097 0.00397824,800,0,cuda,2.0,5.44
test,753,Bombay_67,Bombay,cat,wrong,scottish_terrier,kernel,30,0.530654,51,0.98025,0.9984,0.018151,0.094211,0.581899,0.0,,,,-0.00456817 0.011277 -0.029061 -0.025178 0.0307555 0.0192853 -0.0127676 -0.0182963 -0.0178809 0.0179013 0.00891982 -0.0205675 -0.0107708 0.011582 -0.0216123 -0.00523166 0.0563726 -0.00819419 0.0253193 -0.0418906 0.0427617 -0.0184144 -0.0322902 0.0873949 0.0188029 0.0207401 0.0345467 -0.0145769 0.0772805 -0.0216785 0.00178928 0.0203581 -0.000670804 0.0265979 0.012413 0.0241409 0.0164435 0.0451266 0.0209633 -0.0103105 0.00498357 0.0221276 0.00100392 -0.0387031 0.0347978 0.0222347 0.0813861 0.0306492 0.0178007 0.0252871 0.00428964,800,0,cuda,2.39,5.69
test,753,Bombay_67,Bombay,cat,wrong,scottish_terrier,partition,30,0.530654,51,0.98025,0.998409,0.018159,0.12307,0.474019,0.0,,,,-0.00541627 -0.00241515 -0.0107191 -0.0276792 0.0149745 0.000920751 -0.00453998 0.010653 -0.0063022 0.000960948 0.0138256 -0.0043573 0.00140795 0.00177785 0.00259081 0.00800651 0.0325414 -0.0215293 0.00995559 0.00394537 0.0471604 -0.0020664 0.00879876 0.0457356 0.00321811 0.0193264 0.0218356 0.0234125 0.0941632 0.00386738 0.011192 0.0122824 0.00524186 0.00702092 0.00833253 0.00420515 0.0114538 0.0155444 0.00662271 0.00940064 0.0141394 0.00618793 0.0105532 0.00981649 0.00874921 0.00353441 0.0469545 0.020368 0.0114996 0.00274943 0.0127671,800,0,cuda,2.08,5.69
test,462,beagle_68,beagle,dog,correct,beagle,kernel,4,0.988933,37,0.666075,0.992893,0.326818,0.089348,0.838025,0.0,,,,0.0651746 0.0771887 0.0653217 -0.0322867 -0.0379028 0.228451 0.00367422 -0.00171071 0.0101801 -0.0186577 0.117837 0.0273233 0.0955677 -0.0273439 0.0205767 -0.0676928 0.0341826 0.132454 0.00667256 0.0968857 0.00612825 -0.000557196 -0.031281 0.0125534 0.0200375 0.0229923 0.0277531 0.0119413 0.00428671 -0.0317808 0.00234695 0.00323 0.0221211 -0.00317318 0.00310587 -0.0190865 -0.0175139,800,0,cuda,2.48,5.31
test,462,beagle_68,beagle,dog,correct,beagle,partition,4,0.988933,37,0.666075,0.988466,0.322391,0.176013,0.749775,0.0,,,,0.0149197 0.0651744 0.0532017 -0.0302491 0.00351712 0.0167426 0.0240522 -0.0154289 0.0138965 -0.0098624 0.118978 0.11643 0.0721507 -0.0170398 -0.00469391 0.00142788 0.0169155 0.265925 -0.0049675 0.0171385 -0.00230187 0.000619146 0.0206223 0.00164257 0.00112882 0.0136587 0.00851091 -0.00216792 0.0098273 0.0229274 -0.00362076 0.014361 -0.00147788 -0.00156779 0.0086506 0.0211877 -0.00122907,800,0,cuda,1.94,5.31
test,1938,leonberger_61,leonberger,dog,correct,leonberger,kernel,19,0.988101,41,0.374163,0.984793,0.61063,0.140582,0.587254,0.0,,,,-0.00375809 0.00198661 0.029403 -0.00345684 -0.0211438 -0.0108145 -0.00262837 -0.0106638 -0.000316792 0.0124831 -0.0124643 0.0247928 0.0740143 -0.0163021 0.012825 -0.000696072 -0.0104406 0.0159921 0.11082 0.0806528 0.0326615 0.0753 0.179154 0.0643559 0.0398597 0.0678533 -0.0034868 0.0114736 0.081528 0.0214068 -0.0017846 0.0241696 0.0233144 0.0268784 -0.00993668 0.0128549 -0.00331198 0.00348688 -0.000369895 0.0322121 0.0367618,800,0,cuda,2.68,5.83
test,1938,leonberger_61,leonberger,dog,correct,leonberger,partition,19,0.988101,41,0.374163,0.976963,0.6028,0.089907,0.525598,0.0,,,,0.00728074 0.00373215 0.00770875 0.00699467 0.00147952 0.0155654 0.0122639 0.00829256 0.00307632 0.0223881 0.0424119 0.00148123 0.0596859 0.00197798 0.0152441 0.0165684 0.0204873 0.0123978 0.0868264 0.0985074 0.0505811 0.02803 0.0985192 0.140258 0.0194955 0.0162777 0.0066509 0.0258264 0.0295991 0.00675218 0.0119203 0.0233555 0.0037555 0.0151483 0.015963 0.00399565 0.00342377 0.0118926 0.0221461 0.00486031 0.0018436,800,0,cuda,2.14,5.83
test,673,Birman_78,Birman,cat,correct,Birman,kernel,6,0.999024,28,0.86924,0.965809,0.096569,0.459249,0.830357,0.0,,,,0.0149612 0.021137 0.0039039 0.0640901 0.0189395 0.0236165 0.0287449 0.0546126 -0.00137198 0.0237394 0.0496612 0.0900226 0.0119137 0.15165 0.00950108 -0.0165682 0.0547039 0.0426101 0.0523512 0.0152149 0.0557701 0.0358457 0.0407503 -0.00037022 0.0439439 0.0545674 0.0192049 0.00437366,800,0,cuda,2.25,5.19
test,673,Birman_78,Birman,cat,correct,Birman,partition,6,0.999024,28,0.86924,0.994651,0.125411,0.56272,0.761693,0.0,,,,0.040689 0.0158617 0.00408085 0.0457924 0.0111288 0.00829079 0.0371827 0.0331686 0.0149678 0.0154965 0.107397 0.0932453 0.0372569 0.0839116 0.0298379 0.0326142 0.0694791 0.11754 0.036688 0.0218575 0.0123988 0.0270958 0.00396996 -0.000422313 0.0430986 0.000280386 0.0218988 0.00271325,800,0,cuda,2.14,5.19
test,2712,Russian_Blue_263,Russian_Blue,cat,correct,Russian_Blue,kernel,27,0.97986,40,0.573202,0.972094,0.398891,0.160711,0.828895,0.0,,,,0.0130778 0.0192516 0.000598516 0.0113322 0.0553344 0.0636307 0.0673782 -0.00191415 0.308242 0.0289833 0.0825326 0.0365804 0.0170372 -0.00300919 0.00985824 0.0969962 0.0268788 -0.00928709 0.000385203 0.00292584 0.00723579 0.0049055 0.0154421 -0.00369235 0.0324515 0.0034426 0.00648774 0.0232902 -0.00549546 0.00970052 0.0129646 -0.010884 0.0153531 -0.00405482 -0.0085796 0.0194703 -0.00863565 0.0114709 0.0378531 -0.0166853,800,0,cuda,2.65,5.83
test,2712,Russian_Blue_263,Russian_Blue,cat,correct,Russian_Blue,partition,27,0.97986,40,0.573202,0.969854,0.396652,0.190575,0.847475,0.0,,,,0.0440553 -0.000382394 -0.000532388 0.00244578 0.083725 0.0198402 0.11419 0.00405809 0.326308 0.0176824 0.0746266 0.0132028 0.0266413 0.00708529 0.00757337 0.077792 0.00291537 0.000433294 0.0160605 0.050294 0.000682304 9.24816e-05 0.00452307 5.21054e-05 0.0048864 0.00277089 0.000695028 0.000303635 0.00288696 0.000873621 0.00155185 0.0158322 0.00386441 0.00291645 0.00569326 0.012493 0.00308877 0.01184 0.00317304 0.00261865,800,0,cuda,2.24,5.83
test,1201,english_cocker_spaniel_27,english_cocker_spaniel,dog,correct,english_cocker_spaniel,kernel,12,0.602996,40,0.431043,0.985278,0.554235,0.018939,0.218402,0.0,,,,0.0208916 -0.0179665 0.0102405 0.00250368 0.0112826 0.00470434 0.0171772 0.0534335 0.0215809 0.0382258 0.0241137 0.0376358 0.0498752 0.0402614 0.0154327 -0.0725593 -0.00982033 0.0440445 0.0360009 0.00302416 0.0133765 -0.0124797 0.00181915 0.0207595 0.0175215 -0.00439594 -0.0165438 -0.0120979 0.0376309 0.0106801 0.0250346 0.027437 0.0562142 0.0277545 0.0172035 0.0233031 0.0296187 -0.0224306 -0.0061276 0.021983,800,0,cuda,2.63,5.84
test,1201,english_cocker_spaniel_27,english_cocker_spaniel,dog,correct,english_cocker_spaniel,partition,12,0.602996,40,0.431043,0.544604,0.113561,0.025389,0.272707,0.0,,,,-0.00308157 0.00396661 0.00455818 0.00195278 0.00215107 0.00255679 0.0118982 0.0123073 0.0451625 0.0397764 0.0332565 0.00376406 0.0624722 0.0357574 0.0150908 0.00639204 0.00815857 0.00686473 -0.000697655 0.00314908 0.0126257 -0.00602215 0.00371407 0.0133979 0.0213642 0.0209765 0.00461706 0.00195868 0.0642769 0.0190488 0.00780017 0.0140926 0.030082 0.0155622 0.0174989 0.00999822 0.0264308 0.00441098 0.00510948 0.00394385,800,0,cuda,2.12,5.84
test,3297,Sphynx_238,Sphynx,cat,wrong,chihuahua,kernel,10,0.676844,32,0.653599,0.525066,-0.128534,0.008832,0.243753,0.0,,,,-0.0045141 0.016976 0.0361172 0.0508271 0.0383131 -0.0176663 0.0105696 0.0467582 0.0714815 0.00244193 0.0101809 0.10467 0.0888396 0.0253433 0.00263235 0.00739826 0.00643481 0.000496175 0.0315282 -0.0523293 0.0257947 0.0106613 0.0288633 0.00240163 -0.000308405 0.0274211 0.0118232 0.0112611 0.0501045 -0.00505052 0.0230518 0.00614951,800,0,cuda,2.22,5.23
test,3297,Sphynx_238,Sphynx,cat,wrong,chihuahua,partition,10,0.676844,32,0.653599,0.971334,0.317735,0.013733,0.19681,0.0,,,,0.00750785 0.021543 -0.00121833 -0.00683953 -0.00523144 0.0104764 0.00481306 0.0676586 0.0960762 -0.00821332 0.0346345 0.0575672 0.109548 0.0227764 0.00102127 0.077631 -0.000435435 0.00485756 0.00995192 0.0318443 0.00809147 0.0018912 0.0385092 -0.000415534 0.00609666 0.0193246 0.00161801 0.0102834 0.0325131 9.21875e-05 0.0104768 0.00422151,800,0,cuda,2.18,5.23
test,424,beagle_33,beagle,dog,correct,beagle,kernel,4,0.975608,43,0.119579,0.575414,0.455834,0.057488,0.750381,0.0,,,,0.0435154 -0.0191275 0.0849701 -0.00426969 0.0272888 -0.0249756 0.0128755 -0.0793852 0.244171 0.16361 -0.00843136 0.00763941 0.033498 -0.0107834 0.363121 -0.0122202 0.00564776 0.0241575 -0.0329529 0.0235166 0.0146741 -0.0129414 0.115911 0.0078201 -0.0559932 0.00458982 0.021081 -0.0195044 -0.00523495 -0.0298947 -0.0453147 -0.0219332 0.0196836 -0.0130341 0.00642785 0.000504351 0.0140305 0.000412833 -0.0260786 -0.0557968 0.00172002 0.036393 0.0162879,800,0,cuda,2.52,5.91
test,424,beagle_33,beagle,dog,correct,beagle,partition,4,0.975608,43,0.119579,0.649885,0.530306,0.100526,0.696838,0.0,,,,-0.032579 -0.0061421 0.0084204 -0.00252196 -0.00510577 -0.00300304 0.0102365 -0.00582628 0.14175 0.0945721 -9.76864e-05 -0.00109273 0.000544608 0.000357952 0.323719 -0.0169129 0.00294619 0.000823601 0.0595681 0.00282789 0.003468 -0.00275157 0.217501 0.00213196 0.00408681 0.0151848 0.00412389 0.0120676 0.00228809 0.00429375 0.00618204 0.00916354 0.00207867 -0.000295883 -0.00452189 -0.00415158 -0.0001133 -0.00719686 -0.00170795 -0.00507938 -0.0096612 -0.0012119 -0.00268914,800,0,cuda,2.41,5.91
test,325,basset_hound_34,basset_hound,dog,correct,basset_hound,kernel,3,0.998804,35,0.565589,0.969385,0.403796,0.159398,0.749582,0.0,,,,-0.00293539 0.00977409 0.0127992 -0.0317381 0.0150782 -5.00709e-05 0.147418 0.111678 0.0425627 0.0360497 -0.00649106 0.0945533 -0.0220287 0.00664008 0.0254073 0.0793973 0.0405707 0.0247536 0.0295662 -0.00920213 0.0200586 -0.00820265 0.010222 0.212018 -0.00974092 -0.00588595 0.00211809 0.0364097 0.0394255 0.0534224 0.00523131 0.00516263 0.00637204 0.026894 -0.0230035,800,0,cuda,2.3,5.63
test,325,basset_hound_34,basset_hound,dog,correct,basset_hound,partition,3,0.998804,35,0.565589,0.966973,0.401384,0.199908,0.728824,0.0,,,,0.00634152 0.0239908 0.00580317 0.00325351 0.0130994 0.0387094 0.18523 0.137083 0.0239397 0.0103413 0.023198 0.0248119 0.0503219 0.0101079 0.0286978 0.0776458 0.0114605 0.0249969 0.010288 0.00219174 0.0103259 0.00653806 0.0132001 0.0658638 0.00380102 0.00215257 0.0147955 0.0362064 0.0206092 0.0201123 0.00357828 0.0203092 0.0206878 0.0139543 0.010658,800,0,cuda,2.42,5.63
test,664,Birman_6,Birman,cat,correct,Birman,kernel,6,0.991909,38,0.453922,0.945016,0.491094,0.249342,0.943036,0.0,,,,0.034561 0.00304888 0.0106745 -0.021519 0.00811022 -0.00246646 0.129419 0.000639042 -0.00151296 0.0102666 -0.0011011 0.326142 0.108261 -0.0343748 -0.0222268 0.242434 -0.00287148 0.00307799 0.0191435 -0.00774559 0.0755709 -0.0164298 -0.00340182 0.00446141 -0.0202308 0.0578836 0.0418712 -0.00698145 -0.0125547 -0.012631 -0.00492693 -0.00352728 -0.00181539 0.0337628 0.0139385 0.00264172 0.0119726 -0.00115909,800,0,cuda,2.23,5.34
test,664,Birman_6,Birman,cat,correct,Birman,partition,6,0.991909,38,0.453922,0.884873,0.43095,0.22597,0.951265,0.0,,,,0.042531 0.0141759 0.0455478 0.00542681 0.000140231 -0.00044136 0.17155 0.0041278 -0.000446944 0.0264099 0.000291311 0.372798 0.0612215 0.00693733 -0.000421985 0.105879 0.00413591 0.021148 0.00251298 0.000174318 0.0260096 -0.00131495 0.013899 -0.00197552 -0.00120925 0.00796863 0.00716326 0.000197952 0.0120572 0.00636769 0.000827091 0.00911193 0.000533796 -0.000315 -0.00474793 0.000631192 0.00125348 0.000249603,800,0,cuda,2.16,5.34
test,350,basset_hound_57,basset_hound,dog,correct,basset_hound,kernel,3,0.99916,39,0.419463,0.671592,0.252128,0.11991,0.906851,0.0,,,,0.0205023 -0.0200341 0.0794398 0.00952665 0.0141502 0.0325828 0.126229 -0.000840147 0.00121513 -0.0184269 0.00331954 0.00518675 -0.00627563 0.344387 0.0181619 0.112497 -0.00719327 -0.00852064 0.0131589 0.0267287 0.00397817 0.074919 0.00887736 0.0147202 0.0122015 0.100315 -0.00834777 0.0213304 0.00358562 0.0334673 -0.0233245 0.0469015 0.0167992 -0.00818591 -0.0257805 -0.00447747 -0.0066059 -0.0300806 -0.00142805,800,0,cuda,2.48,5.61
test,350,basset_hound_57,basset_hound,dog,correct,basset_hound,partition,3,0.99916,39,0.419463,0.704281,0.284817,0.118365,0.834397,0.0,,,,0.00860454 0.00182987 0.115181 0.00255357 0.00507853 0.0216113 0.104293 0.00673981 0.00664534 0.00463704 0.00853097 0.0119359 0.0104834 0.386142 0.00689561 0.148729 -0.00659269 0.0212747 0.00641734 0.0405605 0.000109147 0.0263224 0.00944131 0.00394031 0.00122217 0.00578241 0.000913996 0.000646249 0.00101944 0.00241361 -7.99726e-05 0.00178495 0.00296068 -4.43315e-05 0.00147621 0.0011848 0.00406635 -1.08045e-05 -3.86818e-05,800,0,cuda,2.13,5.61
test,447,beagle_54,beagle,dog,correct,beagle,kernel,4,0.995543,40,0.106166,0.516661,0.410495,0.109913,0.972275,0.0,,,,-0.00107149 0.0132827 -0.0101326 -0.0127466 -0.0255759 -0.00675991 -0.0421477 0.0251467 -0.011291 0.00410931 0.512623 -0.0154237 0.183969 -0.0111622 0.0560666 0.0196772 0.0167331 -0.00644096 -0.00340089 0.00301385 0.000795938 0.139112 -0.00608721 -0.0547458 -0.0110481 0.0133681 0.0350794 0.0254022 0.0121589 -0.00764991 0.0124043 0.00641334 0.00521994 0.00631554 -0.0107328 0.00552325 -0.00743707 -0.00169265 -0.0047898 -0.0104677,800,0,cuda,2.29,5.21
test,447,beagle_54,beagle,dog,correct,beagle,partition,4,0.995543,40,0.106166,0.598412,0.492246,0.091231,0.970528,0.0,,,,-0.00131432 -0.0122145 -0.0152753 -0.00385109 -0.0130396 -0.0103785 -0.0586237 0.0831279 -0.00359519 0.00796972 0.26246 -0.00337416 0.184015 -0.00506333 0.0831512 0.0250149 0.0144585 -0.00101119 -0.000528884 0.0183264 0.0018223 0.121416 0.0170726 -0.00482186 0.0186894 0.0155878 0.0105377 0.0155238 -0.00115787 -0.00140498 0.00138977 0.00375311 0.0068572 0.0014282 0.0245577 0.00761058 0.00824331 0.0168705 0.0116388 0.00974334,800,0,cuda,1.98,5.21
test,709,Bombay_221,Bombay,cat,correct,Bombay,kernel,7,0.440159,32,0.329301,0.688924,0.359623,0.035443,0.193999,0.0,,,,-0.00765983 0.02342 0.013173 0.0180947 0.0217694 -0.0188797 -0.00869608 0.017264 -0.00363309 0.00180597 0.00520886 0.0198536 -0.0054179 0.0189407 0.00944167 0.0237033 0.0348114 -0.0017267 0.0484722 0.0395576 0.0211893 -0.0023102 -0.0107315 0.0430726 0.0378656 0.027567 0.0390442 -0.00287691 -0.00259226 0.0172911 0.013419 -0.0175435,800,0,cuda,2.46,5.41
test,709,Bombay_221,Bombay,cat,correct,Bombay,partition,7,0.440159,32,0.329301,0.615794,0.286493,0.052908,0.161384,0.0,,,,0.00516322 -0.00136284 0.00117552 0.00593869 0.00206929 0.00218751 0.00358804 0.0137819 0.00213688 -0.0112747 0.00229066 -0.0196325 0.00860957 -0.000475606 0.00254532 -0.010324 0.0140378 0.028835 0.0510065 0.0300801 0.00779925 -0.030252 0.00315277 0.0496006 0.0258704 0.0964012 0.0330372 0.000288564 0.00358803 0.0579359 0.00552104 0.0295785,800,0,cuda,2.1,5.41
test,1924,leonberger_49,leonberger,dog,correct,leonberger,kernel,19,0.999103,39,0.964306,1.0,0.035694,0.186912,0.44701,0.0,,,,0.0779916 0.03579 0.0243794 0.00956297 0.0398743 -0.012825 -0.011644 0.0212369 0.077663 0.0199935 0.0433572 0.00760894 0.014662 0.0237516 0.00638961 0.103998 0.0143801 0.00978588 0.0372249 0.000764722 0.133808 0.0671959 0.00159183 0.0133834 0.0409832 0.0301774 -0.0305067 0.014708 0.0225426 0.00915701 0.0426966 -0.00617514 0.0219173 0.0598378 -0.00834675 0.0138365 -0.0035184 0.0308561 -0.00242322,800,0,cuda,2.63,5.74
test,1924,leonberger_49,leonberger,dog,correct,leonberger,partition,19,0.999103,39,0.964306,1.0,0.035694,0.171841,0.615262,0.0,,,,0.0829904 0.0594785 0.0100706 0.0148722 0.0213201 0.00558157 0.00463005 0.0265559 0.0994415 0.0234333 0.0555403 0.0288332 -4.04198e-05 0.0191972 0.0119723 0.180939 0.00133944 0.0316984 0.0368904 0.0065491 0.102167 0.0692851 0.0335056 0.00051994 0.00487852 0.00511367 0.000715372 0.00303959 0.00556723 0.00640494 0.0075121 0.0021421 0.00506467 0.0149293 0.00412684 0.00447784 0.00155305 0.00257605 0.000795451,800,0,cuda,2.14,5.74
test,1722,japanese_chin_46,japanese_chin,dog,correct,japanese_chin,kernel,17,0.999637,33,0.936244,0.995183,0.058939,0.166355,0.787665,0.0,,,,0.00880986 -0.000340652 -0.0121678 0.105074 0.000321462 0.0381481 0.224521 -0.01551 0.089986 0.0444691 -0.0106031 0.0198672 0.0120788 0.0267376 0.0543837 0.0664787 0.0970174 0.0346661 0.0362128 -0.0203606 0.0735661 0.0604539 -0.0261621 -0.0322749 0.0653745 -0.0119554 0.0132407 -0.0528946 0.0430319 -0.00261732 -0.00926871 0.0512049 0.00485373,800,0,cuda,2.36,4.99
test,1722,japanese_chin_46,japanese_chin,dog,correct,japanese_chin,partition,17,0.999637,33,0.936244,0.995754,0.05951,0.447582,0.825665,0.0,,,,0.00348404 -0.00890458 -0.00444456 0.0680111 0.0745543 0.0622356 0.193596 -0.00891502 0.0882525 0.0447872 -0.0031426 0.0745376 -0.00107556 0.00442673 0.0344605 0.0293765 0.0369334 0.00963034 -0.000362666 -4.40276e-05 0.0358911 0.0443549 0.000915863 0.0151785 0.054534 0.00334556 0.061237 0.00633439 0.0130584 0.000105542 0.0335162 0.00980806 0.000665551,800,0,cuda,1.79,4.99
test,1221,english_cocker_spaniel_45,english_cocker_spaniel,dog,correct,english_cocker_spaniel,kernel,12,0.979649,43,0.388493,0.825448,0.436955,0.025797,0.879043,0.0,,,,0.00952563 0.00333333 0.00978989 -0.0209417 0.0085753 0.0165542 0.122236 -0.015348 0.00915934 0.00835238 0.0174783 0.387272 0.0442111 0.00198966 0.0391414 0.00939724 -0.0196945 0.00921607 0.00762068 0.226551 0.0100821 0.0102203 -0.000140318 0.0636491 -0.00645378 -0.0342342 -0.0220888 0.028353 -0.00209391 0.0146622 0.00549282 -0.0283868 -0.00540423 0.0239537 -0.00897701 0.00648072 -0.00135896 0.0220476 0.0058779 -0.00100192 0.000155978 -0.0010123 0.00875328,800,0,cuda,2.26,5.16
test,1221,english_cocker_spaniel_45,english_cocker_spaniel,dog,correct,english_cocker_spaniel,partition,12,0.979649,43,0.388493,0.706801,0.318308,0.054819,0.86729,0.0,,,,-0.0188983 -0.00419941 -0.0138469 0.0222205 0.00178756 -0.00287139 0.07738 0.0403614 0.00390052 0.00260938 0.0130544 0.270212 0.045046 0.00154517 0.0360024 0.0144728 0.00405562 0.0112618 0.0535327 0.282348 0.00403388 0.00320778 0.0103348 0.106316 0.000239671 0.000437404 3.16899e-05 0.00360433 -0.0010694 0.000696374 -0.000133579 -0.00198347 -0.000243967 -0.00123643 -9.75571e-05 -0.00010748 -4.13642e-05 -3.83539e-05 -3.83539e-05 -0.000401169 -0.000166831 -0.000165367 -0.000156082,800,0,cuda,1.96,5.16
test,3088,shiba_inu_207,shiba_inu,dog,correct,shiba_inu,kernel,31,0.999968,47,0.272341,0.928846,0.656504,0.269982,0.977436,0.0,,,,0.009004 -0.00942932 0.019653 0.0210172 0.0399912 -0.0378885 0.00810465 0.0222804 -0.0129796 -0.0114262 -0.00240845 -0.0290011 0.000225094 0.154301 -0.0387265 -0.0114061 0.0109262 0.0596884 0.0217321 0.0336399 0.0835115 -0.00060858 0.012258 0.0718171 0.285645 -0.0120666 0.0151267 0.0144846 0.0176459 0.0977427 0.0920649 -0.0109908 0.00848969 -0.0161795 -0.00189036 0.0175095 0.0647582 -0.0261753 0.00531693 0.0478714 -0.0101894 -0.0354496 0.0235019 -0.00691862 0.00131494 -0.0188907 -0.00327703,800,0,cuda,2.75,6.26
test,3088,shiba_inu_207,shiba_inu,dog,correct,shiba_inu,partition,31,0.999968,47,0.272341,0.928846,0.656504,0.314102,0.976197,0.0,,,,-0.0053177 -0.00226014 -0.000839269 -0.00258318 0.00490643 0.0025339 0.0104348 0.00506893 0.0152637 0.0625708 0.0216256 0.0305432 0.0063848 0.0660584 0.0287568 0.0169591 0.00898827 0.00569614 0.00370799 0.0626021 0.101387 0.0217676 0.0233309 0.0193005 0.150614 0.00719839 0.00223263 0.000728325 0.0017097 0.0867365 0.109458 0.00164013 0.0277267 0.0014698 0.00274311 0.00112795 0.015482 0.00959834 0.016306 0.00297524 0.0026413 0.00822947 0.00128375 0.00241834 0.00216242 0.00178767 0.000563837,800,0,cuda,2.31,6.26
test,1149,Egyptian_Mau_69,Egyptian_Mau,cat,correct,Egyptian_Mau,kernel,11,0.59345,36,0.586117,0.993491,0.407374,0.037756,0.731747,0.0,,,,-0.0228684 -0.00800577 0.034276 -0.0127589 -0.0134284 -0.0125665 -0.0178997 -0.0158779 0.0317043 0.151684 0.0376615 0.100732 0.0591914 -0.00208527 -0.00866882 0.120198 0.0485736 -0.00902799 0.060359 0.0143132 0.00574488 -0.0209189 -0.0160979 -0.00176916 -0.00545335 0.0141371 -0.00881606 0.0169755 -0.00436782 0.0033393 -0.00326325 0.00615083 0.0178007 0.00110118 -0.0129893 -0.00886994,800,0,cuda,2.36,5.4
test,1149,Egyptian_Mau_69,Egyptian_Mau,cat,correct,Egyptian_Mau,partition,11,0.59345,36,0.586117,0.626435,0.040318,0.042303,0.664136,0.0,,,,-0.0192612 -0.00764272 0.0607187 -0.0112932 -0.0139776 -0.0138483 0.00722386 0.00710346 0.00774794 0.139423 0.00807004 0.167951 0.0154966 0.0539895 0.0664141 0.0733268 0.0321688 0.00203044 0.0510713 -0.0204299 -0.00765802 -0.00256744 0.00394794 -0.0142819 6.21114e-07 -0.0179598 -0.0094725 -0.0141777 0.00454024 -0.00913747 -0.0126524 -0.00096966 -0.00339646 -0.00204431 -0.00615741 0.00391352,800,0,cuda,2.18,5.4
test,387,basset_hound_90,basset_hound,dog,correct,basset_hound,kernel,3,0.981684,37,0.246991,0.82699,0.58,0.080675,0.803885,0.0,,,,-0.019043 -0.00324643 -0.0149753 0.0450155 0.0121277 0.0197241 -0.00519697 0.203482 0.00574285 -0.0245006 0.0297159 0.0104708 0.172837 -0.00260268 0.13259 0.0326426 -0.00659516 0.0211153 -0.0276676 0.0116703 0.0106136 0.0147731 0.0748045 0.0685632 0.159095 -0.0464021 -0.0306015 0.00652685 0.0158581 0.022298 0.0226178 -0.0173692 0.0272211 -0.0055032 0.0261276 0.0231629 -0.00790778,800,0,cuda,2.72,5.76
test,387,basset_hound_90,basset_hound,dog,correct,basset_hound,partition,3,0.981684,37,0.246991,0.746528,0.499538,0.073223,0.805198,0.0,,,,0.00841582 0.0011888 0.00300802 0.0177191 0.0036009 0.021165 0.00215099 0.219048 0.00191273 -0.00155311 0.0372875 0.00266364 0.0736775 -0.000591847 0.138863 0.077725 0.00920693 -0.001624 -0.0191124 0.0374882 -0.00275906 -0.000307042 0.0899631 0.0928758 0.138651 -0.0154854 -0.0178478 0.00427413 0.0441538 -0.00104007 -0.0148655 0.00145359 -0.00492536 0.00247817 0.00731816 -0.00182873 0.0028357,800,0,cuda,2.22,5.76
test,1369,english_setter_89,english_setter,dog,correct,english_setter,kernel,13,0.99971,43,0.455736,0.952736,0.497,0.129534,0.891699,0.0,,,,0.000375617 0.00863062 -0.0118981 -0.00912681 -0.0104382 0.0503453 0.167084 0.0070166 -0.000457676 0.00587698 0.0507141 -0.0357469 0.143563 -0.0196428 -0.00234316 0.164216 -0.0293964 0.06383 0.0212184 0.0621459 0.0285635 0.0101469 0.0472187 0.0617099 0.00510866 -0.0038089 -0.040505 0.0526962 0.00539213 -0.00241707 0.0206906 -0.0105501 -0.0103702 0.0737762 0.0358027 -0.0131322 -0.014454 0.0145256 0.0184694 0.0309273 -0.00851214 0.0266265 0.0225998,800,0,cuda,2.94,6.19
test,1369,english_setter_89,english_setter,dog,correct,english_setter,partition,13,0.99971,43,0.455736,0.963069,0.507333,0.133372,0.889715,0.0,,,,0.0109857 0.0114828 0.00207915 0.0226528 -0.00498989 -0.00581662 0.188381 0.0276753 0.00380545 -0.00815786 0.0150614 0.0397327 0.140802 0.00182749 0.00217376 0.173804 0.00530278 0.127169 -0.000967239 0.0627384 0.0322918 0.0016903 0.0649827 0.0128129 0.00068274 0.000419667 0.0260606 0.00196576 0.00470893 0.000934398 0.000212004 0.000809956 0.000281809 0.00579583 0.0056355 0.000747897 0.000393443 0.000715835 0.00190303 0.00327241 -0.00724439 0.000932247 0.000724564,800,0,cuda,2.33,6.19
test,1337,english_setter_5,english_setter,dog,wrong,english_cocker_spaniel,kernel,12,0.958542,39,0.665737,0.680907,0.01517,0.084063,0.538222,0.0,,,,0.0259045 0.0153661 0.075201 0.0339716 0.00519312 0.0665287 0.0964593 0.105874 0.0272848 0.0206797 0.0997452 -0.00485582 0.0091668 0.00618746 -0.0161145 -0.0195644 0.109 0.0144185 0.00137599 0.0472045 0.0139046 -0.0161232 0.0146756 0.0228267 0.0220821 -0.0209215 0.0219137 -0.0155008 0.0268995 0.00238146 0.0887741 -0.00870899 -0.00401139 0.0056214 0.0256847 -0.00761839 0.00289055 0.0272965 0.0207959,800,0,cuda,2.28,5.3
test,1337,english_setter_5,english_setter,dog,wrong,english_cocker_spaniel,partition,12,0.958542,39,0.665737,0.995584,0.329847,0.090243,0.550072,0.0,,,,0.00498455 0.040303 0.0892817 0.00277713 0.00895097 0.0250851 0.0703492 0.0348959 0.0241665 0.000358072 0.146246 0.0276453 0.00370783 0.0225122 0.00741757 0.00231417 0.175056 0.0466828 0.0258815 0.0313338 0.0114943 0.0144278 0.011934 0.0110612 0.0174338 0.019853 0.00585723 0.0070187 0.0228574 0.00739477 0.0205755 -0.000657991 0.00814936 0.00528013 0.0042009 -0.00956308 -0.00327378 0.00268196 -0.00478532,800,0,cuda,2.18,5.3
test,754,Bombay_68,Bombay,cat,correct,Bombay,kernel,7,0.963231,34,0.473792,0.915869,0.442077,0.055248,0.330424,0.0,,,,-0.00893608 -0.008587 0.0347199 0.0260937 0.0519686 -0.0104504 -0.0279803 0.0575245 0.0474204 -0.0664873 0.118424 -0.0635825 0.0873888 0.107645 0.0111092 0.0400102 0.0536105 0.0964126 0.123742 0.02233 -0.00135503 0.121013 0.0365275 0.0170206 0.0203872 -0.0164133 0.0197113 0.0139833 -0.00669487 0.0108012 0.00313289 0.00645404 -0.00146242 0.0204894,800,0,cuda,2.57,5.85
test,754,Bombay_68,Bombay,cat,correct,Bombay,partition,7,0.963231,34,0.473792,0.960306,0.486514,0.077476,0.281375,0.0,,,,0.00864908 0.0232916 0.0155375 0.0213006 0.0198533 0.0116288 0.0256006 0.0354938 0.00788698 0.00211542 0.0910411 0.0262895 0.0254041 0.0352826 -0.00440044 0.147384 0.0289967 0.00825852 0.145527 0.00738204 0.0384741 0.120041 0.0286252 0.011929 0.00361039 -0.0113494 0.0218668 0.0111403 0.00323015 0.0109727 0.0155423 -0.00546375 0.00139969 0.00342865,800,0,cuda,2.37,5.85
test,2186,newfoundland_196,newfoundland,dog,correct,newfoundland,kernel,22,0.999341,31,0.72734,1.0,0.27266,0.189164,0.641915,0.0,,,,0.05974 0.0395116 0.00478183 0.0197083 0.0761543 0.0655946 0.0500673 0.0217936 -0.000814902 0.242283 0.00102738 -0.00760257 -0.00747661 0.0171198 0.080586 0.080977 0.0176841 0.0121934 -0.00968271 0.0149719 0.0261013 0.00336108 0.0556878 0.0259784 0.0247701 0.00110067 0.0198745 0.0335614 -0.00304243 0.0372279 -0.00967709,800,0,cuda,1.93,5.07
test,2186,newfoundland_196,newfoundland,dog,correct,newfoundland,partition,22,0.999341,31,0.72734,0.996994,0.269655,0.194667,0.560259,0.0,,,,0.0133802 0.0617781 0.0210724 0.0248216 0.175701 0.107267 0.0431743 0.0311036 0.0373004 0.312724 0.01505 0.0255275 0.00157484 0.0242409 0.025145 0.027778 0.0229318 0.0179699 2.63184e-05 -8.90632e-05 0.00674279 -0.000202098 -0.00178649 9.03834e-06 2.89387e-05 -0.000563195 -1.28126e-05 -0.00134281 -0.000756027 0.00328407 -0.000318041,800,0,cuda,2.27,5.07
test,451,beagle_58,beagle,dog,correct,beagle,kernel,4,0.985721,41,0.485053,0.813942,0.328889,0.061311,0.946755,0.0,,,,-0.00316083 0.00862374 0.0277709 0.0506378 0.00688765 -0.00299171 0.019301 -0.0321074 0.233123 -0.0139381 -0.0297925 0.179531 0.0275227 0.211199 0.26495 0.0209042 0.041356 0.0383539 -0.00730877 0.0447797 -0.0128657 -0.00980457 0.00241586 -0.00799633 0.0056068 -0.0528721 -0.000320952 -0.0127154 0.000854571 -0.053132 0.020116 0.0164064 -0.0575434 -0.000494456 -0.00501933 0.00132025 -0.049255 -0.0334617 -0.0239007 0.0109857 0.00182228,800,0,cuda,2.19,5.42
test,451,beagle_58,beagle,dog,correct,beagle,partition,4,0.985721,41,0.485053,0.793866,0.308813,0.073576,0.941457,0.0,,,,0.000292242 0.025205 0.0197641 0.00253085 -2.01953e-05 0.00306144 0.00980805 -0.00687147 0.144597 -0.00172952 -0.00250422 0.119947 0.00500008 0.21792 0.258043 0.00160244 0.0460796 0.00587592 0.00212525 0.0242333 -0.0161661 0.00628419 0.0030447 0.000956398 0.00145794 0.00577675 5.98716e-05 -0.00439958 -0.000342644 -0.0111545 -0.00021337 0.000504612 -0.032744 0.00779182 0.00586129 -0.00305659 0.00108298 0.004597 -0.00307122 -0.00906721 -0.00637477,800,0,cuda,2.36,5.42
test,1194,english_cocker_spaniel_20,english_cocker_spaniel,dog,correct,english_cocker_spaniel,kernel,12,0.997593,37,0.58522,0.519022,-0.066198,0.059531,0.69257,0.0,,,,0.0303491 0.0232065 0.10613 0.0842942 0.213428 0.0132758 0.0638326 0.0424186 0.0920558 0.0463033 0.0249206 0.00524096 0.0398982 0.0528597 0.00670059 0.0297471 0.00950518 0.0217984 0.0259049 0.0283426 -0.00451211 0.0249012 -0.0125456 -0.0125552 -0.00851868 0.00864077 0.0142225 -0.0230564 0.0173058 -0.0134387 0.00727523 0.000887304 0.00161631 0.00221489 0.0101897 0.00908648 -0.00098643,800,0,cuda,1.87,5.04
test,1194,english_cocker_spaniel_20,english_cocker_spaniel,dog,correct,english_cocker_spaniel,partition,12,0.997593,37,0.58522,0.633789,0.048569,0.101246,0.596227,0.0,,,,0.0377069 0.0103392 0.140655 -0.0386133 0.192134 0.0100498 0.0873591 0.0120177 0.14976 0.0205091 0.0137729 0.0325671 0.0183482 0.0330561 0.0737542 0.128568 0.0130584 0.023041 0.00813291 0.00128573 -9.84566e-05 0.00132985 0.000221144 -0.000503629 0.0101707 -0.000402464 -0.000513881 0.00102772 0.00101176 0.000163146 -0.00025039 0.000728535 0.000368277 0.00121388 -0.000206276 -0.000532406 -0.000290543,800,0,cuda,2.29,5.04
test,699,Bombay_201,Bombay,cat,correct,Bombay,kernel,7,0.981263,34,0.730907,0.64,-0.090907,0.154634,0.584443,0.0,,,,0.0230028 0.0558496 0.00951559 0.0586687 0.00300938 0.0698317 0.0411062 0.147221 0.0461703 0.00134166 0.0332931 0.0370069 0.00584967 0.0479903 0.0715261 0.0663327 0.00455717 0.0417069 0.0359226 -0.00806827 0.0349641 -0.000255795 -1.40643e-05 0.00373457 -4.81243e-07 0.0252663 -0.0190924 0.0290407 0.0701926 0.0101664 -0.0185606 0.00127398 0.0122446 0.0132069,800,0,cuda,1.79,5.19
test,699,Bombay_201,Bombay,cat,correct,Bombay,partition,7,0.981263,34,0.730907,0.772935,0.042028,0.255461,0.594135,0.0,,,,0.0355839 0.0180107 0.00163336 0.0223596 0.0510626 0.0513527 0.0439839 0.0443671 0.0509583 0.00209998 0.0863934 0.0343902 0.0221622 0.0523018 0.0442608 0.0277736 0.0130442 0.00974928 0.0222645 0.00208432 0.011712 0.0476718 0.0049116 0.0169518 0.00327821 0.0494791 0.0122818 0.0158849 0.0609271 0.0123579 0.00378308 0.0221328 0.0342666 0.0225261,800,0,cuda,2.57,5.19
test,2247,newfoundland_6,newfoundland,dog,correct,newfoundland,kernel,22,0.999883,34,0.391661,0.670008,0.278347,0.317111,0.801828,0.0,,,,0.0658424 0.0844892 0.0261873 0.0484031 0.0748146 0.013779 0.0481696 -0.034852 -0.0192401 0.145148 -0.00624378 0.169488 0.00607126 0.0133037 0.0418914 0.0408327 0.0256663 0.0486605 0.0441946 -0.0205476 0.00667249 0.0132393 0.00438905 0.00982738 -0.0388198 0.00864918 0.0240418 0.024955 0.03469 0.0427496 0.0222234 0.00750409 0.0161617 0.00176291,800,0,cuda,1.84,5.11
test,2247,newfoundland_6,newfoundland,dog,correct,newfoundland,partition,22,0.999883,34,0.391661,0.579658,0.187997,0.342394,0.583132,0.0,,,,0.0199072 0.0597114 0.0117512 0.0514659 0.168331 0.00513151 0.00787938 0.0480605 0.0253023 0.025523 0.00499873 0.0657325 0.00295879 0.0265231 0.0546839 0.0297591 0.00790503 0.0374653 0.023009 0.0274416 0.0171317 0.00957812 0.0305098 0.0247082 0.0179453 0.0240088 0.0540324 0.0257649 0.00525818 0.0354885 0.0222339 0.00482796 0.00819154 0.0108839,800,0,cuda,2.44,5.11
test,1608,havanese_33,havanese,dog,correct,havanese,kernel,16,0.965594,44,0.382155,0.734026,0.351871,0.094312,0.870441,0.0,,,,0.0197115 0.0135063 0.312928 0.051372 0.0821227 0.00338935 0.00221188 0.241133 0.129852 -0.0224876 0.0126923 0.0382103 0.0150169 0.0332789 -0.022925 0.0611458 0.0276161 -0.030822 -0.00276767 0.00298068 -0.0265661 -0.0283283 0.00966669 0.00255565 0.0228218 -0.00911143 0.00276155 -0.0122774 -0.0245312 -0.0045491 -0.00615775 0.00112679 -0.00973319 0.0108126 -0.0221663 0.0187518 0.0119369 0.0104778 0.0251617 -0.0128642 0.00927328 -0.00313147 0.0123861 -0.00588801,800,0,cuda,1.87,5.4
test,1608,havanese_33,havanese,dog,correct,havanese,partition,16,0.965594,44,0.382155,0.734026,0.351871,0.096642,0.895017,0.0,,,,0.00119824 0.00163903 0.399159 0.0683001 0.0728939 0.00525271 0.00290498 0.111809 0.080136 0.034136 0.00476575 0.0184236 0.00461001 0.0282067 0.00299807 0.089673 0.00330653 0.00307456 0.00403026 0.00446382 -0.00213433 -0.00162662 0.00368038 -0.000801564 0.0040703 -0.00363945 -0.00103262 -0.000456358 0.000315858 -0.00118818 -0.00038065 0.00176325 -0.000643634 0.000294966 -0.00104459 0.00267053 0.00118714 -0.000465797 -0.00173393 0.000576472 -0.00111712 0.000900418 -0.00105029 0.00146898,800,0,cuda,2.44,5.4
test,830,boxer_4,boxer,dog,correct,boxer,kernel,8,0.607698,43,0.276507,0.612647,0.33614,0.041884,0.662437,0.0,,,,0.00404222 -0.0179745 -0.0115296 0.0684063 0.0180667 0.0328905 0.00240809 -0.0253405 0.0889319 -0.0112035 -0.000301331 0.018106 0.00550354 0.079012 0.00932119 0.0640494 -0.00208006 -0.0157329 -0.00626678 0.10243 0.195037 0.00518727 -0.025267 -0.00268534 -0.00222163 0.012221 0.035177 -0.0159192 0.028818 -0.00734463 -0.0214873 0.0362837 0.00412683 -0.0117637 -0.00304531 -0.017102 0.00961326 -0.000455488 -0.0216717 -0.010803 6.55353e-05 0.00965562 -0.00172904,800,0,cuda,2.76,6.13
test,830,boxer_4,boxer,dog,correct,boxer,partition,8,0.607698,43,0.276507,0.506205,0.229698,0.059252,0.625222,0.0,,,,-0.00108988 0.00270836 0.0165739 0.0809068 -0.00274684 -0.00369424 0.00506255 -0.00690951 0.0636536 -0.00785239 -2.61888e-05 0.0497828 0.00255335 0.0283511 0.00881019 0.0357421 0.000850333 0.00275907 0.0449378 0.0479438 0.0780482 0.000643413 0.0095648 0.00282026 0.000177263 0.000222762 0.00945944 0.0204988 0.0132691 0.00016171 -6.63573e-05 0.0253928 0.0137544 0.00263075 0.0025162 -0.00104503 0.023614 0.0031452 -0.00843285 -9.65448e-07 0.0271407 0.00102116 0.00457618,800,0,cuda,2.36,6.13
test,950,British_Shorthair_63,British_Shorthair,cat,correct,British_Shorthair,kernel,9,0.985593,31,0.223294,0.713691,0.490397,0.153724,0.930753,0.0,,,,0.00301152 0.0139915 -0.0117272 -0.00557849 -0.0053205 0.0526384 0.0178629 -0.00016832 0.0104304 0.0118447 0.0137544 0.00623355 0.437058 0.29243 0.058192 -0.00595779 -0.0173742 -0.0105331 0.0076917 -0.0100101 0.00478005 0.0460542 0.0204003 -0.0113117 0.00111817 -0.0172386 0.00557358 2.76903e-05 -0.0315201 0.0215106 -0.0258658,800,0,cuda,1.64,5.19
test,950,British_Shorthair_63,British_Shorthair,cat,correct,British_Shorthair,partition,9,0.985593,31,0.223294,0.482793,0.259499,0.191223,0.903,0.0,,,,0.000399766 0.00663139 -0.000398026 0.00219341 0.000601676 0.0250437 0.0576075 0.000501486 0.015932 0.00946518 0.00939632 0.112423 0.140788 0.456107 0.0326192 0.00420209 0.0013264 -0.000509055 0.0423582 -0.0022493 -0.000746984 0.0235689 0.00626024 -0.00593918 -0.00227248 -0.0216509 -0.0126483 0.000291336 -0.0198526 -0.0115397 0.00208756,800,0,cuda,2.64,5.19
test,3628,yorkshire_terrier_63,yorkshire_terrier,dog,correct,yorkshire_terrier,kernel,36,0.996465,36,0.597178,0.814189,0.217011,0.115645,0.735636,0.0,,,,0.010939 0.0187531 -0.00278353 -0.0175105 0.00784512 1.17963e-05 0.0054432 -0.0135829 -0.00556881 -0.00529829 0.129591 -0.00864186 0.0460288 -0.0149354 0.119725 0.0122405 0.133239 0.0443663 0.0698822 0.0785103 -0.0146332 0.00957995 0.0800908 0.0370972 -0.0107772 0.0164354 0.0642269 -0.00363842 0.0477588 0.0517659 0.0263188 0.0161525 0.0354937 0.00312613 -0.0101464 0.00918825,800,0,cuda,1.69,5.02
test,3628,yorkshire_terrier_63,yorkshire_terrier,dog,correct,yorkshire_terrier,partition,36,0.996465,36,0.597178,0.718597,0.121419,0.113064,0.677453,0.0,,,,0.00976358 0.032129 0.00342751 0.0024889 -0.00323437 0.00287221 0.00258697 0.00841161 0.00248601 -0.000765282 0.135976 0.0185935 0.0440631 0.00980952 0.0969978 0.00941452 0.143271 0.0401311 0.0518644 0.0423081 0.0199308 0.00593346 0.0627772 0.0226621 -0.000832078 0.0042173 0.0350577 0.00700983 0.0391324 0.0128402 0.000308333 0.0320524 0.0104038 0.0438271 0.01018 0.00819653,800,0,cuda,2.42,5.02
test,2444,pomeranian_67,pomeranian,dog,correct,pomeranian,kernel,24,0.988072,38,0.863341,0.998116,0.134775,0.084243,0.470194,0.0,,,,-0.0271141 0.00213625 0.0132278 0.0405227 0.0120655 0.0334678 0.104903 0.048 0.0515371 0.0984906 0.000885502 0.049624 -0.0129374 0.0767777 0.119127 0.0692674 0.00619604 0.0199576 -0.00224511 0.0706835 0.00795348 0.114982 0.00791681 -0.00300552 0.0255178 0.0454269 0.0334563 -0.00552029 0.0137818 0.0175914 0.0209431 -0.0222737 0.00582887 -0.00254301 -0.0292533 0.00805922 -0.00940984 -0.0237315,800,0,cuda,1.84,4.91
test,2444,pomeranian_67,pomeranian,dog,correct,pomeranian,partition,24,0.988072,38,0.863341,0.998216,0.134875,0.089184,0.49952,0.0,,,,-0.00443823 0.00190043 -0.000426178 0.0205886 0.0223328 0.0257619 0.079487 0.032546 0.0216599 0.0581373 0.0216879 0.0966814 0.0206571 0.0804653 0.0761762 0.0361539 0.0648351 0.0343395 0.0126249 0.0382931 0.00308154 0.127219 0.00207889 0.0255265 0.0226329 0.0238629 0.00951389 0.00169976 0.0111556 -0.000376212 0.00351451 0.00124349 0.000358991 0.00203295 0.000836357 0.000679096 0.000705693 0.00506303,800,0,cuda,2.24,4.91
test,1734,japanese_chin_57,japanese_chin,dog,correct,japanese_chin,kernel,17,0.957618,45,0.275171,0.794549,0.519378,0.032528,0.906488,0.0,,,,-0.00292335 0.0216794 0.00613036 -0.0234804 0.00140772 -0.0103492 -0.000946989 0.0145102 0.0625687 0.00211017 -0.00754953 0.00639825 0.00892025 0.0152559 0.0550346 -0.00879868 0.362719 -0.0245703 0.120725 0.0127119 -0.00442713 -0.01132 -0.0284978 0.381863 0.0141309 -0.0108595 -0.00420452 0.0215028 -0.000735514 0.0148061 -0.00474707 -0.0121928 0.00116363 -0.00232573 -0.00605523 0.00362815 -0.00810844 -0.0107754 -5.78389e-05 0.0122265 0.00145451 -0.0143742 0.00393315 -0.00671201 -0.00654508,800,0,cuda,2.43,5.95
test,1734,japanese_chin_57,japanese_chin,dog,correct,japanese_chin,partition,17,0.957618,45,0.275171,0.547876,0.272705,0.0364,0.881267,0.0,,,,-0.000183232 -0.000262186 0.00117959 -0.00383148 0.000961047 -0.00293956 -0.000210612 0.014563 0.0186071 -0.00499133 0.00169189 0.0159728 -0.00498539 0.0186878 0.0867344 -0.00320292 0.197331 0.0264631 0.325527 -0.000690511 -0.00411594 -0.000719735 -0.00119107 0.327576 -0.00312406 -0.00154062 0.00318126 0.00739524 -0.00452432 0.0037466 -0.0149237 -0.00226085 0.000453921 0.000421536 -0.000995125 -0.0261891 -0.0109156 0.00177028 -0.0027882 -0.00170864 -0.010502 -0.0039171 -0.00390846 -0.00455548 0.00123649,800,0,cuda,2.5,5.95
test,1413,german_shorthaired_38,german_shorthaired,dog,correct,german_shorthaired,kernel,14,0.999795,41,0.513911,0.755988,0.242077,0.382873,0.844425,0.0,,,,-0.00078028 0.0264763 -0.0179719 0.0122959 -0.0163243 0.00747162 -0.013735 0.0223189 0.0141634 0.0180263 0.0815683 -0.00437194 0.134782 0.140129 0.0705094 -0.000114521 -0.0202449 0.058922 0.0234007 -0.0523392 0.0590401 0.0160139 -0.0343269 0.0650937 0.0264075 -0.0389299 0.0447106 0.0582927 0.0140516 0.00798343 0.0499703 0.0704747 -0.019065 0.0118399 0.0236098 -0.00116867 0.0221405 0.0341967 0.0606481 0.022326 -0.00761647,800,0,cuda,1.93,5.41
test,1413,german_shorthaired_38,german_shorthaired,dog,correct,german_shorthaired,partition,14,0.999795,41,0.513911,0.985022,0.471111,0.412309,0.836511,0.0,,,,-0.000167323 -0.000166264 -0.000293609 0.00241379 0.00464379 -0.000169176 0.0152111 0.0320058 0.0337531 -0.000187557 0.00331506 0.000883261 0.0967127 0.198054 0.0192491 0.00740499 0.00395989 0.0456399 0.028165 0.0362253 0.0546338 0.00137554 0.0116456 0.0496377 0.0497373 0.00231512 0.0272015 0.00354359 0.00284439 0.0475667 0.041289 0.00829597 0.000765705 0.0244579 0.000409917 0.0309602 0.00235996 0.00502041 0.00580088 0.0532904 0.0200697,800,0,cuda,2.55,5.41
test,1409,german_shorthaired_34,german_shorthaired,dog,correct,german_shorthaired,kernel,14,0.997921,40,0.61655,0.724307,0.107757,0.434846,0.797896,0.0,,,,0.0271797 0.0309167 -0.0297142 0.0753803 0.0312789 0.0757802 0.237088 0.0332121 -0.0193947 0.0327919 0.0719157 -0.0167338 0.0419861 -0.0195251 0.00927551 0.115567 0.0249239 -0.0182708 -0.0259226 0.0102939 0.0265795 0.0242937 0.127677 -0.00799498 0.0251323 0.0289108 0.0421256 0.032759 0.00426477 -0.000241726 0.00286874 -0.0293021 0.0216196 -0.0185692 0.00234563 0.00883211 -0.0509132 0.0202296 0.0217418 -0.00238775,800,0,cuda,2.15,5.58
test,1409,german_shorthaired_34,german_shorthaired,dog,correct,german_shorthaired,partition,14,0.997921,40,0.61655,0.98444,0.36789,0.358036,0.776584,0.0,,,,0.0169846 0.00535226 0.00789748 0.0289358 0.0270727 0.0161957 0.218845 0.0272254 0.0106481 0.0359618 0.0563869 0.0158054 0.0343975 0.017708 0.00292246 0.0592798 0.0158223 0.0175491 0.0457532 0.0132448 0.0023686 0.0423028 0.139249 0.0018717 -0.00288018 0.0335443 0.00761924 -0.0223543 0.00337205 0.000353208 0.0248686 0.0229645 0.014756 0.0045348 -0.0004609 -0.00198017 0.00595842 0.00102134 0.0060216 0.0108807,800,0,cuda,2.55,5.58
test,3644,yorkshire_terrier_78,yorkshire_terrier,dog,correct,yorkshire_terrier,kernel,36,0.789291,41,0.640446,0.980341,0.339896,0.042138,0.868935,0.0,,,,-0.02298 -0.0125108 0.00611402 0.160617 -0.00473987 0.074888 -0.0304213 0.0158259 0.025049 0.0895298 -0.00991801 0.00534491 -0.00636944 0.0426352 0.00711805 -0.000664044 0.173997 -0.0227388 -0.0145098 0.22038 0.000330668 -0.00862301 0.0148951 -0.0217052 -0.025851 -0.0568785 -0.0123363 -0.0202015 0.0719446 -0.00689792 0.0206875 0.0101967 0.0270949 -0.00702174 0.0173386 0.0544377 0.00889826 -0.0119583 0.016616 -0.000864977 -0.00762916,800,0,cuda,1.64,5.19
test,3644,yorkshire_terrier_78,yorkshire_terrier,dog,correct,yorkshire_terrier,partition,36,0.789291,41,0.640446,0.980341,0.339896,0.049606,0.844298,0.0,,,,0.0154232 0.00284677 -0.000988778 0.192164 -0.00103253 0.0991567 0.0127527 -0.000526828 0.00672024 0.112938 0.000845618 0.017286 -0.00216871 0.0457145 0.00210428 -0.00457272 0.223307 -0.0375934 -0.0208331 0.0467358 -0.000891133 0.0104008 0.0219008 0.0102453 -0.00411897 -0.0152376 -0.00245621 -0.00663927 0.0210831 0.00390334 0.00622393 0.0217176 0.0144129 -0.0329137 -0.00593456 0.00502069 0.002605 0.0124448 0.00657785 -0.00577219 -0.0137327,800,0,cuda,2.61,5.19
test,3247,Siamese_69,Siamese,cat,correct,Siamese,kernel,32,0.999409,38,0.337612,0.886214,0.548603,0.124612,0.873856,0.0,,,,0.00794599 0.0769596 0.0270177 0.0442654 0.00101776 0.162697 0.0368166 -0.00546813 -0.0075755 0.00395046 -0.0059786 0.112331 0.052446 0.00218165 0.000957398 0.000859651 0.0182052 0.014674 -0.0350197 0.230618 -0.00636811 0.0150423 0.0916715 -0.00522757 0.0506821 -0.00343655 0.0331983 0.000703815 0.0467351 0.0144619 -0.0318703 0.00717547 -0.00195036 0.0447203 -0.0161217 0.000257908 0.0137772 -0.0077125,800,0,cuda,2.1,5.66
test,3247,Siamese_69,Siamese,cat,correct,Siamese,partition,32,0.999409,38,0.337612,0.712243,0.374631,0.173722,0.85455,0.0,,,,0.0268658 0.0689574 0.00607196 0.0784629 0.0109726 0.0919739 0.0128309 0.00166266 0.00701146 0.054736 0.00884762 0.272353 0.00722874 0.00509163 -0.000806524 -0.000561272 0.0058016 -0.00467492 0.00383648 0.191832 -0.00312921 0.00421309 0.042229 0.00217089 0.00566774 0.00111215 0.0193273 0.00374779 0.0101903 0.00832343 0.00780181 0.00664441 0.00412578 0.00370949 0.00790257 0.0147393 -0.00332873 0.000698881,800,0,cuda,2.55,5.66
test,1177,Egyptian_Mau_96,Egyptian_Mau,cat,correct,Egyptian_Mau,kernel,11,0.991959,37,0.371951,0.967152,0.595201,0.142136,0.916479,0.0,,,,-0.0333803 -0.0339251 0.00169375 0.0011695 -0.0159359 0.0146919 -0.00600012 -0.0213372 -0.00389227 0.0034895 0.0129797 -0.0192896 0.0670316 -0.0163069 -0.0432223 -0.000591455 0.00509364 0.0285483 0.415598 0.0168461 0.0848714 0.0803631 0.0198201 0.0293807 -0.0100856 0.00397986 0.0806368 0.0317842 0.0253343 0.0673648 0.0297985 -0.0147422 -0.00353921 0.0112412 0.10493 0.0233152 -0.0209959,800,0,cuda,2.0,5.22
test,1177,Egyptian_Mau_96,Egyptian_Mau,cat,correct,Egyptian_Mau,partition,11,0.991959,37,0.371951,0.965852,0.593901,0.127037,0.907255,0.0,,,,-0.0092886 -0.00085288 -0.000245058 -0.00135448 -0.000866223 -0.000847537 -0.00075265 -0.00264331 -0.00113871 -0.00309758 -0.000658203 -0.00158854 0.000485474 0.000266339 0.0027345 0.00392012 0.0140203 0.00127348 0.242883 0.00638618 0.0566898 0.109776 0.00334454 0.0453093 0.00019393 0.00559883 0.169044 0.0311552 0.00194432 0.0822666 0.0208112 0.00166742 0.000658877 0.0116363 0.0885955 0.000809648 0.0385816,800,0,cuda,2.33,5.22
test,3203,Siamese_250,Siamese,cat,correct,Siamese,kernel,32,0.988811,37,0.244081,0.812725,0.568644,0.055574,0.352847,0.0,,,,0.0198281 -0.000840287 0.0425384 0.0407452 0.0238838 -0.0147046 0.0221969 0.117594 0.0280411 0.0155738 -0.024341 0.0434879 0.0182933 0.000485725 0.0294196 0.00573928 0.169775 0.0809694 -0.00596069 0.043182 0.00742151 0.0356109 0.0275103 0.100613 0.0571578 0.0651912 0.0533705 -0.00260144 0.000281973 -0.0169412 -0.046096 0.00692436 0.0245116 0.0331032 -0.0121415 -0.0552362 0.0394543,800,0,cuda,1.95,5.08
test,3203,Siamese_250,Siamese,cat,correct,Siamese,partition,32,0.988811,37,0.244081,0.51537,0.271289,0.08312,0.539421,0.0,,,,0.000683375 0.00202143 0.0303116 0.0626006 0.00211948 0.00129505 0.0217808 0.106942 0.0643565 0.0030621 0.00020339 0.0998428 0.0412661 0.00032268 0.00445648 0.030445 0.11204 0.0935556 0.00338238 0.00875824 0.0193132 0.11637 0.0118434 0.0871322 0.0283582 0.00681656 0.00988238 0.00281799 -0.00270908 -0.00183255 -0.000771673 -0.00178915 0.00239277 0.000351688 0.00704065 -6.79529e-05 -0.000551625,800,0,cuda,2.28,5.08
test,2006,Maine_Coon_269,Maine_Coon,cat,correct,Maine_Coon,kernel,20,0.989714,34,0.80399,0.998371,0.194381,0.091848,0.707608,0.0,,,,-0.0134412 0.0223302 0.00115926 -0.0221583 -0.0277026 0.0223319 -0.00342663 -0.00346144 0.0535062 0.0317233 0.0275571 -0.0352043 0.169913 0.00222037 0.0719217 0.051895 0.00111517 0.0914568 0.177929 0.110643 -0.0166116 -0.018943 0.0379278 0.108897 0.00508635 0.00942342 0.013412 0.00322072 0.0303839 0.0236639 -0.00302399 0.00283925 0.011738 0.0261634,800,0,cuda,2.05,5.55
test,2006,Maine_Coon_269,Maine_Coon,cat,correct,Maine_Coon,partition,20,0.989714,34,0.80399,0.993141,0.189151,0.082262,0.615872,0.0,,,,0.000556486 -0.0228118 0.00297191 -0.0120137 -0.036546 0.0107867 0.00206337 0.0282394 0.00726616 -0.00116395 0.0465223 0.066316 0.103963 0.0538523 0.0664716 0.0575521 -0.00426506 0.0492428 0.0840012 0.032016 0.0208913 -0.0141795 0.0206322 0.0911433 0.0623197 0.0294867 0.0152036 0.0168739 0.04922 0.0359126 0.0357306 0.00818535 0.0137613 0.0442827,800,0,cuda,2.64,5.55
test,1253,english_cocker_spaniel_74,english_cocker_spaniel,dog,correct,english_cocker_spaniel,kernel,12,0.988042,37,0.174864,0.613155,0.43829,0.018515,0.850706,0.0,,,,-0.00153946 -0.0102025 -0.0133722 0.000676358 0.00229426 -0.0210018 0.0454764 0.000696442 0.00361933 -0.0133139 0.30194 -3.70257e-05 0.0136265 0.0173313 0.285915 0.0205759 -0.021164 -0.0244664 0.020055 0.300129 -0.0306256 0.0139885 0.00786276 0.0777858 -0.003503 0.0504807 -0.00777844 -0.00828223 0.0011259 -0.0245028 -0.0286028 -0.0159397 0.0175322 0.0144182 0.010133 -0.0424095 0.0324689,800,0,cuda,2.26,5.84
test,1253,english_cocker_spaniel_74,english_cocker_spaniel,dog,correct,english_cocker_spaniel,partition,12,0.988042,37,0.174864,0.485934,0.311069,0.01784,0.852301,0.0,,,,-0.00121652 -0.000393842 -0.000984944 -0.00075861 0.000123237 -0.00258073 5.0333e-05 -0.00064167 -0.00430206 0.00195465 0.134513 -2.13679e-05 -0.0205337 0.0367019 0.241537 0.00297433 0.000925307 -0.00106172 5.89671e-05 0.410392 0.0124815 0.0176856 0.00363112 0.0613085 0.00301824 0.0354904 0.00306915 0.00397041 0.00135665 0.00130399 0.0169898 -0.00643201 0.00300072 0.000530375 0.00336086 0.00439732 0.00949187,800,0,cuda,2.7,5.84
test,2477,pomeranian_97,pomeranian,dog,wrong,samoyed,kernel,29,0.457436,39,0.067443,0.37957,0.312128,0.014395,0.803228,0.0,,,,0.00661168 -0.00910502 0.0174913 0.00941463 0.00307601 0.00269676 -0.0050389 0.00642996 0.0339577 -0.0215001 -0.00188527 -0.0136321 -0.0982452 0.000760865 0.00906941 -0.0859352 0.201709 -0.00586759 0.0420037 0.0164037 0.018611 0.0156074 0.322744 -0.016052 0.010029 0.00144431 -0.00952163 0.00584379 -0.00903769 -0.00944917 0.0173835 0.00915541 -0.0209056 -0.00280869 -0.0182641 -0.00291906 0.0116181 -0.00327595 0.0080819,800,0,cuda,2.04,5.54
test,2477,pomeranian_97,pomeranian,dog,wrong,samoyed,partition,29,0.457436,39,0.067443,0.339387,0.271944,0.018172,0.55495,0.0,,,,-0.00134469 0.000315992 -0.00264217 -0.000625289 0.00373909 0.000628246 0.00047916 0.00677853 0.00258112 -0.0235764 -0.0141839 0.000601595 -0.0552295 -0.00674792 -0.00699058 0.0353888 0.14015 -0.0178471 0.0105262 -0.001669 0.00570194 0.0075759 0.215998 0.0218195 0.00629676 0.0045289 0.0136675 0.0101673 0.0170125 0.0166297 0.0110438 0.00875857 0.00927938 0.000939573 0.00565936 0.00333388 0.00478145 0.0026686 0.000505466,800,0,cuda,2.62,5.54
test,21,Abyssinian_228,Abyssinian,cat,correct,Abyssinian,kernel,0,0.836672,34,0.924007,0.968275,0.044268,0.152524,0.467805,0.0,,,,0.0331644 0.0527987 0.0352959 0.00828019 -0.0203835 0.0545673 0.0424253 0.0534756 0.024051 0.00195686 0.0222414 0.0338069 -0.0373327 0.00415864 0.00757854 0.0412981 0.0170916 0.0224215 0.0353515 0.0330189 0.0172807 0.0378812 0.067182 0.0207769 0.0801582 0.0108048 -0.00434096 0.00185972 0.0440013 0.0132922 0.0273614 -0.0139803 0.0325406 0.0131225,800,0,cuda,1.99,5.42
test,21,Abyssinian_228,Abyssinian,cat,correct,Abyssinian,partition,0,0.836672,34,0.924007,0.981643,0.057635,0.223698,0.346799,0.0,,,,0.00353451 0.0219689 0.0565453 0.0187588 0.00276448 0.0401459 0.0504229 0.107767 0.0579106 0.00534222 -0.00218388 0.0102026 -0.00314266 -0.00303967 -0.00284895 0.00383103 0.00871478 0.0114989 0.0264156 0.0166676 0.00547524 0.0122745 0.0695986 0.0153589 0.0145685 0.0490922 0.0141482 0.0328795 0.0827258 0.0144335 0.00898022 0.0097761 0.0301365 0.0224828,800,0,cuda,2.53,5.42
test,1305,english_setter_30,english_setter,dog,correct,english_setter,kernel,13,0.967574,36,0.488082,0.978776,0.490694,0.089129,0.724097,0.0,,,,-0.0121919 0.00356795 -0.0149964 -0.0146376 -0.00155161 -0.00503753 -0.00683761 0.0100248 -0.00398595 -0.0132708 -0.00664044 0.218912 0.0344318 0.00646241 -0.00198599 0.0386262 -0.00975991 -0.0453303 0.20781 -0.0168675 0.176032 -0.0148201 0.0162107 0.0602953 -0.0124206 0.0176922 0.0303078 0.0585724 0.0472824 0.085563 0.0145786 0.0183064 0.0292091 0.0127018 0.0536386 -0.0155553,800,0,cuda,2.31,5.8
test,1305,english_setter_30,english_setter,dog,correct,english_setter,partition,13,0.967574,36,0.488082,0.957887,0.469805,0.097985,0.604854,0.0,,,,0.00281493 0.00222108 -0.000340432 -0.00169675 0.0198952 0.000419328 0.000437705 -0.0101635 0.00521558 -0.0140999 -0.0296024 0.0562404 -0.0210186 -0.00211639 -0.00754982 0.0440806 0.0112698 -0.00869553 0.151142 0.0390943 0.249622 4.13599e-05 0.071831 0.0536659 0.0161767 0.0197035 0.0460017 0.0621724 0.0110573 0.0640945 0.0161411 0.0189781 0.0494101 0.0162872 0.0120478 -0.000443388,800,0,cuda,2.54,5.8
test,2814,saint_bernard_3,saint_bernard,dog,correct,saint_bernard,kernel,28,0.999871,38,0.494958,0.877359,0.382402,0.165375,0.905637,0.0,,,,-0.0378799 -0.0347117 0.237154 -0.00275759 -0.00918895 0.141708 0.0117459 0.0410867 -0.0024272 -0.0342746 0.233909 -0.00519429 0.0596315 0.0019318 0.0102086 0.00984743 0.0299221 0.0213607 -0.00244492 0.00379459 -0.00656428 0.0949284 0.0618694 -0.0118647 0.0257907 0.0291793 -0.0132889 0.0414203 0.0309293 -0.0157472 -0.0279587 0.0150085 0.0384089 0.0444394 0.012592 0.00216085 0.00874927 -0.0125704,800,0,cuda,2.31,5.81
test,2814,saint_bernard_3,saint_bernard,dog,correct,saint_bernard,partition,28,0.999871,38,0.494958,0.845722,0.350765,0.151913,0.900193,0.0,,,,0.00114017 -0.00107897 0.125799 0.0263104 -0.00430788 0.12429 0.00401594 0.0516191 0.00785743 -0.000507601 0.171673 0.040131 0.0538341 0.102412 -0.000692707 0.0101991 0.0838465 0.0203671 0.00198912 -0.00128629 0.00340242 0.102203 0.0161148 0.00236696 0.00595228 0.00974596 0.00386747 0.00326983 0.00125895 0.0022272 0.00161371 0.000858826 0.00416694 0.00296853 0.00404384 0.00194028 0.00338338 0.00390748,800,0,cuda,2.59,5.81
test,2440,pomeranian_63,pomeranian,dog,correct,pomeranian,kernel,24,0.99806,39,0.633749,0.992593,0.358843,0.038517,0.594755,0.0,,,,0.0340239 0.015598 -0.016409 -0.00017259 0.0130897 0.0128395 -0.00741599 0.0177503 0.000413926 0.028215 0.137527 0.057196 0.0028636 0.0292406 0.0608556 0.0233264 0.00592892 0.226601 0.00853369 0.0323653 0.110008 0.0291203 -0.0173909 0.100792 0.00967938 -0.0309543 0.00685736 -0.023934 0.0120502 0.00949338 0.00639654 -0.0248852 0.0240879 0.0307251 0.0173723 0.0138238 -0.0123446 0.0332267 0.0137863,800,0,cuda,1.69,5.13
test,2440,pomeranian_63,pomeranian,dog,correct,pomeranian,partition,24,0.99806,39,0.633749,0.991277,0.357527,0.111006,0.643119,0.0,,,,0.010682 0.00336529 0.000476687 0.0291779 0.0179233 0.0243416 0.00270288 0.0640103 0.020428 0.0404985 0.278972 0.151768 0.0469077 0.0105948 0.188603 0.014961 0.00222458 0.0515989 -0.00166012 0.0105654 0.0152927 0.0105099 -0.00696241 0.0309122 -0.00297424 -0.000878244 0.00106946 -0.00051638 -0.00217884 -0.00335526 -0.00336155 -0.00237564 -0.00126804 -0.0010253 -0.00456566 -0.0022915 -0.00290977 -0.000467924 -0.000514665,800,0,cuda,2.49,5.13
test,2298,Persian_264,Persian,cat,wrong,Ragdoll,kernel,26,0.847246,30,0.546915,0.728502,0.181587,0.060959,0.585421,0.0,,,,0.0040276 -0.00761834 0.0558174 -0.00620049 0.146342 0.0413366 0.0761382 0.0207997 0.0547325 0.0106763 0.00451297 0.0917194 0.057423 0.0922974 0.0656018 -0.0150386 0.00526577 0.00622716 0.0765704 0.00303898 0.0512704 0.0144853 0.00540188 0.0158816 -0.0185612 -0.00555379 -0.00604548 -0.00842071 -0.00190801 -0.000565917,800,0,cuda,1.55,5.08
test,2298,Persian_264,Persian,cat,wrong,Ragdoll,partition,26,0.847246,30,0.546915,0.617193,0.070278,0.084706,0.618608,0.0,,,,0.00502397 0.0169781 0.0764907 0.00680225 0.159232 0.0828369 0.153697 0.00400866 0.0913824 0.00281303 0.00191841 0.0385601 0.0557829 0.0580612 0.0695091 0.00257966 0.0081962 0.0107615 0.0229341 -0.00692166 0.00735106 0.000482424 -0.00521756 -0.00295595 -0.0121827 -0.00363997 0.00450256 -0.00155846 -0.0101404 -0.00763419,800,0,cuda,2.67,5.08
test,3162,shiba_inu_84,shiba_inu,dog,correct,shiba_inu,kernel,31,0.999494,33,0.130381,0.604176,0.473795,0.161734,0.957975,0.0,,,,0.000797656 0.0196696 -0.0053985 -7.12905e-05 -0.0163344 -0.00999434 -0.0108326 -0.0135876 -0.019115 -0.0183609 0.017475 0.398128 0.028342 0.00245163 0.0206571 0.0321327 0.0144397 -0.00629671 -0.00368864 0.0135575 -0.00816186 0.00387448 0.0562545 0.0192535 -0.0008235 0.101015 0.122421 0.282804 -0.00427703 0.0124569 -0.0196814 -0.0263216 -0.0195379,800,0,cuda,2.01,5.29
test,3162,shiba_inu_84,shiba_inu,dog,correct,shiba_inu,partition,31,0.999494,33,0.130381,0.396624,0.266243,0.177114,0.960872,0.0,,,,-0.00050038 -0.00108908 0.000583387 0.00285992 0.00693183 -0.00143875 -0.000594019 0.00281432 0.00917149 0.00611199 0.0140844 0.436474 0.0371867 0.00546005 0.010685 0.0524626 0.00224481 0.0209565 -0.00118883 0.00866373 -0.00172852 0.0179604 0.041332 0.0670601 0.00129755 0.0519618 0.0462878 0.0856175 0.00558676 0.00809943 0.02526 -0.00366008 0.00629151,800,0,cuda,2.47,5.29
test,671,Birman_76,Birman,cat,correct,Birman,kernel,6,0.893461,34,0.767917,0.898425,0.130508,0.098989,0.84944,0.0,,,,-0.0177477 0.00541976 -0.00433488 -0.00377533 0.0835501 0.0179274 0.00928535 0.00799125 0.211633 0.120459 0.0104096 0.00300861 0.157648 0.0434836 0.00772092 -0.0549191 0.0161837 0.026768 -0.0108711 0.048009 -0.0218638 0.0177699 0.0888026 -0.00486588 -0.00512641 -0.0260423 -0.0321482 0.0268842 0.0686203 0.0205595 0.05686 0.0115023 -0.0157402 -0.0011054,800,0,cuda,1.99,5.13
test,671,Birman_76,Birman,cat,correct,Birman,partition,6,0.893461,34,0.767917,0.990827,0.22291,0.091457,0.826989,0.0,,,,-0.00636435 0.0119223 0.00771128 0.00246054 0.0531779 0.003634 0.0121115 0.0281425 0.115129 0.091314 0.00291514 0.0358502 0.0888851 0.00467266 0.0323651 -0.0202529 -0.00308792 0.0363797 0.072139 0.0397145 -0.0113347 0.0192895 0.0971665 -0.000641886 0.0612714 -0.00379587 -0.0082509 -0.00137458 0.0908063 0.00745313 0.0151754 -0.0105869 0.00176792 -0.00380809,800,0,cuda,2.3,5.13
test,3441,staffordshire_bull_terrier_75,staffordshire_bull_terrier,dog,wrong,american_pit_bull_terrier,kernel,2,0.715152,35,0.243782,0.556924,0.313142,0.013852,0.727291,0.0,,,,0.0259274 0.0116308 0.0396403 0.0145456 0.000288027 -0.00149398 0.0100284 0.00137829 -0.0116001 0.0189182 -0.0143286 0.00426355 0.00331915 0.144661 0.277955 -0.00896172 0.0321721 0.103463 0.131201 -0.0248612 -0.0374291 0.00089342 0.0496985 -0.0154356 0.0365104 -0.0422177 0.00802783 0.000821903 0.0213177 -0.0184691 -0.0123622 -0.032841 -0.0170981 -0.0304911 0.0377639,800,0,cuda,2.15,4.84
test,3441,staffordshire_bull_terrier_75,staffordshire_bull_terrier,dog,wrong,american_pit_bull_terrier,partition,2,0.715152,35,0.243782,0.819808,0.576026,0.029111,0.693414,0.0,,,,0.0045175 0.00496115 0.0082788 0.00163638 -0.0148861 0.00246343 0.00167782 0.000387296 -0.00447842 0.00434817 0.00545321 0.00100612 0.00213365 0.0951545 0.143696 -0.0317432 0.00617644 0.0227179 0.194879 -0.0122095 -0.00506883 0.0946419 0.0124727 0.0130247 0.0013605 0.00153543 0.00898375 -0.00133116 0.0310651 -0.00488756 0.000186902 0.00234967 0.0829724 0.0116048 0.0217549,800,0,cuda,1.88,4.84
test,1941,leonberger_64,leonberger,dog,correct,leonberger,kernel,19,0.995346,34,0.777304,0.946729,0.169425,0.120262,0.770729,0.0,,,,0.0426257 0.158153 0.0577626 0.00632602 -0.00716837 -0.00560675 0.00320992 -0.030992 0.0834342 0.0375349 0.0939904 0.105393 -0.00929277 0.0331624 0.0514944 0.0274782 -0.0109029 0.0175579 0.0483419 0.0088118 0.0350955 0.0255864 0.0221866 0.103365 -0.00530438 -0.00155889 0.0103367 -0.00500077 0.028977 0.0189122 -0.0176688 0.0450421 0.0138544 0.00677361,800,0,cuda,2.63,5.31
test,1941,leonberger_64,leonberger,dog,correct,leonberger,partition,19,0.995346,34,0.777304,0.967465,0.190161,0.109028,0.721611,0.0,,,,0.0513931 0.198399 0.0491167 0.000746134 0.000519668 0.00234612 0.00209538 -3.83195e-05 0.182572 0.0685814 0.165513 0.138468 0.000884757 0.00544387 0.0138136 0.00134618 0.0015163 0.00644263 0.0227253 0.00744114 0.0191227 0.000836015 0.0161495 0.0158474 0.00324732 0.00115071 0.000713899 0.000870292 0.00123482 0.000363518 0.00300404 0.00770813 0.00132172 0.0010133,800,0,cuda,1.72,5.31
test,845,boxer_63,boxer,dog,correct,boxer,kernel,8,0.999119,38,0.712851,0.98815,0.275299,0.159009,0.841123,0.0,,,,-0.00386205 0.00279814 0.0668199 0.00973076 -0.00437206 0.104589 0.00977972 -0.00194169 0.0390571 -0.0109996 0.0765735 0.00319341 0.0135467 0.0248341 0.241968 0.00587326 0.0366883 0.158436 0.0133241 0.0435495 0.0365199 -0.00572926 0.0405065 -0.0249519 0.010672 -0.000534525 0.00542547 0.0349542 0.0167835 0.012652 -0.0250307 0.0163224 0.0272518 0.0065131 -0.0170542 -0.0113979 0.0107332 0.0256273,800,0,cuda,2.59,5.35
test,845,boxer_63,boxer,dog,correct,boxer,partition,8,0.999119,38,0.712851,0.984485,0.271634,0.209087,0.820198,0.0,,,,0.021507 0.00605551 0.0564438 0.0459711 0.0106563 0.0904524 0.00686783 0.0499868 0.0831286 0.0073457 0.0357782 0.0503477 0.0108635 0.0782257 0.12281 0.00379735 0.00207298 0.15641 0.0699844 0.0536559 0.00631936 0.000118263 0.000339667 0.000669704 0.000502579 0.00360278 0.0142954 0.000799933 -9.04763e-05 0.000276008 0.000107733 0.000171478 -0.000144607 -0.00019227 -0.000373689 0.000194673 2.86963e-05 -0.000136871,800,0,cuda,1.86,5.35
test,694,Birman_97,Birman,cat,correct,Birman,kernel,6,0.999622,35,0.771484,0.99456,0.223076,0.243116,0.834194,0.0,,,,0.0470924 0.0250473 0.0750421 0.0295883 0.0610767 0.0308235 0.0329616 0.0128671 0.00823304 0.0657779 0.0404169 0.0115676 0.0425992 -0.0172011 0.0949776 0.0202766 0.0480614 0.0151082 0.0170967 0.0127173 -0.0190138 0.0187147 -0.00141832 0.0207492 -0.0292687 0.0242546 0.0383888 0.0587946 0.0243724 0.0095194 0.0212852 0.0812794 0.00599273 0.00777825 0.0325581,800,0,cuda,2.7,5.53
test,694,Birman_97,Birman,cat,correct,Birman,partition,6,0.999622,35,0.771484,0.997915,0.226431,0.453509,0.745348,0.0,,,,0.0356968 0.00622475 0.0482862 0.0316418 0.102719 0.0471146 0.0469373 0.00563246 0.00813265 0.0513355 0.110612 0.0249177 0.00158652 0.00694339 0.0785685 0.0674357 0.0149681 0.0232528 0.015681 0.00417087 0.0110945 0.00809819 -0.00651426 0.0233045 0.0110041 0.0339146 0.00689464 0.0345 0.0185354 -0.00181256 0.0119338 0.0233858 0.0144604 0.00459868 0.0428617,800,0,cuda,1.97,5.53
test,3031,scottish_terrier_56,scottish_terrier,dog,correct,scottish_terrier,kernel,30,0.999797,39,0.416155,0.987352,0.571197,0.23461,0.828753,0.0,,,,0.00362235 0.0163459 -0.00300795 -0.00624575 0.00178157 0.00446123 -0.0266481 0.0109958 0.0896341 0.0568794 0.00740684 0.0253093 -0.03436 0.0683176 0.0453223 0.0180157 -0.0113087 0.0201594 0.0141508 -0.0216651 0.034989 0.203416 0.0125586 0.0306599 0.0257405 0.0730617 0.103151 0.0235701 0.00389147 0.0254614 0.119588 -0.000399703 9.91474e-05 -0.0085837 -0.00166731 0.00385774 0.102764 -0.0179591 -0.0215536,800,0,cuda,2.48,5.8
test,3031,scottish_terrier_56,scottish_terrier,dog,correct,scottish_terrier,partition,30,0.999797,39,0.416155,0.980173,0.564018,0.289041,0.800783,0.0,,,,0.0501118 0.0196334 0.0181332 0.000416804 0.0125076 0.000792895 0.00129979 0.000229768 0.102376 0.158801 0.000458757 0.0572881 0.00223781 0.163356 0.0117694 0.00161951 0.00632168 0.0683078 0.00332452 0.00648317 0.00815725 0.143863 0.00237476 0.0666246 0.0215773 0.00308279 0.00650429 -0.000355361 0.0024634 0.00627615 0.0175377 0.00758976 0.000443831 0.00231892 0.00129801 0.00187626 0.00812465 0.00529567 0.00129007,800,0,cuda,2.27,5.8
test,1353,english_setter_74,english_setter,dog,correct,english_setter,kernel,13,0.902909,36,0.436065,0.806486,0.370421,0.103078,0.829453,0.0,,,,-0.012343 0.00508662 -0.000277471 0.0223831 0.274702 0.0262722 -0.0188369 0.00211378 0.0031344 0.00388136 0.00644518 -0.00592976 0.12297 0.0714554 -0.0174285 0.157124 0.0186438 -0.00293199 -0.00889976 -0.00722003 0.0666235 0.0024924 0.0113493 -0.010124 0.00933874 0.196157 -0.00140826 -0.030278 0.00721857 0.0100232 0.0165693 -0.0240344 -8.71634e-05 -0.00877054 -0.019661 0.0139157,800,0,cuda,2.67,5.72
test,1353,english_setter_74,english_setter,dog,correct,english_setter,partition,13,0.902909,36,0.436065,0.806486,0.370421,0.097046,0.831247,0.0,,,,-0.000444148 0.0102119 -0.00407592 0.00801028 0.31556 0.00802522 0.0186179 -0.00243875 -0.00885214 -0.00689485 0.0350563 -0.00366192 0.145343 0.0828689 -0.0027257 0.206161 -0.0054068 -0.0010981 -0.00194388 -0.00547275 0.0453082 -0.0047544 -0.000648239 -0.00791484 -0.00247816 0.0804549 -0.00740194 -0.00065215 0.000477148 0.000841928 -0.00620381 0.000626565 0.00118838 0.000452943 0.000462355 -0.00692873,800,0,cuda,2.12,5.72
test,1133,Egyptian_Mau_50,Egyptian_Mau,cat,correct,Egyptian_Mau,kernel,11,0.997923,44,0.388831,0.680255,0.291424,0.12991,0.85694,0.0,,,,-0.00691794 0.013617 0.00450067 0.00501566 0.00499321 -0.0154512 0.0486614 0.0113215 -0.01785 0.00193762 -0.00765679 0.00869584 0.0292925 -0.0015367 0.0504806 -0.00302757 0.000212663 -0.0023431 -0.0035817 0.0323383 0.014775 0.0365292 -0.00393481 0.0595302 0.154862 0.0107657 0.018818 -0.00116669 0.135916 0.111382 0.0136188 -0.0185533 0.0628126 0.0178959 0.0491185 -0.00349899 0.0209062 0.0443791 -0.0187403 0.0419514 -0.0341739 0.0390313 0.0194303 -0.00167392,800,0,cuda,2.51,5.49
test,1133,Egyptian_Mau_50,Egyptian_Mau,cat,correct,Egyptian_Mau,partition,11,0.997923,44,0.388831,0.87159,0.482759,0.1288,0.736748,0.0,,,,0.00383672 -0.00206627 0.000242956 -0.000237638 -0.000279097 0.0112488 0.103073 0.0015845 0.0113033 -0.000730231 -9.55852e-06 0.0375233 0.0828587 0.00662485 0.0290368 0.00735948 0.0033456 0.00213612 -0.000312829 0.0284787 0.00699271 0.0271006 0.0012711 0.0386531 0.103793 0.0285943 0.0370679 -0.00194595 0.0231196 0.0889965 0.00155642 0.00776686 0.0492713 0.00956089 0.00481153 0.00732592 0.0343115 0.03058 0.000294976 0.0493339 0.00189129 0.0242162 0.021377 0.00172403,800,0,cuda,1.95,5.49
test,869,boxer_86,boxer,dog,correct,boxer,kernel,8,0.999581,40,0.370715,0.749364,0.378649,0.306509,0.817309,0.0,,,,0.0777983 0.0686576 -0.00721237 -0.00453582 -0.00641653 0.0298758 0.0596174 0.00403953 0.0301122 0.0838217 0.0296869 0.0185512 0.0123852 -0.0275984 0.0437503 0.101971 -0.025196 -0.0254733 0.0128271 -0.0178642 0.0121344 0.00393705 0.0328727 0.000770648 0.00648206 0.273076 0.0795059 0.0271504 0.0190425 0.0160137 0.0186997 -0.00990961 0.00622055 -0.0197876 0.00903091 -0.00928587 -0.00624127 -0.0082811 0.0649117 0.0141718,800,0,cuda,2.67,5.54
test,869,boxer_86,boxer,dog,correct,boxer,partition,8,0.999581,40,0.370715,0.690805,0.32009,0.309929,0.824531,0.0,,,,0.0914966 0.0439104 0.00378716 0.00165396 0.00384549 0.00867893 0.100798 0.00691622 0.0156524 0.0504565 0.002986 0.0185097 0.00379497 0.00353295 0.030073 0.0675077 0.027992 0.012982 0.0422925 0.00807023 0.00571862 0.0012132 0.00141197 0.000350928 0.000940607 0.368429 0.0122383 0.00550918 0.00479385 0.000682083 0.00629517 0.00722187 0.00521453 0.000464678 0.00096017 0.000236616 0.00777979 0.000209502 0.00928292 0.00542185,800,0,cuda,1.95,5.54
test,604,Birman_198,Birman,cat,wrong,Ragdoll,kernel,26,0.609889,41,0.712233,0.982403,0.27017,0.036263,0.409479,0.0,,,,-0.00705664 0.0207604 0.0159189 0.00823239 0.0612669 -0.0230572 0.0220127 -0.00264596 -0.00470422 0.00601243 -0.0609133 0.0150222 0.0148411 0.0769322 0.0164865 -0.0403159 0.100566 0.0765406 -0.00573518 0.0305816 0.0154617 0.0923501 0.0675366 -0.00858593 -0.0315732 0.00130016 0.0476508 0.0213718 -0.0142231 0.0270398 2.53525e-05 0.00467172 -0.00138936 0.0312541 0.00960127 0.0170439 0.00935409 -0.00886389 -0.0418858 0.0109586 0.0224516,800,0,cuda,2.49,5.39
test,604,Birman_198,Birman,cat,wrong,Ragdoll,partition,26,0.609889,41,0.712233,0.982403,0.27017,0.048407,0.479243,0.0,,,,0.0167161 0.0128202 -0.00108008 0.000870527 0.0213855 -0.00086387 0.00480744 0.00212864 -0.00614058 0.0133352 -0.00594256 0.000241364 0.0358459 0.0854681 -0.0162674 -0.0695103 0.0900555 0.0557157 0.0139354 -0.0283158 -0.00323321 0.102431 0.0557242 0.00545187 -0.0162165 -0.00499067 0.0227077 0.0212074 -0.00566552 0.0311458 -0.000602232 0.00595598 0.0473523 0.0490158 0.0132565 -0.000259783 0.0182474 0.0117767 0.0132642 -0.000289372 0.000812191,800,0,cuda,1.84,5.39
test,834,boxer_53,boxer,dog,correct,boxer,kernel,8,0.966715,36,0.273438,0.614815,0.341377,0.060155,0.911017,0.0,,,,0.0176395 0.033651 0.075187 0.0331653 0.00709366 0.0714468 0.305996 0.0337042 -0.0205573 0.00532412 0.0844127 0.00976574 -0.00772524 0.334994 0.0320679 0.0520631 0.0357071 0.00225641 0.00188069 0.0107541 -0.0268588 -0.0194699 0.0218638 -0.00996456 0.012492 -0.0172038 -0.0277297 0.00672753 0.0025201 0.00174152 -0.0605514 -0.0193204 -0.0159944 -0.017202 -0.00328562 0.00985397,800,0,cuda,2.65,5.07
test,834,boxer_53,boxer,dog,correct,boxer,partition,8,0.966715,36,0.273438,0.569142,0.295705,0.106097,0.886746,0.0,,,,0.00942929 0.0444017 0.0210088 0.012958 0.0125151 0.0558145 0.237882 0.0990064 0.0715602 0.00130665 0.0103322 -0.000907981 0.00151606 0.266001 0.0748145 -0.00239713 -0.00221532 0.000975937 0.0168115 -0.000519914 0.0203956 0.000589075 0.0063941 0.000430904 -0.000577418 -0.0109111 0.00433686 -4.42246e-05 -0.0015513 0.000973876 0.000979194 0.00229798 0.000660696 0.00036196 0.000777838 0.00103805,800,0,cuda,1.53,5.07
test,3006,scottish_terrier_33,scottish_terrier,dog,correct,scottish_terrier,kernel,30,0.995576,44,0.439353,0.771598,0.332244,0.19328,0.672718,0.0,,,,0.0135263 -0.00318675 0.0267077 0.0591502 0.0164225 0.0232418 0.00227293 0.0224618 0.0293571 0.0366532 0.0476244 -0.0052597 0.0892164 0.035428 0.0314631 0.00811546 -0.0344738 -0.00214958 -0.0113736 0.0305541 0.0111437 0.0427846 0.0023132 0.259323 0.0180793 0.0159497 -0.0327485 -0.00901793 0.0620982 0.0217465 0.011799 0.0144516 0.0239676 0.0553826 0.00125072 0.0149128 0.00455741 0.0221564 0.00330594 0.00957771 -0.0218139 0.0155672 -0.000112614 0.0251642,800,0,cuda,2.77,5.7
test,3006,scottish_terrier_33,scottish_terrier,dog,correct,scottish_terrier,partition,30,0.995576,44,0.439353,0.990935,0.551581,0.327646,0.580399,0.0,,,,0.0124379 0.00259628 0.0202709 0.00939051 0.0119855 0.0084363 0.00388182 0.0162394 0.0271861 0.0208525 0.0393337 0.00432354 0.0442522 0.0329935 0.00456212 0.0080302 0.00568686 0.0171994 0.0149323 0.00535982 0.00231929 0.0528373 0.00936924 0.221094 0.0238911 0.02872 0.0342908 0.103834 0.0643137 0.00584341 0.0200719 0.00515954 0.009817 0.0441438 0.00641275 0.013896 0.0057474 0.00275643 0.000926782 0.00594249 0.000552584 0.00204995 0.00818743 0.00546195,800,0,cuda,2.0,5.7
test,627,Birman_36,Birman,cat,wrong,Ragdoll,kernel,26,0.975487,40,0.491988,0.990566,0.498578,0.115245,0.563934,0.0,,,,0.0141105 0.036511 -0.00130823 0.0092059 0.00140582 -0.0287911 -0.0172462 0.0631205 0.0740043 -0.00250919 0.0257061 0.0541974 0.00151221 0.031792 0.129282 0.030999 0.0276211 -0.0112531 0.036093 0.0200716 0.00762338 0.0266544 -0.0202685 -0.0153188 0.00565759 0.000411451 0.00894755 0.0393763 0.021654 0.272952 -0.00824672 0.00214032 0.0218848 -0.000313265 -0.00558413 0.0239224 0.0110775 0.00852023 0.0375411 0.024738,800,0,cuda,2.61,5.19
test,627,Birman_36,Birman,cat,wrong,Ragdoll,partition,26,0.975487,40,0.491988,0.802238,0.31025,0.114254,0.457873,0.0,,,,-0.0116771 -0.0201283 -0.000890109 0.00941086 0.000403232 -0.00810905 0.00175002 0.0245527 0.108769 0.00125418 0.0114158 0.0399518 0.0111677 0.0126626 0.0127354 0.0722109 0.00498032 0.0126565 0.0124587 0.0072129 -0.00305484 0.0319847 0.00212056 -0.00255711 0.030272 0.0106621 0.0252587 0.0382391 0.0251949 0.320271 0.00731117 0.0167816 0.0165497 0.00633766 0.00303492 0.0762501 0.00134666 0.00929522 0.0278787 0.0119289,800,0,cuda,1.71,5.19
test,902,British_Shorthair_269,British_Shorthair,cat,wrong,Russian_Blue,kernel,27,0.617148,34,0.466,0.986308,0.520308,0.117634,0.556084,0.0,,,,-0.085972 -0.0190491 0.0366075 0.0209142 0.000104408 -0.0281113 0.0515917 0.0382121 0.0286396 0.094581 0.00842296 -0.0103757 0.0129559 0.0435294 0.0313766 0.0380689 0.099505 0.0852178 -0.00365576 0.0227375 -0.0207464 0.0469064 0.0234487 0.0213718 0.00611168 -5.23351e-05 0.00496286 -0.0106261 0.0342034 0.000481096 0.00255016 0.010614 0.00775926 0.0138566,800,0,cuda,2.79,5.39
test,902,British_Shorthair_269,British_Shorthair,cat,wrong,Russian_Blue,partition,27,0.617148,34,0.466,0.875193,0.409193,0.117783,0.460965,0.0,,,,0.00681384 0.0132665 0.0289257 0.0675638 -0.00259645 -0.00157829 0.0276022 0.0348909 0.000525353 0.0317582 0.00134952 0.00748102 0.0188803 0.0504347 0.0327837 0.011491 0.0762208 0.042574 0.000900524 0.0113118 0.0169558 0.0567556 0.0137209 0.00617734 0.0144848 -0.00654001 -4.85053e-05 0.0080831 0.00827119 0.00443218 -0.000324622 0.0133865 0.00214041 0.00804772,800,0,cuda,1.78,5.39
test,2904,samoyed_30,samoyed,dog,correct,samoyed,kernel,29,0.999714,36,0.76134,0.986403,0.225063,0.221549,0.622844,0.0,,,,0.023366 -0.00439586 0.0152943 -0.0109811 0.0135503 0.0146378 0.0177616 -0.0138153 0.0252038 0.0661532 0.22123 0.0583668 0.0178686 0.0391789 0.0164799 0.0213667 0.0951562 0.0739202 0.0170713 -0.024672 0.00513776 0.0251872 0.0359259 0.0843984 0.0323984 0.0374115 0.00451156 0.0181789 0.0260728 0.0375412 -0.0237694 0.00741627 0.00149784 -0.0132648 0.0110293 0.0065643,800,0,cuda,2.67,5.51
test,2904,samoyed_30,samoyed,dog,correct,samoyed,partition,29,0.999714,36,0.76134,0.991846,0.230506,0.211975,0.688339,0.0,,,,0.00146424 0.00677187 0.0165342 0.00400251 -0.00146027 0.00977503 0.00424778 0.00241817 0.0585765 0.106562 0.153578 0.0818935 0.00565482 0.0669745 0.0569174 0.0377085 0.0184202 0.0179303 0.0304978 0.0095349 0.00745584 0.0274928 0.0828849 0.0219305 0.00715227 0.0261211 0.0138636 0.00578485 0.0173362 0.0282043 0.00420576 0.0225571 0.00759504 0.00627321 0.0115639 0.000555416,800,0,cuda,1.93,5.51
test,1747,japanese_chin_69,japanese_chin,dog,correct,japanese_chin,kernel,17,0.991839,26,0.638752,0.986957,0.348205,0.063237,0.864402,0.0,,,,0.00156874 -0.0106102 0.0205123 0.00149702 0.0686836 0.0335807 0.000208844 0.0387384 -0.00585929 0.105887 0.191064 0.0496321 -0.000405038 -0.0148829 0.40901 0.0308638 0.00991016 -0.0142753 0.0066694 0.000182974 0.0150476 -0.0081881 0.0030622 0.019077 0.0134587 0.00410962,800,0,cuda,2.65,5.25
test,1747,japanese_chin_69,japanese_chin,dog,correct,japanese_chin,partition,17,0.991839,26,0.638752,0.724927,0.086176,0.08439,0.834488,0.0,,,,0.0718241 0.0115612 0.0160483 0.0422013 0.0755821 0.00241067 0.012449 0.0297023 0.00596389 0.218796 0.0854778 0.0194713 0.00253086 0.00470929 0.332251 0.0454548 0.0112003 -0.00393924 0.000294985 0.00159747 -0.0109573 0.0011949 -0.0010186 -0.00315077 -0.00148587 -0.00162587,800,0,cuda,1.8,5.25
test,2748,Russian_Blue_69,Russian_Blue,cat,correct,Russian_Blue,kernel,27,0.99828,35,0.349011,0.804058,0.455046,0.129532,0.861443,0.0,,,,0.00393064 0.0258864 0.0568753 0.00720241 -0.024414 0.0734453 -0.00734492 0.234505 0.0512388 0.0922302 0.019014 0.0419248 0.0691495 0.00348229 0.0156586 0.0171524 0.0647016 0.0534679 0.0588525 -0.000722968 0.0166396 -0.018695 0.0293392 0.00389697 -0.00264598 0.0163092 0.0395544 -0.00716544 0.00786175 0.00772087 0.0303918 -0.00873218 0.0158531 -0.00404756 0.00475744,800,0,cuda,2.69,5.32
test,2748,Russian_Blue_69,Russian_Blue,cat,correct,Russian_Blue,partition,27,0.99828,35,0.349011,0.967702,0.61869,0.116145,0.813286,0.0,,,,0.0105928 0.00047889 0.0218361 0.00189362 -0.000695287 0.0414833 0.00105947 0.359701 -0.00471068 0.134925 0.0423344 0.00958797 0.0792816 0.00661951 0.000735608 -0.00457909 0.0906403 0.0485457 0.00776073 0.00196686 0.00819635 0.0102206 0.0267934 0.00172356 0.00525533 0.00733258 0.0136613 0.00639376 0.0187326 0.0136102 0.00163448 0.00919345 0.00299238 0.00288853 0.00918669,800,0,cuda,1.76,5.32
test,2051,Maine_Coon_69,Maine_Coon,cat,wrong,Abyssinian,kernel,0,0.973266,46,0.174745,0.477915,0.30317,0.04474,0.44543,0.0,,,,0.0944768 0.0605602 0.0207945 0.0412059 -0.0297421 0.0466558 0.0890369 -0.000896845 -0.016853 0.00771366 0.0629143 0.110254 -0.0669127 0.0525764 0.0751501 0.0291873 0.0366432 -0.00910084 0.133035 0.0238494 0.0409126 -0.00515784 -0.0483779 -0.0193256 0.00828381 0.147523 0.0219772 0.0194265 0.022945 0.0261238 0.0188915 -0.01449 0.00414007 -0.000259525 0.00762829 -0.0358005 -0.0147789 -0.00600676 0.0021835 -0.0139621 0.0212022 -0.00415899 0.0781378 -0.0437692 -0.00406465 -0.0199715,800,0,cuda,2.59,5.43
test,2051,Maine_Coon_69,Maine_Coon,cat,wrong,Abyssinian,partition,0,0.973266,46,0.174745,0.482787,0.308042,0.046004,0.456891,0.0,,,,0.0334159 0.0238488 0.00710867 0.00031506 0.00635038 0.0175929 0.0659065 0.00155618 0.00547542 0.00578285 0.0264225 0.187212 0.00875911 0.00141701 0.0775382 0.00164573 0.0162865 0.00373567 0.152571 0.00189744 0.00129337 0.0412381 0.00674784 0.00358205 0.00135003 0.194085 0.00166628 0.00299712 0.00787332 0.0157014 0.00381467 0.00374465 0.00107149 0.00223157 -0.00492408 -0.00192053 0.0146657 0.00231862 -0.000195487 -0.000441126 0.00305113 0.000780946 0.00147919 0.000777339 0.00177346 0.000201164,800,0,cuda,1.89,5.43
test,2757,Russian_Blue_78,Russian_Blue,cat,correct,Russian_Blue,kernel,27,0.974064,28,0.433175,0.984617,0.551441,0.132473,0.658534,0.0,,,,0.0299031 0.0267568 -0.00753443 0.0183768 -0.00114655 -0.0096126 0.158276 0.0443194 0.128894 0.0129531 0.112595 0.0180882 0.0455559 0.122966 0.0452128 0.0112836 -0.00749273 0.0412623 0.0521427 -0.00933688 0.0673088 0.00104736 -0.00718968 0.0416562 0.00792635 0.0140102 -0.0121371 0.0169735,800,0,cuda,2.65,5.75
test,2757,Russian_Blue_78,Russian_Blue,cat,correct,Russian_Blue,partition,27,0.974064,28,0.433175,0.850826,0.417651,0.165193,0.667955,0.0,,,,0.0070735 0.0351886 0.00755896 0.0163635 0.0286606 0.0475466 0.240351 0.0433996 0.215839 0.005314 0.133434 0.0108225 0.0130189 0.0593333 0.049738 0.00274946 0.00497491 0.00617391 0.00491472 0.00117114 0.00683576 0.00173317 0.00520278 0.00244626 0.00146952 0.00076453 0.00497323 0.00600628,800,0,cuda,2.31,5.75
test,3632,yorkshire_terrier_67,yorkshire_terrier,dog,correct,yorkshire_terrier,kernel,36,0.988028,26,0.767837,0.733923,-0.033914,0.058577,0.490442,0.0,,,,0.0215504 -0.0111028 0.0273035 0.068331 0.0449844 0.0418978 0.0154388 0.0985973 0.125812 0.0626273 0.0142898 0.074296 0.098921 0.0349424 -0.0239919 0.0424997 -0.0325458 0.0309592 0.100596 0.00263847 0.00638336 0.0669839 0.0141627 -0.00315819 0.00161599 0.0338239,800,0,cuda,2.66,5.46
test,3632,yorkshire_terrier_67,yorkshire_terrier,dog,correct,yorkshire_terrier,partition,36,0.988028,26,0.767837,0.997778,0.22994,0.046521,0.454292,0.0,,,,0.0161091 -0.0557995 0.0150706 0.0319356 0.0707576 0.0156418 -0.0140938 0.0690942 0.146475 0.086235 0.0329834 0.0388517 0.0586247 -0.018486 0.0387049 0.0587828 -0.0114286 0.0956004 0.10278 0.0057069 0.00378599 0.0996153 -0.00604271 -0.000477875 0.0198663 0.0575635,800,0,cuda,2.04,5.46
test,321,basset_hound_30,basset_hound,dog,correct,basset_hound,kernel,3,0.970217,33,0.294483,0.834272,0.539788,0.089005,0.716546,0.0,,,,-0.00947741 0.0508547 0.01456 0.0111838 0.025655 -0.0329906 0.0681578 0.158856 0.005023 0.023093 0.15617 0.0541337 -0.00610137 0.00821079 0.204534 0.12363 0.0910373 -0.00570136 0.0112804 0.0118272 -0.0189534 0.0303505 0.00192638 0.0367277 0.00204632 0.00161587 -0.0130124 -0.0184876 -0.00389207 0.00308592 0.0102761 -0.0123022 -0.0376009,800,0,cuda,2.31,5.22
test,321,basset_hound_30,basset_hound,dog,correct,basset_hound,partition,3,0.970217,33,0.294483,0.813535,0.519051,0.081924,0.604697,0.0,,,,0.00373811 0.0471286 0.0170655 0.00984722 0.00445763 0.00745838 0.0743064 0.0721049 0.00633224 0.0121384 0.142124 0.0111883 0.00274471 0.00689015 0.252293 0.13326 0.0922958 0.0275943 -0.00123238 -0.00195291 0.00321973 -0.012828 0.00175336 0.00684216 0.0025301 0.00306695 0.0155392 0.00763937 0.00188244 0.000988524 0.00232378 -0.00250469 -0.00451886,800,0,cuda,2.11,5.22
test,696,Birman_99,Birman,cat,correct,Birman,kernel,6,0.732823,31,0.503308,0.537551,0.034243,0.188787,0.910906,0.0,,,,0.0730005 0.254358 0.00921853 0.0630937 -0.00253526 -0.0105456 -0.00151059 -0.00314941 0.26017 0.0264193 0.135093 -0.00586636 0.0268698 0.0336015 0.0135449 -0.0204628 -0.0701135 -0.00289657 -0.0508802 0.000348655 -0.0157935 0.025047 -0.00323397 -0.00471044 -2.94066e-05 0.00757002 -0.00434172 -0.00333541 0.0313197 -0.0514035 -0.00752741,800,0,cuda,2.86,5.93
test,696,Birman_99,Birman,cat,correct,Birman,partition,6,0.732823,31,0.503308,0.537551,0.034243,0.179751,0.875718,0.0,,,,0.081724 0.169029 0.000108077 0.155211 0.0023265 0.000222566 0.0153602 -0.00149922 0.282629 0.00523475 0.0942271 -0.00225973 0.00410796 0.0113341 0.00306056 0.00225544 -0.0489836 -0.011475 -0.0316401 0.00630681 -0.00822826 -0.00488693 -0.0201017 0.00660309 -0.0140294 0.013063 -0.00357681 0.00187303 0.00675734 -0.0105323 -0.00290158,800,0,cuda,2.29,5.93
test,1179,Egyptian_Mau_98,Egyptian_Mau,cat,correct,Egyptian_Mau,kernel,11,0.993689,37,0.433434,0.946345,0.51291,0.194919,0.917313,0.0,,,,-0.00528106 -0.0118663 0.0020473 0.00691073 0.0173808 -0.00895259 -0.0221292 -0.00295621 -0.0191517 0.0157727 0.0247314 0.0109541 0.0221849 0.0179754 -0.00924835 0.0206623 0.0175301 0.0122208 0.023645 0.0282039 0.0175002 -0.0126241 0.404473 0.28922 -0.0171084 -0.00578254 0.0127925 -0.0240147 0.144695 -0.00163929 -0.00874314 -0.0161382 0.00507902 -0.00418107 0.00676096 0.000877416 -0.013352,800,0,cuda,2.7,5.87
test,1179,Egyptian_Mau_98,Egyptian_Mau,cat,correct,Egyptian_Mau,partition,11,0.993689,37,0.433434,0.972214,0.53878,0.2028,0.836481,0.0,,,,0.00320455 -8.8037e-05 0.000416501 0.000708531 0.0243081 -9.49039e-05 0.014341 0.00793254 0.0176175 0.00398893 -1.80194e-05 0.000858316 0.0063018 0.00972803 0.000163164 0.0220381 0.00296307 0.0483115 0.0233126 0.0136253 0.0935086 0.0150143 0.170847 0.130962 0.0101015 0.0189307 0.00647614 -0.00733047 0.274646 0.00482894 -0.00801123 0.00436218 0.0170179 -0.00666849 0.00916605 -0.0115424 -0.00347967,800,0,cuda,2.17,5.87
test,2778,Russian_Blue_98,Russian_Blue,cat,correct,Russian_Blue,kernel,27,0.991934,36,0.277204,0.922447,0.645243,0.08551,0.764972,0.0,,,,0.105937 0.070632 0.0334975 0.0423471 0.024309 0.0571917 0.0689829 0.102352 0.0244133 0.0192437 0.104215 0.080041 0.145486 -0.0249192 0.0315393 0.00238106 0.0199611 -0.00447053 0.02548 -0.0180042 -0.00160698 -0.0064101 0.0142558 0.00312834 0.00417833 0.0107827 0.0117076 -0.0147523 0.0246399 0.0101824 0.00856317 0.00368065 0.0152991 -0.00927927 0.0112231 -0.0152793,800,0,cuda,2.27,5.28
test,2778,Russian_Blue_98,Russian_Blue,cat,correct,Russian_Blue,partition,27,0.991934,36,0.277204,0.925009,0.647805,0.113897,0.77272,0.0,,,,0.103484 0.0481385 0.0328216 0.023858 0.00403069 0.0405294 0.0711369 0.255679 0.0198828 -0.000190807 0.123682 0.0482598 0.114414 -8.59114e-05 0.0161557 0.0153626 0.0359012 0.0063266 0.0115852 0.00831883 0.000604961 -0.00288272 0.0010037 -0.00140056 9.32973e-05 0.000367781 0.000607504 0.000574201 0.000964011 0.000157555 0.000205892 0.000133813 0.00039634 0.000270996 0.000226628 0.000314057,800,0,cuda,2.01,5.28
test,624,Birman_33,Birman,cat,correct,Birman,kernel,6,0.910186,38,0.258032,0.845464,0.587433,0.197723,0.884297,0.0,,,,0.000604011 -0.00898285 0.0139187 0.00906689 0.00757663 0.00803047 0.0089865 0.00261955 0.0207895 0.00769488 0.0119615 0.16993 -0.0019992 -0.00393309 0.00162642 0.00658661 -0.0209529 0.00261029 -0.00635387 0.024678 0.00567462 0.0833713 0.0162538 0.140617 -0.0330578 0.116185 0.0133178 -0.0372561 0.369458 -0.0367009 -0.0103923 -0.0123466 -0.00851467 -0.0157737 -0.0119111 -0.00609244 0.0362671 0.0151238,800,0,cuda,2.67,6.24
test,624,Birman_33,Birman,cat,correct,Birman,partition,6,0.910186,38,0.258032,0.740813,0.482781,0.175682,0.882239,0.0,,,,0.0082213 0.0036825 0.0217595 0.00672814 0.0035949 0.00391181 0.00420316 0.00190385 0.00626259 0.00540017 0.00335455 0.138726 0.0110747 0.00642164 0.0457099 0.00588047 0.00495985 0.00812738 0.00352943 0.0250975 0.0474039 0.0216823 0.0174313 0.211088 0.00220112 0.0211999 0.0452971 -0.0013796 0.239239 -0.0120238 -0.00405945 0.0186601 0.000739609 0.000327884 -0.0142713 -0.031068 0.00416752 -0.00650351,800,0,cuda,2.57,6.24
test,3401,staffordshire_bull_terrier_39,staffordshire_bull_terrier,dog,correct,staffordshire_bull_terrier,kernel,34,0.963111,45,0.689074,0.992487,0.303413,0.041967,0.606757,0.0,,,,-0.0215037 -0.00292242 0.016495 -0.0132045 -0.00367574 0.0298072 0.0182126 0.0239428 0.0391042 -0.033973 -0.0144549 -0.00300538 0.00521099 0.210443 -0.0122199 0.0175115 0.128302 0.063204 0.0495267 0.0169152 0.0017595 0.0033178 0.005617 0.0510437 0.108663 0.0187582 -0.0187339 0.0621451 0.0283589 0.00638205 0.0778184 0.0162942 -0.00645782 -0.00481993 0.021098 0.000578951 0.0240867 0.00727619 0.00160383 0.00164529 -0.00100221 0.0262264 -0.00799142 0.030131 -0.00851384,800,0,cuda,2.36,5.7
test,3401,staffordshire_bull_terrier_39,staffordshire_bull_terrier,dog,correct,staffordshire_bull_terrier,partition,34,0.963111,45,0.689074,0.988717,0.299643,0.183034,0.683371,0.0,,,,0.00712205 0.0137224 0.00160909 0.000689713 0.00134117 0.0280463 0.0271327 0.0646323 0.0542283 0.00369868 0.0144336 0.0144442 0.0344031 0.206609 0.0106315 0.0365785 0.0602296 0.0349169 0.133062 0.00618863 0.00751609 0.0153888 0.00176061 0.0271482 0.0498444 0.00153746 0.004332 0.00965994 0.00196141 0.001792 0.0373095 0.00352673 0.00239397 0.00933395 0.00273912 0.00192508 0.00533506 0.0045265 0.00139433 0.00395426 0.00276146 0.00426415 0.0026232 0.00142178 0.000831657,800,0,cuda,2.43,5.7
test,2173,miniature_pinscher_93,miniature_pinscher,dog,wrong,chihuahua,kernel,10,0.75396,40,0.132573,0.338184,0.205611,0.012414,0.219329,0.0,,,,0.0364645 0.0211944 0.0269038 0.0841202 0.05913 -0.00641971 0.0265448 0.0252185 0.0132378 -0.0174035 -0.0236743 0.0676756 0.0177719 0.049 0.0192384 -0.0620717 0.00873626 0.0329453 0.0392574 0.0310449 0.0408438 0.0123991 -0.00237212 -0.00626242 -0.038204 -0.00622597 0.0819723 0.0124677 0.0304725 0.0150937 -0.00563812 0.027999 0.0227601 0.0612295 0.000284177 0.0279455 0.0136248 0.00235957 -0.0102953 0.0164192,800,0,cuda,2.4,5.32
test,2173,miniature_pinscher_93,miniature_pinscher,dog,wrong,chihuahua,partition,10,0.75396,40,0.132573,0.559634,0.427061,0.020438,0.32419,0.0,,,,0.00214771 0.0255337 0.0050407 0.0268577 0.0146528 0.0120763 0.0494908 0.0284787 0.00671856 0.00154578 0.0015326 0.102848 0.0138618 0.0430901 0.0761007 -5.67555e-05 0.00446253 0.00488 0.00180268 0.00315574 0.0888249 0.00131905 0.00367259 -0.00114696 -0.0121337 0.0287793 0.0976775 0.00307421 0.00742214 0.00113046 0.0111182 0.00139867 0.00946091 0.0117706 0.00202614 0.0268542 0.00387039 0.0136309 0.00644583 0.0163724,800,0,cuda,2.12,5.32
test,1011,chihuahua_33,chihuahua,dog,correct,chihuahua,kernel,10,0.99994,35,0.328982,0.651035,0.322053,0.067439,0.917861,0.0,,,,-0.0128377 0.00308579 0.0383257 -0.00634492 -0.01273 0.0107868 -0.00866743 0.08088 -0.00110639 0.0227965 0.0103243 0.666632 -0.00341188 0.00586642 -0.000162772 0.0279139 0.0890853 0.0450169 -0.00319958 -0.0124734 0.0125501 -0.00233287 -0.0096075 -0.0109422 -0.0101323 -0.0115081 0.0129032 0.0333115 0.00484684 -0.0104839 0.0184906 0.0128234 0.00056977 0.0145622 -0.00306243,800,0,cuda,2.45,5.55
test,1011,chihuahua_33,chihuahua,dog,correct,chihuahua,partition,10,0.99994,35,0.328982,0.727402,0.39842,0.066706,0.9178,0.0,,,,0.000360387 0.000238711 0.000218471 0.00020658 -0.000115172 3.06911e-05 2.23419e-05 0.103757 -7.32244e-05 0.0366975 -3.33329e-05 0.601698 -0.000321458 -0.000286445 0.0148725 -5.28867e-05 0.13774 0.0986317 -0.000562638 -0.000100813 -0.00015774 -0.000180115 -0.000272159 -0.00010759 -6.36288e-05 -0.000119238 -0.000360916 -0.000109 -7.37045e-05 6.90516e-05 0.000136854 9.4525e-05 -9.27923e-05 4.51541e-05 3.09498e-05,800,0,cuda,2.27,5.55
test,1480,german_shorthaired_99,german_shorthaired,dog,correct,german_shorthaired,kernel,14,0.998726,42,0.480568,0.894382,0.413814,0.430899,0.858617,0.0,,,,0.0091062 0.00363563 -0.00227813 0.0352557 -0.000889721 0.0832158 0.0337137 0.0744754 -0.0137809 0.027155 0.0407703 0.00882426 0.199009 -0.011363 0.0430244 -0.00132091 0.0216223 0.102783 0.0361285 0.0116133 0.00429063 0.00306821 0.000942904 0.00431998 0.0256702 0.0109884 0.0310316 -0.0107725 0.0230365 0.0315147 0.0061221 0.0372408 -0.0159317 0.0197111 0.0166539 -0.00326156 0.0118388 0.0186953 0.0195889 0.00684848 0.0287023 -0.00219334,800,0,cuda,2.26,5.65
test,1480,german_shorthaired_99,german_shorthaired,dog,correct,german_shorthaired,partition,14,0.998726,42,0.480568,0.976227,0.495659,0.351088,0.868996,0.0,,,,-0.00188488 0.00136656 0.00249523 0.0274563 -0.003779 -0.000641413 0.0165423 0.0560191 0.00386313 0.00264683 0.0460511 0.00595894 0.202552 0.0131231 0.0892857 0.0579666 0.00713576 0.139661 0.0549247 0.0342002 0.0474113 0.0563708 0.00473412 0.00872877 0.00548807 0.0108463 0.00713678 0.00195442 -0.00221855 0.00185496 0.00640773 0.0105614 0.00648911 0.0169419 0.00421938 0.0133226 0.000761274 0.00472497 -9.59189e-05 0.00286655 0.00405269 0.00130322,800,0,cuda,2.38,5.65
test,1090,Egyptian_Mau_204,Egyptian_Mau,cat,correct,Egyptian_Mau,kernel,11,0.887987,33,0.284319,0.773126,0.488806,0.054916,0.894791,0.0,,,,-0.017665 -0.0377724 -0.021848 0.00535624 -0.00879706 -0.000772987 0.0189398 -0.0209854 -0.0108031 -0.0107924 0.0276763 -0.0334749 0.00199339 -0.00733012 0.0211982 0.0567157 -0.0102692 0.0243786 0.00144584 -0.0288898 0.245252 0.0191094 0.221201 0.201037 -0.0121446 0.0309232 0.0260606 0.0236789 0.119148 0.0204005 -0.0156057 0.00835839 -0.0229771,800,0,cuda,2.1,5.08
test,1090,Egyptian_Mau_204,Egyptian_Mau,cat,correct,Egyptian_Mau,partition,11,0.887987,33,0.284319,0.683194,0.398875,0.048816,0.847202,0.0,,,,-0.0228774 -0.0307982 -0.00870295 -0.00893279 -0.0235189 -0.0278455 -0.00613144 -0.0171154 -0.0194639 -0.0244532 -0.00370506 -0.0555621 -0.0068118 0.00677543 0.0491579 0.0785031 0.0160161 0.0412824 0.0836957 0.0216846 0.22736 0.0197607 0.166477 0.24836 -7.99464e-05 0.0208465 0.0462273 0.0131001 0.0619268 0.00712975 -0.0322927 -0.00293684 -0.00432982,800,0,cuda,2.06,5.08
test,848,boxer_66,boxer,dog,correct,boxer,kernel,8,0.971255,39,0.597278,0.779785,0.182508,0.058925,0.834376,0.0,,,,0.00814518 -0.00687898 0.0521469 -0.00124287 0.0152655 0.168207 0.215088 0.0399347 0.00186099 0.00439068 0.0750059 0.0755232 0.0171105 -0.0169014 0.0215174 0.0435962 0.207456 -0.0378182 0.0101005 0.0878743 0.0098374 0.0313012 0.0126027 0.0125528 0.00670159 0.0138753 -0.0208737 -0.0357687 -0.00230805 -0.00757443 -0.00413198 -0.00194457 0.00180568 -0.007563 -0.0333401 -0.00673698 0.0115186 -0.00405088 0.00470045,800,0,cuda,2.27,5.34
test,848,boxer_66,boxer,dog,correct,boxer,partition,8,0.971255,39,0.597278,0.977599,0.380321,0.061922,0.857085,0.0,,,,0.000888111 0.000404923 0.0138943 0.00990857 0.000509916 0.122209 0.234874 0.00171763 0.0118007 0.000273247 0.0939921 0.0814498 0.0371446 0.000344947 0.00394185 0.0572093 0.216264 0.00125182 -1.50345e-06 0.0809787 -0.000631786 -6.93173e-05 -0.000397571 -0.00189033 -0.000561916 -0.000869076 -0.00157549 -0.000472418 -0.00102236 -0.000189055 -0.000361864 -2.34228e-06 0.000285289 -0.000302306 -0.000167771 0.000214164 -0.000162192 -1.81839e-06 0.000108906,800,0,cuda,2.15,5.34
test,3079,scottish_terrier_9,scottish_terrier,dog,correct,scottish_terrier,kernel,30,0.999728,35,0.584762,0.703122,0.11836,0.223132,0.798741,0.0,,,,-0.016288 0.0181972 0.0569047 -0.0102002 -0.00320344 0.0537775 0.0137716 -0.0297675 0.0974437 0.0339957 0.0571228 0.214741 0.0654279 0.0693361 0.0703133 0.0427803 0.0338824 0.0176096 0.0381226 -0.0314615 0.0343156 0.0428182 -0.00353287 0.00505064 -0.00540472 0.0237091 0.00641238 0.0356073 -0.00330508 -0.015149 0.0297798 0.00378417 -0.0162207 0.0375516 0.0238205,800,0,cuda,2.72,5.75
test,3079,scottish_terrier_9,scottish_terrier,dog,correct,scottish_terrier,partition,30,0.999728,35,0.584762,0.711673,0.126911,0.243094,0.806,0.0,,,,0.00802695 0.0034008 0.0173868 0.00839935 0.0140403 0.0629722 0.0137368 0.0134134 0.0157674 0.0365684 0.0652541 0.305022 0.104473 0.134929 0.0780157 0.0214194 0.0557582 0.000885634 0.00162973 0.00106657 0.00329062 0.00527141 0.00247064 0.000280656 0.00330873 0.00398306 0.000394992 0.00101545 0.0012582 0.00249183 0.00153473 0.00164675 0.000687526 0.000519024 0.00142324,800,0,cuda,2.15,5.75
test,780,Bombay_94,Bombay,cat,correct,Bombay,kernel,7,0.503725,37,0.723812,0.994939,0.271127,0.020735,0.23191,0.0,,,,0.00318638 0.0376812 0.00367101 -0.0418641 -0.00889863 -0.00213667 0.0261088 0.0358721 -0.034379 -0.032471 0.00286082 0.047436 0.00484239 0.0394059 -0.00186186 -0.0628842 -0.00705404 -0.031889 0.0904064 0.0151407 0.0121399 0.0701762 0.0647236 -0.0113398 -0.0105558 0.0314236 0.0470257 0.0238071 0.0358344 0.0285474 0.0214886 0.0500978 -0.0189556 -0.00590445 -0.0061052 0.03897 0.0219162,800,0,cuda,2.49,5.32
test,780,Bombay_94,Bombay,cat,correct,Bombay,partition,7,0.503725,37,0.723812,0.976283,0.25247,0.043418,0.160535,0.0,,,,0.0085076 0.00980397 -0.00121608 -0.0155536 0.00370299 -0.00199596 -0.00439861 -0.00429077 -0.00835754 0.00146651 -0.00197106 0.00922227 0.00127377 0.0139894 0.00143091 0.00973519 0.00551449 0.00653654 0.0707584 0.0120795 0.000939554 0.0580965 0.06956 -0.000663144 -0.015671 0.0174287 -0.0427828 0.012802 0.0685143 0.0127792 -0.00250833 0.0145227 0.0169203 0.0103442 0.0517017 0.0953037 -0.00706263,800,0,cuda,1.92,5.32
test,605,Birman_199,Birman,cat,correct,Birman,kernel,6,0.989469,35,0.742267,0.98734,0.245072,0.569843,0.863361,0.0,,,,-0.00183944 0.00617076 -0.0069834 0.0599656 0.00981281 0.064347 0.0658924 0.042088 0.0434132 0.0125774 -0.00113459 0.000475728 0.0319335 -0.0023734 -0.00176093 0.0248801 0.0589203 0.0272245 0.0610468 0.0307766 0.0314268 0.0296949 0.00695868 0.0615901 0.0798106 0.0110686 0.0198627 -0.0239159 0.00812445 0.020991 0.0167864 0.0221147 0.0242364 0.0281115 0.0956709,800,0,cuda,2.34,5.22
test,605,Birman_199,Birman,cat,correct,Birman,partition,6,0.989469,35,0.742267,0.993564,0.251296,0.678966,0.823195,0.0,,,,0.0264378 0.0128601 0.0219689 0.0746956 0.0377678 0.0532844 0.0410639 0.124703 0.0375565 0.0120589 0.0233557 0.0290841 0.0232573 0.0226934 0.0193699 0.00246144 0.0896 0.0292764 -0.0170479 0.00338147 0.00629812 0.00759139 0.0363031 0.0268461 0.0569101 0.010717 0.00339569 0.0136778 0.00316518 0.0117938 0.0062245 0.0075499 0.00457074 0.00684282 0.0882497,800,0,cuda,2.0,5.22
test,174,american_bulldog_78,american_bulldog,dog,correct,american_bulldog,kernel,1,0.547184,34,0.642498,0.987191,0.344693,0.029074,0.826025,0.0,,,,-0.0197426 -0.00183578 -0.00969896 0.0581562 -0.018678 0.0210651 -0.0384954 0.0414361 -0.0766081 -0.0153518 -0.0117443 0.0667657 -0.0437989 0.00760167 0.0543294 0.0526324 -0.0164097 -0.0210376 0.0281373 0.150514 -0.0318233 0.141322 -0.0109713 -0.0388133 -0.0025541 0.0079234 0.19439 0.0166697 0.0798934 0.02283 -0.00641476 -0.0172267 -0.0548499 -0.0177029,800,0,cuda,2.3,5.33
test,174,american_bulldog_78,american_bulldog,dog,correct,american_bulldog,partition,1,0.547184,34,0.642498,0.989722,0.347223,0.047472,0.735358,0.0,,,,-0.0168549 -0.0398386 -0.00340276 0.0502618 -0.0042812 -0.00223655 0.0302164 0.000762546 -0.0357379 -0.0138665 -0.0359853 0.12266 -0.0873168 0.00133843 0.0640944 0.00424762 -0.0116204 0.0153404 0.00299477 0.21328 -0.00752756 0.0538511 0.0124098 -0.0488252 -0.00809394 -0.0113308 0.229914 0.00259082 0.0418854 -0.000762203 -0.00278742 -0.0111809 -0.0194811 0.00519196,800,0,cuda,2.01,5.33
test,1202,english_cocker_spaniel_28,english_cocker_spaniel,dog,wrong,english_setter,kernel,13,0.715782,41,0.673948,0.995695,0.321747,0.062235,0.654275,0.0,,,,0.0378662 -0.0178814 -0.000137748 0.0131202 -0.0245504 -0.00183274 -0.0191204 0.0430486 0.0197711 0.0451692 0.00633547 0.0195451 -0.00422362 0.0299762 0.0284865 -0.012223 -0.0244235 0.0728766 0.0480903 0.0260734 -0.000548841 0.0769333 0.0105623 0.174648 0.0600145 -0.00612606 -0.00023795 0.00170197 0.0481985 0.0127464 0.0330001 -0.0316291 -0.00815717 -0.0100288 -0.0400963 -0.0525848 0.0439873 0.0601299 0.0246727 -0.00766145 0.0170528,800,0,cuda,2.99,6.0
test,1202,english_cocker_spaniel_28,english_cocker_spaniel,dog,wrong,english_setter,partition,13,0.715782,41,0.673948,0.998623,0.324676,0.093611,0.576184,0.0,,,,0.00303184 0.00389731 0.00789998 -0.000396275 0.00777579 0.00959499 0.000355207 0.0167568 0.0064721 0.0088618 0.000970984 0.00415118 -0.00328207 0.0277666 -0.00112555 0.019566 -0.00167837 0.0170977 0.0197833 0.0378071 0.0238699 0.0587874 0.00853761 0.151689 0.0356627 0.00664433 0.0271821 0.031022 0.0334842 0.0271979 0.0274402 0.00216028 0.000118864 0.00331568 -0.00173491 -0.00403258 0.0342253 0.0273452 -0.0182469 0.0157348 0.0168339,800,0,cuda,2.0,6.0
test,2269,newfoundland_8,newfoundland,dog,correct,newfoundland,kernel,22,0.994024,34,0.370277,0.462192,0.091915,0.174518,0.736434,0.0,,,,0.030531 0.00703905 0.0771627 0.0875 -0.0440851 0.0211389 0.37187 -0.00560666 0.0098803 0.0640091 0.0180495 0.0513936 0.0244969 0.0475299 -0.00712108 0.00931049 0.0203916 -0.0212362 0.0279865 0.0547387 0.0289263 0.00705524 -0.00467452 0.0138781 -0.0228337 -0.0381138 0.0648846 0.0477721 0.0278571 0.00471195 -0.000327808 -0.00699866 0.0160756 0.00505271,800,0,cuda,2.4,5.34
test,2269,newfoundland_8,newfoundland,dog,correct,newfoundland,partition,22,0.994024,34,0.370277,0.603274,0.232997,0.25799,0.827757,0.0,,,,0.0243485 0.00279151 0.0926727 0.101096 0.0163163 0.00386046 0.305072 0.0404174 0.00596926 0.0503182 0.0203302 0.0269013 0.00556609 0.110098 0.0163464 0.0031312 0.046435 0.000796872 0.0447759 0.0106159 0.00624269 0.00260259 0.00745469 0.00670066 0.00405145 0.00138849 0.00352241 0.00693609 0.0142759 0.00160957 0.0020262 0.00117551 0.000702338 0.00169727,800,0,cuda,2.06,5.34
test,2463,pomeranian_84,pomeranian,dog,correct,pomeranian,kernel,24,0.993013,31,0.662289,0.990917,0.328628,0.028788,0.697365,0.0,,,,0.0359761 0.0227193 -0.00530154 0.0451959 0.252312 0.00911948 0.110526 0.0908157 0.0796468 0.00625566 -0.00895021 0.0624407 0.00762267 0.0917679 0.0760898 0.00131307 -0.0367076 -0.0203778 0.0047106 0.11755 -0.00168865 0.0498218 0.00619445 0.0129436 -0.00467121 0.00910479 -0.00698855 -0.0180949 0.0104033 -0.0273582 0.0128422,800,0,cuda,2.45,5.45
test,2463,pomeranian_84,pomeranian,dog,correct,pomeranian,partition,24,0.993013,31,0.662289,0.973544,0.311255,0.02616,0.621937,0.0,,,,0.0133866 0.01762 0.00891454 0.00109499 0.219296 0.0338482 0.175879 0.0685249 0.156836 0.00106254 0.0103341 -0.00221415 0.0235173 0.0910736 0.090189 0.00615183 0.00130754 0.00294718 3.2017e-05 0.0664607 -7.59709e-05 -0.00109998 3.69327e-05 -0.000314675 0.000736964 -0.000171938 3.92323e-05 5.12602e-05 -0.00013851 -0.000159727 6.8908e-05,800,0,cuda,2.13,5.45
test,100,american_bulldog_207,american_bulldog,dog,correct,american_bulldog,kernel,1,0.478064,35,0.339545,0.823887,0.484342,0.139428,0.792033,0.0,,,,-0.0246761 -0.0319371 -0.00902729 -0.0419289 -0.0449578 -0.0323885 0.0317304 -0.0632847 -0.0381918 -0.0223348 0.0136541 -0.0475526 0.012391 0.178246 0.107142 0.076081 0.026146 -0.00656094 0.0117976 0.0282347 -0.010221 0.136176 0.0115986 0.118111 -0.0097074 0.000265829 -0.0102851 0.0129535 0.0700608 -0.0326714 0.00799876 -0.0050804 -0.0116749 0.0112862 0.0093961,800,0,cuda,2.23,5.0
test,100,american_bulldog_207,american_bulldog,dog,correct,american_bulldog,partition,1,0.478064,35,0.339545,0.990803,0.651258,0.140109,0.765063,0.0,,,,-0.000856831 -0.00229276 0.00211093 -0.00202603 -0.00144282 0.0169474 -0.0021693 -0.00253616 -0.00359267 0.00138427 0.0262664 0.00192845 -0.00356291 0.153036 0.0701405 0.0282685 0.00173171 -0.0100797 0.00781566 0.123703 -0.0067013 0.0747145 -0.0122163 0.0173848 -0.0215379 -0.00477109 -0.00100396 0.00355598 0.01151 -0.0273448 0.00380568 0.00367285 0.000987592 -0.0148452 -0.0111967,800,0,cuda,1.86,5.0
test,1243,english_cocker_spaniel_65,english_cocker_spaniel,dog,correct,english_cocker_spaniel,kernel,12,0.936615,39,0.221042,0.828641,0.607599,0.012871,0.851885,0.0,,,,0.0030116 0.0127664 0.00934105 0.000239236 -0.0177312 -0.0138347 0.00193659 -0.00481585 0.00628459 -0.00859572 -0.0139313 0.00907697 0.00976774 0.0069125 -0.00209466 0.0725735 -0.000894702 -0.00811165 0.0073974 0.00623318 0.00761129 0.034909 0.354596 0.354368 -0.00466775 -0.0414918 0.0158368 0.0390044 0.0867205 -0.00219698 0.0249654 -0.00391318 0.0138378 -0.0170132 0.0133131 -0.00402393 -0.00151856 -0.0066228 -0.0192832,800,0,cuda,2.33,5.33
test,1243,english_cocker_spaniel_65,english_cocker_spaniel,dog,correct,english_cocker_spaniel,partition,12,0.936615,39,0.221042,0.554878,0.333836,0.027539,0.662526,0.0,,,,-0.00182719 -0.000736705 -0.00110694 -0.00319931 -0.010681 -0.00106586 -0.00103469 -0.000812575 0.0285903 0.00750454 -0.00246803 0.00174053 -0.00161217 0.050208 -0.00854107 0.0360197 0.0567553 0.00412841 0.00274453 0.00268532 0.00050845 0.0120394 0.199829 0.492044 0.00360193 0.01734 0.00438932 0.00819434 0.0190894 5.59273e-05 -0.000122927 -9.2484e-05 -3.76787e-05 -0.000710473 -0.000148396 0.0053714 0.000246366 0.000854862 0.000218413,800,0,cuda,2.0,5.33
test,741,Bombay_56,Bombay,cat,correct,Bombay,kernel,7,0.960968,38,0.6592,0.98132,0.322121,0.082241,0.682446,0.0,,,,0.0115991 0.0202482 0.00126871 0.0820844 0.0695012 0.0413324 0.12581 0.0843056 -0.0020561 0.0297404 0.0349318 0.0102959 0.0683142 0.0290475 0.0173859 0.031367 0.142716 0.0335019 0.0368715 0.0167272 0.015639 -0.000148158 0.00171545 -0.0270606 0.0162506 -2.25635e-05 0.00691042 0.00919212 0.028454 0.00656969 0.00080195 0.0251687 0.00484057 -0.00335858 -0.0143444 0.000405261 -0.0010252 -0.0212747,800,0,cuda,2.62,5.95
test,741,Bombay_56,Bombay,cat,correct,Bombay,partition,7,0.960968,38,0.6592,0.855769,0.196569,0.149454,0.543962,0.0,,,,0.0184068 0.0306508 0.0139677 0.100666 0.0325006 0.0372215 0.157866 0.0290055 0.0143907 0.078968 0.0205042 0.024656 0.0859495 0.0565104 0.0356128 0.00488758 0.0607487 0.0366815 0.0246693 0.00309182 0.0122215 0.00358134 0.0021622 -0.00133519 0.00267133 0.00428468 0.00559285 0.00165869 0.00276168 0.00291534 0.00284298 0.0127743 0.00500059 0.00159914 0.00235255 0.000550633 0.00230416 0.00281162,800,0,cuda,2.41,5.95
test,334,basset_hound_42,basset_hound,dog,correct,basset_hound,kernel,3,0.991089,36,0.758371,0.957361,0.19899,0.105088,0.610985,0.0,,,,0.0240114 0.0813746 0.0200513 -0.00933951 0.160292 -0.00571176 0.0209968 0.0253492 0.0306501 0.0107028 0.142063 0.00199355 0.211036 -0.0110862 0.0364209 0.0134145 -0.037994 0.0270942 -0.0116018 0.0230442 0.0231277 0.0539326 0.00776521 0.00580489 0.0320607 -0.00192298 0.00551412 0.0497972 0.0189017 0.00152465 0.0205902 0.0264751 0.0045536 -0.0198942 0.00373164 -0.0181342,800,0,cuda,2.6,5.84
test,334,basset_hound_42,basset_hound,dog,correct,basset_hound,partition,3,0.991089,36,0.758371,0.993188,0.234818,0.214858,0.623235,0.0,,,,0.0126608 0.0412053 0.0149681 0.0279099 0.0587209 0.0092183 0.010248 0.0164808 0.0339257 0.00265453 0.0891233 -0.0133864 0.108419 -0.000645947 0.0884425 0.0115372 0.0257682 0.0280005 0.0171489 0.177386 0.00464492 0.044854 0.0907528 0.025235 0.0104401 0.00586808 0.00173052 0.021425 0.00619072 0.000670634 0.00107316 -0.000494294 -0.00578453 -0.00136992 0.000686806 0.000879946,800,0,cuda,2.44,5.84
test,2908,samoyed_34,samoyed,dog,wrong,great_pyrenees,kernel,15,0.946403,35,0.502013,0.984938,0.482925,0.043548,0.821245,0.0,,,,-0.00950326 0.0106126 -0.0214733 0.0100404 -0.0145907 0.011163 0.00922249 0.016315 -0.00791754 0.363498 0.0200966 -0.00577068 0.00814785 0.338529 0.000676095 0.00140533 -0.0177765 0.0277655 -0.00853431 0.0394511 0.00254511 -0.014223 0.00867534 -0.0144477 0.152747 0.00766668 0.00354942 0.0118586 -0.0140756 0.00660509 -0.00377842 -0.00881581 0.00989288 0.0159516 0.00540126,800,0,cuda,2.6,6.14
test,2908,samoyed_34,samoyed,dog,wrong,great_pyrenees,partition,15,0.946403,35,0.502013,0.982137,0.480124,0.04445,0.808964,0.0,,,,-0.0404711 0.0150704 0.0187712 0.00823327 0.0579776 0.00486192 0.0156539 -0.0388917 0.0160933 0.491599 0.016014 0.017713 0.119789 0.107539 0.0227383 0.00840366 0.0131476 0.0309384 -0.000340379 0.0116066 0.00196757 -0.00267889 -0.000465133 -0.0011006 0.0638486 -0.000151381 -0.00226764 0.000121103 -0.00944781 -0.00041247 -0.00285292 -0.000339076 -0.000147121 -0.000222948 -0.00138884,800,0,cuda,2.62,6.14
test,2882,samoyed_192,samoyed,dog,correct,samoyed,kernel,29,0.58393,38,0.212233,0.894796,0.682563,0.075937,0.82025,0.0,,,,0.0375549 -0.00324234 0.0197162 -0.0196747 -0.0469941 -0.00384784 0.000513869 -0.0349612 -0.0244441 -0.0242357 0.0234323 0.0192575 0.378913 -0.0829129 0.00640214 0.0005701 0.122669 0.111067 -0.00398836 -0.0415201 0.0133277 -0.00273447 0.00717922 -0.00981248 0.063651 0.0173302 -0.00857888 0.0111628 0.0294157 0.0139489 -0.0379889 -0.0280594 0.0202712 0.0286935 -0.00486829 -0.0119367 0.00463632 0.0232819,800,0,cuda,2.49,5.89
test,2882,samoyed_192,samoyed,dog,correct,samoyed,partition,29,0.58393,38,0.212233,0.565931,0.353698,0.200994,0.777716,0.0,,,,0.000333796 -0.000131514 -0.00913329 -0.00712516 0.048034 -0.0121667 0.0013738 -0.00196191 0.058725 -0.00875512 -0.00408407 0.000863281 0.30283 -0.0239539 -0.00325302 -0.0172005 0.123118 -0.0434252 0.0130199 -0.0183567 0.0074864 0.00353776 0.053009 -0.0051486 0.000306625 9.64409e-05 0.0131694 0.0135668 0.00673092 0.0225302 0.0109091 0.0188573 0.00289784 0.00145116 0.00260529 0.00975009 0.00115578 0.00153218,800,0,cuda,2.41,5.89
test,1705,japanese_chin_30,japanese_chin,dog,correct,japanese_chin,kernel,17,0.997815,31,0.667829,0.985934,0.318104,0.059363,0.819385,0.0,,,,-0.0109828 -0.000813087 0.0108197 0.00154181 0.0168972 0.00977005 -0.0107439 0.0839712 0.0296367 -0.00841101 0.0851025 0.00780402 0.129346 0.0311472 0.0642037 0.0322207 0.0423139 0.00604563 0.0117248 0.276865 0.0975306 0.0299885 -0.0115026 -0.00397314 0.0237162 0.0348363 0.0140652 -0.013679 0.00112611 0.00554367 -0.0115917,800,0,cuda,2.71,5.93
test,1705,japanese_chin_30,japanese_chin,dog,correct,japanese_chin,partition,17,0.997815,31,0.667829,0.9837,0.315871,0.128602,0.844713,0.0,,,,-0.00497124 -0.01046 -0.0301304 0.0107432 0.0153532 0.0037088 0.00117399 0.186043 0.137443 0.00741305 0.057243 -0.00795169 0.0419867 0.062954 0.167252 0.0728418 0.0135345 0.0125242 0.00167835 0.123103 0.0864647 0.0109096 0.00153695 0.000269318 -0.000361119 0.0131219 0.000242401 0.000354573 0.00211724 -0.00070917 -0.000909563,800,0,cuda,2.34,5.93
test,2881,samoyed_191,samoyed,dog,correct,samoyed,kernel,29,0.985792,45,0.196728,0.645916,0.449188,0.058769,0.943836,0.0,,,,0.000649088 -0.00929581 -0.00547519 -0.00186271 -0.00792216 0.00202197 0.0190439 0.00998365 -0.00771089 -0.00229676 0.00110501 0.0176124 0.0181774 0.0104042 0.0124674 0.384327 0.012487 0.0274889 0.00332177 -0.00364755 0.0197187 0.0392065 -0.0150129 0.0246462 0.00336444 -0.000390031 -0.00216926 0.279257 -0.0133041 -0.0198357 -0.0187829 -0.00288622 0.0184192 0.0293239 0.019915 0.11652 0.000297566 0.0127152 0.00655076 -0.00252261 -0.0183454 0.0296484 -0.00897417 -0.0290682 0.0158853,800,0,cuda,2.12,5.39
test,2881,samoyed_191,samoyed,dog,correct,samoyed,partition,29,0.985792,45,0.196728,0.885989,0.689262,0.115068,0.931351,0.0,,,,-0.000723006 0.000559377 -0.000201275 0.00069051 0.000134184 0.00212131 0.00312379 -0.000585891 0.00165112 0.00279624 0.0281194 0.0281078 0.0155871 0.0105109 0.00980792 0.427776 0.0268827 0.00786492 0.00443336 0.00375092 0.0572402 0.0664268 0.00192847 0.0213484 0.00105431 0.0361332 0.000282685 0.172507 0.00012603 0.000412578 0.00107967 0.000676616 -0.000330419 0.00240521 0.00229572 0.00859967 0.000668759 0.000860514 0.00026014 0.00102205 0.00282424 0.00650888 0.00512154 0.0016938 0.00150335,800,0,cuda,2.32,5.39
test,594,Bengal_97,Bengal,cat,correct,Bengal,kernel,5,0.964774,33,0.515804,0.967221,0.451417,0.102948,0.449258,0.0,,,,0.00171971 0.0170343 0.0294879 0.0237973 0.0257198 -0.00760191 -0.0262641 0.0235484 -0.0070646 0.0305919 0.0216968 0.0732545 0.0133739 0.0826796 0.0550404 0.0282929 0.0397206 0.0362634 0.0279707 0.0783982 0.0064557 0.013243 0.134371 0.0242264 0.0844192 0.000151444 -0.00309879 0.025801 0.00227804 0.0194583 0.00202717 -0.011426 0.0675284,800,0,cuda,1.99,5.56
test,594,Bengal_97,Bengal,cat,correct,Bengal,partition,5,0.964774,33,0.515804,0.801775,0.285971,0.139262,0.473574,0.0,,,,8.73487e-05 0.0157957 0.0110681 0.0300324 0.0240599 -0.00677829 -0.0037268 0.0259812 0.00561796 -0.00409338 -0.000248879 0.0675948 -0.00436393 0.277889 0.0382867 0.00393843 0.0541734 0.00505226 0.0144843 0.0433295 0.0291892 0.0337638 0.0538204 0.000831758 0.0832595 0.00137706 0.0146581 -0.0117592 0.0191762 0.0236091 0.000379201 0.00603213 0.080578,800,0,cuda,2.61,5.56
test,2987,scottish_terrier_197,scottish_terrier,dog,correct,scottish_terrier,kernel,30,0.682528,37,0.482581,0.991473,0.508892,0.068974,0.905971,0.0,,,,-0.0243468 0.00629589 0.00991034 -0.0149858 -0.0376717 -0.0323409 0.00873921 -0.0374541 -0.0281455 -0.0493384 -0.0194074 -0.0167177 0.139049 0.0247792 0.00908363 0.369894 0.0614064 0.0562773 -0.0186398 -0.0620393 -0.016309 0.0494135 0.033667 -0.00350849 -0.0455782 -0.0081349 0.236774 0.00900039 -0.0235909 0.0105502 0.0409238 0.0229555 -0.0274048 0.0112273 0.014089 0.0531465 -0.0270266,800,0,cuda,2.37,5.94
test,2987,scottish_terrier_197,scottish_terrier,dog,correct,scottish_terrier,partition,30,0.682528,37,0.482581,0.816679,0.334098,0.104906,0.755783,0.0,,,,0.00346996 0.0136336 0.00023111 0.00552502 0.00276199 0.0149128 0.0324313 0.00800213 0.0143677 0.00822613 0.0841608 0.0523745 0.101593 0.00256758 -0.000516883 0.154322 0.108704 0.0316985 0.0430713 -0.00643445 -0.0101814 0.0166701 -0.00689412 -0.00371044 -0.0252588 -0.00743996 -0.0120706 0.00556013 0.00833025 -1.47654e-05 0.00951529 0.0199335 0.00298872 0.000249885 0.00040541 0.000604624 0.000753565,800,0,cuda,2.54,5.94
test,1333,english_setter_56,english_setter,dog,correct,english_setter,kernel,13,0.999778,43,0.783582,0.997415,0.213834,0.18428,0.598314,0.0,,,,0.00713622 0.000242319 0.101051 0.00645447 0.101075 0.0257204 0.00736803 0.0177312 0.00877561 0.0125201 0.0342033 0.00515496 0.00593235 -0.0204973 0.0918766 0.0281825 -0.0180575 0.0326093 0.00185823 0.038408 0.0292726 -0.00644694 0.0199198 0.0227495 -0.00342088 -0.0142526 -0.0429207 0.0598784 0.055474 0.0336573 0.0784211 0.0312061 0.0116483 0.0314118 0.0340593 0.00621864 0.0118268 0.0315128 0.0426086 0.0540268 0.0257059 -0.01818 -0.00558286,800,0,cuda,1.9,5.46
test,1333,english_setter_56,english_setter,dog,correct,english_setter,partition,13,0.999778,43,0.783582,0.997951,0.214369,0.214858,0.65553,0.0,,,,0.0358796 0.00755904 0.131681 0.00305406 0.134953 0.00723217 0.00936306 0.0147094 0.0158027 -0.00071958 0.0551924 0.00153147 0.0433415 -0.0130161 0.0638373 0.011027 0.00690118 0.0137215 -0.00067183 0.0266391 0.00719523 0.00494364 0.0165222 0.0162055 0.00807543 0.00919055 0.0103472 0.00666475 0.0388446 0.0213257 0.051373 0.0145822 0.00733402 0.0297843 0.0137991 0.00226281 0.0339812 0.0216236 0.0497567 0.0177633 0.007223 0.00926542 0.0104571,800,0,cuda,2.59,5.46
test,2214,newfoundland_3,newfoundland,dog,correct,newfoundland,kernel,22,0.974257,43,0.775151,0.780675,0.005523,0.084778,0.66499,0.0,,,,-0.00866575 0.0227676 0.00187173 -8.15384e-05 -0.0154766 0.055859 0.0655269 0.0172095 0.0205182 0.0553353 0.0782977 0.030158 0.026459 0.0243935 -0.00679446 0.165946 -0.0296055 0.0470492 0.0583928 0.00373434 0.230046 0.0123131 -0.00497612 -0.0042378 0.0203659 -0.00746682 0.0543487 0.0417759 0.0312561 0.0108376 0.00650273 0.00560132 0.0406887 -0.00606564 -0.0171906 -0.00862881 -0.0203382 0.00402103 0.00312209 0.00507416 -0.012707 -0.0253836 -0.00337707,800,0,cuda,1.8,5.3
test,2214,newfoundland_3,newfoundland,dog,correct,newfoundland,partition,22,0.974257,43,0.775151,0.787645,0.012493,0.120474,0.622512,0.0,,,,0.00210689 0.00713937 0.00383512 0.00257355 0.00610244 0.0216913 0.0811457 0.007375 0.022296 0.0241038 0.0388224 0.0112568 0.0690759 0.0693968 0.0351331 0.157876 0.0252282 0.0399968 0.0648858 -0.00497251 0.0882295 0.00195464 0.0266259 0.0300585 0.0255446 -0.0210478 0.0371553 0.0455064 0.00459602 -0.00215656 0.00979756 -0.00146688 0.00425361 0.00978226 0.00533054 0.0126585 0.000222802 0.00074647 0.00385039 0.000713199 0.00106356 0.00017028 -0.000179842,800,0,cuda,2.45,5.3
test,3550,wheaten_terrier_83,wheaten_terrier,dog,correct,wheaten_terrier,kernel,35,0.999778,43,0.20165,0.863428,0.661778,0.110146,0.909964,0.0,,,,-0.0319161 0.0258005 0.0139416 -0.0110302 0.0198401 -0.00263521 0.0350029 0.100563 -0.0169479 0.114487 0.0251777 0.0105452 0.011731 -0.0192498 0.00744917 0.036554 -0.0279109 0.0249357 0.0202134 -0.0195001 0.453866 0.0256686 -0.00717398 -0.0269198 -0.0273691 -0.0225515 0.00381953 0.0118696 0.0661702 0.0154513 0.0330677 0.0106065 0.107576 0.0218363 -0.00932228 0.0115994 0.0366871 0.0316368 -0.0358665 0.0109982 -0.0529456 0.000604065 0.00248114,800,0,cuda,1.76,5.3
test,3550,wheaten_terrier_83,wheaten_terrier,dog,correct,wheaten_terrier,partition,35,0.999778,43,0.20165,0.837461,0.63581,0.124959,0.905588,0.0,,,,0.013001 0.0307109 -0.00158939 -0.00632076 0.0105242 -0.00539396 0.0741006 0.121737 -0.00307084 0.192491 0.0204082 0.0668008 -0.000924279 -0.000320676 0.0633055 -0.00536395 0.00741759 0.0406256 0.00165788 0.00151528 0.270786 0.00102274 0.000942917 0.00357831 0.0263415 -0.000344938 -0.00198268 0.00503563 0.0181178 0.000324743 0.00429245 -0.000240656 0.00886176 0.000782149 0.000139241 0.000468816 0.011547 0.00406795 0.000158324 0.000430975 0.00278595 0.000199442 0.00021473,800,0,cuda,2.53,5.3
test,1551,great_pyrenees_72,great_pyrenees,dog,correct,great_pyrenees,kernel,15,0.986311,38,0.333187,0.892482,0.559295,0.030029,0.687217,0.0,,,,-0.00900628 0.0142204 0.00822166 0.0247633 0.0204696 0.0182298 0.0133289 0.000192121 -0.00305119 0.0176223 0.0109839 -0.00808641 0.259369 0.00406922 0.132721 0.194265 0.0189392 0.183699 0.00754382 -0.000492871 0.0527023 0.00247372 0.0311339 -0.00470681 -0.00473 0.00396308 0.0236167 -0.00105761 0.0159025 -0.00202883 -0.0142803 0.0100973 -0.0238523 -0.000854945 -0.00339225 0.00659529 -0.00667277 -0.012093,800,0,cuda,1.83,5.19
test,1551,great_pyrenees_72,great_pyrenees,dog,correct,great_pyrenees,partition,15,0.986311,38,0.333187,0.728839,0.395652,0.097574,0.762369,0.0,,,,-0.0004338 -0.000969897 0.00283333 0.00300963 0.00420572 0.118622 0.0292499 0.0182847 -0.000254957 0.00680588 0.00550434 0.0158401 0.204502 0.001052 0.0565242 0.280987 -0.0021617 0.171828 0.0135031 -0.00214504 0.0499357 0.000824028 0.000498563 -0.000454055 0.000286676 0.000464419 0.00424434 -0.00076321 9.51062e-05 -0.000474543 0.000143614 -5.98129e-05 -0.000370038 5.49155e-05 2.00671e-05 5.72544e-05 -0.000450272 -2.26281e-05,800,0,cuda,2.5,5.19
test,3068,scottish_terrier_8,scottish_terrier,dog,correct,scottish_terrier,kernel,30,0.999721,32,0.402822,0.813028,0.410206,0.386072,0.903814,0.0,,,,0.0389923 0.00286762 -0.0294844 -0.00583529 -0.023504 0.00926336 0.0598276 0.0252483 0.0484037 -0.018792 0.0132237 0.0448448 0.00913827 0.0624148 0.0576814 0.0227937 0.00664764 0.0265172 0.0157611 0.0178084 0.0299144 -0.00290948 0.0251401 0.323089 0.0184909 -0.0196816 0.211152 0.0283706 0.00495844 0.0091768 0.000532912 -0.0203164,800,0,cuda,2.11,5.4
test,3068,scottish_terrier_8,scottish_terrier,dog,correct,scottish_terrier,partition,30,0.999721,32,0.402822,0.816745,0.413923,0.461931,0.900334,0.0,,,,0.0266659 0.00994478 0.00272456 0.0013144 0.0055763 0.00644399 0.0717856 0.0294863 0.0134367 0.00412203 0.00288449 0.123943 0.00271294 0.148666 0.0340894 0.0159481 0.0091814 0.0437577 0.00626146 0.00186918 0.00527984 0.000857435 0.0412242 0.161323 0.0101757 0.0194145 0.143196 0.0199203 0.00513826 0.0208529 0.00316655 0.000372419,800,0,cuda,2.46,5.4
test,1542,great_pyrenees_64,great_pyrenees,dog,correct,great_pyrenees,kernel,15,0.870603,30,0.239477,0.655622,0.416145,0.03372,0.821704,0.0,,,,-0.00251472 0.0100931 0.00105384 0.00350791 0.0108205 -0.0153612 0.0270582 -0.00398837 -0.0344388 -0.00505345 0.00411977 -0.0028455 0.0268156 0.0352028 0.328985 0.0161967 0.143833 0.0197737 0.0135258 0.356876 0.00417963 -0.00134258 -0.00783179 0.0054 -0.0437004 0.0106515 -0.0172784 0.00140171 -0.0270616 0.00703144,800,0,cuda,2.08,5.32
test,1542,great_pyrenees_64,great_pyrenees,dog,correct,great_pyrenees,partition,15,0.870603,30,0.239477,0.528117,0.28864,0.033629,0.759029,0.0,,,,0.0105248 0.00480444 0.00744174 0.0123512 0.000310705 0.0340028 0.0223542 0.00110253 -0.000425016 0.00126895 0.000283325 0.0076135 -0.00206678 -0.0133673 0.262952 0.000698056 0.166605 0.028656 0.000595179 0.293149 0.000254563 0.0661608 0.000620466 0.00155383 -0.0123789 0.00158641 -0.0168419 -0.00132735 -0.014214 0.000840465,800,0,cuda,2.38,5.32
test,3118,shiba_inu_44,shiba_inu,dog,correct,shiba_inu,kernel,31,0.999566,45,0.263373,0.733146,0.469773,0.175442,0.968352,0.0,,,,-0.0103613 0.00663444 0.0378054 0.00730796 0.00278998 -0.0175729 -0.0140601 0.0267186 0.00404753 0.00960254 0.0102764 0.0299487 -0.00731977 0.00649701 0.00456759 0.00206402 0.0110284 -0.0150349 0.0213978 0.106138 -0.00261977 0.396597 -0.00335427 0.00758991 0.148688 0.0102248 -0.0194739 0.00281008 0.0558182 -0.00274454 0.0148346 0.0877823 -0.00448908 0.01195 0.0346798 0.051749 -0.012236 0.0166689 -0.0357778 0.00207779 -0.00956306 -0.0205194 0.0137843 -0.0155841 0.0119505,800,0,cuda,2.15,5.73
test,3118,shiba_inu_44,shiba_inu,dog,correct,shiba_inu,partition,31,0.999566,45,0.263373,0.669281,0.405908,0.200694,0.955841,0.0,,,,-0.000777899 -0.000140163 0.00548373 0.00824715 0.000604005 0.014326 0.00333914 0.00625403 0.00246128 0.00035103 0.0207929 0.000602024 0.0231186 0.0564013 0.000954696 -0.00012129 -0.00385155 0.0186521 0.0376297 0.134176 0.000437923 0.227976 -0.00105573 0.0062793 0.0992391 0.000836135 -0.000126518 0.000132727 0.019106 0.0101166 0.0185564 0.0791549 0.0108586 -0.000351544 0.0530226 0.0634971 0.00196207 0.028098 0.0115389 -0.000325596 -0.000877947 8.47331e-05 0.00113666 0.000908789 0.00461068,800,0,cuda,2.58,5.73
test,327,basset_hound_36,basset_hound,dog,correct,basset_hound,kernel,3,0.984499,39,0.457888,0.992298,0.53441,0.024397,0.90507,0.0,,,,-0.0135083 -0.00494096 -0.000971675 0.0319523 -0.00665471 0.0399036 0.0213454 0.0148791 0.00465058 -0.0013844 -0.00682184 0.0843098 0.00292264 0.422143 0.0352248 0.0159236 -0.00772627 0.0323897 0.102209 -0.00459895 0.00829149 0.0434882 0.00663478 0.172506 0.0128288 0.0189446 0.00642638 -0.00508996 -0.0104046 0.00251711 -0.00568667 -0.0225974 -0.0183634 0.0101474 -0.00540768 -0.0349188 0.0151847 -0.00240293 0.00665503,800,0,cuda,2.4,5.27
test,327,basset_hound_36,basset_hound,dog,correct,basset_hound,partition,3,0.984499,39,0.457888,0.995875,0.537987,0.022296,0.901456,0.0,,,,0.000578973 0.00492649 0.000398437 0.0127732 0.000448777 0.0005212 0.0426764 0.00505176 0.00102269 0.0571017 0.0115444 0.0653885 0.000824225 0.295591 0.0273004 0.00875065 0.00192782 0.0899068 0.111726 0.00152237 0.0137218 0.0551618 0.00997801 0.0956953 0.00684776 0.00709878 0.0152289 0.000361447 0.00709643 0.00391837 0.00141274 -0.00236924 0.00508311 0.0016885 0.00304589 -0.00212033 -0.00107091 -0.000102647 -0.000658264,800,0,cuda,1.93,5.27
test,1933,leonberger_57,leonberger,dog,correct,leonberger,kernel,19,0.989502,42,0.34381,0.631592,0.287782,0.07926,0.631804,0.0,,,,0.00547285 0.010124 0.025045 0.0215523 -0.00349792 -0.018153 -0.00839901 0.152977 0.0174993 -8.95273e-05 0.0237168 0.00134543 0.0648927 0.153679 0.0103131 -0.00750833 0.00900312 0.00416113 0.00447064 0.0166509 0.00602137 0.0015342 0.205261 0.0240896 0.0213139 0.0478544 0.0173787 0.0272624 0.024159 0.0113266 0.0378596 0.0269764 0.000681699 0.0433147 -0.0214884 0.0421059 -0.021863 0.0105438 -0.00800286 -0.0049914 0.0263222 -0.0148498,800,0,cuda,2.56,5.1
test,1933,leonberger_57,leonberger,dog,correct,leonberger,partition,19,0.989502,42,0.34381,0.666781,0.322971,0.095525,0.43141,0.0,,,,0.00400884 0.00198378 0.0019996 0.00326984 0.00788783 0.00906764 0.0099863 0.169422 0.0136031 0.00672613 0.00306772 0.0333758 0.0739358 0.0703581 0.0419194 0.0149162 0.0321855 0.0055236 0.00227535 0.0164901 0.0050633 0.00484205 0.103839 0.0249317 0.0165494 0.00927051 0.0590644 0.0300362 0.0202212 0.0105196 0.0626451 0.0171517 0.00932502 0.0178433 0.00596255 0.0375562 0.00556888 0.00556843 0.00682919 0.00520823 0.0048643 0.00120292,800,0,cuda,1.67,5.1
test,640,Birman_48,Birman,cat,correct,Birman,kernel,6,0.992262,33,0.741928,0.969561,0.227632,0.37369,0.745244,0.0,,,,-0.00426787 0.034513 0.0166073 0.0181235 0.00595341 0.0192074 0.0216063 0.0504448 0.156954 0.0174334 0.0757729 -0.00176464 0.0337742 0.0501108 0.00110367 0.0584113 0.0386851 0.00285485 -0.00606431 0.0802374 -0.0117767 -0.0285397 0.0365416 0.0203315 0.111355 0.0605481 -0.00695749 0.0344139 0.0389615 0.0133709 0.0192071 0.00199307 0.00161264,800,0,cuda,2.46,5.13
test,640,Birman_48,Birman,cat,correct,Birman,partition,6,0.992262,33,0.741928,0.970334,0.228406,0.50177,0.768535,0.0,,,,0.00248097 0.0365316 0.0136897 0.0367564 0.00694221 0.0107714 0.0101721 0.024992 0.127002 0.0192919 0.0110333 0.0121578 0.0112855 0.0581184 0.0313208 0.0314652 0.0272427 0.0145534 0.0204733 0.137812 0.00268064 0.00571355 0.0139498 0.0782567 0.140966 0.0170744 0.0392741 0.00526015 0.00543849 0.00601266 0.00277957 -0.00424388 0.00350267,800,0,cuda,1.87,5.13
test,2152,miniature_pinscher_74,miniature_pinscher,dog,correct,miniature_pinscher,kernel,21,0.788616,38,0.518455,0.771192,0.252737,0.056249,0.532815,0.0,,,,0.0236315 0.00593986 0.0161154 -0.0370656 -0.0219244 0.0116638 -0.0266669 0.0125198 0.00447828 -0.0067076 -0.0372955 -0.0216395 0.308887 -0.0185616 0.14378 0.0974981 0.0135994 0.0689081 -0.0167623 0.00699861 0.00307156 0.00192741 0.0698573 -0.0173125 0.0538747 0.00613417 0.0145388 0.0202269 -0.00181174 0.00117708 -0.00597679 0.0334455 0.00183465 0.0161293 0.0131913 0.0123943 0.0190957 0.00287108,800,0,cuda,2.83,5.4
test,2152,miniature_pinscher_74,miniature_pinscher,dog,correct,miniature_pinscher,partition,21,0.788616,38,0.518455,0.985846,0.467391,0.061585,0.598638,0.0,,,,0.0274312 0.00554102 -0.00151994 0.00616414 0.00909348 -0.0120806 0.0100145 0.0473242 -0.0140892 0.0443043 -0.0084007 0.0148704 0.10261 -0.00508272 0.0735886 0.0206762 -0.00178769 0.0468793 0.0102062 0.00106937 0.029385 0.00295156 0.0635636 0.107923 0.039334 0.0205821 0.0167215 0.0115487 0.00224074 0.0185248 0.00513109 0.0248223 0.0155536 0.0140885 0.00832431 0.00529991 0.0038386 0.00542093,800,0,cuda,1.61,5.4
test,2042,Maine_Coon_58,Maine_Coon,cat,correct,Maine_Coon,kernel,20,0.866042,29,0.527423,0.904077,0.376654,0.096149,0.782445,0.0,,,,-0.0237281 -0.0138669 0.00272031 0.0316946 -0.0139054 -0.0018202 0.0106883 0.0536225 0.20923 0.0646849 0.0350069 -0.00909219 -0.0331903 0.135195 0.190201 0.00198095 0.0694133 0.0990787 -0.00967859 0.0534294 0.00217982 0.0191891 -0.0110243 0.046321 -0.035912 0.00578169 0.0136894 -0.0214006 -0.0296759,800,0,cuda,2.66,5.63
test,2042,Maine_Coon_58,Maine_Coon,cat,correct,Maine_Coon,partition,20,0.866042,29,0.527423,0.89482,0.367397,0.183909,0.723818,0.0,,,,-0.0187425 0.00143819 -0.000359871 -0.00286829 0.0102009 0.0111925 0.00145666 0.0267038 0.0956542 0.00705366 0.00375128 0.0289835 -0.00196041 0.137166 0.0155572 -0.00399029 0.155425 0.126743 0.00226777 0.0938749 0.01859 0.025749 0.017354 0.0294285 0.0274691 0.00124921 0.00824694 0.0152933 0.00788467,800,0,cuda,2.12,5.63
test,2863,saint_bernard_84,saint_bernard,dog,correct,saint_bernard,kernel,28,0.999956,43,0.621353,0.997697,0.376344,0.12772,0.727746,0.0,,,,0.00203575 -0.0158034 0.0244787 -0.00553 -0.0323192 0.0448829 0.0111056 0.0462313 0.0298161 0.0413617 0.0400182 0.0207252 0.0136291 0.0719789 0.0218919 0.0907824 -0.00539415 0.0552731 0.0266058 0.0315519 0.0306009 0.230636 -0.0114605 0.0419379 0.0227916 -0.0264451 -0.0151284 0.0372655 0.0268231 -0.0177856 0.0342238 0.00188788 0.0488235 0.0518526 -0.00840099 0.00950591 -0.0261378 -0.00137406 0.0107825 0.0308543 -0.0132325 -0.00380795 0.0234532,800,0,cuda,2.54,5.51
test,2863,saint_bernard_84,saint_bernard,dog,correct,saint_bernard,partition,28,0.999956,43,0.621353,1.0,0.378647,0.233636,0.815232,0.0,,,,-0.0104369 0.00326708 0.00422718 0.0125765 0.0106124 0.0123625 0.00356149 0.0689444 0.0184766 0.0143879 0.00946073 0.0118145 0.00952154 0.0508169 0.00529092 0.1807 0.0111834 0.0652564 0.0125637 0.0109561 0.0174321 0.110456 0.00869619 0.0581854 0.0553219 0.00541141 0.0326128 0.00900189 0.0291242 0.00543172 0.027994 0.00760702 0.0286845 0.0383632 0.0391845 0.00240736 0.000879368 -0.000102853 0.00120674 0.00107524 -0.000234586 0.00652842 0.000177397,800,0,cuda,1.96,5.51
test,1468,german_shorthaired_88,german_shorthaired,dog,correct,german_shorthaired,kernel,14,0.995798,42,0.501594,0.823865,0.32227,0.343933,0.74844,0.0,,,,0.0157594 -0.0141811 -0.0399201 0.0270095 0.050443 0.0857752 -0.0163655 0.0585854 0.0036687 0.0177611 0.0517146 0.0480305 0.0360324 0.0759356 0.0241855 -0.00816902 0.194107 0.00873039 0.0443736 -0.050107 0.0199716 0.0276672 0.0543412 0.0166629 0.028464 0.0110996 0.0314859 -0.000352857 0.0186163 0.022793 0.0252622 -0.0254456 0.0107823 0.0967101 0.0275404 -0.0209656 0.0205023 -0.00293563 -0.0214138 0.0354327 -0.00280484 -0.0209051,800,0,cuda,2.61,5.7
test,1468,german_shorthaired_88,german_shorthaired,dog,correct,german_shorthaired,partition,14,0.995798,42,0.501594,0.881246,0.379652,0.303068,0.706693,0.0,,,,0.0262833 0.00825878 0.000136296 0.00135107 0.0163391 0.0161572 0.00324233 0.0037663 0.0695445 0.0288599 0.0189403 0.0670014 0.0382716 0.240118 0.0140565 0.00171113 0.181731 0.0373472 0.0486893 0.00761843 0.00235927 0.0353001 0.0485593 -0.00103499 0.00237476 0.00397746 0.00596064 -0.00390093 0.00317121 0.00356968 -0.00734492 0.00146706 0.00410026 0.0172961 0.00352232 -0.00592738 0.0013846 -0.0047151 0.00950803 0.00855434 0.00228152 0.00599063,800,0,cuda,2.22,5.7
test,1838,keeshond_61,keeshond,dog,correct,keeshond,kernel,18,0.999742,40,0.463429,0.988712,0.525283,0.15262,0.699435,0.0,,,,0.00351274 0.0134586 -0.00866195 0.0199551 0.00611326 0.0121091 -0.00124008 0.0350142 0.032572 0.0652221 0.00490427 0.0185496 0.00945573 0.0895833 0.0301945 0.0115969 0.15493 0.0378117 0.0280179 0.0254117 0.0137746 0.0474109 0.04908 0.0758671 -0.012845 0.13375 0.0305903 -0.00166221 0.0271409 0.0358432 0.00300485 0.0123914 -0.0254234 -0.0144174 -0.00940668 -0.00573886 0.0207773 0.00660594 0.00738003 0.00524466,800,0,cuda,2.67,5.77
test,1838,keeshond_61,keeshond,dog,correct,keeshond,partition,18,0.999742,40,0.463429,0.989399,0.52597,0.124396,0.573479,0.0,,,,0.00680304 0.0045469 0.005001 0.00614069 0.0322149 0.00832152 0.00770463 0.0542107 0.0281699 0.0954502 0.0121562 0.0519945 0.0196073 0.116981 0.027181 0.0244098 0.0664611 0.045335 0.0719738 0.00196151 0.0048302 0.00505189 0.0230099 0.0230822 0.00760824 0.104174 0.00846766 -0.00328825 0.00724895 0.027653 0.0201294 0.0286616 0.00696786 0.0273415 -0.00313862 -0.000720657 0.0124477 0.00469348 -0.00328034 0.000313928,800,0,cuda,2.1,5.77
test,3046,scottish_terrier_6,scottish_terrier,dog,correct,scottish_terrier,kernel,30,0.999487,27,0.63929,0.872861,0.233571,0.332231,0.746047,0.0,,,,0.0184887 -0.00394149 0.0169277 0.00801234 0.00555305 -0.00035861 0.0735692 0.0335444 0.152935 0.0342617 0.097687 0.0194042 0.0500618 -0.0201689 -0.0175278 -0.00732801 0.022109 0.0652672 0.0502818 0.0842657 0.0547009 -0.00117959 0.0423619 0.0171159 0.136091 0.0694253 -0.0100575,800,0,cuda,2.46,5.54
test,3046,scottish_terrier_6,scottish_terrier,dog,correct,scottish_terrier,partition,30,0.999487,27,0.63929,0.869801,0.230512,0.395145,0.818895,0.0,,,,0.0150981 -0.00103318 0.0755408 0.0305742 0.00800231 0.00187066 0.144709 0.0500242 0.200811 0.00506967 0.0994086 0.0660172 0.063426 0.0170857 0.0198394 0.0327053 -0.0026822 0.00521481 0.020983 0.0247271 0.0020994 0.0147001 0.0158371 0.00553864 0.0557677 0.0181688 0.00199783,800,0,cuda,2.3,5.54
test,3557,wheaten_terrier_8,wheaten_terrier,dog,correct,wheaten_terrier,kernel,35,0.989318,46,0.485152,0.814581,0.329429,0.342116,0.827376,0.0,,,,0.014344 -0.0299679 0.011854 -0.00553936 0.0476544 -0.0133217 -0.00729252 0.0425899 0.0166822 0.032664 0.0055636 0.00640018 0.0467122 0.0582284 0.0302322 -0.0199557 -0.031817 0.0350536 0.0124043 -0.0369844 -0.00720188 0.109872 0.0052428 -0.0022303 0.0680489 0.0980161 0.0320914 -0.00685563 0.0484379 0.00209386 0.0741491 0.0641577 0.0407017 0.0130492 0.077929 0.0183001 0.0260557 -0.000412362 0.00522081 0.079454 -0.0131183 0.00641912 -0.0305953 0.0381503 0.00668393 -0.000782598,800,0,cuda,2.18,5.39
test,3557,wheaten_terrier_8,wheaten_terrier,dog,correct,wheaten_terrier,partition,35,0.989318,46,0.485152,0.989661,0.504508,0.338492,0.771502,0.0,,,,0.00130581 -0.000142541 -0.000104328 0.0202582 -0.0040467 0.00346217 0.0287842 0.0234258 0.000454255 0.0815044 0.0682731 0.00707761 0.104591 0.0350931 0.0195534 0.0199663 0.000364309 0.0340847 0.0269395 0.000462073 0.0158505 0.0750051 0.0617759 0.000808913 0.212859 0.0601429 0.0128223 0.0087372 0.00288275 0.00185567 0.00832156 0.0137524 0.00336264 0.00057531 0.00520366 0.00451557 0.000275709 0.000272441 -0.000249044 0.00345912 0.00104799 0.000438978 0.000634853 0.00169516 0.000478639 0.000549467,800,0,cuda,2.17,5.39
test,460,beagle_66,beagle,dog,correct,beagle,kernel,4,0.999355,38,0.448103,0.977614,0.529511,0.136491,0.937589,0.0,,,,0.00363641 -0.00365695 0.00955289 0.0139206 -0.033006 0.011607 0.00851592 0.00181331 0.278332 0.00949069 0.0228679 0.179222 0.00550227 0.0396184 0.0827516 0.0268367 0.159811 0.0671143 -0.0366114 0.0093385 -0.0104716 0.00389608 0.0199359 -0.0252088 0.0362323 0.0155135 0.00934036 -0.00274454 -0.00173749 4.40846e-06 -0.0217878 -0.00245269 0.0128502 0.0120434 -0.0267327 0.00268034 -0.0138583 -0.0247371,800,0,cuda,2.45,5.89
test,460,beagle_66,beagle,dog,correct,beagle,partition,4,0.999355,38,0.448103,0.843675,0.395572,0.161689,0.79713,0.0,,,,0.0143834 0.00200795 -0.0020634 0.00523892 -0.00813953 0.0156587 -0.0130443 0.00314273 0.136118 -0.00531708 0.0061686 0.0573874 -0.00358646 0.0723367 0.102894 0.0202746 0.138484 0.0121321 0.00129539 0.00724198 0.00156766 0.0111721 0.00711121 0.0113092 0.00648624 0.0497335 0.0774163 0.0140817 -0.000748811 0.0183074 0.00601845 0.0338276 0.0109846 0.00938307 0.00144907 0.00013997 0.00927261 0.00929596,800,0,cuda,2.55,5.89
test,1046,chihuahua_65,chihuahua,dog,correct,chihuahua,kernel,10,0.999554,36,0.328085,0.744193,0.416108,0.040891,0.588897,0.0,,,,0.00504218 -0.00382133 0.0426733 -0.0215508 0.00712857 -0.00659287 0.291806 0.00756416 -0.00504637 0.0201308 0.289332 0.0197348 0.0513816 0.00184549 0.0470998 0.0429951 0.00749538 0.0554381 0.0029867 0.0293922 -0.0161658 0.00393067 0.00933178 -0.00146303 -0.0124356 0.00888908 -0.0164527 0.024125 0.0345154 -0.00346853 0.0254218 0.00840602 0.00250117 -0.0252556 0.0359117 0.0285558,800,0,cuda,2.56,5.67
test,1046,chihuahua_65,chihuahua,dog,correct,chihuahua,partition,10,0.999554,36,0.328085,0.871068,0.542983,0.051175,0.69688,0.0,,,,0.0184713 -0.000835224 0.0506504 0.00774795 -0.00697966 -0.000458534 0.202634 -0.00171883 0.049786 0.0210105 0.355096 0.0305311 0.0313036 0.023188 0.042472 0.0216109 0.0103385 0.0451831 0.000374794 0.0225324 0.00125865 0.00290025 0.00483608 0.00249632 0.00660114 -0.00144711 0.000184113 0.00272022 0.00861148 0.00248585 0.0114292 0.00561029 0.00229671 0.00222513 0.00573057 0.0105046,800,0,cuda,2.22,5.67
test,1398,german_shorthaired_24,german_shorthaired,dog,correct,german_shorthaired,kernel,14,0.995499,37,0.324139,0.804081,0.479942,0.212315,0.879477,0.0,,,,0.000655517 0.0333812 -0.00812825 0.00273894 5.99627e-05 -0.00530943 -0.0138493 0.42532 0.0882436 -0.0205843 0.0152702 0.00919514 -0.0292581 0.0699032 0.00331361 0.0125324 0.00265564 0.021101 0.0168893 0.0305922 0.0313068 0.0067677 0.0277623 -0.00901819 0.00567888 0.0432951 0.0397548 0.0136379 0.00459162 0.00353759 0.0183638 0.0010345 0.119973 0.00363946 -0.0112998 0.0354288 -0.023599,800,0,cuda,2.67,6.04
test,1398,german_shorthaired_24,german_shorthaired,dog,correct,german_shorthaired,partition,14,0.995499,37,0.324139,0.804081,0.479942,0.226634,0.873651,0.0,,,,0.0147389 0.0108954 0.0144497 0.00430119 0.00781533 0.00487091 0.0148549 0.36423 0.108894 0.00525829 0.00422206 0.00840385 0.00756568 0.0690324 0.0358719 0.000355143 0.0165756 0.00342291 0.00633771 0.0276526 0.00551334 0.00912113 0.00630561 0.00416191 0.00514833 0.0458651 0.0285239 0.0290986 0.00351124 0.00109288 0.00147304 0.00507885 0.0608989 0.00685642 0.00493127 0.00411341 0.0141356,800,0,cuda,2.44,6.04
test,1562,great_pyrenees_82,great_pyrenees,dog,correct,great_pyrenees,kernel,15,0.96687,44,0.413644,0.982034,0.56839,0.028158,0.760697,0.0,,,,-0.016071 0.0104878 -0.0113582 0.0119632 0.018619 0.000625634 0.236207 -0.000638123 0.0139391 0.0105469 0.00864094 -0.0200649 -0.0245423 0.000306276 0.0343242 0.302502 -0.00853516 0.00898346 0.0956279 0.125738 0.00222788 -0.0134784 0.00301167 0.0503003 -0.00610655 -0.00291199 0.00973162 0.0712623 0.00352775 0.00861706 0.0193138 0.000913421 -0.0228206 0.0291537 -0.00358595 0.008444 0.0147158 -0.00810104 -0.000265926 -0.00472274 -0.0080754 -0.0105814 0.0141465 0.00935771,800,0,cuda,2.46,5.64
test,1562,great_pyrenees_82,great_pyrenees,dog,correct,great_pyrenees,partition,15,0.96687,44,0.413644,0.982034,0.56839,0.032702,0.814255,0.0,,,,0.00995636 -0.00686023 -0.0290994 -0.00237997 -0.0123066 0.0112424 0.151245 -0.00282423 0.00321101 0.0222977 0.00852718 0.00231242 0.0254158 0.00248511 0.042504 0.355934 0.00383794 0.0217167 0.0512479 0.178064 0.0141515 0.00349812 0.000145616 0.0253252 -4.64873e-05 0.0135897 0.0206665 0.0701081 0.00108425 0.00317652 -0.000317384 -0.0017743 -0.000218785 0.00122128 -0.00294827 0.00152427 -0.00252493 -0.00272842 -0.00517774 -0.00154368 -0.00573823 0.000497407 -0.0057603 -0.00136109,800,0,cuda,2.18,5.64
test,1975,leonberger_95,leonberger,dog,correct,leonberger,kernel,19,0.996828,36,0.191944,0.588124,0.39618,0.107563,0.852541,0.0,,,,0.00556119 -0.00938807 0.0171201 -0.00139502 0.00911559 0.0118191 0.0133733 -0.00302203 0.0100884 -0.00482497 0.113764 -0.0121675 0.0812973 -0.00630788 0.000692225 0.012189 -0.00807425 0.00939083 0.150661 0.00234686 0.0101542 -0.00104203 0.0636588 0.00971386 -0.0059462 0.012286 0.417381 0.00415702 0.0361571 0.026155 0.00190691 0.0107119 5.32858e-05 0.00171832 0.00461742 0.00947032,800,0,cuda,3.06,5.92
test,1975,leonberger_95,leonberger,dog,correct,leonberger,partition,19,0.996828,36,0.191944,0.710835,0.518891,0.077159,0.829194,0.0,,,,-9.95694e-05 1.72316e-05 0.00104537 0.00968881 0.00309697 0.00598409 0.0101505 0.00631991 0.00557874 0.028112 0.0678021 0.0342699 0.035919 0.0204949 0.00877066 0.00896108 0.0100079 0.0642996 0.150409 0.00394859 0.0184719 0.00102527 0.0732082 0.00360008 0.0129333 0.00187634 0.357072 0.00445195 0.0168954 0.00675098 0.00248929 0.00846428 0.00208988 0.00273168 0.00178953 0.00476522,800,0,cuda,2.0,5.92
test,2633,Ragdoll_52,Ragdoll,cat,correct,Ragdoll,kernel,26,0.653629,40,0.654994,0.817482,0.162487,0.054688,0.510903,0.0,,,,0.00791483 0.007838 0.00451925 0.00128557 -0.0108613 -0.0157477 0.00165326 0.0710102 0.0178156 -0.0232097 -0.0988647 -0.0765451 0.0208132 -0.000152695 0.0332675 0.0526395 -0.0076432 0.0597124 0.00165088 0.0689562 0.038308 0.0774143 -0.0169299 0.0342095 0.0716921 0.0174838 0.00728092 -0.0118173 0.0239419 -0.0039813 0.0557234 0.048218 0.0514355 0.0304563 0.00422034 0.0278002 0.0268582 0.00819992 0.0042875 0.0251829,800,0,cuda,2.13,5.57
test,2633,Ragdoll_52,Ragdoll,cat,correct,Ragdoll,partition,26,0.653629,40,0.654994,0.772066,0.117072,0.111266,0.465552,0.0,,,,-0.0146556 -0.0011456 -0.0100127 -0.0126367 -0.0207905 -0.0112858 -0.0124276 -0.00998966 0.000749229 -0.00281446 -0.00401086 0.00729767 -0.00842859 -0.0110357 0.0196102 0.0419813 -0.00470857 0.049446 0.00693568 0.0370005 0.0261907 0.0162353 0.00781373 0.0331992 0.0510358 0.00475079 0.0459472 0.0133788 0.00749816 0.0123945 0.0771051 0.0220735 0.12246 0.00764301 0.0130909 0.100574 0.00710109 0.0165634 0.00642931 0.00547302,800,0,cuda,2.48,5.57
test,419,beagle_29,beagle,dog,correct,beagle,kernel,4,0.889996,34,0.418148,0.968392,0.550243,0.104999,0.913233,0.0,,,,0.069978 0.0378936 -0.0263945 0.0029537 -0.0377459 0.0336593 -0.0254753 -0.0233288 0.0219889 -0.0595506 0.0698055 0.0746302 -0.0364106 -0.00164251 0.0611235 -0.0304212 0.00553374 0.376373 -0.0355051 -0.0151056 0.260404 0.000979117 -0.0170155 -0.00652335 0.0283351 -0.0149831 0.105205 -0.0325325 0.00810833 0.0170804 -0.035985 -0.0282385 -0.0136218 -0.00350866,800,0,cuda,2.43,5.83
test,419,beagle_29,beagle,dog,correct,beagle,partition,4,0.889996,34,0.418148,0.972519,0.554371,0.143599,0.891207,0.0,,,,0.00333549 0.00246753 -0.0120126 -0.0129101 -0.0502145 -0.0497476 -0.0153272 0.0199262 -0.000293546 -0.0390693 0.119409 0.0499252 -0.0210594 0.0086483 0.0321413 0.000399722 -0.00309989 0.185281 -0.00319878 0.0480082 0.233381 0.0105374 0.00938583 -0.000575933 0.0244359 0.0040312 0.107753 0.00222679 0.000774608 0.000664195 0.036228 0.00238342 0.0010369 0.035192,800,0,cuda,2.54,5.83
test,738,Bombay_53,Bombay,cat,correct,Bombay,kernel,7,0.983209,32,0.71014,0.778928,0.068788,0.108729,0.660667,0.0,,,,0.0299779 0.00178295 0.0855629 0.0385753 0.0286658 0.0448438 -0.00479625 0.0152709 0.0172552 0.0251299 0.00873402 0.0329983 0.032987 0.00933712 0.047327 0.0974984 0.0176361 0.0235766 0.299626 0.00827019 0.0287532 -0.00573353 0.00576318 -0.00846408 0.0103514 0.0343704 0.0117432 0.00154126 -0.00905282 -0.000917549 0.00381904 0.0235139,800,0,cuda,2.42,5.48
test,738,Bombay_53,Bombay,cat,correct,Bombay,partition,7,0.983209,32,0.71014,0.811686,0.101545,0.132395,0.646205,0.0,,,,0.0397397 0.00917299 0.0608785 0.0202733 0.0348405 0.034224 0.0153327 0.051614 0.0190701 0.0130618 0.0511807 0.112269 0.0200631 0.0190862 0.0673639 0.0990376 0.0141286 0.0283547 0.197016 0.00461017 0.00586997 0.000428605 0.00355041 -0.0112171 0.000422252 0.0222104 0.0130703 0.0130663 -0.00926531 -0.00235999 0.00437342 0.00447972,800,0,cuda,2.29,5.48
test,1879,keeshond_99,keeshond,dog,correct,keeshond,kernel,18,0.999871,38,0.587911,0.99351,0.405599,0.195763,0.737709,0.0,,,,0.00862047 -0.0068421 0.0118805 0.00456914 -0.0355222 -0.020708 0.0978859 -0.00173707 0.000896388 0.0294949 0.0828471 0.00727143 0.0235092 0.00487906 0.178521 0.00588474 0.144938 0.0332013 0.0344644 0.118112 0.00868302 0.044369 -0.00944876 0.00646839 0.0297746 -0.0108495 0.0259218 0.0033518 0.0298196 0.00818623 0.00996817 0.0306077 -0.00144536 0.0251829 -0.016106 0.0284637 -0.00394568 0.0568403,800,0,cuda,2.07,5.34
test,1879,keeshond_99,keeshond,dog,correct,keeshond,partition,18,0.999871,38,0.587911,0.990764,0.402854,0.201196,0.708122,0.0,,,,-0.00110624 0.00080917 0.00261555 0.0213394 0.00917027 0.00435699 0.0476053 0.0296712 0.00694836 0.0793948 0.0691868 0.0823624 0.00396852 0.00966726 0.277353 0.0189085 0.162528 0.00247011 0.0142107 0.0861665 -0.000429962 0.00379538 -0.00275051 0.0091255 0.00386432 0.00528702 0.00597575 0.000972611 -0.00167508 0.00554272 0.0186615 -0.0035056 0.00789755 -0.001917 -0.00338581 0.00766028 -0.000710917 0.00597368,800,0,cuda,2.32,5.34
test,1389,german_shorthaired_198,german_shorthaired,dog,correct,german_shorthaired,kernel,14,0.998881,35,0.462093,0.871527,0.409434,0.184595,0.710959,0.0,,,,-0.0044914 -0.00757014 0.0479265 0.00662534 0.0251175 0.0234372 0.0263791 -0.0175754 0.0350433 0.02703 0.164605 0.0124844 -0.0314602 -0.00762376 -0.00777199 0.0298841 0.110468 0.0309224 0.0318227 0.00380138 -0.0236612 0.104507 0.141504 0.0104872 0.0518842 0.053658 0.0213761 0.00460615 0.124979 -0.0178755 0.000749869 -0.00101092 0.005465 0.00526004 -0.0120223,800,0,cuda,2.33,5.81
test,1389,german_shorthaired_198,german_shorthaired,dog,correct,german_shorthaired,partition,14,0.998881,35,0.462093,0.879294,0.417201,0.287306,0.630875,0.0,,,,0.00365436 -0.00301563 0.0109467 0.0112301 0.0269159 -0.00292615 0.0242448 -0.000455431 0.00897562 0.0116954 0.037489 0.00838746 -0.000562627 0.00530037 0.0069303 0.00914796 0.131824 0.0268924 0.165618 0.019279 -0.000813987 0.0743905 0.153292 0.00722083 0.0408636 0.040789 0.000989467 0.00808638 0.078273 0.00790083 0.0203246 0.0142998 0.0112329 0.00363 0.00690916,800,0,cuda,2.66,5.81
test,1438,german_shorthaired_60,german_shorthaired,dog,correct,german_shorthaired,kernel,14,0.998348,37,0.135563,0.436469,0.300907,0.134536,0.888854,0.0,,,,0.00129318 -0.00484986 -0.00144292 0.00884292 -0.0234443 0.0246112 -0.00193288 0.0720947 -0.00356352 0.0440604 0.0456839 -0.0185216 0.429027 -0.00192235 -0.00228292 0.0115613 0.0122762 0.0351058 0.0201256 0.0224815 0.176872 0.0105998 0.00378325 0.0303869 -0.0036236 -0.0149139 -0.000955794 0.00301787 0.00468773 0.0173275 0.00356479 0.0172604 0.0251156 0.00356808 0.0260961 0.0134533 -0.0170155,800,0,cuda,2.39,5.75
test,1438,german_shorthaired_60,german_shorthaired,dog,correct,german_shorthaired,partition,14,0.998348,37,0.135563,0.511448,0.375885,0.137598,0.790309,0.0,,,,-0.000558887 0.000745669 -0.00162982 0.00730328 0.00489577 0.0114967 0.00463259 0.0502487 0.00971061 0.0672886 0.0224242 0.0377768 0.365866 0.0313782 0.0797605 0.0151721 0.0747529 0.0185994 0.0129878 0.02954 0.0528398 0.00135354 0.00262986 0.00938847 0.00076749 0.00201965 0.00609793 0.010387 0.00864145 0.00535481 0.00376609 0.00882753 0.00307919 0.00525154 0.0027515 0.00103733 0.00184368,800,0,cuda,2.36,5.75
test,497,beagle_9,beagle,dog,correct,beagle,kernel,4,0.999956,37,0.669165,0.947678,0.278514,0.127437,0.766896,0.0,,,,0.0130856 -0.00332579 -0.0131438 0.0170019 0.00294483 0.0189677 -0.017595 0.0372025 0.128594 0.069835 0.0910448 0.0775775 0.0668431 0.0298102 -0.00314114 0.0178455 0.0075601 0.136692 -0.0136389 0.0811387 0.0344322 -0.0198361 0.0886242 0.0027315 -0.0109025 0.048637 -0.0226589 -0.0441312 -0.00659135 0.0252829 -0.0193222 0.00308037 -0.0236535 0.0148498 0.0120021 0.0399988 -0.0278194,800,0,cuda,1.93,5.35
test,497,beagle_9,beagle,dog,correct,beagle,partition,4,0.999956,37,0.669165,0.964531,0.295367,0.259412,0.592157,0.0,,,,0.00926151 -0.00186144 0.0015798 0.0229259 0.0101931 0.0202852 0.0110633 0.0230977 0.0310561 0.0631252 0.0376002 0.0340759 0.0505188 0.0276148 0.0354363 0.00940592 0.0440817 0.0499421 0.0152225 0.0217889 0.0350229 0.0303232 0.0589142 0.0135326 0.00066637 0.0208645 0.00637366 -0.00548951 -0.00271521 0.0329456 0.00115332 0.0528057 0.0254875 0.00487363 0.00214771 0.0455107 0.00119226,800,0,cuda,2.48,5.35
test,2750,Russian_Blue_71,Russian_Blue,cat,correct,Russian_Blue,kernel,27,0.99995,26,0.480309,0.773722,0.293412,0.279436,0.846914,0.0,,,,0.000500548 0.0152334 -0.00526733 -0.0117949 0.0110339 0.0267559 0.00643016 -0.0142399 0.00423705 0.0170545 0.0766637 0.0360915 -0.0190611 0.22858 0.0461526 0.199801 0.0889879 0.0276056 0.00168517 0.0112614 0.0995292 0.0447394 0.0226645 0.0302397 0.0204132 0.0236457,800,0,cuda,2.07,5.28
test,2750,Russian_Blue_71,Russian_Blue,cat,correct,Russian_Blue,partition,27,0.99995,26,0.480309,0.962828,0.482519,0.256304,0.847392,0.0,,,,0.00300537 0.00154417 0.00212315 0.00484694 0.00545223 0.00507745 0.0324492 0.00188159 0.024058 0.0131735 0.0396508 0.00813769 0.00678215 0.176082 0.0379423 0.218962 0.0665585 0.0762731 0.0129583 0.0171948 0.151481 0.0254914 0.0285986 0.00408264 0.0142733 0.0108631,800,0,cuda,2.37,5.28
test,375,basset_hound_7,basset_hound,dog,wrong,beagle,kernel,4,0.749261,33,0.459622,0.911028,0.451406,0.133341,0.705198,0.0,,,,-0.0119293 0.0496228 -0.0382607 -0.0141267 1.21754e-05 0.00110873 -0.0413776 -0.00179342 0.0215164 -0.0280619 0.0579127 0.287518 -0.00604386 0.0245023 0.131896 -0.0105193 -0.000917448 -0.0158204 -0.0120696 0.0270535 -0.0058426 0.109998 0.0713501 -0.0200864 0.0642132 0.0233285 0.0115285 0.014312 -0.0406393 -0.0343427 0.00855137 -0.0357003 0.00243496,800,0,cuda,1.94,5.07
test,375,basset_hound_7,basset_hound,dog,wrong,beagle,partition,4,0.749261,33,0.459622,0.748932,0.28931,0.172976,0.423519,0.0,,,,0.00587925 0.150122 -0.00387477 -0.0108525 -0.0317209 0.0224395 0.0691153 -0.00378819 0.0127555 1.61853e-05 0.0234721 0.134886 -0.000377529 0.0266201 0.0771455 -0.000589289 0.0551105 -0.00283066 0.0153293 0.00513617 0.0234621 -0.0428513 -0.00466841 0.000909407 0.0896284 -0.00265065 0.00196414 -0.00762241 0.00270273 0.000157503 0.00238327 -0.00360627 -0.0144743,800,0,cuda,2.3,5.07
test,975,British_Shorthair_91,British_Shorthair,cat,wrong,Abyssinian,kernel,0,0.876541,41,0.41482,0.747661,0.332842,0.034769,0.562349,0.0,,,,0.00909901 -0.0148297 0.03725 0.0301251 0.0154731 -0.0105425 0.00757962 0.0240734 0.105717 -0.011129 -0.0364043 -0.00609263 -0.0341502 0.0165352 0.0502494 0.05642 -0.0322627 0.0271138 -0.0266716 0.0423483 0.0334785 -0.0256599 -0.000741676 0.107831 0.154645 0.0687926 0.00149422 0.0481542 -0.0347033 0.0164643 0.04691 0.0164178 0.0259469 -0.00547029 0.0685125 0.0439406 -0.0107282 -0.00048402 0.0149936 -0.00370156 0.0370829,800,0,cuda,2.63,5.46
test,975,British_Shorthair_91,British_Shorthair,cat,wrong,Abyssinian,partition,0,0.876541,41,0.41482,0.602775,0.187955,0.087412,0.235022,0.0,,,,0.00376591 0.00184638 0.00682708 0.0285926 0.00375122 0.0487192 0.00534166 0.0111747 0.0104678 -0.00166899 0.00547455 -0.0116625 -0.00231148 0.000568347 -0.00485788 0.00200491 -0.00674871 0.000471864 0.00222366 0.0221267 0.00238645 -0.0146106 0.00491645 0.10901 0.0719029 0.114759 0.00437937 0.0453344 0.00561077 0.00577302 0.0190797 0.00320232 0.0116567 0.00784383 0.163134 0.00509698 0.0185308 0.0434597 0.0888283 0.00432353 0.0123509,800,0,cuda,1.91,5.46
test,1209,english_cocker_spaniel_34,english_cocker_spaniel,dog,correct,english_cocker_spaniel,kernel,12,0.886886,43,0.15617,0.55511,0.398939,0.018707,0.721186,0.0,,,,-0.0135794 -0.0095793 -0.0110575 0.00475308 0.0437676 -0.0383711 0.0183185 0.00228679 0.000489376 0.222972 -0.0202979 -0.00223923 0.0111201 0.240913 0.0952784 -0.00778268 0.0132145 0.227078 -0.00622866 0.00820743 -0.0126659 0.0293334 0.00873166 0.0136959 0.0439284 0.0296202 0.00696758 -0.00600304 0.0120041 -0.00308139 -0.0135419 -0.00433924 -0.0151433 -0.00370323 0.0163293 -0.0163741 0.0258518 0.00334056 -0.0185245 -0.0237375 -0.000883251 0.0213362 -0.00217192,800,0,cuda,2.52,5.0
test,1209,english_cocker_spaniel_34,english_cocker_spaniel,dog,correct,english_cocker_spaniel,partition,12,0.886886,43,0.15617,0.417425,0.261254,0.017302,0.715822,0.0,,,,-0.00079734 -0.00239591 -0.0117495 0.00455696 -0.000250551 -0.0003413 0.00158691 0.0128583 -0.0065136 0.216848 0.000493121 5.74402e-05 0.0108858 0.314127 0.107262 0.000292191 0.0550572 0.136704 0.00172858 0.00229593 0.00141143 0.0187208 0.0113452 -0.00925591 0.00623056 0.00164911 0.001829 0.000772736 -0.00441216 0.000505433 -0.00112545 0.00101875 -0.000672438 0.00365365 -0.00195361 -0.00110761 0.000205458 -0.000862331 -0.000202351 0.00155135 -0.00234418 0.000127818 0.00044212,800,0,cuda,1.6,5.0
test,3236,Siamese_57,Siamese,cat,correct,Siamese,kernel,32,0.872546,40,0.280732,0.412762,0.13203,0.056118,0.769976,0.0,,,,0.0090554 -0.0179409 0.0167165 0.0433446 0.0608711 -0.0386611 0.00308045 0.01071 0.0291503 -0.0892529 0.0586111 0.0570817 -0.0125053 -0.00402118 -0.0256883 0.191733 -0.0454553 0.0444637 0.0488698 0.0233738 0.0484435 0.0105625 0.00115167 -0.018087 0.0492337 0.0442782 0.00713777 0.00516491 0.0178613 0.00537471 0.111166 0.032827 0.0372057 0.020025 0.00330416 0.0142873 0.0613306 -0.00339769 0.0161979 0.0301727,800,0,cuda,2.52,5.04
test,3236,Siamese_57,Siamese,cat,correct,Siamese,partition,32,0.872546,40,0.280732,0.958041,0.677309,0.081814,0.360161,0.0,,,,0.00297174 0.00802037 0.018257 0.0158516 0.0123099 0.00943058 0.01214 -0.00204116 0.0118703 -0.00165886 0.0148105 0.0488405 0.00695586 0.0162722 0.0121093 0.194201 0.0173534 0.0114207 0.0025004 0.0151216 0.00246949 0.00358618 0.00226214 0.00286496 0.0908833 0.173713 0.00345942 0.0162307 0.000419265 0.00514995 0.0308172 0.00372489 0.0391035 0.0047781 0.00144295 0.00584483 0.00845348 0.0216274 0.00988453 0.00432458,800,0,cuda,1.6,5.04
test,404,beagle_1,beagle,dog,correct,beagle,kernel,4,0.858593,36,0.42889,0.987226,0.558335,0.05772,0.944242,0.0,,,,-0.0154315 -0.0207191 -0.0127264 0.0079942 0.0559137 -0.0257693 -0.0112613 0.01533 0.0201546 0.165079 0.0304877 0.00375408 0.0240476 0.00678597 -0.00990636 0.308524 -0.0287345 0.152846 0.0531279 -0.0479234 0.00930775 -0.0226086 0.136321 0.0126986 0.0584671 -0.0319283 -0.0306495 -0.0262406 0.0312866 0.0337253 -0.0511165 0.00347759 -0.0302065 -0.0455485 0.00195358 -0.0218525,800,0,cuda,2.52,5.13
test,404,beagle_1,beagle,dog,correct,beagle,partition,4,0.858593,36,0.42889,0.984294,0.555404,0.121235,0.81681,0.0,,,,-0.0082613 -0.0105837 -0.00283945 -0.00234708 0.0863313 -0.0400013 -0.00945797 0.0204224 0.0280807 0.0867858 0.0217879 0.00833981 -0.00653058 0.0240569 -0.0110717 0.149931 0.00585557 0.173968 0.197747 -0.00211194 -0.0146811 0.000763616 0.129251 -0.00259116 0.00164882 -0.0366295 -0.0214218 -0.0252709 0.00150905 0.000850374 -0.013297 -0.00921194 -0.0159469 0.00682628 -0.0131187 -0.00012244,800,0,cuda,1.74,5.13
test,2467,pomeranian_88,pomeranian,dog,correct,pomeranian,kernel,24,0.996298,37,0.21301,0.797558,0.584547,0.021829,0.850121,0.0,,,,0.0112275 0.027742 -0.00759237 -0.0241417 -0.00844822 0.00810186 0.0149095 0.0114901 0.0395866 0.0234188 -0.00418096 0.000742153 -0.0160129 0.00799507 -0.00659882 -0.00762659 0.0983992 0.317527 0.00128287 0.00999062 0.0114542 -0.00288759 0.0158924 0.148932 0.112743 0.00935558 0.00397963 0.121147 0.0842681 0.00179588 -0.0073702 0.0156936 0.0024097 -0.00229287 -0.00632633 -0.0153442 -0.00274228,800,0,cuda,2.46,5.32
test,2467,pomeranian_88,pomeranian,dog,correct,pomeranian,partition,24,0.996298,37,0.21301,0.838479,0.625468,0.02215,0.775511,0.0,,,,0.000187591 -0.00227642 -0.000899954 -0.000457613 0.000392073 7.44003e-05 1.88018e-05 -0.000614021 0.0531179 -0.00118411 0.0180013 0.00458634 0.000885379 0.0124524 0.00119245 0.00665606 0.10714 0.390068 0.00817854 0.0367297 -0.00136735 0.0034451 0.00611291 0.089273 0.0520337 0.0109412 0.000865603 0.083609 0.071328 0.00222689 0.0028677 -0.0013696 0.00666332 0.029093 -0.000972426 -0.000306964 -0.000172726,800,0,cuda,1.87,5.32
test,1425,german_shorthaired_49,german_shorthaired,dog,correct,german_shorthaired,kernel,14,0.999474,43,0.498525,0.62759,0.129065,0.355552,0.711574,0.0,,,,-0.0263905 -0.00177243 0.0224061 0.0110106 -0.00877107 0.0259747 0.0395887 0.0342057 0.0330355 0.0344518 0.105672 -0.019107 0.0250367 0.0238401 0.00348364 0.244734 0.0254822 -0.00603387 0.0268171 0.0136779 0.0297339 0.0576751 0.0812809 -4.78487e-05 0.0349305 0.0249805 -0.019779 0.0197239 0.0039714 -0.0185083 0.0562856 0.014453 0.0368297 0.00272 -0.0262592 0.00887908 -0.0427136 0.0067084 -0.0044285 0.0583236 0.00330683 0.00402337 0.0301222,800,0,cuda,2.45,5.55
test,1425,german_shorthaired_49,german_shorthaired,dog,correct,german_shorthaired,partition,14,0.999474,43,0.498525,0.676408,0.177882,0.310304,0.829257,0.0,,,,0.000179235 0.00530205 0.00268067 0.00424635 0.0134155 0.0250132 0.00819991 0.0342818 0.0288977 0.0214545 0.0750808 0.0242537 0.0825882 0.0928409 0.0357585 0.144163 0.0449049 0.0182981 0.0112243 0.0654438 0.0551514 0.0642193 0.0651742 0.0092694 0.0101872 -0.000370786 3.79494e-05 0.00885266 0.00284702 -0.000344388 0.00208486 5.62993e-05 0.000107455 0.00467381 0.00278224 -0.00437256 -0.00425659 -0.00134974 0.00130238 0.00759482 0.00293686 0.00221083 0.00253206,800,0,cuda,2.19,5.55
test,93,Abyssinian_96,Abyssinian,cat,correct,Abyssinian,kernel,0,0.99978,33,0.277304,0.975155,0.697851,0.091894,0.70893,0.0,,,,-0.0324891 0.0209364 -0.00576996 0.0511735 0.0422903 -0.00921217 0.013291 0.0386123 0.0503124 0.013469 0.034631 0.0701968 0.0285594 0.10649 -0.015677 0.00108845 0.100789 0.0142565 -0.00955667 0.0372203 -0.0222995 0.11566 0.0716773 0.0682903 -0.0134217 -0.00718844 -0.00223679 0.110969 0.0222219 -0.0015651 0.0395356 -0.00310163 0.0471618,800,0,cuda,2.62,5.53
test,93,Abyssinian_96,Abyssinian,cat,correct,Abyssinian,partition,0,0.99978,33,0.277304,0.745467,0.468163,0.119973,0.262531,0.0,,,,0.0159168 0.0398144 0.0125457 0.0259549 0.00574786 0.0172175 0.0212014 0.00492118 0.0159415 0.00489911 0.0492386 0.0176523 0.0136341 0.0268247 0.00236353 0.00306458 0.00984723 0.00296586 0.0184788 0.0124403 0.0177484 0.0909724 0.0680736 0.0761851 0.00683104 0.031901 0.00649933 0.198912 0.067769 0.0140363 0.0389607 0.00631773 0.031438,800,0,cuda,1.99,5.53
test,1769,japanese_chin_89,japanese_chin,dog,wrong,havanese,kernel,16,0.893515,39,0.408801,0.697826,0.289025,0.037657,0.866798,0.0,,,,0.053916 0.0012497 0.00847032 0.0123307 0.312128 0.0127722 0.0807003 -0.00734098 0.182867 -0.0308079 -0.00358705 0.152575 0.0473261 -0.0447758 0.00103049 0.00311736 0.00111743 -0.00734138 0.00682587 -0.0107195 0.00543126 0.0238797 0.00140878 -0.0184451 -0.00591193 0.0159838 0.00195126 0.01184 0.00332144 0.00317863 -0.0205455 0.0330962 -0.023207 0.0290023 -0.0162358 0.0199638 0.00139228 0.01598 0.0145764,800,0,cuda,2.52,5.17
test,1769,japanese_chin_89,japanese_chin,dog,wrong,havanese,partition,16,0.893515,39,0.408801,0.673621,0.26482,0.107625,0.872279,0.0,,,,0.0214742 -0.00260132 0.000903304 0.0065168 0.386629 0.000479892 0.0605252 -0.0027556 0.182591 0.00354939 0.00126811 0.114527 0.0660549 -0.00896914 0.00237116 0.0159675 -0.000271813 0.0172905 -0.00868953 -0.00283828 -0.00675111 -0.000572492 0.00257488 -0.00596922 -0.000381159 -0.000580556 0.00244717 0.000631361 0.000849691 -0.000200398 0.00257437 0.00200598 0.00067946 0.00509119 0.000591837 0.0045044 0.0012488 0.00429014 0.00145839,800,0,cuda,1.75,5.17
test,2221,newfoundland_46,newfoundland,dog,correct,newfoundland,kernel,22,0.97586,38,0.278599,0.879975,0.601375,0.232427,0.756214,0.0,,,,0.00695798 0.0124025 -0.00487826 0.0234008 -0.00107079 0.0150833 0.0571157 1.58435e-05 0.0393362 0.00821122 0.00929914 0.00859432 0.0247511 0.024041 0.0393543 0.086545 0.022441 0.0369789 0.0961437 0.0266332 0.281001 0.0557232 0.017895 0.0239488 0.0264437 -0.0159923 0.0031607 -0.0103413 -0.0245799 0.0239884 -0.00371029 0.00344151 -0.00390599 0.00407691 0.0339874 -0.00804175 -0.00986419 0.0414936,800,0,cuda,2.94,5.66
test,2221,newfoundland_46,newfoundland,dog,correct,newfoundland,partition,22,0.97586,38,0.278599,0.697119,0.41852,0.244093,0.683361,0.0,,,,0.00257798 0.00243586 0.00378407 0.00368247 0.0155686 0.00492898 0.0487568 0.0280767 0.0378259 0.0101539 0.00906308 0.00894802 0.00724092 0.0866761 0.0259843 0.201821 0.018286 0.0341982 0.0397311 0.038777 0.33077 0.00694636 0.00269981 0.000759238 0.000300625 0.000494291 -0.000120775 -0.000523269 -0.000448509 0.000196638 0.00139997 -0.000411699 -0.000283237 -3.76898e-05 -8.7491e-05 -2.26581e-05 -3.95434e-05 -2.90686e-05,800,0,cuda,1.77,5.66
test,2738,Russian_Blue_57,Russian_Blue,cat,correct,Russian_Blue,kernel,27,0.89649,35,0.287807,0.541615,0.253808,0.068398,0.652476,0.0,,,,0.0300937 0.00499518 0.00551915 0.0545092 -0.00137458 0.0179104 -0.0101986 -0.0152937 0.0552395 0.0999109 0.264243 0.0591101 -0.0296793 0.0113073 0.0183438 0.000452498 0.0267766 -0.00724001 0.0309396 0.0388783 -0.00637881 0.0020384 0.0507766 0.0253587 0.0048438 0.0175153 0.0273498 0.00479646 0.0468162 0.000257064 0.013466 -0.00628068 0.0226241 0.0169963 0.0108615,800,0,cuda,2.65,5.43
test,2738,Russian_Blue_57,Russian_Blue,cat,correct,Russian_Blue,partition,27,0.89649,35,0.287807,0.441658,0.153851,0.136598,0.538455,0.0,,,,0.0796274 0.0199433 0.00873462 0.059783 0.0353176 0.032194 0.00353095 0.0116287 0.0131405 0.120093 0.225543 0.0397221 0.090691 -0.000422991 -0.000410479 -0.00027268 0.0350107 0.00481556 0.00252317 -0.000915708 -0.00341477 -0.00137708 0.0458183 0.00908978 0.00432467 0.000391804 0.00170961 -1.8195e-05 0.0144314 0.00655402 0.00726631 0.00293027 0.00504931 0.00796437 0.00448734,800,0,cuda,1.96,5.43
test,1849,keeshond_71,keeshond,dog,correct,keeshond,kernel,18,0.977591,39,0.408542,0.992272,0.583731,0.042053,0.710374,0.0,,,,0.0167545 0.00175665 0.0156933 0.0105502 -0.0104403 -0.00884936 -0.0201963 0.00710518 0.000310759 -0.00558608 -0.00535485 0.0532729 0.043632 -0.00614915 0.0279822 0.0954197 -0.0169113 0.0518962 0.0100537 0.113381 0.0291735 -0.0342104 0.0251157 0.0983901 0.0645397 0.0389673 -0.00474367 -0.00284198 0.0300007 0.00668059 0.160667 0.0797716 0.0656386 0.00362347 0.0173953 -0.031232 0.0091742 0.0320969 0.00319958,800,0,cuda,2.75,5.59
test,1849,keeshond_71,keeshond,dog,correct,keeshond,partition,18,0.977591,39,0.408542,0.671222,0.26268,0.125474,0.63522,0.0,,,,-0.00230214 -0.00305851 -0.000375057 -0.00480493 -0.00365206 0.00228983 0.0156769 -0.00061738 -0.00370241 -0.00140442 0.0124147 0.0907522 0.018976 -0.00357554 0.0925662 0.270811 -0.00216722 0.0956864 0.00498569 0.157786 0.0427694 0.00257488 0.0409102 0.0363298 0.0193156 0.0196179 -0.00873647 0.00290387 0.0150259 0.0268779 0.0186558 0.0187611 -9.93932e-05 -0.000480215 -0.0022362 -0.000265755 -0.000361577 -0.000256943 -0.00186366,800,0,cuda,1.99,5.59
test,827,boxer_47,boxer,dog,correct,boxer,kernel,8,0.887443,33,0.589405,0.931912,0.342507,0.092665,0.665639,0.0,,,,0.0179866 -0.00324733 0.133646 0.0371829 0.0462988 0.089587 0.0243216 0.0146006 -0.0132213 -0.0160752 0.0013486 -0.0440139 0.0334674 0.0437909 0.00491363 0.0294854 -0.00425315 0.0161578 0.0108148 0.281913 0.022785 0.0266887 -0.00798521 0.0344421 0.02395 0.0448048 -0.00437253 -0.0184794 -0.00827196 -0.00800833 0.0185999 0.0392225 0.00909492,800,0,cuda,2.34,5.4
test,827,boxer_47,boxer,dog,correct,boxer,partition,8,0.887443,33,0.589405,0.992639,0.403233,0.114229,0.620905,0.0,,,,0.00866396 -0.00184324 0.0611127 0.0154188 0.0593248 0.0389211 -0.00847745 0.0269186 -0.00714065 -0.00290731 0.0219982 0.0186026 0.0147485 -0.00580211 0.00388451 0.012874 0.000518772 0.0366719 0.027835 0.285611 -0.00486253 0.0390672 0.0247254 0.0289744 0.0238138 0.0255144 0.00870704 0.0150482 0.0105953 0.00510405 0.0138589 0.0690355 0.0106579,800,0,cuda,2.22,5.4
test,428,beagle_37,beagle,dog,correct,beagle,kernel,4,0.998349,39,0.807856,0.99696,0.189104,0.066502,0.68722,0.0,,,,-0.0280128 -0.0241436 -0.023473 -0.0075216 -0.0287871 -0.0204191 -0.0223716 -0.0412157 0.0241709 -0.00726527 0.149987 0.0976876 0.116522 -0.0318756 0.217051 0.0515784 0.13321 0.0361762 0.0249907 -0.0242085 -0.0051992 0.0537545 0.0409847 0.00813771 0.0128626 -0.032168 0.0899591 0.0500621 -0.00994871 0.00867077 -0.00410897 0.0241348 0.0202669 -0.00132504 -0.00278412 0.00737664 0.000125011 0.00207673 -0.0165417,800,0,cuda,2.9,5.82
test,428,beagle_37,beagle,dog,correct,beagle,partition,4,0.998349,39,0.807856,0.98508,0.177224,0.048165,0.292489,0.0,,,,-0.00270635 -0.00512632 -0.00562515 -0.00818572 -0.0160751 -0.00193188 -0.00414367 -0.00948657 -0.00315455 -0.00199673 -0.00676259 -9.81074e-05 -0.00114017 0.000777405 0.2221 0.00872084 0.205702 0.0126243 0.0409371 0.00602648 0.0236923 0.0700172 0.0172437 0.0464391 0.062574 -0.000158679 -0.0114274 0.149817 -0.000573048 -0.00166547 0.0063033 0.00576525 0.00252936 -0.000684362 0.0221158 0.012716 0.00460881 0.00159591 -0.00294936,800,0,cuda,2.0,5.82
test,1889,leonberger_199,leonberger,dog,correct,leonberger,kernel,19,0.996751,37,0.475187,0.983899,0.508712,0.064097,0.780823,0.0,,,,0.0304337 0.00507058 0.0243515 0.0548867 0.285992 -0.0106692 -0.00715577 0.00172104 0.0368491 0.2196 0.0337038 -0.0118499 0.0551661 0.0968456 0.0286609 0.0711209 0.0100699 -0.00665977 -0.0233192 0.0278988 0.0064724 -0.00777695 0.0213821 -0.00171288 0.0104095 -0.00187011 -0.0216855 0.025472 0.0131655 -0.00285408 -0.00949056 -0.0075309 0.0140191 -0.00417587 0.0104803 0.0201873 0.00610723,800,0,cuda,2.43,5.51
test,1889,leonberger_199,leonberger,dog,correct,leonberger,partition,19,0.996751,37,0.475187,0.650059,0.174872,0.094807,0.805951,0.0,,,,0.0149848 0.00417205 0.00193178 0.104792 0.30093 0.0102516 0.000187817 0.0102311 0.0731728 0.329761 0.0226871 0.00611617 0.0389281 0.0184797 0.00362465 0.0358694 0.00067578 0.000993049 0.0012423 0.00277452 0.00310959 0.000285992 0.000917062 0.000424217 0.000507199 0.000613472 0.000425644 0.00169101 0.000525274 0.000524995 0.000171106 0.000280062 0.000299825 0.000359267 0.000420319 0.000119382 0.000836005,800,0,cuda,2.19,5.51
test,3156,shiba_inu_79,shiba_inu,dog,correct,shiba_inu,kernel,31,0.998045,30,0.4774,0.664641,0.187242,0.149112,0.90602,0.0,,,,-0.0123049 -4.32013e-05 0.00450939 -0.00951706 0.0162155 0.0297603 -0.0117288 0.257101 0.103681 -0.0183014 0.0765796 0.0451825 0.271119 -0.000605205 0.0403196 0.0288012 0.0218949 0.0212289 0.0106957 -0.0234585 -0.011634 0.0575327 -0.0174279 0.0163383 0.012085 -0.0104173 0.0370784 -0.000196065 0.00632436 0.0209833,800,0,cuda,2.57,5.72
test,3156,shiba_inu_79,shiba_inu,dog,correct,shiba_inu,partition,31,0.998045,30,0.4774,0.523952,0.046553,0.349733,0.728553,0.0,,,,-0.00176269 0.00954677 -0.00157942 -0.00528941 -0.00220128 0.0239718 0.00269258 0.135219 0.0164387 0.000665072 0.13009 0.0719056 0.10849 0.0455893 0.0100183 0.00496656 -0.00363812 0.14425 0.11907 0.00822573 0.00160342 0.0906695 0.00135573 0.0104444 0.00368283 0.00333106 0.01638 0.00445982 0.0092655 0.00393669,800,0,cuda,2.37,5.72
test,3405,staffordshire_bull_terrier_42,staffordshire_bull_terrier,dog,correct,staffordshire_bull_terrier,kernel,34,0.991618,39,0.408801,0.673868,0.265067,0.113349,0.716227,0.0,,,,-0.00533478 0.0231636 -0.00192788 0.014622 0.000503652 -0.00238624 0.0500066 -0.00705401 0.130767 0.00590288 0.246394 0.0135102 0.0852296 0.0247416 0.0371408 0.0290368 0.00179377 0.0185656 -0.00794081 0.00499308 0.0352702 0.180041 0.0119007 0.0119883 0.00114502 0.00588629 -0.00997314 -0.000637256 0.0267042 0.0035041 0.00275957 -0.00166341 0.00454271 0.00163334 -0.00618154 0.0116652 0.0196027 0.0208992 0.00669462,800,0,cuda,2.31,5.24
test,3405,staffordshire_bull_terrier_42,staffordshire_bull_terrier,dog,correct,staffordshire_bull_terrier,partition,34,0.991618,39,0.408801,0.810035,0.401234,0.141197,0.677359,0.0,,,,0.00164444 0.0246231 0.0167566 0.0216887 0.00503818 0.0308052 0.0550466 0.0606518 0.145043 0.0040702 0.299497 0.00895164 0.147634 0.0465361 0.0216134 0.0499425 0.00611014 0.00520645 0.000752976 0.00309343 0.00220517 0.0120951 0.00331458 0.000622803 0.000564591 0.0025438 0.000333223 0.00164792 0.00109379 0.000527877 0.000606636 0.00312237 0.000908798 0.000286387 0.00116838 0.000298993 0.000680444 0.000536093 0.000245557,800,0,cuda,2.06,5.24
test,2766,Russian_Blue_87,Russian_Blue,cat,correct,Russian_Blue,kernel,27,0.98371,36,0.85505,0.913203,0.058152,0.100051,0.595341,0.0,,,,0.064291 0.0240932 0.0761745 0.0274223 0.0644449 0.0443674 -0.00510088 -0.0151203 -0.0121015 0.000973581 0.0853195 -0.00690023 0.0159008 -0.0125246 -0.00356784 0.0551797 0.0131333 0.0357226 0.00245555 0.0136496 0.0470303 0.0319398 0.0647531 0.0627446 0.0749189 0.0454249 0.0059969 0.0652397 0.014359 0.0375291 -0.0431703 0.0461555 0.00355964 -0.00703824 0.056235 -0.000787228,800,0,cuda,2.41,5.93
test,2766,Russian_Blue_87,Russian_Blue,cat,correct,Russian_Blue,partition,27,0.98371,36,0.85505,0.897218,0.042168,0.181455,0.71795,0.0,,,,0.0276425 0.00259635 0.0564256 0.00201119 0.0892605 0.0125561 -0.0296359 -0.0200496 -0.02115 -0.0522669 0.0594885 -0.0366193 0.0433428 0.0363115 0.013272 0.144726 -0.0178996 0.0357259 -0.0361971 0.046374 0.0667228 0.0640295 0.124465 0.0615538 0.0880964 0.0440317 0.0195007 0.0329985 0.0079085 0.02329 0.0108571 0.0178382 0.0116421 0.0110429 0.0304674 0.00234438,800,0,cuda,2.6,5.93
test,282,american_pit_bull_terrier_86,american_pit_bull_terrier,dog,correct,american_pit_bull_terrier,kernel,2,0.999934,47,0.64477,0.997593,0.352822,0.180609,0.761275,0.0,,,,0.00829221 0.00849517 -0.0258249 -0.0164008 -0.014476 0.0117779 -0.00450701 -0.00134705 0.0346363 0.0288835 0.032379 0.0485148 0.00946103 -0.0308061 0.0809916 0.0838605 0.0618592 0.1939 0.0357381 0.139634 0.0254101 -0.0223774 0.0448966 0.0834564 -0.00633485 0.0143166 -0.0195744 -0.012373 -0.0199407 0.035605 0.0567308 0.0106287 -0.0247801 0.00845792 0.00365946 0.0134588 -0.00595666 0.0157348 0.0228464 0.0067279 0.00836283 0.0323406 -0.0176409 0.0283386 -0.0141282 0.00759489 0.031095,800,0,cuda,1.99,5.68
test,282,american_pit_bull_terrier_86,american_pit_bull_terrier,dog,correct,american_pit_bull_terrier,partition,2,0.999934,47,0.64477,0.989907,0.345137,0.253174,0.748304,0.0,,,,0.00327581 0.00540401 0.0203087 0.00981801 0.00143405 0.00729265 0.00166519 0.00369816 0.0613595 0.019742 0.0046426 0.0568787 0.00505665 0.00150208 0.0335328 0.0609774 0.0343602 0.190708 -0.00108576 0.0696202 0.0142741 -0.000564554 -0.00106969 0.0365318 0.0264052 0.00647817 0.0010493 0.0163194 0.00545673 0.059386 0.0323829 0.00981649 0.0163382 0.000644319 0.00171711 0.025964 0.0154666 0.0240716 0.0334826 0.023094 0.0224956 0.00780799 0.00179984 0.000903638 0.0151716 0.00265109 0.00335204,800,0,cuda,2.6,5.68
test,2899,samoyed_26,samoyed,dog,correct,samoyed,kernel,29,0.999672,32,0.606425,0.993728,0.387302,0.174955,0.794646,0.0,,,,0.0547097 -0.0332226 0.037652 0.0146274 -0.00696595 0.041379 0.0298657 0.00533559 0.000806094 0.127423 -0.0312959 -0.00449889 0.0308984 0.0648891 0.00237116 0.0513628 0.267506 0.0376739 0.0355044 0.00144071 -0.00182433 0.00838935 0.0125838 0.0402616 0.0202322 0.0182194 -0.0120579 0.0627462 0.000887186 0.0273849 -0.00139197 0.0760442,800,0,cuda,2.59,5.85
test,2899,samoyed_26,samoyed,dog,correct,samoyed,partition,29,0.999672,32,0.606425,0.715964,0.109539,0.136168,0.654506,0.0,,,,0.0524992 0.000879348 0.00736719 0.0135209 0.0633825 0.136461 0.0140561 0.0345344 0.000573254 0.0952553 0.00785734 0.00881686 0.0116826 0.0422215 0.00605367 0.037301 0.310225 0.0338102 0.0175215 -0.00207087 0.00666442 0.000407144 0.001051 0.0279503 0.0123279 0.00117357 0.00460988 0.00433367 0.0170552 0.00113846 0.000326301 0.00994966,800,0,cuda,2.48,5.85
test,343,basset_hound_50,basset_hound,dog,correct,basset_hound,kernel,3,0.859833,37,0.444456,0.78675,0.342294,0.131532,0.75709,0.0,,,,0.0124429 0.000896119 0.00337299 -0.0184805 0.0850822 0.0315032 0.017076 0.00933975 -0.00962386 0.00670153 0.125605 0.0420551 0.0176937 -0.00693607 -0.0111246 0.0990497 -0.0100948 0.0828054 0.0031749 0.0245084 -0.00844143 -0.0242279 0.00171622 0.0533214 0.0829592 -0.0200769 -0.0320639 0.112223 0.0174474 0.0552459 0.0498129 -0.0187342 -0.0353819 0.0151361 0.0270457 0.0615923 -0.00728741,800,0,cuda,2.59,5.86
test,343,basset_hound_50,basset_hound,dog,correct,basset_hound,partition,3,0.859833,37,0.444456,0.973366,0.52891,0.19103,0.771977,0.0,,,,0.00726209 0.00536176 0.00205557 0.000624144 0.00384245 0.00365633 0.00680922 0.00276823 -0.00132122 0.000307953 0.0654991 0.00299397 -0.00678579 0.00207079 0.00326227 0.146043 -0.0174439 0.094711 0.00171607 0.0107195 0.00496065 -0.0556216 0.00113252 -0.00145916 0.231755 0.00743943 -0.00325946 0.0825953 0.0101421 0.0928175 0.0146611 0.0208242 0.0103087 0.0285761 0.00566868 0.0108358 0.039803,800,0,cuda,2.32,5.86
test,2683,Russian_Blue_203,Russian_Blue,cat,correct,Russian_Blue,kernel,27,0.999666,40,0.527563,0.939964,0.412401,0.140696,0.763723,0.0,,,,0.0356661 0.00827828 0.0256704 0.0186585 -0.00624294 0.0425493 -0.00361708 0.0276748 0.00064523 0.0222106 -0.00903649 0.0650643 0.0459803 -0.0346917 0.0690515 0.0380883 0.217962 -0.0264598 -0.0109509 0.0617299 0.00818456 0.15962 0.0281608 -0.00481837 -0.0247425 -0.011141 0.0176705 0.0302686 0.0421166 0.00881678 0.0176404 -0.000785844 0.0644717 0.00469718 0.0123922 -0.00500395 0.0172145 0.0109014 0.0382692 -0.0135043,800,0,cuda,2.66,5.9
test,2683,Russian_Blue_203,Russian_Blue,cat,correct,Russian_Blue,partition,27,0.999666,40,0.527563,0.760924,0.233361,0.153739,0.777303,0.0,,,,0.0214514 0.00546056 0.0220906 0.0181002 0.0042884 0.0320241 0.00610699 0.0405297 0.0122341 0.0164857 0.00958166 0.129228 0.0915308 0.0390358 0.117831 0.00585488 0.227958 0.00406185 0.0273125 0.0601572 0.00600947 0.0418793 -0.000830989 0.0148119 0.00131409 0.00216458 0.00360071 -0.00211328 0.000313454 0.000348468 0.00343581 0.00044226 0.01408 0.00676951 0.00161953 0.000191394 0.00136992 0.000164012 0.000617333 0.0011476,800,0,cuda,2.2,5.9
test,2786,saint_bernard_196,saint_bernard,dog,wrong,chihuahua,kernel,10,0.837736,34,0.370436,0.983787,0.613351,0.032838,0.161434,0.0,,,,-0.00926787 -0.00647909 -0.0122387 -0.0280219 0.0579456 -0.00325528 0.0991191 0.0435069 0.0220266 0.00904134 0.108058 -0.0566915 -0.00560144 0.0493821 0.043255 0.00595599 0.0642632 0.110521 0.0317179 0.0259321 0.00837713 0.0874704 0.0363443 0.0119918 0.0577608 0.000818715 -0.00983683 0.0113935 -0.0181248 0.0126537 0.0315876 0.0470218 0.00264608 0.000290877,800,0,cuda,2.32,5.49
test,2786,saint_bernard_196,saint_bernard,dog,wrong,chihuahua,partition,10,0.837736,34,0.370436,0.859463,0.489027,0.032437,0.380452,0.0,,,,0.0303035 0.00453186 0.0221752 0.0111632 0.00528699 0.00672272 0.0699239 0.00438652 0.00279212 0.0546591 0.0556863 -0.03442 0.00293406 0.00149653 0.00801129 0.0342685 0.0380374 0.230553 0.0350587 0.0113767 0.0376197 0.0454134 0.053534 0.0017148 0.0307605 0.00909175 0.000643025 0.00891445 0.00578447 0.0047637 0.00521009 0.0258203 0.00202393 0.00332214,800,0,cuda,2.22,5.49
test,2547,pug_69,pug,dog,correct,pug,kernel,25,0.945572,31,0.646604,0.993317,0.346713,0.043852,0.31862,0.0,,,,-0.0188074 0.00316731 0.0262619 0.0131605 0.0906706 0.0629386 -0.0081844 -0.0015953 0.0222303 0.0648369 0.0218886 0.0794176 0.0105019 0.0491958 0.0697051 0.0971358 0.0125201 0.0719414 0.0098107 0.0212515 -0.0434047 0.0176476 0.0707745 0.0623103 0.0406289 -0.0126017 0.0633081 -0.00138214 -0.00188032 0.00535037 0.0361936,800,0,cuda,2.3,5.67
test,2547,pug_69,pug,dog,correct,pug,partition,25,0.945572,31,0.646604,1.0,0.353396,0.053323,0.452232,0.0,,,,-0.00200501 -0.000674959 -0.0090001 -0.000498942 0.0256442 0.0537723 0.00846358 0.00918496 0.0461601 0.102501 0.107259 0.170578 0.00376312 0.0782221 0.0509288 0.0959313 0.0132451 0.114954 -0.00281902 -0.00596718 0.0209014 0.00433043 0.0108607 0.0110994 0.00922692 -0.000613287 0.00684497 0.00158436 -0.00332379 0.00712562 0.00731191,800,0,cuda,2.44,5.67
test,1113,Egyptian_Mau_29,Egyptian_Mau,cat,correct,Egyptian_Mau,kernel,11,0.944435,35,0.429249,0.915988,0.486739,0.149336,0.817053,0.0,,,,-0.00728903 0.00759968 0.00400992 0.0173098 0.00548548 0.0047353 0.0118997 -0.0321424 0.0141091 0.00688358 -0.00261851 -0.0051202 -0.0161075 0.189202 0.132927 0.198499 -0.00328489 -0.0143054 0.119665 -0.00707083 0.0738822 0.0317165 -0.0120191 0.017924 -0.0151224 0.0290852 -0.0170699 -0.0135296 0.0648481 -0.000535531 0.0218092 0.019338 0.00773735 0.0135185 0.0232258,800,0,cuda,2.25,5.78
test,1113,Egyptian_Mau_29,Egyptian_Mau,cat,correct,Egyptian_Mau,partition,11,0.944435,35,0.429249,0.805559,0.37631,0.162008,0.784676,0.0,,,,-0.00192299 0.00554178 -0.00176235 0.0106004 0.0194681 -0.00500395 -0.00528044 -0.00978771 -0.00419504 0.0363867 0.0119756 0.00128181 -0.00829563 0.228933 0.110969 0.0834593 0.0114783 -0.00637832 0.140593 0.00427336 0.0557031 0.00121024 0.00166597 0.0073557 0.00720022 0.0239357 0.00424153 -0.00165331 0.0681627 -0.00108936 0.045019 0.0390043 -0.00232803 -0.000929128 -0.000638863,800,0,cuda,2.56,5.78
test,1574,great_pyrenees_93,great_pyrenees,dog,correct,great_pyrenees,kernel,15,0.995015,35,0.745097,0.970595,0.225498,0.032294,0.865543,0.0,,,,0.0102104 0.00570991 -0.00713508 0.085265 0.367586 -0.00584358 0.000595722 -0.0188657 0.130048 -0.00225934 0.120306 0.184831 0.00488594 0.013808 0.00802286 0.000590712 0.0477419 0.00996566 -0.00104654 -0.00710695 0.015669 -0.00716902 -0.00751625 0.00337862 0.00428673 0.0166067 -0.0109119 0.00492651 0.0084726 -0.00849514 -0.00395381 0.00957604 -0.0109641 0.0110958 0.017209,800,0,cuda,2.07,5.48
test,1574,great_pyrenees_93,great_pyrenees,dog,correct,great_pyrenees,partition,15,0.995015,35,0.745097,0.977678,0.232581,0.030611,0.856551,0.0,,,,-0.00319534 -0.00461675 0.00210821 0.0503472 0.246034 0.0148495 0.000179938 0.00205326 0.142019 0.00127652 0.164862 0.237874 -0.000648697 0.000194892 0.0143099 0.0158822 0.0929973 -4.62846e-05 -5.15252e-05 -9.54059e-06 -0.00013933 -0.000180122 -0.000188784 -0.000163019 0.0163122 -0.000313966 -9.86115e-05 -0.000524628 -8.57275e-05 -0.000223057 -0.000269321 -0.000347699 -0.000226904 -0.000297877 -0.00015312,800,0,cuda,2.47,5.48
test,691,Birman_94,Birman,cat,wrong,Russian_Blue,kernel,27,0.622558,38,0.241211,0.481502,0.240291,0.034942,0.589305,0.0,,,,0.0502388 -0.000880278 -0.031416 0.0344296 0.0155902 0.0599058 0.00972056 0.0701854 0.00220906 0.0167224 0.0393581 0.0515506 0.139472 0.0163179 -0.00331515 -0.00361667 -0.0581914 0.0310628 0.00681624 0.0235422 0.0152071 -0.0290054 0.00397147 0.0248207 -0.0015563 0.0190286 0.0646503 0.0384586 0.046093 -0.019328 0.00597346 0.00459905 6.36001e-05 -0.00964864 0.00121468 -0.0129374 -0.00595423 -0.00380134,800,0,cuda,2.04,5.22
test,691,Birman_94,Birman,cat,wrong,Russian_Blue,partition,27,0.622558,38,0.241211,0.436379,0.195168,0.035167,0.611588,0.0,,,,0.0332946 0.000307265 0.012976 0.0137286 0.000529743 0.0357094 0.0123827 0.0293199 0.000293699 0.0130269 0.0488912 0.0767299 0.190954 -0.000110308 0.0143573 0.00362188 -0.00237808 0.0478402 0.00345225 0.0111086 0.0148922 -0.00636381 0.00653334 0.0298313 0.0033393 0.00685698 0.0155141 0.00932841 0.0166014 0.00747485 -0.00757625 -0.00173567 -0.00321124 -0.00304534 -0.00148473 -0.0168832 -0.00149596 -0.00306052,800,0,cuda,2.28,5.22
test,0,Abyssinian_201,Abyssinian,cat,correct,Abyssinian,kernel,0,0.996186,31,0.310049,0.796822,0.486773,0.166008,0.85654,0.0,,,,0.00527009 -0.0101568 0.00907567 -0.00381361 -0.00686503 0.0160347 0.0127966 0.0232463 -0.00749285 0.0138376 0.0783746 -0.00767952 -0.00858019 0.00064972 0.0634969 -0.000818707 0.0418155 0.0214529 0.475532 0.0291929 0.00183 0.018958 0.0351844 0.0948697 -0.00168606 0.0237392 2.60533e-05 0.035202 0.0238586 -0.0183054 0.0136752,800,0,cuda,2.45,5.96
test,0,Abyssinian_201,Abyssinian,cat,correct,Abyssinian,partition,0,0.996186,31,0.310049,0.74065,0.430602,0.157722,0.775129,0.0,,,,0.000844246 0.000225881 0.000991003 0.000615004 0.00102295 0.00257781 0.000362249 0.000758903 0.000396087 0.0158982 0.00771927 0.000629923 0.0050427 0.000455137 0.0286332 0.00040643 0.0413244 0.0492256 0.149969 0.123633 0.0418052 0.0704451 0.0778178 0.16483 0.0239957 0.027556 0.0307398 0.0609633 0.013345 0.0128338 0.0176587,800,0,cuda,2.68,5.96
test,1582,havanese_191,havanese,dog,correct,havanese,kernel,16,0.911112,39,0.205716,0.644688,0.438972,0.191174,0.901344,0.0,,,,0.0633877 0.00490598 0.00867722 0.121157 0.0826147 0.0162293 -0.0118386 -0.00184467 0.00512627 0.0274362 -0.0166576 -0.0034388 0.00131796 0.00189603 0.0123009 0.0129244 0.00296162 -0.0103599 -0.0213373 0.430905 0.0242861 0.0204698 0.0604672 0.0206789 0.0257851 0.0237887 0.00285016 -0.0270436 0.021282 0.00908062 -0.0258868 -0.019679 0.00160585 0.00452194 -0.0138761 0.0153403 0.0235334 -0.0133537 0.00589792,800,0,cuda,2.1,5.55
test,1582,havanese_191,havanese,dog,correct,havanese,partition,16,0.911112,39,0.205716,0.604619,0.398903,0.225231,0.890174,0.0,,,,0.0388133 0.00138037 0.0039172 0.0946054 0.144974 0.00353268 -3.8166e-05 0.0687766 0.0160514 0.0217194 0.0743599 0.00380515 0.00135641 0.0472877 0.0174837 0.00442737 0.0157782 0.0280451 0.00423389 0.248331 0.0286296 0.00491304 -0.00262379 0.0047112 0.000787751 0.00449087 -0.00161555 -0.00210135 0.00197745 0.000347441 0.00345935 0.00534172 0.00127832 -0.000991364 -0.000200737 -9.21374e-05 -0.000657528 -0.000780239 0.000396905,800,0,cuda,2.41,5.55
test,1707,japanese_chin_32,japanese_chin,dog,correct,japanese_chin,kernel,17,0.979668,38,0.414003,0.99201,0.578007,0.105572,0.746733,0.0,,,,-0.0251398 0.00582834 0.0177482 0.00246436 -0.0218389 -0.00712673 0.0328885 -0.032755 0.0191229 -0.0357596 0.0521803 -0.0208642 -0.00274055 0.000246389 0.0428028 0.0264093 0.0322147 0.0868306 0.0494339 -0.0131459 0.0227358 0.260757 0.109428 0.0165378 0.0162628 0.00437692 0.0119957 0.0892307 0.0973163 0.0491353 0.00164835 0.0245302 0.00850485 0.0414415 -0.0113285 -0.00124755 0.000684453 0.00556443,800,0,cuda,1.72,5.41
test,1707,japanese_chin_32,japanese_chin,dog,correct,japanese_chin,partition,17,0.979668,38,0.414003,0.69674,0.282738,0.093889,0.771339,0.0,,,,-0.0171882 -0.00584568 0.0094736 -0.00268242 0.00217097 0.0182978 0.0201603 0.0103595 0.0283932 0.00169923 0.0587886 -0.0118631 0.0649504 0.0113672 0.052707 0.0947729 0.00362273 0.0276329 0.022775 0.00535998 -0.0133897 0.271967 0.0499725 0.00466303 -0.0151844 0.0282251 0.0135224 0.0539901 0.0426111 0.0462956 -0.0111972 0.0540906 6.16981e-05 0.0372487 -0.000179576 -0.00293257 -0.00157932 0.00323646,800,0,cuda,2.7,5.41
test,1416,german_shorthaired_40,german_shorthaired,dog,wrong,chihuahua,kernel,10,0.333992,41,0.095285,0.410754,0.315469,0.017786,0.159923,0.0,,,,-0.00947071 -0.00756388 0.0183536 -0.0035607 0.0127351 -0.00817433 0.0586654 0.00581832 0.0155466 0.0234346 0.00174532 0.00573212 0.020592 0.0512728 0.0186388 0.0145817 -0.012066 0.0137555 -0.00492806 0.0427583 0.018097 0.0101564 0.0107067 0.000450251 0.0035334 -0.0150073 0.000559439 -0.00393186 0.00120336 0.010016 0.00776933 -0.00450702 0.0108088 0.0106902 -0.00602502 0.0136661 -0.0151426 -0.00910391 -0.00706403 0.0188522 0.0122259,800,0,cuda,1.81,5.25
test,1416,german_shorthaired_40,german_shorthaired,dog,wrong,chihuahua,partition,10,0.333992,41,0.095285,0.322963,0.227679,0.017283,0.142245,0.0,,,,0.00108692 0.00179903 0.00379631 0.00268931 0.011769 0.00887425 0.0805508 0.000941187 0.000728187 0.0116349 0.00408154 -0.000211527 0.0136584 0.0424997 0.00112651 0.0016951 -0.00047929 0.00706186 0.0122208 0.0192593 0.00385834 0.000719181 0.00735142 0.00568537 0.00901561 0.0315163 0.00789831 0.00639716 0.00670845 -0.000217256 0.00251576 0.00252435 0.00432306 0.00245651 0.00139904 0.00152535 0.00391037 -0.000996578 0.000396804 0.0038848 0.000165454,800,0,cuda,2.47,5.25
test,2021,Maine_Coon_36,Maine_Coon,cat,correct,Maine_Coon,kernel,20,0.918007,29,0.189353,0.980564,0.79121,0.030786,0.795132,0.0,,,,-0.00525525 -0.0252384 -0.0333417 0.0105095 0.00952974 -0.0054012 -0.0379283 -0.00229181 -0.00216705 0.00485802 0.0341621 0.0114081 0.101814 0.14871 0.0323934 0.16687 0.0268744 -0.00905057 0.0676489 0.261471 0.100379 0.0670881 0.0118989 0.0459475 0.00516354 -0.0304895 -0.033943 0.00391389 -0.0327559,800,0,cuda,1.75,5.16
test,2021,Maine_Coon_36,Maine_Coon,cat,correct,Maine_Coon,partition,20,0.918007,29,0.189353,0.716274,0.526921,0.042703,0.752339,0.0,,,,-0.000449859 -0.00364364 -0.00119574 -0.00365792 -0.000665533 0.00185227 -0.0143657 -0.0145608 -0.000408748 0.0036945 0.0314107 -0.00600067 0.0413553 0.0876428 0.0139858 0.0899702 -0.0065271 0.00927564 0.0749637 0.358679 0.122356 0.0566406 -0.00761744 0.0514176 0.00420959 -0.000659776 1.58606e-05 -9.74466e-05 0.00515768,800,0,cuda,2.67,5.16
test,2003,Maine_Coon_266,Maine_Coon,cat,correct,Maine_Coon,kernel,20,0.66713,44,0.621791,0.996475,0.374683,0.049658,0.544645,0.0,,,,0.0233992 0.0189978 0.00444014 -0.0103557 0.0136948 0.00845653 0.00103449 0.0391372 0.00645042 -0.000360849 0.0969864 0.0224369 -0.00304438 0.00748538 0.0695522 0.108081 -0.0163731 -0.0241703 0.0794132 0.00240784 0.0485866 -0.00203916 0.0500929 0.00416032 -0.0055878 0.0147349 0.00346478 -0.0364853 0.0623231 0.0181724 0.0143212 -0.0467735 -0.0185922 0.030801 -0.00588599 -0.00924093 -0.0149564 0.0448589 0.0501876 -0.00012254 -0.0242424 0.00140036 0.0306449 -0.0155924,800,0,cuda,2.08,5.21
test,2003,Maine_Coon_266,Maine_Coon,cat,correct,Maine_Coon,partition,20,0.66713,44,0.621791,0.973746,0.351955,0.141327,0.441911,0.0,,,,-0.000855367 -0.00221174 -0.00870297 -0.00273084 -0.000506755 -0.00120004 7.39772e-05 0.00792874 -0.000160843 0.0101021 0.0358277 0.0271007 -0.00934375 0.00545034 0.0592675 0.0146354 -0.00994595 0.0201908 0.0384002 -0.00545126 0.0717857 0.00455622 -0.014337 -0.00231581 0.0016211 0.00303292 0.00107461 -0.0326289 0.0305225 0.0375344 0.000639602 -0.00310481 0.0685281 0.0804141 0.00182627 0.00695358 0.00236133 0.0873494 0.0571752 0.00178901 0.00923305 0.0217588 0.0199362 0.00832641,800,0,cuda,2.16,5.21
test,1993,Maine_Coon_247,Maine_Coon,cat,wrong,Bengal,kernel,5,0.953193,41,0.758131,0.993094,0.234963,0.039141,0.208477,0.0,,,,-0.0108112 0.0322799 0.060266 -0.00534813 0.0422735 -0.00448282 0.0153298 0.0246595 0.0493259 0.00266965 0.00248388 0.0352001 -0.00860772 0.0545728 0.101962 0.0698696 0.0218283 0.0599608 -0.00182151 0.0435051 0.0607445 0.0495927 0.0602444 0.0476458 0.0332062 0.0365254 0.00772615 -0.0226018 -0.0283914 -0.00196893 -0.018769 0.00656357 0.019934 0.0636312 0.0154186 0.01694 -0.026002 -0.033896 -0.0219599 0.0593804 0.012435,800,0,cuda,2.14,5.4
test,1993,Maine_Coon_247,Maine_Coon,cat,wrong,Bengal,partition,5,0.953193,41,0.758131,0.996357,0.238226,0.032677,0.374869,0.0,,,,-0.000578485 0.00540138 0.00594426 0.004152 0.00786666 -0.00181967 -0.00437243 0.000648784 0.00293875 0.00640622 0.0151272 0.00897845 0.0250522 0.0462211 0.155408 0.0326519 0.046372 0.0539195 0.0227247 -0.015644 0.0146091 0.115898 0.0810913 0.0464643 0.0417698 0.00835281 0.029232 0.0281613 -0.000355679 0.0229445 -0.00516077 0.0195935 0.00588913 0.0574222 0.0194172 -0.0036692 -0.00453216 -0.00315963 0.0210544 0.01042 -0.00132674,800,0,cuda,2.33,5.4
test,2974,samoyed_94,samoyed,dog,correct,samoyed,kernel,29,0.99634,33,0.746512,0.932232,0.18572,0.195135,0.813425,0.0,,,,0.0253118 0.013001 0.0159817 -0.00362841 -0.0366978 0.0269202 0.0632369 0.26553 0.018318 -0.0012494 0.0102599 0.178931 0.00712204 0.121158 0.00377779 0.0538021 0.124823 0.0213735 0.0345584 -0.0046792 0.0233726 0.0258768 -0.0227671 -0.0341188 -0.000613816 0.0185609 0.025225 -0.0482573 0.0163172 0.00351858 -0.0212884 0.0266789 0.0252486,800,0,cuda,2.57,5.78
test,2974,samoyed_94,samoyed,dog,correct,samoyed,partition,29,0.99634,33,0.746512,0.990861,0.244348,0.229134,0.82119,0.0,,,,0.00974308 0.0119967 0.00954215 -0.00468248 0.00358578 0.0360787 0.0160929 0.194313 0.0386377 0.0106831 0.0786213 0.227174 0.0167234 0.0994111 0.0191438 0.00321948 0.115272 0.00166249 0.0167223 0.00184034 0.00269238 0.0072732 0.00312861 0.00496685 0.0038197 0.00482604 0.00946076 0.00516785 0.0168027 0.00297657 0.000907013 0.00568624 0.00211614,800,0,cuda,2.21,5.78
test,1131,Egyptian_Mau_49,Egyptian_Mau,cat,correct,Egyptian_Mau,kernel,11,0.983134,43,0.53121,0.992691,0.46148,0.114874,0.735305,0.0,,,,-0.00186241 0.00186118 -0.0177724 0.0183061 -0.0160586 0.022825 -0.00220681 0.0255062 -0.0280811 0.00948655 -0.0265588 -0.00155111 0.0193718 0.0348895 -0.0166493 -0.00633527 -0.0052172 -0.00150123 0.103832 0.0401344 0.0382711 0.108695 0.0110286 -0.0059845 0.0479521 0.0158847 0.0635535 0.121453 0.0284259 0.043475 0.0824753 0.034706 -0.00507532 0.0331228 0.0200644 -0.00229383 0.0215321 -0.00161615 0.00895586 0.0107254 0.0145046 0.00662634 0.058992,800,0,cuda,2.38,5.71
test,1131,Egyptian_Mau_49,Egyptian_Mau,cat,correct,Egyptian_Mau,partition,11,0.983134,43,0.53121,0.955015,0.423805,0.157725,0.523565,0.0,,,,0.000518585 -0.00177373 0.0109459 0.00105341 -0.00559603 0.00968421 0.00188841 0.0195039 0.00878257 -0.00410918 0.014469 0.0213266 0.00740157 0.00428175 0.00126663 -0.000457181 -0.00510086 0.00353699 0.0140752 0.0142594 0.011507 0.0815258 0.00782526 -0.0154922 0.0265023 0.0369096 0.0273749 0.0792466 0.00878219 0.00868602 0.207873 0.0295151 0.000588498 0.0346535 0.0219788 0.00388745 0.00622185 0.0121075 0.00730426 0.00308422 0.034491 0.0166985 0.140665,800,0,cuda,2.28,5.71
test,2304,Persian_26,Persian,cat,correct,Persian,kernel,23,0.998494,38,0.881517,1.0,0.118483,0.123003,0.613458,0.0,,,,-0.00291431 -0.00785102 0.082964 -0.000353492 0.0330359 0.0879734 0.0001096 0.0626733 0.10107 0.0125455 0.0440168 -0.0023295 0.0371742 0.0653815 0.0282688 0.063693 0.0179187 0.0445667 -0.034834 0.0373066 0.107826 -0.044002 0.0228846 0.00497525 0.0387049 -0.0276505 -0.0163687 0.0319187 0.035583 0.0016966 0.0379086 0.0678937 0.00980908 0.0249401 -0.0111829 0.0200969 -0.00737945 0.0116617,800,0,cuda,2.62,5.63
test,2304,Persian_26,Persian,cat,correct,Persian,partition,23,0.998494,38,0.881517,0.997216,0.115699,0.198506,0.580702,0.0,,,,0.00324596 -0.00228889 0.0688046 0.00869666 0.0432666 0.0988116 0.00663006 0.0827576 0.0715821 0.00378348 0.0510095 0.015382 0.0260337 0.0124287 0.0222454 0.0421769 0.0198854 0.00495741 -0.0782437 0.0297941 0.106676 0.0315323 0.0147631 0.0062187 0.0393448 0.0212533 0.00667542 0.0286783 0.00465568 0.0121034 0.0668805 0.0731382 -0.00283417 0.00490366 -0.000585554 0.0123682 0.00817888 0.0148211,800,0,cuda,1.99,5.63
test,1247,english_cocker_spaniel_69,english_cocker_spaniel,dog,correct,english_cocker_spaniel,kernel,12,0.999904,46,0.775949,0.988591,0.212643,0.204157,0.595249,0.0,,,,0.0185297 -0.0169191 0.0453983 -0.000809033 0.0234995 0.0416716 0.0861314 0.00145824 0.0356221 0.0533397 0.09896 0.0442177 0.122229 0.00559972 0.0459294 0.0823958 0.0340699 0.0546425 0.0228696 -0.0193168 0.0207793 0.0520977 0.0860818 -0.0320078 0.0163701 0.00437568 -0.00618397 0.0211592 0.0352097 -0.0154471 -0.00697401 0.00519017 0.00404829 0.0244058 0.015668 -0.0187288 0.0147778 0.0278577 -0.00823649 -0.0125752 0.00367229 0.00910903 -0.0306662 0.00195795 -0.00714721 -0.00106143,800,0,cuda,2.39,5.51
test,1247,english_cocker_spaniel_69,english_cocker_spaniel,dog,correct,english_cocker_spaniel,partition,12,0.999904,46,0.775949,0.990216,0.214267,0.234496,0.673569,0.0,,,,0.0179451 0.0239298 0.00616029 -0.000393765 0.00873062 0.0439144 0.0830398 0.0170714 0.0232655 0.0435442 0.219526 0.0326384 0.0386982 0.0255491 0.00573656 0.093778 0.0304772 0.063003 0.0473389 0.0169299 0.12491 0.00416769 0.00542682 0.000487838 0.000325919 0.0030575 0.000166631 0.00423538 -4.84307e-05 0.000161162 0.000186207 1.68328e-05 0.000107479 -4.57671e-05 0.000150064 -2.05982e-05 3.94952e-05 -0.000153664 -0.000170524 -0.000263111 4.19665e-05 -0.000207448 4.26061e-05 -0.000237748 3.41931e-05 -4.18752e-05,800,0,cuda,2.09,5.51
test,3263,Siamese_84,Siamese,cat,correct,Siamese,kernel,32,0.961991,31,0.602101,0.74403,0.14193,0.045273,0.664252,0.0,,,,0.0246124 0.00731139 -0.0166939 0.0409021 -0.000115897 0.00604945 0.0064476 0.0347155 0.00984484 0.00345712 -0.0187936 0.0155896 -0.0104055 0.0268545 -0.0104142 0.0370772 -0.014692 0.229751 0.0162844 0.357204 0.133785 0.0271018 0.0226991 0.00664257 0.00667907 0.00655519 -0.0195905 0.00857142 0.00713428 0.0014987 0.00115949,800,0,cuda,2.41,5.43
test,3263,Siamese_84,Siamese,cat,correct,Siamese,partition,32,0.961991,31,0.602101,0.744158,0.142058,0.043901,0.66381,0.0,,,,0.0336498 0.00949222 0.0189827 0.0695725 0.00404458 0.009279 0.00278875 0.0323269 0.022223 0.00721382 0.0316725 0.0339666 0.00740102 0.0102956 0.00481568 0.00358993 -0.0139316 0.13167 -0.0540003 0.42712 0.0733818 0.0411684 0.00850096 -0.00520374 0.00598763 0.0439084 0.000466127 -0.00340532 -0.00289593 -0.00189714 -0.00496228,800,0,cuda,2.21,5.43
test,2375,Persian_94,Persian,cat,correct,Persian,kernel,23,0.963094,31,0.612504,0.962585,0.350081,0.051563,0.660037,0.0,,,,0.00616095 -0.0032781 0.0115978 0.010703 0.0146217 0.0386528 0.0351333 0.0015749 0.00947994 0.196169 0.0606352 -0.00800154 -0.00917989 0.144543 0.199341 0.0118423 0.0155785 0.0529 0.170613 0.104249 -0.0295833 0.0088722 0.0290697 -0.0509655 -0.00660859 0.0103091 -0.0240332 -0.0145716 0.000903107 -0.0383324 -0.00406293,800,0,cuda,2.44,5.07
test,2375,Persian_94,Persian,cat,correct,Persian,partition,23,0.963094,31,0.612504,0.962585,0.350081,0.066425,0.655508,0.0,,,,-3.50504e-05 -0.00307206 -0.00170217 0.000467998 -0.00250772 0.00237836 0.0417227 0.000102951 -0.0070675 0.213446 0.0261716 -0.00312299 -0.00271264 0.193832 0.160012 -0.00346381 0.0305609 0.0292375 0.187465 0.0804549 -0.000708537 -0.007737 0.00784701 0.00520019 -0.000745242 -0.00210384 -0.00307366 0.00468222 -0.00168167 0.000511075 -2.68589e-05,800,0,cuda,1.85,5.07
test,2150,miniature_pinscher_72,miniature_pinscher,dog,correct,miniature_pinscher,kernel,21,0.965292,38,0.390226,0.839626,0.449399,0.116138,0.730979,0.0,,,,-0.0257177 0.00381999 0.0174959 0.0548837 -0.035592 0.168943 -0.0239687 0.0049327 0.149322 -0.0034907 0.00625685 0.110875 0.12924 0.00922075 0.0221601 0.0522787 0.0289267 0.0319182 0.0596786 0.0658058 0.0219866 0.0304253 0.000969239 -0.0170379 0.0234901 -0.00556165 -0.00912443 0.0329548 0.00639604 -0.00727729 -0.0021047 0.00301726 -0.0037744 0.029659 -0.0194395 -0.0109825 0.0280456 0.0201118,800,0,cuda,2.35,5.13
test,2150,miniature_pinscher_72,miniature_pinscher,dog,correct,miniature_pinscher,partition,21,0.965292,38,0.390226,0.806917,0.416691,0.136784,0.716893,0.0,,,,-0.00457633 0.00988165 0.00202511 0.02992 0.0574186 0.0835152 0.0200761 0.0188431 0.101528 0.0142567 0.0143676 0.264709 0.115934 0.0016652 0.0185056 0.0384415 0.00916291 0.0139795 0.0701915 0.022484 0.00230711 0.000350285 0.00215154 0.00355627 0.00397536 0.00161639 0.00309826 0.0034096 0.00188654 0.00241324 0.00170112 0.00364952 0.0076193 0.00132348 0.002678 0.00226728 0.000998989 0.00140981,800,0,cuda,1.93,5.13
test,2261,newfoundland_82,newfoundland,dog,correct,newfoundland,kernel,22,0.999972,29,0.754644,0.911338,0.156694,0.344402,0.741661,0.0,,,,0.0162261 0.0489095 0.0578358 -0.0155307 0.00770922 0.00902252 0.215239 0.045547 0.0783745 0.107571 0.0399985 0.0244867 0.0192255 0.0289549 0.109052 0.0461794 -0.000170264 0.0408011 0.0298283 0.00507901 -0.00232433 -0.0350125 -0.0103404 0.0610698 -0.0261498 0.028378 0.0287948 0.00605211 0.0293857,800,0,cuda,2.31,5.32
test,2261,newfoundland_82,newfoundland,dog,correct,newfoundland,partition,22,0.999972,29,0.754644,0.992053,0.23741,0.444453,0.719404,0.0,,,,0.0143098 0.0177536 0.0500895 0.0430853 0.0233745 0.0428681 0.0856604 0.0328924 0.0600939 0.0694888 0.0449528 0.0261468 0.0340529 0.041854 0.239889 0.0184585 0.0181935 0.0116178 0.0205142 0.107459 0.00099279 -0.0209771 0.00132197 0.00209257 0.00465339 0.00126877 0.000872996 -0.000287962 0.00150095,800,0,cuda,2.17,5.32
test,3662,yorkshire_terrier_94,yorkshire_terrier,dog,correct,yorkshire_terrier,kernel,36,0.833415,40,0.481186,0.727937,0.24675,0.020435,0.027795,0.0,,,,0.0356588 -0.0272725 0.0700572 0.0181496 0.0163977 -0.027177 0.0219083 0.0933031 0.0554481 -0.00505151 0.00969886 0.0439394 0.0727927 0.0467116 -0.00362323 -0.0483711 0.0283322 0.0751152 0.0503304 0.0848651 0.0453702 0.0373727 0.00130044 -0.00929121 -0.0237321 -0.00555629 -0.00720446 -0.0212226 0.00611491 0.00741482 0.0139514 0.0304279 0.0317701 0.0520984 0.00730774 0.0273096 0.0151551 -0.0311084 -0.0349319 0.0494835,800,0,cuda,2.31,5.26
test,3662,yorkshire_terrier_94,yorkshire_terrier,dog,correct,yorkshire_terrier,partition,36,0.833415,40,0.481186,0.991025,0.509838,0.024652,0.270318,0.0,,,,-0.000892343 0.00143545 0.0215391 0.00927355 -0.00488247 0.0445364 0.0484973 0.0551618 0.0642702 0.0200196 0.041421 0.0758774 0.139785 0.0107562 0.0022727 0.0136828 0.0161861 0.0277244 0.0061666 0.0862044 0.0920958 0.0484898 0.0177174 0.00321139 -0.0372062 0.0207162 -0.0252477 -0.00107863 -0.000858066 -0.00665223 0.00263521 -0.00757578 -0.00551369 0.0328924 0.00405144 -0.00026954 0.000257313 -0.000633322 0.0010564 -0.0138815,800,0,cuda,2.09,5.26
test,1159,Egyptian_Mau_7,Egyptian_Mau,cat,correct,Egyptian_Mau,kernel,11,0.99795,32,0.420719,0.826301,0.405582,0.265664,0.886402,0.0,,,,-0.000515067 0.0128808 -0.00552278 -0.0399878 -0.00430892 0.0341844 -0.000687269 -0.0149495 0.0192146 0.0985904 -0.00478144 -0.0360291 0.0113648 0.00126715 -0.00539614 0.147827 0.0532604 -0.0122719 0.10143 0.15608 0.00353374 0.107483 0.0196761 0.115864 -0.00686297 0.0621953 -0.00202624 0.0283324 -0.0155451 0.00801624 -0.0164656 0.106859,800,0,cuda,2.59,5.94
test,1159,Egyptian_Mau_7,Egyptian_Mau,cat,correct,Egyptian_Mau,partition,11,0.99795,32,0.420719,0.639594,0.218875,0.307641,0.730814,0.0,,,,0.00813942 0.0176075 0.00219213 0.0321135 -0.00372218 0.0511728 0.0185384 -0.00144575 0.049155 0.112777 -0.00123102 0.0194102 0.000911216 0.00785858 0.000475733 0.0987324 0.0471065 0.00743709 0.0650824 0.0452629 0.0163881 0.0418992 0.0157483 0.0706375 0.0344821 0.0715766 0.00216418 0.0190587 0.00387061 0.0187953 0.0154402 0.0350749,800,0,cuda,2.56,5.94
test,2900,samoyed_27,samoyed,dog,correct,samoyed,kernel,29,0.979328,38,0.525969,0.817596,0.291627,0.126362,0.921878,0.0,,,,0.0185849 -0.0203688 0.00773799 -0.0103596 0.00615592 0.661168 -0.0040537 -0.00992048 0.00760235 -0.0101551 -0.0220873 -0.00625781 0.0164735 -0.00345076 0.0182763 -0.00296332 -0.00927255 0.0177346 0.00639827 0.0335652 0.0288234 -0.00492491 0.0050522 0.00392078 -0.00797543 0.0108589 0.0104362 0.0880681 0.0155466 0.0236874 0.0223089 -0.00614 0.000176338 0.0219355 0.00586914 0.0191424 0.00751462 0.0194847,800,0,cuda,2.48,5.33
test,2900,samoyed_27,samoyed,dog,correct,samoyed,partition,29,0.979328,38,0.525969,0.795772,0.269804,0.120289,0.920119,0.0,,,,0.0122404 0.00480636 -0.00156331 -0.00274049 0.00534042 0.514951 -0.000172903 0.0081132 -0.00111519 -0.000235462 0.00655013 -0.00537378 -0.0122808 0.000300044 0.0336231 0.010629 0.00245233 0.0228794 0.00576087 0.0510215 -0.00719493 0.00294147 0.0070444 0.0331987 0.00265768 0.0128359 0.00836275 0.0910506 0.00751672 0.0119228 0.0435797 0.00722428 0.0105097 0.0372726 0.00986533 0.0100555 0.00589453 0.00866841,800,0,cuda,2.0,5.33
test,246,american_pit_bull_terrier_51,american_pit_bull_terrier,dog,correct,american_pit_bull_terrier,kernel,2,0.991144,44,0.271026,0.950097,0.679071,0.029034,0.880663,0.0,,,,0.0294816 -0.00468879 0.0100838 0.0161718 0.0121845 0.515483 0.0140235 0.00646583 0.0820653 0.0100253 0.00572895 0.00811292 0.0871026 -0.00978107 0.00631133 0.0230198 0.0494802 -0.0198877 0.114517 0.000369797 0.0025428 0.0355986 0.0202437 0.0169826 -0.014518 0.00286913 -0.049267 -0.00212246 -0.000281166 0.00247623 -0.00768094 -0.00209322 -0.00797926 0.0258418 0.0103953 0.00185603 0.0145787 0.0100949 -0.0067717 -0.00569088 -0.00656971 -0.00598769 -0.0131776 0.00521723,800,0,cuda,2.47,5.7
test,246,american_pit_bull_terrier_51,american_pit_bull_terrier,dog,correct,american_pit_bull_terrier,partition,2,0.991144,44,0.271026,0.950097,0.679071,0.029691,0.869836,0.0,,,,0.012571 -0.0116064 -0.00246823 0.0172789 0.00432881 0.536462 0.00321877 0.0139923 0.0866284 0.012665 0.00721595 0.0136944 0.0693058 0.00562657 0.00687153 0.0129311 0.0448001 -0.000108996 0.105494 0.00996279 0.0116161 0.0354283 -0.0039298 0.00528094 0.00106065 0.0117915 0.00622553 0.00186189 -0.00272724 -0.00302879 -0.00254481 -0.000333177 -0.00158573 -0.00155115 -0.00291716 -0.00529767 -0.00133921 -0.00309441 -0.00091509 -0.00116386 -0.00156282 -0.000765563 -0.00527727 -0.00126868,800,0,cuda,2.11,5.7
test,3641,yorkshire_terrier_75,yorkshire_terrier,dog,correct,yorkshire_terrier,kernel,36,0.971827,39,0.835619,1.0,0.164381,0.054809,0.571611,0.0,,,,0.04274 0.0222864 0.0524061 0.0598171 0.131606 0.0305918 0.00931725 0.0330809 0.0694336 0.0508016 0.00995438 -0.0170411 0.0484199 0.0338513 0.000429699 0.00448835 0.105676 0.0698342 0.0213716 0.025505 -0.0249387 0.107479 -0.00139784 -0.0130739 -0.00186631 -0.0253601 0.0107108 0.0022631 -0.0398185 0.0132265 0.0332592 -0.000438918 -0.0222833 0.0278997 0.0293564 0.00883955 -0.00131226 0.0217967 0.0127438,800,0,cuda,2.54,5.87
test,3641,yorkshire_terrier_75,yorkshire_terrier,dog,correct,yorkshire_terrier,partition,36,0.971827,39,0.835619,1.0,0.164381,0.079804,0.712454,0.0,,,,0.00824455 0.00970972 0.0163991 0.0302373 0.142176 0.0387453 0.0123743 0.0193047 0.0642387 0.0328207 0.0775028 -4.25757e-05 0.106161 0.0237947 0.0226748 0.0488911 0.0883391 0.0313685 0.00756819 0.0306343 0.0059946 0.0474751 0.0663008 -0.0105944 -0.00352657 0.00797911 -0.00149768 0.00152758 0.00738948 0.00291399 -0.00071635 0.00882943 -0.00752933 0.00729453 -7.62228e-05 -0.00176438 -0.000626354 -0.00149731 0.00263638,800,0,cuda,2.32,5.87
test,3296,Sphynx_237,Sphynx,cat,wrong,chihuahua,kernel,10,0.848273,32,0.448461,0.800409,0.351947,0.083127,0.400236,0.0,,,,0.0149801 -0.00182811 0.0318221 0.0422477 0.032003 -0.0385604 0.00161678 0.0589299 0.0260038 0.0650248 0.0831463 0.0201167 -0.00922487 0.07581 0.122524 0.0471253 0.100892 0.0126102 0.0301913 0.0362998 -0.00804116 0.00948412 -0.014312 0.0328446 0.024266 0.013435 -0.00177988 0.0238134 0.0147132 0.00166878 -0.00226189 -0.00545959,800,0,cuda,2.43,5.54
test,3296,Sphynx_237,Sphynx,cat,wrong,chihuahua,partition,10,0.848273,32,0.448461,0.796395,0.347933,0.091249,0.424391,0.0,,,,0.0353052 0.000348523 0.00156284 0.00651589 0.0047918 -0.000443091 0.000107123 0.0679784 0.0133839 0.0838092 0.0517823 -0.0101785 -0.00808325 0.0557646 0.147858 0.110146 0.197762 -0.00607885 0.0094357 0.0192416 0.00489351 0.00154642 0.00807739 0.00455351 0.00237551 0.00946695 0.00453993 -0.00184218 0.00753631 -0.0015383 0.00774889 0.0117338,800,0,cuda,2.2,5.54
test,2685,Russian_Blue_205,Russian_Blue,cat,correct,Russian_Blue,kernel,27,0.888946,39,0.452208,0.84291,0.390701,0.078317,0.260583,0.0,,,,0.0894756 -0.00318401 0.04129 0.106041 0.0833692 0.00127478 0.0554517 0.0408024 0.0778325 0.091373 -0.00658791 0.0603694 0.00211071 0.00199025 0.0045166 -0.0529485 0.0582769 -0.00815235 0.00259106 0.0205005 -0.0166895 -0.00174987 -0.000542725 0.0342633 0.00322799 -0.0513478 0.0466598 0.0052079 0.0348619 -0.011134 0.0535276 0.000704666 0.0265759 0.0027304 0.0475034 -0.015384 0.00850478 0.0166099 0.0280163,800,0,cuda,2.5,6.08
test,2685,Russian_Blue_205,Russian_Blue,cat,correct,Russian_Blue,partition,27,0.888946,39,0.452208,0.466006,0.013798,0.085452,0.149977,0.0,,,,0.00956546 0.00295057 0.0992542 0.075062 0.0405834 0.0135376 0.018011 -0.0118052 0.0287756 0.0295705 -0.00100756 0.0254746 0.00413981 0.00540732 0.0218665 0.0150691 0.146029 0.000333284 -0.0082761 0.0152805 0.00193899 0.00162011 0.00538238 0.0630723 0.0521886 0.00208618 0.00659477 0.0102597 0.00975058 0.0153091 0.0301727 0.012583 0.0265029 0.0270859 0.0242533 0.00997261 0.0250608 0.00905485 0.0152292,800,0,cuda,2.61,6.08
test,1671,havanese_90,havanese,dog,correct,havanese,kernel,16,0.498034,41,0.414182,0.894319,0.480137,0.220424,0.801939,0.0,,,,0.0386798 0.0085841 -0.0651494 0.0358022 -0.0576339 -0.0262072 0.0456539 -0.00215713 -0.0669484 0.0785771 0.0803843 -0.0101293 0.034742 0.0443605 -0.0487857 8.70487e-06 0.0122163 -0.0379521 0.0611737 -0.0640258 -0.0274956 -0.000366776 0.108598 0.151423 0.0247798 -0.0408927 -0.00597194 0.176505 0.0809928 -0.00786267 0.00642005 -0.00181387 -0.0279954 -0.0181611 0.00681539 -0.0241322 0.0287773 0.040174 0.0219485 -0.0470297 -0.0328721,800,0,cuda,2.45,5.79
test,1671,havanese_90,havanese,dog,correct,havanese,partition,16,0.498034,41,0.414182,0.787631,0.373449,0.457345,0.765518,0.0,,,,-0.00104815 0.00272821 -0.00467356 0.00239175 0.000314912 0.00312088 0.000416098 -0.0197889 0.0381162 0.0161085 0.00131663 0.0177783 -0.0261859 0.0146169 -0.0402803 0.00650777 0.0156029 0.00495547 -0.00683496 0.0322648 0.02406 0.00213578 0.0635322 0.219371 0.0038308 -0.0173643 -0.000392226 -0.0187814 0.0221591 0.00592853 0.0026338 0.00358618 0.0164938 0.0428674 0.00687603 0.00144381 0.00820685 0.00775061 0.0186827 0.0019141 0.000670743,800,0,cuda,2.32,5.79
test,929,British_Shorthair_42,British_Shorthair,cat,correct,British_Shorthair,kernel,9,0.610243,32,0.840202,0.995548,0.155345,0.144687,0.857801,0.0,,,,0.0256038 -0.0392388 0.00714818 -0.0653084 0.049015 0.0250067 -0.0100875 -0.0331574 0.0802819 0.00658447 0.122116 -0.0249702 0.00855258 -0.0441179 0.0305762 0.296961 0.103105 -0.0322109 0.00395787 0.0708255 0.0313997 -0.0597817 0.0143069 -0.00402952 -0.0329033 -0.00705051 -0.0342338 -0.0365494 -0.0304664 0.0439321 0.0106259 0.0207549,800,0,cuda,2.24,5.5
test,929,British_Shorthair_42,British_Shorthair,cat,correct,British_Shorthair,partition,9,0.610243,32,0.840202,0.992914,0.152712,0.330475,0.792752,0.0,,,,-0.0182301 -0.0193975 -0.000544904 -0.0191851 0.0129784 -0.011085 -0.0400053 -0.0134568 0.0176682 -0.0153723 0.0753803 0.104719 -0.0148008 0.00343821 0.0372483 0.15092 0.14161 0.0115155 -0.0406673 0.050574 0.0303622 -0.0213543 0.0537903 0.00700741 -0.00265589 -0.00307869 0.0208231 -0.00695924 0.0101331 0.00139496 -0.00179874 -0.00432291,800,0,cuda,2.41,5.5
test,3358,Sphynx_76,Sphynx,cat,correct,Sphynx,kernel,33,0.999583,24,0.50859,0.867277,0.358687,0.267463,0.932687,0.0,,,,0.0280553 0.554077 0.00158677 0.0207224 0.0129221 -0.00739673 -0.00573937 -0.0077713 0.0143515 0.0501022 0.0467732 0.00106759 -0.00278054 0.0197505 0.0904952 -0.00116509 0.0643889 0.00583205 0.0296483 -0.00256965 0.0485093 0.00090249 -0.00292591 0.00806806,800,0,cuda,2.14,5.33
test,3358,Sphynx_76,Sphynx,cat,correct,Sphynx,partition,33,0.999583,24,0.50859,0.882469,0.373879,0.2545,0.929462,0.0,,,,0.0285233 0.370102 0.0171461 0.0115975 0.0575871 0.0112356 0.0251767 0.0120318 0.0218237 0.00368474 0.101972 0.00776581 0.023392 0.0127941 0.0542619 0.0100915 0.0710485 0.0427213 0.0151766 0.0274108 0.0246545 0.00638821 0.00554652 0.00477132,800,0,cuda,2.44,5.33
test,1461,german_shorthaired_81,german_shorthaired,dog,correct,german_shorthaired,kernel,14,0.999951,36,0.825355,0.87789,0.052535,0.367085,0.714861,0.0,,,,0.0816262 0.0302798 0.0876259 0.107349 0.0666194 0.0581562 0.0413046 -0.0160339 0.0457121 0.0428833 0.0556688 0.0335951 0.026744 -0.0278973 0.000493006 -0.0251996 0.0876542 0.0717156 0.0335309 0.0124459 0.0336486 0.0239503 -0.0422898 0.0581487 0.0599574 0.0209214 0.00235847 0.00472407 0.0372475 0.0472059 -0.0830233 -0.00898422 0.0156257 -0.0247568 0.00633605 0.00468651,800,0,cuda,2.5,6.03
test,1461,german_shorthaired_81,german_shorthaired,dog,correct,german_shorthaired,partition,14,0.999951,36,0.825355,0.983951,0.158596,0.463729,0.601583,0.0,,,,0.0319129 0.00831167 0.0407472 0.026963 0.00914676 0.0288194 0.0930375 0.00594549 0.0908146 0.0476767 0.0613169 0.010087 0.023676 0.014041 0.0353166 0.00342193 0.045672 0.0343537 0.0383472 0.00603417 0.116613 0.0197439 0.0265718 0.0218935 0.0200543 0.0369623 0.032725 0.00597846 0.00607618 0.00617737 0.00202677 0.00647718 0.0103084 0.00528393 -0.0020527 -0.000451629,800,0,cuda,2.65,6.03
test,1971,leonberger_91,leonberger,dog,wrong,newfoundland,kernel,22,0.564968,32,0.659359,0.646086,-0.013273,0.019246,0.662837,0.0,,,,0.0499375 0.0648039 -0.0183309 -0.0405802 -0.0327876 -0.00218549 -0.0585675 -9.189e-05 -0.00084712 0.0445697 0.0460869 0.121841 0.0373572 0.0993387 0.031363 0.0283136 -0.0108161 0.0298278 0.0278629 0.20553 -0.00559319 0.064074 0.0220473 -0.0415837 0.0405906 0.0343935 -0.081126 -0.0559119 -0.0689882 0.012771 0.0445635 -0.0286741,800,0,cuda,2.06,5.22
test,1971,leonberger_91,leonberger,dog,wrong,newfoundland,partition,22,0.564968,32,0.659359,0.499735,-0.159624,0.029529,0.573469,0.0,,,,0.0206445 0.0654146 -0.00122501 0.00636832 0.0457245 -0.00328854 0.0650651 0.0177993 0.0730616 0.021583 0.0935901 0.0621129 0.0431959 0.113626 0.0164629 -0.00326002 0.00256491 -0.00157967 -0.000565336 0.149195 -0.0141841 0.000843388 0.00426734 -0.045956 -0.0103339 -0.0319834 -0.0547221 -0.0295774 -0.0330674 0.00430068 -0.00230254 -0.0145864,800,0,cuda,2.3,5.22
test,365,basset_hound_70,basset_hound,dog,correct,basset_hound,kernel,3,0.998466,45,0.607801,0.61969,0.011889,0.222579,0.621489,0.0,,,,-0.0156035 0.00747056 0.0732165 -0.00201805 0.0121908 0.00283425 0.0454479 0.0256851 0.0732012 -0.0100396 -0.00192977 0.0517456 0.0229012 0.0096797 0.0137845 0.0110445 0.0578421 0.0766385 0.0289414 0.0470537 0.0437085 0.00503481 -0.00913833 0.0391334 -0.00953361 -0.00452674 0.0111343 0.0208322 0.0531988 -0.00634935 0.0153758 0.01057 0.0644287 0.0181308 0.0251453 0.00655236 0.0226392 -0.0155504 0.0134697 0.0393274 -0.00256704 0.0586177 0.0164161 0.00877305 0.0190568,800,0,cuda,1.98,5.68
test,365,basset_hound_70,basset_hound,dog,correct,basset_hound,partition,3,0.998466,45,0.607801,0.629547,0.021746,0.240533,0.547407,0.0,,,,0.00265195 0.00897312 0.0325212 0.0130775 0.00811462 0.00487106 0.0245189 0.0336737 0.0960564 0.0155354 0.0114396 0.0377688 0.0150034 0.00787417 0.0176079 0.00882185 0.0525448 0.112667 0.029768 0.0778968 0.0427185 0.00687038 0.0148063 0.0450357 0.00870763 -0.00152291 0.00587885 0.00765915 0.0229978 -0.00146082 0.00724201 0.00776972 0.0312953 0.000446486 0.0155434 0.0158539 0.0296796 0.00177089 0.00265154 0.0143628 0.027578 0.045214 0.00148717 0.00777651 0.00221822,800,0,cuda,2.58,5.68
test,2296,Persian_262,Persian,cat,correct,Persian,kernel,23,0.845141,30,0.487604,0.775079,0.287476,0.041693,0.792976,0.0,,,,0.000333273 -0.00537445 0.0163597 0.0121683 -0.00648945 0.0151316 0.00583035 0.00964296 -0.0345889 0.0202554 0.235495 -0.00428593 0.097217 -0.00482631 0.00927984 0.245291 -0.00962276 0.0057727 0.0013697 0.261145 0.0124332 -0.00906414 -0.0251322 -0.0127013 -0.0205474 0.016475 -0.00749039 -0.00545354 0.00620458 0.00154924,800,0,cuda,1.95,5.04
test,2296,Persian_262,Persian,cat,correct,Persian,partition,23,0.845141,30,0.487604,0.990641,0.503038,0.040053,0.735408,0.0,,,,0.000471577 -0.000190138 0.00866742 -0.000291435 -0.00307388 0.00949333 -0.00338834 0.000790345 0.000366194 0.00230451 0.224802 -0.00235046 0.00749847 0.00393175 0.00598868 0.161761 0.00485091 -0.00504842 0.0448986 0.339395 -0.00481568 0.0329364 -0.00962076 -0.00358698 0.0312759 -0.0159886 -0.00539016 -0.00815013 -0.000737516 0.00957837,800,0,cuda,2.31,5.04
test,736,Bombay_50,Bombay,cat,correct,Bombay,kernel,7,0.843636,34,0.851383,0.99225,0.140867,0.101915,0.481672,0.0,,,,0.0350308 0.00837407 0.0179557 0.0164635 0.0127847 0.0222864 0.0325573 0.0687172 0.0288465 0.0334889 0.00113975 0.0823014 0.0631958 0.17647 0.035642 0.040984 -0.00171879 0.0749416 0.00605505 0.044242 0.0250359 0.00889722 -0.00983724 0.00934676 -0.000929215 -0.0112455 0.00397879 -0.0178659 0.0470268 0.00821758 -0.00623372 -0.0122703 -0.0191307 -0.00837397,800,0,cuda,2.21,5.5
test,736,Bombay_50,Bombay,cat,correct,Bombay,partition,7,0.843636,34,0.851383,0.992803,0.14142,0.196306,0.474702,0.0,,,,0.0130423 0.00787458 0.024342 0.0128238 0.0339453 0.0246019 0.0260447 0.0603495 0.0350744 0.0255429 -0.00560596 0.0308945 0.042365 0.0505641 0.0149599 0.070985 0.00342317 0.0286749 0.0436456 0.0369726 0.00977217 0.0123918 0.0275776 0.0494295 0.0168141 0.00922139 0.0230951 0.00344862 0.0405109 -0.000554759 0.00542367 0.0391572 6.41064e-05 -0.000497111,800,0,cuda,2.35,5.5
test,26,Abyssinian_25,Abyssinian,cat,correct,Abyssinian,kernel,0,0.997398,37,0.347796,0.835974,0.488178,0.106128,0.847598,0.0,,,,0.0289666 0.0395779 0.0012878 0.00383629 -0.000716426 0.0368844 0.0913238 -0.00489389 0.0184083 -0.00227104 -0.00117988 0.0231741 0.264594 0.0047648 -0.0168915 0.0929916 0.259147 0.039382 0.0325213 -0.00626243 0.0318115 0.00213912 0.0190668 0.0298063 -0.0217923 -0.0410566 -0.0141875 0.00240472 0.012018 0.0340305 0.0089609 -0.0219609 0.0354395 -0.0317622 0.0108565 0.0253847 -0.0118705,800,0,cuda,2.09,5.54
test,26,Abyssinian_25,Abyssinian,cat,correct,Abyssinian,partition,0,0.997398,37,0.347796,0.835974,0.488178,0.147317,0.844004,0.0,,,,0.0436198 0.0647099 0.00631561 0.0274444 0.0171101 0.00448951 0.0541868 0.0265171 0.00118054 0.00439315 0.00563218 0.0172579 0.198136 0.0177112 0.00409708 0.0522038 0.269542 0.0184973 0.0248871 0.0253575 0.0197469 0.0165346 0.00861782 0.00120659 0.000359841 0.000981804 0.0024356 0.0188949 0.00208486 0.0148892 0.000222616 0.0019199 0.000478491 0.00036875 0.00075207 0.000709309 0.000440621,800,0,cuda,2.48,5.54
test,2884,samoyed_195,samoyed,dog,correct,samoyed,kernel,29,0.996129,31,0.618762,0.96416,0.345398,0.09537,0.687268,0.0,,,,-0.0183322 0.00918918 -0.0172452 -0.0236156 0.00925223 0.0233409 0.00288925 0.130506 0.0240491 0.0232157 0.104654 -0.0111675 0.153992 0.177932 0.0193537 0.00450848 0.157523 0.0360962 0.017663 0.0237567 0.0215988 -0.000923673 -0.0201175 0.049056 -0.000186644 0.0650708 0.00714318 -0.00797185 0.00457378 0.0294407 -0.0198505,800,0,cuda,2.13,5.32
test,2884,samoyed_195,samoyed,dog,correct,samoyed,partition,29,0.996129,31,0.618762,0.908665,0.289903,0.165465,0.79662,0.0,,,,-0.0350477 -0.012091 -0.00255511 0.000272497 -0.00643222 0.0515747 -0.00141364 0.280788 0.0487601 0.0219793 0.0993637 0.00552523 0.227903 0.22157 0.0327422 0.000655123 0.00481044 0.000867768 0.00118515 0.00227178 0.00192523 0.00123069 0.0025719 0.00325268 0.00182574 0.0145403 0.000960115 0.00145194 0.00240315 0.0019612 0.000540164,800,0,cuda,2.34,5.32
test,1441,german_shorthaired_63,german_shorthaired,dog,correct,german_shorthaired,kernel,14,0.947948,37,0.112544,0.325442,0.212898,0.052541,0.851557,0.0,,,,-0.00552308 0.120719 -0.00493836 -0.0127465 -0.0115019 0.017243 -0.00982751 -0.0053061 0.0102141 -0.0173999 0.333498 -0.0176391 -0.00924184 0.00813513 -0.0106052 0.000585572 0.00693952 0.296565 0.0216661 0.00215475 0.00265887 -0.000259822 0.0104318 0.0222114 0.0211767 -0.0119867 0.00183312 0.010078 0.00899576 0.018653 0.0157019 0.00781193 -0.00438406 0.0247382 0.0389458 0.0392437 -0.000813004,800,0,cuda,1.95,5.36
test,1441,german_shorthaired_63,german_shorthaired,dog,correct,german_shorthaired,partition,14,0.947948,37,0.112544,0.337946,0.225403,0.119153,0.743991,0.0,,,,-0.0133119 0.236506 -0.00662483 -0.00314728 -0.00152949 -0.00267217 -0.00472936 0.00527976 0.00681132 -0.00460331 0.141356 0.0608779 0.0184592 0.00147463 -0.00104497 -0.0106529 0.00297516 0.365895 0.0274121 0.00507832 -0.00387454 0.00886092 0.00643841 -0.00077753 0.0142946 0.00123552 0.00357621 5.6109e-05 0.000947524 0.00777752 0.00282594 0.00481858 0.00711559 0.0191844 0.00465742 0.0158744 0.00120675,800,0,cuda,2.35,5.36
test,3488,wheaten_terrier_27,wheaten_terrier,dog,correct,wheaten_terrier,kernel,35,0.996749,37,0.596022,0.975079,0.379057,0.316673,0.869775,0.0,,,,0.0143617 -0.0054296 -0.00370527 -0.00109652 -0.0186522 0.154029 -0.0172136 -0.0077579 0.0406347 0.0355126 0.0113669 0.0236631 0.0133194 -0.0232096 0.0329805 -0.000247137 0.0649342 0.161172 -0.0167053 -0.0289956 0.00114729 0.138983 -0.00996161 0.143241 0.00595874 0.12411 0.0489815 0.00728656 0.0109079 -0.0121376 0.0562938 0.00471729 0.0231253 0.00844014 0.00506358 -0.0139345 0.00462944,800,0,cuda,2.56,6.25
test,3488,wheaten_terrier_27,wheaten_terrier,dog,correct,wheaten_terrier,partition,35,0.996749,37,0.596022,0.966598,0.370576,0.457563,0.893357,0.0,,,,0.00228399 0.00636989 0.013881 -0.000571732 -0.000195442 0.154313 0.00685838 0.0284177 0.0178589 0.030138 -0.0020846 0.0748481 0.0260914 -0.000222065 0.0150657 0.0024052 0.0587087 0.0336931 5.94951e-05 0.0148448 0.0163402 0.0550378 0.0286174 0.00856076 0.0208256 0.0702659 0.134363 0.00976868 0.0329637 0.0249136 0.0405713 0.0106678 0.00616189 0.00844554 0.011598 0.00404725 0.00990041,800,0,cuda,2.67,6.25
test,680,Birman_84,Birman,cat,correct,Birman,kernel,6,0.543808,22,0.563596,0.681151,0.117555,0.390474,0.849718,0.0,,,,-0.0965899 0.015623 0.155819 0.159672 0.00217232 0.110456 0.0444703 0.0149267 0.0938755 -0.0164487 -0.0182846 -0.0600321 0.00733184 0.0101755 -0.0250873 0.0512732 0.0192081 0.0348912 0.00586892 0.00866593 -0.0122621 0.0065778,800,0,cuda,2.35,5.5
test,680,Birman_84,Birman,cat,correct,Birman,partition,6,0.543808,22,0.563596,0.33942,-0.224176,0.44818,0.851092,0.0,,,,-0.0132004 0.0110303 0.144062 0.139003 0.0189527 0.219996 0.05209 0.0496294 0.0255685 -0.00236698 -0.00663457 -0.022822 -0.0289747 -0.00715819 -0.0111996 -0.0136402 -0.034845 0.0044831 -0.00342808 -0.000242784 -0.0094903 0.00149009,800,0,cuda,2.42,5.5
test,3514,wheaten_terrier_50,wheaten_terrier,dog,correct,wheaten_terrier,kernel,35,0.999816,34,0.285794,0.817458,0.531664,0.136015,0.953746,0.0,,,,-0.00331039 0.0180378 -0.00259134 -0.00681525 0.00492334 -0.00268177 0.0105566 0.013852 -0.0215065 0.0008662 0.00456404 0.283973 0.00747324 0.0136486 0.0569352 0.00717512 0.0805588 0.0827682 -0.0116543 -0.00594502 0.009503 0.139986 0.00472776 -0.0186291 0.0116609 -0.00606691 0.319669 0.00821376 -0.00283072 -0.0299783 0.0314712 -0.00784978 -0.0117897 -3.64281e-05,800,0,cuda,2.53,5.99
test,3514,wheaten_terrier_50,wheaten_terrier,dog,correct,wheaten_terrier,partition,35,0.999816,34,0.285794,0.974725,0.688931,0.150297,0.95442,0.0,,,,0.000338887 -0.00101228 0.00105374 0.0115289 -0.001669 0.00786413 -0.000444367 0.0462338 -0.000705571 0.00408481 0.051335 0.191575 0.00743543 0.0277107 0.0621035 0.0140125 0.0681706 0.0584207 0.00775041 0.0140036 -0.000809159 0.136538 0.0173495 0.00282375 0.00704853 0.00492574 0.196055 0.00593567 0.00220361 0.000312698 0.00837241 0.00440564 0.00463641 0.0192915,800,0,cuda,2.55,5.99
test,1250,english_cocker_spaniel_71,english_cocker_spaniel,dog,correct,english_cocker_spaniel,kernel,12,0.999651,36,0.790199,0.989686,0.199488,0.260119,0.606063,0.0,,,,0.0165537 0.0251638 0.0277848 0.0286448 0.131444 0.0286123 0.100486 -0.00111012 0.0730122 0.0269452 0.0371957 0.157562 0.0522302 -0.0146173 0.0543371 0.00425923 0.0212756 0.0675625 -0.000330201 0.00913074 0.00041043 0.0109371 -0.0277492 0.0476831 0.0512465 0.0295758 -0.00792168 0.01628 0.00195841 0.052548 -0.0109415 0.00426032 -0.0243495 0.00210015 -0.00645672 -0.00272494,800,0,cuda,2.18,5.73
test,1250,english_cocker_spaniel_71,english_cocker_spaniel,dog,correct,english_cocker_spaniel,partition,12,0.999651,36,0.790199,0.989467,0.199268,0.268199,0.619614,0.0,,,,0.0162445 0.0100184 0.0380193 0.0199744 0.0771696 0.00889752 0.067113 0.0174602 0.0808984 0.0215017 0.0121851 0.123456 0.0615062 0.0148884 0.107156 0.0143385 0.0347306 0.0622545 0.010369 0.0119547 0.0175295 0.0208805 0.0140466 -0.00604969 0.0511127 0.00738982 0.000361568 0.0140067 0.00612186 0.0054215 -0.00409354 0.00828846 -0.000645463 0.0127804 0.0112805 0.0144309,800,0,cuda,2.72,5.73
test,3,Abyssinian_205,Abyssinian,cat,wrong,miniature_pinscher,kernel,21,0.444762,39,0.395867,0.970225,0.574358,0.026868,0.063635,0.0,,,,0.00784176 0.00407017 -0.00611924 0.00734711 0.00154574 -0.0100435 0.0280968 0.0383559 0.00489322 0.0196643 0.000354293 0.00950789 0.00810815 -0.00715171 -0.00540618 -0.0159038 0.0304219 0.0215099 0.0237435 0.0259785 0.0184246 -0.00462578 0.0174559 0.000382201 0.0237023 -0.00254534 0.0150992 -0.0118827 0.0306394 0.0147965 0.0380485 0.018035 0.0229921 0.00247255 0.0254622 -0.00498806 0.001403 0.0132572 0.023268,800,0,cuda,2.06,5.22
test,3,Abyssinian_205,Abyssinian,cat,wrong,miniature_pinscher,partition,21,0.444762,39,0.395867,0.278942,-0.116925,0.037134,0.0894,0.0,,,,0.0112001 0.00649706 0.0263411 -0.00197159 -0.00533296 0.000181113 0.00236806 0.016579 -0.000983567 0.00987399 0.0019869 0.00403529 0.0162402 0.00953139 0.00237666 0.00342448 0.0437781 0.0131561 0.0380736 0.0116777 0.0103338 0.0227847 0.00902222 0.00619672 0.0273085 0.00790034 0.00966857 0.0176198 0.00865202 0.0111924 0.00708544 0.0420699 0.00404575 0.00410023 0.00244008 0.00533917 0.0133912 0.00380603 0.00622173,800,0,cuda,2.26,5.22
test,2182,newfoundland_192,newfoundland,dog,correct,newfoundland,kernel,22,0.999306,29,0.70458,0.788861,0.084281,0.161378,0.715449,0.0,,,,0.0564926 0.0235071 0.023751 0.035562 0.142338 -0.00388538 0.284746 0.0582666 0.0635851 0.0462945 0.0769328 0.0762462 0.0241414 -0.00294834 -0.000421952 0.0200759 -0.00541691 0.0178168 0.0203878 -0.0105498 0.0120471 -0.00200766 -0.00484268 0.0122673 -0.0159445 0.012693 0.0313115 0.00267973 -0.00159941,800,0,cuda,2.15,5.43
test,2182,newfoundland_192,newfoundland,dog,correct,newfoundland,partition,22,0.999306,29,0.70458,0.683138,-0.021442,0.173218,0.699506,0.0,,,,0.00443886 0.00619125 0.0222329 0.0423577 0.209376 0.00686873 0.394752 0.0390606 0.0583215 0.00234694 0.0354175 0.0978582 0.000520376 -0.00252274 0.00193048 0.00334677 0.0018784 0.00283454 0.020368 0.00331882 0.0184297 0.0075179 0.00072288 0.00535061 0.00128184 0.00185683 0.00259852 0.00253769 0.00233349,800,0,cuda,2.46,5.43
test,837,boxer_56,boxer,dog,correct,boxer,kernel,8,0.856292,44,0.232362,0.681247,0.448885,0.047865,0.422441,0.0,,,,0.0107784 0.0555393 0.141413 0.0367095 -0.0112861 -0.0170897 0.0110062 0.0650383 0.0276663 -0.00770407 -0.00152571 0.0800259 -0.0154154 0.0231126 -0.00539753 0.000146173 0.0180446 0.0109409 0.0311255 0.0202873 0.00630364 0.0423029 0.072199 0.026935 -0.0117875 -0.00304948 0.0192771 -0.00272284 -0.0178031 0.0192115 -0.0109899 -0.0122407 -0.014377 0.0355367 -0.0294153 0.0316881 0.033295 0.033739 0.0312601 0.058091 0.0156078 -0.00503171 0.0312163 0.0233608,800,0,cuda,2.46,5.92
test,837,boxer_56,boxer,dog,correct,boxer,partition,8,0.856292,44,0.232362,0.597154,0.364792,0.049095,0.338121,0.0,,,,0.00244709 0.023619 0.0714811 0.0256278 0.00276638 0.0126332 0.00248616 0.0371848 0.00249463 0.0317595 0.00150761 0.148689 0.0117416 0.0386013 0.00366146 0.00532023 0.0115599 0.00253477 0.012952 0.0187607 0.000700727 0.0626016 0.0471117 0.000845097 0.0130419 0.00251875 0.00710614 0.00123289 0.00550483 0.0332084 0.00448717 0.00248764 0.010108 0.0296137 0.00160456 0.000889813 0.00509014 0.0367533 0.0324845 0.0205869 0.00118721 0.0026166 0.001475 0.0549374,800,0,cuda,2.43,5.92
test,2403,pomeranian_2,pomeranian,dog,correct,pomeranian,kernel,24,0.995213,40,0.545121,0.960526,0.415405,0.036479,0.754143,0.0,,,,-0.00488349 0.00883916 -0.0231753 0.0039773 -0.0272875 -0.0187502 -0.0295322 0.00736245 -0.0267125 0.022809 0.0156309 -0.000593762 0.00687357 0.103155 0.0467247 0.249287 -0.00353362 0.0460855 0.00466952 0.0280909 0.109332 0.222187 -0.0101491 0.101027 0.050317 0.0306352 -0.0299947 0.0237326 0.00307198 0.00510873 -0.00927127 0.0112167 0.00458372 0.0112518 0.0143277 0.000187658 0.049536 -0.0127517 -0.00144523 0.00549568,800,0,cuda,2.27,5.7
test,2403,pomeranian_2,pomeranian,dog,correct,pomeranian,partition,24,0.995213,40,0.545121,0.913271,0.36815,0.037078,0.752977,0.0,,,,-0.00173207 -0.00171195 -0.00141325 -0.00486778 -0.00247439 0.0107273 0.00259471 -0.00515249 -0.00739752 0.00750051 -0.00324362 -0.000120766 0.0103552 0.0620168 0.0288976 0.325882 0.00635506 0.0301944 -0.000567698 0.000587907 0.0610106 0.157605 -0.000868332 0.0553754 0.135868 0.0269025 -0.000245043 0.0187935 0.000687043 0.00832181 0.023071 0.000107633 0.000119341 0.00516797 0.00718529 0.00476752 0.00121086 0.0142397 0.00238085 0.00930447,800,0,cuda,2.44,5.7
test,292,american_pit_bull_terrier_95,american_pit_bull_terrier,dog,correct,american_pit_bull_terrier,kernel,2,0.496897,32,0.603675,0.988214,0.384539,0.01282,0.733317,0.0,,,,-0.0163304 0.0044095 -0.0043034 -0.00845028 -0.0220462 -0.0123843 -0.0460047 -0.0194484 0.0224403 0.000608628 -0.0369681 0.0622831 0.10155 0.0238245 -0.00973914 0.0115051 0.115386 0.0697095 0.0790267 -0.0185028 -0.0062571 0.12582 0.0563923 0.0218836 0.0247509 0.0119011 0.0781679 -0.0517673 0.00247965 -0.00494384 -0.048116 -0.0182978,800,0,cuda,2.24,5.44
test,292,american_pit_bull_terrier_95,american_pit_bull_terrier,dog,correct,american_pit_bull_terrier,partition,2,0.496897,32,0.603675,0.976479,0.372804,0.029872,0.660916,0.0,,,,-0.0178424 0.00148299 -0.0037151 -0.00222742 0.0100179 0.0033853 0.000627195 0.0227574 0.0030186 0.00354769 0.00888483 0.0424027 0.0348822 0.000980266 0.00526811 -0.00504816 0.0564697 0.0672251 0.0168481 0.00115124 -0.00447947 0.0577226 0.0312074 0.0277458 0.0514589 0.0483122 0.0310009 -0.00729073 0.0229725 0.0123756 -0.00244624 -0.0301162,800,0,cuda,2.33,5.44
test,698,Bombay_200,Bombay,cat,correct,Bombay,kernel,7,0.761888,39,0.429608,0.997118,0.56751,0.020239,0.569557,0.0,,,,0.0250551 -0.0119576 -0.0115031 -0.0201256 0.0121578 -0.0119491 0.00411921 0.0253775 0.0173519 0.00861978 0.12193 0.00601048 0.0235266 0.105941 -0.0207513 0.0392494 0.0412877 0.18528 -0.00688309 0.034101 0.0946701 0.0448994 -0.0110743 0.0645159 -0.00050989 -0.0117378 -0.0204219 -0.00405546 -0.0118861 0.00652064 0.0237899 -0.00155414 -0.00601488 0.00888092 -0.00296186 -0.00306386 -0.0138605 0.00819889 0.00345339,800,0,cuda,2.13,5.44
test,698,Bombay_200,Bombay,cat,correct,Bombay,partition,7,0.761888,39,0.429608,0.99013,0.560522,0.023001,0.412127,0.0,,,,0.0219297 0.0100476 0.00292825 0.022222 0.0130394 0.0099789 0.0096576 0.049595 0.00915211 0.000641411 0.0579277 0.000948619 0.0321458 0.0873157 0.00770879 0.124814 0.00214918 0.141225 0.0131815 0.00820881 0.121785 0.00630558 -0.00471419 0.00350642 -0.0150695 0.00106499 -0.0323622 -0.00130724 -0.00249127 0.0022471 -0.00847956 0.00257495 0.00372279 0.00414612 0.0080986 0.00218235 0.00421405 0.00995468 0.00443084,800,0,cuda,2.27,5.44
test,1048,chihuahua_67,chihuahua,dog,correct,chihuahua,kernel,10,0.999931,31,0.283861,0.834459,0.550598,0.033428,0.874777,0.0,,,,0.0105746 -0.000240685 -0.00811779 -0.00450013 -0.0170626 0.0152269 0.0188411 0.016679 0.0736892 -0.0208436 -0.0081997 0.0951993 0.00430197 0.37998 0.0169491 0.00695477 0.00959239 0.0392086 0.0077983 0.276607 0.0023267 0.00215707 -0.0110658 0.0332939 -0.00292002 -0.00268246 0.0180076 -0.00228771 0.0218082 0.00137582 0.0191086,800,0,cuda,2.56,5.81
test,1048,chihuahua_67,chihuahua,dog,correct,chihuahua,partition,10,0.999931,31,0.283861,0.824052,0.540191,0.043835,0.902383,0.0,,,,0.00438296 -0.00121077 -0.000552979 0.012998 -0.000209433 0.0577923 -0.0015243 0.0220518 0.124416 -0.000102065 0.02326 0.1814 0.00437817 0.365975 0.0383351 -0.000893349 0.0194402 0.0173418 0.0188139 0.0973712 6.50913e-05 0.00158745 0.000931597 0.00166644 0.000143506 0.000725471 0.0015321 0.000287255 0.000184723 0.00098693 0.000184042,800,0,cuda,2.38,5.81
test,3386,staffordshire_bull_terrier_24,staffordshire_bull_terrier,dog,wrong,american_pit_bull_terrier,kernel,2,0.614604,43,0.61645,0.660248,0.043798,0.146553,0.805879,0.0,,,,-0.0137608 0.00508907 0.0487126 0.0061704 -0.0273877 0.0062791 0.00677745 0.0220807 0.075706 0.173667 0.133762 -0.0617678 0.00836036 -0.0389137 0.103491 0.100381 -0.0415978 -0.00746479 -0.00151139 -0.0103499 0.042364 -0.0395764 -0.0255866 -0.0221197 0.0183164 0.040431 -0.0104227 0.0446496 0.00959219 -0.00308917 0.0342378 0.0119317 0.0144924 0.0302144 -0.0252944 -0.014377 -0.032117 0.0239371 0.00785535 0.0510382 -0.0213262 -0.0286274 0.0120395,800,0,cuda,2.82,6.18
test,3386,staffordshire_bull_terrier_24,staffordshire_bull_terrier,dog,wrong,american_pit_bull_terrier,partition,2,0.614604,43,0.61645,0.717817,0.101367,0.135841,0.808887,0.0,,,,0.0299344 0.00641288 0.0230298 0.0233893 0.00134427 0.00532673 0.00114067 -0.0031153 0.0157494 0.169911 0.110776 -0.00294177 0.000851436 -0.0017451 0.215161 0.119444 -0.011463 0.000825874 -0.0374687 0.00424772 0.0766323 -0.0193015 -0.00478804 -0.0024294 -0.00223956 0.00850514 -0.0334977 0.0133267 -0.000264697 -0.0185546 -0.00107572 0.0100632 -0.00927874 0.000829996 0.000160172 -0.00420139 -0.0071404 -0.00462787 -0.0043967 -0.00931483 -0.012351 -0.0375715 -0.00300786,800,0,cuda,2.3,6.18
test,2417,pomeranian_42,pomeranian,dog,correct,pomeranian,kernel,24,0.873768,39,0.352758,0.817024,0.464266,0.019611,0.593342,0.0,,,,-0.00115458 0.00987597 -0.000998693 0.0102543 -0.00307472 -0.0217848 0.00936926 0.00634284 -0.00440515 0.0521765 -0.00633151 -0.0231264 -0.00972264 0.00736827 -0.016458 -0.00956818 0.020366 0.177318 0.265362 0.117541 0.00966099 0.00778278 -0.0316233 0.00341816 0.00220361 -0.00498268 0.0149553 -0.00771678 -0.00662097 0.00172689 0.0237983 0.226068 0.00374042 0.00325754 0.0260097 0.0272367 -0.0122823 -4.3773e-05 5.2085e-05,800,0,cuda,2.66,5.81
test,2417,pomeranian_42,pomeranian,dog,correct,pomeranian,partition,24,0.873768,39,0.352758,0.982129,0.629371,0.020109,0.613934,0.0,,,,0.000471548 -0.000248483 0.00181657 0.0136059 2.65873e-05 0.000100499 0.00427892 0.00281726 0.000792119 0.00749717 0.000497741 0.00153204 0.00157283 0.0426953 0.00125373 0.00172576 0.00195407 0.0991085 0.304698 0.0856171 0.00193978 -0.0060418 0.00503277 0.0197499 0.000801222 0.000968899 0.000262589 0.00114253 0.0094922 0.00270872 0.00404556 0.209404 0.00153424 0.000984035 0.0178851 0.00636686 0.0036241 0.00571889 0.00855647,800,0,cuda,2.19,5.81
test,3577,yorkshire_terrier_199,yorkshire_terrier,dog,correct,yorkshire_terrier,kernel,36,0.589503,52,0.35804,0.863854,0.505814,0.03523,0.62891,0.0,,,,0.00375144 -0.0190381 0.0193123 -0.0124574 0.00563878 -0.03352 0.028119 -0.00925607 -0.016584 -0.0190649 0.00943546 0.00762891 0.0211863 0.00705895 -0.0048735 0.0183792 0.0312946 0.0110892 0.0333706 0.0921198 0.0202456 0.0306728 0.00848451 0.0437725 0.048594 0.0248019 0.129135 -0.014249 0.0373611 0.0222934 -0.00819147 0.0206136 -0.0144713 -0.0148021 0.102942 -0.0327922 0.0165435 -0.0182758 0.0090789 0.00760921 0.000511339 -0.0227843 0.00239291 -0.00859637 -0.0123479 -0.00661411 -0.00423756 0.00107026 0.0119234 0.00135144 -0.0133009 0.0170051,800,0,cuda,2.91,6.58
test,3577,yorkshire_terrier_199,yorkshire_terrier,dog,correct,yorkshire_terrier,partition,36,0.589503,52,0.35804,0.867835,0.509796,0.050809,0.51491,0.0,,,,-8.69519e-05 -0.00205516 -0.00133191 -0.000562866 -0.003923 -0.00678186 -0.0104249 -0.00941734 -0.00237774 -0.00682929 -0.00187747 -0.00127215 -0.00735938 -0.00238261 -0.000693039 -8.83732e-05 0.00442947 -0.0139632 0.102256 0.0392232 -0.000149439 0.0246197 -0.0092653 0.00905084 0.135803 -0.00612804 0.276233 0.0457317 -0.0136685 5.24173e-05 -0.0109589 -0.00344172 0.00419039 0.000121851 0.0696011 -0.00373941 0.000358034 0.00321844 0.00122648 -0.00257815 0.00194853 -0.0106179 -0.00761044 -0.00109599 -0.00417144 -0.000183392 9.88595e-05 -0.006064 -0.000580896 -0.00318544 -0.000278819 -0.00368801,800,0,cuda,2.5,6.58
test,1667,havanese_87,havanese,dog,correct,havanese,kernel,16,0.999339,35,0.507514,0.615955,0.108442,0.040725,0.777835,0.0,,,,0.0087534 0.0204173 0.0162132 0.246735 0.0344851 -0.0120539 0.00445577 0.100419 0.0141905 0.0490143 0.25869 0.00139381 0.111588 0.0381964 -0.0234876 0.0194269 0.0410474 -0.0170782 0.0254104 -0.0290712 -0.0372184 0.0163132 -0.00175817 -0.0094849 0.0052061 0.00690614 -0.0199749 -0.00293329 0.0350338 0.0108604 0.0100851 0.015611 0.0246833 0.0363875 -0.0241241,800,0,cuda,2.57,5.85
test,1667,havanese_87,havanese,dog,correct,havanese,partition,16,0.999339,35,0.507514,0.633605,0.126092,0.091162,0.894525,0.0,,,,0.0033739 0.000608736 0.00113199 0.29555 0.0654292 0.000588169 0.00673348 0.161035 0.00499375 0.00746186 0.269662 0.000939484 0.00778746 0.0101752 0.0165711 0.0663022 0.0359233 0.00341642 0.000510377 0.00272104 0.000101412 0.00223071 -0.00010676 2.61305e-05 0.000642451 0.00175785 0.000389703 0.000783849 0.000928481 0.000753789 0.000107763 0.00201731 0.00218713 0.00149294 0.000111453,800,0,cuda,2.34,5.85
test,1963,leonberger_84,leonberger,dog,correct,leonberger,kernel,19,0.996095,29,0.561224,0.747205,0.185981,0.194746,0.773956,0.0,,,,0.0199351 0.0171104 0.0455234 -9.43156e-06 -0.000974385 0.000749596 0.683898 0.0195307 0.00411447 0.0105322 0.00877385 0.0255935 0.0355501 0.0104086 0.0116585 0.0272912 -0.000395105 0.00205112 -0.00460771 -0.011479 0.0243848 0.00458761 -0.00196625 0.0140446 -0.0096676 0.00154064 0.0145687 0.0221801 0.017731,800,0,cuda,2.31,5.31
test,1963,leonberger_84,leonberger,dog,correct,leonberger,partition,19,0.996095,29,0.561224,0.802336,0.241111,0.206366,0.572665,0.0,,,,0.0115987 0.0256811 0.0170092 0.0281071 0.0206885 0.0590978 0.501625 0.018244 0.0551568 0.0273032 0.0578202 0.0248264 0.013274 0.00548811 0.0503598 0.0120786 0.0106429 0.00676291 0.00221737 0.00111653 0.00766117 0.00948355 0.00268621 0.00543929 0.00241079 0.00196086 0.00354538 0.00484357 0.00552957,800,0,cuda,2.21,5.31
test,1249,english_cocker_spaniel_70,english_cocker_spaniel,dog,correct,english_cocker_spaniel,kernel,12,0.999529,36,0.547114,0.730157,0.183043,0.114361,0.812982,0.0,,,,0.00161442 0.074066 0.00794425 0.0121658 0.0655563 0.156476 0.00251412 0.000779298 0.278285 -0.0194631 0.0885007 0.0167445 0.0187025 0.0377743 0.0828289 -0.0432948 0.020806 0.0177414 0.03139 0.0068132 -0.00940487 0.00355104 -0.0122144 0.0600191 0.0530294 0.00155723 0.0344438 0.00935732 0.00558122 0.0386077 -0.021751 -0.0234137 0.000560404 -0.0250868 0.017673 -0.00757847,800,0,cuda,2.17,5.35
test,1249,english_cocker_spaniel_70,english_cocker_spaniel,dog,correct,english_cocker_spaniel,partition,12,0.999529,36,0.547114,0.982498,0.435384,0.144605,0.823435,0.0,,,,0.0222955 0.0378826 0.00959391 0.0021178 0.0301403 0.163552 0.0489731 0.00256146 0.299539 0.012399 0.0713393 0.0114721 0.00525525 0.103803 0.117953 0.0137766 0.0024692 0.028762 0.000281259 -9.86662e-05 9.19452e-05 0.000127657 0.000195162 -3.41597e-05 3.34642e-05 -0.000250414 -0.000114081 -0.000102159 -4.80199e-05 -0.000143547 -2.80251e-05 -0.000268771 -0.000321909 -0.000117843 -0.00011543 -9.51337e-05,800,0,cuda,2.25,5.35
test,2274,newfoundland_94,newfoundland,dog,correct,newfoundland,kernel,22,0.999657,32,0.461555,0.895665,0.434109,0.209411,0.664783,0.0,,,,0.0207753 0.00554969 0.00194022 0.00633306 0.0126793 0.0366859 0.0105586 0.0358296 -0.0151333 0.0252455 0.000394707 0.000492264 -0.000651041 0.0263031 0.016554 0.0903334 0.344579 0.0222828 0.00846606 0.0358116 -0.00793805 0.0939593 0.0275941 0.0222903 -0.00823603 0.125261 0.00988089 0.0105233 -0.0371543 0.0384755 0.011119 0.0230724,800,0,cuda,2.74,5.79
test,2274,newfoundland_94,newfoundland,dog,correct,newfoundland,partition,22,0.999657,32,0.461555,0.960268,0.498713,0.195096,0.668038,0.0,,,,0.00139519 0.0359857 0.00740039 0.0359145 0.0135872 0.00404208 0.00365017 0.046252 0.0169027 0.028387 0.0169156 0.00384297 0.00428616 0.022769 0.00112375 0.0568772 0.263402 0.00608819 -0.00431617 0.0404693 0.0158024 0.0503069 -0.0168232 0.0238506 0.0430356 0.173409 0.0112761 0.0545962 0.0132784 0.00363742 0.0121789 0.00435314,800,0,cuda,2.22,5.79
test,1298,english_setter_24,english_setter,dog,correct,english_setter,kernel,13,0.688201,42,0.420619,0.829612,0.408993,0.020572,0.653689,0.0,,,,0.00237556 0.017403 0.00716129 -0.00115877 0.00721184 0.0241242 0.0707342 -0.0122373 -0.00400619 -0.022272 0.0219715 -0.0198032 0.0221921 0.00577265 0.0981264 0.103177 -0.011689 0.079114 -0.0278889 0.0388956 0.0116666 -0.0621987 0.000834212 0.0545587 0.0573328 0.0314876 0.102568 -0.00150773 0.000538851 0.0757385 0.029067 0.0109471 0.00526572 0.0277346 -0.0304194 0.00852802 -0.00666007 0.00687189 -0.0233064 -0.0117777 -0.0121863 -0.00932495,800,0,cuda,2.26,5.39
test,1298,english_setter_24,english_setter,dog,correct,english_setter,partition,13,0.688201,42,0.420619,0.457749,0.03713,0.037712,0.609241,0.0,,,,0.000481947 -0.000996109 -0.00456843 0.00679968 0.033559 0.0789188 0.143464 0.0126865 0.00838076 0.0255592 -0.00516237 -0.0104217 -0.00308671 0.0210749 0.215648 0.0869957 -0.00271302 0.0863085 -0.00409608 -0.0017041 0.0215214 -0.0249587 0.00160608 0.00539479 -0.00011385 -0.00150898 0.0381806 -0.0166134 0.00242401 0.00744315 -0.00469094 0.00540492 -0.00593667 -0.00620475 -7.2082e-06 -0.00967977 -0.0071553 0.00805962 -0.0264637 -0.00625917 -0.00638261 0.0037743,800,0,cuda,2.17,5.39
test,1868,keeshond_89,keeshond,dog,correct,keeshond,kernel,18,0.998083,31,0.852539,1.0,0.147461,0.068061,0.548487,0.0,,,,0.0136244 -0.0110575 -0.00454523 0.00171776 -0.00906284 0.0141313 0.0394299 0.0733001 0.0321933 0.000437921 0.0323256 0.0172991 0.0141849 0.000351934 0.218461 0.142357 0.0416262 -0.00333848 0.0602739 -0.000399008 0.0346 0.0606637 0.0131217 0.0223322 0.0573601 0.0293246 0.0412638 -0.0109469 0.019568 0.0059307 0.0396907,800,0,cuda,2.42,5.47
test,1868,keeshond_89,keeshond,dog,correct,keeshond,partition,18,0.998083,31,0.852539,1.0,0.147461,0.100302,0.483671,0.0,,,,-0.00174758 -0.00768507 0.0011304 -0.00518335 -0.00389729 0.00854119 0.0158168 0.012697 0.00898406 -0.00168763 0.0161034 0.00874697 0.00525713 0.0133345 0.185753 0.086306 0.0319827 -0.00877012 0.0940195 0.00505295 0.110897 0.188062 0.00647 0.013132 0.0597044 0.0593334 0.0458879 1.27148e-05 0.0317416 0.00290409 0.00331979,800,0,cuda,2.26,5.47
test,2387,pomeranian_197,pomeranian,dog,correct,pomeranian,kernel,24,0.620516,30,0.721959,0.851478,0.129519,0.03817,0.13142,0.0,,,,-0.00933283 0.0121376 0.0380725 0.0247846 0.0533628 0.00889994 0.0499334 0.0213289 -0.0544466 0.0432656 0.00653567 0.00258331 0.0295619 -0.00851408 0.00246896 0.0309634 0.0629337 0.0340581 0.0157553 0.01343 0.0651102 0.0188653 0.0335549 0.0291543 0.00106672 0.0427652 0.0210828 0.0245706 -0.00640342 0.00518883,800,0,cuda,2.45,5.62
test,2387,pomeranian_197,pomeranian,dog,correct,pomeranian,partition,24,0.620516,30,0.721959,0.875351,0.153393,0.039589,0.139672,0.0,,,,0.00175774 0.00353071 0.00204156 0.00535379 0.0356257 0.00259308 0.0497037 0.00851984 0.00379362 0.0811457 0.054373 0.000880912 0.0461431 0.00468379 -0.00256054 0.0609936 0.0659847 0.00786105 -0.000774678 0.00287286 0.0633977 -0.000534345 0.012195 0.0360575 0.0109322 0.0104426 0.00892142 0.0332159 0.00296918 0.000617372,800,0,cuda,2.38,5.62
test,1443,german_shorthaired_65,german_shorthaired,dog,correct,german_shorthaired,kernel,14,0.998793,40,0.488481,0.98587,0.49739,0.17726,0.705995,0.0,,,,0.0132508 0.00273531 -0.0224981 -0.00256813 0.0266736 0.0360198 -0.00365662 0.0402261 0.00577934 0.05615 0.037915 0.0221413 -0.000406582 0.00644585 0.138831 0.0457918 0.079347 0.0635069 0.0217458 -0.0594445 -0.00874872 0.0812775 0.101315 0.0233417 0.026999 0.0213611 0.0135556 0.0162463 0.00242348 0.0265389 0.0844785 0.0211007 0.0197715 -0.0067633 -0.0211074 0.0034739 0.0042667 0.0332862 0.0380363 -0.0199671,800,0,cuda,2.23,5.57
test,1443,german_shorthaired_65,german_shorthaired,dog,correct,german_shorthaired,partition,14,0.998793,40,0.488481,0.98587,0.49739,0.166171,0.641197,0.0,,,,-0.00203953 -0.000877596 -0.000204087 0.00156934 0.0255912 -0.00367746 0.00346665 0.0335034 0.0180346 0.04134 0.033438 0.0100273 0.012941 -0.00354479 0.0688216 0.00941412 0.110961 0.0509785 0.0336579 0.0228898 0.0164974 0.0578582 0.0782135 0.0339086 0.0105248 0.00591803 0.00331526 0.00781181 0.0194801 0.00848542 0.0720624 0.0358952 0.0504191 0.0211147 0.00297144 0.0114974 0.0204251 0.0353516 0.00676061 0.00407011,800,0,cuda,2.4,5.57
test,2671,Ragdoll_91,Ragdoll,cat,wrong,Birman,kernel,6,0.875499,38,0.604851,0.992256,0.387405,0.294799,0.79856,0.0,,,,0.0373303 0.0262389 0.0454637 0.0161664 0.0282421 0.0367949 0.124672 -0.0150714 0.040809 0.0159518 0.0176016 0.0735193 0.0141327 0.0182752 0.0680702 0.0945317 -0.0131181 -0.00988606 0.010615 0.0154604 -0.0648629 0.0559216 0.0196164 0.0745759 0.0145895 -0.00835667 0.0224338 0.0295618 0.0771113 0.0397798 0.010957 -0.00474808 0.0026953 -0.0065424 -0.00902247 -0.00360577 -0.00871145 -0.0431971,800,0,cuda,2.11,5.5
test,2671,Ragdoll_91,Ragdoll,cat,wrong,Birman,partition,6,0.875499,38,0.604851,0.992951,0.3881,0.325656,0.774237,0.0,,,,0.0190232 0.016236 0.0259123 0.00734495 0.0223409 0.0134722 0.0757926 0.0190684 0.0241488 0.0168127 0.0305038 0.0417976 0.00553046 0.00879386 0.0643167 0.03918 0.0384313 0.0096748 0.0117322 0.0228142 0.0196698 0.0553184 0.0250228 0.0558236 0.0530239 0.0182312 0.0369366 0.0217249 0.0431878 0.0304631 0.000661163 -0.00138705 0.00555921 0.00486127 -0.0175007 0.00188645 0.00609669 -0.028512,800,0,cuda,2.42,5.5
test,603,Birman_197,Birman,cat,correct,Birman,kernel,6,0.534859,31,0.925323,0.997673,0.07235,0.240529,0.812202,0.0,,,,0.051833 0.0785978 -0.0624523 -0.0261089 0.0267182 0.0824602 0.0157648 0.0735838 0.0125699 0.130995 0.0085855 -0.0909625 0.0804372 -0.0092775 -0.0164641 0.0310573 0.00898218 0.0154508 -0.0471196 -0.00586826 0.0346747 -0.0164637 -0.00931258 0.0228751 0.00439839 0.00858824 0.0635399 0.0627165 -0.0200922 -0.0137738 0.00742139,800,0,cuda,2.48,5.53
test,603,Birman_197,Birman,cat,correct,Birman,partition,6,0.534859,31,0.925323,0.886624,-0.038699,0.275177,0.685235,0.0,,,,0.0305862 0.0425759 0.0427955 0.0306309 0.00478475 0.0276711 0.0333287 0.123229 0.0694055 0.139065 0.0311643 -0.0318238 0.0704868 0.00124931 0.000482316 0.0187055 -0.0137499 0.00302437 0.00780615 -0.00276166 -0.0315523 0.00672806 0.0148148 -0.0355109 -0.0460155 -0.00114194 -0.0125588 -0.00207971 -0.0120891 -0.000597621 -0.00529789,800,0,cuda,2.24,5.53
test,1289,english_setter_198,english_setter,dog,correct,english_setter,kernel,13,0.995342,41,0.682179,0.990745,0.308566,0.115194,0.757374,0.0,,,,-0.00836777 -0.0226244 0.00591693 -0.0168504 0.115601 0.277382 0.0118207 -0.0343262 0.112702 -0.0135837 0.0735125 0.0164281 0.0687783 -0.0092821 0.0910456 0.0646184 0.0194847 0.00716521 0.0398767 0.0562844 0.0309553 -0.0165738 0.00614588 -0.00966607 -0.00544466 0.0324231 0.0247348 -0.0380495 0.0607121 0.000383237 -0.00719929 -0.0143478 0.0207009 0.0195095 0.0198936 0.0211453 0.000764268 -0.00190218 -0.0299778 0.00708944 -0.00477491,800,0,cuda,2.27,5.37
test,1289,english_setter_198,english_setter,dog,correct,english_setter,partition,13,0.995342,41,0.682179,0.985844,0.303666,0.09106,0.723995,0.0,,,,0.0107399 -0.00717681 0.00316533 0.000534659 0.0782975 0.246975 0.00218398 0.00939389 0.0390099 0.0108433 0.0507624 0.0121451 0.0549403 0.0891439 0.152088 0.0632103 0.00139439 0.00387431 0.0445731 0.0296639 0.0178204 0.00527601 0.00220442 0.014495 0.00280758 0.00651479 0.00117964 0.00421932 0.0290573 -0.000401309 -0.0018354 -0.00322793 -0.00495971 0.000114347 0.00088266 0.000500464 0.000574388 0.00229165 -0.000760283 -0.000839019 0.000426006,800,0,cuda,2.12,5.37
test,2502,pug_28,pug,dog,correct,pug,kernel,25,0.998835,39,0.915916,0.899473,-0.016443,0.108715,0.466574,0.0,,,,0.0162987 0.0246427 0.0355076 0.0218258 0.0254922 0.0229823 0.017254 0.0312286 0.027204 0.0454167 0.00175707 -0.00507133 0.0312708 -0.00241315 0.0711494 0.048807 0.0360736 0.0220379 -0.00707499 0.0249684 0.0338508 0.0296656 0.0930722 0.00963836 0.0287303 0.0207579 0.0136698 -0.0234391 0.0210424 0.024263 0.120775 -0.0186316 0.00885658 0.00759258 0.0278093 0.0210734 -0.000841768 0.0615738 0.019439,800,0,cuda,2.34,5.6
test,2502,pug_28,pug,dog,correct,pug,partition,25,0.998835,39,0.915916,0.996332,0.080416,0.106044,0.433759,0.0,,,,-0.000314802 -0.00786607 -0.00057816 -0.00884076 -0.00675794 0.0473013 0.0266966 0.060526 -0.0111866 0.0113389 0.00963721 0.0114712 0.0302675 0.0360014 0.0764707 0.0830917 0.0867793 0.0720756 0.0218033 0.0101637 0.0626529 0.0364228 0.101274 0.0274015 0.0152658 0.0121915 0.0135291 0.00268391 0.0101107 0.0038588 0.149336 -0.00396511 0.00173352 0.0109171 -0.000714577 0.000192721 0.000800528 0.000590653 -0.00410748,800,0,cuda,2.26,5.6
test,63,Abyssinian_68,Abyssinian,cat,correct,Abyssinian,kernel,0,0.996241,30,0.879943,0.975409,0.095466,0.095607,0.462681,0.0,,,,0.0390329 0.0181102 -0.00242164 0.0143271 0.0553254 0.0135132 0.0738008 0.0219269 0.0126846 0.242717 0.032695 0.0171854 0.0212618 0.0343185 0.0401707 -0.00182357 0.0206423 0.088134 0.190376 0.0281817 0.0111814 -0.0173466 0.00817083 -0.00816738 -0.0116519 0.017977 0.0256123 0.00303909 -0.00844193 -0.00775596,800,0,cuda,2.43,5.28
test,63,Abyssinian_68,Abyssinian,cat,correct,Abyssinian,partition,0,0.996241,30,0.879943,0.869359,-0.010583,0.086402,0.492061,0.0,,,,0.121332 0.0482293 0.00318427 0.0630244 0.0934421 0.0345949 0.0239941 0.0349558 0.0262382 0.155742 0.0218505 0.0219566 0.0191548 0.0347862 0.0781352 0.00557624 0.0298532 0.0277272 0.0272108 0.0248144 -0.00024932 0.00597541 0.0173102 0.00942883 0.0146788 0.0220896 -0.000318119 0.00701839 -0.000289527 0.00132968,800,0,cuda,1.99,5.28
test,1579,great_pyrenees_98,great_pyrenees,dog,correct,great_pyrenees,kernel,15,0.928786,33,0.392757,0.86695,0.474193,0.032099,0.842784,0.0,,,,-0.0047881 0.000101664 -0.00626443 -0.00787597 0.0206869 0.00141063 0.020486 0.00639274 0.0170851 0.437441 0.000735644 0.000688072 0.00634054 -0.00668098 0.372738 0.0889609 0.000139037 -0.00415238 0.0257296 -0.00113847 -0.0110496 -0.00651613 0.00197329 -0.000174584 -0.0173312 0.00161703 0.000687002 0.00915318 -0.00922519 -0.00592097 -0.00350563 0.00210207 -0.00655205,800,0,cuda,2.16,4.97
test,1579,great_pyrenees_98,great_pyrenees,dog,correct,great_pyrenees,partition,15,0.928786,33,0.392757,0.793443,0.400685,0.032537,0.860908,0.0,,,,-0.000631944 0.000591768 0.00239204 0.0117392 0.0217069 -0.0014053 0.056749 0.00150916 -0.00370757 0.534395 0.00101321 0.0025529 -4.19897e-05 0.0039805 0.156478 0.0725908 0.00173896 -0.00508782 0.0827114 0.000354898 0.000323544 0.00606936 0.000513601 -0.00140065 -0.00777689 -0.00068826 -0.00163828 -0.00390266 -0.00108263 -0.00157011 -0.00256785 -0.00124493 -0.00137099,800,0,cuda,1.96,4.97
test,1883,leonberger_193,leonberger,dog,correct,leonberger,kernel,19,0.571286,35,0.367486,0.884279,0.516793,0.024511,0.448817,0.0,,,,0.0111592 0.00492312 -0.055663 0.00196414 0.00348975 0.008407 -0.0187404 0.0213003 -0.0233297 -0.000292214 0.000351857 0.120405 -0.00428234 0.0136554 0.138657 0.0679628 0.0670362 -0.0148145 0.0147443 0.0256237 0.11466 0.0223923 -0.013954 0.0230239 0.0267065 0.0679697 -0.00993429 -0.0180902 -0.0119702 -0.0134747 0.0159832 -0.0203906 0.00551748 0.00297439 -0.00612204,800,0,cuda,2.49,5.41
test,1883,leonberger_193,leonberger,dog,correct,leonberger,partition,19,0.571286,35,0.367486,0.637176,0.26969,0.027864,0.36202,0.0,,,,-0.00229085 -0.00799971 0.0292401 0.00594458 -0.00740702 0.0208001 0.0207016 -0.00170044 -0.00234047 0.0856135 -0.00601365 0.145002 -0.00710099 0.0708475 0.0835903 0.0537713 -0.000692418 0.00375023 -0.00683415 0.0241792 0.0110079 0.0173456 -0.0391047 0.0115127 0.000904672 0.0257233 5.95032e-05 0.0015337 -0.00430645 -0.0109146 0.0125618 0.00156648 0.00136077 0.0176299 0.0199088,800,0,cuda,2.02,5.41
test,990,chihuahua_196,chihuahua,dog,wrong,pomeranian,kernel,24,0.895443,35,0.356186,0.760378,0.404192,0.037826,0.555638,0.0,,,,0.0171395 0.00296692 -0.00819413 -0.000117274 0.0316623 0.0148859 0.0588922 0.0100822 -0.0552759 0.0261324 0.0498065 0.00652319 -0.00419238 0.0117583 0.016403 0.171095 0.0512338 0.0642738 0.0709008 0.046413 0.0298711 0.111418 0.00696909 -0.0106933 0.119144 0.0191632 0.020955 0.00757914 -0.0020497 0.00680312 -0.0121548 0.00204292 0.0130476 -0.00675609 -6.34583e-05,800,0,cuda,2.42,5.19
test,990,chihuahua_196,chihuahua,dog,wrong,pomeranian,partition,24,0.895443,35,0.356186,0.644794,0.288608,0.045746,0.513539,0.0,,,,0.0117442 -0.000183702 -0.00144149 -9.08906e-05 -0.000770786 -0.0011908 0.0337679 -0.000609328 0.00189424 0.0118823 0.0442449 -0.000668715 0.00207592 0.00817669 0.0211448 0.172845 0.0242956 0.0717699 0.0353068 0.0242733 0.0161977 0.177821 0.0012241 0.0177365 0.13616 0.0379696 0.0145858 0.00656864 0.00214817 0.000513011 0.00480493 0.0102791 0.000784588 0.000376933 0.00202935,800,0,cuda,1.86,5.19
test,1384,german_shorthaired_193,german_shorthaired,dog,correct,german_shorthaired,kernel,14,0.991001,35,0.359076,0.959142,0.600066,0.197176,0.844429,0.0,,,,0.00150478 0.0139355 0.00338127 -0.00914093 0.0156667 0.00200224 0.027394 -0.0109059 0.0674644 0.266568 0.0645174 0.0628143 -0.00953183 0.0002145 -0.0299857 0.0729294 -0.0189867 0.00621874 0.0282598 -0.0311772 0.00583402 0.199693 0.0199542 0.00736269 0.014224 0.00791104 0.00410722 0.0784901 0.0158625 -0.00252856 -0.00969745 -0.0043641 0.0017094 0.00975566 0.0896249,800,0,cuda,2.27,5.63
test,1384,german_shorthaired_193,german_shorthaired,dog,correct,german_shorthaired,partition,14,0.991001,35,0.359076,0.819982,0.460906,0.236461,0.786818,0.0,,,,0.00805702 0.00698584 0.00767858 0.0351671 0.0996126 0.0106184 0.0304003 0.0180225 0.0612619 0.319855 0.026413 0.114149 -0.00486872 0.00760178 -0.0049513 0.154832 0.000695038 -0.000130456 0.00148042 -0.000914051 -0.000392205 0.0451821 0.0038451 -0.00134778 0.000936611 -0.000238131 0.000450037 0.0232511 0.000726969 0.000867708 0.000478433 -0.00779863 0.000552374 0.000543004 0.00205783,800,0,cuda,2.47,5.63
test,237,american_pit_bull_terrier_43,american_pit_bull_terrier,dog,correct,american_pit_bull_terrier,kernel,2,0.937686,34,0.538744,0.98682,0.448076,0.053339,0.833381,0.0,,,,-0.0462072 0.00570925 0.0287795 0.0803354 -0.0590106 0.034792 0.386025 0.0309411 0.0670952 0.0227724 0.0281149 0.0946125 0.0077888 0.00557919 -0.0115861 0.0318941 0.0169513 0.002458 0.0121413 -0.0218484 0.0113519 0.119649 -0.0183357 0.0474736 0.00522927 -0.0132573 0.0303781 0.00236834 0.00387254 0.00806363 -0.00172157 -0.00842487 0.0203886 0.00499548,800,0,cuda,3.21,6.46
test,237,american_pit_bull_terrier_43,american_pit_bull_terrier,dog,correct,american_pit_bull_terrier,partition,2,0.937686,34,0.538744,0.863158,0.324414,0.132997,0.786545,0.0,,,,0.0176477 0.0122341 0.0244354 0.202298 0.033365 0.0586403 0.240591 0.038611 0.0736135 0.00501454 0.00801994 0.0519769 0.0019372 0.038419 0.00584684 0.0140163 0.00295972 0.0216814 0.0060369 -0.00827156 0.00409302 0.0312329 0.00115675 0.0136673 0.0198697 0.00167933 -0.00115413 0.00197182 0.000670715 0.000723229 0.00256635 0.000936937 0.00214225 0.000740275,800,0,cuda,2.34,6.46
test,650,Birman_57,Birman,cat,wrong,Siamese,kernel,32,0.935185,37,0.662249,0.955499,0.29325,0.069665,0.610369,0.0,,,,0.0581715 0.0244412 0.00730925 -0.0125617 -0.0526245 0.189965 0.00295569 0.253115 -0.00598078 0.0177382 0.0422761 0.0347077 0.000970988 -0.0221901 0.00869579 -0.00633978 -0.00384227 0.0192231 -0.00502693 0.052765 -0.00933058 0.117786 0.0628272 0.0450049 0.041473 0.0236271 -0.00477375 0.000573453 0.0306956 -0.0219002 0.0112565 0.0155816 0.00542286 0.0272327 -0.0100415 -0.0193013 0.000514404,800,0,cuda,2.4,5.6
test,650,Birman_57,Birman,cat,wrong,Siamese,partition,32,0.935185,37,0.662249,0.94286,0.280611,0.066856,0.650809,0.0,,,,-0.00133208 -0.0136101 -0.00126604 -0.0362918 -0.0437885 0.0986589 0.00306472 0.287011 -0.0407447 0.039514 0.0275044 0.015983 0.0111335 -0.000658543 0.014863 0.0127836 0.0153011 0.0535235 0.0391375 0.143394 0.00783144 0.141057 0.0435895 0.0146346 0.00847902 0.00712416 0.00654213 0.0139852 0.0661311 -0.00287189 -4.21809e-05 0.0100337 -0.00230582 0.0070463 -0.00765615 -0.00424324 -0.0130981,800,0,cuda,2.34,5.6
test,1967,leonberger_88,leonberger,dog,correct,leonberger,kernel,19,0.998949,40,0.535934,0.989501,0.453567,0.109268,0.709173,0.0,,,,-0.0167968 0.0423541 0.0713675 0.0208545 -0.00913654 0.0525195 0.0483705 0.0231459 -0.0171834 0.0482643 0.0534379 0.0566088 0.2487 -0.0024894 0.0592104 0.0737234 0.0208745 0.027041 0.0163733 -0.00189232 0.0253837 0.0165353 -0.000978593 0.0267817 -0.00892465 0.000488411 0.0154241 0.013042 0.0206973 0.0170929 0.012814 -0.0142821 0.0124018 -0.00222096 0.00247519 -0.0110619 0.0172471 0.00964687 0.026545 0.0010594,800,0,cuda,1.84,5.21
test,1967,leonberger_88,leonberger,dog,correct,leonberger,partition,19,0.998949,40,0.535934,0.987777,0.451843,0.136323,0.71623,0.0,,,,0.00402255 0.00292217 0.0766281 0.00554451 0.0403821 0.0649878 0.0597593 0.00816956 0.0190966 0.0506021 0.0214292 0.0570507 0.363173 0.00393849 0.00485923 0.100719 0.0552013 0.00749396 0.0238555 0.00181234 0.00157096 0.000398852 0.00253814 0.0101146 0.000775131 0.000109311 0.000606407 0.000460416 0.000492243 0.00281688 0.000520962 0.000611189 0.000634164 0.000228849 0.000683695 0.000491675 0.00023612 0.00024789 0.00015539 0.000173339,800,0,cuda,2.43,5.21
test,112,american_bulldog_221,american_bulldog,dog,correct,american_bulldog,kernel,1,0.73437,39,0.367367,0.98528,0.617913,0.138489,0.854039,0.0,,,,-0.00302877 0.0223266 0.0558358 -0.00178918 -0.00524337 0.0494364 0.0619873 0.0248839 0.100836 -0.0347652 0.00556338 0.0404643 0.0688525 0.0187256 0.0207807 0.226811 -0.0162997 -0.0230093 0.0245981 0.0401038 0.00641131 0.00964454 0.0427473 0.015329 -0.0217609 0.0233419 0.0137344 0.0177621 0.00193528 0.0180026 -0.0491023 -0.022881 -0.0334528 0.00958672 -0.0387257 -0.00371486 0.00663841 -0.0203516 0.0248817,800,0,cuda,2.09,5.63
test,112,american_bulldog_221,american_bulldog,dog,correct,american_bulldog,partition,1,0.73437,39,0.367367,0.705889,0.338522,0.246672,0.824462,0.0,,,,0.0256239 0.113876 0.13403 0.00295303 0.0203172 0.0228833 0.126537 0.0958881 0.0272633 0.00471399 0.00437142 0.0720808 0.0571691 -0.0100774 -0.00678224 0.0533598 0.00548434 0.00388504 -0.0011491 0.0143639 -0.00148761 0.000857408 0.0147233 0.00137789 -0.0377717 -0.00692832 -0.00919394 -0.0047393 -0.00108743 -0.00382773 -0.00017203 -0.00936529 -0.0151523 -0.00959321 -0.00123866 0.00140791 -0.0059296 0.00086934 -0.002445,800,0,cuda,2.59,5.63
test,3024,scottish_terrier_4,scottish_terrier,dog,correct,scottish_terrier,kernel,30,0.9998,37,0.750857,0.93573,0.184873,0.443849,0.773485,0.0,,,,-0.0245528 -0.011909 0.0438926 0.0126898 -0.0172866 0.0289238 -0.00290202 -0.0166889 0.0218682 -0.000562243 0.075034 0.0551024 0.0172399 0.040118 0.00808509 0.0232677 0.0207231 0.0703838 0.0115119 -0.0155647 0.0106136 0.0470237 0.00910584 0.0384187 0.0380657 0.0711005 -0.00634041 0.00474533 0.0538896 0.0173529 0.212385 0.0226679 0.0118284 -0.00124661 0.0455995 0.0692003 0.00803035,800,0,cuda,1.78,5.43
test,3024,scottish_terrier_4,scottish_terrier,dog,correct,scottish_terrier,partition,30,0.9998,37,0.750857,0.985862,0.235005,0.491561,0.761045,0.0,,,,0.00167539 0.00614308 0.0215194 0.012511 0.0437535 0.0157636 0.00182145 0.0501933 0.00924846 0.00467633 0.124022 0.0910637 0.0210025 0.0397031 0.00367887 0.0142758 0.0201065 0.00906485 0.0293234 0.00210266 0.00137568 0.0383061 0.0380719 0.0107672 0.0342087 0.0599633 0.0258356 0.0243035 0.0301652 0.0244085 0.12692 0.00723977 0.00426411 0.0145451 0.0107154 0.00828837 0.0107876,800,0,cuda,2.73,5.43
test,1348,english_setter_6,english_setter,dog,correct,english_setter,kernel,13,0.863886,42,0.751236,0.999379,0.248143,0.058765,0.629082,0.0,,,,-0.0422428 0.165237 0.104843 0.0258939 0.021508 -0.0733115 -0.0425115 0.0339711 0.0622883 0.00695076 -0.00553435 0.168698 0.0954889 0.0165966 -0.0109985 0.0170966 -0.0194223 -0.0252574 0.0188773 0.00149577 0.00168003 -0.0184864 0.0114722 0.0375879 -0.00907559 0.113243 0.0800478 -0.00857787 0.0277481 0.0124523 0.0522745 0.0612013 0.0499809 -0.000493789 0.0296141 0.00840624 -0.0192239 -0.0288315 -0.0268968 -0.0252114 -0.0351195 0.007188,800,0,cuda,1.71,5.36
test,1348,english_setter_6,english_setter,dog,correct,english_setter,partition,13,0.863886,42,0.751236,0.996468,0.245232,0.055036,0.706141,0.0,,,,0.00170647 0.0435744 0.156335 0.02275 0.00432116 -0.00709842 -0.00430816 0.0412382 0.0484438 0.0403462 -0.0063015 0.263911 0.0902548 0.0256725 -0.00390665 0.0101609 -0.00423972 -0.00104732 -0.0105052 0.00389129 -0.00343211 0.021772 0.00792399 0.00629912 0.00731541 0.0831159 0.0183067 0.00824867 0.00468268 0.000217295 0.00954663 0.00654099 0.00904342 -0.00236509 -0.00285361 -0.00101498 -0.00282836 -0.025813 -0.00601875 -0.00453156 -0.00577722 -0.00292919,800,0,cuda,2.72,5.36
test,804,boxer_26,boxer,dog,correct,boxer,kernel,8,0.998805,32,0.460818,0.969678,0.50886,0.157816,0.708487,0.0,,,,-0.010235 0.0315603 0.0192319 0.0232113 0.0127616 0.0103617 0.0481342 0.00394285 0.019313 0.019069 -0.00693891 0.370014 0.0159805 -0.00167473 0.0235018 0.113768 -0.016389 0.00185038 0.0496057 0.0975861 0.00553913 0.0356938 0.00677162 -0.00485405 -0.0151598 0.0463716 0.0420774 0.00846744 0.0112485 0.0166117 -0.00613139 0.0172454,800,0,cuda,1.89,5.27
test,804,boxer_26,boxer,dog,correct,boxer,partition,8,0.998805,32,0.460818,0.902022,0.441204,0.07012,0.319082,0.0,,,,0.0193348 0.0167454 0.0167776 0.0352499 0.00655785 0.0106172 0.038412 0.0276392 0.024362 0.00429887 0.002409 0.103034 0.0428361 0.00948591 0.00517022 -0.0414011 0.0124332 0.0388251 0.0885707 0.0717824 0.030881 0.0810831 0.0614861 0.0231397 0.0220107 0.0700424 0.0142519 0.0448158 0.0145409 0.0649634 0.0169131 0.0112677,800,0,cuda,2.57,5.27
test,1556,great_pyrenees_77,great_pyrenees,dog,correct,great_pyrenees,kernel,15,0.987212,37,0.485431,0.772652,0.28722,0.049368,0.584455,0.0,,,,0.00624288 -0.000297537 0.00166139 0.00301808 0.00171638 0.302967 0.00649493 -0.0118408 0.28581 0.0170689 -0.00191086 0.0168439 0.212862 0.0130077 3.0766e-06 -0.00307648 0.00637074 -0.012072 0.0166679 -0.0106352 0.000900846 0.017511 0.0147159 0.0173986 -0.00713643 0.00784502 0.0493627 -0.00139486 0.00340732 -0.00851915 0.0109014 -0.00443626 0.012423 -0.0132456 -0.00128403 0.0131345 0.0192316,800,0,cuda,2.07,5.37
test,1556,great_pyrenees_77,great_pyrenees,dog,correct,great_pyrenees,partition,15,0.987212,37,0.485431,0.771122,0.285691,0.027272,0.782243,0.0,,,,0.00142359 0.0010141 0.00393013 0.0100275 0.0208719 0.23375 -0.00405721 0.00186165 0.272486 0.00952329 0.012699 0.0805506 0.178241 0.00509427 0.0216243 0.00543452 0.0331695 0.0311781 0.00392801 0.00177026 0.00359052 0.00107136 0.0275146 0.00210981 0.00215548 0.000560784 0.0204143 0.000470403 0.000535572 0.000645465 0.000426604 -0.000584764 -8.27512e-05 -0.000290508 -0.000194805 -0.000950115 -0.000194969,800,0,cuda,2.45,5.37
test,577,Bengal_81,Bengal,cat,correct,Bengal,kernel,5,0.694271,39,0.210519,0.584281,0.373762,0.041313,0.567005,0.0,,,,0.0324147 0.0162413 0.0352188 0.020248 -0.00290951 0.0146992 0.0160867 0.0413116 0.041104 0.119783 0.00566663 0.0888531 0.00739896 0.0176178 0.00155655 0.136274 -0.0188543 -0.0169042 0.0196925 0.028108 0.0995437 -7.47004e-05 0.00917376 -0.0103855 0.00344077 0.0169339 -0.0083828 -0.00866208 -0.0185617 -0.00382444 -0.0081925 0.0185163 -0.0196186 -0.017252 -0.00275525 0.00866445 0.000248551 -0.00454383 0.00471674,800,0,cuda,1.99,5.56
test,577,Bengal_81,Bengal,cat,correct,Bengal,partition,5,0.694271,39,0.210519,0.398387,0.187868,0.122945,0.615526,0.0,,,,0.0231268 0.0183248 0.0249044 0.0114878 0.0154211 0.0106601 0.0119876 0.0173612 0.0249077 0.19345 0.00474341 0.10071 -0.00728355 0.0846145 -0.00374632 0.104703 -0.00897072 0.00609615 0.00630025 0.00493549 -0.0220733 0.00264045 0.00173409 -0.0086513 0.00891423 0.00187395 0.0114239 0.00200599 0.000849434 0.0021626 0.0014001 0.00614746 0.00724748 0.002567 0.000684017 3.23479e-05 0.000576087 -0.000347829 -0.000329128,800,0,cuda,2.54,5.56
test,1834,keeshond_57,keeshond,dog,correct,keeshond,kernel,18,0.998594,43,0.256617,0.829313,0.572696,0.072455,0.774236,0.0,,,,0.0151307 0.0211967 0.0466835 -0.0117656 0.0681316 0.0277004 0.00179082 0.0363737 0.0482271 0.0185484 0.0520483 0.0208542 0.130353 0.176057 0.0111785 0.0878473 0.0050509 0.00155105 0.068826 0.0095545 0.0192919 0.0344901 0.0160514 0.0679945 0.00116265 -0.0132533 0.00474206 -0.00788732 0.0161036 0.0355233 0.0123838 -0.00175806 -0.0116099 -0.00406861 0.00990173 -0.00619108 0.00199665 0.0286266 0.00209309 -0.00214231 -0.0294531 -0.0166514 -0.00595377,800,0,cuda,1.62,5.39
test,1834,keeshond_57,keeshond,dog,correct,keeshond,partition,18,0.998594,43,0.256617,0.970987,0.71437,0.084836,0.746259,0.0,,,,0.00263395 0.0239266 0.0221301 0.0069435 0.0592222 0.0445677 0.0134748 0.00605399 0.0402052 0.0283303 0.0815905 0.0308483 0.0837666 0.267088 0.00224953 0.111457 0.0474262 0.0159889 0.0619327 0.00667331 0.00862883 0.0110745 -0.00217263 0.0142022 0.00122109 -2.38112e-05 -0.00040408 -4.46599e-05 -9.89609e-05 0.00112836 -6.57213e-05 -0.000521391 -0.000149458 -0.000335334 -0.000190315 -0.000528142 -0.000367752 -0.000112355 -0.000220943 -0.000292972 -0.000266295 -7.70395e-05 -0.000161759,800,0,cuda,2.78,5.39
test,126,american_bulldog_33,american_bulldog,dog,correct,american_bulldog,kernel,1,0.896226,43,0.48005,0.977524,0.497474,0.061431,0.827782,0.0,,,,0.0164408 -0.00405691 -0.00678779 -0.019029 -0.0389655 -0.0468736 -0.0276832 0.0708278 0.00927489 0.024383 -6.49505e-05 -0.035764 0.0586263 -0.0293312 0.29925 0.0525397 0.0028153 -0.0160072 0.122623 0.0900975 0.103224 0.0880131 -0.022479 0.0432614 0.123981 0.0250822 -0.0172652 -0.0762576 0.0030198 0.0662647 0.0721871 0.0086839 -0.0200083 0.00233965 -0.0275415 0.0200509 -0.027858 -0.0383264 0.00558592 -0.00606302 -0.0164938 -0.00421613 0.0114503,800,0,cuda,1.9,5.42
test,126,american_bulldog_33,american_bulldog,dog,correct,american_bulldog,partition,1,0.896226,43,0.48005,0.97456,0.49451,0.141888,0.896663,0.0,,,,0.0472947 -0.00713096 -0.00181467 -0.00576421 0.0653803 0.0557781 -0.00758049 0.109031 0.0999441 0.0334353 0.0372418 -0.0137407 -0.00665165 -0.00395857 0.196431 0.0234922 -0.00205305 -0.00698124 0.049798 0.0724922 0.0312343 0.0185799 -0.00785398 0.0385753 0.0144546 0.0146113 0.0203938 -0.00835433 0.00424095 0.0202115 0.0107039 0.0101182 -0.00276258 -0.00402777 -0.0173524 -0.00119278 -0.00130268 -0.0317801 -5.17461e-05 -0.000604814 0.00135657 -0.00387184 -0.00101674,800,0,cuda,2.51,5.42
test,3056,scottish_terrier_79,scottish_terrier,dog,correct,scottish_terrier,kernel,30,0.99757,39,0.484495,0.958333,0.473839,0.197939,0.730364,0.0,,,,-0.0127387 0.0685737 -0.00599285 0.0557306 0.0884792 0.0439155 -0.013383 -0.00210282 0.0434254 0.0795124 0.0643631 0.000621165 -0.0111793 0.0210138 0.169467 0.0202159 0.0120769 0.00765897 0.0457023 0.0589625 0.0289422 0.0473397 0.0228006 0.000120868 0.0927413 0.0623266 -0.0037251 -0.00535119 -0.0039553 0.00880713 -0.0203067 0.0313556 -0.00491933 -0.00350347 -0.0053215 0.0141374 0.0282467 -0.0112174 -0.0232554,800,0,cuda,1.71,5.43
test,3056,scottish_terrier_79,scottish_terrier,dog,correct,scottish_terrier,partition,30,0.99757,39,0.484495,0.964181,0.479687,0.176112,0.751653,0.0,,,,0.00321362 0.00345772 0.00112531 0.0576362 0.209559 0.109464 0.00165193 0.0175934 0.00989177 0.114769 0.0752049 0.000602746 0.000827605 0.054766 0.2296 0.00241605 0.0157822 0.00257294 0.00437801 0.0138498 0.000651112 0.0121908 0.0276707 0.000246289 0.00881874 0.000500763 0.00019895 0.000607991 0.000645108 0.00127283 0.00124361 0.00083137 0.000916757 0.00146826 0.000959509 0.00156466 0.000845361 0.000290628 0.000299415,800,0,cuda,2.65,5.43
test,3271,Siamese_92,Siamese,cat,correct,Siamese,kernel,32,0.990601,40,0.596122,0.662242,0.06612,0.08785,0.476464,0.0,,,,-0.0119173 -0.00605468 -0.0242535 0.0225057 -0.0119657 0.00469662 -0.00187369 0.0186079 -0.00868196 -0.0122529 0.0281968 0.0332126 0.00845736 0.0231308 0.0101746 0.0260115 0.018197 0.196406 0.0642381 0.0226566 0.157655 0.0381718 0.0560291 0.0335751 0.0400543 -0.00348495 0.0250035 0.0151432 0.0375191 0.00810788 0.0403076 0.00355571 -0.0119771 0.0242958 0.0300369 -0.0095022 0.0609009 0.0102307 0.0253664 -0.00464794,800,0,cuda,1.97,5.3
test,3271,Siamese_92,Siamese,cat,correct,Siamese,partition,32,0.990601,40,0.596122,0.992867,0.396745,0.099649,0.518008,0.0,,,,-0.000929278 0.00262194 -0.00637422 -0.00646821 0.0163797 0.0148146 0.0266194 0.00247767 2.222e-05 -0.00211279 0.0650827 0.0662128 0.0201674 0.0108558 0.00385984 0.0103731 0.0181078 0.19312 0.046885 0.00972197 0.25372 0.000583523 0.0472218 0.0212646 0.0154258 0.011276 0.0239125 0.00267378 0.0124837 0.00570417 0.0228632 0.00933598 0.00321631 0.00581021 0.00140829 0.0133838 0.0223267 0.00573857 0.00413366 0.00191197,800,0,cuda,2.45,5.3
test,3346,Sphynx_59,Sphynx,cat,correct,Sphynx,kernel,33,0.552983,32,0.399793,0.597163,0.19737,0.13027,0.401547,0.0,,,,-8.63609e-05 -0.0131417 0.00291091 -0.012644 -0.0106934 0.0219031 -0.000468593 0.00189942 -0.0176874 0.107203 0.0780125 0.0260341 0.13225 0.106481 0.00682391 -0.035271 0.0127715 0.0387044 -0.00455354 -0.00158556 -0.0166999 0.0172649 0.0101141 -0.0054047 -0.00943053 0.0357242 0.0314766 0.0360076 -0.0253481 0.0222402 0.0089833 -0.0234866,800,0,cuda,2.32,5.71
test,3346,Sphynx_59,Sphynx,cat,correct,Sphynx,partition,33,0.552983,32,0.399793,0.689253,0.28946,0.126275,0.6393,0.0,,,,2.17841e-05 0.00914651 0.000590266 -0.0001795 0.0458274 0.00512884 0.0199686 0.00158079 -0.0029831 0.022448 0.0351155 0.00208032 0.123447 0.18073 -0.0104236 -0.0119797 0.0139355 0.00256368 -0.00168659 0.00742649 -0.0203035 0.0581191 -0.0117651 -0.00154791 -0.00105816 -0.00148577 0.0466225 0.00707725 0.00308536 0.0068397 -0.00711025 -0.000928186,800,0,cuda,2.6,5.71
test,851,boxer_69,boxer,dog,correct,boxer,kernel,8,0.999975,33,0.54835,0.915229,0.366879,0.214746,0.829368,0.0,,,,0.107035 0.00777991 0.0717513 0.0117066 0.0528306 0.0328199 0.114929 0.0337235 0.0273584 0.0733731 0.0339812 0.0186355 0.215022 -0.00823372 -0.0118203 0.000158218 0.0315079 0.0550761 0.0461143 0.0130138 0.0322238 0.000773124 -0.0147776 -0.0352487 0.0294125 0.022786 -0.0151025 -0.00139126 0.0183814 -0.00412359 0.0128109 0.0402258 -0.0230258,800,0,cuda,2.24,5.43
test,851,boxer_69,boxer,dog,correct,boxer,partition,8,0.999975,33,0.54835,0.670191,0.121841,0.316178,0.81807,0.0,,,,0.0165473 0.0507568 0.105423 0.00883003 0.149769 0.0358394 0.126858 0.0683507 0.0114968 0.03301 0.0565617 0.0176636 0.151541 0.0319081 0.015386 0.0179817 0.0349536 0.0231818 0.00294527 0.00234571 0.00732119 0.000643607 0.000406388 0.000263393 0.00168433 5.14041e-05 0.00236312 0.00171549 0.000403094 0.00308247 0.00533527 0.00431617 0.000769924,800,0,cuda,2.35,5.43
test,2742,Russian_Blue_62,Russian_Blue,cat,correct,Russian_Blue,kernel,27,0.993829,36,0.277105,0.709196,0.432091,0.097858,0.884019,0.0,,,,0.00772993 0.00789701 0.00105332 -0.00189541 0.0110001 0.0222553 0.029207 -0.00217219 0.00866416 0.0319538 0.0627061 -0.00184732 0.0471591 -0.0328734 -0.0171724 0.108184 0.233827 0.0198428 0.00333668 -0.0270225 0.0020014 0.164653 -0.0324018 0.0727486 0.0449881 -0.0130093 -0.0430349 0.227816 0.0385758 0.0251252 -0.0204233 -0.0112032 0.0203358 -0.00642756 -0.0115093 0.0127544,800,0,cuda,2.11,5.27
test,2742,Russian_Blue_62,Russian_Blue,cat,correct,Russian_Blue,partition,27,0.993829,36,0.277105,0.689549,0.412444,0.10297,0.79739,0.0,,,,-0.00146024 -0.00284909 -0.000836529 0.00279843 0.00107865 -0.00205839 -0.00196723 -0.00259567 -0.00104595 0.0219353 0.00796581 0.00103005 0.0409804 0.00779241 -0.00105218 0.152049 0.358439 0.0404363 0.00238783 0.00243145 0.00588249 0.188674 0.0667691 0.0226729 0.00118145 0.000486009 0.000548653 0.0480015 0.00254044 0.0013055 0.00327164 0.0039148 0.00314693 0.00197413 0.00453189 0.00246115,800,0,cuda,2.32,5.27
test,2185,newfoundland_195,newfoundland,dog,correct,newfoundland,kernel,22,0.99999,37,0.394452,0.837212,0.442761,0.359256,0.824088,0.0,,,,-0.02891 0.000397927 -0.0129677 -0.0114243 -0.0337607 0.0607314 0.0132405 -0.0145835 -0.012557 0.0517533 0.109409 0.00694682 0.0613555 0.0470532 0.0209394 0.100218 0.0215684 0.023472 0.0846738 0.0160781 0.15403 0.0339385 0.0488983 0.0187549 -0.00739759 -0.0406761 0.000654446 0.0335868 0.0386379 0.0998928 0.0438007 -0.0142112 0.0373048 -0.00544012 0.0346675 0.048293 -0.034159,800,0,cuda,2.04,5.29
test,2185,newfoundland_195,newfoundland,dog,correct,newfoundland,partition,22,0.99999,37,0.394452,0.604153,0.209701,0.399196,0.667247,0.0,,,,0.00286841 0.00034224 0.00357279 0.00421683 0.006025 0.0334543 0.029464 0.00706338 0.00841589 0.0858227 0.0597238 0.00341386 0.0345476 0.0308477 0.0569998 0.0291969 0.0227912 0.00404892 0.0198446 0.0498499 0.0912532 0.021041 0.01791 0.00411648 0.00667705 0.0286424 0.0339275 0.00715944 0.0174696 0.131569 0.0684044 0.0031093 0.0301507 0.0118934 0.000368443 0.019683 0.00832495,800,0,cuda,2.31,5.29
test,3057,scottish_terrier_7,scottish_terrier,dog,correct,scottish_terrier,kernel,30,0.999801,44,0.69332,1.0,0.30668,0.24284,0.825469,0.0,,,,0.0139198 0.00615516 0.0160406 0.0100163 0.0573006 0.0242028 -0.00880156 0.0418953 -0.0214767 0.0132128 -0.00134841 0.0496108 0.0403534 -0.0178464 0.00652604 0.0888778 -0.0352368 -0.0375007 0.00501163 0.0597478 -0.0106377 0.00168115 0.0333082 -0.0052626 -0.00561623 0.0189 -0.0169212 0.0239483 0.0666277 0.0733029 0.00558951 0.0906642 0.0314433 0.0411434 0.0193445 0.0120031 0.0557408 0.101489 0.0986083 0.00806926 0.00200844 0.0456057 -0.0262112 0.0163263,800,0,cuda,2.53,6.14
test,3057,scottish_terrier_7,scottish_terrier,dog,correct,scottish_terrier,partition,30,0.999801,44,0.69332,1.0,0.30668,0.579577,0.863197,0.0,,,,0.0037493 0.00800006 0.00592568 0.00579542 0.0127676 0.015096 0.000983023 0.0239115 0.00866633 0.0153222 0.0360335 0.0577398 0.0151377 0.0157674 0.00883919 0.10786 0.024932 0.0101485 0.0526209 0.0162151 0.0034524 -0.0083736 -0.00588978 0.0163568 -0.00857265 -0.00414255 0.033865 -0.00481252 0.0133119 0.0164778 0.004639 0.106179 0.0141431 0.00779816 -0.00470132 0.0796659 0.034163 0.0987261 0.0883824 0.00181368 -0.000528848 0.0274269 0.00122801 0.0356963,800,0,cuda,2.5,6.14
test,3301,Sphynx_241,Sphynx,cat,correct,Sphynx,kernel,33,0.937115,40,0.609893,0.985331,0.375438,0.250734,0.850489,0.0,,,,0.019854 0.136531 -0.0215106 -0.00164206 0.0200834 0.0116387 0.0120522 -0.0204221 0.0193505 0.0608573 0.0369267 0.0593475 0.0436728 -0.0112668 0.13706 0.030452 -0.00870323 0.00238545 -0.021271 0.098398 0.0608501 -0.0370681 0.0208241 0.0222422 -0.0248439 0.0244929 0.0613677 0.0484444 0.0263062 -0.00304057 0.0849598 0.110837 0.0167817 0.0121395 -0.0410837 -0.0120334 -0.0278624 -0.00247763 -0.0205589 -0.0196344,800,0,cuda,2.17,5.92
test,3301,Sphynx_241,Sphynx,cat,correct,Sphynx,partition,33,0.937115,40,0.609893,0.972477,0.362584,0.311506,0.818481,0.0,,,,0.0175699 0.0573705 0.00116024 0.000865806 0.0191039 0.0110927 0.0024157 0.00417827 0.00791587 0.0501297 0.000504453 0.0707637 0.0149325 0.0136118 0.0953771 0.0103514 0.0023105 0.00440951 0.00511148 0.139288 0.0395628 0.0083145 0.00940325 0.00163643 0.0138212 0.00164403 0.0192078 0.00915428 0.00318119 -0.0020205 0.0624726 0.087458 0.0199595 0.0962184 -0.00339356 -0.00703373 0.000778221 0.0126421 -0.00298552 0.00595181,800,0,cuda,2.77,5.92
test,7,Abyssinian_210,Abyssinian,cat,correct,Abyssinian,kernel,0,0.94708,35,0.670081,0.989688,0.319607,0.060821,0.573331,0.0,,,,0.0233355 -0.00162905 -0.0435931 0.00750232 0.0611875 0.0109147 0.0387183 0.0112554 0.0483678 0.0539596 0.0220416 0.00202078 -0.00449256 -0.0243796 -0.0110856 0.0439187 0.0583509 0.0439308 0.0300379 0.123873 -0.00636062 0.0437684 0.0148724 -0.00682302 0.0542576 0.124373 0.0200393 0.0811669 0.0635632 0.0269239 -0.0175911 0.0162848 0.0172884 0.0154625 -0.0178457,800,0,cuda,2.27,5.78
test,7,Abyssinian_210,Abyssinian,cat,correct,Abyssinian,partition,0,0.94708,35,0.670081,0.993569,0.323488,0.09546,0.366955,0.0,,,,0.012125 0.016138 0.00517335 0.0166125 0.0198103 -0.00633816 0.0136325 -0.0106791 0.0390205 0.011845 0.0544209 0.00956994 0.0152202 0.00220899 0.00536994 0.112567 0.00981287 0.0178214 0.00886701 0.0327477 -0.0120468 0.00708271 0.045062 0.01897 0.0869638 0.10179 0.00339499 0.0432794 0.144566 0.0117182 0.0222793 0.0172406 0.0142778 0.0286618 0.00442977,800,0,cuda,2.52,5.78
test,2550,pug_71,pug,dog,correct,pug,kernel,25,0.998566,34,0.84943,0.989174,0.139744,0.112119,0.640339,0.0,,,,0.00995054 0.0283664 0.0335554 0.048074 0.056666 -0.0225862 0.00908463 -0.0209861 0.0499312 0.122261 0.011565 0.0406059 0.0459843 0.0994679 0.0289559 0.0471404 0.049423 0.0237009 -0.0101853 0.0141267 0.0130883 0.0577003 0.0308797 0.0309331 0.0108141 0.0776632 0.0627635 0.018515 0.0593323 0.00706167 -0.0253497 -0.0163643 -0.00457632 0.000423092,800,0,cuda,1.81,5.15
test,2550,pug_71,pug,dog,correct,pug,partition,25,0.998566,34,0.84943,0.990638,0.141208,0.207166,0.687219,0.0,,,,-0.00132457 0.00204196 0.000530285 0.0352918 0.096179 -0.00104973 0.0189753 -0.000793451 0.060979 0.246825 0.00448713 0.0185061 0.0976883 0.244782 0.0539197 0.0260326 0.0444899 0.00308545 0.00394009 0.00475533 0.00193956 0.00342725 0.00332195 0.00149763 0.00253357 0.00377338 0.00254007 0.00384525 0.00210812 0.000759189 0.00129011 -8.26029e-05 0.00021033 0.0014801,800,0,cuda,2.48,5.15
test,854,boxer_71,boxer,dog,correct,boxer,kernel,8,0.880669,34,0.709742,0.65,-0.059742,0.07019,0.758343,0.0,,,,0.0194902 0.0231231 0.332609 0.0700666 0.0960228 0.0693664 0.00922775 -0.0330311 0.0254745 0.16506 0.0161903 0.096881 -0.0299748 -0.0117248 0.0304987 0.00303061 -0.00845806 0.0750351 0.0128678 0.00547309 0.0272915 0.0246396 -0.00067777 0.0180986 0.00723636 -0.00243596 -0.0845126 -0.0162505 -0.0670441 -0.0167737 -0.000882029 -0.016017 0.00428886 0.0262108,800,0,cuda,2.05,5.28
test,854,boxer_71,boxer,dog,correct,boxer,partition,8,0.880669,34,0.709742,0.735962,0.02622,0.071935,0.761641,0.0,,,,0.00686685 0.0436974 0.385796 0.0526165 0.0641647 0.0368786 -0.00577277 0.00664977 0.0352539 0.132578 0.0293383 0.139251 -0.0110465 -0.0133062 0.0303479 -0.0171437 -0.0164467 0.0108146 0.00454456 -0.00722145 -0.00561759 -0.000307138 -0.00272718 0.000617694 0.000624617 -0.00488767 -0.00981525 -0.000700959 -0.00614028 -0.00286087 0.000412927 -0.00461466 -0.00163762 0.000194237,800,0,cuda,2.34,5.28
test,2995,scottish_terrier_23,scottish_terrier,dog,correct,scottish_terrier,kernel,30,0.995633,34,0.339884,0.71702,0.377137,0.131277,0.780223,0.0,,,,0.00522242 -0.000921411 0.0142524 0.00777497 -0.0220615 0.0153172 0.359025 0.00185997 -0.000431973 0.103094 0.0771155 0.0781479 0.00420156 -0.0120802 -0.00198448 0.0141903 0.10128 0.0201294 0.0375974 0.00818332 0.127745 0.00665231 0.0208301 0.00952972 0.0249905 0.0041984 -0.0251876 0.00492138 0.0110283 -0.00221261 -0.00138621 -0.0132325 0.0174458 -0.00758663,800,0,cuda,2.11,5.13
test,2995,scottish_terrier_23,scottish_terrier,dog,correct,scottish_terrier,partition,30,0.995633,34,0.339884,0.687837,0.347953,0.168494,0.846916,0.0,,,,0.0044141 0.00719882 0.0314359 0.00268854 0.0026962 0.019521 0.2972 -0.0059321 0.00404576 0.179293 0.142454 0.0743778 0.00628444 -0.00151773 0.0572128 -0.000194276 0.0580739 0.00410188 0.0108191 0.0102663 0.0360901 0.00309864 0.00275407 0.00247231 0.00893149 0.000416765 0.0046854 0.00229232 0.013732 -0.000922498 0.000602498 0.00373422 0.00458944 0.000730849,800,0,cuda,2.15,5.13
test,2679,Ragdoll_99,Ragdoll,cat,correct,Ragdoll,kernel,26,0.999664,34,0.698282,0.997089,0.298807,0.115153,0.767717,0.0,,,,0.0258594 0.0195016 0.0304888 0.0251538 0.015804 0.00997072 0.0232319 -0.0196655 0.00810928 0.0136347 0.0446557 0.0255397 0.0303185 0.111893 0.0204388 0.0380306 -0.0221376 0.016308 0.0137364 -0.0248543 0.0109803 0.00511793 0.00276736 0.301197 -0.00477432 -0.00165403 0.196205 0.047654 0.0297716 -0.0155846 -0.00412054 -0.0042858 -0.00458203 0.0173628,800,0,cuda,2.46,5.32
test,2679,Ragdoll_99,Ragdoll,cat,correct,Ragdoll,partition,26,0.999664,34,0.698282,0.993546,0.295264,0.11917,0.7345,0.0,,,,0.0146354 0.0225076 -0.00429772 0.0205589 0.0608906 0.00881622 -0.00195231 4.18844e-05 0.0389695 -0.000393902 0.0460262 0.00569349 0.0412178 0.120817 0.040869 0.0304456 0.00429111 0.0150312 0.00556609 0.00192967 0.00116814 0.000580483 0.00458409 0.18531 0.00532618 -0.00311691 0.224926 0.0544509 0.0163596 0.00355422 0.0159965 -0.00152341 0.00418112 -0.00138878,800,0,cuda,1.84,5.32
test,3490,wheaten_terrier_29,wheaten_terrier,dog,correct,wheaten_terrier,kernel,35,0.987582,37,0.169125,0.696311,0.527186,0.063285,0.932662,0.0,,,,0.0117186 0.00396237 0.00658895 -0.00104405 -0.0143948 -0.00136998 0.00423774 0.0031108 -0.00236409 -0.0131229 -0.00567621 -0.00222508 -0.00456141 0.00436503 -0.013499 0.00195003 0.00511482 0.00591456 -0.00634323 0.00314781 0.00731025 -0.00629062 -0.0178626 0.128172 -0.0210704 0.00338403 -0.00456668 -0.00603626 0.811439 -0.000327332 0.00939302 0.0894358 -0.00520662 0.0102691 -0.0067434 -0.00673521 -0.00342856,800,0,cuda,2.31,5.17
test,3490,wheaten_terrier_29,wheaten_terrier,dog,correct,wheaten_terrier,partition,35,0.987582,37,0.169125,0.695215,0.526091,0.062629,0.933825,0.0,,,,-0.000148845 1.60474e-05 2.44152e-05 -0.000417998 -0.000294126 -0.000101851 -0.000386599 -0.000449894 -0.000826169 -0.000180749 -0.0011433 -0.000597553 -0.00153122 -0.000208967 0.000623846 0.00970685 0.0141574 -0.000437806 -0.000590574 -0.000229209 0.0140795 -0.000934023 0.00411737 0.177759 0.0536119 -0.000700161 -0.00118026 -0.000119064 0.519994 -0.000196276 -0.000166512 0.124969 -8.39485e-05 0.0395313 -0.000113739 -0.000219356 0.0193131,800,0,cuda,1.94,5.17
test,2977,samoyed_97,samoyed,dog,correct,samoyed,kernel,29,0.99926,38,0.710539,0.993625,0.283086,0.263824,0.875866,0.0,,,,0.0115786 -0.0131248 0.000695841 -0.0314421 -0.0324172 0.0503004 0.0420288 0.0493201 0.00641096 0.0294452 0.035932 -0.0321886 0.041061 0.0484118 0.0306878 0.0615658 0.085503 0.103174 0.0057661 0.100032 0.0173975 0.0307845 0.01796 -0.0147777 0.147363 -0.00120123 -0.00839004 0.0363623 0.0483876 0.0143361 -0.0154355 0.0309722 0.0117616 0.0540652 0.00431009 0.0120625 -0.0131999 0.0130259,800,0,cuda,2.48,5.42
test,2977,samoyed_97,samoyed,dog,correct,samoyed,partition,29,0.99926,38,0.710539,0.994133,0.283594,0.195079,0.784524,0.0,,,,0.0237926 0.0102726 -0.000467915 0.0107456 0.00696007 0.00412718 0.0543663 0.102869 0.020762 0.078583 0.0377349 0.00397132 0.00753652 0.035169 0.00695788 0.0135817 0.076705 0.0360721 0.0240557 0.0739307 0.00968754 0.0217571 0.0150341 0.0258854 0.0857877 0.0231121 0.00886706 0.0332188 0.0223136 0.00326067 0.0177421 0.0221806 0.011617 0.0243343 0.00557301 0.00242307 0.00446632 0.0135385,800,0,cuda,1.95,5.42
test,3335,Sphynx_47,Sphynx,cat,correct,Sphynx,kernel,33,0.986637,32,0.412827,0.724694,0.311867,0.134389,0.778016,0.0,,,,-0.0130172 -0.00253385 0.0221427 0.0431981 0.0334188 -0.033597 0.00199656 0.157145 0.0927699 0.0151233 -0.00771141 0.0611134 -0.010459 -0.0188925 0.0889221 -0.00129104 0.0234513 0.205168 0.00993342 -0.0177275 0.0139261 0.0360086 0.0568223 0.0731845 0.0675848 0.0519497 -0.0431383 0.0151754 0.0152003 -0.0117384 0.0139303 0.0158998,800,0,cuda,2.47,5.31
test,3335,Sphynx_47,Sphynx,cat,correct,Sphynx,partition,33,0.986637,32,0.412827,0.620605,0.207778,0.136286,0.718829,0.0,,,,-0.000488755 -0.000780412 -0.00161866 -0.000491352 0.00818617 0.0162964 3.1553e-05 0.130367 0.026064 -0.000158145 0.00810999 0.126167 -0.00248571 0.00181346 0.0644281 0.00544407 0.071638 0.155381 0.0286163 0.00167042 0.00535045 0.023721 0.0633494 0.0313509 0.0601586 0.0825574 0.00211816 0.0215952 0.00546146 -0.00249727 0.0229503 -0.000348362,800,0,cuda,1.96,5.31
test,407,beagle_202,beagle,dog,correct,beagle,kernel,4,0.986709,32,0.119798,0.846687,0.726889,0.076491,0.970369,0.0,,,,-0.0201165 -0.015924 -0.00739196 0.0308757 -0.0445648 -0.00982744 -0.0200346 -0.0167062 -0.0236598 -0.0226145 -0.00487283 -0.00284283 -0.0903037 0.0181969 -0.00955437 -0.0277161 -0.0211143 0.444115 0.0324358 -0.00340783 0.28864 0.0357861 0.32097 -0.00208755 -0.0357096 0.00789698 -0.0219762 0.0524534 -0.00312649 -0.0295177 0.0208797 0.00759491,800,0,cuda,2.22,5.03
test,407,beagle_202,beagle,dog,correct,beagle,partition,4,0.986709,32,0.119798,0.461687,0.341889,0.080017,0.952738,0.0,,,,-0.00569682 -0.00672561 -0.00774925 -0.00748395 0.000174233 -0.00297385 -0.00407936 1.50045e-05 -0.00340025 -0.000468897 -0.00624354 -0.00392634 0.0259919 0.0043591 0.00768757 -0.0305119 0.0116131 0.315946 0.00731682 0.00412484 0.188059 0.094273 0.230227 -0.0132365 0.00575066 0.000116128 0.00034899 0.0229437 0.00152217 -0.000162996 0.0100811 -0.0111145,800,0,cuda,1.96,5.03
test,3619,yorkshire_terrier_55,yorkshire_terrier,dog,correct,yorkshire_terrier,kernel,36,0.887167,39,0.688995,0.99303,0.304036,0.098362,0.699057,0.0,,,,0.00609358 0.00768739 0.0576098 0.00130264 0.0458411 0.0900538 0.00780248 0.018801 0.0544895 0.201937 0.0404863 -0.0282862 0.0423612 0.0476173 0.0215856 -0.0181242 0.0276823 0.0315979 0.0339201 0.040854 -0.0107782 -0.004053 0.0404289 0.0150845 0.0172522 -0.0589187 0.00890398 -0.0117569 -0.00543544 0.0124902 0.0176068 0.00143506 0.0603876 0.0105022 0.00701879 -0.00058383 -0.00152551 0.00992117 0.0177029,800,0,cuda,2.33,5.21
test,3619,yorkshire_terrier_55,yorkshire_terrier,dog,correct,yorkshire_terrier,partition,36,0.887167,39,0.688995,0.996428,0.307433,0.109513,0.721415,0.0,,,,-0.0187021 0.0483869 0.0189201 0.00601798 0.0115677 0.0797978 0.00535817 0.00436747 0.0904961 0.209431 0.0366696 -0.0251586 0.0766421 0.0139366 0.0824301 0.000601056 -0.0085334 0.0383515 0.060033 0.0133289 -0.000703416 -0.00562178 0.0555574 -0.0199735 0.0108193 -0.0331368 0.0344555 -0.00305396 -0.00100097 0.0417819 -0.00934999 -0.00375276 0.0361372 0.00689881 -0.00817358 -0.00546519 0.0179845 -0.00507674 0.00472684,800,0,cuda,1.96,5.21
test,2405,pomeranian_31,pomeranian,dog,correct,pomeranian,kernel,24,0.961125,43,0.385284,0.904819,0.519535,0.028995,0.737003,0.0,,,,0.0644151 -0.00856085 0.0144172 -0.00231893 0.0397465 -5.7151e-05 -0.0110114 0.265732 -0.00946851 0.00464034 -0.0255582 0.0350771 -0.00155547 0.261437 -0.0196191 -0.0161592 0.00771836 0.0763973 -0.0139895 0.25748 -0.0224219 -0.0328798 0.025462 0.0202335 0.00974271 0.0115873 0.0123662 -0.0300741 -0.023246 0.0226883 0.00924649 0.00513911 -0.00474887 -0.00538825 -0.00964019 -0.0069998 0.00766436 0.00533088 0.0157936 0.0135646 0.00525056 0.0121397 -0.0062269,800,0,cuda,2.34,5.28
test,2405,pomeranian_31,pomeranian,dog,correct,pomeranian,partition,24,0.961125,43,0.385284,0.812401,0.427117,0.028296,0.750788,0.0,,,,0.0214884 0.00150889 0.00294877 0.0161744 0.00908429 0.0299062 0.0055889 0.325723 0.0014367 0.010366 0.00136156 0.0466255 0.000223833 0.114609 0.00340855 0.0103377 0.0053224 0.0775736 0.00146492 0.221354 0.00436175 0.015234 -0.00864115 0.0110249 0.0006698 0.00484012 0.00767801 0.000575877 0.000395061 0.00432662 0.00221865 0.00208993 0.00128599 -0.000127611 0.000211525 -0.000667212 0.0013362 5.62594e-06 0.000564555 -0.0012764 -0.00029523 0.00139941 -0.000371232,800,0,cuda,2.11,5.28
test,153,american_bulldog_59,american_bulldog,dog,correct,american_bulldog,kernel,1,0.902457,37,0.562779,0.994607,0.431828,0.120085,0.818676,0.0,,,,0.00667256 -0.0304163 -0.0229375 0.00319698 -0.0200048 0.0109075 -0.0143057 -0.057777 0.0197542 0.0019756 0.0281734 -0.00361491 0.173652 -0.00651867 -0.00579791 -0.0132635 0.0112958 0.120595 0.00556793 -0.00616995 0.191644 0.0133368 0.0208004 0.0287977 0.156475 0.0216153 0.0246447 -0.00431357 0.0382276 0.087113 -0.0207648 0.000220966 0.0741771 0.0175333 0.0235816 -0.0337985 0.00490698,800,0,cuda,2.32,5.25
test,153,american_bulldog_59,american_bulldog,dog,correct,american_bulldog,partition,1,0.902457,37,0.562779,0.993317,0.430538,0.118677,0.739151,0.0,,,,0.0149418 -0.0163707 0.0271434 0.0191 0.00426596 0.0116295 0.0301371 -0.00853468 -0.00213698 0.00473593 -0.0076133 -0.0088455 0.0765083 0.00313605 0.00136697 -0.00311815 -0.00177258 0.0605537 -0.0187991 -0.00771718 0.148083 0.00984342 -0.00672123 0.00800224 0.156813 0.0472718 0.0118284 -0.00194039 0.0996914 0.0621849 0.00677093 0.0162598 0.0431269 0.0127739 0.0398293 0.00306384 0.00968989,800,0,cuda,2.18,5.25
test,1566,great_pyrenees_86,great_pyrenees,dog,correct,great_pyrenees,kernel,15,0.995479,39,0.864896,0.836083,-0.028813,0.096463,0.720171,0.0,,,,0.041588 0.0117202 0.0493611 -0.00015839 0.0502089 0.053049 0.0896187 0.0984058 -0.0134779 0.0211327 0.0174757 0.0995498 -0.0265308 0.0388172 0.0626439 0.00313267 0.123731 0.121837 0.00692073 0.00779153 0.0125608 0.00599235 0.00739607 -0.00624731 0.0186398 -0.000709402 -0.00941402 0.00565258 0.00796722 -0.0158206 0.0246542 -0.00905817 0.0165244 0.00630513 0.0243351 0.0157929 0.000913303 0.0269526 0.000730771,800,0,cuda,2.29,5.49
test,1566,great_pyrenees_86,great_pyrenees,dog,correct,great_pyrenees,partition,15,0.995479,39,0.864896,0.802203,-0.062692,0.083516,0.73072,0.0,,,,0.00844655 0.000782181 0.0458724 -0.00129695 0.0061029 0.0268587 0.1281 0.119412 0.00507224 -0.000841812 0.0102734 0.174628 0.000524295 0.00610739 0.180491 0.00376054 0.0247403 0.207588 0.0292832 0.00294726 0.000942435 0.0089079 0.000104743 9.71716e-05 0.0002906 0.000105502 0.000340327 9.05629e-05 0.000165515 0.000188662 9.62693e-05 0.000173175 -8.13621e-05 0.000100147 5.54463e-05 -0.00042457 -0.000310338 0.000108604 0.000183139,800,0,cuda,2.27,5.49
test,2391,pomeranian_1,pomeranian,dog,correct,pomeranian,kernel,24,0.99881,37,0.744898,0.832114,0.087216,0.028909,0.727689,0.0,,,,-0.0180147 0.0619036 0.0125438 0.0122142 -0.00634462 -0.00410743 -0.00109708 0.1813 0.0130295 0.0315199 0.0250959 0.00898033 0.00575132 0.0716046 -0.00500801 0.326045 -0.00143922 -0.000976686 0.0271379 0.0474107 0.023656 0.00678813 -0.000621707 0.00799789 0.0459643 -0.0172992 0.0298095 0.00954892 0.0149568 -0.000135154 0.0809009 -0.0109847 0.00246986 0.0110094 -0.00698896 0.00336389 0.00304695,800,0,cuda,2.18,5.2
test,2391,pomeranian_1,pomeranian,dog,correct,pomeranian,partition,24,0.99881,37,0.744898,0.995742,0.250844,0.081987,0.81506,0.0,,,,0.00343138 0.0310905 0.00038159 0.00475853 0.000637792 0.0158752 0.00107777 0.340863 0.0141301 0.0538485 0.00393631 0.00159554 0.00904416 0.133078 0.00101932 0.226113 0.0106264 0.00436695 0.0387804 0.0245728 0.00137862 0.013985 0.00702623 0.00278055 0.000112828 0.00337968 0.00179814 0.00107637 0.00191232 0.000783093 0.0281635 0.00251513 0.00178558 0.00296842 0.000833307 0.0010685 0.00023631,800,0,cuda,2.08,5.2
test,2353,Persian_71,Persian,cat,correct,Persian,kernel,23,0.735533,32,0.302156,0.756437,0.45428,0.019848,0.772724,0.0,,,,-0.00759866 -0.00845769 0.00529842 0.0155087 0.0173792 -0.0547383 -0.00531826 -0.0145312 -0.000955609 0.161736 0.189536 0.00602889 0.00471861 -0.00303843 0.0577407 -0.00140769 -0.00402641 0.163627 0.0476064 0.176389 0.0344188 -0.0140328 -0.0232495 0.0420796 0.00164984 -0.0316081 0.0019693 0.00692467 -0.00919633 -0.0194121 -0.0503413 0.0320709,800,0,cuda,2.31,5.47
test,2353,Persian_71,Persian,cat,correct,Persian,partition,23,0.735533,32,0.302156,0.881771,0.579615,0.023254,0.795531,0.0,,,,0.000208786 0.00120127 0.000205973 0.00075393 -0.00978856 -0.0475017 0.012259 -0.00253181 -0.000444877 0.0759389 0.194448 -0.00101201 0.0278544 -0.0158623 0.0073611 -0.00689371 -0.0174088 0.199427 0.00993888 0.334645 0.00577695 -0.000636339 -0.000801667 -0.00880689 -0.000982993 -0.000995678 -0.00649469 -0.0041798 -0.00320667 -0.000167839 -0.0284613 0.00292841,800,0,cuda,2.25,5.47
test,1004,chihuahua_27,chihuahua,dog,correct,chihuahua,kernel,10,0.999981,35,0.505501,0.921211,0.41571,0.108905,0.790009,0.0,,,,-0.00846188 0.0269902 0.0193607 -0.00841496 -0.00653386 0.102458 0.265959 -0.0207229 0.0341472 0.0572384 0.0267624 -0.0128592 0.174739 -0.00887103 0.0753601 0.0286052 0.0654443 0.0241478 0.0533897 -0.0226193 -0.0123717 -0.00709157 0.0349239 -0.0152145 -0.0166097 0.0200646 0.0261414 0.00115822 0.0361793 0.0338307 0.0135258 0.00863116 -0.00671652 0.00789728 0.00134237,800,0,cuda,2.2,5.08
test,1004,chihuahua_27,chihuahua,dog,correct,chihuahua,partition,10,0.999981,35,0.505501,0.91955,0.414049,0.133279,0.692189,0.0,,,,-0.00526612 0.00602598 0.00207951 -0.00492593 0.0128228 0.0109232 0.233288 0.00356946 0.00409304 0.0681495 0.0604299 -0.00134282 0.0889192 -0.00247667 0.118329 0.033659 0.107106 0.0106063 0.0244762 0.00349159 0.0187027 0.000482875 0.00878792 0.00224363 0.0103331 0.0499862 0.0226991 -0.000921471 0.0511863 0.0144405 -0.00408865 -0.000878262 0.0421276 0.00245587 0.00029419,800,0,cuda,2.07,5.08
test,2660,Ragdoll_81,Ragdoll,cat,wrong,Birman,kernel,6,0.981649,34,0.811424,0.983733,0.172309,0.266531,0.76077,0.0,,,,0.0161506 -0.00804155 0.0124478 -0.00169984 0.0605695 0.0377569 0.0213644 0.0359965 0.057737 -0.00234836 0.0660457 0.0660259 0.141916 0.0411327 0.0183742 0.00367803 -0.00350562 0.019987 -0.00483742 0.0252452 0.134127 -0.00502429 0.0258798 0.0659882 0.0604659 0.0217144 0.00553539 -0.0601163 -0.00337917 0.000825924 0.027536 0.0240484 0.051262 -0.00271384,800,0,cuda,2.19,5.46
test,2660,Ragdoll_81,Ragdoll,cat,wrong,Birman,partition,6,0.981649,34,0.811424,0.995429,0.184006,0.323722,0.727643,0.0,,,,0.0196706 0.00459723 0.00261738 0.0453446 0.0806564 0.0244691 0.00856238 0.0263331 0.0919225 0.0473482 0.0425338 0.0607269 0.0733225 0.0448233 0.0340439 0.0691918 0.00992409 0.0338531 0.00975319 0.0184814 0.0337634 0.0223643 0.0140177 0.03369 0.0983354 0.0145009 0.00055537 -0.0017051 -0.00231637 0.00200859 -0.0117987 -0.00319369 0.0100365 -0.00828921,800,0,cuda,2.43,5.46
test,3254,Siamese_75,Siamese,cat,correct,Siamese,kernel,32,0.606333,33,0.775411,0.997113,0.221703,0.052958,0.400642,0.0,,,,0.0270816 -0.00158953 -0.0172887 -0.00385154 0.0292626 -0.00660369 0.0162462 0.0383143 -0.0446973 0.000351031 -0.00463514 0.004047 -0.00947091 0.00801218 0.0189714 -0.00895506 0.029751 -0.0200068 0.00516691 0.0428132 0.0736824 -0.00592661 0.0288544 0.0983428 0.00193436 0.0946048 0.0386819 0.0251248 -0.0207334 0.044247 0.0873255 0.0333234 -0.0108163,800,0,cuda,2.55,5.64
test,3254,Siamese_75,Siamese,cat,correct,Siamese,partition,32,0.606333,33,0.775411,0.992128,0.216718,0.068241,0.237423,0.0,,,,0.0233287 -0.00651602 -0.00445488 -0.00561648 0.0137175 -0.00478275 0.0333447 0.0545091 -0.00202971 0.00282318 0.00226314 -0.00074186 0.00513412 0.000536462 0.00418561 0.0134269 0.0114472 0.0191251 -0.0024717 0.0186042 0.0676042 -0.00118229 -0.000445492 0.0901976 0.0544156 0.0358491 0.0231713 0.0109044 0.00524534 0.0690138 0.0419501 0.00707669 0.0119308,800,0,cuda,2.17,5.64
test,280,american_pit_bull_terrier_82,american_pit_bull_terrier,dog,wrong,german_shorthaired,kernel,14,0.77065,30,0.652184,0.89856,0.246376,0.189793,0.588776,0.0,,,,0.0806077 0.0803334 -0.0212014 0.0353245 -0.00363352 0.0129205 -0.0192413 0.0676033 0.040419 0.0461379 0.203094 -0.0116016 -0.0173448 0.0276067 -0.00308818 0.0108787 -0.0413669 0.00948219 0.0273166 -0.00146972 0.0323625 0.0267902 0.000902672 0.00901472 0.0175617 0.0199244 0.0171514 0.0546629 0.0268858 0.0126957,800,0,cuda,2.44,5.58
test,280,american_pit_bull_terrier_82,american_pit_bull_terrier,dog,wrong,german_shorthaired,partition,14,0.77065,30,0.652184,0.897096,0.244912,0.198649,0.379438,0.0,,,,0.0607684 0.0557793 -0.0452688 -0.00140755 0.0851397 0.00127888 -0.0135753 0.0818994 0.0173733 0.0788855 0.176537 0.019045 0.0244058 -0.00557059 0.00382422 0.00991638 0.0327702 0.0583396 0.0204151 0.00663409 0.00612452 0.00655107 0.0144013 -0.0119001 0.00796144 0.01093 0.0161928 0.0151721 0.00382584 0.00428045,800,0,cuda,2.26,5.58
test,3394,staffordshire_bull_terrier_32,staffordshire_bull_terrier,dog,correct,staffordshire_bull_terrier,kernel,34,0.271798,40,0.450255,0.944985,0.49473,0.002946,0.219645,0.0,,,,0.0024787 -0.00750477 -0.00209383 0.00338258 0.0234261 -0.0261333 -0.0143327 0.0156477 -0.00845199 0.00960075 -0.0243335 0.00847076 0.00247595 0.0319955 -0.00450836 0.00791782 0.00172596 0.0472173 0.0530124 -0.00609916 0.000331708 -0.00716837 0.00101236 0.0340042 -0.0034026 0.000707027 0.00207983 0.0251259 0.00862173 -0.00262021 0.0305647 0.0168347 0.0108417 0.0115887 0.0207266 -0.00502308 0.0105685 -0.00253159 -0.0078125 0.00934522,800,0,cuda,2.64,6.04
test,3394,staffordshire_bull_terrier_32,staffordshire_bull_terrier,dog,correct,staffordshire_bull_terrier,partition,34,0.271798,40,0.450255,0.861719,0.411464,0.017224,0.192407,0.0,,,,-0.00374324 -0.00115849 -0.00289891 -0.00237711 0.0177437 -0.00437089 -0.00400008 -0.0027978 -0.00198126 0.00368059 0.00412373 0.0272297 0.00519416 0.0598988 -0.00875523 0.0216043 0.00203705 0.036919 0.0227523 -0.00724507 0.00639526 -0.00132842 0.00354214 0.0537954 0.00402268 0.00563589 -0.00324356 0.00980806 0.00215081 -0.000879281 0.0111989 0.00298106 0.00309376 0.00326839 0.00337802 0.000983879 0.00189962 -0.00211023 0.00148728 -0.000246474,800,0,cuda,2.39,6.04
test,3609,yorkshire_terrier_46,yorkshire_terrier,dog,wrong,havanese,kernel,16,0.764633,41,0.722078,0.837643,0.115564,0.127971,0.563857,0.0,,,,0.0156398 0.0511052 0.00312933 0.0151458 -0.0214735 0.0121897 -0.0117039 -0.0257394 -0.0144922 0.0186663 0.035676 0.17985 0.0302959 0.0266275 0.0283834 0.0541258 0.107235 0.0205147 0.0582715 0.0220704 0.0669402 0.0325559 0.0157547 -0.00808451 -0.0241351 -0.0145893 0.011602 0.0283698 0.00597802 -0.0351804 0.0166503 -0.00149608 -0.0125377 -0.00945071 0.0181968 -0.0175027 0.0308024 0.0367671 0.0301382 -0.0109705 -0.0256926,800,0,cuda,2.08,5.65
test,3609,yorkshire_terrier_46,yorkshire_terrier,dog,wrong,havanese,partition,16,0.764633,41,0.722078,0.805228,0.08315,0.156565,0.428917,0.0,,,,-0.0130439 -0.0174689 0.0248527 0.00520453 -0.0279485 0.00797319 -0.0370086 -0.0077808 0.024248 0.0162542 -0.0140823 0.103334 0.0198641 0.0126634 0.031655 0.0453858 0.0183834 0.0335916 0.0798831 0.024449 0.0574121 0.0408815 0.011189 0.0243159 0.0099614 0.00901388 0.0418313 0.0378439 0.00156306 0.00408391 0.0238057 0.00630224 0.0245555 0.018407 0.0110361 0.0121609 0.00755075 0.0346452 0.018514 0.00577293 0.00837769,800,0,cuda,2.69,5.65
test,3128,shiba_inu_53,shiba_inu,dog,correct,shiba_inu,kernel,31,0.999849,39,0.445751,0.905941,0.46019,0.216553,0.947132,0.0,,,,-0.00284113 0.00336037 -0.00739785 0.0288128 -0.00766014 -0.0145623 -0.000521268 0.0309152 0.00600262 0.31775 0.0777151 0.0143771 0.0738845 0.0217202 0.0141647 0.0133035 0.015041 -0.0455465 0.0173489 0.0824152 0.015486 0.109189 0.00858169 0.0734802 -0.0358139 0.0211004 0.0907807 0.0152171 0.0930528 -0.0582437 0.0138853 -0.00493259 0.018512 0.0185088 -0.0046573 -0.0240937 -0.0115949 -0.0154269 0.00228856,800,0,cuda,1.98,5.65
test,3128,shiba_inu_53,shiba_inu,dog,correct,shiba_inu,partition,31,0.999849,39,0.445751,0.780706,0.334955,0.387755,0.949698,0.0,,,,0.00807822 0.00151242 0.0178506 -0.00365746 -0.00362261 -0.00129859 0.00121633 0.0149182 0.00275152 0.377422 0.0842826 0.0238727 0.0619864 0.0281855 -0.00266839 -0.00223068 0.0205872 0.0348621 0.00804936 0.0727502 0.0281911 0.0286414 -0.00926611 0.0240194 -0.00486304 -0.00273694 0.0257395 0.00717918 0.108059 -0.00285567 -0.00676332 0.00708609 0.0220939 0.0180285 -0.0045819 -0.0133553 -0.00920574 -0.0019831 0.00532652,800,0,cuda,2.75,5.65
test,400,beagle_197,beagle,dog,correct,beagle,kernel,4,0.967363,40,0.436543,0.989338,0.552794,0.069484,0.741345,0.0,,,,0.00577946 0.00691211 0.00736683 0.00679561 -0.0370248 -0.0456877 0.182071 0.119817 0.149628 0.0159911 -0.00984865 -0.0207266 0.0687177 0.0046505 0.00588735 0.192233 0.0147058 0.0430254 0.0485845 0.0527229 -0.00713177 0.00527406 0.0480918 0.0335246 0.0187721 -0.0191348 -0.0564092 -0.0300664 0.023997 -0.00483451 -0.000265656 0.0385227 0.0132143 0.00767197 -0.0262403 0.00847944 -0.00884238 -0.0310326 -0.0269766 0.00921588,800,0,cuda,1.93,5.52
test,400,beagle_197,beagle,dog,correct,beagle,partition,4,0.967363,40,0.436543,0.795704,0.359161,0.064707,0.624394,0.0,,,,0.0382985 0.0191803 -0.00204434 0.004054 -0.00814805 0.0028574 0.170372 0.155172 0.00537074 0.00475613 0.00387394 0.0136937 0.0555365 0.017868 0.0058107 0.254427 0.00855264 0.00557871 0.00350339 0.00138375 0.0179419 -0.00157058 0.00547819 0.00457317 0.00171944 -0.00741648 0.0059447 -0.00130553 0.00166109 -0.00648162 -0.000882823 -0.000636566 -0.00825645 0.0137479 0.0233982 -0.0046418 -0.00452208 0.00710804 -0.00500551 0.00648058,800,0,cuda,2.56,5.52
test,1596,havanese_22,havanese,dog,correct,havanese,kernel,16,0.965983,31,0.347856,0.592632,0.244777,0.27284,0.840338,0.0,,,,0.0543752 0.0238581 0.361057 -0.00461246 0.0405514 0.18083 0.0361236 -0.0285754 0.00857683 0.104751 -0.000747733 0.0239666 0.0318287 0.0425167 0.0112418 -0.0215031 0.00207922 -0.010748 -0.0396616 0.0231726 -0.009451 0.00675689 0.00509051 0.0238898 0.0264217 0.0232686 0.00913491 0.00744519 0.0147304 0.00347349 -0.00885943,800,0,cuda,2.03,5.42
test,1596,havanese_22,havanese,dog,correct,havanese,partition,16,0.965983,31,0.347856,0.525075,0.17722,0.1792,0.625241,0.0,,,,0.00121461 0.00835729 0.386326 -0.00200124 0.102117 0.0750946 0.0589027 -0.0173058 0.0128233 0.106407 0.00682375 -0.0194126 0.00280831 0.0454403 0.00747539 0.0214236 0.0048093 0.00255263 0.0169834 0.00148657 0.0339769 0.0130846 0.00454771 0.0149495 0.00321075 0.0241021 0.0123003 0.00182695 0.00621598 0.00152527 0.00291642,800,0,cuda,2.54,5.42
test,1497,great_pyrenees_23,great_pyrenees,dog,correct,great_pyrenees,kernel,15,0.997894,33,0.269571,0.977954,0.708383,0.015214,0.908437,0.0,,,,0.00790833 0.0155444 0.0139068 -0.0165111 0.208626 0.011336 0.0136776 -0.0184966 0.332728 0.00341742 0.000104096 0.310457 0.00573801 0.000330954 0.0536496 0.0579781 -0.00741568 0.0121507 -0.00135983 0.009882 0.00909583 -0.0121349 0.00134186 0.00114789 0.00373131 0.000918927 0.00751628 -0.0088067 0.00253972 -0.0076451 -0.00187355 -0.0163687 -0.000715647,800,0,cuda,2.21,5.34
test,1497,great_pyrenees_23,great_pyrenees,dog,correct,great_pyrenees,partition,15,0.997894,33,0.269571,0.977954,0.708383,0.027156,0.913436,0.0,,,,0.0237537 0.0227128 0.0299762 0.00780915 0.108153 -0.000565235 0.0300062 0.00844719 0.191574 0.00988166 0.00860751 0.364129 0.00756433 0.0163534 0.104595 0.0404652 0.0011716 0.0183679 0.00125666 -0.000103551 0.000119943 6.28214e-05 -0.000236701 -0.000197149 4.36983e-05 -8.97869e-05 -6.23245e-05 -0.000507458 -0.000207006 -0.000214117 -0.000164233 -0.000153471 -0.00014993,800,0,cuda,2.29,5.34
test,2516,pug_40,pug,dog,correct,pug,kernel,25,0.990717,43,0.15065,0.773767,0.623117,0.026035,0.658598,0.0,,,,-0.00869905 0.0223653 0.00846516 0.0092565 -0.00724761 -0.0540899 0.00880142 -0.00608927 0.0117628 -0.000923531 -0.0278506 0.0200107 -0.00635726 0.0354363 -0.0389005 0.00885192 0.0740686 0.00190279 0.00104343 0.00847072 0.194064 0.00767244 0.048016 0.25624 -0.00292469 0.0609854 0.0261123 0.016234 0.3294 -0.0107264 0.0139454 -0.00207769 0.0163589 0.00089497 0.0308492 0.0215696 -0.0141664 -0.0293344 0.000240405 -0.0459556 -0.00339786 0.00635387 -0.000494942,800,0,cuda,2.23,5.25
test,2516,pug_40,pug,dog,correct,pug,partition,25,0.990717,43,0.15065,0.719836,0.569186,0.026995,0.737779,0.0,,,,0.00200816 0.000209685 0.00229477 0.00126638 0.000439665 0.000257006 0.000404045 1.05834e-05 0.00089211 0.00174825 0.00130423 0.00921222 -0.000557847 0.00166378 0.00109638 0.0258251 0.0284751 0.000863339 -0.00118981 0.00504597 0.170221 -0.00103735 0.0215568 0.156626 -0.000888142 0.00459477 0.00733946 8.83994e-05 0.371356 0.0253328 0.00908931 0.062266 -0.00103534 0.0152014 0.000606327 -6.16957e-05 0.0200298 0.0102421 0.0175353 -7.62201e-05 3.357e-05 0.00988679 -3.98636e-05,800,0,cuda,2.06,5.25
test,1479,german_shorthaired_98,german_shorthaired,dog,correct,german_shorthaired,kernel,14,0.999537,38,0.378428,0.526854,0.148426,0.214254,0.642647,0.0,,,,0.0701198 0.0635283 0.0403722 -0.00900523 0.00502144 0.0665558 -0.015895 -0.00452828 0.0430462 -0.000629414 0.0310223 -0.00354547 0.0354377 -0.00864259 0.0570051 0.00519693 0.0136512 0.0532364 0.0624296 0.019001 0.0359162 0.0154758 0.0697083 0.0176529 0.027414 -0.0219262 0.0103319 0.0469741 0.023774 0.0603768 -0.0157009 0.0571869 0.0256061 0.0357368 -0.0016636 0.0208413 0.0107718 0.0277617,800,0,cuda,2.3,4.95
test,1479,german_shorthaired_98,german_shorthaired,dog,correct,german_shorthaired,partition,14,0.999537,38,0.378428,0.686398,0.30797,0.348945,0.596603,0.0,,,,0.0300111 0.0362519 0.0110187 0.0203527 0.0163687 0.0857329 -0.00700747 0.0495381 0.08973 0.0844038 0.023815 0.045834 0.015108 0.0123457 0.0851168 0.00594254 0.0148722 0.0322621 0.0469111 0.00105958 0.013024 0.025508 0.0215685 0.0160707 0.0156839 0.0076275 0.0033904 0.00796021 0.010348 0.0248632 0.00257869 0.0498155 0.0141353 0.0118412 0.00240935 0.0389624 0.00211771 0.00204374,800,0,cuda,1.84,4.95
test,1800,keeshond_26,keeshond,dog,correct,keeshond,kernel,18,0.729277,35,0.209204,0.948254,0.739051,0.027237,0.282588,0.0,,,,0.0191942 0.0179366 -0.0124074 0.0416359 0.0269793 0.010801 0.00366135 0.0158462 -0.00770652 -0.00072936 0.00231747 -0.00264017 -0.00959846 -0.0123889 0.0013713 -0.0177404 0.0328145 -0.000250217 -0.00989507 0.0477447 0.0267268 0.0213532 -0.002983 0.0445327 0.0909593 0.093887 0.0616609 0.107886 -0.00296124 -0.0174111 0.0520937 0.0501684 0.0302102 0.00344648 0.0108981,800,0,cuda,2.52,4.81
test,1800,keeshond_26,keeshond,dog,correct,keeshond,partition,18,0.729277,35,0.209204,0.77769,0.568486,0.048287,0.272265,0.0,,,,0.00305412 0.00895708 0.00998237 0.00224623 -0.000569923 0.00168778 0.0246751 0.0155588 0.0289002 0.0120225 0.00875851 0.0141814 0.0132969 0.0101013 0.00632183 0.00990313 -0.00261631 0.00915552 0.00393714 0.0239722 0.0205408 0.00201977 0.00186264 0.0562125 0.0891868 0.0309451 0.0498218 0.0710707 0.00278849 0.00235392 0.0359683 0.0974136 0.0189135 -0.00830219 0.0430917,800,0,cuda,1.38,4.81
test,2009,Maine_Coon_271,Maine_Coon,cat,correct,Maine_Coon,kernel,20,0.94542,39,0.679468,0.857777,0.178308,0.119771,0.79034,0.0,,,,0.0205354 0.0326951 -0.0132093 0.00917261 0.0163134 -0.011162 0.0866574 0.00515474 0.180437 0.0295386 -0.00152085 -0.0256197 0.00918893 0.0753176 0.0818562 -0.0399949 0.220137 0.0878349 0.0127675 0.00536482 0.010709 -0.0074597 0.003436 -0.0171877 0.0637267 0.0768937 0.0115758 -0.0122587 0.00987082 -0.0215359 0.027847 -0.00595238 0.0150072 0.00632992 -0.0102252 -0.0307707 -0.0100732 -0.00294398 0.0317379,800,0,cuda,2.91,5.81
test,2009,Maine_Coon_271,Maine_Coon,cat,correct,Maine_Coon,partition,20,0.94542,39,0.679468,0.837607,0.158139,0.150715,0.782392,0.0,,,,0.029256 0.0168439 -0.00410027 -0.00418833 -0.0014725 0.00543143 0.0569236 -0.000778152 0.0679892 0.000759693 0.0470902 -0.00340479 0.0197277 0.0346491 0.0380117 0.00244886 0.291768 0.0431207 0.0154491 0.0120942 0.00913894 0.0357024 0.00280136 0.00586596 0.0161588 0.0902016 -0.00362252 0.00118115 0.021656 0.0209442 0.00634425 0.0062252 0.00415571 0.0144617 0.0135452 0.00333203 -0.00234428 0.00314996 0.00367335,800,0,cuda,2.06,5.81
test,504,Bengal_198,Bengal,cat,wrong,Egyptian_Mau,kernel,11,0.944111,38,0.48585,0.988229,0.502379,0.129708,0.753947,0.0,,,,-0.0283154 -0.0153529 0.0166568 -0.000619185 -0.00452637 0.048357 -0.0207537 -0.0284083 -0.00265028 -0.0563759 -0.0307467 -0.0282818 0.0224884 0.0513211 0.0193534 0.0228867 0.0330782 0.0568281 0.17291 -0.00834061 0.00679136 0.108686 0.0742394 0.0305462 0.0459783 0.00640442 0.0714201 0.0799074 0.0205595 0.0501821 0.0275887 0.0215098 0.032216 0.0168712 0.0303215 0.0132173 0.0225651 -0.00964369,800,0,cuda,2.62,5.62
test,504,Bengal_198,Bengal,cat,wrong,Egyptian_Mau,partition,11,0.944111,38,0.48585,0.801042,0.315192,0.210023,0.645426,0.0,,,,-0.0128264 -0.00318088 -0.00763978 -0.0114406 -0.00488053 0.019592 -0.00095196 -0.00212352 -0.00215952 -0.00137998 -0.000762835 0.0212319 0.00209013 0.0771851 0.000656442 0.0680983 0.0190445 0.09436 0.20017 0.0167882 0.0257638 0.081386 0.019266 0.0574507 0.00625995 0.00289432 0.0632484 0.0611857 0.0198453 0.0258071 0.0289423 0.000768442 0.00386591 -0.00393554 0.000433002 0.00785128 -0.00229608 -0.00173755,800,0,cuda,2.15,5.62
test,2582,Ragdoll_204,Ragdoll,cat,correct,Ragdoll,kernel,26,0.956295,37,0.642259,0.958497,0.316238,0.158227,0.371751,0.0,,,,-0.00408394 0.0417981 -0.0114388 0.00958632 0.0341302 0.0149448 0.0296164 0.0416466 0.0192869 0.0264371 0.0172524 -0.00352735 0.0323716 0.00406821 0.0113686 0.0221817 0.0349046 0.0498142 0.0234516 0.0588885 0.0695946 0.0742503 0.0393326 0.00627175 0.0823465 0.104495 0.0405973 -0.0123839 0.0299894 0.0522803 -0.00698447 -2.15676e-05 -0.00553157 0.0111372 -0.00263492 -0.0297849 0.033052,800,0,cuda,2.48,5.49
test,2582,Ragdoll_204,Ragdoll,cat,correct,Ragdoll,partition,26,0.956295,37,0.642259,0.958692,0.316432,0.163815,0.353496,0.0,,,,0.0135321 -0.00427684 0.00231654 0.0110041 0.0160124 0.0133165 0.0105272 0.0228944 0.0274265 0.00326279 -0.0134444 0.00525712 0.0046067 -0.0106436 0.0118031 0.0213714 0.00498272 0.0458294 0.0144612 0.0540115 0.088941 0.101668 0.0267671 0.00537585 0.109594 0.136009 0.101037 0.00716001 0.013855 0.0552776 0.000726923 0.00441213 0.000726923 0.00332248 0.0027838 0.00376835 0.0230269,800,0,cuda,2.18,5.49
test,3064,scottish_terrier_86,scottish_terrier,dog,correct,scottish_terrier,kernel,30,0.998393,37,0.704759,0.939581,0.234822,0.208007,0.723738,0.0,,,,-0.00733564 0.00316211 -0.0211543 0.00435642 -0.00823875 0.039226 0.0179351 0.0497137 0.0037219 0.0497942 0.00659426 0.0469965 0.092909 0.0321055 0.0507907 0.0286527 0.0185593 0.00143712 0.023249 -0.00468183 0.0828352 0.120422 0.123573 0.0635986 0.0117012 0.0132363 0.00773415 0.034813 0.00289473 0.0327446 0.0073172 -0.0135386 0.0202039 -0.0116398 0.0247158 0.0614209 -0.0194188,800,0,cuda,2.66,5.66
test,3064,scottish_terrier_86,scottish_terrier,dog,correct,scottish_terrier,partition,30,0.998393,37,0.704759,0.943319,0.23856,0.237175,0.667011,0.0,,,,0.010045 0.00796417 0.000342502 0.00654182 0.00992883 0.0493911 0.0238863 0.0973142 0.00574688 0.0188348 0.0360325 0.0435938 0.0393083 0.0501795 0.0727863 0.0489286 0.0293669 0.0178664 0.015668 0.00294595 0.107987 0.0965889 0.131579 0.0185766 0.00492583 0.0130514 0.00341994 0.00715827 0.0046174 -0.000297899 0.00235211 0.0052064 0.00193492 -0.000375297 0.0060143 0.00246137 -0.0014651,800,0,cuda,2.16,5.66
test,1744,japanese_chin_66,japanese_chin,dog,correct,japanese_chin,kernel,17,0.999668,34,0.604412,0.993357,0.388944,0.186972,0.799635,0.0,,,,-0.000421505 0.000946356 0.0124867 -0.000193027 -0.0305869 0.0130045 0.0499514 -0.0149348 -0.01413 0.1421 0.00375934 0.16155 0.00906698 0.023926 0.0155202 0.121724 0.0303635 0.00586321 0.0593447 0.109816 0.129103 -0.000647961 0.0106466 0.0754245 -0.0114709 -0.00811021 0.0206011 0.0507939 0.00835393 0.00425826 -0.0119133 0.0228633 -0.0144537 0.00176716,800,0,cuda,2.64,5.68
test,1744,japanese_chin_66,japanese_chin,dog,correct,japanese_chin,partition,17,0.999668,34,0.604412,0.993031,0.388619,0.162749,0.834585,0.0,,,,0.0117114 -0.00614385 0.00925471 0.00342241 0.0318187 0.00311132 -0.000776711 0.0464929 0.00035989 0.151369 0.006142 0.212033 0.00776393 0.0327193 0.00234374 0.148038 0.02405 0.0103996 0.0887805 0.0302258 0.053694 0.00387401 0.0137783 0.0310785 0.00269535 0.00780236 0.00728694 0.0188867 0.00265831 0.0107906 0.0105544 -0.00357272 0.00315444 0.000575717,800,0,cuda,2.19,5.68
test,903,British_Shorthair_26,British_Shorthair,cat,correct,British_Shorthair,kernel,9,0.965166,32,0.612325,0.922407,0.310083,0.355623,0.818755,0.0,,,,-0.00875517 0.00306091 0.0616109 0.116395 -0.0174309 0.00284807 0.00897915 0.00190887 0.0232749 -0.0272366 0.0253608 0.0246204 0.000859185 0.0827417 0.0126557 0.0882298 0.0209618 0.0911876 0.0880329 0.00443802 0.032533 0.126167 0.0329178 -0.0113094 0.0358607 0.00890216 0.0535828 0.0148722 -0.00563738 -0.011828 -0.0144772 -0.0137569,800,0,cuda,2.75,6.13
test,903,British_Shorthair_26,British_Shorthair,cat,correct,British_Shorthair,partition,9,0.965166,32,0.612325,0.985957,0.373633,0.387592,0.535263,0.0,,,,0.00608893 0.00718898 0.035648 0.0546038 -0.00478614 0.0205622 0.0674054 0.0708745 -0.00906294 0.0464715 0.0316498 0.0299911 0.0253584 -0.00994058 0.018394 0.0208793 -0.00189073 0.0588825 0.054377 -0.0136456 0.0978275 0.0327878 0.0527492 0.00108329 0.0429283 0.0201513 0.0630101 0.0136582 0.00937711 0.00222796 0.00388763 0.00283187,800,0,cuda,2.6,6.13
test,2040,Maine_Coon_56,Maine_Coon,cat,correct,Maine_Coon,kernel,20,0.999633,43,0.559391,0.998581,0.43919,0.176568,0.919408,0.0,,,,-0.0438316 -0.0316443 0.00452458 -0.0191681 0.016133 0.0489049 0.0124181 -0.0147606 0.00111568 0.0151898 0.0705826 0.0145648 0.00612016 -0.012933 0.00168241 -0.00187263 -0.0254074 0.0025507 0.0211691 -0.0111875 0.00961446 0.244787 0.0666886 0.0412573 0.0228125 -0.0221516 0.0360584 0.0552296 -0.0069334 0.223854 0.0519993 0.0326036 0.0410534 0.0411686 -0.0239503 -0.00117409 -0.0065078 0.0291726 0.000760937 0.0444227 0.00518441 0.00263077 0.0316718,800,0,cuda,2.83,6.0
test,2040,Maine_Coon_56,Maine_Coon,cat,correct,Maine_Coon,partition,20,0.999633,43,0.559391,0.973797,0.414406,0.210351,0.906887,0.0,,,,-0.00187475 -0.00220616 0.000935982 0.00883658 0.00383453 0.0054394 -0.0103088 0.00261524 0.0112989 0.00408474 0.0835691 0.026881 0.0806977 0.0512931 0.0301402 0.0103314 0.0128901 0.0233718 0.00270409 0.00358267 0.00654992 0.173949 0.148661 0.0674566 -0.00391526 0.0172311 0.0221974 0.00416943 -0.00251625 0.138558 0.00840238 -0.00448482 -0.00837746 0.00552533 -0.00639384 0.00516026 0.0104087 0.0208556 0.00336685 0.0150211 -0.00268753 -0.00229971 0.00944921,800,0,cuda,2.23,6.0
test,3279,Siamese_9,Siamese,cat,correct,Siamese,kernel,32,0.548396,36,0.495018,0.808384,0.313367,0.042505,0.220705,0.0,,,,0.00223825 0.0209578 -0.00530113 0.000568771 0.0190082 0.0314222 0.0332051 0.0194622 0.0111237 -0.0185782 0.0467363 0.018107 -0.111705 -0.015916 0.00161708 0.0260562 -0.0087557 0.00999345 0.079366 0.0302911 0.0357184 0.173691 0.0323537 0.0481453 -0.0147944 0.0287923 -0.0122752 -0.00832994 0.00658922 0.00317342 0.00808411 0.0143685 -0.00328573 0.00274495 0.0204893 0.00826495,800,0,cuda,3.18,5.86
test,3279,Siamese_9,Siamese,cat,correct,Siamese,partition,32,0.548396,36,0.495018,0.953911,0.458894,0.087899,0.368186,0.0,,,,0.00455284 0.00277783 0.00435193 0.00665664 0.0175656 0.00169245 -0.00281266 0.00103426 0.0132103 0.0333866 -0.00167292 0.00250746 -0.0219492 -0.00492189 0.0228833 0.0262608 -0.00179562 0.0250265 -0.000407848 0.0330451 0.0310359 0.201612 0.0271367 0.0256753 7.37229e-05 0.0199846 -0.000156296 0.0118525 0.00644551 0.0095725 0.00690941 0.0162222 0.00123303 0.0013175 0.00633859 0.0069827,800,0,cuda,1.74,5.86
test,1672,havanese_91,havanese,dog,correct,havanese,kernel,16,0.999433,38,0.691944,0.994254,0.30231,0.362243,0.691461,0.0,,,,0.105655 0.0498483 0.00159269 0.00426479 -0.0155543 0.0334884 0.106688 -0.0383926 0.0160702 0.000257125 -0.00885888 -0.0047131 0.0456884 0.100843 0.0392686 -0.000260203 0.0304509 0.0231497 -0.0100405 0.00250763 0.025014 0.0156592 0.0485596 -0.0134008 0.0330725 0.0498584 0.00202411 0.0762204 -0.00780401 0.0574278 -0.00898775 0.013153 0.0588458 0.044596 0.0638402 0.0174266 0.0140802 0.00289341,800,0,cuda,2.63,5.72
test,1672,havanese_91,havanese,dog,correct,havanese,partition,16,0.999433,38,0.691944,0.99807,0.306125,0.325616,0.657755,0.0,,,,0.116023 0.0152812 0.00605371 0.0206365 0.016382 0.0359497 0.0408048 0.0185448 0.0110044 -0.00142522 0.00424467 -0.00115417 0.0339214 0.116322 0.00625804 0.00627202 0.0804222 0.0296792 0.0135085 0.00508508 0.0118047 0.0407359 0.0342743 0.0246229 0.00968419 0.0374487 0.0160169 0.0910648 -0.00278924 0.0346667 0.00109895 0.00107099 0.0625439 0.00300967 0.00313799 0.025218 0.00536699 0.00164205,800,0,cuda,2.13,5.72
test,550,Bengal_57,Bengal,cat,correct,Bengal,kernel,5,0.863482,39,0.491032,0.882089,0.391058,0.119771,0.571989,0.0,,,,-0.0300583 -0.0172313 0.0774429 0.0320213 0.0167567 0.0197496 0.00610339 -0.0157356 -0.00926485 -0.0081253 -0.0027544 0.0254217 -0.00100795 0.00259542 -9.20999e-06 0.0413669 0.0740349 0.135054 0.0111838 0.00462371 0.0114306 0.0158749 0.0338925 0.0134134 0.0350041 0.0240482 0.149905 0.0366987 -0.0115185 0.0302554 -0.00701997 0.051793 0.0323157 0.011044 0.0118028 0.0155013 -0.00782461 -7.27018e-05 0.0230923,800,0,cuda,2.47,5.66
test,550,Bengal_57,Bengal,cat,correct,Bengal,partition,5,0.863482,39,0.491032,0.74804,0.257009,0.20184,0.528674,0.0,,,,0.000748056 0.00236134 0.0423544 0.0196773 0.00540904 0.00524989 0.0150513 0.00305233 0.00984432 0.00967858 0.00219899 0.0313098 0.00109494 0.00762269 0.00369844 0.0141152 0.0358216 0.257887 0.00809662 0.00544392 0.00767419 0.0337677 0.00655791 0.00431193 0.0059053 0.00346381 0.090677 0.00187723 0.0128075 0.0156808 -0.000598714 0.0326612 0.01942 0.0127272 0.0133305 0.015976 -0.000809035 0.0396317 0.0360255,800,0,cuda,2.16,5.66
test,1862,keeshond_83,keeshond,dog,correct,keeshond,kernel,18,0.994947,40,0.99986,1.0,0.00014,0.08037,0.467995,0.0,,,,0.0158273 -0.00598766 -0.0170367 0.0167714 0.0134337 -0.0182679 0.0160908 -0.0180645 -0.02877 0.037244 0.00320776 -0.0103354 -0.0196593 0.0685926 0.0223734 0.0124648 0.0191249 0.0195355 0.0328722 0.0129847 0.00921486 0.0275542 0.0213139 0.00567026 0.0367318 0.0157405 0.0272827 0.0695849 0.0180692 0.000524076 0.00904121 0.159836 0.0350624 0.244989 0.0108764 0.10533 0.0151583 -0.0357425 -0.00193104 0.0363747,800,0,cuda,2.2,5.2
test,1862,keeshond_83,keeshond,dog,correct,keeshond,partition,18,0.994947,40,0.99986,1.0,0.00014,0.082884,0.633865,0.0,,,,-0.000228091 0.00141628 0.000258415 0.00274403 -0.00143415 0.00211347 -0.000675352 0.00215211 0.00127937 0.00213051 5.32388e-06 0.00342529 0.000154025 0.0173526 0.00745814 0.0012205 6.07454e-05 -0.000125141 0.00741428 0.00309557 0.000834616 0.00587867 0.0265718 0.00612134 0.0213476 0.0536668 0.0330706 0.0967903 0.0113743 0.00662244 0.0484506 0.0783436 0.0322874 0.326699 8.37915e-05 0.164829 0.00878511 -0.000935664 0.00915838 0.00328618,800,0,cuda,2.02,5.2
test,3462,staffordshire_bull_terrier_94,staffordshire_bull_terrier,dog,wrong,american_pit_bull_terrier,kernel,2,0.709252,36,0.329181,0.932906,0.603725,0.0163,0.640436,0.0,,,,0.0347086 0.0364567 -0.0176903 -0.00897802 0.0472129 0.000950254 0.00331113 0.0140264 0.017377 -0.00329762 -0.0240514 0.00377745 0.0613333 0.00568706 0.0965124 0.142829 0.0020908 -0.0202151 -0.0113492 0.16868 0.191587 -0.0165961 -0.00833154 -0.0114138 0.0286809 0.0198318 -0.0162624 0.0264276 0.0117759 -0.017058 -0.0203576 0.0125836 -0.0216796 -0.0205589 -0.0145085 0.00744275,800,0,cuda,2.37,5.38
test,3462,staffordshire_bull_terrier_94,staffordshire_bull_terrier,dog,wrong,american_pit_bull_terrier,partition,2,0.709252,36,0.329181,0.990177,0.660996,0.0166,0.575445,0.0,,,,0.00324337 0.0109326 -0.00318665 0.00662304 0.0283721 -0.01725 -0.0181215 -0.00321457 0.00308614 -0.0115662 -0.00750247 -0.00765247 1.68156e-05 0.0300406 -0.000525601 0.0394971 -0.00492483 -0.0171269 -0.00319513 0.173138 0.229758 0.00118254 0.00545097 0.0220144 0.0463583 0.0901099 0.0044901 0.0509476 0.0114279 0.000363913 0.00360995 0.00118046 0.00299093 0.0319528 0.00293961 -0.00452517,800,0,cuda,2.11,5.38
test,1805,keeshond_30,keeshond,dog,correct,keeshond,kernel,18,0.999811,47,0.285455,0.988328,0.702873,0.091577,0.801577,0.0,,,,0.0182396 0.0229155 -0.00644359 -0.0143844 -0.00984235 0.0354477 0.00262664 -0.00934622 -0.00110475 0.0288964 0.0322779 0.0345924 0.0183243 0.0101483 0.0339926 0.0242803 0.110451 -0.021917 0.050136 0.0213613 -0.0233036 -0.0100354 0.0167856 0.112133 0.0991682 0.0166372 -0.0168695 -0.0090108 0.00119829 0.00868646 -0.00131527 -0.00209328 0.19492 0.0354471 0.02112 0.100909 -0.00264819 0.00865274 0.00694028 0.0141672 -0.0188397 0.037625 -0.0327041 0.00413591 0.0317988 0.0112715 0.00251932,800,0,cuda,2.61,5.98
test,1805,keeshond_30,keeshond,dog,correct,keeshond,partition,18,0.999811,47,0.285455,0.981401,0.695946,0.080595,0.750209,0.0,,,,0.00259933 0.000398781 0.00217524 0.000951229 0.00349815 0.00296745 0.00156012 0.00205814 0.0100923 0.00271776 0.0142616 0.0580764 0.0326478 0.00648771 0.00301224 0.00776204 0.163047 0.00543088 0.0120353 0.00379533 0.0102457 0.0167519 0.0122896 0.029909 0.0322978 -0.00637741 0.0116104 0.0724272 -0.00641074 0.0095069 0.00306141 0.0185685 0.190309 0.0125201 0.0375396 0.10341 0.00993297 -0.00357263 0.0050619 0.00794829 -0.00211033 0.0257543 0.00324273 0.0123575 0.0511832 -0.00166089 -0.00342362,800,0,cuda,2.19,5.98
test,3307,Sphynx_247,Sphynx,cat,wrong,chihuahua,kernel,10,0.978628,30,0.733259,0.98468,0.251421,0.071591,0.521225,0.0,,,,0.00202153 0.0355043 0.010481 0.0333723 0.068702 -0.00997549 -0.0177849 -0.0173379 0.0278554 -0.00896113 0.0252027 0.0239087 0.0895098 0.13261 -0.00175786 0.133432 0.0362825 0.256379 0.0282165 0.0429664 0.023905 0.01064 -0.0250251 0.0238885 0.00565398 0.0403022 0.00440435 0.00337453 -0.024297 0.0169826,800,0,cuda,2.6,5.53
test,3307,Sphynx_247,Sphynx,cat,wrong,chihuahua,partition,10,0.978628,30,0.733259,0.990728,0.257469,0.070005,0.483929,0.0,,,,0.015926 0.0209972 0.00556849 0.0355509 0.0390126 0.0185454 -0.00161407 -0.000784455 0.0574422 -0.000500894 0.0234228 0.00968933 0.046745 0.0219175 0.0097717 0.115672 0.0216839 0.372196 0.0124323 0.0522176 0.00188618 0.0036155 0.00364716 0.0160935 0.0157801 0.0300102 0.0059561 0.00167988 0.00982165 0.00607345,800,0,cuda,2.12,5.53
test,1130,Egyptian_Mau_48,Egyptian_Mau,cat,correct,Egyptian_Mau,kernel,11,0.999517,41,0.517259,0.985834,0.468575,0.216878,0.902944,0.0,,,,0.0166442 0.024319 -0.0300457 0.000243259 0.0206091 0.0112256 0.0201677 -0.00552479 -0.00174885 0.0698664 0.0627703 0.0238238 -0.020628 0.00289193 -0.0130963 -0.0305423 0.0650964 0.0410148 0.000738331 0.162947 0.115426 -0.0154116 0.101224 -0.026654 0.174943 -0.0643023 0.0235719 0.0593315 0.0477744 -0.00222722 0.0204862 0.017471 -0.0126693 -0.0541969 0.0364949 0.00484947 0.0380586 0.0503705 0.0522326 -0.0532137 -0.010054,800,0,cuda,2.41,5.88
test,1130,Egyptian_Mau_48,Egyptian_Mau,cat,correct,Egyptian_Mau,partition,11,0.999517,41,0.517259,0.984305,0.467045,0.192875,0.892467,0.0,,,,-0.000198187 0.00147095 -0.00835971 0.00151192 0.000384815 -0.00327904 0.000525302 0.00247443 -0.00277567 0.0737982 -0.00393519 0.0720306 0.0319632 0.00195947 -0.000554348 -0.0007108 0.0662926 -0.00480505 0.00461264 0.121427 0.106192 0.0010687 0.0313122 -0.00183261 0.147975 -0.000297338 0.0161228 0.0729871 0.0433365 -0.000187303 0.0608377 -0.0031396 -0.000580903 0.015111 0.0242473 0.0136207 0.00168863 -0.000624141 0.0280505 0.0115513 0.00300281,800,0,cuda,2.45,5.88
test,945,British_Shorthair_58,British_Shorthair,cat,correct,British_Shorthair,kernel,9,0.999335,36,0.693678,0.861237,0.167558,0.294315,0.83894,0.0,,,,-0.0205278 -0.00610995 0.0399717 0.038078 -0.00330677 -0.00960055 -0.0290794 0.0326458 0.070996 -0.0221679 0.0377382 0.021459 0.068508 -0.00440354 0.247684 -0.019239 0.0441926 0.0946583 0.0212121 0.0172553 0.0363502 0.0357791 0.0477919 0.0430732 0.0527681 0.00714432 -0.00223338 0.00472181 0.0213119 0.0583873 -0.0397672 -0.00162492 -0.00563034 0.00386551 0.0162951 -0.0124578,800,0,cuda,2.58,5.89
test,945,British_Shorthair_58,British_Shorthair,cat,correct,British_Shorthair,partition,9,0.999335,36,0.693678,0.99032,0.296642,0.326604,0.803275,0.0,,,,0.00420229 0.00551151 0.00667471 0.0584034 -0.0453661 -0.0314391 0.0138291 0.0444223 0.0616972 9.67323e-05 0.0574027 0.0426928 0.0700692 0.0814016 0.12099 0.0141859 0.0175586 0.0558177 0.0486603 0.0159714 0.0612907 0.0320147 0.0474717 0.00414208 0.0360996 0.0179755 0.0160133 0.0176812 0.000347993 -0.00630903 -0.00362736 0.00113257 0.0107675 0.00250441 0.0106503 -0.0051992,800,0,cuda,2.41,5.89
test,163,american_bulldog_68,american_bulldog,dog,wrong,saint_bernard,kernel,28,0.952653,45,0.263991,0.702551,0.438561,0.018336,0.937554,0.0,,,,0.0260191 0.230192 0.0158879 -0.0243527 -0.0132255 0.020989 -0.0119727 0.112328 0.0460325 0.214667 -0.00880846 -0.0200142 0.00554409 -0.00168511 -0.0343515 -0.0213786 0.410491 -0.0416307 0.0325498 -0.0205647 0.0732686 0.0140329 0.0132757 0.0111222 -0.00598998 -0.0144453 0.00561069 0.00697729 0.0104445 -0.0103469 -0.00428518 0.0162619 0.00123285 -0.00249609 -0.0216495 0.0210152 -0.0178073 -0.0282347 -0.0174888 -0.00916866 0.00307351 -0.0139653 -0.0034242 0.00175821 -0.00180346,800,0,cuda,2.41,6.0
test,163,american_bulldog_68,american_bulldog,dog,wrong,saint_bernard,partition,28,0.952653,45,0.263991,0.561503,0.297513,0.038583,0.900587,0.0,,,,0.0306611 0.129103 0.00752736 -0.0015556 -0.0040065 -0.000353648 -0.000361891 0.126966 0.183811 0.232133 -0.0060866 -0.00343414 -0.000688257 -0.000600672 0.0361209 -0.00304174 0.204329 -0.00355605 0.032283 -0.00483611 -0.00277833 -0.00127195 0.00192771 -0.000211769 -0.00147244 -0.00264329 -0.000139477 0.0022721 -0.00223497 -0.000250189 -0.00217 -0.00101729 -2.71321e-06 9.6158e-05 -8.37321e-05 -0.000664072 0.000266444 -0.00031656 0.000351373 0.000431043 -0.000119448 -0.000256819 -0.000431508 9.43827e-05 -0.000102205,800,0,cuda,2.56,6.0
test,1660,havanese_80,havanese,dog,correct,havanese,kernel,16,0.728899,39,0.792052,0.989982,0.19793,0.085437,0.590105,0.0,,,,0.0618074 0.032577 -0.000188741 -0.0131547 0.0489548 -0.0131416 0.00492406 0.021519 -0.0376281 -0.0182231 0.138122 0.0107165 0.0205511 -0.00640818 -0.0137545 0.0201812 0.00458332 -0.0535254 0.0384629 0.00671799 -0.000466996 0.00383049 0.0414014 0.0860315 0.0350893 0.0318832 0.038031 -0.023482 -0.00488629 -0.0272667 0.0187488 0.0869578 -0.00523888 0.0540963 -0.0129923 -0.0196067 0.0992091 0.0510368 -0.00157058,800,0,cuda,2.37,5.76
test,1660,havanese_80,havanese,dog,correct,havanese,partition,16,0.728899,39,0.792052,0.990798,0.198746,0.158055,0.418204,0.0,,,,-0.00126673 0.00348028 -0.00124604 0.00133981 -0.00245839 -0.00140708 0.0252121 -0.00121428 -0.00239776 -0.00067797 0.0534484 0.00456158 -0.0010129 0.00835417 0.000621723 0.0451102 -0.0073374 0.0309246 0.0163799 0.0595874 0.0138037 -0.0029031 0.0180932 0.202027 0.0179643 0.0432682 0.0144956 -0.00212865 0.011661 0.0189042 0.0109583 0.0233928 0.0059033 0.0111509 0.00176798 0.0112961 0.0532316 0.0221423 -0.00113219,800,0,cuda,2.47,5.76
test,1690,japanese_chin_199,japanese_chin,dog,correct,japanese_chin,kernel,17,0.999676,27,0.0,0.0,0.0,0.261237,0.790784,0.0,,,,0.024694 0.00967895 0.180469 -0.000300171 0.000286413 0.0480783 0.165862 -0.00251828 0.0239052 0.0369916 0.0430115 0.059497 0.16795 -0.00281138 -0.0151652 -0.0551347 0.0841837 0.00683216 0.12236 0.0253517 0.0191217 -0.0181068 -0.00298349 0.0133907 0.0248363 -0.00330522 0.0202055,800,0,cuda,2.23,5.76
test,1690,japanese_chin_199,japanese_chin,dog,correct,japanese_chin,partition,17,0.999676,27,0.0,0.0,0.0,0.277353,0.763032,0.0,,,,-0.00199951 0.0349819 0.0961372 0.00556303 0.0230624 0.0827874 0.174553 0.00468671 0.024723 0.00572287 -0.0177647 0.074502 0.110036 -0.00612041 0.0135428 0.00655948 0.0442845 0.0119859 0.109319 0.0146856 0.016471 0.0333332 0.0332205 0.00647599 0.0424481 0.0352153 -0.00203224,800,0,cuda,2.74,5.76
test,2384,pomeranian_194,pomeranian,dog,correct,pomeranian,kernel,24,0.987163,36,0.316406,0.730857,0.414451,0.031753,0.592151,0.0,,,,0.044665 0.023188 -0.0157358 -0.0306442 0.000303891 0.0127406 0.0467101 0.0251438 0.0174317 0.0332809 0.233855 0.011541 0.0292517 0.035397 0.235157 0.0669805 -0.00552266 0.176709 -0.00788651 0.0736721 0.0257658 -0.0117473 0.0179202 -0.0289259 -0.0309377 -0.0167534 0.00620931 0.0180466 -0.0325692 -0.00739279 0.0108314 0.0094821 0.009452 -0.00331213 -0.0105644 0.0176411,800,0,cuda,2.07,5.5
test,2384,pomeranian_194,pomeranian,dog,correct,pomeranian,partition,24,0.987163,36,0.316406,0.730857,0.414451,0.031151,0.646988,0.0,,,,0.000817722 0.00536017 0.00752322 0.00355341 0.00434211 0.0053206 0.00994428 0.00140636 0.0116545 0.0229787 0.286372 0.0240809 0.000486127 0.00300117 0.304914 0.0505005 0.0116691 0.176663 0.00893234 0.0304717 0.00656541 0.0169631 -0.00187243 -0.00409539 0.00142515 -0.00573862 0.0116904 -0.0020126 -0.000627986 -0.00277228 -0.00166257 -0.00405647 -0.000635797 -0.00590414 0.00465729 -0.0025303,800,0,cuda,2.42,5.5
test,2107,miniature_pinscher_33,miniature_pinscher,dog,correct,miniature_pinscher,kernel,21,0.881789,34,0.17327,0.910879,0.737609,0.024315,0.871639,0.0,,,,0.0118804 0.0157264 -0.0127964 -0.005344 0.0111539 -0.00173908 -0.0158922 0.0125957 0.00648278 -0.0498341 0.00118653 -0.00763609 -0.00771021 -0.0565486 0.399365 0.00478357 -2.66688e-05 -0.00567388 0.0586394 0.150333 0.00439642 0.188354 0.00170094 -0.00088623 0.0269326 0.050644 0.00186489 -0.0116479 0.0439664 0.00443128 0.0126372 0.034102 -0.00378029 0.0035784,800,0,cuda,2.11,5.57
test,2107,miniature_pinscher_33,miniature_pinscher,dog,correct,miniature_pinscher,partition,21,0.881789,34,0.17327,0.910879,0.737609,0.024876,0.832771,0.0,,,,0.000419323 -0.00392197 -0.0012386 -0.00059597 -0.000764044 -0.00229174 -0.000810238 -0.00026538 -0.00206491 0.00383466 0.00136004 -0.000682598 -0.000926914 0.00287302 0.410012 -0.000688076 -0.00205922 -0.000960893 0.0494944 0.0841723 0.0156132 0.221069 0.000383459 -0.00061566 0.000511415 0.0468012 -0.00148805 -0.00207745 0.00970223 0.00706438 -0.00069762 0.0266183 -0.00140078 0.00886022,800,0,cuda,2.53,5.57
test,3166,shiba_inu_88,shiba_inu,dog,correct,shiba_inu,kernel,31,0.993057,30,0.307697,0.800673,0.492976,0.168861,0.874359,0.0,,,,-0.0304914 -0.00653543 -0.00143951 0.00399745 0.00644061 0.00764431 -0.029221 0.071415 0.145023 -0.0166661 0.0114547 0.00218086 0.0787274 0.0256049 0.0273624 0.00510135 0.309864 0.14962 -0.0054283 -0.00290881 0.0564734 0.146504 0.0282048 0.00412596 -0.0169822 -0.00442948 -0.00751408 -0.000285583 0.0134612 -0.0144948,800,0,cuda,1.78,5.17
test,3166,shiba_inu_88,shiba_inu,dog,correct,shiba_inu,partition,31,0.993057,30,0.307697,0.78702,0.479323,0.226279,0.859322,0.0,,,,-0.00325083 -0.0258207 0.00914855 0.0585276 -0.00446507 -0.00244504 -0.0234029 0.0797016 0.100374 -0.0144498 0.0033026 0.00336686 0.079749 0.0282267 0.0169951 0.0175303 0.283314 0.0319714 0.0066421 -0.00147506 0.0351833 0.166377 0.0174598 0.010108 0.00188768 0.0161837 0.0120484 0.0501374 0.00168217 0.00220156,800,0,cuda,2.52,5.17
test,3541,wheaten_terrier_75,wheaten_terrier,dog,correct,wheaten_terrier,kernel,35,0.906166,31,0.321887,0.844924,0.523037,0.085851,0.896247,0.0,,,,-0.0164211 -0.00200977 -0.0480789 0.0230778 -0.00904022 -0.0118155 0.0108889 -0.0397764 -0.0281248 -0.0176538 0.000469807 -0.0174757 0.0388241 0.209775 -0.0326834 0.388872 -0.0463131 0.0121238 0.00892063 -0.00487233 0.0723088 0.0667173 0.00683235 0.0524796 0.0314364 0.0670584 0.111477 0.0076063 0.040029 0.0201038 -0.00950624,800,0,cuda,1.71,5.15
test,3541,wheaten_terrier_75,wheaten_terrier,dog,correct,wheaten_terrier,partition,35,0.906166,31,0.321887,0.797987,0.4761,0.115432,0.887003,0.0,,,,-0.00101038 -0.00189258 0.0173438 0.00103388 -0.00121279 -0.00113535 -0.00114186 -0.00365718 -0.00543826 -0.0018693 0.0182193 -0.00629985 -0.00202689 0.24294 -0.00587508 0.442051 -0.000341171 0.0432935 -0.000198663 0.000198195 -0.0030661 0.0315732 -0.0115029 0.018613 -0.00353394 0.0324114 0.0512203 0.0037862 0.033033 -0.000348535 6.39272e-05,800,0,cuda,2.62,5.15
test,3602,yorkshire_terrier_3,yorkshire_terrier,dog,correct,yorkshire_terrier,kernel,36,0.527869,38,0.464545,0.791787,0.327243,0.024214,0.35269,0.0,,,,-0.0121638 -0.0170395 -0.00122281 0.0158539 0.0844735 -0.0027728 0.0320398 0.00864878 0.0302155 0.030449 -0.0200947 0.0311599 0.0401715 0.0283416 0.0602436 0.00638787 -0.0153478 0.0267171 -0.0120039 0.0302497 -0.00507857 0.0492969 0.0316415 0.0263503 0.0106261 0.0103332 0.0326313 -0.00620996 -0.0022559 0.0221839 0.045539 -0.00283584 -0.00663495 -0.0175671 -0.00753711 0.00333959 -0.0228037 -0.00762832,800,0,cuda,1.96,5.19
test,3602,yorkshire_terrier_3,yorkshire_terrier,dog,correct,yorkshire_terrier,partition,36,0.527869,38,0.464545,0.777217,0.312672,0.028565,0.385028,0.0,,,,0.00550877 -0.00739677 0.0392995 0.00103874 0.153293 0.00651287 0.0235337 -0.00589933 -0.000213962 0.0165887 -0.0156338 0.0201405 0.102697 0.0242685 0.101747 -0.00752041 0.0122985 0.0147075 -0.00249532 0.00437796 0.00650476 0.00839392 -0.00412376 0.0037607 0.00415878 0.00320495 0.0086553 -0.0272451 0.00295433 0.0140665 0.00682288 -0.00129208 -0.0106676 0.00342873 -0.00613499 0.00262395 -0.000166853 -0.00409969,800,0,cuda,2.32,5.19
test,1514,great_pyrenees_39,great_pyrenees,dog,correct,great_pyrenees,kernel,15,0.889361,30,0.347955,0.985153,0.637198,0.0179,0.693709,0.0,,,,0.0103987 0.020085 -0.0196689 0.0048416 0.204277 -0.0061093 0.149219 0.027811 -0.0174291 0.103066 0.00670017 0.0944887 0.00597277 0.0956257 0.00585096 -0.0146115 0.142944 0.00360052 0.035125 0.0340806 0.0849818 0.0539078 0.000885036 -0.0180952 -0.0162689 -0.018956 0.00900704 -0.038501 -0.0332471 -0.0261149,800,0,cuda,1.96,4.95
test,1514,great_pyrenees_39,great_pyrenees,dog,correct,great_pyrenees,partition,15,0.889361,30,0.347955,0.824569,0.476614,0.020526,0.660596,0.0,,,,0.0668471 0.0254958 0.00254767 0.0063142 0.116686 0.0312431 0.0726488 0.00411663 0.0314922 0.0415791 0.0162839 0.0512499 0.0391601 0.125172 0.000429301 -0.000215802 0.12378 -0.000491469 0.0787412 -0.00208202 0.0520322 0.0416027 -0.00506314 -0.000830014 -0.0132804 -0.00388083 -0.00783164 -7.51702e-05 -0.00313121 -0.00667336,800,0,cuda,2.19,4.95
test,449,beagle_56,beagle,dog,correct,beagle,kernel,4,0.998368,36,0.236727,0.894722,0.657996,0.031302,0.978868,0.0,,,,-0.0161947 0.000912772 -0.0109974 -0.0228555 -0.0231713 -0.0344269 -0.0153879 0.00331842 -0.00612018 0.00896382 0.0136275 -0.0587091 0.411652 0.0056235 0.0177202 0.0333055 0.322405 -0.0455114 0.00150598 0.180563 0.0187519 0.199273 0.033005 -0.0125479 0.0795098 0.0318307 -0.0114466 -0.0159362 -0.0129468 -0.0398785 -0.0348344 -0.00808882 -0.0226624 -0.0696382 -0.0329689 -0.0292087,800,0,cuda,2.12,5.32
test,449,beagle_56,beagle,dog,correct,beagle,partition,4,0.998368,36,0.236727,0.647138,0.410412,0.033447,0.978413,0.0,,,,-0.00562064 0.00115833 -0.00398068 0.000552102 0.000250652 -0.00400707 0.0280248 0.0051075 0.00112143 0.035957 -0.00601383 -0.00347801 0.247871 0.0108088 -0.0119359 0.0085348 0.194643 0.0111809 0.00511159 0.147209 -0.00434353 0.183214 0.0353733 0.00383321 0.00397553 -0.00429913 0.000589942 0.00522452 0.000706202 -0.0154667 -0.0113225 -0.000954213 -0.00384918 -0.00365176 -0.00858675 -0.00450234,800,0,cuda,2.29,5.32
test,2903,samoyed_2,samoyed,dog,correct,samoyed,kernel,29,0.99772,27,0.637137,0.883174,0.246037,0.194509,0.912877,0.0,,,,0.055027 0.00111802 0.0161867 -0.00568536 0.212842 0.00509645 -0.0103952 0.00591043 0.0848709 0.0344857 0.0241192 0.031474 0.579254 0.0103656 -0.0201272 -0.0129108 0.0149227 -0.027778 0.0107979 0.0153482 -0.000542406 -0.0173421 0.00055862 -0.0213592 0.00328522 0.00578796 -0.018326,800,0,cuda,2.4,5.75
test,2903,samoyed_2,samoyed,dog,correct,samoyed,partition,29,0.99772,27,0.637137,0.926502,0.289364,0.213431,0.913451,0.0,,,,0.0288106 0.00212185 0.0218635 -0.0014958 0.208829 -0.00619471 0.0140844 0.0636503 0.115545 -0.00168207 -0.0035747 0.0475897 0.482336 0.00034547 -9.4667e-05 7.19606e-05 0.000399368 -0.00045748 0.00147102 5.10945e-05 7.76168e-05 0.00243171 -0.00027339 -0.000234744 0.000405562 -0.000677805 0.0015853,800,0,cuda,2.57,5.75
test,941,British_Shorthair_54,British_Shorthair,cat,wrong,Ragdoll,kernel,26,0.825867,33,0.584841,0.985893,0.401052,0.112881,0.409577,0.0,,,,0.00762785 -0.0144854 -0.0109197 -0.0235146 -0.0207011 0.0413853 -0.00848207 -0.0144501 -0.00171356 0.0310539 0.0124118 0.239265 0.14093 -0.00150814 0.113608 0.0221847 -0.00947584 0.0432608 0.00812616 0.0433774 0.0291041 0.000510954 0.0239642 0.0357527 -0.00358184 0.00580303 0.0250317 0.0353373 -0.00983509 0.0108775 0.0170954 0.0245282 0.0157056,800,0,cuda,1.84,5.17
test,941,British_Shorthair_54,British_Shorthair,cat,wrong,Ragdoll,partition,26,0.825867,33,0.584841,0.657191,0.07235,0.061308,0.374065,0.0,,,,0.0210421 0.00913591 -0.00265561 0.00792189 -0.00359103 0.0726078 0.0258067 -0.014234 -0.0285228 -0.0053645 -0.0155774 0.108323 0.0355942 0.0227505 0.00189811 -0.00594724 0.029142 0.00781236 -0.026608 0.061989 0.069362 0.00530907 0.100621 0.0397897 0.0420401 0.0148629 0.0747182 0.0152157 0.0209847 0.0146984 0.029888 0.0613286 0.0179328,800,0,cuda,2.5,5.17
test,2834,saint_bernard_58,saint_bernard,dog,correct,saint_bernard,kernel,28,0.99978,31,0.516821,0.991634,0.474813,0.08674,0.802024,0.0,,,,0.0420276 -0.00934107 -0.0005119 0.0127402 0.0358354 0.150609 0.0846959 0.0163636 -0.0157631 0.0186946 0.202874 0.0592814 0.103531 0.0132637 -0.00194863 0.0606294 -0.0247124 0.0154626 -0.00467243 -0.00463291 0.0920782 -0.0206385 0.0136409 0.0219982 0.0567024 0.0214418 0.0581163 -0.00428832 -0.0283356 0.0401321 -0.0144613,800,0,cuda,2.16,5.63
test,2834,saint_bernard_58,saint_bernard,dog,correct,saint_bernard,partition,28,0.99978,31,0.516821,0.993935,0.477114,0.081437,0.847158,0.0,,,,0.0133303 0.00991748 -0.00934968 -0.00209972 0.026227 0.118844 0.116204 -0.00453651 0.00642319 0.108773 0.127457 0.0641287 0.154861 0.00621925 0.0342766 0.119359 0.0383761 0.00510816 0.00228824 -0.000136278 0.0393238 0.000433516 -8.82597e-06 -2.74014e-06 0.0139746 0.000371507 0.000592467 2.48679e-05 7.6942e-05 0.000206907 0.000149078,800,0,cuda,2.61,5.63
test,3464,staffordshire_bull_terrier_96,staffordshire_bull_terrier,dog,wrong,american_pit_bull_terrier,kernel,2,0.796482,37,0.515665,0.932731,0.417066,0.041962,0.753197,0.0,,,,-0.00369135 0.00161815 0.000695675 -0.0536888 -0.0113032 0.0335723 -0.0130777 0.0538853 -0.00977416 -0.00153909 0.14188 0.136878 0.00366066 0.101916 0.135761 0.0149481 0.0610311 0.142294 0.0960168 0.00485705 0.0423097 -0.0328096 0.00450071 6.78196e-05 -0.00897729 -0.0338779 -0.0136247 0.0763775 -0.00628126 0.00547268 -0.000248332 -0.036441 0.00288761 -0.0347224 0.0106102 0.00538578 -0.0284039,800,0,cuda,2.59,5.96
test,3464,staffordshire_bull_terrier_96,staffordshire_bull_terrier,dog,wrong,american_pit_bull_terrier,partition,2,0.796482,37,0.515665,0.986789,0.471124,0.059075,0.749612,0.0,,,,0.00647176 -0.00080041 -0.000493699 -0.0216486 0.00288982 -0.00568828 0.00585533 0.0415066 0.00139706 0.00251626 0.0323844 0.0476863 0.00246115 0.0458118 0.0634938 0.00327719 0.0993156 0.163645 0.183643 0.00726342 0.0457198 -0.00889681 0.00315189 0.00587773 -7.33454e-05 0.0177738 0.000866868 0.0132253 -0.00154536 0.00834674 0.00698083 0.0089764 -0.00303202 -0.0014109 0.00795473 0.000544791 0.00271608,800,0,cuda,2.39,5.96
test,1532,great_pyrenees_55,great_pyrenees,dog,correct,great_pyrenees,kernel,15,0.972599,30,0.230369,0.483904,0.253535,0.024159,0.764261,0.0,,,,-0.0184873 0.0105939 0.0728272 0.00208154 0.00416236 0.000591567 0.0280877 -0.00632381 0.224556 -0.00914034 -0.0251726 -0.0200752 0.302704 -0.0165512 -0.00186201 0.0223726 0.320033 0.0105311 0.0132247 0.0151269 0.00650315 0.0219837 0.0317436 -0.00275893 -0.0383875 0.0135951 0.0177621 -0.0116094 -0.00987308 0.008866,800,0,cuda,1.9,5.36
test,1532,great_pyrenees_55,great_pyrenees,dog,correct,great_pyrenees,partition,15,0.972599,30,0.230369,0.7297,0.499331,0.017651,0.819257,0.0,,,,-0.000314439 -0.0063007 0.0446346 0.0141754 -0.00117101 0.111718 0.175187 0.00130145 0.24994 0.0077312 0.00608123 0.0168833 0.136559 0.00234297 0.00333878 0.0216825 0.190452 -0.000940179 -0.000910232 0.000240886 -0.000368315 9.49243e-05 -0.0017196 -0.000398062 -0.0013777 -0.00162614 0.000147602 -0.000443669 0.000106817 5.67842e-05,800,0,cuda,2.59,5.36
test,1847,keeshond_6,keeshond,dog,correct,keeshond,kernel,18,0.999864,28,0.905134,0.993892,0.088758,0.381529,0.485189,0.0,,,,0.0133102 -0.000311463 0.00129783 0.00515983 0.082295 0.0060915 0.0289785 0.0471317 0.0570316 0.0138442 0.0354482 0.0361746 0.035713 0.0268863 0.0765242 0.0439849 0.0711133 0.0085577 0.0891184 0.0248339 0.0333202 0.0223807 0.0956124 0.0321814 0.0201452 0.0452051 0.0203369 0.0156347,800,0,cuda,1.84,5.35
test,1847,keeshond_6,keeshond,dog,correct,keeshond,partition,18,0.999864,28,0.905134,0.990982,0.085848,0.3224,0.446768,0.0,,,,0.00283149 0.00141063 0.0128548 0.0111857 0.0727195 0.00932061 0.00563636 0.0771101 0.0370903 0.0213851 0.10474 0.0168435 0.000778046 0.0354912 0.0715486 0.070213 0.0644061 0.011818 0.0863921 0.0028535 0.00972401 0.0305646 0.147315 0.00616386 0.0315563 0.01157 0.023029 0.0114489,800,0,cuda,2.7,5.35
test,437,beagle_45,beagle,dog,correct,beagle,kernel,4,0.999282,43,0.246233,0.968687,0.722454,0.091554,0.992066,0.0,,,,-0.0353511 -0.0218164 -0.0148907 -0.00401576 -0.00200507 0.0192033 -0.0186394 -0.0155092 -0.00593553 0.0385276 0.00375305 0.0588851 -0.0139849 0.0038602 0.49841 -0.0220808 -0.000472145 0.0119598 0.0886702 0.277817 -0.0135208 -0.0147882 0.0418485 0.0180979 0.0142587 0.0542621 0.0296569 0.0105911 -0.00380221 -0.00693813 -0.0135838 0.00813074 0.00426595 -0.00818628 -0.00589994 0.0113568 -0.0155189 -0.00256739 -0.0483947 -0.0102558 -0.02346 -0.0231756 -0.00941378,800,0,cuda,1.79,5.22
test,437,beagle_45,beagle,dog,correct,beagle,partition,4,0.999282,43,0.246233,0.661865,0.415632,0.099213,0.975708,0.0,,,,0.0318353 0.0270593 -0.00380059 0.00213124 -0.00272398 0.000219191 -0.00113745 -0.00442703 -0.00681656 0.0102338 -0.0268166 0.0737479 0.0014896 0.0149145 0.231076 -0.01239 0.0310447 0.00102792 0.0149844 0.248808 -0.0103618 -0.0325163 0.0587242 0.0235504 0.0172115 0.0398554 0.0552716 0.000699033 0.00810515 0.00209919 0.00460132 0.00654458 0.00894148 0.00431955 -0.00376051 -0.00285668 0.0162063 0.0018402 0.00413812 0.00498 0.00465347 -0.00284934 -0.000507668,800,0,cuda,2.41,5.22
test,1314,english_setter_39,english_setter,dog,wrong,leonberger,kernel,19,0.359896,37,0.200654,0.222793,0.022139,0.015941,0.082693,0.0,,,,0.0211811 0.00688643 0.0350819 0.0157971 0.00318915 0.0282176 0.0286276 0.043824 0.0166977 0.00258074 -0.0224272 0.0318436 -0.00542792 -0.0036348 0.0104292 -0.00469864 0.0116553 -0.0235348 0.00440729 0.0385809 0.0259869 0.00497467 0.0163545 0.0306506 0.00536084 0.0399254 0.00541791 -0.00130552 0.0010856 -0.00703212 -0.0187634 0.0154229 -0.00846678 0.0106678 -0.00400675 -0.0199615 0.0208726,800,0,cuda,1.69,5.2
test,1314,english_setter_39,english_setter,dog,wrong,leonberger,partition,19,0.359896,37,0.200654,0.221571,0.020917,0.017858,0.090124,0.0,,,,0.00556059 0.00257637 0.00301037 0.00223349 0.000610042 0.0156103 0.00831364 0.0301189 0.0177357 0.00333421 0.00482566 0.0227508 0.000981659 0.00312612 0.0111168 0.0206083 0.00495018 0.00345838 0.00299991 0.0521242 0.0167214 0.00893189 0.0239297 0.0476115 0.0059846 0.00823405 0.00343343 0.00216903 0.00388996 0.00244514 -0.00653942 0.0149498 0.00558488 0.0020404 0.000409207 0.000819277 -0.00020035,800,0,cuda,2.53,5.2
test,786,boxer_191,boxer,dog,correct,boxer,kernel,8,0.983784,42,0.456334,0.997423,0.541089,0.124116,0.7912,0.0,,,,0.0385896 0.0361364 0.0152505 0.0563145 0.0373461 -0.0121342 0.0507887 0.0123515 -0.00763734 -0.0284678 0.146492 0.00599852 0.194034 0.073994 0.00623446 -0.00810722 0.0434396 0.0694911 0.0534295 -0.00442309 0.0446032 0.00274463 -0.0177013 0.014436 0.0381659 0.0219869 0.00562453 0.0181991 0.028122 0.0100434 0.0138066 0.0253181 -0.0125062 0.0316544 -0.0109003 0.0406883 -0.0188691 -0.00366503 -0.00547269 -0.00342779 0.00321152 -0.0316692,800,0,cuda,1.71,5.16
test,786,boxer_191,boxer,dog,correct,boxer,partition,8,0.983784,42,0.456334,0.707323,0.250989,0.139525,0.77941,0.0,,,,0.0348314 0.045219 0.0211821 0.0414371 0.0699274 0.0203713 0.0921362 0.0245363 0.0292738 0.0260224 0.100968 0.00362995 0.203861 0.121005 0.00410483 0.00733207 0.0238232 0.0263246 0.0229907 0.00848098 0.026208 0.00734716 0.000323255 0.00118262 0.00882375 7.00301e-05 0.000543989 0.000174461 0.000661738 0.000885719 0.000160808 0.000677625 -0.000287088 -0.000166753 0.000401236 -8.50661e-05 -0.000462589 -0.000442729 0.000282474 -0.000216632 0.00022933 -0.000254132,800,0,cuda,2.51,5.16
test,873,boxer_8,boxer,dog,correct,boxer,kernel,8,0.959015,36,0.384427,0.801759,0.417332,0.058708,0.859422,0.0,,,,0.00462952 -0.00894677 0.00745828 0.0235597 0.111531 0.0417762 0.0216194 -0.0162545 0.00234647 0.000148113 0.00282174 0.262552 0.244769 -0.0129072 -0.00236228 0.00369341 0.0326792 0.0569101 0.00143909 0.0139355 -0.00468674 0.0732239 -0.0275555 0.0227946 0.118343 -0.0138224 -0.00467607 0.0115405 0.00257357 0.0096854 -0.0317973 -0.00835793 -0.00492664 0.003955 -0.00520969 0.0162641,800,0,cuda,2.01,4.94
test,873,boxer_8,boxer,dog,correct,boxer,partition,8,0.959015,36,0.384427,0.529255,0.144828,0.08192,0.864122,0.0,,,,0.00846357 0.00223396 0.00497603 0.00140568 0.025274 0.0151474 0.0223768 0.0733649 0.00553498 0.0464464 0.00304801 0.282601 0.23059 0.0227719 0.00552713 0.00415475 0.00857206 0.110439 0.00353965 0.0312783 0.00629249 0.0119407 -0.00381729 0.0062488 0.0183578 -0.000148283 0.000821781 -0.000203439 0.000105701 -8.43118e-05 0.00057722 0.000265834 0.000250452 0.00014732 0.000170828 7.40082e-05,800,0,cuda,2.06,4.94
test,739,Bombay_54,Bombay,cat,correct,Bombay,kernel,7,0.996601,34,0.764888,0.934181,0.169294,0.138098,0.5775,0.0,,,,0.064631 0.0173731 0.0514895 0.0260305 -0.00160064 0.180838 0.0501688 0.0397278 0.00884024 0.0375355 0.0873415 0.0398989 0.0360809 0.0187238 0.0294419 0.0936627 0.0207784 0.0209449 -0.000352706 0.0120562 0.05897 0.0293886 0.0169968 -0.0158043 0.0140174 0.00512149 0.00913565 -0.00170222 0.0188342 0.010629 0.00139674 0.000706499 -0.00265262 -0.00930854,800,0,cuda,2.48,5.42
test,739,Bombay_54,Bombay,cat,correct,Bombay,partition,7,0.996601,34,0.764888,0.94857,0.183683,0.227791,0.402953,0.0,,,,0.110438 0.00582923 0.0355987 0.0827589 0.0164585 0.202244 0.023158 0.0160636 0.00816553 0.0398751 0.0131398 0.0226345 0.0446375 0.0512819 0.00622703 0.0781234 0.0117748 0.0159245 0.0265848 0.0241815 0.0452406 0.0106864 0.0125709 -0.00267934 0.0387647 -0.00436951 -0.0030141 0.0172319 -0.00664487 -0.00279415 0.0207448 0.0107146 0.00166244 -0.00387509,800,0,cuda,2.05,5.42
test,2867,saint_bernard_88,saint_bernard,dog,correct,saint_bernard,kernel,28,0.996715,37,0.590741,0.992736,0.401995,0.141614,0.844109,0.0,,,,-0.014241 0.0253374 -0.000210692 0.00430077 -0.0233598 0.0273337 -0.00963955 0.0157681 0.104844 0.13338 0.0402086 0.0100059 -0.00124957 0.058535 0.0359125 0.00251963 0.00489182 0.0576623 0.00670337 0.0116126 0.334773 -0.0029546 0.00360693 0.00322335 0.00481196 0.0165675 0.0106964 0.0239892 0.0125826 0.0121033 0.0273687 -0.00544032 0.0121582 -0.00235287 0.009152 0.0385895 -0.00144337,800,0,cuda,2.5,5.38
test,2867,saint_bernard_88,saint_bernard,dog,correct,saint_bernard,partition,28,0.996715,37,0.590741,0.994833,0.404092,0.159687,0.797253,0.0,,,,0.00082923 0.0139139 0.0106336 -0.00160269 0.00137318 0.0186488 0.0035188 0.0260195 0.0289073 0.116701 0.00521027 0.00702252 0.0113123 0.0767138 0.0466138 0.00448694 0.0206847 0.0441113 0.0306237 0.0194725 0.158761 0.0149718 0.00388796 0.00712682 0.0143642 0.0791403 0.0293603 0.00419631 -0.00204359 0.0330195 0.0389538 0.0509879 0.0442806 0.00200251 0.0123122 0.00444887 0.00678265,800,0,cuda,1.98,5.38
test,1006,chihuahua_29,chihuahua,dog,correct,chihuahua,kernel,10,0.998558,43,0.82966,0.994767,0.165107,0.053765,0.493272,0.0,,,,0.0058832 0.0371814 0.0454798 0.0805237 0.0660391 0.0148816 0.029245 0.0706268 -0.0159285 0.157283 0.025749 0.041923 0.0147973 -0.0083052 -0.0436676 0.0708249 0.124041 0.0199105 0.061249 -0.00109462 0.0310665 -0.023212 0.0291345 0.0109104 0.098658 2.46592e-05 0.00419853 -0.0140033 -0.0349893 0.0283127 0.0268043 0.00593412 -0.00984647 0.00232649 0.0170039 0.018957 0.0291358 -0.0285093 -0.00505047 0.00316494 0.0274129 -0.0197654 -0.00392462,800,0,cuda,2.41,5.29
test,1006,chihuahua_29,chihuahua,dog,correct,chihuahua,partition,10,0.998558,43,0.82966,0.988427,0.158767,0.056968,0.610399,0.0,,,,0.0188092 0.0361214 -0.00134284 0.0587739 0.122217 0.0249914 0.0875175 0.0175565 0.0182856 0.148713 0.0982968 0.000226541 0.00342356 0.037262 0.0103028 0.0536716 0.139625 0.00262919 0.0595388 -0.0024806 -0.000270524 0.00644456 0.0308206 -0.001366 0.0480561 -0.00104191 6.52464e-05 -0.00155328 -0.000691388 -0.000459838 -0.00104272 -0.000560877 -0.000626784 -0.00708118 -0.00201984 -0.000705128 -0.00105825 -0.00207029 -0.00195715 -0.00075715 -0.00122928 -0.000899232 -0.00374819,800,0,cuda,1.89,5.29
test,1844,keeshond_67,keeshond,dog,correct,keeshond,kernel,18,0.999897,37,0.57089,0.995638,0.424748,0.085191,0.878398,0.0,,,,-0.0222151 0.00280723 -0.0162832 0.0196814 0.0165618 0.0243808 0.0620443 0.000975594 0.0188135 0.0193973 0.0225151 0.219169 0.0263086 0.0385643 0.00520937 0.0681457 0.129615 0.188969 -0.013281 0.013525 0.0132457 0.0818781 0.0256367 -0.0104483 -0.0219603 0.00347449 -0.0364386 0.00388105 0.0255302 0.00390143 0.0230841 -0.00327888 0.0177259 -0.00804096 -0.00285599 0.0489699 -0.00117529,800,0,cuda,2.4,5.15
test,1844,keeshond_67,keeshond,dog,correct,keeshond,partition,18,0.999897,37,0.57089,0.792065,0.221174,0.121259,0.803381,0.0,,,,0.00134322 0.00512292 0.0265705 0.00847206 0.0332286 0.00379272 0.120711 0.0303829 0.0163466 0.0412935 0.0177833 0.192411 0.0572272 0.0397461 0.0145688 0.0531501 0.192601 0.0915997 0.0134642 0.00833666 0.00221671 0.00619018 0.00509749 0.000736336 0.000171357 0.00845254 -0.002946 0.00677938 -0.000809462 0.00243354 -0.00227712 -0.000220693 -0.000765467 -0.00338973 -0.00357234 -0.000323397 0.00210854,800,0,cuda,1.85,5.15
test,586,Bengal_8,Bengal,cat,wrong,shiba_inu,kernel,31,0.755972,38,0.340462,0.603802,0.26334,0.127413,0.943101,0.0,,,,-0.00257076 -0.0656267 0.00382733 -0.00326804 -0.000940912 -0.0685137 0.0459968 -0.00893301 0.132632 -0.0319699 -0.00757152 -0.000717583 -0.0150304 -0.00298029 0.0059424 0.549883 0.0102589 -0.0142812 0.199156 0.00439621 -0.0455418 0.027334 0.00221 0.0172649 -0.0120737 0.00289853 -0.0146534 -0.0258396 -0.00211295 -0.00570513 0.0118025 -0.000765068 0.0041015 0.0405346 0.00193872 0.000872159 0.0138009 -0.0260295,800,0,cuda,2.44,5.44
test,586,Bengal_8,Bengal,cat,wrong,shiba_inu,partition,31,0.755972,38,0.340462,0.913787,0.573325,0.202061,0.922014,0.0,,,,-0.00164002 -0.0227398 0.0055375 -0.00305723 -0.0193984 -0.0323411 -0.0360196 0.0165282 0.0880176 0.0530433 0.00283387 0.0264566 0.0157567 0.00213235 0.000472432 0.360711 0.0144094 -0.000520316 0.118636 -0.00173321 0.0351588 0.0891119 0.00739181 0.000644488 0.00242285 0.00422675 0.00937227 0.000358626 -0.0037093 0.00714492 -0.00247999 0.0346763 -0.00238838 -0.0195078 -0.00765966 -0.00973789 0.00630218 -0.0186879,800,0,cuda,2.04,5.44
test,1306,english_setter_31,english_setter,dog,correct,english_setter,kernel,13,0.978846,29,0.609196,0.716101,0.106905,0.100752,0.724392,0.0,,,,0.00732301 0.0422273 0.00763404 -0.0294845 0.0897869 0.0612764 0.221511 -0.0155109 0.0106296 0.0475744 -0.0203648 0.103314 -0.00813294 0.0270915 0.0464419 0.0166351 0.0561423 0.149932 0.00809994 -0.0364967 0.0437698 0.00731634 0.0219728 0.0295936 0.0387351 -0.00617362 0.0156571 0.000951316 0.0181549,800,0,cuda,2.32,5.35
test,1306,english_setter_31,english_setter,dog,correct,english_setter,partition,13,0.978846,29,0.609196,0.765576,0.15638,0.205374,0.734006,0.0,,,,0.00657478 0.0182275 -0.00835072 -0.0114133 0.0651224 0.0356015 0.124646 0.00880149 -0.0051725 0.0302221 -0.0142588 0.0412482 0.0356743 0.0550199 0.0550029 0.00594822 0.0593853 0.152715 0.0353387 0.00533686 0.103433 0.029291 0.0438811 0.0121428 0.0261112 0.0159754 0.0017033 0.0099493 0.0174494,800,0,cuda,2.28,5.35
test,2989,scottish_terrier_199,scottish_terrier,dog,correct,scottish_terrier,kernel,30,0.98998,33,0.720643,0.968777,0.248133,0.236239,0.745894,0.0,,,,-0.00466521 0.00627146 0.00802268 0.105855 0.0891173 -8.37056e-05 0.0493933 0.000734645 0.0188672 0.0144719 0.0212367 0.0251242 0.118577 -0.0184802 0.00793428 0.0367706 0.00764135 0.0283948 0.0299237 0.0418556 0.212904 0.00738525 -0.0231655 0.0042023 0.0871095 0.00681007 0.0281692 -0.000865129 0.0146028 -0.00721376 0.02204 0.0446215 -0.0015683,800,0,cuda,2.61,5.81
test,2989,scottish_terrier_199,scottish_terrier,dog,correct,scottish_terrier,partition,30,0.98998,33,0.720643,0.967256,0.246612,0.272219,0.711611,0.0,,,,0.00589439 0.0196002 0.00989757 0.0385517 0.088257 0.00036834 0.0587487 0.0519455 0.00537111 0.0189459 0.0534288 0.0871497 0.164086 0.010503 0.0387119 0.0436095 0.00476769 0.0104701 0.00658042 0.0683181 0.0777898 0.0055135 0.0134155 0.00806797 0.0334857 0.0123584 0.0191115 0.00161618 0.00422465 0.00765293 0.00735698 0.00536867 0.000827388,800,0,cuda,2.27,5.81
test,348,basset_hound_55,basset_hound,dog,correct,basset_hound,kernel,3,0.999936,26,0.222557,0.426627,0.20407,0.329627,0.837849,0.0,,,,0.0201409 0.0276014 -0.00109368 -0.026447 0.0220773 0.14655 0.0955183 -0.0403513 0.0187678 0.0148667 0.0512081 0.236562 -0.000994873 0.0280387 0.0419892 0.0171071 0.0661354 0.00582059 -0.0137265 0.0105843 0.0430149 0.0501014 -0.00240508 0.0368529 0.0848992 0.0426181,800,0,cuda,2.63,5.52
test,348,basset_hound_55,basset_hound,dog,correct,basset_hound,partition,3,0.999936,26,0.222557,0.327283,0.104726,0.430964,0.862013,0.0,,,,0.0084075 -0.00338977 0.026019 0.00558706 0.0132686 0.159114 0.203544 0.0114647 0.0761001 0.0853927 0.0468593 0.187606 0.00467864 0.0122829 0.0220178 0.00769048 0.0124954 0.00339497 0.00650575 0.00360239 0.0105054 0.0108625 0.00349446 0.0244389 0.0249399 0.00855253,800,0,cuda,2.08,5.52
test,2471,pomeranian_91,pomeranian,dog,correct,pomeranian,kernel,24,0.985565,41,0.243224,0.892862,0.649638,0.03838,0.838284,0.0,,,,0.0014911 0.00811563 -0.00281186 -0.0133294 -0.0217755 -0.00493336 0.0197872 0.0130101 -0.0104591 -0.05114 -0.0451259 0.00272109 0.230207 0.012688 -0.00476922 0.0091404 0.281527 0.0185903 -0.000142184 0.031475 0.021648 0.257833 -0.00986951 -0.0218398 0.287138 -0.0156609 0.0151186 -0.0315764 -0.00113253 0.010394 -0.0365843 -0.0320238 0.0101924 0.0391555 0.00438011 -0.000178678 -0.0172192 -0.0409987 0.00218821 0.030922 0.0316325,800,0,cuda,2.6,5.23
test,2471,pomeranian_91,pomeranian,dog,correct,pomeranian,partition,24,0.985565,41,0.243224,0.977815,0.734591,0.011204,0.842446,0.0,,,,-0.000571341 -0.00107416 0.00994969 0.00312462 0.00112051 0.149604 -0.0149531 0.00201962 0.0484541 0.00173574 -0.00401772 0.00926439 0.179658 0.023557 0.00282114 0.003162 0.250004 -0.0016008 0.0417046 0.000504303 -0.000631242 0.143962 0.0089145 0.000409901 0.170163 -0.000389466 -0.00671611 -0.00734749 -0.0015125 -0.0031572 -0.0169638 -0.00287774 0.001007 -0.00122547 -3.96707e-05 -0.0071474 -0.0119925 0.0034029 0.00461205 -0.00435652 0.00520513,800,0,cuda,1.74,5.23
test,1028,chihuahua_49,chihuahua,dog,correct,chihuahua,kernel,10,0.999914,43,0.34939,0.823857,0.474466,0.029986,0.876313,0.0,,,,-0.0287718 0.0365954 -0.00269157 0.0139025 0.0198599 0.00412376 0.00215208 0.00967662 0.0627611 0.00131592 0.0249421 0.0351555 0.00505847 0.116382 0.436382 -0.00108871 0.0180052 0.0169553 -0.0120173 -0.0140144 0.145122 0.00353828 -0.0199873 0.0910613 -0.0065673 -0.0162842 0.00863753 -0.00779418 -0.0206728 -0.0103852 -0.0144337 0.0197305 0.00373265 0.0137591 0.01669 0.029662 -0.0166706 0.0193326 -0.00629974 -0.0124824 0.00709943 0.024763 -0.00449178,800,0,cuda,2.5,5.49
test,1028,chihuahua_49,chihuahua,dog,correct,chihuahua,partition,10,0.999914,43,0.34939,0.823857,0.474466,0.030305,0.876258,0.0,,,,-0.000264893 -0.00039906 -0.00463071 0.00184895 0.0211792 1.30599e-06 -0.000328861 0.00910745 0.0488046 -0.00130899 0.00338889 -0.00258338 0.00618807 0.0897431 0.554006 0.0219537 0.0121547 0.00109148 0.000691964 0.000375668 0.134665 0.000440935 0.00086394 0.0894384 0.000112143 0.000980027 -5.27151e-05 0.000172722 7.90035e-05 0.000724815 5.42021e-05 6.70286e-05 -3.89273e-05 0.000503615 0.000141704 0.000383053 8.78635e-05 0.000115543 2.26199e-05 0.00019633 0.00013633 0.00102467 0.000605024,800,0,cuda,2.03,5.49
test,1163,Egyptian_Mau_83,Egyptian_Mau,cat,correct,Egyptian_Mau,kernel,11,0.984186,35,0.68168,0.985592,0.303912,0.145491,0.551529,0.0,,,,-0.0356596 -0.0101661 -0.00864903 0.00737713 -0.0197736 0.0108579 0.0253746 -0.0019427 0.0268595 0.0077009 0.0677696 0.109655 0.0747312 0.0540432 0.090015 0.0607461 0.0184594 0.0142458 0.031278 -0.000886001 0.0444778 0.0301512 0.0170683 0.0254444 0.0051083 0.0210546 0.0489448 0.00237153 0.0573376 0.0301693 0.0319358 0.0439946 0.000781219 0.00706116 0.0210078,800,0,cuda,2.59,5.86
test,1163,Egyptian_Mau_83,Egyptian_Mau,cat,correct,Egyptian_Mau,partition,11,0.984186,35,0.68168,0.687034,0.005354,0.22601,0.583227,0.0,,,,-0.0188748 -0.000666029 -0.00638602 -0.0301275 -0.00239606 -0.0018372 -0.00835131 -0.00833126 0.0747893 0.000569101 0.0584803 0.165016 0.0818977 0.00852648 0.0358878 0.0443844 0.0104033 0.00859778 0.00492626 0.00320423 0.0684935 0.0368832 0.00861596 0.0221317 0.00524258 0.0485136 0.0348048 0.035959 0.0556278 0.0648255 0.0642354 0.0223319 0.00446919 0.012798 0.00429961,800,0,cuda,2.34,5.86
test,2511,pug_36,pug,dog,correct,pug,kernel,25,0.995632,44,0.330118,0.742051,0.411933,0.059546,0.774815,0.0,,,,0.0278464 0.0341342 -0.00193477 0.023869 0.0404869 -0.00688168 -0.00426234 0.0622425 0.019372 0.19763 0.0164329 0.0109684 0.00362222 0.0447722 0.119172 0.00591304 0.0200317 0.306944 -0.0301784 0.0111576 -0.00495955 -0.0083164 0.0650019 0.0296918 -0.00946012 -0.0164222 0.00279813 -0.0193664 0.0248758 0.0180406 0.0177073 -0.00564916 -0.01234 0.0191975 -0.00950791 -0.0244986 0.0163743 0.00527833 0.010989 0.00176521 -0.0178913 -0.00268263 0.00190874 0.00118035,800,0,cuda,2.63,5.51
test,2511,pug_36,pug,dog,correct,pug,partition,25,0.995632,44,0.330118,0.543228,0.21311,0.078597,0.769503,0.0,,,,0.0266611 0.041578 0.0205578 0.0523042 0.0678082 -0.00349418 0.00187681 0.0868012 -0.00054279 0.340934 0.00474688 0.00748081 0.0250892 0.0134069 0.0708026 0.00462742 0.00309987 0.19893 0.00975715 0.000739025 0.000363117 0.00640801 0.00445818 0.00021519 3.10472e-05 7.20853e-05 0.000240581 0.000169868 0.000164214 5.1788e-06 0.000137865 5.51815e-05 -4.1673e-05 -5.31269e-05 -5.8559e-06 -6.5341e-05 -7.0693e-05 -4.02736e-05 -9.21015e-06 -9.00575e-06 -1.89238e-06 -2.27081e-05 -4.77718e-06 -0.000107625,800,0,cuda,1.87,5.51
test,3208,Siamese_27,Siamese,cat,correct,Siamese,kernel,32,0.997867,31,0.622449,0.988587,0.366138,0.267836,0.751189,0.0,,,,0.0217952 0.0181345 -0.00824121 -0.00682279 -0.00199001 0.0309096 0.0324686 -0.00833776 0.0143278 0.0705955 0.0272274 0.0363874 -0.00819413 0.180737 -0.0460331 0.132854 0.0161537 0.177943 0.0119918 0.0182449 0.0630636 0.0267773 0.0150432 0.0128913 -0.0144803 0.0396651 0.0249674 0.0132831 0.0324366 0.0198087 0.0394914,800,0,cuda,2.61,5.62
test,3208,Siamese_27,Siamese,cat,correct,Siamese,partition,32,0.997867,31,0.622449,0.990958,0.368509,0.282611,0.794209,0.0,,,,0.0134234 0.0174949 0.00776173 0.0172704 0.0112445 0.00884722 0.0144496 0.0048756 0.0169564 0.0843448 0.0380264 0.0391197 0.00997828 0.269767 0.0230559 0.157102 0.0559671 0.0412984 0.00254928 0.0041088 0.0307771 0.0142126 0.024464 0.00554652 0.0118026 0.00406973 0.00815215 0.0135103 0.00720007 0.0116159 0.0141053,800,0,cuda,2.17,5.62
test,3545,wheaten_terrier_79,wheaten_terrier,dog,correct,wheaten_terrier,kernel,35,0.996796,33,0.796237,0.987211,0.190974,0.16914,0.806302,0.0,,,,0.0107308 -0.017168 0.0390347 0.00291308 -0.0121511 0.0343253 0.0703892 0.0190264 0.0149866 0.101386 0.0484992 0.0958688 -0.0169222 -0.0377446 0.0199659 -0.00135625 0.0104739 0.102775 0.041234 0.0324844 0.027191 0.0255271 -0.0223278 -0.0040519 0.0877121 0.0208164 0.0313563 0.0455286 0.102513 0.0272482 0.0345702 0.0164945 0.0245297,800,0,cuda,2.25,5.36
test,3545,wheaten_terrier_79,wheaten_terrier,dog,correct,wheaten_terrier,partition,35,0.996796,33,0.796237,0.992691,0.196454,0.527204,0.744376,0.0,,,,-0.00155608 0.0102114 0.00578627 0.00919967 -0.00061663 0.0893806 0.111643 0.0271695 -0.00173183 0.0668443 0.0082774 0.0661025 0.00454277 0.000878781 0.0415117 0.0723552 0.0656907 0.0820238 0.00733094 0.0255443 0.051716 0.0325226 -0.00387076 0.00757607 0.0583525 0.0080983 0.00485892 0.0537263 0.0537005 0.0083625 0.00573007 0.00193713 0.00256043,800,0,cuda,2.13,5.36
test,1541,great_pyrenees_63,great_pyrenees,dog,correct,great_pyrenees,kernel,15,0.625257,30,0.138054,0.417289,0.279235,0.018082,0.561489,0.0,,,,-0.0134524 0.0263874 0.0114229 0.0197578 0.0492592 0.047359 0.00539109 0.038339 -0.0376379 0.180925 0.00851312 -0.00535803 -0.00291887 0.0122562 0.207152 -0.00520586 -0.00862231 0.0472748 -0.0112086 0.00925328 -0.0138632 0.0206858 -0.0300714 0.0403309 -0.0112949 0.0234519 0.00205041 0.00992918 -0.00614513 0.00580273,800,0,cuda,2.41,5.12
test,1541,great_pyrenees_63,great_pyrenees,dog,correct,great_pyrenees,partition,15,0.625257,30,0.138054,0.388182,0.250128,0.017588,0.534627,0.0,,,,0.00043203 0.013218 0.00247406 0.00785495 0.0100844 0.0195481 0.0460982 0.0432875 0.0188939 0.088974 0.00420902 -9.93818e-05 0.00214678 0.00557722 0.321903 0.000859714 0.044843 -0.000648578 0.0334896 0.0113107 -0.00691999 0.00960573 0.00255479 -0.0299097 9.10947e-05 -0.0147289 0.00873216 -0.00293987 -0.0161853 -0.00499289,800,0,cuda,1.86,5.12
test,2701,Russian_Blue_232,Russian_Blue,cat,wrong,Bombay,kernel,7,0.77061,32,0.897541,0.942654,0.045114,0.046276,0.214759,0.0,,,,-0.00884184 0.0204417 0.0146717 0.0189066 0.0670902 -0.0553404 0.032898 0.00636728 0.0373553 0.00619223 0.0918214 0.0361887 0.0719116 0.0802659 0.048653 0.0358886 0.0663568 0.00864034 0.0357051 0.0441046 0.00623002 -0.00282049 -0.0214871 0.00649794 0.0753237 -0.015001 0.0265724 0.00246139 0.0298091 -0.0238732 -0.00202682 0.00238584,800,0,cuda,2.72,5.5
test,2701,Russian_Blue_232,Russian_Blue,cat,wrong,Bombay,partition,7,0.77061,32,0.897541,0.976833,0.079292,0.05347,0.169452,0.0,,,,0.00337824 0.00387687 0.00300939 0.00259575 0.0110197 0.00369102 0.00367231 0.00226074 0.0177789 0.0131809 0.0794971 -0.00575571 0.0928936 0.0879901 0.0524337 0.0543077 0.0516892 0.00705083 0.0694457 0.0440963 0.00535392 0.00893586 0.00621327 0.00309849 0.0555611 0.00854025 0.00467935 0.00882907 0.00855271 0.00997514 0.00670526 0.018792,800,0,cuda,1.85,5.5
test,573,Bengal_78,Bengal,cat,correct,Bengal,kernel,5,0.995311,38,0.727778,0.994347,0.266568,0.170204,0.608637,0.0,,,,0.0146935 -0.00909464 0.00353864 0.0037696 -0.00930369 0.00154224 0.0426355 0.0127086 0.012532 0.0043844 -0.0104679 0.0111316 0.0782663 0.00195241 0.0506241 0.0614313 0.0298257 0.0458209 -0.00120004 0.113102 -0.00477882 0.0160203 0.0294198 0.00213787 0.0941618 0.0316257 0.0127657 0.0440511 0.0833806 0.0449418 0.0526519 -0.00442886 0.00195577 0.032288 0.0338319 0.0277755 0.0296259 -0.0216871,800,0,cuda,2.27,5.44
test,573,Bengal_78,Bengal,cat,correct,Bengal,partition,5,0.995311,38,0.727778,0.937794,0.210015,0.220513,0.50973,0.0,,,,0.00143183 0.00125173 0.00253849 0.00405142 0.0126188 0.0268727 0.0210376 0.0186326 0.0288071 0.00611155 0.023256 0.0435192 0.0848938 -0.00107193 0.00232849 0.0697085 -0.00103014 0.0126628 -0.00205436 0.0629209 0.00290078 0.00249914 0.0129361 0.0669339 0.0983948 0.0233021 0.00259025 0.0395077 0.069453 0.0479117 0.0353144 0.000201147 0.0041968 0.00249384 0.0679639 0.0164531 0.0490799 0.00301156,800,0,cuda,2.29,5.44
test,647,Birman_54,Birman,cat,wrong,Ragdoll,kernel,26,0.792322,42,0.695611,0.992789,0.297178,0.05099,0.2673,0.0,,,,0.00184642 0.0385763 0.036595 -0.0414679 -0.00420994 -0.0304019 -0.00719692 -0.0154457 -0.0459646 -0.0349231 0.0679595 0.0801304 0.0349138 -0.0127155 0.0208774 0.0276242 -0.00709558 0.0764774 0.066659 0.100866 0.0685532 0.0522858 0.033482 0.0379569 0.0172722 0.00479355 0.00762113 0.0433433 0.02337 0.0145148 0.00468006 0.042882 0.0343925 -0.00793804 0.00182717 0.0470123 0.0105193 0.0102773 -0.0153248 0.00553152 -0.0139578 -0.00146849,800,0,cuda,2.71,5.56
test,647,Birman_54,Birman,cat,wrong,Ragdoll,partition,26,0.792322,42,0.695611,0.993592,0.297981,0.05547,0.305363,0.0,,,,-0.032042 0.0062358 -0.00110377 -0.00950165 -0.0271366 0.0174969 0.000472586 0.0430502 -0.0106352 0.00552049 0.0531747 0.0489219 0.00608929 0.0374719 0.0184508 0.0191655 0.0161438 0.128918 0.109356 0.0779871 0.0962651 0.0251908 0.00312024 0.0103974 0.0095366 0.00633221 0.0159207 0.0111184 0.0195695 0.012637 0.0141182 0.00658721 0.0101443 0.00290216 0.00245097 0.00263465 0.00390069 0.00532926 0.00219544 0.00318958 0.0020725 0.00108137,800,0,cuda,1.78,5.56
test,595,Bengal_98,Bengal,cat,wrong,Egyptian_Mau,kernel,11,0.546833,34,0.265047,0.561879,0.296832,0.030075,0.80721,0.0,,,,0.0158647 -0.00522373 0.0170157 -0.000538986 -0.00609213 -0.0134256 0.0182695 -0.00931722 0.0116463 -0.0421696 0.00528687 -0.0196613 -0.0148405 0.12604 0.187376 0.0719519 0.0509103 0.0102625 -0.0243652 0.055859 0.00483044 0.0096582 0.00838393 -0.00139835 0.0451674 -0.00296402 -0.0175882 -0.00151573 0.0172666 -0.0213554 -0.0112986 -0.011255 0.0116569 0.00715524,800,0,cuda,2.44,5.51
test,595,Bengal_98,Bengal,cat,wrong,Egyptian_Mau,partition,11,0.546833,34,0.265047,0.748401,0.483354,0.029732,0.682522,0.0,,,,0.000753649 -0.0006137 -0.00692827 -0.000951701 -0.0108616 -0.0375911 -0.00464653 0.000719685 -0.00934727 0.0199971 -0.0198583 0.00293957 -0.00133455 0.117215 0.206988 0.00759517 0.0829004 0.00199576 0.003292 0.0749975 0.015251 0.0152993 -0.022041 0.00281885 0.0444111 0.00713519 -0.0079506 -0.00169324 0.0080005 -0.0111352 0.00158672 -0.00208818 -0.00191446 -0.0033484,800,0,cuda,2.15,5.51
test,2938,samoyed_61,samoyed,dog,correct,samoyed,kernel,29,0.970382,33,0.850147,0.989619,0.139471,0.099902,0.829649,0.0,,,,0.020813 0.0240135 0.0274654 -0.0058035 -0.00195855 0.017548 -0.00803316 0.19145 -0.00546953 0.0117067 0.00984176 -0.00441223 0.00473156 0.273766 -0.00887587 -0.0174068 0.184367 0.0369794 -0.00190825 0.0287379 0.00367043 -0.00150554 -0.00514303 0.0204615 -0.0137613 -0.00281388 0.0802066 0.0289643 0.0220628 0.0380285 0.00927862 0.0032429 -0.0105984,800,0,cuda,2.42,5.51
test,2938,samoyed_61,samoyed,dog,correct,samoyed,partition,29,0.970382,33,0.850147,0.989619,0.139471,0.163806,0.769965,0.0,,,,0.000457222 0.00459566 0.0420508 0.00281442 0.000567806 0.00351032 -0.011634 0.332528 -0.00184182 0.000948359 0.0355716 0.00345203 9.10189e-06 0.0749958 0.0058134 -0.0100984 0.10593 0.0551958 -0.000491869 0.00722344 -0.00163629 0.00414377 -0.00205681 0.0530666 0.0323743 -0.00407197 0.104074 0.0333071 0.00181381 0.062765 0.00552188 0.0110495 -0.00230135,800,0,cuda,2.18,5.51
test,1251,english_cocker_spaniel_72,english_cocker_spaniel,dog,correct,english_cocker_spaniel,kernel,12,0.985282,32,0.19322,0.619338,0.426119,0.020161,0.713615,0.0,,,,-0.0128556 0.253877 0.0277589 0.26707 0.032699 0.161528 0.034537 -0.00291105 0.01381 0.0524615 -0.0281263 0.0239647 0.0883428 0.0225351 0.0050005 -0.00734681 0.00797337 0.0436328 -0.00308923 -0.0299612 -0.00068163 0.0111436 -0.00140083 0.0212682 0.00196576 0.000738402 0.0159454 -0.00837744 0.016507 -0.0317811 0.000466664 -0.00806587,800,0,cuda,2.61,5.56
test,1251,english_cocker_spaniel_72,english_cocker_spaniel,dog,correct,english_cocker_spaniel,partition,12,0.985282,32,0.19322,0.529184,0.335964,0.063351,0.753802,0.0,,,,0.00450973 0.092564 0.117556 0.123685 0.0291477 0.17336 0.00736502 0.0107415 0.100395 0.0124794 0.000281929 0.049291 0.191448 0.000237622 0.00395335 0.0281414 0.00250202 0.0154723 0.000155718 0.00627423 -1.45734e-05 -1.26905e-05 -1.2909e-05 1.9953e-06 -0.0016805 0.000266944 -0.00184117 2.17258e-05 0.000260582 1.99163e-05 0.00204371 1.51185e-05,800,0,cuda,2.03,5.56
test,1558,great_pyrenees_79,great_pyrenees,dog,correct,great_pyrenees,kernel,15,0.921772,41,0.683355,0.988945,0.305591,0.038739,0.551751,0.0,,,,-0.00540188 0.0244111 0.0461698 0.167255 0.0891353 0.00500221 0.12987 0.0142215 0.0773431 -0.0260205 0.00856919 -0.0158673 -0.00387875 0.0110247 -0.00396102 0.0734392 0.159985 0.044759 0.0176833 0.0476593 0.0315166 -0.0301586 0.0348794 -0.0058337 -0.00305897 0.0208124 0.00788659 -0.0248396 -0.00317048 -0.00220041 -0.00565963 -0.0135718 0.00940999 0.0349478 0.00488487 0.014724 -0.0175555 -0.00479593 -0.0260828 0.00791506 0.0248302,800,0,cuda,2.83,5.86
test,1558,great_pyrenees_79,great_pyrenees,dog,correct,great_pyrenees,partition,15,0.921772,41,0.683355,0.992377,0.309022,0.042506,0.699487,0.0,,,,-0.000208433 0.00597135 0.0588426 0.166976 0.0384914 0.00308737 0.12971 0.0141033 0.101144 0.0101923 0.0694845 0.00470068 -0.00150158 0.0063468 0.0119816 0.0635171 0.097722 0.0415544 0.0538636 -0.000921334 -0.00068069 0.0137444 0.0122228 0.000349037 0.000102012 0.000129633 9.76174e-05 0.000968688 0.0309624 -0.00200208 -0.0063597 0.000319569 0.000756066 0.000383262 -0.00172916 0.00055875 -0.000299083 -0.00421261 -0.00393151 0.000338821 -0.000497163,800,0,cuda,2.03,5.86
test,1308,english_setter_33,english_setter,dog,wrong,saint_bernard,kernel,28,0.767314,41,0.152085,0.282577,0.130492,0.020521,0.270015,0.0,,,,-0.011778 -0.000844232 0.0433836 -0.0100018 0.00243397 -0.039454 0.00309859 0.00671851 0.0997385 0.0012835 -0.0503179 0.00675221 -0.0371053 -0.0226161 0.0914976 -0.0130607 0.00744838 0.0176211 0.0600619 0.0330666 0.01331 0.105247 0.0903462 0.0294053 0.0560386 0.00186121 0.0980311 0.0203767 -0.000161158 0.000383032 0.000780003 -0.00299035 0.0109588 0.0238698 -0.00823063 0.0438544 -0.0274018 -0.0632219 0.0771554 0.037252 0.0635558,800,0,cuda,2.78,5.94
test,1308,english_setter_33,english_setter,dog,wrong,saint_bernard,partition,28,0.767314,41,0.152085,0.573622,0.421537,0.024211,0.399093,0.0,,,,0.000366684 0.000362835 0.00458631 0.000910459 0.0163685 0.000830252 0.00738126 0.000776043 0.0326686 -0.00100209 0.003289 -0.00167865 0.00476914 0.00181182 0.0439851 -0.000976824 -0.000647245 0.00493477 0.0493154 0.00144258 -0.00697039 0.0762842 0.133919 0.037952 0.0788792 0.00120924 0.152706 0.0156529 0.00913809 0.00736455 -0.0032511 -0.000592535 0.000329246 -0.00294201 0.00109312 0.000972743 -0.00142476 -0.00272776 0.0887402 0.00161561 0.000903813,800,0,cuda,2.13,5.94
test,470,beagle_75,beagle,dog,correct,beagle,kernel,4,0.999251,37,0.813776,0.993974,0.180199,0.081612,0.604535,0.0,,,,0.00159177 -0.022212 0.000848666 0.0146888 0.0510723 -0.0167933 0.0617277 0.0260599 0.077887 0.0117469 0.0442998 0.0298002 -0.0165216 0.00793957 0.0266316 0.0889323 0.127974 0.0729678 0.0148123 0.056129 0.0817401 -0.032565 0.0478483 0.0583628 0.102186 0.0178086 0.00457691 0.00243289 0.00161888 -0.0466143 -0.0260459 0.00693195 0.006796 -0.00719349 -0.0322367 -0.00425115 -0.00166048,800,0,cuda,2.58,5.56
test,470,beagle_75,beagle,dog,correct,beagle,partition,4,0.999251,37,0.813776,0.996058,0.182282,0.130531,0.616996,0.0,,,,-0.00127528 0.00874934 -0.00122155 0.00254871 0.0204739 -0.00371128 0.108911 0.0253898 0.0326991 0.0137821 0.0474081 0.0468663 0.0474272 -0.00221317 0.00346092 0.0829271 0.0921075 0.112012 0.0474815 0.103369 0.0478102 -0.0426395 0.0419401 0.00184952 0.0403215 -0.0123234 0.00163063 -0.00014164 0.00598461 0.00848987 -0.00716622 -0.0245287 0.00135759 -0.00471517 -0.00425759 0.000599683 -0.00208685,800,0,cuda,2.02,5.56
test,800,boxer_22,boxer,dog,correct,boxer,kernel,8,0.408793,38,0.452248,0.745553,0.293305,0.029032,0.499968,0.0,,,,0.0254912 0.0120933 0.0594251 0.0342448 0.0812838 0.0177959 0.0119158 0.0180561 -0.00531257 0.00392576 0.0500886 -0.040652 0.097006 -0.0537174 0.00776238 -0.00558623 0.00149916 -0.0493143 0.0261784 -0.000640431 0.0208617 -0.00607937 0.000588253 -0.0699177 0.044903 -0.0368428 0.0555185 -0.00702749 0.0166425 0.0359326 -9.35196e-05 0.060438 0.0164675 0.00709608 -0.0209955 0.0107588 0.00170401 -0.0229743,800,0,cuda,2.49,5.35
test,800,boxer_22,boxer,dog,correct,boxer,partition,8,0.408793,38,0.452248,0.258837,-0.193411,0.227111,0.298185,0.0,,,,0.00943183 0.0125892 0.0169085 0.0266809 0.0311861 0.00443821 0.00378919 0.040585 0.0524569 0.025623 0.0467586 0.00195473 0.0561163 0.00118458 0.00220847 0.00137921 0.0220293 -0.0157046 -0.0230641 0.0862041 0.00274138 -0.00603983 0.00439658 -0.121622 0.00498799 0.0096081 0.0122264 0.0144732 0.000548426 0.0223657 0.00462312 0.0148921 0.0140193 0.00038824 -9.7125e-05 0.0170013 0.000256516 0.000998379,800,0,cuda,1.87,5.35
test,281,american_pit_bull_terrier_84,american_pit_bull_terrier,dog,correct,american_pit_bull_terrier,kernel,2,0.988898,30,0.625717,0.992682,0.366964,0.087703,0.692248,0.0,,,,-0.00251374 0.0238827 0.0309589 0.00013593 0.016681 0.000506116 -0.00505648 0.0138208 0.127036 0.272316 0.0930579 0.00351087 0.0127265 0.0800347 -0.00504911 0.00290343 0.00488678 0.00971112 0.0138123 0.249798 0.0289422 -0.00019096 -0.0125463 0.0196792 -0.0100367 -0.0158589 0.0189724 -0.0088222 0.0351324 -0.0178509,800,0,cuda,2.55,5.6
test,281,american_pit_bull_terrier_84,american_pit_bull_terrier,dog,correct,american_pit_bull_terrier,partition,2,0.988898,30,0.625717,0.992682,0.366964,0.167299,0.692999,0.0,,,,0.000659953 0.0352849 0.0431913 0.0183141 0.0437004 0.0609579 0.00360919 0.00275233 0.111682 0.128566 0.130354 0.00553132 0.00489444 0.0687304 0.0119671 0.00729116 0.00405249 0.00303325 0.00488527 0.264817 0.00241463 0.00589382 0.00188104 0.000194453 0.00165752 0.000341774 0.00386744 0.000260627 0.00953344 0.000261681,800,0,cuda,2.19,5.6
test,932,British_Shorthair_45,British_Shorthair,cat,correct,British_Shorthair,kernel,9,0.999032,31,0.587512,0.983391,0.395879,0.268744,0.796022,0.0,,,,-0.00417359 0.0176166 0.00855105 0.0115961 -0.0125362 0.057153 0.063432 0.00742518 -0.0158613 0.0226972 0.0431882 -0.000885664 0.0872973 0.0617728 0.0734835 0.000799105 0.0162201 0.162098 0.0567332 0.130233 -0.00249523 0.00351663 -0.0112248 0.0246913 -0.0142353 0.0548205 0.0284833 0.019717 -0.0123184 0.0225786 -0.0149364,800,0,cuda,2.14,5.38
test,932,British_Shorthair_45,British_Shorthair,cat,correct,British_Shorthair,partition,9,0.999032,31,0.587512,0.983391,0.395879,0.247973,0.711016,0.0,,,,-0.0359213 0.00670133 -0.00088053 -0.0242111 0.0280291 0.0334056 0.0870704 -0.000968542 -0.0117858 0.0135622 0.085982 0.0098035 0.194948 0.0314621 0.14175 0.0383865 0.0203115 0.0937576 0.023429 0.157085 -0.00409628 -0.0171719 -0.00160299 0.0247518 -0.00232872 0.0411113 -0.0170175 -0.00994514 -0.0091602 -0.00493944 -0.0060811,800,0,cuda,2.41,5.38
test,732,Bombay_47,Bombay,cat,correct,Bombay,kernel,7,0.912556,35,0.314493,0.567122,0.252629,0.107369,0.571119,0.0,,,,0.0246692 -0.0126118 -0.00382253 -0.00491724 0.00125513 0.0291324 0.0662949 0.106111 -0.000504683 0.119716 0.0400362 0.0157586 0.0716812 -0.0048265 0.0799968 0.0198356 0.0170483 0.0218847 0.128767 0.0418882 0.0252519 0.0243527 0.0222113 -0.0053917 -0.00986863 0.0552639 0.0563802 -0.00828942 0.00845392 0.0178464 -0.0379153 0.00990241 0.000438726 -0.0174283 -0.0133058,800,0,cuda,2.28,5.81
test,732,Bombay_47,Bombay,cat,correct,Bombay,partition,7,0.912556,35,0.314493,0.605063,0.29057,0.138167,0.394057,0.0,,,,0.00138959 0.000576185 0.00631832 0.00842436 0.0127192 0.0470261 0.017774 0.0256352 0.0325083 0.106311 0.0728655 0.00744492 0.124478 0.0695758 0.132392 0.031972 0.000657274 -0.00763078 0.10965 0.0284668 0.044571 -0.00112582 0.00672717 -0.00251546 -0.00678793 0.0122 0.0221279 0.000962714 0.00421618 -0.0124585 -0.0186101 0.00392509 0.00161981 0.0030911 -0.00120314,800,0,cuda,2.53,5.81
test,2763,Russian_Blue_84,Russian_Blue,cat,wrong,British_Shorthair,kernel,9,0.899222,42,0.634985,0.785491,0.150506,0.354431,0.756529,0.0,,,,-0.0292483 0.00819411 0.027058 0.00945754 0.0325719 0.037036 -0.0249123 0.0222022 0.0105055 0.0921532 0.0525497 0.0873578 -0.0159921 -0.024097 0.0412892 0.00163335 0.022476 -0.0236836 0.0987328 0.048067 0.0643957 0.0197128 0.0350337 0.0215635 0.00121635 0.0281005 0.0643154 -0.0147741 0.014048 0.0561086 0.00854546 0.0215323 -0.00768684 0.00733112 0.00814116 -0.0146137 -0.00449991 -0.0072638 0.0112257 -0.000796746 -0.00830243 0.00894236,800,0,cuda,2.2,5.68
test,2763,Russian_Blue_84,Russian_Blue,cat,wrong,British_Shorthair,partition,9,0.899222,42,0.634985,0.943295,0.30831,0.524883,0.625026,0.0,,,,0.00163075 0.00175588 0.0192484 0.0266347 0.0403128 0.00284983 0.0638284 0.00032645 -0.0114065 0.0461594 0.0495815 0.0360463 0.00857859 -0.00177874 0.0348055 0.0489565 0.0172455 0.00688087 -0.0129381 0.00894039 0.0619072 0.000278818 0.0975306 0.0109671 0.0284786 0.00829829 0.0107447 0.00282103 0.0215952 0.0346391 0.0855592 0.00306237 0.00852362 0.000931294 0.0111101 0.000170086 0.0126928 0.000994213 0.000372434 0.000133028 0.000915685 -0.00375759,800,0,cuda,2.45,5.68
test,2880,saint_bernard_9,saint_bernard,dog,correct,saint_bernard,kernel,28,0.999609,29,0.592554,0.985502,0.392948,0.228962,0.653333,0.0,,,,0.0559282 0.0447217 0.257285 -0.0112435 0.0345794 0.0345369 0.00285568 -0.00446402 0.0338968 0.04733 0.153659 0.00747166 0.058813 0.0279731 -0.00464185 0.0793634 0.0709749 0.0500986 0.0802348 -0.0544115 -0.0288353 0.0023824 -0.0121283 0.0160229 -0.0470899 0.0391333 0.0340457 0.00348908 0.0186597,800,0,cuda,2.02,5.16
test,2880,saint_bernard_9,saint_bernard,dog,correct,saint_bernard,partition,28,0.999609,29,0.592554,0.993083,0.400529,0.282818,0.82897,0.0,,,,0.0272156 0.0356194 0.142635 0.0358147 0.0712654 0.134454 0.0464888 0.0097102 0.0424673 0.0467585 0.183644 6.51719e-05 0.0659564 -0.00168951 0.00198501 0.0508136 0.0238405 0.0169097 0.0412685 0.000166594 0.00183839 0.0025724 0.000812251 0.00122641 0.000813788 0.00133931 0.00328742 0.00118972 0.00217358,800,0,cuda,2.3,5.16
test,2999,scottish_terrier_27,scottish_terrier,dog,correct,scottish_terrier,kernel,30,0.999101,35,0.201092,0.764773,0.563681,0.193597,0.892682,0.0,,,,0.00661827 0.0158691 0.0103956 0.0185565 0.0298348 0.00600182 0.0404554 -0.00205406 -0.00361946 0.00446525 0.00375881 0.0131681 0.019289 0.0336762 0.266125 0.0104571 0.00228799 0.00303698 -0.00892569 0.00412193 0.160825 0.185776 0.00350598 0.00485054 0.0365154 -0.00600679 0.0085826 0.0175229 0.0795212 -0.0135464 0.00486013 0.0422693 -0.034598 0.00548135 0.0220367,800,0,cuda,1.92,5.17
test,2999,scottish_terrier_27,scottish_terrier,dog,correct,scottish_terrier,partition,30,0.999101,35,0.201092,0.77787,0.576778,0.167878,0.904016,0.0,,,,0.000163844 0.014263 -0.000564622 -0.00104822 0.0177992 0.0103683 0.00267255 0.00420559 0.0001772 0.028355 0.00307849 0.0190371 0.00338426 0.0246068 0.221465 0.000835582 -0.0094393 0.0198781 -0.00239698 0.0364559 0.156023 0.238796 0.0013947 -0.0154931 0.00832319 0.0687625 0.00267584 0.00179788 0.120647 0.00158949 -0.00566019 0.0187629 -0.00228678 0.0013185 0.00116678,800,0,cuda,2.35,5.17
test,3344,Sphynx_57,Sphynx,cat,wrong,Abyssinian,kernel,0,0.80078,39,0.115035,0.553728,0.438693,0.041613,0.426515,0.0,,,,0.00886732 0.0108385 -0.0182362 -0.0050788 0.0105737 0.0189779 -0.0101494 0.050049 0.0109747 0.010298 0.0343257 0.00954912 0.00854781 -0.0411543 0.163819 -0.0133229 0.0119462 0.0113384 0.0295707 0.0178813 0.0082992 0.0253454 0.111211 0.00948133 0.0074727 0.140114 0.0319633 -0.0523472 0.0174288 0.0121276 0.00584156 -0.00672904 0.0371444 0.0122196 0.0321155 0.0225034 0.0141434 0.0391748 -0.00981052,800,0,cuda,2.05,5.2
test,3344,Sphynx_57,Sphynx,cat,wrong,Abyssinian,partition,0,0.80078,39,0.115035,0.618483,0.503448,0.04473,0.388236,0.0,,,,0.00439086 0.0221325 -0.004947 -0.00515981 0.022308 -0.00400781 -0.00484097 0.0540964 0.0320755 0.00849872 0.03245 -0.00265153 -0.00110267 0.00950872 0.137161 0.00224395 0.0186284 0.00343695 -0.000223468 0.00360792 0.00929736 0.0985524 0.176988 -0.00680211 0.000809286 0.102952 0.0190169 0.00629175 0.0102982 0.0036299 0.00897494 0.00553614 -0.00592853 0.00626212 0.00311408 0.00034434 0.00474684 0.0075883 -0.00196228,800,0,cuda,2.31,5.2
test,1144,Egyptian_Mau_61,Egyptian_Mau,cat,correct,Egyptian_Mau,kernel,11,0.996417,36,0.399235,0.966678,0.567444,0.206567,0.945584,0.0,,,,0.00623918 -0.0114475 0.000808382 0.00621775 0.00637673 -0.0107079 -0.00753932 -0.00109721 -0.00938903 -0.000853907 0.00412699 -0.00911393 -0.00686643 0.0117549 -0.0115477 -0.0211492 -0.00577735 -0.00429661 -0.004636 -0.00301888 4.11754e-05 -0.013546 0.000294048 0.0211761 -0.012919 0.000746599 -0.00493935 0.0248698 0.139125 0.180742 0.128038 -0.00484068 0.0657723 0.487472 -0.0213327 0.00239376,800,0,cuda,2.47,5.16
test,1144,Egyptian_Mau_61,Egyptian_Mau,cat,correct,Egyptian_Mau,partition,11,0.996417,36,0.399235,0.963615,0.56438,0.236363,0.946468,0.0,,,,-0.000384426 -0.000646903 -0.000478473 -0.00108345 -0.000549208 -0.00133355 -0.000316923 -0.001051 -0.000328143 -0.000598934 -0.000967735 -0.000654847 -7.03969e-05 -0.00119032 -0.00079502 -0.00145148 -0.000436752 -0.00101662 -0.000228791 -0.00123602 0.0469843 -0.00521597 -0.00049187 0.0112257 -0.0161423 0.0408001 0.00403995 0.146241 0.122806 0.107475 0.0627085 0.0182049 0.0779692 0.26826 0.0196614 0.0314691,800,0,cuda,1.78,5.16
test,1617,havanese_41,havanese,dog,correct,havanese,kernel,16,0.985523,37,0.331673,0.375569,0.043897,0.07777,0.795968,0.0,,,,-0.00449403 -0.00877419 0.00650181 -0.0123415 0.00697686 0.276155 0.00474324 0.129915 0.172281 0.0408169 0.066819 -0.00762435 -0.0455378 -0.000551097 0.0913447 -0.00073579 -0.00615376 0.222901 0.0556199 0.0253736 -0.00513497 0.00589673 -0.0199089 -0.0235692 0.00677025 -0.00307681 0.0136806 0.00479482 0.00278012 -0.00684881 -0.0221625 -0.000724006 -0.00594967 0.0117426 -0.0134983 -0.0204694 0.0229647,800,0,cuda,2.6,5.05
test,1617,havanese_41,havanese,dog,correct,havanese,partition,16,0.985523,37,0.331673,0.400065,0.068393,0.076608,0.729822,0.0,,,,-0.000302761 0.000374702 -0.00757566 -0.00290821 -0.00573987 0.257741 0.000319891 0.0521087 0.122532 0.00154587 0.0612871 -0.00103016 0.0152561 0.0155643 0.11605 0.0295003 0.00632402 0.223494 0.00539312 0.0620297 0.0146338 0.00298446 -0.00407963 -0.00134698 -0.000744818 0.00204325 -0.00161696 0.00042477 -0.000301882 -0.00099837 -0.000722829 0.000450957 -0.000717696 -0.000907599 -9.96309e-05 4.40665e-05 -0.000485022,800,0,cuda,1.46,5.05
test,3085,shiba_inu_204,shiba_inu,dog,correct,shiba_inu,kernel,31,0.953965,37,0.201849,0.621887,0.420038,0.162209,0.895451,0.0,,,,0.00232066 -0.0200706 -0.00636032 0.0142125 -0.00878833 -0.00379217 -0.000542706 -0.000837413 -0.0180199 -0.00278162 -0.00306909 0.0345259 -0.011014 0.00987502 0.00937937 0.360958 0.0669568 0.178993 -0.00291984 0.0193133 0.1959 0.00608085 -0.0133237 0.00456641 0.00119759 -8.53503e-05 -0.00733952 0.00583034 0.0117822 0.00445921 0.031929 0.0172685 0.0142391 0.031329 -0.00194999 -0.011579 0.00907398,800,0,cuda,2.65,5.1
test,3085,shiba_inu_204,shiba_inu,dog,correct,shiba_inu,partition,31,0.953965,37,0.201849,0.614773,0.412924,0.142841,0.891775,0.0,,,,0.00129469 -0.00420838 -0.00401951 0.0137482 0.00955379 -0.00207356 -0.00314852 0.00910205 -0.000849779 0.00476725 -0.00435286 0.0450008 0.00672647 0.0992593 -0.00142431 0.213846 0.12135 0.130919 0.0028648 -0.000478177 0.0865779 0.00550652 0.01328 0.000194278 -0.000832745 0.0386076 0.0016711 -0.000785503 -0.00230321 0.0352812 0.0504636 -0.00138094 0.0235611 0.0304836 -0.00204691 -0.00146586 0.00302809,800,0,cuda,1.57,5.1
test,3285,Sphynx_222,Sphynx,cat,wrong,chihuahua,kernel,10,0.794015,33,0.699817,0.972421,0.272604,0.040402,0.178408,0.0,,,,0.0213955 0.027068 0.0216599 0.0460405 0.0914383 -0.0199964 0.0134503 0.0665987 -0.0190065 0.0250472 0.0129144 0.0167629 0.0740047 -0.0136696 0.00275436 0.0769648 0.0073942 0.0141344 0.0135582 0.0258998 0.00411594 0.033015 0.0986845 0.0311862 0.0252307 0.0200268 -0.010385 0.0281296 -0.0138555 0.0263429 0.0495579 -0.0228596 0.0122396,800,0,cuda,2.86,5.34
test,3285,Sphynx_222,Sphynx,cat,wrong,chihuahua,partition,10,0.794015,33,0.699817,0.746273,0.046456,0.038815,0.231584,0.0,,,,0.00328359 0.0512994 0.00950255 0.032953 0.0532387 0.00171814 0.0392472 0.043069 0.0089351 0.0411376 0.0112122 0.00428792 0.0705855 0.00732451 0.00880315 0.0505486 0.0406146 0.0242804 0.0200316 0.0110151 0.00996008 0.0250865 0.0777032 0.00325039 0.0594999 0.0158691 0.00109338 0.000132569 0.00348557 0.00713611 0.0283907 0.0134493 0.00769806,800,0,cuda,1.56,5.34
test,2503,pug_29,pug,dog,correct,pug,kernel,25,0.999508,38,0.679967,0.993561,0.313595,0.135798,0.312074,0.0,,,,0.00594653 0.0241968 0.0287038 0.0667332 -0.009735 0.0211444 0.0554932 0.0402393 0.0186677 0.0246781 0.0184076 0.0187156 0.0398375 0.0267355 0.0391446 0.0168911 0.0469428 0.0593068 0.00576573 0.0147205 0.0854736 0.0184869 0.129728 -0.00428444 0.0508368 -0.00419212 -0.00196111 0.0193679 0.0417166 0.00689638 0.0494695 -0.00560476 0.000168185 0.0218491 -0.00137273 0.0241829 0.00383823 -0.00820718,800,0,cuda,2.89,5.49
test,2503,pug_29,pug,dog,correct,pug,partition,25,0.999508,38,0.679967,0.996621,0.316654,0.155987,0.342668,0.0,,,,0.00815029 0.0251372 0.0465259 0.0553781 0.00687229 0.0204485 0.0295034 0.0128372 0.0465 0.0385745 0.021775 0.0449448 0.0460903 0.0264504 0.0298473 0.00493533 0.0884118 0.0346757 0.0136152 0.0535558 0.0220721 0.0200306 0.130259 0.0220788 0.0264994 0.0142286 0.00335063 0.00111598 0.00945523 0.0113849 0.0259675 0.00471904 0.00555769 0.0138478 0.00691998 0.00819285 0.00283708 0.00618103,800,0,cuda,1.72,5.49
test,584,Bengal_88,Bengal,cat,correct,Bengal,kernel,5,0.977666,37,0.373286,0.977388,0.604102,0.094665,0.638666,0.0,,,,0.00812707 0.00567117 -0.00641184 0.00144499 0.0293372 -0.0089832 0.000527308 0.0049007 0.0227518 0.0264024 0.0276735 0.0104647 0.033947 0.0313036 0.0198147 0.00948563 0.131607 0.0863954 -0.01073 0.0490315 0.116933 0.0127936 0.0019576 0.0371745 0.14606 0.0197038 0.0382992 0.0167856 0.00485481 0.0340741 -0.00463974 0.0121907 0.00785166 0.0333713 -0.0061956 -0.00583764 0.00784946,800,0,cuda,2.67,5.4
test,584,Bengal_88,Bengal,cat,correct,Bengal,partition,5,0.977666,37,0.373286,0.829415,0.456129,0.125939,0.410645,0.0,,,,0.00412022 0.00390855 0.00272989 0.019746 0.0241776 0.00368742 0.0358127 0.00951163 0.00735444 0.0204037 0.0498398 0.00727721 0.0364338 0.0123436 0.0142995 0.0070807 0.145183 0.0365078 0.00644749 0.0501727 0.125113 0.0139691 0.00223764 0.0116358 0.0798863 0.0210631 0.0154734 0.0365381 -0.00154868 0.0340502 0.0161016 -0.00326732 0.00263702 0.00427144 0.0515202 0.0320518 0.00721651,800,0,cuda,1.81,5.4
test,2195,newfoundland_22,newfoundland,dog,correct,newfoundland,kernel,22,0.901688,36,0.181063,0.406144,0.225082,0.23199,0.669576,0.0,,,,0.0101151 0.00473927 -0.00927522 0.022323 0.0182646 0.0472113 0.083388 0.0251557 0.118994 0.10173 0.118924 0.137024 0.00338946 0.102556 -0.0397381 -0.0333971 -0.00704674 0.00622497 0.00127214 -0.00824205 0.0169443 -0.0113201 -0.0294963 0.0196856 0.0149723 0.0109541 0.0172089 0.0374675 0.037753 0.0267678 -0.0144026 -0.01152 0.00190379 0.0102434 0.0295045 0.0356296,800,0,cuda,2.59,5.51
test,2195,newfoundland_22,newfoundland,dog,correct,newfoundland,partition,22,0.901688,36,0.181063,0.334498,0.153435,0.322181,0.604196,0.0,,,,0.00638178 0.00325478 0.0110571 0.00821357 0.0261489 0.0284088 0.140451 0.0530458 0.0263429 0.0831539 0.0608269 0.119559 0.00787375 0.164533 0.00586461 0.00152752 0.0185152 -0.00442643 0.0514575 -0.0039168 0.0295803 0.0104495 0.00474422 0.00812725 -0.00193181 0.0028105 0.000420372 0.0114899 0.0012271 -0.00254317 -0.0026214 0.00124437 0.00278127 0.0125998 0.000827376 0.00842937,800,0,cuda,2.02,5.51
test,160,american_bulldog_65,american_bulldog,dog,wrong,saint_bernard,kernel,28,0.999455,41,0.253607,0.427222,0.173615,0.155013,0.731818,0.0,,,,0.0106062 0.0553661 -0.0165983 0.0379933 -0.0288452 0.00150258 0.0121627 -0.00219821 0.0504497 0.0845346 0.166221 0.0457254 0.0289131 0.0220681 -0.00987577 0.167854 -0.0250012 0.0668726 0.087172 -0.0302583 0.0235661 0.0193028 -0.00652364 0.0382785 0.00764307 0.0192566 0.0111293 0.0377701 0.0461697 0.00408534 0.0342794 0.033189 0.00748973 -0.0133123 0.0148966 -0.0150639 0.00717263 0.0308893 0.00933934 -0.0351716 -0.00856279,800,0,cuda,2.67,6.0
test,160,american_bulldog_65,american_bulldog,dog,wrong,saint_bernard,partition,28,0.999455,41,0.253607,0.34259,0.088982,0.214098,0.76018,0.0,,,,0.00058411 0.0269426 0.00206169 0.0431766 0.00044017 0.0193089 0.00761219 0.0170505 0.100437 0.0880199 0.082856 0.0138026 0.0222739 0.00706949 0.0969113 0.240668 0.0579041 0.0531773 0.0249644 0.00376109 0.0105512 0.00199528 0.00222866 0.00769352 0.00199178 0.00779927 0.00160767 0.0139265 0.00444409 0.000862237 -6.14545e-05 0.00214757 0.00632875 0.000290907 0.00224029 0.00228401 0.00264641 0.00761627 -6.85838e-05 0.00242602 0.00251577,800,0,cuda,2.44,6.0
test,1111,Egyptian_Mau_27,Egyptian_Mau,cat,correct,Egyptian_Mau,kernel,11,0.997904,36,0.493304,0.892557,0.399253,0.208189,0.809683,0.0,,,,0.00227126 0.00149609 -0.000277459 -0.00266311 0.00109341 -0.0103655 0.0230296 -0.0311649 0.0762961 0.0522681 0.0349922 0.0115469 -0.00352765 -0.0198464 0.00185921 -0.00783813 -0.035242 0.119541 0.00220213 0.0130496 0.0387498 0.055095 -0.0435909 0.0631381 0.322509 -0.00749858 -0.00630283 0.0567575 0.0197312 0.0194979 -0.00532135 -0.000293819 0.163711 -0.00545886 -0.00329377 0.0265142,800,0,cuda,2.65,5.59
test,1111,Egyptian_Mau_27,Egyptian_Mau,cat,correct,Egyptian_Mau,partition,11,0.997904,36,0.493304,0.895214,0.40191,0.215982,0.815446,0.0,,,,-0.00129274 0.00993158 -0.0216252 -0.0156323 -0.0174675 -0.00641872 0.0298575 -0.00262753 0.0382531 0.00917174 0.0181855 -0.0177682 -0.00548267 0.0398173 0.000272872 0.0263581 -0.00122076 0.129863 -0.00682129 0.00689399 0.0146815 0.0550652 -0.00327146 0.086947 0.182389 0.00420458 0.0018072 0.0541627 0.031034 0.00224306 0.0152148 0.0220183 0.196447 0.00787467 0.00544329 0.0341546,800,0,cuda,2.05,5.59
test,2798,saint_bernard_25,saint_bernard,dog,correct,saint_bernard,kernel,28,0.98247,36,0.058016,0.261706,0.203691,0.023197,0.852167,0.0,,,,-0.000928427 0.00786931 -0.00478182 -0.000345694 0.00157029 0.00932862 0.0251063 0.221273 0.03582 -0.00588676 0.166012 -0.00482053 0.0999723 0.035696 0.0191928 0.325276 0.0738747 -0.0279359 0.00620301 0.0101351 0.00102322 -0.0142169 0.01058 -0.0160994 0.013488 0.0310331 -0.0275147 -0.00477974 -0.00340835 -0.0154863 0.00800779 -0.0111371 0.00472894 0.0154481 -0.0184978 0.00770246,800,0,cuda,2.67,5.76
test,2798,saint_bernard_25,saint_bernard,dog,correct,saint_bernard,partition,28,0.98247,36,0.058016,0.261706,0.203691,0.022918,0.844707,0.0,,,,-0.000178906 0.000131342 -4.99625e-05 0.00771962 -0.000220368 0.00123279 -0.00017086 0.232044 0.0153828 -0.00136768 0.105827 -0.000390309 0.0876423 0.0252694 -0.000183504 0.298959 0.126815 3.99003e-05 9.33864e-06 -2.41788e-05 0.00945062 9.24046e-06 0.00130477 0.00262204 0.0360943 -9.30174e-05 -9.35346e-05 -6.55798e-05 -0.000292112 -0.000186328 0.00427053 -0.000229385 -0.000100502 0.0224856 -0.000106445 -5.53644e-05,800,0,cuda,2.18,5.76
test,1915,leonberger_40,leonberger,dog,correct,leonberger,kernel,19,0.998993,37,0.642698,0.992347,0.349649,0.152964,0.77797,0.0,,,,0.0440046 0.142878 0.0262292 0.00593709 0.120658 0.0349427 0.159195 0.00429296 0.0751397 0.0547971 0.0247156 0.0407068 -0.00147857 0.0361739 -0.0341349 0.0453541 0.0132006 0.107039 -0.00259692 0.00344433 0.0202844 -0.0138656 0.00964071 0.0259445 -0.0379583 -0.0268675 -0.0082591 -0.0131935 0.0295468 0.014683 0.0162147 -0.0108889 0.0149229 0.00488221 0.0258798 0.0488133 -0.00472121,800,0,cuda,2.58,5.97
test,1915,leonberger_40,leonberger,dog,correct,leonberger,partition,19,0.998993,37,0.642698,0.737674,0.094976,0.141469,0.824879,0.0,,,,0.0284285 0.0908171 0.0461601 0.0138313 0.21677 0.0759901 0.175116 0.0413323 0.0773144 0.0754764 0.0188867 0.0337122 0.00113258 0.0268482 0.000918693 0.00590085 0.00196802 0.0659849 -0.00105821 9.81192e-06 -9.0984e-05 -0.000103281 -4.22001e-05 -4.53286e-05 -5.57439e-05 -0.000116915 3.6945e-05 1.18184e-05 7.53946e-05 0.000100574 3.97801e-05 3.43207e-05 6.0621e-05 3.43084e-05 4.20207e-05 2.39873e-05 1.27024e-05,800,0,cuda,2.61,5.97
test,3165,shiba_inu_87,shiba_inu,dog,correct,shiba_inu,kernel,31,0.999162,30,0.413724,0.845295,0.431571,0.138689,0.960305,0.0,,,,-0.0333603 -0.0148468 -0.0224658 -0.0115446 0.00690647 0.0178459 -0.0117981 0.0133324 -0.0273284 0.449638 0.00428952 0.0253452 0.0284762 0.00953604 0.0114913 0.0309187 -0.0228196 0.038515 0.170334 0.0649229 -0.00701446 0.24447 0.004393 -0.00754698 0.0045204 0.0042415 -0.00364271 0.00273532 -0.0143409 0.00771046,800,0,cuda,2.11,5.66
test,3165,shiba_inu_87,shiba_inu,dog,correct,shiba_inu,partition,31,0.999162,30,0.413724,0.706805,0.293081,0.246028,0.963314,0.0,,,,0.0462781 0.0375814 -0.00403313 -6.94916e-05 0.0791956 -0.000230692 -0.000501782 0.0046288 0.0127723 0.376904 0.0104879 -0.00237854 0.0711554 0.0377176 -0.022148 0.209111 -0.0419394 0.00119281 0.00279705 0.0310018 -0.00596792 0.0241811 0.0100407 0.0184224 0.023214 0.00383693 -0.00113379 0.0156941 0.013395 0.0117092,800,0,cuda,2.63,5.66
test,859,boxer_76,boxer,dog,correct,boxer,kernel,8,0.970973,36,0.317702,0.419786,0.102084,0.320526,0.783467,0.0,,,,0.0250789 0.077646 0.101246 0.0220547 0.0625312 0.0887119 0.0939577 0.0892968 0.012991 0.0162519 0.0465691 0.0252642 0.000669969 0.0136114 -0.00207886 -0.0252484 0.099339 0.0146026 0.0738492 -0.0182633 -0.00363061 0.0127484 0.00558188 0.044787 0.0103088 0.0137979 0.00426937 0.0165602 -0.00287394 0.0781511 -0.0197363 -0.00841191 -0.0239054 0.00185054 0.00998043 0.00314492,800,0,cuda,2.7,5.84
test,859,boxer_76,boxer,dog,correct,boxer,partition,8,0.970973,36,0.317702,0.348632,0.03093,0.355689,0.777999,0.0,,,,0.00998522 0.0311245 0.070208 0.0212231 0.0672503 0.0656529 0.108206 0.22172 0.0112541 0.0979593 0.0147352 0.0459743 0.00735493 0.0172621 0.00764725 0.00534009 0.0121975 0.00497768 0.0317465 0.003637 0.00241159 0.0149236 0.00166747 0.0127303 0.00448757 0.00228488 0.00353538 0.00539312 0.00570265 0.00829235 0.00900143 0.00786452 0.00430907 0.0142793 0.00588474 0.00248001,800,0,cuda,2.16,5.84
test,952,British_Shorthair_65,British_Shorthair,cat,wrong,Russian_Blue,kernel,27,0.716018,33,0.512775,0.811914,0.299139,0.069619,0.78211,0.0,,,,-0.00285847 -0.0104749 -0.00429848 0.0214486 0.00621013 -0.00709623 -0.00536743 0.0129344 0.0693818 0.0326234 -0.106 0.00536728 -0.0224999 0.210702 0.0695218 0.0166955 -0.0215634 -0.0071157 0.213336 0.0305416 0.0828459 0.12272 0.0452729 0.00880925 -0.0219659 0.0252636 0.0293959 -0.0368265 -0.0222817 -0.00388113 -0.0136801 -0.0134465 0.0012979,800,0,cuda,2.26,5.39
test,952,British_Shorthair_65,British_Shorthair,cat,wrong,Russian_Blue,partition,27,0.716018,33,0.512775,0.747498,0.234723,0.07434,0.597783,0.0,,,,-0.000243462 0.00055243 0.00190839 0.00212113 -0.00342551 -0.00179829 0.0348499 0.0100122 0.0359 0.00871408 0.0239508 0.00905697 0.00728357 0.100226 0.0858896 0.018264 -0.000370298 -0.00116554 0.121469 0.0152021 0.032767 0.0651303 0.0129507 0.00420602 -4.24712e-05 0.0279883 0.017977 0.0400797 -0.000677008 0.00649055 -0.00237838 0.00332315 0.0287995,800,0,cuda,2.17,5.39
test,3352,Sphynx_70,Sphynx,cat,correct,Sphynx,kernel,33,0.947385,37,0.242267,0.874619,0.632351,0.144815,0.909723,0.0,,,,0.0873432 0.0678397 -0.000917668 -0.00637402 -0.000850576 0.0149338 0.0239384 0.0462841 0.139356 0.00424595 0.0272339 0.0565481 0.075373 0.288811 0.00737115 0.039727 0.0798184 0.0389706 -0.0221786 -0.0124196 0.0180236 -0.00443817 0.00827517 -0.00308134 -0.0107205 -0.0135108 -0.0253907 -0.0125489 0.00284447 0.00568986 -0.00104342 -0.0204416 0.00322982 0.00592029 0.00150907 0.00727651 -0.00194171,800,0,cuda,2.29,5.64
test,3352,Sphynx_70,Sphynx,cat,correct,Sphynx,partition,33,0.947385,37,0.242267,0.702893,0.460626,0.229383,0.876089,0.0,,,,0.0240722 0.0653055 0.0195814 -0.00129185 0.0235094 0.076018 0.0238566 0.0857524 0.175865 0.000631839 0.00136173 0.0720109 0.0498795 0.20507 0.0218764 0.00428598 0.0196172 0.00710256 0.0163724 3.86102e-05 0.00652419 -0.000159734 0.000489392 0.00214605 0.00089369 0.000452007 0.00192092 0.00386024 3.55228e-05 -0.000769001 -0.000282187 -0.000814514 0.00393053 0.00284801 -0.000597254 0.00121239 0.00210019,800,0,cuda,2.36,5.64
test,1331,english_setter_54,english_setter,dog,correct,english_setter,kernel,13,0.99962,35,0.947943,1.0,0.052057,0.094896,0.722049,0.0,,,,-0.0438723 -0.0255324 0.0111139 0.0484405 0.0375171 0.0564658 0.116588 -0.0452385 0.0885417 0.0634649 0.06876 0.113744 0.0860134 0.000732115 0.0492362 0.020729 0.0259326 0.0614964 0.0596696 -0.0168232 0.009379 0.0217854 0.0674474 0.0102028 -0.0076769 0.00421794 0.0175727 -0.0113395 0.0237827 -0.000821 0.02046 -0.00807074 0.000395612 0.0275852 0.0244802,800,0,cuda,2.22,5.52
test,1331,english_setter_54,english_setter,dog,correct,english_setter,partition,13,0.99962,35,0.947943,0.994913,0.046969,0.293005,0.737173,0.0,,,,0.00618677 0.0103073 0.0103391 0.0368905 0.0881005 0.0463644 0.075606 0.00327822 0.0738229 0.0818724 0.0969975 0.129015 0.0355929 0.085211 0.0640699 0.0495111 0.0533198 0.0301334 0.00493676 3.50232e-05 0.001173 0.00101453 -0.000190793 -0.000131791 -7.81107e-05 -0.00261859 -0.000815903 0.000286547 -0.000592063 -0.00024856 -0.000428774 -0.000465468 -0.000751134 -0.00111577 -0.000246956,800,0,cuda,2.38,5.52
test,1219,english_cocker_spaniel_43,english_cocker_spaniel,dog,correct,english_cocker_spaniel,kernel,12,0.998995,46,0.38931,0.920231,0.530922,0.058844,0.721117,0.0,,,,0.0145164 0.0192992 -0.00517701 0.00492771 -0.0245061 0.0182588 0.0109063 6.05961e-05 -0.00525445 -0.0105606 0.024987 -0.00565543 -0.0183533 0.0505278 -0.00106817 0.145957 0.0378017 -0.0172103 0.00301881 -0.0100304 0.0341527 0.00610474 0.0282125 0.0394872 0.0319214 -0.012923 0.139177 0.142048 -0.00728288 0.00511787 0.0803542 0.000767557 0.058074 0.0140398 -0.0240884 0.00658817 0.0825547 0.0668203 0.0336648 0.0105774 0.00414682 -0.0197142 0.0351654 -0.0252356 0.0100138 0.0101516,800,0,cuda,2.25,5.65
test,1219,english_cocker_spaniel_43,english_cocker_spaniel,dog,correct,english_cocker_spaniel,partition,12,0.998995,46,0.38931,0.925481,0.536171,0.139912,0.655824,0.0,,,,0.00132776 0.000128645 -3.69604e-05 0.000246392 0.00183121 0.00358849 -0.00112843 0.0011382 -0.000240322 0.00418926 0.00190831 -0.000836165 0.000548281 0.0050438 0.00391183 0.0177571 -0.000705239 0.000516644 0.00220757 -0.00821324 0.00457318 0.0270603 0.0111415 0.156784 0.0111096 0.00284015 0.0726745 0.112207 0.00680929 0.00616454 0.0813593 0.0367263 0.0783819 0.00743247 0.00337903 0.0238921 0.143709 0.0593389 0.0636887 0.0059553 0.00114933 0.00580055 0.0058219 0.00925206 0.00882248 0.00308514,800,0,cuda,2.27,5.65
test,1215,english_cocker_spaniel_3,english_cocker_spaniel,dog,correct,english_cocker_spaniel,kernel,12,0.999265,50,0.437301,0.698183,0.260882,0.099816,0.617501,0.0,,,,-0.0282778 0.0239046 -0.0148296 0.0309776 0.0273183 0.0779988 -0.00925668 0.0130654 -0.0167899 0.115113 0.00193313 0.0335575 0.047831 0.0402304 0.0230157 0.192402 -0.0123142 0.00300595 0.0520612 -0.00274546 0.135178 0.000234121 0.0360697 0.0385908 0.0170987 -0.0208561 0.0148853 -0.0112797 -0.00671991 0.00561024 0.0313445 0.0136179 0.00879102 -0.00218238 0.0311848 -0.00658921 0.0131133 -0.0077626 0.0344889 -0.0253029 0.0356732 0.0501825 -0.0109788 -0.00839649 -0.0144845 0.0132021 0.00163505 0.0130791 -0.00392751 0.00891177,800,0,cuda,2.32,5.77
test,1215,english_cocker_spaniel_3,english_cocker_spaniel,dog,correct,english_cocker_spaniel,partition,12,0.999265,50,0.437301,0.817327,0.380027,0.085629,0.677978,0.0,,,,0.000104521 0.0063579 2.31987e-05 0.0278813 0.0763262 0.019846 0.00173427 0.010434 0.000837592 0.139321 0.0420028 0.00326614 0.0536506 0.00438659 0.00689893 0.197493 0.0063512 0.00650549 0.121668 0.00290375 0.0909475 0.00150095 0.0393476 0.00847734 0.0113176 0.0265871 -0.00149836 0.00147949 0.000461378 0.0202167 0.00438277 0.00960361 0.0120775 0.00880062 0.000281022 -0.00545867 -0.000431425 0.00149723 0.000223069 0.011427 -0.000360317 -0.000718367 -0.00238626 0.00361837 0.00552223 -0.00115847 -0.00425061 0.0124695 0.00272334 -0.00207975,800,0,cuda,2.35,5.77
test,2676,Ragdoll_96,Ragdoll,cat,correct,Ragdoll,kernel,26,0.961915,43,0.330357,0.797331,0.466974,0.127712,0.799289,0.0,,,,-0.0276013 0.0158227 0.0101918 0.0069654 -0.0110878 -0.00527012 0.0198917 -0.00277928 -0.00415146 0.178029 0.107678 -0.0142184 -0.00474778 0.00428486 0.0158678 -0.022961 0.355326 0.0591278 0.0331471 0.0490949 0.0311875 -0.00374935 -0.00652729 0.0417486 0.0480308 -0.00490773 -0.00103754 0.0167843 0.0285542 -0.00651087 0.028481 0.00437171 0.00412876 -0.0107591 -0.0158947 -0.00256123 0.00938934 0.0156201 -0.0147129 0.0109765 -0.00270527 -0.00237822 0.0141836,800,0,cuda,1.96,5.51
test,2676,Ragdoll_96,Ragdoll,cat,correct,Ragdoll,partition,26,0.961915,43,0.330357,0.797331,0.466974,0.177403,0.809045,0.0,,,,-0.00713539 -0.000151157 0.00186115 -0.00106776 0.0147907 -0.00514301 0.00613421 -7.0813e-05 0.0189699 0.133301 0.115213 0.00325024 0.00174968 0.00964367 0.0257958 0.00702469 0.373278 0.0502288 0.0242636 0.0872149 0.0268514 -0.00204266 0.00451151 0.0150835 0.0125882 0.00202921 0.000333672 0.00406992 -0.00371954 0.00795574 0.00317066 0.00317573 0.00320266 -0.0123323 0.00454894 0.00178315 -0.00116804 0.00292419 0.00333959 0.00189261 0.000753658 0.0045161 0.00170406,800,0,cuda,2.53,5.51
test,606,Birman_19,Birman,cat,correct,Birman,kernel,6,0.948665,32,0.4658,0.986256,0.520456,0.165393,0.935832,0.0,,,,0.00225695 -0.0175647 0.00847963 0.00382311 0.0108151 0.0522459 -0.00458876 0.222907 0.336251 -0.0246999 0.0238371 0.0247726 0.148201 -0.0446865 0.0738455 -0.0168115 0.00847316 0.00666597 0.0595694 -0.00103089 -0.0209234 0.00685453 -0.00320337 -0.0110643 0.0299849 0.0798289 -0.0250172 0.0295691 0.02024 -0.0366967 0.01736 -0.0425331,800,0,cuda,1.83,5.15
test,606,Birman_19,Birman,cat,correct,Birman,partition,6,0.948665,32,0.4658,0.940849,0.475048,0.214049,0.90919,0.0,,,,0.062505 0.0401079 0.00467585 0.0255547 -0.00142707 0.0265172 0.00973032 0.191876 0.184683 -0.000734219 0.0403983 0.0739258 0.0691846 -0.00453887 0.0307459 0.0206763 -0.00359587 -0.00127336 0.0215257 0.0311233 0.00271894 -0.00296144 0.00536465 -0.00263075 0.0114612 0.0324251 -0.0027771 0.0187765 0.00342774 -0.00157475 0.0371753 -0.00590553,800,0,cuda,2.49,5.15
test,164,american_bulldog_69,american_bulldog,dog,wrong,saint_bernard,kernel,28,0.515268,48,0.50568,0.848268,0.342588,0.013205,0.339824,0.0,,,,0.000778912 0.005045 -0.00507953 0.00910543 0.076832 -0.00613097 0.0148565 -0.00303249 0.118206 0.00938764 0.116561 -0.0107965 -0.00397775 0.023725 -0.0249783 0.0154336 -0.00884842 0.14255 -0.0327781 -0.0459042 -0.0377083 0.0085577 -0.0114038 0.00690839 0.000374994 0.0133076 -0.0111652 0.0704233 0.00289038 0.00364178 0.0158572 0.000375145 -0.0203298 0.0112897 0.0180568 -0.0127679 -0.000285394 0.00174787 -0.00691887 0.030676 0.0195399 0.010713 0.00901767 -0.00703867 0.0223004 -0.0160494 -0.00101724 -0.00564741,800,0,cuda,1.91,5.52
test,164,american_bulldog_69,american_bulldog,dog,wrong,saint_bernard,partition,28,0.515268,48,0.50568,0.983959,0.478279,0.035262,0.232238,0.0,,,,0.00758512 0.00703064 0.000789645 0.000547894 -0.001147 -0.008866 0.00444248 0.000232647 -0.000866697 -0.000724306 0.0764668 -0.00576454 -0.00837975 0.0139487 0.0425241 0.0163694 0.0313483 0.106783 0.107604 -0.00239586 0.0016032 0.000822123 -0.0029411 -0.00553167 0.0111362 0.0341819 -0.00248182 0.0443747 0.00366446 -0.00222032 -0.00396138 -0.00220826 0.00105116 0.00722401 0.00787848 0.00226623 0.00375579 -0.00108279 0.00265748 0.00115644 0.0088667 -0.00012649 0.000210999 0.00317908 0.00193053 -0.000303341 0.00122044 0.00244891,800,0,cuda,2.56,5.52
test,2154,miniature_pinscher_76,miniature_pinscher,dog,wrong,shiba_inu,kernel,31,0.57148,41,0.106724,0.496719,0.389995,0.183395,0.665443,0.0,,,,-0.0260163 -0.0226514 0.0146904 0.016332 0.00245837 0.0117774 0.00416577 -0.0105753 -0.00938068 0.00623319 -0.0187741 -0.00315298 -0.00222745 0.0101534 0.0145393 -0.0142758 0.0279014 0.116817 -0.0118106 -0.0346191 1.27732e-05 0.0162781 -0.0148836 -0.014472 0.0683345 -0.0250362 0.0405793 0.0100396 -0.0217037 0.254015 0.0645921 0.0180889 0.0176838 0.0683529 0.0179115 -0.034649 -0.00550255 0.029529 -0.0775672 0.024457 0.0275878,800,0,cuda,2.01,5.61
test,2154,miniature_pinscher_76,miniature_pinscher,dog,wrong,shiba_inu,partition,31,0.57148,41,0.106724,0.351753,0.245028,0.294792,0.449149,0.0,,,,0.00350672 0.00603731 0.000117286 0.00690754 0.00791264 0.00609348 0.0029634 0.000707316 2.76266e-05 0.00390972 0.00855339 0.00314591 0.00383171 0.0109823 0.00965507 0.0196591 0.0182046 -0.00529169 0.0190014 0.0535535 0.000879671 0.0113975 0.0242767 0.0182224 0.0387406 -0.0329762 0.0495692 0.00366267 0.00551928 0.0691675 0.00129114 0.0384158 0.00609874 0.0294121 0.0293211 0.00747374 0.00198348 0.00731616 0.0082641 0.00928036 0.0284383,800,0,cuda,2.65,5.61
test,1040,chihuahua_5,chihuahua,dog,correct,chihuahua,kernel,10,0.997754,31,0.699976,0.732935,0.032959,0.04459,0.879059,0.0,,,,0.0298269 -0.014161 0.0166722 -0.0097365 -0.0167572 -0.00684779 -0.0117775 0.066638 0.0540054 0.000993949 0.0111283 0.46594 0.0131857 -0.00794453 0.016506 8.8388e-05 0.0376858 -0.02679 0.25362 -0.00350933 -0.000605268 0.00706988 0.0136702 0.0564882 0.0268902 0.0332374 -0.00399197 0.000587216 -0.00851285 -0.0154623 0.0114445,800,0,cuda,2.0,5.48
test,1040,chihuahua_5,chihuahua,dog,correct,chihuahua,partition,10,0.997754,31,0.699976,0.748519,0.048543,0.044581,0.857672,0.0,,,,0.0264708 0.000167478 -0.00073119 0.00421574 -5.75856e-05 0.0002944 -0.00160593 0.0254981 0.0178334 0.000341037 0.00641065 0.66521 0.000368274 0.0015182 -0.00224669 0.0143759 0.0451979 -0.0114526 0.14149 0.000920883 0.00320631 0.00488661 0.0112844 0.0251309 0.00951094 -0.00269128 0.000456688 0.00385103 0.000110971 0.000367259 -0.000750893,800,0,cuda,2.69,5.48
test,1978,leonberger_98,leonberger,dog,correct,leonberger,kernel,19,0.999218,36,0.246572,0.716955,0.470383,0.119487,0.797159,0.0,,,,-0.00447982 -0.00942854 0.0286753 0.0186429 0.0205742 0.0175593 0.0658733 0.0508304 0.025291 -0.00599796 0.266281 0.049664 0.0413927 -0.0124308 0.109797 0.105296 0.0180092 0.0802099 0.0160463 -0.0288587 0.0109608 -0.0110664 -0.05627 0.0257673 0.0180388 0.00587917 -0.0024469 0.0163745 0.0659581 0.0386524 0.00493266 0.0101048 0.00344165 0.0078296 0.0218178 -0.017138,800,0,cuda,2.42,5.97
test,1978,leonberger_98,leonberger,dog,correct,leonberger,partition,19,0.999218,36,0.246572,0.694752,0.44818,0.159795,0.845622,0.0,,,,-0.00100143 -0.00142504 0.0141383 0.000479686 0.0381319 0.00535139 0.151432 0.048286 0.019739 0.00134926 0.374924 0.004785 0.0265779 0.0447345 0.0944074 0.0744025 0.0261105 0.00563266 0.0202851 0.00064262 0.00241161 0.000337019 0.000404244 0.00486332 0.000478376 0.000273466 0.00211839 0.00333261 0.00953146 0.00166091 0.00292017 0.00986969 0.00114788 0.000880709 0.00633538 0.000234224,800,0,cuda,2.54,5.97
test,2665,Ragdoll_86,Ragdoll,cat,correct,Ragdoll,kernel,26,0.995856,33,0.72447,0.998765,0.274295,0.154909,0.782399,0.0,,,,0.0143405 -0.0102196 -0.0434058 0.0369084 -0.0269784 0.0641476 0.0605103 0.0423973 -0.014742 0.0240267 0.0222418 0.0378436 0.138737 -0.0393738 0.208571 0.112958 -0.00602369 0.0450209 0.0263364 0.0102475 -0.0131625 0.0594659 0.0518051 -0.00196982 0.105562 -0.0242948 0.0426172 0.00497771 0.0155951 0.0320701 -0.0105254 0.0180878 -0.00550891,800,0,cuda,1.69,5.23
test,2665,Ragdoll_86,Ragdoll,cat,correct,Ragdoll,partition,26,0.995856,33,0.72447,0.998158,0.273688,0.155453,0.687558,0.0,,,,-0.0122432 0.0195379 -0.0153009 -0.00271164 -0.019729 0.00865042 -0.00461027 -0.00169474 0.015132 -0.0020706 0.048408 0.019329 0.0798764 -0.00186966 0.137675 0.133793 0.0142034 0.0531097 0.0419212 0.000747486 0.00332459 0.116095 0.0294261 0.024952 0.0321472 -0.00262939 0.0441401 0.010367 0.057858 0.0682177 0.00457173 0.024836 0.0528042,800,0,cuda,2.59,5.23
test,3513,wheaten_terrier_4,wheaten_terrier,dog,correct,wheaten_terrier,kernel,35,0.668572,36,0.716618,0.896132,0.179515,0.132098,0.720993,0.0,,,,-0.0456971 -0.0384962 -0.0550895 -0.0156717 0.0513064 -0.0375778 0.0207123 0.0306878 0.0842648 0.119293 -0.0183126 -0.00463747 0.0431622 0.0339848 0.0367187 -0.0201402 0.000261168 0.0211973 0.0381959 0.0532614 0.0394522 -0.00400357 0.0312922 -0.0112762 -0.0349125 0.0295767 0.0133181 -0.0112829 0.0700606 0.0783186 0.0240773 0.00365383 0.00116335 0.0398492 0.0455093 0.0354153,800,0,cuda,1.89,5.42
test,3513,wheaten_terrier_4,wheaten_terrier,dog,correct,wheaten_terrier,partition,35,0.668572,36,0.716618,0.896122,0.179505,0.226694,0.694219,0.0,,,,-0.00986394 -0.010935 -0.0871442 -0.00338854 0.0050675 -0.0105602 -0.00643263 -0.0397395 0.0962108 0.0751652 -0.00645905 -0.00246556 0.0958124 -0.00314528 0.00136672 -0.00594448 0.0523201 0.000427298 0.00144502 0.0179974 0.0150409 -0.000928782 0.0356809 -0.00454529 0.0194157 -0.00484512 0.0091385 0.00325204 0.163854 0.148437 0.0239801 0.0010224 0.00706697 0.0236201 0.0107499 0.0369613,800,0,cuda,2.55,5.42
test,329,basset_hound_38,basset_hound,dog,correct,basset_hound,kernel,3,0.999917,31,0.601084,0.845317,0.244233,0.268938,0.830906,0.0,,,,0.0241338 0.163593 -0.0259525 0.0264918 -0.00876053 0.0128188 0.00929067 0.0342192 0.0343851 0.126337 0.0314052 0.0332769 0.181747 0.0166908 0.0128066 0.0135912 -0.0073844 0.010467 0.000694447 -0.00515814 0.0650334 0.0088458 0.034071 0.057094 0.00595262 0.0164158 0.0329499 0.0206963 0.0115017 0.0478683 -0.00970587,800,0,cuda,1.9,5.41
test,329,basset_hound_38,basset_hound,dog,correct,basset_hound,partition,3,0.999917,31,0.601084,0.79731,0.196226,0.24494,0.86647,0.0,,,,0.00630262 0.1112 0.0259384 0.0492639 0.0417368 0.0313429 0.0113506 0.0608843 0.0834563 0.0593546 0.0737175 0.0171705 0.258849 0.0258444 0.0418014 0.0512123 0.00223775 0.000687526 0.00287219 -5.54964e-05 0.0016427 0.000469576 0.000192484 0.00258502 0.00119156 0.000867604 0.00786177 0.00123369 0.00171093 0.00241641 7.68744e-05,800,0,cuda,2.62,5.41
test,2011,Maine_Coon_27,Maine_Coon,cat,correct,Maine_Coon,kernel,20,0.985162,37,0.310467,0.965444,0.654977,0.078909,0.835379,0.0,,,,-0.0187482 -0.000162523 0.00797834 0.00263242 -0.0101668 0.0146639 0.00700967 -0.0200359 -0.000637033 0.010176 0.0064621 -0.0117454 0.0181059 0.00805592 0.0022696 0.00228914 0.0760104 0.318622 0.00421232 0.135095 0.0644416 0.0511705 -0.00191389 0.280339 0.00494269 -0.0139264 -0.00916499 0.000143596 0.00713013 0.0117205 0.0105453 0.00205581 -0.00229066 -0.00822728 0.00407635 0.00971064 -0.00290768,800,0,cuda,1.55,5.29
test,2011,Maine_Coon_27,Maine_Coon,cat,correct,Maine_Coon,partition,20,0.985162,37,0.310467,0.969827,0.65936,0.121492,0.837622,0.0,,,,-0.00518901 -0.0030724 -5.66028e-05 -8.65324e-05 0.000604004 -0.00343688 0.00182987 -0.0106187 -2.49672e-05 0.0334537 -0.00196744 0.00303846 0.00573337 0.0111762 -0.00753391 0.0118958 0.110941 0.244329 0.0156577 0.0634553 0.0262583 0.0943165 -0.000715204 0.353458 0.0209415 -0.000292419 -0.000933304 -0.000353383 0.00202402 -0.00052881 -0.0003649 -0.000924937 0.000418237 -0.00104887 -0.00140641 0.000832095 -0.00187629,800,0,cuda,2.66,5.29
test,2528,pug_51,pug,dog,correct,pug,kernel,25,0.999278,33,0.791036,0.985862,0.194826,0.22575,0.654974,0.0,,,,-0.00160736 0.0460756 0.0587144 0.0748864 -0.0317584 0.204114 0.0948455 0.0285921 0.0764539 0.0692479 0.00410112 -0.00939597 0.0361321 0.00883436 0.0100486 0.0383838 0.0635272 -0.00778249 0.0676123 -0.000557751 0.0408701 0.000148406 0.00054601 0.018875 0.0280088 0.016051 -0.0014736 -0.0126888 0.0292906 0.00252641 -0.000222017 0.0327467 0.00355146,800,0,cuda,1.86,5.46
test,2528,pug_51,pug,dog,correct,pug,partition,25,0.999278,33,0.791036,0.761702,-0.029334,0.202275,0.765357,0.0,,,,0.00566957 0.036396 0.0881038 0.0942341 0.00363021 0.433311 0.0197862 0.00960075 0.0485215 0.0799289 0.0219546 0.0074101 0.0170466 0.0101094 0.00104478 0.0191108 0.0139123 -5.05008e-05 0.0785737 -0.000246129 -0.000377148 8.15088e-05 -0.000103395 -5.57875e-05 7.62125e-05 7.83438e-05 0.000116547 0.000111237 8.70228e-05 8.95903e-05 0.000258667 0.000100265 0.000187047,800,0,cuda,2.64,5.46
test,2546,pug_68,pug,dog,correct,pug,kernel,25,0.943186,35,0.101264,0.409861,0.308597,0.023683,0.54652,0.0,,,,0.0214672 0.0197022 -0.0276774 0.0318462 0.0196511 0.00246143 0.0114666 0.0884408 -0.013212 0.00401046 0.0193615 0.150552 0.00196184 0.00380068 0.00925755 -0.00878715 0.0257144 0.000770325 -0.0132455 0.0420924 0.00119022 0.239161 0.0553339 0.0190329 -0.00208579 0.101536 -0.00829346 0.00256089 0.00912508 0.0697673 0.0145875 0.0155538 0.0180268 0.0107116 -0.00323677,800,0,cuda,1.94,5.14
test,2546,pug_68,pug,dog,correct,pug,partition,25,0.943186,35,0.101264,0.424892,0.323629,0.022655,0.493487,0.0,,,,0.000737938 0.000896392 0.00031267 0.00894068 0.00464373 0.00197154 0.00378874 0.0730505 0.0013875 0.00273305 0.00728293 0.185468 0.00260264 0.0109424 0.000986857 0.000708679 0.0829659 0.00102088 0.010986 0.0163528 0.000892913 0.297451 0.0748267 0.000527273 0.0103063 0.0568057 0.0054138 0.00324063 0.0149729 0.0297596 0.00285111 0.00907739 0.00390347 0.00211796 0.00267848,800,0,cuda,2.35,5.14
test,3534,wheaten_terrier_69,wheaten_terrier,dog,correct,wheaten_terrier,kernel,35,0.674303,38,0.096979,0.572037,0.475058,0.028554,0.849374,0.0,,,,-0.00405979 -0.0213128 -0.00160971 -0.0372104 0.00434602 -0.0289196 -0.00329765 -0.0129371 -0.00382251 -0.0286772 -0.00431036 -0.0283893 -0.0767489 -0.0577509 0.000984775 0.0170551 -0.0393159 0.0104749 0.119213 0.122178 0.00217702 0.00197519 0.0360649 0.444413 -0.000568265 0.00194563 0.116728 -0.00670038 0.0367587 -0.0304145 0.0400981 -0.00990735 0.0264451 0.00638276 -0.0148463 0.0679479 -0.00900977 0.0179861,800,0,cuda,1.97,5.25
test,3534,wheaten_terrier_69,wheaten_terrier,dog,correct,wheaten_terrier,partition,35,0.674303,38,0.096979,0.479067,0.382088,0.029831,0.840951,0.0,,,,-0.000500585 -0.0214088 -0.00462575 -0.0156291 -0.000910493 -0.0009781 -0.00801992 0.00104459 0.00167421 0.0032246 0.0038864 -0.0193931 -0.0109484 -0.0298128 0.00112955 0.000211375 -0.00263495 0.00489106 0.0315684 0.0211286 0.0040856 0.00456136 0.128443 0.348491 0.00046178 0.00619466 0.0546712 0.00825415 0.018399 -0.000622724 0.0264337 0.0039545 0.00792269 0.0127674 0.00738844 0.0535465 0.00979276 0.00472414,800,0,cuda,2.35,5.25
test,1429,german_shorthaired_52,german_shorthaired,dog,correct,german_shorthaired,kernel,14,0.998398,42,0.350706,0.790512,0.439806,0.145968,0.873903,0.0,,,,-0.014609 0.0285638 0.0122583 -0.00628385 0.0320742 0.0447214 0.0941268 0.0128504 0.271324 0.0839479 0.0335377 -0.0395655 -0.00659257 0.0822502 0.0487809 -0.00870731 0.0154646 -0.00429167 0.0503459 -0.0253743 0.0386398 0.0195811 -0.000700568 -0.0368321 0.0373737 0.0128206 0.0227422 0.0297968 0.00646703 0.0443603 0.0346457 0.00354774 -0.0130149 0.0470127 0.0147908 0.00987876 -0.00675745 0.0181129 -0.00163501 0.00554694 0.0259085 -0.0486295,800,0,cuda,2.29,5.17
test,1429,german_shorthaired_52,german_shorthaired,dog,correct,german_shorthaired,partition,14,0.998398,42,0.350706,0.66851,0.317805,0.191709,0.854141,0.0,,,,0.00133322 0.0482037 0.0252252 0.00985366 0.0049411 0.00491076 0.0706992 0.00528553 0.326993 0.122723 0.0197092 0.000397262 0.00536866 0.160141 0.108902 0.00710289 0.00340448 0.000647009 0.00509336 0.0016129 0.00117731 0.001253 0.00123665 0.0015901 0.000787391 0.00174478 0.0019853 0.000935235 0.00135091 0.00115018 0.00317261 0.00112958 0.00352966 0.00110428 0.00148077 0.000335098 0.00099115 0.000845887 0.00143703 0.00283996 0.00197863 0.00387463,800,0,cuda,1.94,5.17
test,3391,staffordshire_bull_terrier_29,staffordshire_bull_terrier,dog,wrong,shiba_inu,kernel,31,0.678034,37,0.100785,0.326769,0.225984,0.150192,0.740775,0.0,,,,0.0206222 0.0168115 0.00858324 0.0103569 0.0264353 0.0119818 0.0172115 0.00753352 0.0206 0.00176308 0.0422191 -0.0656899 0.0415697 0.0167691 0.00436474 -0.0137241 0.00979815 -0.018889 0.0294742 0.0033618 0.0271078 0.178268 0.00120751 0.036085 0.000799638 0.0244916 -0.0430423 -0.00400494 0.210805 -0.00593707 0.0559249 -0.00771037 0.0041942 0.0225385 -0.0159004 -0.0333979 -0.000796238,800,0,cuda,2.42,5.07
test,3391,staffordshire_bull_terrier_29,staffordshire_bull_terrier,dog,wrong,shiba_inu,partition,31,0.678034,37,0.100785,0.514398,0.413613,0.17575,0.642594,0.0,,,,0.0275745 0.00196645 0.00256151 0.00799353 0.0047751 0.00552321 0.00665676 0.00131528 0.00524145 0.002678 0.0125004 -0.0512549 -0.0144348 0.0085599 0.0109026 0.00335448 0.0207709 0.00415486 0.0184527 0.00571776 0.000333735 0.101349 0.0018561 0.0819704 0.00593221 0.00477484 0.0411064 0.00122368 0.147589 0.00282155 0.132838 0.00342938 0.00470914 0.0181679 -4.81236e-05 0.000214775 0.0085087,800,0,cuda,1.84,5.07
test,2141,miniature_pinscher_64,miniature_pinscher,dog,correct,miniature_pinscher,kernel,21,0.999628,37,0.578982,0.989556,0.410574,0.206483,0.750255,0.0,,,,-0.00962328 0.0116848 -0.01539 -0.013395 0.100429 0.0133406 0.00481023 -0.0238291 0.0923365 0.179225 0.0625781 -0.0131634 -0.00329472 0.0343366 0.00756295 0.0280562 0.00916618 0.0220167 0.104719 0.0845964 0.000963741 -0.00363895 0.0680487 0.0256289 -0.0169136 -0.0174266 0.00293952 0.003127 0.019148 0.121594 0.0179504 0.0513096 -0.0152448 0.00275575 0.00639327 0.0879979 -0.0477182,800,0,cuda,2.58,4.93
test,2141,miniature_pinscher_64,miniature_pinscher,dog,correct,miniature_pinscher,partition,21,0.999628,37,0.578982,0.991152,0.41217,0.249243,0.735645,0.0,,,,0.0162072 0.00514826 0.0117667 0.00258388 0.139807 0.00530295 0.0274612 0.0519075 0.0395926 0.124973 0.0414827 0.00207106 0.00200735 -0.00184736 0.00595898 0.0251122 0.0191589 0.00107383 0.0633282 0.0498331 0.0103948 -0.00043732 0.0709133 0.00774203 0.000619815 0.00664415 0.036848 0.0059781 0.010689 0.130678 0.00258359 0.0445526 0.000215845 0.0104173 0.018586 0.00095575 -0.00723314,800,0,cuda,1.51,4.93
test,809,boxer_30,boxer,dog,correct,boxer,kernel,8,0.99327,46,0.329321,0.711074,0.381753,0.232321,0.754075,0.0,,,,0.0171192 0.0731251 0.010693 0.0154611 -0.00328912 0.0168086 0.0371629 0.0167205 0.0372503 -0.00459756 -0.0191895 0.0104271 0.190652 0.0144136 0.0752957 -0.0041677 -0.00459551 0.0242191 0.0260615 -0.0173893 0.0307594 -0.0236666 0.149368 0.00750107 -0.000716872 0.046056 -0.0033812 0.00970122 0.00962843 0.0380309 0.00940381 -0.0035035 0.00273333 0.0131599 0.0320341 0.0138 0.0336618 0.0222659 0.00722619 0.0334675 -0.0113149 0.00484437 0.0318989 -0.00133815 0.016203 0.00299647,800,0,cuda,2.57,5.39
test,809,boxer_30,boxer,dog,correct,boxer,partition,8,0.99327,46,0.329321,0.665879,0.336558,0.211831,0.726776,0.0,,,,0.0242495 0.0831079 0.0203608 0.0090336 0.0167036 0.0118529 0.00998016 0.00541087 0.0330019 0.00642086 0.00733388 0.00555438 0.0690908 0.0395955 0.0950193 0.0141676 0.00906736 0.0230791 0.00131553 0.00791822 0.12454 0.0150803 0.228778 0.00613709 -1.70583e-05 0.0163843 0.000479792 -0.000871664 0.0214398 0.00117696 -0.000216173 0.0184995 0.00382913 0.00198347 -0.00166708 0.00328214 0.00227075 0.0053078 0.00333497 0.0027231 0.00306676 0.00877966 0.0123294 0.00181673 0.00288493 0.00938375,800,0,cuda,1.88,5.39
test,433,beagle_41,beagle,dog,wrong,basset_hound,kernel,3,0.75164,31,0.547732,0.765894,0.218162,0.048025,0.69942,0.0,,,,0.00618924 0.0545689 -0.0141838 -0.00363209 -0.0125394 0.0614161 0.0786847 0.0141584 -0.0134965 0.149552 0.0372074 0.145836 0.0200472 0.186087 0.0107643 -0.0361611 0.0419629 0.0562136 0.0148595 -0.11574 0.0248667 -0.00229828 -0.0166123 -0.00266792 0.0746495 -0.0401313 0.0228162 0.0422223 -0.0265578 -0.00770484 -0.023237,800,0,cuda,2.94,5.22
test,433,beagle_41,beagle,dog,wrong,basset_hound,partition,3,0.75164,31,0.547732,0.667624,0.119892,0.063773,0.613625,0.0,,,,0.0032623 0.0179399 0.0124142 0.0219085 0.00231793 0.0445284 0.0514425 0.0107743 0.00230528 0.171033 0.0107743 0.081979 0.010479 0.0791125 0.00110959 -0.109026 -0.00695518 0.0746005 0.000642168 -0.03169 0.0788349 -0.0293758 -0.0378505 0.0275171 0.110873 0.00911654 0.0156415 0.0290231 0.0448511 0.0270222 0.00253478,800,0,cuda,1.5,5.22
test,1107,Egyptian_Mau_22,Egyptian_Mau,cat,correct,Egyptian_Mau,kernel,11,0.952481,35,0.447266,0.923358,0.476093,0.133493,0.868845,0.0,,,,-0.0168313 -0.0117265 0.010302 0.0173552 -0.0189086 0.0274464 0.0171016 -0.0501467 0.0620104 -0.0302467 0.0472851 -0.0145944 -0.0135995 0.117731 0.0330322 0.0157233 0.0277567 -0.0258084 0.0429159 -0.00962694 0.131652 0.038343 0.182879 0.0396757 0.0021354 0.16221 -0.013052 -0.0186829 -0.016838 -0.0175222 0.095543 0.0678664 -0.0198626 0.00918209 0.00654084,800,0,cuda,3.0,5.91
test,1107,Egyptian_Mau_22,Egyptian_Mau,cat,correct,Egyptian_Mau,partition,11,0.952481,35,0.447266,0.923358,0.476093,0.136982,0.861701,0.0,,,,-0.0112593 -0.0188593 -0.00834842 -0.00762729 -0.0329451 0.00633584 -0.0143821 -0.00907332 0.046042 0.00702078 0.0327454 0.00167939 0.00292237 0.129101 0.0647971 0.0612482 0.0255454 -0.0242009 0.0176932 0.0209146 0.193308 0.00730725 0.279025 0.00882839 -0.0104673 0.130358 -0.0888185 -0.0391596 0.0100652 -0.00941129 0.0729781 0.0422667 -0.00630332 -0.00276058 0.0006745,800,0,cuda,2.06,5.91
test,2091,miniature_pinscher_1,miniature_pinscher,dog,correct,miniature_pinscher,kernel,21,0.707848,36,0.229412,0.48816,0.258747,0.020819,0.810828,0.0,,,,-0.0398661 -0.037841 -0.00306115 -0.0247642 -0.0106429 0.0123428 -0.00557229 -0.00518099 -0.00627445 0.0117203 -0.0117607 0.00343016 0.0216309 -0.00385927 0.0596771 0.0138478 -0.0167214 0.259181 -0.0165901 0.0397456 0.00462965 -0.00237291 -0.0118847 0.204327 0.00931348 0.0253532 -0.0152621 0.00289502 0.0974289 0.0340864 0.0469121 0.0148981 0.0138605 0.010882 0.00318446 0.0136047,800,0,cuda,2.59,5.01
test,2091,miniature_pinscher_1,miniature_pinscher,dog,correct,miniature_pinscher,partition,21,0.707848,36,0.229412,0.496889,0.267477,0.042135,0.656077,0.0,,,,-0.000933011 0.00048786 0.00266614 0.00236482 0.00620248 0.0030214 0.008865 -0.00328782 0.0173629 0.0010448 0.00197886 -0.00191704 -0.000262384 -0.000326312 0.0751582 -0.00106747 0.0130765 0.125583 0.00325996 0.00101806 -0.00194027 -0.000534969 0.0135338 0.180869 0.00843599 0.00145999 0.0368839 0.0476404 0.0464742 0.0168608 0.0515201 0.0240628 0.00401208 0.00264256 0.00449751 0.000582905,800,0,cuda,1.57,5.01
test,860,boxer_77,boxer,dog,correct,boxer,kernel,8,0.986973,35,0.571508,0.975108,0.403599,0.099729,0.796681,0.0,,,,0.0236933 0.0108279 -0.00154182 0.0247688 0.0533785 0.11792 0.106731 0.021277 0.0550512 -0.0012157 0.050089 0.0148806 0.0181285 0.0258065 0.0659565 0.102586 0.018902 0.151377 0.043883 -0.00941441 -0.0108933 0.0395435 0.00762443 0.0252811 0.018024 -0.0109691 -0.0089517 -0.0110704 0.0227604 0.00374212 -0.00659526 -0.00501101 0.0129744 0.0251377 -0.0179781,800,0,cuda,2.4,5.21
test,860,boxer_77,boxer,dog,correct,boxer,partition,8,0.986973,35,0.571508,0.742903,0.171394,0.095626,0.76123,0.0,,,,0.0156939 0.0280651 0.00526751 0.0693434 0.0349878 0.0883315 0.0577144 0.00151394 0.0955394 0.0064786 0.0499903 0.00811249 0.00627737 0.00590438 0.130139 0.0578027 0.0104815 0.184171 0.0050368 0.0120623 0.00138336 0.00805076 0.00261329 0.0356242 0.0109521 0.0064128 0.00585792 0.00489425 0.00746269 0.0102774 0.00279619 0.0012544 0.00152443 0.00100397 0.00368256,800,0,cuda,1.98,5.21
test,274,american_pit_bull_terrier_77,american_pit_bull_terrier,dog,correct,american_pit_bull_terrier,kernel,2,0.999757,32,0.963628,0.954479,-0.009149,0.133471,0.735224,0.0,,,,0.017011 -0.00813758 0.0273222 -0.000913672 -0.00358558 0.0527827 0.0480832 0.0113793 0.0132418 0.0483219 -0.0123475 0.0496461 0.0861919 0.0391566 0.00223984 0.239643 0.0183321 0.0264693 0.0281458 0.0768342 0.0476319 0.0655216 0.0526043 0.0202091 0.00322386 0.0235673 -0.00410033 -0.0136788 -0.0194101 0.0339031 0.00174297 0.0204089,800,0,cuda,2.31,5.33
test,274,american_pit_bull_terrier_77,american_pit_bull_terrier,dog,correct,american_pit_bull_terrier,partition,2,0.999757,32,0.963628,0.947833,-0.015795,0.172946,0.582146,0.0,,,,-0.00804312 0.0015115 0.000446468 0.0136779 0.00825094 0.0446693 0.0393894 0.0353678 0.00121602 0.0105098 0.00869592 0.0240614 0.0223001 0.00831056 0.00549465 0.147205 0.0166944 0.0117731 0.0212381 0.102151 0.124095 0.0887374 0.123831 0.0346372 0.0142868 0.0133483 0.00252067 0.0039973 0.00526586 0.0436643 0.00413695 0.0179985,800,0,cuda,2.17,5.33
test,967,British_Shorthair_84,British_Shorthair,cat,correct,British_Shorthair,kernel,9,0.99504,41,0.550741,0.730477,0.179736,0.27245,0.899105,0.0,,,,0.0166321 0.00311451 -0.0420573 0.0479466 0.0655907 -0.00732067 0.134844 0.0765882 0.010248 0.03004 0.173896 0.0133883 0.00953774 -0.00419001 -0.0169793 0.0425315 -0.0196849 -0.0124222 0.168668 -0.0150302 1.08154e-05 -0.00235874 0.0526682 0.0167558 0.00518991 -0.0150784 0.0080509 0.0337248 0.0167998 0.0615596 0.0195993 0.00550055 -0.0104259 -0.0188352 0.00238052 -0.0103182 0.0115029 0.0179737 0.0279289 -0.00226438 -0.0142625,800,0,cuda,2.65,6.17
test,967,British_Shorthair_84,British_Shorthair,cat,correct,British_Shorthair,partition,9,0.99504,41,0.550741,0.987404,0.436662,0.295026,0.791866,0.0,,,,0.0147567 -0.00185726 -0.0299386 0.00132726 0.102342 -0.00135376 0.0656101 0.0144328 -0.0023601 0.0133054 0.111918 0.00256009 -0.00119001 -0.00110289 -0.000219773 0.0273815 -0.00191366 -0.0063138 0.158003 -0.00612154 0.00683349 -0.00127374 0.150126 0.0177543 0.00553531 -0.00160694 0.0765335 0.0104569 -0.00248312 0.0807363 0.00887722 0.047219 -0.00662365 -0.00191509 0.00772248 0.00759897 0.00436913 0.00710834 0.00182962 0.00510075 -0.00171966,800,0,cuda,2.62,6.17
test,2758,Russian_Blue_79,Russian_Blue,cat,correct,Russian_Blue,kernel,27,0.978215,38,0.260344,0.929051,0.668708,0.058718,0.792049,0.0,,,,0.0126489 0.0625046 -0.00576235 0.0402061 0.00816381 -0.00130908 0.00654319 -0.0118517 0.0615338 0.166341 -0.00505449 -0.0188344 0.0217303 0.180864 0.0541355 0.108644 0.0133116 0.0329377 0.0370885 0.00107931 0.0764805 0.00174512 0.00776452 0.00990436 0.0309144 -0.00270529 -0.00872947 0.0300738 0.0203788 0.0372732 0.00719644 0.0107222 0.00573247 -0.0265527 -0.00767791 0.0202403 -0.00973672 -0.000735553,800,0,cuda,2.45,5.7
test,2758,Russian_Blue_79,Russian_Blue,cat,correct,Russian_Blue,partition,27,0.978215,38,0.260344,0.940995,0.680651,0.086904,0.762725,0.0,,,,0.00699471 0.0246766 2.35939e-05 0.0235379 0.0501719 -0.000222656 0.0132615 2.55894e-05 0.0938489 0.169077 -0.00181102 0.00181905 0.00551619 0.0739913 0.144185 0.208442 -0.00184566 0.0270224 0.0336377 0.00228572 0.0831976 0.00202201 -0.000287779 -0.000430257 0.00223968 -0.000979348 -0.000412531 0.000672873 0.000448217 0.000437917 0.000316409 0.000512851 0.00347847 0.00082403 -0.000754271 0.000137794 0.000728416 0.000418454,800,0,cuda,2.48,5.7
test,3622,yorkshire_terrier_58,yorkshire_terrier,dog,correct,yorkshire_terrier,kernel,36,0.952021,45,0.682996,0.994748,0.311753,0.055299,0.647262,0.0,,,,0.014672 0.0214555 0.017354 0.00358272 0.0524423 -0.00993783 -0.0232096 0.00730936 0.0300668 -0.0254266 -0.0227852 0.108403 0.0461983 0.000794307 -0.0175651 -0.0130724 0.017102 0.184713 0.00717211 0.0158941 0.0297556 -0.00378906 0.0231933 0.0376819 0.112621 -0.00307264 0.00365954 0.00473156 0.0325792 0.0613864 0.0140203 0.103742 -0.00098417 0.000320135 -0.0168558 0.00207813 -0.0142778 0.00509174 0.000313006 0.0229891 0.0368434 0.0329798 -0.00967267 0.0207326 0.0106191,800,0,cuda,3.08,6.2
test,3622,yorkshire_terrier_58,yorkshire_terrier,dog,correct,yorkshire_terrier,partition,36,0.952021,45,0.682996,0.995112,0.312116,0.074365,0.683725,0.0,,,,0.00161653 0.00730305 0.0108179 -0.0089242 0.0175383 0.00486314 -6.29001e-05 -0.0055529 0.0507091 0.00021954 0.00108736 0.0676789 0.0441917 0.00743553 -0.00664793 -0.00329722 0.0193653 0.0655794 -0.00258519 0.00933308 0.0325484 -0.0241774 0.0534854 0.0323553 0.0779437 -0.019315 0.0045237 0.00532163 0.033592 0.0456127 0.0391386 0.21636 0.00366787 0.0245223 0.000238709 -0.0045625 0.0255504 -0.00316284 0.00414522 0.0042518 0.0374731 0.0314364 0.00140769 0.00881152 0.0100111,800,0,cuda,2.13,6.2
test,2139,miniature_pinscher_62,miniature_pinscher,dog,correct,miniature_pinscher,kernel,21,0.974967,38,0.346142,0.886873,0.540731,0.019759,0.89303,0.0,,,,-0.0184022 0.00361177 -0.00737246 0.00521263 -0.00112549 -0.0254525 -0.00449617 0.0144036 -0.00891892 -0.0048964 -0.0100673 -0.00187951 0.00809353 -0.0120284 0.00387504 0.139889 0.00818471 0.0249972 -0.014007 0.365391 0.00497312 0.0173652 -0.00291437 -0.0123743 0.0258068 -0.0101725 0.00190109 -0.00518437 0.01751 0.352417 0.024604 0.075482 -0.00740426 0.00726036 -0.0191301 0.00950451 0.00130899 0.0124528,800,0,cuda,2.54,5.73
test,2139,miniature_pinscher_62,miniature_pinscher,dog,correct,miniature_pinscher,partition,21,0.974967,38,0.346142,0.883389,0.537248,0.018419,0.870288,0.0,,,,-0.00225144 -0.00258544 -0.0010068 -0.00227068 -0.0019114 -0.000305269 -0.00597793 -0.00187082 -0.00586177 -0.00131483 -0.00217629 0.00218576 -0.0130647 0.00826134 -0.00773909 0.0510541 0.0919612 0.0189986 0.00196771 0.372222 0.00621343 -0.000569016 0.0460838 0.00431776 0.00157082 0.0394776 0.0135657 -0.000191181 0.00384899 0.24408 -0.000111245 0.102442 -0.000251222 0.000432091 -0.00104996 -0.000410571 0.00285759 -0.00220299,800,0,cuda,2.26,5.73
test,1346,english_setter_68,english_setter,dog,correct,english_setter,kernel,13,0.975234,41,0.235431,0.691525,0.456094,0.03517,0.903675,0.0,,,,0.00752249 0.00874659 -0.0184925 -0.00656131 0.0108629 0.0268822 0.0134716 0.0357399 0.0442444 -0.00845671 -0.0110167 -0.0150428 0.456989 0.0283104 0.0287001 -0.0151643 0.311619 -0.00757104 0.047599 0.00331008 -0.0137066 -0.0210994 -0.00385142 0.0441105 -0.00542622 0.0086904 0.021248 0.000489117 -0.00683163 0.0019128 -0.00483612 0.0108833 -0.00432601 -0.0205062 -0.0134333 0.00327625 0.00383386 0.0153884 0.0110631 -0.00800131 -0.00857515,800,0,cuda,2.7,5.81
test,1346,english_setter_68,english_setter,dog,correct,english_setter,partition,13,0.975234,41,0.235431,0.688114,0.452682,0.042282,0.890418,0.0,,,,0.00515437 0.00263015 -0.00153004 4.23787e-05 0.0982572 0.00583604 0.00442947 0.0268553 0.0950257 0.0151926 0.0201356 0.0201717 0.367625 0.0241538 0.0146233 0.00112501 0.166208 0.0133155 0.0430315 0.00609306 0.00248844 0.0239351 -0.00136309 0.00174462 0.00558983 -5.1421e-05 0.000525591 -0.000585545 -0.000443578 -0.000375824 -0.000403403 -0.000529019 -0.00122207 -0.000235181 -0.000919029 -0.000456192 -0.000995061 -0.000923488 -0.000300437 -0.00102866 -0.000833256,800,0,cuda,2.27,5.81
test,2813,saint_bernard_39,saint_bernard,dog,correct,saint_bernard,kernel,28,0.999907,40,0.845863,0.953991,0.108128,0.193268,0.828466,0.0,,,,0.0296002 0.0861997 0.065952 -0.0169786 0.103181 0.0535325 0.0237301 0.0574524 0.112127 0.00789834 0.0393792 0.0836844 0.0349533 -0.0238374 0.0219154 0.0354575 0.0421759 -0.0483615 -0.0372862 -0.0308872 0.0751051 0.0365114 0.0546737 0.0473505 0.000866496 0.0566986 0.00811343 0.0370017 -0.0258346 0.00111925 0.0252233 -0.010414 -0.0160731 0.0069026 0.0225424 -0.00839952 0.003132 -0.000224043 0.0669757 -0.0302195,800,0,cuda,2.4,5.89
test,2813,saint_bernard_39,saint_bernard,dog,correct,saint_bernard,partition,28,0.999907,40,0.845863,0.912996,0.067133,0.266618,0.89119,0.0,,,,-0.00298857 0.17268 0.0737379 -0.00074594 0.207782 0.0199126 0.00600361 0.103189 0.0147795 0.0269432 0.00308102 0.0655796 0.0808243 0.024442 0.0324868 0.00375548 0.0341066 0.0135211 0.0207132 0.00485475 0.0261229 0.021468 0.00805225 0.00335576 -0.00134068 -0.000691719 -0.00538058 0.00470731 0.0050764 0.00597487 -0.000544721 0.00139781 0.00343982 0.000620886 0.00616345 0.000943816 0.00258097 0.0022548 0.000824545 0.00125506,800,0,cuda,2.52,5.89
test,885,British_Shorthair_212,British_Shorthair,cat,correct,British_Shorthair,kernel,9,0.999369,38,0.872688,1.0,0.127312,0.250246,0.881808,0.0,,,,-0.0234132 0.000876507 -0.0194736 0.0194161 0.0141447 0.00941976 -0.0129782 0.00117009 0.0452504 0.0101683 0.0531507 0.0212517 0.0892504 0.0590246 0.123152 0.118708 0.0143478 0.0597517 -0.0219649 0.0490117 0.164074 -0.0049823 0.0184797 -0.0339546 0.0104885 -0.0141738 0.00378151 0.026392 0.00976643 0.0091275 -0.00570096 0.0285747 -0.0121564 0.046206 0.0266413 -0.0066799 0.0101778 -0.000552504,800,0,cuda,2.7,5.87
test,885,British_Shorthair_212,British_Shorthair,cat,correct,British_Shorthair,partition,9,0.999369,38,0.872688,0.996577,0.123889,0.393633,0.78712,0.0,,,,0.00931789 0.0105569 0.009381 0.0121003 0.0206802 0.01002 0.000519364 0.0146341 0.0505254 0.0151886 0.0917707 0.00869833 0.0424764 0.0490729 0.0398375 0.0495315 0.00734946 0.0360896 0.0183568 0.0388617 0.0891163 0.00329581 0.0642687 0.0259807 0.00282955 -0.00283816 0.0586809 0.0136035 0.0102882 0.00544812 0.0123711 0.0164214 0.00442178 0.0266384 0.0111191 0.00428592 -0.00107488 0.00594823,800,0,cuda,2.32,5.87
test,556,Bengal_62,Bengal,cat,correct,Bengal,kernel,5,0.986482,39,0.297074,0.890533,0.593459,0.12501,0.808177,0.0,,,,-0.00445139 -0.010373 -0.00368507 -0.00256743 -0.0148449 0.0288721 -0.0246192 -0.00533235 -0.0179496 -0.00850495 0.0207207 0.000722143 0.0338851 -0.016511 -0.00178348 0.0425085 0.020194 0.0822118 0.0227525 -0.00629216 0.021303 0.0702109 0.0813614 0.246228 -0.000882791 0.103301 -0.00857029 0.0306878 0.051856 0.0190572 0.0577247 0.00780015 -0.0027673 0.0204893 0.00440795 0.0158804 0.0407146 0.057667 0.00338132,800,0,cuda,2.49,5.47
test,556,Bengal_62,Bengal,cat,correct,Bengal,partition,5,0.986482,39,0.297074,0.822163,0.525089,0.070892,0.756283,0.0,,,,0.000115042 0.000172801 0.000266313 0.000680699 0.000153309 0.000215376 0.000195709 0.000293949 0.000222798 0.000574975 0.000180751 0.000410016 0.000316488 5.14103e-05 0.000157783 0.000251344 0.0230564 0.0265245 0.0326297 0.000122931 0.0331447 0.0877913 0.0569808 0.248855 -0.00189973 0.0320701 6.7222e-05 0.00723147 0.0994856 0.0829145 0.0713975 0.00241579 0.000617983 0.00174323 0.00151035 0.00708335 0.0282431 0.0909808 0.0175774,800,0,cuda,2.14,5.47
test,908,British_Shorthair_274,British_Shorthair,cat,wrong,Abyssinian,kernel,0,0.675697,39,0.233956,0.967281,0.733325,0.027457,0.733187,0.0,,,,0.0172767 -0.0191935 -0.0126103 -0.0308171 -0.0552973 -0.0163498 -0.0558284 0.0486357 -0.000375115 -0.00909838 -0.0248251 0.014139 0.016812 -0.0248562 -0.0035466 -0.0210205 0.0550224 0.0325947 0.0239847 0.0131847 0.0839867 0.0537119 0.0260257 -0.00393762 0.0133683 0.147651 0.131066 0.00524704 0.0278134 0.0986768 0.0050676 -0.0121132 0.0104391 0.17798 0.0692898 0.0111002 -0.069676 -0.0262912 -0.0450062,800,0,cuda,2.78,5.95
test,908,British_Shorthair_274,British_Shorthair,cat,wrong,Abyssinian,partition,0,0.675697,39,0.233956,0.967281,0.733325,0.027739,0.415692,0.0,,,,-3.12127e-05 -0.0014234 -0.00149432 -1.32755e-06 -0.0132067 -0.00417927 -0.058038 0.0124517 -0.0324371 0.00103178 0.0243635 -0.00285401 0.00142954 -0.00526802 0.0021347 0.0157256 -9.94877e-05 0.00587356 -0.00446757 0.00619512 0.027108 0.00605202 0.0182897 0.00964149 0.0126923 0.134683 0.113356 0.000771945 0.00846749 0.144079 0.0198617 -0.000114024 -0.000124781 0.168286 0.0191501 0.0143547 -0.0185565 0.0256651 0.00286166,800,0,cuda,2.25,5.95
test,1381,english_setter_9,english_setter,dog,correct,english_setter,kernel,13,0.932719,35,0.767259,0.98885,0.22159,0.045898,0.733992,0.0,,,,0.00288561 0.00375161 0.058769 -0.00495001 0.00307534 0.165803 -0.0359235 0.281137 0.010286 0.00392377 -0.00776041 0.0806798 0.0114195 -0.0239978 -0.0383896 0.0260836 0.101169 -0.00934496 0.00113399 0.0434751 0.145986 0.00932349 0.0206332 0.048684 0.094184 -0.0157659 -0.0430747 -0.0235887 -0.00906262 0.00904159 -0.00463941 0.00951543 0.0014283 -0.00757198 0.00116084,800,0,cuda,2.2,5.5
test,1381,english_setter_9,english_setter,dog,correct,english_setter,partition,13,0.932719,35,0.767259,0.990809,0.223549,0.045046,0.733076,0.0,,,,-0.00539705 0.0132908 0.0365356 0.0210537 -0.0315031 0.241521 -0.003964 0.405398 0.0126055 -0.00466499 -0.00561811 0.0636131 0.0378927 -0.0333714 0.00514991 -0.00654572 0.0896669 0.00501052 -0.0056706 0.0126044 0.112083 0.0070473 0.000251196 -0.0177478 0.0210473 -0.00396353 -0.0250009 -0.0178243 3.51338e-05 -0.00260564 -0.00515987 -0.000447543 -0.00151287 -0.00141735 -0.00291127,800,0,cuda,2.26,5.5
test,2117,miniature_pinscher_42,miniature_pinscher,dog,wrong,chihuahua,kernel,10,0.954283,29,0.28133,0.663816,0.382486,0.021807,0.811106,0.0,,,,0.286648 -0.0136797 -0.00114166 0.367674 -0.00487226 0.0290496 0.00615625 0.0263291 0.102347 0.0894747 -0.00628733 -0.00185399 0.0448656 -0.00434017 0.000525057 0.014631 0.0152298 -0.00153206 -0.0153966 0.0210112 0.00180613 0.0201655 -0.0221668 0.000516938 0.0177225 -0.0171072 -0.00469824 0.00384234 -0.00880725,800,0,cuda,2.83,5.79
test,2117,miniature_pinscher_42,miniature_pinscher,dog,wrong,chihuahua,partition,10,0.954283,29,0.28133,0.465313,0.183984,0.022367,0.7805,0.0,,,,0.19597 0.00807873 0.00704502 0.525024 -0.00427302 0.0415643 -0.0104214 0.067734 0.0299185 0.0865243 0.00138071 0.00230147 0.000659369 0.0012827 -0.00297462 -0.000942227 -0.00201691 -0.00120874 0.00426807 -0.000325541 1.80304e-06 0.000481176 0.000665715 -0.00300959 -0.000276133 -0.000446792 -0.000151193 -0.000334075 -0.00040803,800,0,cuda,2.11,5.79
test,2562,pug_82,pug,dog,correct,pug,kernel,25,0.998923,27,0.657207,0.994658,0.337451,0.071959,0.632076,0.0,,,,0.034975 0.0179733 -0.00313751 0.0184785 -0.0221792 0.0467872 -0.0130909 0.132833 0.00154318 0.00372881 0.0202944 0.194009 0.00308404 0.0928717 0.032348 0.0368837 0.0446716 0.0650821 0.078266 0.0354136 0.0154044 0.0383644 0.0480262 0.0292643 0.00499187 0.00306192 0.0283939,800,0,cuda,2.19,4.99
test,2562,pug_82,pug,dog,correct,pug,partition,25,0.998923,27,0.657207,0.99892,0.341713,0.071279,0.513307,0.0,,,,0.0409502 -0.00822536 -0.00794494 0.0317114 0.0242436 0.0346815 0.0114191 0.136229 0.0330505 0.00374272 0.0242849 0.258565 0.0102726 0.115038 0.0503625 0.0198834 0.0679133 0.0399203 0.0508644 0.00731283 -0.00147426 0.00591526 0.0288602 0.00612284 0.000717562 -0.0029913 0.00691688,800,0,cuda,2.04,4.99
test,509,Bengal_201,Bengal,cat,correct,Bengal,kernel,5,0.94679,36,0.51991,0.989406,0.469496,0.097115,0.63091,0.0,,,,0.0215734 0.00517305 -0.011475 -0.0165653 -0.00891171 -0.00866304 -0.00154734 0.061821 -0.00253696 0.0247353 0.0955652 -0.0275988 0.120844 0.104031 0.0173685 0.0812605 0.0472312 0.0583459 0.00780772 0.0145189 0.00788369 0.00753911 0.0843979 0.0120821 -0.0190044 0.0391393 0.0240072 0.0104845 0.0248294 0.0689518 0.051432 0.0423958 0.00611271 -0.0115112 -0.0120446 -0.00456213,800,0,cuda,1.5,4.08
test,509,Bengal_201,Bengal,cat,correct,Bengal,partition,5,0.94679,36,0.51991,0.80736,0.287451,0.128174,0.432733,0.0,,,,0.072391 -0.0088239 -0.020138 -0.00156556 -0.000351198 0.0149781 -0.00924358 0.00703027 0.0360866 0.0548873 0.0661694 0.036061 0.0893418 0.093952 0.00229623 0.0290739 0.0570504 0.012272 0.0104397 0.0347571 0.0277105 0.00790104 0.0739863 0.0390434 0.00755822 0.00122242 0.00737222 0.00496061 0.00639541 0.113061 0.00697521 0.0163592 0.0231546 0.00508434 -0.000542625 -0.0017957,800,0,cuda,1.78,4.08
test,2388,pomeranian_198,pomeranian,dog,correct,pomeranian,kernel,24,0.999827,38,0.492307,0.985113,0.492806,0.081203,0.670675,0.0,,,,-0.00995975 -0.00210285 0.0123548 0.0606359 -0.00789799 0.00233348 0.0431481 -0.00517972 0.00297041 -0.0174976 -0.0330088 0.0205259 0.093041 0.0110991 0.0494915 0.187351 0.0257607 0.0280461 0.0551945 0.0288514 0.0984137 0.00304095 0.0480481 0.071888 -0.00873991 0.033542 0.102733 -0.0129145 0.0437711 0.0495876 0.0330853 -0.0038232 0.0013006 0.0217729 -0.000900234 0.0228512 -0.00767531 -0.0490897,800,0,cuda,1.58,4.36
test,2388,pomeranian_198,pomeranian,dog,correct,pomeranian,partition,24,0.999827,38,0.492307,0.656461,0.164154,0.122581,0.666477,0.0,,,,0.00864047 0.00185216 0.000906104 0.0695212 0.000570748 0.00752145 0.0428421 0.0103166 0.00402504 0.014726 0.00506611 0.0585383 0.137259 0.0110652 0.00294891 0.242273 0.030742 0.0115605 0.0378784 0.0522168 0.0639962 0.0107432 0.0434627 0.0317159 0.000929729 0.0125736 0.0212584 0.0108486 0.00516479 0.0164416 0.00818393 0.00123909 0.00577377 0.00217042 -0.000588047 0.00613217 0.00100988 0.000522937,800,0,cuda,2.01,4.36
test,221,american_pit_bull_terrier_27,american_pit_bull_terrier,dog,wrong,american_bulldog,kernel,1,0.562258,40,0.367686,0.555248,0.187562,0.221941,0.756621,0.0,,,,-0.0181372 0.00698998 -0.00381687 0.00821402 0.0174298 0.0372574 0.0291149 -0.00132279 0.0318354 0.0336662 0.0548293 -0.0280689 0.0250824 0.00510319 0.0114158 -0.000902531 0.181235 0.00873814 0.0194438 -0.0289867 0.0584095 -0.110309 0.0475174 0.0040166 0.014025 0.0870905 -0.0404326 0.0446065 -0.0114112 0.00905043 -0.0175125 0.0104982 -0.0249561 -0.0193831 0.0141774 0.014638 -0.00548771 0.00517239 0.0263921 0.00976087,800,0,cuda,1.5,4.25
test,221,american_pit_bull_terrier_27,american_pit_bull_terrier,dog,wrong,american_bulldog,partition,1,0.562258,40,0.367686,0.86505,0.497364,0.315199,0.515272,0.0,,,,0.00739394 0.00953524 0.00348078 0.00405156 0.0118663 0.051651 0.0511345 0.0319565 0.105323 0.0475916 0.0218609 -0.00175242 0.00494796 0.00839988 0.0121499 0.00246833 -0.050169 -0.025517 0.0170799 0.000778424 0.0549455 -0.0107241 0.00566015 -0.00131767 0.031538 0.0319125 0.00754805 0.0175077 -0.000391833 0.000137616 0.00511591 0.00234472 0.00353344 0.0149044 0.00709508 0.012844 0.00344187 0.000938048 0.00281327 0.000905232,800,0,cuda,1.95,4.25
test,1297,english_setter_23,english_setter,dog,correct,english_setter,kernel,13,0.999663,40,0.928512,0.99739,0.068879,0.188059,0.699042,0.0,,,,0.0398442 0.141455 0.0529561 0.00639618 0.0812037 0.0183533 -0.011412 0.0393639 0.0293728 0.0269303 0.122843 0.0730013 0.0177242 0.104911 0.00847727 0.0247305 0.0319884 0.0102685 8.11109e-05 0.0255998 0.025653 0.00758024 0.120159 0.00357043 0.0221186 0.0256584 -0.037802 0.0254379 0.0114792 -0.00576193 -0.00208328 -0.0140266 -0.0211945 -0.0133872 -0.00304561 -0.0205996 0.00623737 6.65052e-05 0.0182115 -0.0159357,800,0,cuda,1.59,4.38
test,1297,english_setter_23,english_setter,dog,correct,english_setter,partition,13,0.999663,40,0.928512,0.988221,0.059709,0.173411,0.766394,0.0,,,,0.0109913 0.0468767 0.119979 0.0186761 0.115449 0.0173169 0.0251948 0.0366209 0.0866774 0.0341487 0.0716071 0.143213 0.0659169 0.0396829 0.0143046 0.0246789 0.021578 0.0314233 0.00437015 0.00542593 0.000705941 9.06961e-05 0.0199178 0.000984418 0.00904589 0.00202268 0.000626616 3.29704e-05 0.000346766 0.000599864 0.00091415 0.000817743 0.000547742 0.000435716 0.00124421 0.00025678 0.000550647 0.00190772 0.000676977 0.000566794,800,0,cuda,1.99,4.38
test,146,american_bulldog_52,american_bulldog,dog,wrong,american_pit_bull_terrier,kernel,2,0.887876,34,0.649653,0.986545,0.336892,0.025809,0.73331,0.0,,,,0.00107954 -0.00695924 0.00392838 0.0175693 -0.0174148 -0.0159995 0.029887 0.000314688 0.0160542 0.0355966 0.131909 0.115481 0.394322 0.0356181 0.0338296 0.122857 -0.0292268 -0.00680222 -0.00569561 -0.027072 0.0315857 0.0151702 -0.020546 -0.024841 -0.0214544 0.0101204 0.0152238 0.0208142 -0.0120057 0.00243972 0.0203956 -0.00140664 0.00459713 0.0101897,800,0,cuda,1.48,4.17
test,146,american_bulldog_52,american_bulldog,dog,wrong,american_pit_bull_terrier,partition,2,0.887876,34,0.649653,0.904423,0.25477,0.027636,0.747505,0.0,,,,-0.00607065 -0.00338437 0.00290415 0.000220059 0.00352149 -0.00320272 0.0392777 0.0397949 -0.00329134 -0.00977692 0.124411 0.0888946 0.311518 0.00620429 0.0159309 0.0922572 -0.0111495 0.0157853 -0.00286889 0.0182581 0.0393025 0.0268235 -0.00373152 0.000201117 0.0189593 0.00656437 0.0109804 0.00722427 0.00493041 0.00845073 0.0279308 0.00332535 0.00622469 0.00313925,800,0,cuda,1.88,4.17
test,1777,japanese_chin_96,japanese_chin,dog,correct,japanese_chin,kernel,17,0.987167,35,0.331812,0.726846,0.395034,0.039834,0.885431,0.0,,,,-0.0130596 -0.0142078 0.0133034 -0.00338584 -0.00502166 -0.0199316 0.0148247 0.0282695 -0.000683659 0.149186 -0.0112415 0.244629 0.00427844 0.0950958 -0.0217324 0.0695426 0.237457 -0.0116342 0.0277834 0.00645088 -0.00828984 -0.00473628 -0.0481402 0.21112 0.00888654 0.0086609 -0.00869394 -0.0260777 0.0140032 0.0144237 0.00635099 -0.0068743 -0.0257039 0.0253526 0.0136665,800,0,cuda,1.5,4.3
test,1777,japanese_chin_96,japanese_chin,dog,correct,japanese_chin,partition,17,0.987167,35,0.331812,0.674605,0.342793,0.043382,0.890287,0.0,,,,-0.000757352 0.00185192 0.00259859 -0.00100238 -0.00158854 0.00633357 0.0236383 -0.00123913 -0.00178349 0.179715 0.000929423 0.176949 -0.00799235 0.0297318 -0.00422071 0.111077 0.210614 -0.00330846 0.0366784 -0.00338802 0.00223254 0.00177263 0.00339051 0.158493 0.000347161 0.00439466 7.13635e-05 0.00650802 0.0130592 0.0119525 0.000454126 0.00269567 0.00166265 -0.000414537 0.00241549,800,0,cuda,1.99,4.3
test,1053,chihuahua_71,chihuahua,dog,correct,chihuahua,kernel,10,0.99964,35,0.45454,0.81688,0.36234,0.04607,0.704416,0.0,,,,0.00291854 0.00120308 -0.00370389 -0.00253949 0.00685726 0.0339347 -0.000243813 0.020061 -0.00738921 -0.01285 0.000221226 0.0380697 0.00348115 0.0145791 0.0527616 0.00329365 0.0160477 0.033451 0.00268226 0.00785311 -0.00729676 0.0373105 0.0249377 0.0228252 0.180634 0.00681006 0.0669028 0.118066 0.0518127 0.00159235 0.0563809 -0.00183631 -0.00723359 0.160227 0.0696467,800,0,cuda,1.55,4.13
test,1053,chihuahua_71,chihuahua,dog,correct,chihuahua,partition,10,0.99964,35,0.45454,0.637789,0.183249,0.149585,0.629526,0.0,,,,0.00367116 0.00266971 0.00515011 0.00350578 0.00404698 0.00980461 0.00624452 0.0155671 0.00232678 0.0144651 0.010634 0.0267177 0.00373994 0.00427129 0.0991313 0.0148522 0.042244 0.0558707 0.062424 0.0854467 0.025475 0.0102617 0.0272757 0.0133123 0.0631065 3.75935e-05 0.0812691 0.059402 0.0246252 0.00158851 0.0874799 -0.00361838 0.00908083 0.0809056 0.0384824,800,0,cuda,1.85,4.13
test,1822,keeshond_46,keeshond,dog,correct,keeshond,kernel,18,0.999186,30,0.686284,0.995156,0.308872,0.216046,0.571243,0.0,,,,0.0209961 0.0527325 0.00413799 0.0587713 0.0141999 0.0364128 0.0187051 0.0479543 0.0190186 0.0604427 0.0283624 0.0192475 0.082187 0.0502345 0.0966596 0.0919695 0.0323456 0.0451252 0.0131375 0.0261044 0.142166 -0.0217593 0.0438933 0.0332845 -0.0146617 0.00400206 0.0207478 -0.0212913 -0.00250575 -0.0152973,800,0,cuda,1.79,4.21
test,1822,keeshond_46,keeshond,dog,correct,keeshond,partition,18,0.999186,30,0.686284,0.800401,0.114117,0.25729,0.604914,0.0,,,,0.00631817 0.0250143 0.019596 0.106244 0.00304122 0.0792856 0.00509322 0.0200306 0.0414882 0.0512791 0.0610192 -0.00268463 0.0709528 0.0564793 0.0156599 0.135881 0.00896434 0.00973575 0.0124477 0.00370373 0.132549 0.0101353 0.0151301 0.0138784 0.00362685 0.0160773 0.0320216 0.0140437 0.0118638 0.00844652,800,0,cuda,1.72,4.21
test,3186,Siamese_222,Siamese,cat,wrong,chihuahua,kernel,10,0.56907,34,0.390027,0.377318,-0.012709,0.006385,0.440505,0.0,,,,0.0109201 0.000112219 0.000846292 0.0666791 0.0680808 0.0571753 -0.0255051 0.0416045 0.00840564 -0.0216667 -0.00358192 0.0568296 0.0799007 0.00351984 0.0227825 0.0537381 0.0959278 -0.117124 0.0464712 0.00308105 0.00795218 0.0311831 0.0381252 0.0261611 0.00784193 -0.0153649 -0.00162547 -0.00254431 -0.0113132 0.00253812 0.0179329 0.0130686 0.0012459 -0.0025,800,0,cuda,1.73,4.45
test,3186,Siamese_222,Siamese,cat,wrong,chihuahua,partition,10,0.56907,34,0.390027,0.432666,0.042639,0.033671,0.528506,0.0,,,,-0.00318306 -5.65794e-05 0.0143247 0.0949925 0.112094 0.0433515 0.000925628 -0.000333359 0.0072024 0.0143286 0.00691893 0.0559864 0.0809623 0.00330436 0.0457964 0.0735368 0.0249657 -0.112099 0.0220997 0.00344883 -0.0125089 0.0132172 -0.000104012 -0.00496049 -0.000593678 0.0312669 0.0140634 -0.00220985 -0.000130993 0.0147865 0.00619067 -0.00184434 0.000685106 0.0144735,800,0,cuda,1.95,4.45
test,2851,saint_bernard_73,saint_bernard,dog,correct,saint_bernard,kernel,28,0.999171,42,0.632793,0.973169,0.340377,0.316679,0.85406,0.0,,,,0.0570053 -0.0216668 -0.0204831 0.00846103 -0.00683922 0.0411082 0.0484313 0.169453 0.0151253 0.0409109 0.145449 0.146894 0.0275317 -0.00782477 0.0172631 -0.0179542 0.0428813 0.0100786 0.0105783 0.00823825 0.032608 0.016832 0.00747813 -0.0188894 0.0311242 -0.0187188 0.0374498 0.0127674 0.0256808 0.0350281 0.0364314 0.0063147 -0.0155909 0.0271037 0.0378581 -0.0160343 -0.0138075 0.0129694 -0.00369718 0.0218845 0.0312795 -0.0105089,800,0,cuda,1.81,4.39
test,2851,saint_bernard_73,saint_bernard,dog,correct,saint_bernard,partition,28,0.999171,42,0.632793,0.969778,0.336985,0.289905,0.890758,0.0,,,,0.0909794 -0.00164321 -0.000317835 0.000308952 0.000209062 0.0691887 0.0945509 0.233034 0.0148979 0.00263271 0.183397 0.0563651 0.0185748 -0.000113574 0.0135628 0.0259587 0.00841383 0.00976715 0.0175011 0.00938855 0.00786493 0.017465 0.00668894 0.00747999 0.00689776 0.00141375 0.00421708 0.00326478 0.00617221 0.000946171 0.000410203 0.00107815 0.00355462 0.00259977 0.00268632 0.0066151 0.00988121 0.011703 0.00714594 0.0229449 0.00366373 0.00885389,800,0,cuda,1.81,4.39
test,508,Bengal_200,Bengal,cat,correct,Bengal,kernel,5,0.899809,40,0.727958,0.798279,0.070321,0.071272,0.639259,0.0,,,,-0.013941 -0.0158398 0.00979089 0.0275977 0.00265947 -0.0255876 0.045932 0.080783 0.138395 -0.0223894 -0.00720069 0.00678807 0.0017015 0.00710213 0.0592703 0.150712 -0.00420251 0.0415756 0.00270602 0.0140035 -0.00178325 0.00910846 -0.0116816 0.080565 0.123109 0.0351881 -0.00522924 0.0138831 0.0109038 -0.00890243 0.0656122 0.0599381 0.0476119 -0.00608867 -0.0104479 -0.0176519 0.0140512 -0.0101808 -0.0113354 -0.00839563,800,0,cuda,1.86,4.36
test,508,Bengal_200,Bengal,cat,correct,Bengal,partition,5,0.899809,40,0.727958,0.657974,-0.069984,0.053046,0.555116,0.0,,,,-0.00790271 0.00152423 0.00212986 0.00350586 0.00281257 0.00361118 0.0181442 0.0334941 0.113672 0.00709573 -0.00200503 0.0373433 -0.000485951 -0.00662587 0.00745844 0.186772 -0.0130973 0.0223032 -0.000418007 2.49397e-05 0.0143586 0.00470439 -0.00316859 0.0585112 0.115658 0.0156689 0.0163463 0.0118944 0.00996918 0.0076089 0.0777855 0.0533738 0.0919114 -0.00728018 -0.000620707 -0.0108273 0.00644523 0.00606398 -0.00310738 -0.00652121,800,0,cuda,1.71,4.36
test,323,basset_hound_32,basset_hound,dog,correct,basset_hound,kernel,3,0.987064,47,0.180624,0.658361,0.477737,0.112721,0.809626,0.0,,,,0.0122614 -0.00303155 0.0159156 0.000935501 0.011904 -0.0333286 -0.00346028 -0.0148482 0.0157534 -0.0131588 0.00540035 0.0322395 -0.0102865 0.0295084 0.0115042 0.0187797 0.040011 0.00283386 -0.000291893 0.158567 0.0234027 0.0542699 0.0158705 0.156973 0.0161725 -0.0135628 -0.0141873 -0.0544784 -0.00234052 0.0208647 0.0237505 0.0176944 0.0277821 -0.00160912 0.298498 0.0174805 0.00766819 0.00702471 0.00463734 -0.0112508 0.0411278 0.00787223 -0.000898299 0.00907421 0.0056286 0.0203651 0.00752556,800,0,cuda,1.87,4.6
test,323,basset_hound_32,basset_hound,dog,correct,basset_hound,partition,3,0.987064,47,0.180624,0.607247,0.426623,0.077141,0.681603,0.0,,,,0.00170281 0.0029042 -0.000813104 -0.000799794 0.0040341 0.00151494 -0.000906 -0.000285915 0.00155564 -0.000905709 -0.00012537 0.00805728 0.000372457 0.00719578 4.86323e-05 0.00917395 0.0257159 0.00183891 0.0159296 0.171891 0.00242442 0.0164727 0.0626488 0.0893628 0.011473 0.000922454 0.00123697 0.114403 0.000279065 0.0233323 0.0470944 -0.000724234 0.0245686 8.64456e-05 0.282772 0.00491606 0.0107319 0.0037966 0.00674058 0.00207921 0.00072895 -0.000308972 0.00177714 0.00307125 0.00146996 0.00146256 0.00164628,800,0,cuda,1.78,4.6
test,1561,great_pyrenees_81,great_pyrenees,dog,wrong,saint_bernard,kernel,28,0.557432,32,0.342016,0.089307,-0.252709,0.052533,0.234808,0.0,,,,0.125567 0.00209031 0.0481624 0.105671 0.00923529 0.0787045 0.150627 -0.0175386 0.0288633 0.062385 -0.0845902 0.000936115 -0.00928172 -0.063119 -0.0189955 0.0161947 -0.0240347 0.0377706 0.0206569 -0.011941 -0.0375343 -0.0258353 0.00455592 0.0226272 0.0133915 0.00775809 0.00188504 0.0145722 0.0204301 0.0387584 0.0199727 0.01052,800,0,cuda,1.75,4.25
test,1561,great_pyrenees_81,great_pyrenees,dog,wrong,saint_bernard,partition,28,0.557432,32,0.342016,0.150776,-0.19124,0.066134,0.671766,0.0,,,,0.0406852 0.0570488 0.0207813 0.0867607 0.0124016 -0.00747089 0.159658 -0.0243495 0.0206851 0.0402068 0.0345485 0.00373336 0.00256183 -0.0306503 -0.0109678 0.00125972 0.00678588 0.0100948 0.0027664 0.0194774 0.0203399 0.0126624 0.00316373 0.0158533 0.00659509 0.00624487 0.00739547 0.00116378 0.00883714 0.0102752 0.0039739 0.00594268,800,0,cuda,1.76,4.25
test,176,american_bulldog_7,american_bulldog,dog,correct,american_bulldog,kernel,1,0.91962,26,0.268415,0.97739,0.708974,0.23895,0.923562,0.0,,,,-0.0238661 0.0595363 -0.00107458 -0.00047368 -0.0327541 0.0625892 0.189206 0.00827794 0.136898 0.0320041 -0.0188317 0.0476369 0.172621 0.118378 0.00800175 0.0312484 -0.0142023 0.0137556 0.0138931 0.023812 0.0133487 0.0153349 -0.00602779 0.0431382 0.00451502 -0.0346202,800,0,cuda,1.73,4.29
test,176,american_bulldog_7,american_bulldog,dog,correct,american_bulldog,partition,1,0.91962,26,0.268415,0.97739,0.708974,0.238785,0.91801,0.0,,,,-0.00183503 0.0182847 0.00432602 0.0340687 -0.00696 0.077864 0.103351 0.00662223 0.135742 0.0576006 0.00881052 0.0556651 0.298193 0.0805833 0.000545456 0.0110104 0.00391414 -0.000750426 -0.00412566 -0.00977882 -0.0036131 -0.0028387 -0.00414094 0.00348698 -0.00175124 -0.00192822,800,0,cuda,1.87,4.29
test,2852,saint_bernard_74,saint_bernard,dog,correct,saint_bernard,kernel,28,0.999659,38,0.464943,0.786536,0.321593,0.05082,0.832131,0.0,,,,0.0283226 -0.0117891 0.104225 0.237348 0.0601861 0.0154573 0.02684 0.0179596 0.00813338 0.153413 0.018605 0.0423761 0.0249543 -0.00310843 0.0431798 0.0281291 0.0402029 0.0321104 -0.0130407 0.0533223 0.0134922 -0.0169593 0.00759344 -0.00885603 0.0178762 -0.0118157 0.013131 0.0280388 0.0202637 0.00421974 -0.0073735 0.00292623 0.0066596 0.0260581 -0.0257165 -0.00986779 0.0149946 0.0092,800,0,cuda,1.69,4.22
test,2852,saint_bernard_74,saint_bernard,dog,correct,saint_bernard,partition,28,0.999659,38,0.464943,0.756202,0.291259,0.074214,0.891724,0.0,,,,0.0386208 0.000500394 0.213381 0.18607 0.0892523 0.00941875 0.00378452 0.0916384 0.000886744 0.0893928 0.0130461 0.084445 0.00458465 0.00699137 0.0190826 0.00677766 0.0326992 0.0105514 0.00860779 0.0429132 -0.00626335 0.00294349 0.00255901 -0.000890558 0.000701665 0.00698978 0.000405352 0.00206264 0.0018529 0.00887135 0.000400333 0.00549714 0.00504258 0.00178021 0.0014168 0.00246685 0.00160332 0.000607121,800,0,cuda,1.67,4.22
test,1908,leonberger_34,leonberger,dog,correct,leonberger,kernel,19,0.993777,35,0.239756,0.79023,0.550474,0.063998,0.859172,0.0,,,,0.00832784 -0.00557171 0.00438708 -0.00288914 0.00523345 0.0323473 0.012385 0.0169049 -0.00818841 -0.00203361 0.258169 -0.0114745 0.00194606 -0.0231528 0.00578784 0.00291046 0.326123 -0.00267806 0.00919655 -0.00834153 0.0156007 -0.0172153 0.0302685 0.220611 0.0448438 0.00156155 0.000614954 0.00558716 0.0293434 0.00940542 0.0219697 -0.0159473 0.0196148 0.022423 -0.0177291,800,0,cuda,1.77,4.21
test,1908,leonberger_34,leonberger,dog,correct,leonberger,partition,19,0.993777,35,0.239756,0.748816,0.50906,0.085131,0.874327,0.0,,,,-0.0024203 0.00410288 -0.00781497 -0.003436 0.0134528 -0.02635 -0.00121973 0.00241906 0.0395099 0.00545335 0.378909 0.00275584 0.00143453 0.0420721 0.0786369 0.036052 0.233107 -0.000919996 0.023462 0.00145769 0.00330482 0.00853831 0.00116294 0.0560977 0.0144794 9.21522e-05 0.00150938 0.04164 0.00596613 0.0106369 0.00586746 0.00168813 0.0064071 0.00428905 0.00799799,800,0,cuda,1.68,4.21
test,168,american_bulldog_72,american_bulldog,dog,correct,american_bulldog,kernel,1,0.993766,44,0.33813,0.966585,0.628455,0.095684,0.939804,0.0,,,,0.0184058 0.013158 0.00483722 0.00242163 0.00796738 -0.0112915 -0.0075451 0.0035922 0.216152 -0.0230728 0.0746555 0.0673332 0.00407717 0.00965012 0.0243687 0.0577182 0.0196597 -0.0263739 -0.00252608 -0.00347377 0.210915 0.188467 0.103669 0.065702 -0.00878434 -0.0264738 -0.00320823 0.0426649 0.0111199 0.0585355 -0.0105902 -0.0436588 -0.00370554 -0.0115684 -0.0129679 -0.0143223 0.00084597 0.00199341 -0.00499936 -0.0123083 0.00171747 -0.024541 -0.0191744 -0.00255012,800,0,cuda,1.79,4.23
test,168,american_bulldog_72,american_bulldog,dog,correct,american_bulldog,partition,1,0.993766,44,0.33813,0.837355,0.499225,0.134729,0.943057,0.0,,,,0.0151016 0.0268762 0.00364543 0.00345206 0.0135132 0.0120262 0.00318811 0.0378907 0.101261 0.00823645 0.0834306 0.0793904 0.00128751 0.00523939 0.00618101 0.0553261 0.0263659 0.0146141 0.0139986 0.00125848 0.116583 0.079706 0.0664841 0.037421 0.00256992 0.00985329 -0.000837089 0.0271344 0.00378236 0.0321274 0.00441305 0.00101812 0.00678604 0.00382336 0.00586813 -0.00489026 0.0173994 0.0116224 -0.000793012 -0.000807558 0.00547523 -0.00378823 0.00385862 -0.000602071,800,0,cuda,1.65,4.23
test,1400,german_shorthaired_26,german_shorthaired,dog,correct,german_shorthaired,kernel,14,0.805062,35,0.824936,0.930701,0.105764,0.035481,0.598809,0.0,,,,0.0134129 0.128959 0.11401 0.0598204 0.0112979 -0.0393121 -0.0516818 -0.0769864 -0.0250046 0.00274849 -0.0157723 -0.0496801 0.120298 -0.0146764 -0.0110203 0.178684 -0.0204661 0.0140822 0.0087413 0.0027977 0.0565582 0.0253051 0.0654599 0.0669694 -0.00536786 0.0145891 0.0936651 0.0236223 0.000580788 -0.00280619 0.0985416 -0.0124927 -0.00857996 0.0126049 -0.00375997,800,0,cuda,1.82,4.33
test,1400,german_shorthaired_26,german_shorthaired,dog,correct,german_shorthaired,partition,14,0.805062,35,0.824936,0.991367,0.16643,0.113097,0.466354,0.0,,,,-0.00368685 0.00450311 0.0167574 0.00568336 0.0596051 -8.54278e-05 -0.0126007 0.0297348 0.00528664 0.0443152 0.000238423 0.0123643 0.127704 0.00824353 -0.00619452 0.201572 0.02529 -0.00327922 -0.00326687 0.00475344 0.0201318 -0.00149708 0.0180284 0.0329913 0.00394588 -0.007729 0.0782715 0.0442097 0.00177717 0.00452811 0.0401645 0.000631057 0.0145259 0.00599137 0.00223353,800,0,cuda,1.73,4.33
test,3587,yorkshire_terrier_26,yorkshire_terrier,dog,correct,yorkshire_terrier,kernel,36,0.981482,39,0.593909,0.987329,0.39342,0.054461,0.476761,0.0,,,,0.0143224 0.0493264 0.0464027 0.0607617 0.0161852 0.00304267 0.0420662 0.029937 0.175874 0.0744091 0.0516131 0.0107057 0.126563 -0.00628988 0.0458952 -0.0157184 0.0307567 0.0422101 -0.0186378 0.0986197 -0.0127097 -0.0197319 0.036672 0.0174528 -0.0430884 -0.0413718 0.00935534 0.00865166 0.0354155 -0.0171086 0.051334 -0.0347181 0.024917 -0.0099441 0.0368619 0.0119612 0.0176872 0.0101688 -0.00853893,800,0,cuda,1.83,4.47
test,3587,yorkshire_terrier_26,yorkshire_terrier,dog,correct,yorkshire_terrier,partition,36,0.981482,39,0.593909,0.748042,0.154132,0.060492,0.496221,0.0,,,,0.0178411 0.0098545 0.0577932 0.014107 0.0195643 0.0266279 0.00989276 0.00369189 0.249989 0.0192647 0.0548002 -0.0258118 0.0720386 0.00499726 0.132959 0.00381301 0.0200661 0.0154525 -0.000422199 0.114378 0.00534197 0.0128142 0.00544248 0.000737416 0.00677961 0.0191445 0.00655388 0.0177121 0.00868704 0.0112119 0.00883526 0.00201387 0.00013858 0.0008193 0.0165938 0.00438901 -1.78399e-05 0.00137198 0.00184359,800,0,cuda,1.8,4.47
test,1392,german_shorthaired_1,german_shorthaired,dog,correct,german_shorthaired,kernel,14,0.99869,38,0.219986,0.446476,0.226491,0.128401,0.656282,0.0,,,,0.206314 0.149649 -0.00587152 -0.0238359 -0.00540099 0.0518488 0.019734 -0.0194558 0.0316809 -0.00920268 -0.00439233 0.0189817 0.0253433 0.0935972 0.0129306 0.0498185 0.0256368 0.000252378 0.0198431 0.0547714 0.0193164 -0.0134399 0.0273821 -0.0154812 0.054485 0.0383866 0.0180399 0.0329829 0.0109595 0.0201669 -0.018162 0.0364595 0.0209543 0.0179699 0.0150712 0.00154337 -0.00441965 0.0143114,800,0,cuda,1.73,4.58
test,1392,german_shorthaired_1,german_shorthaired,dog,correct,german_shorthaired,partition,14,0.99869,38,0.219986,0.338476,0.11849,0.209377,0.778762,0.0,,,,0.207285 0.114268 0.00730853 0.00316998 0.0327295 0.0696169 0.00287997 0.00238113 0.0669131 0.0431568 0.000278625 0.0529977 0.00253621 0.182233 0.0139948 0.0601215 0.000260666 0.00213075 0.00960496 0.0518339 0.00373905 -0.00042769 0.0103441 -0.000695762 0.00506327 0.00212449 0.00580873 0.00329851 -0.000194294 0.000153848 0.000253961 0.000765454 0.00579546 0.00179328 0.0028705 0.00171465 0.000418679 0.000241722,800,0,cuda,1.96,4.58
test,2257,newfoundland_79,newfoundland,dog,correct,newfoundland,kernel,22,0.960318,31,0.724928,0.991713,0.266785,0.093035,0.41286,0.0,,,,0.014987 0.0279763 0.0226144 -0.00828671 0.00991543 -0.0176262 0.211715 0.0234626 0.00742692 0.0612822 0.193019 -0.0102499 0.0770058 -0.0211082 0.0552279 0.00498264 -0.00958167 -0.0109095 -0.00161414 0.00760697 0.0744629 0.113477 -0.010915 0.0307462 0.0201189 0.0221232 0.00337477 0.00312255 0.0446259 0.0119193 0.00363672,800,0,cuda,1.9,4.48
test,2257,newfoundland_79,newfoundland,dog,correct,newfoundland,partition,22,0.960318,31,0.724928,0.987968,0.26304,0.134861,0.290719,0.0,,,,0.00427064 0.00390121 0.00107485 0.000981463 0.0033217 0.0356121 0.204301 0.0072191 0.00382604 0.0961296 0.198525 0.0249679 0.0101967 0.0104032 0.0187986 0.000907658 0.0161874 0.0702473 0.0175554 0.0302735 0.0421048 0.0452052 0.00171305 0.0145095 0.00121334 0.0401073 0.01436 0.0137922 0.0173178 0.000927035 0.00458712,800,0,cuda,1.8,4.48
test,2177,miniature_pinscher_97,miniature_pinscher,dog,correct,miniature_pinscher,kernel,21,0.998937,37,0.387596,0.595009,0.207414,0.09797,0.736252,0.0,,,,0.0139275 -0.00212703 0.101717 -0.00316723 0.330276 0.0930231 -0.0238547 -0.00599997 0.0211505 0.00144626 0.0375287 0.0711879 0.0310926 0.0132494 0.0271062 -0.00429121 0.0317606 0.0313068 0.00588328 -0.000329691 -0.0123568 0.0238784 0.00623849 0.0281511 0.0484191 -0.0143557 0.00850248 -0.0132353 0.00904221 0.00713252 0.0250735 0.0226893 0.00851701 0.01066 0.0332326 0.0243439 -0.00443234,800,0,cuda,1.75,4.27
test,2177,miniature_pinscher_97,miniature_pinscher,dog,correct,miniature_pinscher,partition,21,0.998937,37,0.387596,0.450539,0.062944,0.118978,0.719187,0.0,,,,0.0226399 0.00831953 0.235581 0.0173339 0.224396 0.109889 0.0331077 0.11313 0.00202161 0.00400355 0.0220274 0.0763073 0.0264208 0.0079082 0.0411762 0.00996279 0.00259374 0.00175591 0.00143848 0.00167047 0.00331536 0.000694296 0.000670867 0.00702798 0.00359447 0.000282463 0.00132678 -0.000160458 0.00125805 -0.000431689 0.000398556 6.97472e-06 0.00124193 -0.000563737 0.000789315 0.00039561 0.000857444,800,0,cuda,1.67,4.27
test,2237,newfoundland_60,newfoundland,dog,correct,newfoundland,kernel,22,0.9999,36,0.63072,0.697461,0.066741,0.136007,0.818755,0.0,,,,0.0120582 0.011043 0.0073407 0.0130969 -0.001275 0.0251097 -0.000531988 0.337497 0.0558284 -0.0165801 0.0543283 0.0530487 0.0270787 0.271837 0.0212538 -0.0275658 0.030699 0.0176415 -0.00964501 0.0306702 0.0349884 -0.0339618 -0.0227699 0.0403929 -0.0270649 0.0321353 0.00916638 0.0279945 -0.00311041 0.0537294 -0.00872821 0.0133537 0.013096 -0.0220545 -0.0111227 -0.0148562,800,0,cuda,1.78,4.24
test,2237,newfoundland_60,newfoundland,dog,correct,newfoundland,partition,22,0.9999,36,0.63072,0.696609,0.065889,0.139452,0.868505,0.0,,,,0.0631528 0.0385768 0.00597311 0.00243064 0.036512 0.00684979 0.00449742 0.299479 0.0720927 0.00867329 0.0527913 0.0162448 0.123459 0.153843 0.0210933 0.018964 0.0219618 0.0142586 0.000926706 0.0174106 0.000712963 0.00013519 0.00076558 0.00215989 0.000130264 0.00108584 0.00117119 0.0019174 0.000287724 0.000383063 0.00289489 0.00113233 0.000134924 0.000600516 0.000711523 0.000707736,800,0,cuda,1.66,4.24
test,136,american_bulldog_42,american_bulldog,dog,wrong,american_pit_bull_terrier,kernel,2,0.607326,38,0.841438,0.991059,0.149621,0.021982,0.392785,0.0,,,,-0.0479465 -0.00269047 -0.0156437 -0.0153481 -0.0149337 0.0144552 0.0146973 0.070249 0.00737837 0.00533116 0.0870752 0.0853267 0.0273621 0.0653743 -0.0183034 0.025965 -0.0157158 0.0745232 0.0302036 0.00989053 0.0279837 0.0289882 0.0215252 0.00214515 0.0318317 0.00607872 0.0476262 0.0325652 0.00544206 -0.0110866 0.0139175 0.0432552 -0.018194 -0.0352798 0.00816583 -0.00706405 0.0144375 -0.000578765,800,0,cuda,1.88,4.46
test,136,american_bulldog_42,american_bulldog,dog,wrong,american_pit_bull_terrier,partition,2,0.607326,38,0.841438,0.995864,0.154426,0.035518,0.364941,0.0,,,,-0.00633328 -0.00121631 -4.44514e-05 -0.00299966 -0.0146782 0.0165329 -0.00109297 0.0319635 0.00701814 -0.00623216 0.0627876 0.0625769 0.0374157 0.0191234 -0.00876362 0.00917522 -0.00140616 0.133557 0.0258159 0.00561242 0.0135695 0.00955511 0.0106167 0.00596599 0.0521024 0.00390741 0.0239962 0.0128226 0.00822798 0.00921789 -0.000251963 0.0282456 0.00948939 0.0076181 0.00217929 0.000988291 0.0250335 0.00691365,800,0,cuda,1.71,4.46
test,1470,german_shorthaired_8,german_shorthaired,dog,correct,german_shorthaired,kernel,14,0.890322,40,0.750977,0.536063,-0.214913,0.047364,0.524672,0.0,,,,0.0601088 0.0387008 -9.42883e-05 0.0243572 0.072003 0.059766 0.128101 0.0340966 0.175871 0.079848 0.0312653 0.0340308 0.0514504 0.0425087 0.0420119 -0.0145611 -0.0480414 -0.0408581 0.0316438 0.00181638 0.078107 0.00438442 -0.00179347 -0.00151923 0.0137132 0.00547039 0.0261579 -0.00847216 -0.0380196 0.0342991 -0.0307515 -0.029542 -0.0101557 -0.0200957 -0.0117749 0.013597 0.0318263 -0.0033046 -0.0119714 0.0162211,800,0,cuda,1.79,4.22
test,1470,german_shorthaired_8,german_shorthaired,dog,correct,german_shorthaired,partition,14,0.890322,40,0.750977,0.66562,-0.085357,0.077935,0.67158,0.0,,,,0.00907963 0.0348836 0.0090987 0.0125856 0.0617803 0.0305476 0.0855596 0.00504986 0.103483 0.0353726 0.019285 0.102848 0.0297776 0.0849011 0.0919065 0.0790474 -0.0124798 -0.00212099 0.0174509 0.0256472 0.0726923 0.00466737 -0.0204664 0.00254647 0.00490145 0.000499619 -0.00466496 0.00205775 -0.00236945 -0.00375206 -0.000920601 -0.000677119 -0.00377883 -0.00629919 -0.00151299 -0.0020986 -0.000707063 -0.00168094 -0.00107939 -0.000659398,800,0,cuda,1.6,4.22
test,3152,shiba_inu_75,shiba_inu,dog,correct,shiba_inu,kernel,31,0.99995,39,0.153141,0.923701,0.77056,0.071235,0.890665,0.0,,,,0.0151675 0.00759657 -0.0282364 0.0127325 0.00118709 0.0288247 -0.0113356 -0.0147685 -0.00596933 -0.010352 0.00526432 0.322329 0.0283744 -0.00600574 0.116555 0.122302 0.0116739 0.00673034 0.156913 0.0254898 0.0308709 0.0227615 0.0235052 -0.00380245 0.0689822 0.0280004 -0.0109302 0.00423261 0.00541269 0.0515135 0.00938322 0.00322058 -0.0338147 -0.000241783 -0.0239486 0.00850005 -0.00830307 0.00884663 -0.00495856,800,0,cuda,1.88,4.31
test,3152,shiba_inu_75,shiba_inu,dog,correct,shiba_inu,partition,31,0.99995,39,0.153141,0.533018,0.379877,0.112289,0.876905,0.0,,,,0.00640727 -0.00174184 0.00789397 0.0113864 0.000595967 0.00649096 0.0010338 0.00077889 0.00634792 0.00129081 0.00715525 0.307402 0.0470266 -0.00136194 0.0915169 0.161695 0.0117182 0.0233064 0.0114719 -0.00255501 0.0534112 -0.00197204 0.0138038 0.00154458 0.0252985 0.0115673 0.0023057 0.00395707 0.0113523 0.115753 0.00153073 0.00105607 0.000861922 0.000443202 0.00455221 0.00428115 0.0119897 0.00119482 0.00291151,800,0,cuda,1.63,4.31
test,1278,english_cocker_spaniel_97,english_cocker_spaniel,dog,correct,english_cocker_spaniel,kernel,12,0.980694,47,0.228974,0.492274,0.2633,0.016232,0.947213,0.0,,,,0.00156453 -0.0156403 -0.0245748 -0.00991318 0.00152373 0.0187046 -0.00435167 0.00211638 0.0125505 -0.0101306 0.00865751 0.501744 -0.00149831 0.00416324 0.00318515 0.000837852 0.298621 0.0373743 0.0218131 0.00389438 0.0175407 -0.00953307 0.00850015 0.00312205 0.0155007 0.0707809 0.00168084 -0.00720505 -0.0050173 0.0107918 0.0145389 -0.00859287 -0.0057719 -0.00439649 0.0174888 -0.0126036 -0.0217306 0.000885585 -0.00305355 -0.003085 -0.00296143 0.0106979 -0.0109834 0.0139908 0.00053084 0.0125738 0.00971052,800,0,cuda,1.92,4.67
test,1278,english_cocker_spaniel_97,english_cocker_spaniel,dog,correct,english_cocker_spaniel,partition,12,0.980694,47,0.228974,0.412239,0.183265,0.016491,0.926976,0.0,,,,3.2811e-05 -0.00533213 -0.00244688 -0.000201265 0.000572396 0.105454 -0.00967759 0.000112766 -0.00370195 -0.00225201 -0.000477153 0.325913 0.0038687 0.00331864 0.0277726 0.0066162 0.290407 0.0884382 0.00771263 0.00333056 0.0568195 0.00162187 0.000484335 0.0176685 0.00819019 0.0346447 0.000825338 0.00443757 -0.000514561 0.00822194 0.00277409 0.000621055 -0.000784996 0.000443452 0.000420741 0.000891004 -0.00040887 -0.000394926 -0.000852904 -0.00114166 -0.000283494 -0.003417 -0.00137011 -0.000803559 -0.0015463 -0.00134955 -0.00061539,800,0,cuda,1.75,4.67
test,1973,leonberger_93,leonberger,dog,correct,leonberger,kernel,19,0.987843,39,0.253747,0.804426,0.550679,0.031237,0.686381,0.0,,,,0.0532408 0.0329173 0.00411211 -0.00678325 -0.00936459 0.0828982 -0.00196718 -0.00755226 -0.00867675 0.00805773 0.293674 0.0127472 -0.000362594 0.00997711 0.0862421 0.0133113 -0.00818773 0.0421741 0.0189733 0.112432 0.000928696 0.000773781 0.129923 -0.000196242 -0.008171 0.0306386 0.0314111 -0.00884399 0.0152628 0.00974614 0.0208643 0.00148178 -0.0270852 0.00350889 0.0266237 0.00517352 0.00968698 0.0266785 -0.0118598,800,0,cuda,1.91,4.28
test,1973,leonberger_93,leonberger,dog,correct,leonberger,partition,19,0.987843,39,0.253747,0.504209,0.250462,0.037501,0.627288,0.0,,,,0.0135614 0.0232802 -0.00270303 0.00200344 0.00174287 0.0521858 -0.00185495 0.000914257 0.00236929 -0.000602495 0.464566 0.00324242 0.0313034 0.133045 0.124067 0.0163287 0.00161144 0.0126509 0.0177479 0.0270998 0.0018019 0.00229657 0.0329746 0.000234965 0.00325715 0.00498237 0.0104836 -0.00104837 0.00060225 0.00255029 0.00315042 0.000924317 0.00372923 0.00105359 -0.00451593 -0.00162113 0.000200904 0.00035264 0.000439104,800,0,cuda,1.53,4.28
test,894,British_Shorthair_248,British_Shorthair,cat,wrong,Bombay,kernel,7,0.506902,42,0.324637,0.187799,-0.136838,0.030563,0.182361,0.0,,,,0.0162271 -0.00507904 0.0595805 -0.00665178 0.0429706 -0.0550269 -0.0118535 -0.0490933 0.00415388 0.0367068 -0.0209919 -0.00594119 0.0794999 -0.00352502 0.049791 -0.0181092 0.000369019 0.0226352 -0.0101408 0.0590662 0.0201489 0.0201532 -5.78702e-05 0.0479762 -0.00993506 0.00809081 0.0261647 0.0267663 0.0066432 0.00419739 0.00946739 0.0376985 0.023836 0.00104685 -0.000145185 0.0507256 0.0159347 0.0174034 -0.00482693 -0.00620969 -0.00284149 0.00281536,800,0,cuda,2.08,4.53
test,894,British_Shorthair_248,British_Shorthair,cat,wrong,Bombay,partition,7,0.506902,42,0.324637,0.55442,0.229783,0.035867,0.109093,0.0,,,,0.00839882 0.000687458 0.029084 0.00365323 0.0206656 -0.00156642 0.00282192 -0.00762976 -0.00473787 0.0467382 -0.00274323 -0.000251686 0.0777374 0.00430311 0.0128122 0.0106875 0.0172401 -0.0103766 0.0029226 0.0249239 0.0272851 0.0127775 0.00337671 0.0124204 0.00464572 0.0517381 0.0149884 0.00735804 0.006753 0.0079994 0.0159791 0.00854687 0.0086349 0.0133214 0.00150914 0.0145799 0.0100141 0.0105421 0.00229536 0.0042953 0.00262082 0.00258807,800,0,cuda,1.52,4.53
test,197,american_bulldog_9,american_bulldog,dog,correct,american_bulldog,kernel,1,0.986698,32,0.861009,0.989578,0.128569,0.35386,0.753343,0.0,,,,0.0272715 -0.0162024 0.0844747 0.0213756 0.14858 0.0137006 0.0315186 -0.0239006 0.0531774 0.108393 0.00566968 0.027531 0.064422 0.0345994 -0.0205249 0.0314165 0.00120007 0.0931816 0.00155112 0.0500793 0.0165293 0.00174333 0.011532 0.0271462 0.013466 0.0382983 -0.00454981 0.00923583 -0.0314374 0.0414153 0.0383864 0.0301437,800,0,cuda,1.79,4.19
test,197,american_bulldog_9,american_bulldog,dog,correct,american_bulldog,partition,1,0.986698,32,0.861009,0.989578,0.128569,0.442122,0.751476,0.0,,,,0.0482676 -0.000842263 0.162614 0.0358144 0.119111 0.00172505 0.00254896 0.0434261 0.0121247 0.111424 -0.00333031 0.0352862 0.0892342 0.0066216 0.00759584 0.0205925 0.0163476 0.0911979 0.0202607 0.0208879 0.00371124 0.00987637 0.00426402 0.0161074 0.0282876 0.00634046 0.000429983 0.0109358 0.00652633 0.00151261 -0.00232464 0.00284806,800,0,cuda,1.63,4.19
test,2338,Persian_58,Persian,cat,correct,Persian,kernel,23,0.996897,42,0.635025,0.988591,0.353566,0.069827,0.825989,0.0,,,,-0.0223995 0.000916315 0.0128669 0.00297419 -0.00786763 -0.0495774 -0.0144946 -0.0211556 -0.011451 -0.0419938 0.0279097 0.0482997 0.277842 -0.00113631 0.0583914 0.0668136 0.0928941 0.215743 -0.00373009 0.0295684 0.0115295 0.0249706 0.0350566 0.0308353 0.155261 -0.00254026 0.0193652 0.0387825 -0.00342209 0.011245 -0.00719805 -0.00129852 -0.0123009 0.0450585 -0.0230544 0.0294602 0.00028231 0.00232981 -0.00305162 -0.00796254 -0.0193754 -0.00625248,800,0,cuda,1.85,4.26
test,2338,Persian_58,Persian,cat,correct,Persian,partition,23,0.996897,42,0.635025,0.991898,0.356873,0.076367,0.760069,0.0,,,,-0.00313759 0.0122246 0.00755573 0.00439872 0.000471992 0.00124196 0.000276804 0.0330281 -0.0288207 0.0148862 0.00371871 -0.00285859 0.133191 0.00340398 0.024638 0.0393196 0.062934 0.109461 0.0021303 0.0120931 -0.000608218 0.018085 0.00343202 0.0492009 0.23441 0.00394136 0.0638759 0.00638338 0.0106381 0.00307645 0.015522 0.00708441 0.0416411 0.017341 0.00516714 0.0157164 0.0360527 0.00252204 0.00596019 0.00325129 0.003913 0.00137227,800,0,cuda,1.55,4.26
test,1483,great_pyrenees_192,great_pyrenees,dog,correct,great_pyrenees,kernel,15,0.759797,38,0.582609,0.904923,0.322314,0.022016,0.818718,0.0,,,,0.0121142 0.250089 0.0295993 0.168604 -0.0184959 0.289362 -0.00182126 -0.00651668 -0.0258234 0.000747134 0.0294193 0.00799767 -0.0153903 -0.00487004 -0.00834134 0.0277512 0.089683 0.0140007 -0.0219187 -0.0140213 0.001167 -0.00855923 0.0115741 -0.030213 0.0231748 0.00223305 -0.00317702 0.00696038 0.0230429 -0.00695482 -0.0280688 -0.018285 -0.0175352 -0.00131309 0.0137298 0.0118581 -0.0157618 -0.011738,800,0,cuda,1.8,4.26
test,1483,great_pyrenees_192,great_pyrenees,dog,correct,great_pyrenees,partition,15,0.759797,38,0.582609,0.681546,0.098937,0.022718,0.809173,0.0,,,,0.072098 0.121438 0.0438193 0.155951 -0.00485397 0.340124 -0.000898696 0.00795709 -0.00461868 -0.00052744 0.013506 0.0374393 0.00402194 -0.0050249 -0.0082783 0.000461092 0.0693718 -0.00145099 -0.00431844 -0.00152761 -0.00460781 -0.00210373 0.00084314 -0.00853375 -0.00600004 -0.0037984 -0.00567025 -4.26072e-05 -0.00190958 -0.00189207 -0.0107637 -0.00853174 -0.0119345 -0.00671697 -0.00147097 -0.0016606 -0.00410054 -0.0014909,800,0,cuda,1.57,4.26
test,1792,keeshond_1,keeshond,dog,correct,keeshond,kernel,18,0.989987,40,0.903659,0.876261,-0.027398,0.125656,0.358764,0.0,,,,-0.00499978 0.0276697 -0.0107474 0.0381331 -0.00374616 -0.00853797 -0.0173214 0.00581214 -0.000696613 0.023739 0.0594382 0.0292552 0.0587215 0.0320452 0.0507165 0.0470427 0.00638439 0.0321545 0.030928 0.0726433 0.00623346 0.0733785 0.0410039 0.0373088 0.0295265 0.0150765 -0.00409048 0.00985663 0.0951368 0.0306773 0.0367556 0.0136467 0.0115498 -0.00109285 0.0451653 -0.0219575 0.0374585 0.00450671 0.0143048 0.035044,800,0,cuda,1.95,4.35
test,1792,keeshond_1,keeshond,dog,correct,keeshond,partition,18,0.989987,40,0.903659,0.982687,0.079028,0.140464,0.341634,0.0,,,,-0.00169034 -0.00224408 0.00201815 0.0224474 0.00651521 0.00536829 0.0309322 0.0546456 0.032696 0.00839466 0.0332945 0.0663606 0.048787 0.0178192 0.0359296 0.00188387 0.0047988 0.0140169 0.0427465 0.06766 0.0122094 0.0822257 -0.0180101 0.00278732 0.0266983 0.0117471 0.0388916 0.0183299 0.118132 0.029628 0.0293654 0.0207645 0.0153567 0.00817883 0.0330394 -0.00182642 0.0115493 0.0111967 0.0141774 0.0213015,800,0,cuda,1.51,4.35
test,2084,miniature_pinscher_194,miniature_pinscher,dog,wrong,chihuahua,kernel,10,0.946206,31,0.209403,0.780952,0.571549,0.033189,0.530279,0.0,,,,-0.0136358 0.0194641 0.00665782 -0.00132177 0.0387101 0.0475452 0.0819031 0.0123217 0.0348696 0.0456961 0.00335274 0.00681127 0.0193909 0.165914 0.0394216 0.0321357 0.0201072 0.0679116 0.0472508 0.0835334 -0.0349575 0.057919 0.0199091 0.0138928 0.0243796 0.00718973 0.00707415 0.0121469 0.0351026 -0.00631107 0.0436488,800,0,cuda,1.77,4.06
test,2084,miniature_pinscher_194,miniature_pinscher,dog,wrong,chihuahua,partition,10,0.946206,31,0.209403,0.426366,0.216963,0.026929,0.502738,0.0,,,,0.000286891 0.00740784 0.00338901 0.00462455 0.0226138 0.0171456 0.0933986 0.00744393 0.0126488 0.0846725 -0.00143242 -0.000720336 0.0151248 0.186012 0.0831699 0.0697162 0.0124624 0.134502 0.0195793 0.057865 0.0122157 0.0602336 0.0132821 0.0210253 -0.0174081 0.00502393 0.006682 0.0170672 -0.00896477 -0.0010433 9.74672e-06,800,0,cuda,1.57,4.06
test,767,Bombay_80,Bombay,cat,correct,Bombay,kernel,7,0.993606,39,0.58803,0.895358,0.307327,0.147217,0.83508,0.0,,,,0.0164696 0.0145769 0.0389279 -0.0151231 0.34364 0.00226467 -0.0183839 0.0370933 0.0226815 -0.0094633 0.00297564 0.18319 0.00286434 -0.0021353 0.004938 0.0119732 0.108684 -0.0104202 0.0107697 0.00586104 0.00874253 -0.000880136 0.0232036 0.0358701 0.00587441 0.0101198 0.0125201 0.0383294 0.0184688 0.00865128 -0.000279537 0.00971656 -0.00749676 0.00578143 0.0123959 0.0148536 0.0132138 0.0112285 -0.00535328,800,0,cuda,1.82,4.25
test,767,Bombay_80,Bombay,cat,correct,Bombay,partition,7,0.993606,39,0.58803,0.759747,0.171717,0.093089,0.732055,0.0,,,,0.0195312 0.0329573 0.0408799 -0.00120594 0.236669 -0.00116743 -0.000427174 0.0399551 0.0652 0.000142296 -0.000243215 0.141908 0.00261258 0.00266896 0.00122817 0.00135623 0.0454299 0.00545253 0.00425068 0.0115004 0.0111699 0.00126561 0.00019295 0.0141391 -0.00288302 0.00229148 0.0130015 0.00675921 0.0440382 0.0272702 0.0761985 0.0187099 0.00818668 0.0141521 0.0239772 0.00411304 0.0306415 0.0146449 0.00977706,800,0,cuda,1.59,4.25
test,2280,newfoundland_9,newfoundland,dog,correct,newfoundland,kernel,22,0.999686,42,0.365753,0.913202,0.54745,0.073195,0.695423,0.0,,,,-0.00240866 0.0513414 -0.0160502 0.00271368 0.0162073 -0.0306684 0.0333068 0.00194334 0.00488272 -0.0123163 0.0527913 0.0274378 0.0249542 0.0188851 0.0435644 0.00990234 0.0612254 0.237493 -0.0180067 0.0369242 -0.00455577 0.0690392 0.0931953 0.029782 0.0106849 0.159518 0.00257492 0.0435515 -0.00818267 0.0563575 0.00773952 0.0075035 0.0135666 0.0169727 0.0165955 -0.0217535 -0.00866931 -0.0207462 -0.0139165 0.00543193 0.0100886 -0.0149936,800,0,cuda,1.85,4.38
test,2280,newfoundland_9,newfoundland,dog,correct,newfoundland,partition,22,0.999686,42,0.365753,0.9822,0.616447,0.073832,0.51932,0.0,,,,-0.000563269 0.00347421 -0.000497354 -0.00163388 -0.000211723 0.00417805 -0.00361211 0.00388893 -0.000202584 0.00573796 0.00568593 0.01857 0.0183551 0.00486044 0.0115914 0.0021304 0.0249829 0.293291 0.00793385 0.00828954 0.00476982 0.0530363 0.0708917 0.0145156 0.00991866 0.120908 0.00483899 0.0714173 0.00118295 0.0488791 0.0275783 0.0154106 0.0124055 0.00161938 0.0053083 0.0243618 0.0252718 0.0101181 0.0241777 0.0159995 0.0176872 0.00736156,800,0,cuda,1.56,4.38
test,2693,Russian_Blue_215,Russian_Blue,cat,wrong,Abyssinian,kernel,0,0.60435,36,0.403938,0.973881,0.569943,0.032455,0.210743,0.0,,,,0.026238 -0.00129171 0.0298116 -0.00653747 -0.00578393 0.0253872 0.0326121 0.00761162 -0.00572137 -0.00615613 0.0337414 0.00707723 0.0100346 0.0212988 0.0338875 0.0646303 -0.000178593 -0.00736199 -0.00819458 0.0291018 0.0817186 0.0665905 0.0492731 0.00826189 0.00758269 0.0280637 0.0232086 0.0112085 0.0139354 -0.00380419 0.0373547 -0.00744329 -0.00206412 -0.017115 -0.00151046 0.00541775,800,0,cuda,1.89,4.23
test,2693,Russian_Blue_215,Russian_Blue,cat,wrong,Abyssinian,partition,0,0.60435,36,0.403938,0.964806,0.560868,0.048358,0.142649,0.0,,,,0.00636005 0.00191909 0.00489678 0.00396745 -0.00554295 0.0142888 -0.00412365 0.000527367 -0.00103708 0.000609032 0.0304177 -0.00665854 0.00732303 -0.00352042 0.0325905 0.0140848 -0.00313462 0.0104218 0.00134537 0.00818176 0.0201253 0.191786 0.0502044 0.00464649 0.0203671 -0.000511406 0.0389258 -0.000747488 0.0484727 0.0194816 0.0196744 0.000590091 0.0282134 0.0101262 0.0017353 0.0148784,800,0,cuda,1.6,4.23
test,2081,miniature_pinscher_191,miniature_pinscher,dog,correct,miniature_pinscher,kernel,21,0.998967,35,0.191785,0.67226,0.480475,0.063128,0.734308,0.0,,,,-0.0165572 0.010183 0.0119415 0.0031367 -0.00610778 0.00124823 0.0543368 -0.00184842 0.0114758 0.00295756 -0.00981496 0.00880109 0.00477227 0.32237 0.0363842 0.0393927 -0.00629362 0.0531549 0.0203561 -0.028163 0.0375609 0.168427 0.0219914 0.0201666 0.0193645 -0.00220674 -0.00270036 0.00671761 0.0704515 -0.0083055 0.0274736 0.00969746 0.0144874 0.0331818 0.0543843,800,0,cuda,2.01,4.27
test,2081,miniature_pinscher_191,miniature_pinscher,dog,correct,miniature_pinscher,partition,21,0.998967,35,0.191785,0.330053,0.138268,0.120549,0.609812,0.0,,,,0.000597089 0.00231689 0.000958523 0.0142344 0.00287407 0.0015466 0.0962553 -0.00160959 0.0765248 0.029519 0.00312576 0.00809287 0.00352009 0.226 0.0429072 0.0807313 0.00648436 0.0879763 0.01911 0.0191775 0.0509663 0.124482 0.0170021 0.000140831 0.0179285 0.00436882 0.00126765 -0.000298373 0.0123545 0.00123676 0.00414712 0.00664622 0.00453611 0.0118382 0.00545762,800,0,cuda,1.54,4.27
test,1112,Egyptian_Mau_28,Egyptian_Mau,cat,wrong,Bengal,kernel,5,0.371877,31,0.442303,0.848027,0.405724,0.012686,0.12055,0.0,,,,-0.0161358 0.000117249 0.00544461 0.01108 0.0186251 9.4578e-05 0.012931 0.0105995 0.00628921 0.0110577 0.00140671 0.0290847 0.0281516 0.0469745 0.0372458 0.00523636 0.0170133 0.00434545 0.0291879 0.00382314 -0.0188375 0.0319074 0.0387914 -0.0113031 -0.00229993 0.0182451 0.00660294 0.0122406 0.0108771 -0.00782671 -0.000772729,800,0,cuda,1.94,4.13
test,1112,Egyptian_Mau_28,Egyptian_Mau,cat,wrong,Bengal,partition,5,0.371877,31,0.442303,0.667189,0.224886,0.02905,0.091394,0.0,,,,0.011345 0.000391525 -0.000285383 0.000890011 0.00460994 0.00461676 0.0218405 0.0181359 0.000837655 0.015531 0.00195679 0.0093531 0.0186013 0.0144875 0.0121487 0.0045696 0.0307328 0.00113419 0.0768271 0.000730668 0.000909428 0.0248675 0.0272172 0.00100229 0.00198763 0.0186964 0.00773254 0.00216255 0.00554395 0.000230477 0.00139277,800,0,cuda,1.46,4.13
test,3542,wheaten_terrier_76,wheaten_terrier,dog,correct,wheaten_terrier,kernel,35,0.881216,32,0.576212,0.764167,0.187956,0.177305,0.730936,0.0,,,,-0.00115157 -0.00174258 -0.00277757 -0.0197094 -0.0173825 -0.00295774 0.215827 0.0306045 -0.0149255 -0.00604143 -0.0256828 0.0328527 0.0278005 0.108057 -0.0360021 0.100155 -0.0065722 0.114834 0.136735 0.0212135 -0.014003 0.0917703 0.0321137 0.0148307 0.0193954 0.0217886 0.000627736 -0.0355929 0.0195858 0.0248877 0.0154007 0.0163415,800,0,cuda,1.89,4.12
test,3542,wheaten_terrier_76,wheaten_terrier,dog,correct,wheaten_terrier,partition,35,0.881216,32,0.576212,0.798513,0.222301,0.319881,0.799512,0.0,,,,-0.00229872 -0.00364421 0.00395286 -0.01209 0.00569221 -0.00359009 0.0533771 0.0813863 0.00877757 -0.00937176 0.00368108 0.0259032 0.0777365 0.0461364 0.0289482 0.0743717 0.00286451 0.0759939 0.126384 0.020436 0.011356 0.00930932 0.0655814 0.0392223 0.0152041 0.0219346 0.0038966 0.0223169 0.0383481 0.00831631 0.0110498 0.00909762,800,0,cuda,1.52,4.12
test,2850,saint_bernard_72,saint_bernard,dog,correct,saint_bernard,kernel,28,0.998956,36,0.669483,0.969507,0.300023,0.130352,0.762222,0.0,,,,0.0358355 0.111533 0.0191474 -0.00728443 -0.0316487 0.123259 0.0912169 0.0317232 0.0121039 0.0172819 0.0162902 0.00743226 0.0237566 0.070424 0.134575 0.0885391 0.00416504 0.0405126 0.00632714 0.0711732 0.0183751 -0.00639867 -0.0188881 0.0307767 0.0121294 0.00260576 0.00903845 0.015662 0.0550739 0.0564545 -0.0169928 -0.0158824 0.0190545 -0.0138178 -0.00836263 -0.0152018,800,0,cuda,2.02,4.22
test,2850,saint_bernard_72,saint_bernard,dog,correct,saint_bernard,partition,28,0.998956,36,0.669483,0.894949,0.225465,0.154899,0.766432,0.0,,,,0.0237142 0.0791563 4.69104e-05 0.00010039 0.0250697 0.137066 0.243325 0.0389866 0.103123 0.0179174 0.0209802 0.00540774 0.00324015 0.0843325 0.0352721 0.0559863 0.00650433 0.0168949 0.00589478 0.03793 0.0250983 0.00101077 -0.00543096 -0.0126815 0.00102204 0.0013062 0.00244654 0.00112871 0.0134596 0.0020724 0.00235258 0.00135547 0.00732666 0.00343991 0.00254328 0.00259039,800,0,cuda,1.47,4.22
test,3116,shiba_inu_42,shiba_inu,dog,correct,shiba_inu,kernel,31,0.992272,35,0.594806,0.95408,0.359274,0.22512,0.901939,0.0,,,,-0.0324135 0.0298767 0.0187627 -0.0213544 0.109681 0.102875 0.0110083 0.0865208 0.107323 0.0132254 0.0204607 0.0190637 0.209095 0.0745021 0.0177686 0.0500112 0.033045 0.0266627 -0.0322623 0.0271963 0.00301705 0.00360745 -0.00951139 0.0206315 0.0819672 -0.00112613 -0.0154409 0.0265103 -0.0164611 -0.0300046 0.00616396 0.0111877 0.00596472 0.00945003 -0.0109787,800,0,cuda,2.19,4.5
test,3116,shiba_inu_42,shiba_inu,dog,correct,shiba_inu,partition,31,0.992272,35,0.594806,0.959656,0.364849,0.26268,0.876998,0.0,,,,0.0290256 0.0192102 0.010743 -0.0332322 0.108162 0.0923325 0.009035 0.11971 0.0894311 0.0508224 0.0162112 0.0316268 0.0411669 0.102385 0.00233899 0.0194907 0.0514616 0.0127381 0.000106192 0.0235591 0.0136703 0.0166728 0.0106813 0.00755046 0.0424619 0.011175 0.00204211 0.00279712 0.0199645 0.0186659 0.0100325 0.00169806 0.00261408 -0.000305282 -1.95995e-05,800,0,cuda,1.56,4.5
test,865,boxer_81,boxer,dog,correct,boxer,kernel,8,0.999863,37,0.309032,0.349016,0.039984,0.171298,0.840197,0.0,,,,0.0288852 0.177164 -0.0282372 0.00156925 0.0463727 0.0869787 0.00295344 0.200714 0.0687942 0.0148611 0.0331389 0.0466932 0.0241617 0.0153068 0.0114402 0.0955168 0.0470834 0.0609469 -0.0164757 -0.0174675 0.014511 0.00169876 0.0078605 0.0408499 0.0108427 -0.021662 -0.0276602 -0.0220754 -0.00774419 0.0321768 0.0179494 -0.01556 -0.00821508 0.0201202 0.0215201 0.0293093 -0.00472807,800,0,cuda,2.09,4.28
test,865,boxer_81,boxer,dog,correct,boxer,partition,8,0.999863,37,0.309032,0.667933,0.358901,0.202524,0.908326,0.0,,,,0.0156491 0.198298 0.00612187 0.0134401 0.0536955 0.0786996 0.027517 0.135367 0.0197245 0.0241882 0.00367327 0.138961 0.0325082 0.0154345 0.0226527 0.053593 0.0502638 0.0506768 0.00269032 0.00201434 0.00800335 0.00171816 0.0014221 0.00530386 0.00160999 0.00292083 0.00215165 0.0106101 0.000771386 0.00187348 -2.36929e-05 0.00227729 9.35089e-05 0.00290533 0.00234981 0.000371625 6.55993e-05,800,0,cuda,1.4,4.28
test,2389,pomeranian_199,pomeranian,dog,correct,pomeranian,kernel,24,0.771716,38,0.799306,0.974499,0.175193,0.069666,0.161606,0.0,,,,-0.0167728 -0.0162112 -0.0595538 0.031146 0.048505 0.0359455 0.0038952 0.0608632 0.0834792 0.0621446 0.0437121 0.0198218 -0.0540581 0.0419501 -0.00865664 0.0321689 0.00318798 0.0339432 -0.0187312 0.0245726 -0.0211158 0.0404998 0.0498742 0.0460612 0.0345321 0.0168864 0.062773 0.0161633 -0.0100217 0.0167121 0.0487013 0.0198344 0.0735827 -0.00813397 0.0207761 0.0353118 5.18119e-05 -0.0299025,800,0,cuda,2.28,4.34
test,2389,pomeranian_199,pomeranian,dog,correct,pomeranian,partition,24,0.771716,38,0.799306,0.916661,0.117355,0.057192,0.078583,0.0,,,,0.000921365 0.000678867 0.00326217 0.00162907 0.0148138 0.0092861 0.00951489 0.0201509 0.133195 0.0324019 0.174683 0.0134391 -0.0389441 0.0241137 0.0111804 0.0176945 0.0425762 -0.0134208 -0.0632089 0.0187889 -0.030505 0.00910066 0.0206133 0.0248625 0.0299005 0.00853927 0.0378333 0.004793 0.00493794 0.0174696 0.0168131 0.0238734 0.106015 0.0202616 0.0107148 0.0155812 0.0262577 0.00411996,800,0,cuda,1.31,4.34
test,1085,Egyptian_Mau_198,Egyptian_Mau,cat,correct,Egyptian_Mau,kernel,11,0.991322,36,0.332828,0.814199,0.48137,0.104442,0.89121,0.0,,,,-0.00213803 -0.0238695 -0.00874903 0.000342057 -0.0123621 -0.012453 0.00123006 -0.0246828 0.000993754 -0.0190342 0.0509928 -0.0201712 0.13273 -0.0222169 -0.00885718 -0.0174961 -0.0145289 0.14136 0.174148 0.334307 0.00197098 0.0770587 -0.0142077 -0.0122286 -0.0321101 0.020341 0.0062064 0.00491876 0.211171 0.0103095 0.00142264 0.00119128 0.00111753 -0.0142343 -0.00660719 0.0102162,800,0,cuda,2.17,4.3
test,1085,Egyptian_Mau_198,Egyptian_Mau,cat,correct,Egyptian_Mau,partition,11,0.991322,36,0.332828,0.816829,0.484,0.141215,0.842258,0.0,,,,-0.00546063 -0.0132421 -0.0208946 -0.00467896 -0.00327334 -0.00980813 -0.00187527 0.0108651 -0.000337083 -0.00851086 0.0423163 0.0320305 0.0617229 0.00616538 -0.00517174 0.0107771 0.0175189 0.0655251 0.0947385 0.229098 0.00626826 0.126306 -0.000758416 -0.010917 -0.0245872 0.00348807 0.00120493 0.0215039 0.271381 -0.000785775 -9.31978e-05 -0.000108439 0.00717196 -0.000112827 0.0037077 0.0149068,800,0,cuda,1.37,4.3
test,1447,german_shorthaired_69,german_shorthaired,dog,correct,german_shorthaired,kernel,14,0.999733,29,0.425462,0.584986,0.159524,0.391556,0.777671,0.0,,,,0.0761894 0.0226618 0.0583753 0.00577461 0.0459306 0.0783841 0.0253372 0.0294991 0.0785806 0.0374923 0.0206089 0.231612 0.0588201 0.00831039 0.039618 0.0218203 -0.0266387 0.0147607 -0.0129214 -0.0315066 -0.0225206 0.0499837 0.0143052 0.000515894 -0.00485565 0.038581 0.063777 0.017346 0.0299707,800,0,cuda,2.24,4.31
test,1447,german_shorthaired_69,german_shorthaired,dog,correct,german_shorthaired,partition,14,0.999733,29,0.425462,0.648318,0.222855,0.490822,0.717703,0.0,,,,-0.0013311 0.0196328 0.00738631 1.95066e-05 0.0942944 -0.0126806 0.00597175 0.112735 0.0412305 0.0170409 0.0526375 0.198171 0.0227918 0.0139932 0.112683 0.0159166 0.0203654 0.0399782 0.0233303 0.0165209 0.0119918 0.0292852 0.00518208 0.00411381 0.0114052 0.0247186 0.0423023 0.0151929 0.0249326,800,0,cuda,1.38,4.31
test,199,american_pit_bull_terrier_192,american_pit_bull_terrier,dog,correct,american_pit_bull_terrier,kernel,2,0.999959,38,0.810069,0.994726,0.184657,0.288796,0.658101,0.0,,,,-0.0100036 0.02108 0.052217 -0.00643921 0.0117783 0.00430669 -0.0136258 -0.0249321 0.0407214 -0.0374678 0.0459265 0.0244291 0.120026 -0.0383165 0.0805682 0.0250592 0.0447362 -0.0107937 0.0199571 0.114758 0.0549152 -0.0116845 0.01791 0.0309034 0.0502196 0.0515012 0.0169397 0.0480144 0.0333034 0.0540698 -0.0194133 0.0427644 0.0112844 0.0418527 0.027245 0.000100557 0.0367552 0.040976,800,0,cuda,2.26,4.52
test,199,american_pit_bull_terrier_192,american_pit_bull_terrier,dog,correct,american_pit_bull_terrier,partition,2,0.999959,38,0.810069,0.995219,0.18515,0.227564,0.753405,0.0,,,,0.00431529 0.00765011 0.00199362 0.0087718 0.0534554 0.0186777 0.0599594 0.00973953 0.0768038 0.0204921 0.0394782 0.0431129 0.153902 0.00232038 0.0681365 0.0140364 0.0137875 0.0454933 0.0287135 0.0604182 0.0154349 0.0176707 0.0098756 0.0234929 0.00651032 0.0341503 0.0119508 0.00155605 0.018029 0.0311913 0.0208214 0.0148724 0.00444406 0.020167 0.0204642 0.00259653 0.00159261 0.00556477,800,0,cuda,1.48,4.52
test,429,beagle_38,beagle,dog,correct,beagle,kernel,4,0.989838,32,0.586316,0.711707,0.12539,0.241683,0.912184,0.0,,,,0.0185159 0.0196717 -0.0253972 0.144375 -0.0137596 0.0412375 0.0515436 0.152246 0.0100664 -0.00305607 0.0618026 -0.0182585 -0.000980605 0.0290565 0.0536526 0.00345336 0.056603 0.0529441 0.0216431 0.0206603 0.0174178 0.044155 0.0183686 0.029704 0.0102422 0.00310042 -0.0103481 0.072213 -0.00296649 0.000234807 -0.0322653 0.00402956,800,0,cuda,2.27,4.61
test,429,beagle_38,beagle,dog,correct,beagle,partition,4,0.989838,32,0.586316,0.550891,-0.035425,0.276526,0.708366,0.0,,,,0.0105368 0.0500288 0.00327318 0.0411063 0.0113654 -0.0213972 0.0889336 0.0928835 0.0015156 0.00960921 0.0947879 0.00160548 0.0122612 0.00791417 0.00399477 0.0196373 0.0399764 0.020636 0.0267891 0.0332104 0.0631869 -0.00308124 0.00141043 0.00981687 -0.00300295 -0.000774899 0.000791004 0.146397 0.0591578 0.0213594 -0.0139393 -8.40854e-05,800,0,cuda,1.57,4.61
test,3640,yorkshire_terrier_74,yorkshire_terrier,dog,correct,yorkshire_terrier,kernel,36,0.831139,36,0.424486,0.880296,0.45581,0.023017,0.297681,0.0,,,,0.0157393 0.011278 -0.0165468 -0.0204475 0.00859199 -0.0243698 0.0595177 0.114976 -0.00625043 0.0118626 -0.00834579 -0.0380745 0.00586628 0.03716 0.0905865 0.117371 0.0337063 -0.00417284 0.00428877 0.0103066 0.0488094 -0.00448166 0.064443 -0.0113746 -0.0180921 0.0205171 0.0794979 0.0589695 0.0403187 -0.0556775 0.0410059 0.0532444 0.00395082 0.030276 0.0187862 0.0277297,800,0,cuda,2.11,4.2
test,3640,yorkshire_terrier_74,yorkshire_terrier,dog,correct,yorkshire_terrier,partition,36,0.831139,36,0.424486,0.893428,0.468942,0.033699,0.28091,0.0,,,,0.0106767 -0.00881105 0.00323636 -0.00173665 0.00520675 0.00255913 0.0271884 0.0639165 0.0265726 0.0333798 0.00343389 -9.27146e-05 0.0004996 -0.00192467 0.00923491 0.00875094 0.0141566 0.0305655 0.00540642 -0.01048 0.0139057 -2.17345e-05 0.0588345 0.0120788 -0.00689064 0.0311231 0.176164 0.0786745 0.0390843 0.00915012 0.053304 0.0299066 0.0241592 0.0317499 0.00789343 0.0201112,800,0,cuda,1.33,4.2
test,1823,keeshond_47,keeshond,dog,correct,keeshond,kernel,18,0.996541,44,0.622748,0.989122,0.366374,0.133341,0.363378,0.0,,,,0.03034 -0.00299912 0.0167952 -0.00906202 0.00577289 0.0515627 0.0156331 0.0930834 0.0381797 0.0217189 0.0529221 0.00749688 0.00427222 0.0316997 0.0256432 0.00712224 0.0168929 0.0142421 0.00575172 0.0524579 0.0187453 0.0335932 0.116893 0.0479175 0.00435027 0.000930843 0.0560243 -0.00110443 0.00652187 0.0533168 0.0297708 0.00411718 -0.0024068 0.00260747 -0.00349565 0.0147529 0.0657488 0.0247945 -0.000301895 0.00191257 -0.00389962 0.00555297 0.0256878 0.00312202,800,0,cuda,2.22,4.47
test,1823,keeshond_47,keeshond,dog,correct,keeshond,partition,18,0.996541,44,0.622748,0.991075,0.368327,0.175219,0.434634,0.0,,,,0.0120175 0.00814722 0.00468643 0.00979719 0.00901169 0.00795663 0.0400927 0.0373706 0.00236568 0.0292124 0.0652139 0.0797382 0.0187013 0.0210135 0.0784543 0.0436475 0.04688 0.0461346 0.00386007 0.0500496 0.0240475 0.0291636 0.188065 0.0049862 0.00363102 0.00191971 0.0224972 0.010748 0.00202231 0.0290892 0.0116208 -0.000454488 0.000327193 0.00213077 0.00331417 0.00246174 0.0195465 0.0113779 0.00144445 0.00123764 -0.000363077 -0.00038286 0.00143912 0.00045638,800,0,cuda,1.42,4.47
test,1795,keeshond_21,keeshond,dog,correct,keeshond,kernel,18,0.99267,27,0.17038,0.618277,0.447897,0.037415,0.767309,0.0,,,,0.0139175 0.0102028 0.0188438 0.0107106 -0.00308204 -0.00529969 0.0151885 0.00882198 0.0509887 -0.0110439 0.00408351 0.071981 0.043318 0.155905 0.00215973 0.0109972 0.0289819 0.141667 0.016712 0.273843 0.011874 0.0074149 0.00550091 0.00394714 0.033149 0.0696343 -0.00961058,800,0,cuda,2.11,4.46
test,1795,keeshond_21,keeshond,dog,correct,keeshond,partition,18,0.99267,27,0.17038,0.844136,0.673756,0.071283,0.69329,0.0,,,,0.000182408 0.00378144 0.0216131 0.00350602 0.00434275 0.00225738 0.048741 0.0102292 0.110682 0.0390073 0.0105766 0.170273 0.0252842 0.164243 0.0649695 0.00497751 0.0126483 0.0678116 0.0134003 0.138504 -0.00077718 0.0162362 0.0093546 0.000863479 0.0276468 0.00476189 0.00569077,800,0,cuda,1.66,4.46
test,2924,samoyed_49,samoyed,dog,correct,samoyed,kernel,29,0.999725,36,0.518973,0.988094,0.469121,0.319744,0.844941,0.0,,,,0.0146181 -0.000993627 0.00368194 0.0398759 0.147771 0.0140985 -0.0030856 0.0625627 0.012838 0.0162007 0.101229 0.179296 0.0321826 0.000320578 -0.0210948 -0.0381474 0.0797202 0.0316686 -0.00225075 -0.0173025 0.0999786 0.0375306 -0.00592572 0.0203338 0.0420835 -0.00113768 0.0267689 0.0111912 0.0515202 0.0482335 -0.0487859 0.02123 0.0165927 -0.0137153 0.0141751 0.005726,800,0,cuda,2.17,4.55
test,2924,samoyed_49,samoyed,dog,correct,samoyed,partition,29,0.999725,36,0.518973,0.988094,0.469121,0.397193,0.885085,0.0,,,,0.0297007 0.00202093 0.0177512 0.0111528 0.154739 0.0367822 0.00460044 0.0436343 0.0300585 0.0296742 0.0945364 0.151431 0.0115344 0.0023725 0.0349 0.00488549 0.0857693 0.00148061 -0.000438513 0.0147689 0.0501935 0.019119 0.0104938 -0.00048925 0.0108471 0.0024145 0.0316567 0.0140031 0.0134719 0.0264561 0.0103066 0.00778157 0.0123253 0.00217605 0.00246296 0.0044167,800,0,cuda,1.69,4.55
test,1970,leonberger_90,leonberger,dog,wrong,keeshond,kernel,18,0.779927,35,0.572046,0.923084,0.351038,0.040995,0.557461,0.0,,,,-0.00712491 0.006642 -7.10377e-05 -0.0082219 -0.00296137 -0.00519158 -0.0278892 0.00538902 -0.00898315 0.00688098 -0.00320154 0.015256 -0.0481886 -0.0357278 -0.00272861 -0.0153833 0.00176396 -0.0155557 0.00911225 0.109761 0.255043 0.0403832 0.00684763 0.00197146 0.0163781 0.0757147 0.0758088 0.0947575 0.0142101 0.0768479 0.0416322 0.0337009 0.0398632 0.0195825 0.00174556,800,0,cuda,2.24,4.75
test,1970,leonberger_90,leonberger,dog,wrong,keeshond,partition,18,0.779927,35,0.572046,0.925851,0.353804,0.039455,0.599351,0.0,,,,-0.00349932 -0.000817677 0.00323304 -0.00511424 0.00351851 -0.000321154 -0.00668387 0.00914916 -0.000481957 0.0063036 -0.00305748 0.00325898 0.00663977 -0.0124767 0.0100577 0.0288081 -0.0217132 -0.0160123 -0.0250363 0.0635791 0.402568 0.0102515 0.020369 -0.00512625 0.0262102 0.0440228 0.0615728 0.0308246 -0.0310639 0.064798 0.0380226 0.0112478 0.0381665 -0.00695123 0.0238166,800,0,cuda,1.83,4.75
test,730,Bombay_45,Bombay,cat,correct,Bombay,kernel,7,0.988169,41,0.797453,0.992806,0.195353,0.232856,0.692759,0.0,,,,0.0178618 -0.00473015 -0.012931 0.036448 0.0182434 0.0474738 -0.00131865 -0.00390468 -0.00945542 0.0338587 0.0236413 0.00599213 0.0876961 0.0156756 0.0619599 0.011039 0.000153365 0.00626164 0.0339794 0.0552276 -0.00694034 0.0784841 0.0489019 -0.00249298 0.0750691 0.150484 0.0037052 0.0606467 0.0137507 -0.0168866 0.0204689 0.0095878 0.0324008 0.0194756 0.0205804 -0.0122023 0.00184339 0.0285612 0.0188378 0.00529019 -0.011829,800,0,cuda,2.08,4.81
test,730,Bombay_45,Bombay,cat,correct,Bombay,partition,7,0.988169,41,0.797453,1.0,0.202547,0.210815,0.707508,0.0,,,,0.0153193 0.00780348 0.0116445 0.0205434 0.0138915 0.00240686 0.0121349 0.0022921 0.00850751 0.0100394 0.00177857 -0.00353002 0.0501089 0.000507287 0.0333449 0.00453606 -0.00071508 0.00132978 0.00339233 0.0765561 0.000301712 0.0391103 0.0301278 0.00324008 0.10236 0.150692 0.00849131 0.102179 0.00670363 0.00438916 0.00204596 0.00116065 0.0288033 0.0785374 0.00355901 0.00196631 0.0164329 0.0184502 0.0137175 0.0729074 0.00384141,800,0,cuda,2.01,4.81
test,2967,samoyed_88,samoyed,dog,correct,samoyed,kernel,29,0.999829,33,0.348772,0.974444,0.625672,0.239613,0.914093,0.0,,,,-0.00699604 -0.00206282 -0.0151179 -0.00308344 -0.00882557 -0.0122355 0.0335966 -0.0106629 0.0904243 0.00952861 0.25273 0.0631203 0.0643082 0.00679976 0.0160423 0.0131866 0.115934 0.0437854 0.0383226 -0.0188518 0.109298 0.0082816 0.0732034 -0.00705815 0.0284281 0.0132462 0.0296588 -0.00158728 0.0383956 -0.0223907 -0.0105836 0.0386353 0.0116228,800,0,cuda,2.32,5.04
test,2967,samoyed_88,samoyed,dog,correct,samoyed,partition,29,0.999829,33,0.348772,0.964286,0.615513,0.229402,0.922943,0.0,,,,0.000746417 -0.00319937 0.00664695 -0.00479019 0.00116548 6.23195e-05 0.00344006 -0.000528209 0.0657438 0.00643884 0.211379 0.0851354 0.0335129 0.0022266 0.0178982 0.00766929 0.111556 0.0533954 0.0221377 0.00313401 0.045707 0.00334983 0.10974 0.0123614 0.00253446 0.0581081 0.0165476 0.0129247 0.0640478 -0.00203366 0.0012198 0.0180074 0.012807,800,0,cuda,1.99,5.04
test,297,american_pit_bull_terrier_9,american_pit_bull_terrier,dog,correct,american_pit_bull_terrier,kernel,2,0.984912,30,0.762835,0.99805,0.235215,0.031977,0.434042,0.0,,,,0.0270296 -0.016271 -0.000687738 0.0258429 0.0332629 0.020746 0.131866 0.00918886 -0.0272741 0.0219489 -0.0365984 0.102502 -0.0103663 0.0859361 0.00168909 -0.00617227 0.12088 0.144922 0.0262951 0.145217 0.0251813 0.0401757 0.0181742 0.0237291 0.061078 0.0326503 0.0135644 -0.0398822 -0.00568436 0.00765211,800,0,cuda,2.06,4.48
test,297,american_pit_bull_terrier_9,american_pit_bull_terrier,dog,correct,american_pit_bull_terrier,partition,2,0.984912,30,0.762835,0.989199,0.226364,0.025224,0.582439,0.0,,,,0.000874034 0.000603762 -0.000137975 0.00291755 -4.19672e-05 0.0024319 0.0886319 0.000269865 0.00898479 0.0119549 0.000534243 0.0455507 0.000403076 0.141044 -4.00089e-05 1.71939e-05 0.0408803 0.325178 -7.73128e-06 0.118288 -0.000557595 -0.000666416 0.000212323 0.047753 0.0625299 0.0629456 0.00615082 0.000164328 0.00624307 0.00348326,800,0,cuda,1.73,4.48
test,2121,miniature_pinscher_46,miniature_pinscher,dog,correct,miniature_pinscher,kernel,21,0.917307,42,0.130102,0.469024,0.338922,0.029094,0.662227,0.0,,,,0.0419568 0.00733994 0.00339911 0.00911984 0.0069085 -0.031487 -0.00926179 0.000768268 0.0405566 -0.0503861 0.181074 0.0087217 0.0181027 0.0137216 -0.00769859 0.218239 -0.0306167 0.0198444 -0.0265766 0.0302589 0.167901 0.0225452 0.026134 0.0248371 0.00989772 0.0845944 -0.00168926 -0.014166 0.0472693 0.0210405 -0.015391 0.00375916 0.0853689 -0.0108143 0.00544962 -0.00460873 -0.00523046 0.0536939 -0.0122609 0.00035046 -0.0153534 -0.0165551,800,0,cuda,1.88,4.34
test,2121,miniature_pinscher_46,miniature_pinscher,dog,correct,miniature_pinscher,partition,21,0.917307,42,0.130102,0.39386,0.263758,0.029852,0.549257,0.0,,,,0.0247857 0.00010671 0.0051372 0.00744058 0.00833419 0.00708169 -0.000805702 0.00624624 0.00663975 0.0179058 0.0298224 0.00320324 0.0138847 0.0167016 0.0068799 0.172132 0.00941891 0.00443229 0.000625506 0.010714 0.114706 0.00405016 0.025556 0.0101363 0.00282551 0.0554819 0.00764957 0.00512044 0.0754426 0.0567572 0.0096297 0.00881231 0.0942682 -0.00162608 0.0178489 0.00244783 -0.0023535 0.0644422 0.000356612 0.00203205 -0.00264851 -0.00086569,800,0,cuda,1.71,4.34
test,807,boxer_29,boxer,dog,correct,boxer,kernel,8,0.99535,41,0.776128,0.987706,0.211578,0.205604,0.770659,0.0,,,,0.0256259 0.0306773 -0.00520037 0.0683244 0.011938 0.0109274 0.0424203 0.0608125 0.0289249 0.0464928 0.127732 0.0108619 0.0162593 0.0485154 0.0351261 0.0102919 -7.86099e-05 0.00355959 0.204852 0.0911753 0.00999976 0.012125 0.0382813 0.0227022 -0.00393747 -0.0234498 -0.00860645 0.0218819 0.0117143 0.0184285 -0.0105248 0.0207502 -0.0132051 -0.0171701 0.0175853 -0.022657 0.0307302 0.0274127 0.0542634 -0.0346717 -0.0358101,800,0,cuda,2.09,4.57
test,807,boxer_29,boxer,dog,correct,boxer,partition,8,0.99535,41,0.776128,0.986155,0.210027,0.409516,0.708636,0.0,,,,0.0282647 0.00463978 0.00394537 0.00282613 0.000420459 0.0106281 0.0145576 0.0134716 0.0648776 0.0126801 0.0251995 0.0107908 0.00732662 0.168074 0.0493058 0.038613 0.0142826 0.0235524 0.180417 0.124904 0.00458569 0.0151838 0.0265958 0.0207616 0.0175866 0.0106673 0.00574673 0.003582 0.00219603 0.00237389 0.00648413 0.00290988 0.00133809 0.00316396 0.00100244 0.0277667 -0.00177029 0.00627901 0.0274342 -0.00139748 0.00381463,800,0,cuda,1.69,4.57
test,2595,Ragdoll_250,Ragdoll,cat,correct,Ragdoll,kernel,26,0.850048,36,0.660774,0.862671,0.201897,0.059871,0.482209,0.0,,,,0.0246266 0.0269929 -0.0076723 -0.00446517 -0.0106267 0.00348558 0.0226231 -0.012579 0.0453469 0.0337057 0.106932 0.0200389 0.034318 -0.0163599 0.0127424 0.0681635 0.082911 -0.0307308 -0.0182772 0.156898 0.0104162 0.0520955 0.0483809 -0.0141237 0.0159221 0.113142 -0.0070202 0.0284539 0.0207986 0.00765608 0.00799645 -0.0218796 0.0311216 0.000717201 0.000269706 0.000435459,800,0,cuda,2.06,4.58
test,2595,Ragdoll_250,Ragdoll,cat,correct,Ragdoll,partition,26,0.850048,36,0.660774,0.988091,0.327317,0.05468,0.442579,0.0,,,,0.0122665 0.0214869 0.0103951 0.00490741 0.00779143 0.00839588 0.00414844 0.0765736 0.0204115 0.0293285 0.0894516 0.0730072 0.00756921 0.00752965 0.00906447 0.0142592 0.111676 0.0168273 0.00309117 0.125925 0.00306269 0.0878752 0.00372426 0.0115604 0.00405776 0.0846765 0.00122445 -0.0209223 -0.00985427 0.0300161 -0.00481339 -0.00399584 0.0504416 -0.0330126 -0.0225529 -0.00313848,800,0,cuda,1.85,4.58
test,1565,great_pyrenees_85,great_pyrenees,dog,wrong,saint_bernard,kernel,28,0.853824,37,0.576889,0.725325,0.148436,0.028575,0.729748,0.0,,,,-0.0226969 0.0111307 0.015547 -0.0150084 0.0606442 0.394361 -0.00620425 0.022495 0.0648213 0.0220291 0.0115569 -0.00300218 -0.00291761 -0.0124467 0.0224259 -0.0169302 0.211389 0.0206345 0.0253725 -0.013508 0.00296625 -0.0058737 -0.0116717 0.00456268 0.00457928 -0.0297848 0.0053393 0.00600587 0.0132767 0.0098429 0.0266551 -0.0137073 -0.00666045 0.0101393 0.0266072 0.0296016 -0.0167146,800,0,cuda,2.12,4.66
test,1565,great_pyrenees_85,great_pyrenees,dog,wrong,saint_bernard,partition,28,0.853824,37,0.576889,0.704932,0.128043,0.044182,0.841543,0.0,,,,0.00427463 0.000803649 0.0218438 0.00180784 0.0674166 0.354352 0.000329398 0.101496 0.0440321 0.00281142 -0.00452576 -0.0143186 0.0122855 0.00326342 0.136067 -0.0133395 0.16385 0.00132171 -0.00126028 -0.0175191 -0.00418861 -0.00170533 -0.0137442 -0.00331249 -0.0129211 -0.00234302 -5.21296e-05 -0.00256772 -0.000994079 0.00327047 -0.001894 0.00245197 0.00600858 0.00595023 0.00384363 -0.000284455 0.00234658,800,0,cuda,1.88,4.66
test,2997,scottish_terrier_25,scottish_terrier,dog,correct,scottish_terrier,kernel,30,0.999724,37,0.453464,0.888334,0.43487,0.337875,0.854065,0.0,,,,-0.0132569 0.0123784 0.00627835 0.0287761 -0.00581121 0.0084891 -0.0184901 0.0188953 -0.00276607 0.00716673 0.0349141 -0.0170976 0.0229635 -0.00711364 0.0580599 -0.0253233 0.00404788 -0.00199253 -0.0124612 0.313056 0.022227 0.270698 0.00351265 -0.0161368 0.0471283 0.0391904 0.0196694 0.000283531 -0.00441806 0.0134486 0.183955 0.0108782 -0.00196795 -0.00967845 -0.00195054 0.0213088 -0.0171225,800,0,cuda,1.95,4.39
test,2997,scottish_terrier_25,scottish_terrier,dog,correct,scottish_terrier,partition,30,0.999724,37,0.453464,0.907706,0.454242,0.306648,0.853564,0.0,,,,0.00306024 0.035735 0.00771616 0.03587 0.00479091 0.0154345 0.0132587 0.0512126 0.0108411 0.0328829 0.0403232 0.00229062 0.0580857 0.00311846 0.0346645 0.00217203 0.00684485 0.00241548 0.00212026 0.2546 0.00668437 0.16182 0.00264576 0.00425515 0.00669516 0.0260854 0.00465329 0.00494105 0.00439885 0.0147348 0.118988 0.00148011 0.00299098 0.00670234 0.000749068 0.00547358 0.00100232,800,0,cuda,1.69,4.39
test,1172,Egyptian_Mau_91,Egyptian_Mau,cat,correct,Egyptian_Mau,kernel,11,0.997615,31,0.403121,0.875485,0.472364,0.192001,0.943378,0.0,,,,0.0164973 0.00277911 -0.00673041 0.00162319 -0.0125954 0.0260133 0.0424033 -0.0242061 -0.0076363 0.0127395 0.0150419 -0.00183854 0.00668569 0.0657891 -0.0309105 0.0675037 -0.0105308 0.131414 0.00688613 0.00673133 0.410915 0.0302516 0.00585646 0.00428314 0.0139925 0.0257296 0.102797 0.00200369 -0.00172734 0.0440522 -0.0234388,800,0,cuda,1.95,4.33
test,1172,Egyptian_Mau_91,Egyptian_Mau,cat,correct,Egyptian_Mau,partition,11,0.997615,31,0.403121,0.73406,0.330939,0.235452,0.878108,0.0,,,,0.00936069 -0.00552381 0.00949327 0.00172042 -0.000213156 -0.000303753 0.0567936 0.00768807 0.0321015 0.0330567 0.0301831 0.033307 0.0270608 0.0811495 0.00962588 0.0438868 -0.00253263 0.0590679 0.00544239 0.0425957 0.0835876 0.0767812 0.0637279 0.0330847 0.0171576 0.00493813 0.110989 0.0141388 -0.0025742 0.0417898 0.00479399,800,0,cuda,1.72,4.33
test,3492,wheaten_terrier_30,wheaten_terrier,dog,correct,wheaten_terrier,kernel,35,0.999713,30,0.967375,0.996189,0.028814,0.306253,0.793822,0.0,,,,0.0592932 -0.00428986 -0.0238963 0.0803696 0.153103 0.0231073 0.0478295 -0.0360948 0.041471 0.105799 0.0428987 0.03004 0.00930268 0.0369854 0.0283148 0.0617021 -0.0155259 -0.0129261 0.0248941 0.00702978 -0.0195084 0.0309697 0.219593 0.026918 0.0189963 0.0225636 0.0194594 -0.00198464 -0.00117615 0.00353963,800,0,cuda,2.1,4.63
test,3492,wheaten_terrier_30,wheaten_terrier,dog,correct,wheaten_terrier,partition,35,0.999713,30,0.967375,0.997346,0.029971,0.305035,0.735111,0.0,,,,0.0704246 0.00406868 -0.00121673 0.0535096 0.150651 -0.00879112 0.0165263 0.00913256 0.103367 0.110662 0.0175342 0.0320236 0.000949303 0.00262014 0.00267243 0.0602589 0.00152931 0.000219923 -0.000399431 0.0197457 0.000683268 0.0523373 0.133459 0.00922546 0.0974884 0.0147588 0.00790289 0.00198021 0.0140646 0.00138849,800,0,cuda,1.84,4.63
test,3499,wheaten_terrier_37,wheaten_terrier,dog,correct,wheaten_terrier,kernel,35,0.99515,32,0.984933,0.999568,0.014635,0.249613,0.702315,0.0,,,,0.00808019 0.00164127 -0.00720835 0.0455361 0.0210318 0.0494753 -0.0115731 -0.030163 0.0231308 0.00689325 0.0162492 -0.0129727 0.0867538 0.00977313 0.165861 0.0482307 0.0254975 0.100789 0.0421502 0.0952001 0.0398773 0.0673726 0.0136188 0.0233439 0.00804223 0.0608246 0.0105772 0.00394306 -0.00412293 0.0215061 0.0279232 0.0169315,800,0,cuda,2.13,4.45
test,3499,wheaten_terrier_37,wheaten_terrier,dog,correct,wheaten_terrier,partition,35,0.99515,32,0.984933,0.980545,-0.004388,0.343002,0.706029,0.0,,,,-0.00258181 0.00777749 0.00764681 0.0875052 0.0100713 0.00318048 -0.0136092 0.00631522 0.0185132 -0.00132609 0.0298834 0.00446526 0.0894277 0.00276088 0.149945 0.0702158 0.0597227 0.206244 0.0370219 0.0546695 0.01756 0.04104 0.0167313 0.00662127 0.0142335 0.0144452 0.01168 0.0119805 -0.00165741 0.00545572 0.0132916 -0.00501709,800,0,cuda,1.62,4.45
test,821,boxer_41,boxer,dog,wrong,saint_bernard,kernel,28,0.703444,31,0.40617,0.541161,0.134991,0.034788,0.814558,0.0,,,,0.116824 0.0268024 0.295011 0.220225 -0.0195688 0.0588285 0.00320358 0.0598488 0.0371081 -0.0187709 0.0246407 0.00715757 -0.0158409 -0.0229942 -0.000979163 0.00401483 -0.0114096 0.0018196 0.00712075 -0.0300269 0.0128076 -0.0136989 -0.0135121 0.00460977 -0.0116456 -0.0303706 -0.000905353 0.00780252 0.000601413 0.0171951 -0.0214224,800,0,cuda,2.53,4.64
test,821,boxer_41,boxer,dog,wrong,saint_bernard,partition,28,0.703444,31,0.40617,0.549282,0.143112,0.045722,0.767631,0.0,,,,0.0672372 0.00209705 0.113731 0.359762 0.0568149 0.0906531 0.0423212 0.0472685 0.0140115 0.00841289 0.0286436 0.00127643 -0.00810796 -0.011747 -0.0054475 -0.00317574 -0.00562174 -0.00407539 -0.00269902 -0.00601474 -0.000729545 -0.0204477 -0.00809378 -0.0011517 -0.00251868 -0.00530583 -0.0241809 -0.00225343 -0.0016618 -0.00706397 -0.0174562,800,0,cuda,1.49,4.64
test,2711,Russian_Blue_262,Russian_Blue,cat,correct,Russian_Blue,kernel,27,0.669602,37,0.439672,0.990145,0.550472,0.058715,0.57352,0.0,,,,-0.0109217 0.0329705 0.0114619 0.0215144 0.0285079 -0.0368954 0.0824856 0.00489474 -0.0104096 0.125063 0.0998183 -0.0029897 0.00952812 0.0177415 -0.00245948 0.0114791 0.114516 0.0214363 -0.042149 0.0216069 0.0277472 0.00426181 0.0705544 0.0214776 0.0334603 -0.0168455 -0.00178715 -0.0320435 -0.0070783 0.00339657 0.0268947 -0.00148834 -0.0087627 0.00399966 0.0225438 -0.00962036 0.0246863,800,0,cuda,1.82,4.11
test,2711,Russian_Blue_262,Russian_Blue,cat,correct,Russian_Blue,partition,27,0.669602,37,0.439672,0.990145,0.550472,0.076436,0.70594,0.0,,,,-0.00268465 0.0485894 0.0315077 0.00114186 0.0726324 -0.0369945 0.0748095 -0.000901091 -0.00102721 0.093623 0.0817875 -0.0171639 0.0338586 -0.0253164 -0.0017021 0.0257207 0.147312 0.0202285 -0.0430589 0.0157168 -0.00273137 0.00644431 0.0823105 0.016292 -0.000146144 -0.00170652 0.00809826 -0.00952156 0.000143696 0.0120295 0.00825519 -0.00377596 0.0010162 0.000549082 0.00226951 0.00421947 0.01677,800,0,cuda,1.51,4.11
test,1241,english_cocker_spaniel_63,english_cocker_spaniel,dog,correct,english_cocker_spaniel,kernel,12,0.689015,31,0.565709,0.629099,0.06339,0.016773,0.16297,0.0,,,,-0.0166431 0.00246094 0.0368926 0.00912654 0.0436631 0.00431732 -0.0348226 0.0418372 0.07728 0.00832837 0.00367641 0.0423998 0.031766 0.0549534 0.0447187 0.0769655 0.0330211 0.0260349 0.0484201 0.0372147 -0.0281577 0.0457844 0.0480504 -0.0210966 0.00985371 -0.00907388 -0.0267945 0.0633778 0.0063162 0.00205955 0.0104321,800,0,cuda,2.32,4.59
test,1241,english_cocker_spaniel_63,english_cocker_spaniel,dog,correct,english_cocker_spaniel,partition,12,0.689015,31,0.565709,0.611703,0.045994,0.0376,0.12037,0.0,,,,0.00176221 0.0138289 0.00449341 0.00711648 0.0143944 0.000349139 -0.000366686 0.0422223 0.0570352 0.0015949 0.00178818 0.0893957 0.0215275 -0.00915845 0.00469285 0.0670761 0.0802598 -0.00786149 0.0393369 -0.00478667 -0.00188139 0.0231396 0.0358851 -0.00514647 0.0412149 -0.000410049 0.000744196 0.0745591 0.00794395 0.0709195 0.000693355,800,0,cuda,1.54,4.59
test,1563,great_pyrenees_83,great_pyrenees,dog,correct,great_pyrenees,kernel,15,0.708952,36,0.523876,0.786878,0.263002,0.017363,0.449419,0.0,,,,0.0380081 0.0386936 -0.0153175 0.0179729 0.00239722 0.0224973 0.0316744 -0.00396435 -0.0171776 0.035772 0.0338381 -0.0133253 0.00743805 0.116809 0.0489653 0.0521846 -0.0364332 0.0382572 0.0844249 0.0932922 0.00404832 -0.0164944 0.113714 0.0152702 -0.0188566 0.0453552 -0.0158119 0.0158178 -0.0108702 -0.0450728 0.00452146 0.00864248 0.0102012 -0.00225211 0.0199286 -0.000690366,800,0,cuda,1.78,4.12
test,1563,great_pyrenees_83,great_pyrenees,dog,correct,great_pyrenees,partition,15,0.708952,36,0.523876,0.874522,0.350646,0.05803,0.60196,0.0,,,,0.00603288 -0.00389583 0.00263911 -0.00663816 0.00741673 0.032479 0.00325573 -0.0321568 0.0105643 0.116643 0.0308284 -0.00626318 -0.033662 0.0759711 0.0202205 0.0343352 -0.0198957 0.0360044 0.0763169 0.108633 0.00362744 0.0595334 0.155747 -0.000955496 0.00649269 0.0338562 0.00296663 -0.0046491 -0.00696159 -0.00325604 0.00087888 -0.00139136 0.000779369 -0.00156819 -0.00208113 0.00161124,800,0,cuda,1.61,4.12
test,3483,wheaten_terrier_22,wheaten_terrier,dog,correct,wheaten_terrier,kernel,35,0.964656,39,0.245576,0.907312,0.661737,0.131194,0.934425,0.0,,,,-0.0137753 -0.00816753 -0.00610919 0.0257136 0.00754348 -0.0161423 0.109974 0.00305834 0.00395047 0.00829885 0.187826 0.0302742 0.0895846 -0.0218197 -0.0199658 -0.00404625 -0.00383747 0.0204041 0.180636 -0.00224083 0.0650142 0.0175706 0.157805 -0.00866254 0.0128317 0.0378287 -0.00708532 0.00295628 -0.00763275 -0.00995229 0.185291 0.0114336 0.00823664 0.00439603 -0.003973 -0.0305687 -0.0139734 -0.0441037 -0.00485249,800,0,cuda,1.93,4.5
test,3483,wheaten_terrier_22,wheaten_terrier,dog,correct,wheaten_terrier,partition,35,0.964656,39,0.245576,0.720742,0.475166,0.295497,0.768279,0.0,,,,0.00269842 0.0343823 0.0100772 0.00741581 0.00852216 0.00223024 0.100013 0.0162288 0.00674189 0.120211 0.189762 0.00467946 0.167427 0.00265206 0.00536981 0.00957931 0.00295138 0.00246784 0.192473 0.00547543 0.0482805 0.000494777 0.00228476 -0.00070286 -0.0014055 -0.00217895 0.00373134 -0.000295937 -0.000160953 0.000332022 0.00116959 -2.41175e-05 -4.70084e-05 -5.08262e-05 0.000233513 0.000339549 7.44767e-06 0.00037608 -2.18458e-05,800,0,cuda,1.69,4.5
test,623,Birman_32,Birman,cat,correct,Birman,kernel,6,0.99975,36,0.92907,0.98577,0.056701,0.364279,0.831979,0.0,,,,-0.0117043 0.0616785 0.0323546 0.0608091 0.00621614 0.0361301 0.0212906 0.025924 0.0174636 0.13013 0.0174401 0.0263145 0.0796889 -0.0162185 0.0438203 0.00060718 0.0242847 0.0627288 0.0422151 0.0384228 0.0355517 0.0242594 0.0127008 0.00480325 0.0358471 -0.0355065 0.00519683 0.00799166 0.0138909 0.0224366 0.00434766 0.000618853 0.0561895 0.0508115 0.0110337 0.0184762,800,0,cuda,1.9,4.39
test,623,Birman_32,Birman,cat,correct,Birman,partition,6,0.99975,36,0.92907,0.999711,0.070641,0.492841,0.640621,0.0,,,,0.000939833 0.0323406 0.00966777 0.0448324 -0.000901324 0.0193193 -0.00247926 0.0487743 -0.000573987 0.0954711 0.0112685 0.00777568 0.0680977 0.00594511 0.0243259 0.0324082 0.0665185 0.0109592 0.0196764 0.0325906 0.0892705 0.0094858 0.00559104 0.0052946 0.0238868 0.0795647 0.0186115 0.0141428 0.0160105 0.00708948 0.00704924 -0.00158839 0.079191 0.0812037 0.00527069 0.00121544,800,0,cuda,1.65,4.39
test,1445,german_shorthaired_67,german_shorthaired,dog,correct,german_shorthaired,kernel,14,0.999847,36,0.212333,0.909079,0.696747,0.141514,0.867847,0.0,,,,0.0389253 -0.0118392 0.0061988 0.0201204 -0.016306 0.00563867 0.0837124 -0.0305841 0.16122 -0.0044083 0.0186774 0.0196862 0.0226008 0.0108343 0.151042 -0.00142746 0.0107341 0.0507647 0.0233853 -0.00145772 0.0277205 0.216936 -0.0203872 0.0780054 0.0489976 0.0212548 0.0152953 0.0349722 -0.0162649 0.0271131 -0.019561 0.0076926 0.0117894 -0.00732632 -0.018535 0.00470618,800,0,cuda,2.01,4.47
test,1445,german_shorthaired_67,german_shorthaired,dog,correct,german_shorthaired,partition,14,0.999847,36,0.212333,0.777359,0.565026,0.132374,0.875511,0.0,,,,0.0129887 0.0010102 0.0160038 -0.00401499 0.0111286 0.00254454 0.0482319 0.00876072 0.202514 0.0195665 0.0110654 0.00243087 0.00515538 0.0778766 0.146821 0.0374989 0.00151962 0.0586165 0.0265222 0.00388408 0.044406 0.165633 0.003717 0.0135889 0.0045026 0.00464768 0.00682204 0.0054307 0.001263 0.00174822 0.0134065 0.00527381 0.00191311 0.0055077 0.00101529 0.000925749,800,0,cuda,1.63,4.47
test,1718,japanese_chin_42,japanese_chin,dog,correct,japanese_chin,kernel,17,0.994934,42,0.692064,0.981436,0.289372,0.056326,0.837232,0.0,,,,-0.00170029 0.0020465 0.0184367 0.00111591 0.178515 -0.0276882 0.0251921 0.00911119 0.0166357 -0.00860939 0.128424 0.0361379 0.130054 0.010535 0.0143288 0.279793 0.1078 -0.00887827 -0.00807784 0.00526535 -0.00634703 -0.00454978 -0.00542707 0.0153405 0.0081446 0.00172512 -0.019083 0.00753997 -0.0140111 0.00550067 0.0161364 0.00679926 0.000960435 0.0280956 0.00250123 0.0117361 0.0215292 0.00322353 -0.000811063 -0.0091296 0.01377 -0.020443,800,0,cuda,1.92,4.37
test,1718,japanese_chin_42,japanese_chin,dog,correct,japanese_chin,partition,17,0.994934,42,0.692064,0.965562,0.273498,0.069374,0.848845,0.0,,,,-0.00841993 -0.00360153 0.0102234 0.00782557 0.162642 -0.0162085 0.0359648 0.0434638 6.45178e-05 0.0314307 0.182327 0.0314006 0.127055 0.0137901 0.00438137 0.263559 0.02882 0.000291527 0.00870993 0.0323918 0.00222938 0.000395649 0.00116964 0.000722923 0.000675964 0.000319752 0.000369628 0.000978465 0.000783246 0.000565116 0.00135344 0.000910429 0.000343903 0.000672766 0.000387203 0.000758119 0.000737953 0.000669069 0.000316592 0.000416142 0.000513006 0.000238671,800,0,cuda,1.6,4.37
test,1162,Egyptian_Mau_82,Egyptian_Mau,cat,correct,Egyptian_Mau,kernel,11,0.962896,29,0.424227,0.809007,0.38478,0.177711,0.893441,0.0,,,,0.0336303 -0.00248011 -0.0123179 -0.0111034 -0.00536961 -0.0011086 0.011667 -0.0239714 -0.0204945 0.0361584 0.26339 0.313964 -0.0172974 0.0878208 -0.00926342 0.0162463 0.0415223 0.0518792 0.0369138 -0.00853079 -0.0164262 -0.00786652 0.0158353 0.0946175 -0.0239772 0.020807 -0.00984677 0.0120832 0.0211731,800,0,cuda,1.95,4.44
test,1162,Egyptian_Mau_82,Egyptian_Mau,cat,correct,Egyptian_Mau,partition,11,0.962896,29,0.424227,0.814868,0.390641,0.18831,0.89163,0.0,,,,-0.0609686 -0.00457114 -0.0406649 -0.00867236 -0.00251386 -0.00324682 -0.00355284 -0.0103583 -0.004801 0.00377403 0.246287 0.305005 0.0192127 0.122383 0.0244774 0.0477851 0.0382232 0.0282771 0.0525833 0.00781118 0.0267422 0.0120589 0.0390878 0.0550261 -0.0108927 0.00708135 0.00123316 -0.000232183 0.00108109,800,0,cuda,1.69,4.44
test,2260,newfoundland_81,newfoundland,dog,correct,newfoundland,kernel,22,0.999952,33,0.671935,0.978015,0.30608,0.347051,0.854216,0.0,,,,-0.000977282 0.00177268 0.0200361 0.0172091 -0.0135025 0.00709367 0.374344 0.0427723 0.0289958 0.0146785 -0.00427891 0.0160017 -0.0122939 0.0225032 0.123266 0.00052339 0.0299612 -0.0069973 0.031687 0.115979 0.0267931 0.030952 -0.0280289 0.0143219 0.0826524 0.000909462 0.0354133 -0.0140914 0.014685 0.00353995 0.00590808 0.0138773 -0.0015329,800,0,cuda,1.95,4.3
test,2260,newfoundland_81,newfoundland,dog,correct,newfoundland,partition,22,0.999952,33,0.671935,0.993801,0.321866,0.339992,0.853401,0.0,,,,0.00357156 0.00222283 0.0203193 0.020295 0.00944991 0.0231701 0.189833 0.0549846 0.00159374 0.0440997 0.00458295 0.0270308 0.0133255 0.00523946 0.084127 0.00374965 0.00917929 0.00834291 0.0121933 0.0775352 0.0260864 0.0173574 0.0338674 0.071265 0.0752783 0.00961658 0.0437172 0.0188176 0.0213674 0.00809348 0.0137213 0.0274319 0.0127065,800,0,cuda,1.57,4.3
test,1640,havanese_62,havanese,dog,correct,havanese,kernel,16,0.999911,45,0.45442,0.713119,0.258699,0.316415,0.862627,0.0,,,,0.00278588 0.00412313 0.00355601 0.00417877 -0.00438728 0.010341 0.0220082 0.0204871 0.00573766 0.0342909 0.0474137 0.0113223 0.0141198 0.00469157 -0.00960433 0.000574485 0.00999765 0.00464148 -0.0110795 0.0142663 0.00681091 0.000935306 0.00237551 0.0075915 0.0306737 0.459407 0.0130708 0.0454642 0.00966455 2.65521e-05 0.0837538 0.0602021 0.0429511 -0.000709423 0.00269483 0.0110045 0.00624364 -0.0304474 0.0173423 -0.0449844 0.0545125 0.00648921 0.021119 -0.00783928 -0.0129066,800,0,cuda,1.85,4.36
test,1640,havanese_62,havanese,dog,correct,havanese,partition,16,0.999911,45,0.45442,0.906087,0.451667,0.307914,0.86157,0.0,,,,0.00159085 0.000325895 0.000849524 0.00192279 0.00242303 0.0017887 0.000980512 0.00485772 0.00292659 0.00463626 0.00466171 0.00417342 0.00187131 0.00525569 0.00750349 0.00631997 0.00598269 0.00881822 0.00193429 0.00512771 0.00336058 0.00840038 0.00840284 0.0036749 0.0374771 0.21825 0.0132637 0.181312 0.00191082 0.0741619 0.190139 0.0629764 0.0539117 0.00574034 0.000864345 0.0133374 0.00145978 0.0038767 0.00184702 0.00843941 0.000145864 0.0060621 0.0017988 -0.000176455 0.000324908,800,0,cuda,1.61,4.36
test,3083,shiba_inu_202,shiba_inu,dog,correct,shiba_inu,kernel,31,0.999926,41,0.239676,0.794298,0.554622,0.202684,0.927404,0.0,,,,-0.0118132 0.00388325 0.018626 -0.0046455 0.0115468 0.00127896 -0.0158622 0.0118988 0.0027618 -0.00887697 -0.0260877 0.015624 -0.0279238 -0.0105765 0.251407 0.0214708 0.029518 -0.00911621 0.00497861 0.232911 0.0262881 0.062741 -0.0126434 -0.00319143 0.0406418 0.291808 0.0119895 -0.00993748 0.00372914 0.0250188 0.0237161 -0.000793644 0.0101377 0.014813 -0.000977941 0.0107738 -0.000318232 -0.0423676 -0.00795588 0.0148793 0.0143253,800,0,cuda,1.81,4.38
test,3083,shiba_inu_202,shiba_inu,dog,correct,shiba_inu,partition,31,0.999926,41,0.239676,0.936047,0.696371,0.213956,0.950908,0.0,,,,0.00499603 -0.00129924 -0.00173265 -0.000618189 -0.000781824 0.000156384 0.00364205 -0.00117694 0.000823163 -0.00356061 0.0127911 0.00549044 0.010316 0.000713978 0.246628 0.0200654 0.0205014 0.0897422 0.0133865 0.0924265 0.00671911 0.038334 -0.0090357 0.0173406 0.00271478 0.198811 0.006259 0.00860754 0.0342441 0.0192174 0.0449104 0.00419383 0.00243486 0.00456833 0.00695113 0.00981457 0.0326545 0.00446559 0.0122675 0.00119037 0.00450542,800,0,cuda,1.75,4.38
test,3497,wheaten_terrier_35,wheaten_terrier,dog,wrong,havanese,kernel,16,0.419838,43,0.156429,0.293594,0.137165,0.022117,0.802555,0.0,,,,-0.0324148 0.0998807 0.0340017 -0.00194505 -0.0152132 0.292784 0.00699051 0.0441063 0.00942164 0.240473 0.00451613 -0.0105148 -0.0063155 -0.00892505 0.0180994 0.026573 0.0404196 -0.019885 0.0575304 -0.044155 -0.0162502 0.0307814 -0.036131 -0.122691 0.0299946 -0.0472066 -0.0167138 -0.0470632 -0.00613802 -0.0387982 0.0274802 0.00234404 -0.00737346 0.0140567 -0.025456 -0.0455164 -0.00784233 -0.036213 0.00534069 0.0196429 -0.00355182 -0.0241819 0.0108959,800,0,cuda,1.89,4.24
test,3497,wheaten_terrier_35,wheaten_terrier,dog,wrong,havanese,partition,16,0.419838,43,0.156429,0.569125,0.412696,0.021502,0.83057,0.0,,,,0.0179646 0.0444134 0.00199765 0.0098483 0.00149373 0.176495 0.00286166 0.0427755 0.00387052 0.152582 0.00624399 0.0062673 0.00595058 0.00397972 0.0288178 0.00375176 0.0898349 0.0499538 -0.00390727 -0.00831661 0.0113724 0.00192569 -0.0125373 -0.10421 -0.00139109 -0.0148849 0.000629452 -0.0408426 -0.00168703 -0.017915 0.00191918 -0.0318123 0.00165751 0.00121999 -0.000463008 -0.00434672 -0.00569635 -0.0287802 0.0054993 -0.00480309 -0.00431915 -0.000229392 0.00765441,800,0,cuda,1.45,4.24
test,2603,Ragdoll_260,Ragdoll,cat,correct,Ragdoll,kernel,26,0.999549,41,0.413764,0.786657,0.372893,0.229821,0.772347,0.0,,,,-0.0124089 -0.0176256 0.00818841 0.0535621 0.0388856 0.00217129 0.0320966 0.0141294 0.00887785 0.0373793 0.0218558 0.016428 0.00571753 0.153396 -0.00493821 0.342979 -0.0155263 0.0102916 0.00489834 -0.0151672 -0.00860421 0.0544874 0.0297605 -0.00587859 -0.011026 0.0307461 0.0326486 -0.00301945 0.0214561 0.0154838 0.00448707 0.0483463 0.0058684 0.00780051 0.018399 0.014636 0.00137566 0.0113946 0.0208245 -0.0116048 0.0191845,800,0,cuda,1.84,4.32
test,2603,Ragdoll_260,Ragdoll,cat,correct,Ragdoll,partition,26,0.999549,41,0.413764,0.797683,0.38392,0.263053,0.801903,0.0,,,,-0.00227064 -3.87809e-05 0.0168004 0.0575516 0.0600077 0.00680881 0.0629988 0.0183962 -0.00579502 0.0762752 -0.00121158 -0.0036212 -0.00129591 0.188454 0.000692561 0.199054 0.0159617 0.0191297 -0.000627145 0.000744955 0.00198084 0.0283682 0.0183201 0.00106011 0.000627656 0.049398 0.0116339 0.00155165 0.0025589 0.0103438 0.0179798 0.0532881 0.00191978 0.0275533 0.0154679 0.0109607 0.00527178 0.00973179 0.00267226 0.000491083 0.00276193,800,0,cuda,1.55,4.32
test,2775,Russian_Blue_95,Russian_Blue,cat,correct,Russian_Blue,kernel,27,0.995684,41,0.703145,0.976523,0.273378,0.085994,0.810905,0.0,,,,0.0295331 0.0222868 -0.0103326 0.0113179 -0.00836166 -0.00374592 0.0307827 0.050053 -0.00151759 0.0844014 0.0226961 0.0214093 0.0545244 0.17205 0.104135 -0.00821296 0.100764 0.0474535 0.0305878 0.0441768 0.0412868 -0.00943144 0.029262 0.0456507 -0.0047847 -0.0244278 -0.00889398 0.0380572 0.0154177 -0.00239524 0.00336643 0.0314125 -0.0148693 -0.0140194 0.0097388 0.00190212 0.024872 0.0345789 0.0472757 -0.0225181 -0.0308046,800,0,cuda,2.15,4.61
test,2775,Russian_Blue_95,Russian_Blue,cat,correct,Russian_Blue,partition,27,0.995684,41,0.703145,0.777632,0.074487,0.093528,0.77265,0.0,,,,0.0370187 0.0153663 -0.000251596 -0.000237968 0.00383498 -0.000348863 0.0226311 0.0280406 0.0102166 0.0490314 0.00174893 0.038218 0.0541207 0.157637 0.148642 0.0114933 0.081244 0.0337335 0.0726871 0.0370233 0.0329196 0.000272329 0.0449389 0.0893041 0.00602302 0.00475767 -0.000595128 -0.00112328 -0.00242264 -0.000588027 -0.00131175 0.00021621 -0.00072077 -0.000265757 0.000518658 0.00164163 0.00254387 0.00185667 0.0010746 0.00280502 0.000983742,800,0,cuda,1.58,4.61
test,2749,Russian_Blue_70,Russian_Blue,cat,correct,Russian_Blue,kernel,27,0.999751,29,0.265087,0.975332,0.710245,0.106324,0.86092,0.0,,,,0.0207941 -0.00677082 0.011476 0.00200467 0.0140311 0.0150641 0.0514152 0.0566414 0.031486 0.0338965 -0.00668256 0.0947451 0.098325 0.0183802 -0.0127341 0.226597 -0.0147994 0.0612746 0.0083802 0.0699052 0.00572844 -0.0102465 0.141812 0.0191387 -0.00603419 0.0333196 0.0234792 0.00587469 0.00224284,800,0,cuda,2.09,4.47
test,2749,Russian_Blue_70,Russian_Blue,cat,correct,Russian_Blue,partition,27,0.999751,29,0.265087,0.975332,0.710245,0.093887,0.86265,0.0,,,,0.0029785 -5.25277e-06 0.000897794 0.0019324 -0.00183576 0.00524034 0.0349704 0.0502168 0.0634249 0.0213075 0.0046599 0.160757 0.128901 0.0121238 0.00122245 0.176448 0.00841949 0.0701844 0.000267692 0.102362 0.00222052 0.00232642 0.108076 0.00167708 0.00187378 0.00657961 0.0108469 0.00668761 0.00398363,800,0,cuda,1.61,4.47
test,1022,chihuahua_43,chihuahua,dog,correct,chihuahua,kernel,10,0.999921,39,0.788823,1.0,0.211177,0.06665,0.753186,0.0,,,,0.0154365 0.0181916 0.0259617 0.061989 -0.00484854 0.026832 0.0257532 -0.00922774 -0.0176538 -0.013351 0.00144811 0.113964 0.0198465 0.033545 0.0439843 0.0148383 0.0037002 0.042328 0.106969 0.0201539 0.108246 0.0807711 0.0981381 0.0101743 0.0569646 0.0762977 0.00868235 0.0712753 0.0136616 0.0155921 -0.0289559 -0.00194953 -0.00175579 0.00326376 -0.0202724 0.00145183 0.0145716 -0.01224 -0.0320278,800,0,cuda,2.18,4.5
test,1022,chihuahua_43,chihuahua,dog,correct,chihuahua,partition,10,0.999921,39,0.788823,0.994194,0.205371,0.067241,0.624329,0.0,,,,0.00429688 0.00125881 0.0308457 0.0617481 0.00533885 0.0151877 0.0573972 0.0102327 0.0107195 0.00900645 0.0125537 0.249667 0.0456995 0.0245594 -0.0031621 0.0743365 0.0149751 0.0373168 0.0751172 0.00551552 0.137809 0.0370228 0.0216144 0.0131267 0.05095 0.00854113 0.00194051 -5.51218e-05 -0.00288044 -0.00438191 -0.00412497 -0.00051807 -0.000401209 -0.00585708 -0.000969981 -0.000344973 -0.000707754 -0.00140594 -0.000218411,800,0,cuda,1.48,4.5
test,1750,japanese_chin_71,japanese_chin,dog,correct,japanese_chin,kernel,17,0.999529,42,0.556043,0.950081,0.394038,0.054359,0.797345,0.0,,,,-0.0166374 -0.00171224 -0.019431 0.00803929 -0.00127262 0.00727094 -0.00668476 0.00642284 0.00698562 -0.00298103 0.0291068 -0.0182323 0.00589993 0.0145624 0.0251007 -0.00223024 0.0300768 0.00347881 0.0532188 0.0252279 0.0301259 0.00815271 0.243467 0.00248441 0.117219 -0.00622163 0.0348029 0.025456 0.00372953 0.0338308 0.0294495 0.109079 -0.00362901 0.0596144 0.0533724 -0.0164718 -0.00290685 0.00821356 0.0334492 0.0184948 0.0570914 -0.00877898,800,0,cuda,1.96,4.34
test,1750,japanese_chin_71,japanese_chin,dog,correct,japanese_chin,partition,17,0.999529,42,0.556043,0.961015,0.404972,0.206102,0.610818,0.0,,,,0.000167105 -0.00012689 -0.000498841 -0.000681023 -0.000204928 -0.000139341 -0.00347505 0.000111993 -0.000602639 -0.000614351 -0.000137218 0.000868872 2.63244e-06 0.000146997 -0.00138668 -0.000265992 0.00443436 0.000941467 0.00965633 0.00116906 0.0344003 0.000723488 0.0332927 0.00653276 0.0701467 0.00523697 0.0845641 0.103532 0.034814 0.0247195 0.0448144 0.0911955 0.00380113 0.0643375 0.0610152 0.037862 0.028918 0.0343474 0.0185292 0.0725747 0.105242 0.00626747,800,0,cuda,1.53,4.34
test,291,american_pit_bull_terrier_94,american_pit_bull_terrier,dog,wrong,saint_bernard,kernel,28,0.392027,34,0.313496,0.601671,0.288174,0.009053,0.722486,0.0,,,,0.0136126 0.037774 0.0838485 -0.0432626 0.0127396 0.0182974 0.0467382 -0.0305353 0.00674754 0.0459566 0.0827646 -0.00296063 0.0654061 0.0266008 0.0251136 0.108541 -0.00962372 -0.103735 -0.0387946 0.00125166 -0.00419158 0.113388 0.0183236 -0.0254756 -0.017347 0.0243538 -0.0232024 -0.00182609 0.00235411 -0.00493082 -0.0280535 0.00512325 -0.0135713 -0.00836502,800,0,cuda,2.17,4.74
test,291,american_pit_bull_terrier_94,american_pit_bull_terrier,dog,wrong,saint_bernard,partition,28,0.392027,34,0.313496,0.601671,0.288174,0.008874,0.650444,0.0,,,,0.0170201 0.04374 0.051297 -0.00266898 0.00234788 0.00446847 -0.00201281 -0.0492086 0.00252773 0.0287041 0.0836819 0.003324 0.120906 0.0125439 0.013286 0.12716 0.012872 -0.0651737 -0.0342825 0.00162891 -8.45466e-05 0.193728 0.000724663 -0.0662074 0.0031715 -0.0322522 -0.0105359 0.00546787 -0.0336025 0.000544469 0.00932232 0.00357964 -0.0637998 0.000841839,800,0,cuda,1.77,4.74
test,2022,Maine_Coon_37,Maine_Coon,cat,correct,Maine_Coon,kernel,20,0.898084,37,0.561862,0.933167,0.371305,0.11723,0.78494,0.0,,,,0.00379286 -0.0257175 0.0100683 0.00541496 -0.00326357 0.0142522 -0.00971685 0.00366434 0.198089 0.0492569 0.0303127 -0.00918365 0.0672464 0.0117118 0.00807349 0.144421 -0.0164009 0.114161 0.201558 -0.00139648 0.0483018 0.00406556 -0.0071349 0.0171557 -0.0149478 -0.0212473 0.026947 -0.011032 0.0123042 0.00486751 0.0168404 -0.00882511 0.020058 0.00399403 0.00416745 -0.0064679 -0.0125362,800,0,cuda,1.81,4.28
test,2022,Maine_Coon_37,Maine_Coon,cat,correct,Maine_Coon,partition,20,0.898084,37,0.561862,0.940575,0.378713,0.12516,0.728556,0.0,,,,-0.017863 -0.0118028 -0.00365611 -0.000355665 -0.00887151 -0.00127612 -0.0075347 -5.50813e-05 0.0643141 0.0334253 0.00509162 0.0113766 0.0422458 0.00207169 0.00439906 0.0946137 0.0110394 0.0422729 0.197228 0.0261407 0.0552233 -0.0107096 0.0353035 0.0305318 0.0943204 -0.0138234 0.0540841 -0.013828 0.0352653 0.0119754 0.0695779 0.0289544 0.00391838 -0.00556698 0.0115028 -0.011624 0.0149455,800,0,cuda,1.6,4.28
test,1740,japanese_chin_62,japanese_chin,dog,correct,japanese_chin,kernel,17,0.9998,34,0.874661,0.993379,0.118718,0.27018,0.802633,0.0,,,,0.00680503 0.0958506 0.0244161 0.0531328 0.0646537 0.0775928 0.214466 -0.0384466 0.00539983 0.0873636 -0.00322622 0.118254 0.0725596 -0.0248911 0.102217 0.00841054 0.0164369 0.0359177 0.0196455 0.0024624 0.0380004 0.0225687 -0.0261483 0.00879223 -0.0391263 -0.021146 0.0157941 0.007113 0.0301199 0.0130792 -0.015003 0.00525489 0.012266 -0.0140796,800,0,cuda,1.74,4.07
test,1740,japanese_chin_62,japanese_chin,dog,correct,japanese_chin,partition,17,0.9998,34,0.874661,0.993518,0.118856,0.148576,0.782983,0.0,,,,0.0290093 0.0847045 0.0027994 0.0141451 0.127229 0.0677006 0.260273 0.0133222 0.0148433 0.0493161 0.000994352 0.101379 -0.00397653 0.0304651 0.108282 0.00761425 0.00614098 0.00950201 0.0088689 0.0117034 0.0135973 0.00339886 0.00234762 0.00164412 0.00317889 0.00146666 -3.09205e-05 0.00110957 0.00503481 -0.000913639 0.000333719 0.00125237 -0.000460202 0.000230075,800,0,cuda,1.52,4.07
test,2282,Persian_221,Persian,cat,wrong,Ragdoll,kernel,26,0.944937,37,0.700415,0.994526,0.294111,0.069703,0.499561,0.0,,,,0.0356129 0.0126411 0.00822255 0.00307838 0.0472558 -0.012883 -0.00374773 0.0730392 0.00920022 0.0291318 -0.0128305 0.0783948 0.0253996 -0.00131693 0.0192861 0.00905215 0.04453 0.066544 0.0875297 0.0616825 -0.00364514 0.128508 0.0582248 0.0254399 0.0160131 0.0549921 0.104752 0.044751 -0.0035344 -0.00135722 -0.0152512 -0.00294292 -0.0100267 0.0195921 -0.0310229 -0.0489381 0.0119672,800,0,cuda,1.84,4.13
test,2282,Persian_221,Persian,cat,wrong,Ragdoll,partition,26,0.944937,37,0.700415,0.994755,0.294341,0.095698,0.503565,0.0,,,,-0.00362755 -0.000243811 0.000608998 0.00150449 0.00996898 0.00211998 0.00635198 0.0171636 -0.00388319 0.0253251 0.0233952 0.0345687 0.00757935 0.00523145 0.0134047 0.0371276 0.0328205 0.171925 0.0397445 0.062476 0.0222661 0.0744889 0.0615086 0.00424973 0.0128056 0.0247516 0.0838677 0.0909022 0.0148082 0.0022046 0.0106119 0.0254592 0.00358233 0.00203843 0.0046001 -0.000363714 0.00600098,800,0,cuda,1.48,4.13
test,1007,chihuahua_2,chihuahua,dog,wrong,shiba_inu,kernel,31,0.975537,35,0.428093,0.865396,0.437303,0.084589,0.570119,0.0,,,,0.0071581 -0.0045872 0.00507825 0.0240054 0.0280285 0.131195 0.00167123 0.0203305 -0.0203214 -0.00269116 0.0215535 -0.00435871 0.0193338 0.0709844 0.113335 0.0439141 0.0527959 0.229442 0.104148 0.044248 0.00315114 0.0286883 0.00491378 0.0243215 0.06841 -0.00580488 0.0264455 0.00891306 -0.00510857 0.00023621 -0.0228793 -0.0149758 0.000880518 -0.0310841 -0.0320813,800,0,cuda,1.99,4.22
test,1007,chihuahua_2,chihuahua,dog,wrong,shiba_inu,partition,31,0.975537,35,0.428093,0.582316,0.154223,0.090279,0.450157,0.0,,,,0.00581586 0.00168941 0.00551604 0.00192724 0.0203933 0.00852973 0.0107702 -0.00686271 0.0041469 0.0074776 -0.00945901 -0.00355344 0.019058 0.138664 0.0585884 0.000396239 -0.00843966 0.273595 0.0512438 0.0776698 0.000940612 0.000606457 0.00213335 0.0891416 0.0986523 0.0378015 0.0202998 0.00391198 0.00941803 0.00481874 0.00137252 0.00194539 0.00207962 0.00674127 0.00225982,800,0,cuda,1.45,4.22
test,3026,scottish_terrier_51,scottish_terrier,dog,correct,scottish_terrier,kernel,30,0.999538,39,0.33514,0.740407,0.405267,0.106125,0.823065,0.0,,,,-0.0175773 0.0456044 0.0340723 -0.00211987 -0.00694797 0.00742174 -0.0299916 -0.0151577 -0.0131563 0.0340532 0.000143035 0.0133195 0.183144 0.00740664 0.0193273 0.0132443 0.0365194 -0.0329142 -0.0132723 0.0970006 0.030099 0.126763 0.0200384 0.00888572 0.0964918 0.0317655 0.00566235 0.151459 -0.018459 0.026857 0.0156796 0.0205676 0.0137615 0.0162661 0.00168574 0.0786729 0.0229832 -0.000865042 -0.0168813,800,0,cuda,1.85,4.13
test,3026,scottish_terrier_51,scottish_terrier,dog,correct,scottish_terrier,partition,30,0.999538,39,0.33514,0.924349,0.589209,0.148773,0.850988,0.0,,,,-0.000946767 0.0212751 0.0366933 -0.00648293 -2.33034e-05 0.00138509 0.00118603 0.00546478 0.0145159 0.0308259 0.0168387 0.0387313 0.146782 0.00378677 0.0617601 0.00328919 0.0567 0.0112825 0.00492404 0.161322 0.0113635 0.11259 0.0047582 -0.00062319 0.0522373 0.0125626 0.00824357 0.0580304 0.00712472 0.00734327 0.00550318 0.00540415 0.00145834 0.0154957 0.00305107 0.047179 0.0056419 0.00511168 0.0197673,800,0,cuda,1.39,4.13
test,67,Abyssinian_71,Abyssinian,cat,correct,Abyssinian,kernel,0,0.993381,39,0.302216,0.781444,0.479228,0.13164,0.882511,0.0,,,,-0.0292266 0.00264067 -0.00669966 -0.00694895 -0.00132549 0.00308834 -0.0187718 -0.0049441 0.0194534 -0.0024434 0.000762503 0.00237597 0.0164584 0.0269516 0.0343003 0.067939 0.0292228 0.00253082 -0.00743305 0.0341674 0.059328 0.0772498 0.0272 0.225604 0.081524 0.111265 0.203087 0.00846239 -0.0116504 0.00527919 0.0106192 0.0382151 -0.00191 0.0214334 -0.0207711 -0.00491592 0.0175695 -0.0231946 -0.0165767,800,0,cuda,1.69,4.07
test,67,Abyssinian_71,Abyssinian,cat,correct,Abyssinian,partition,0,0.993381,39,0.302216,0.708917,0.406701,0.152842,0.793494,0.0,,,,0.00374661 0.00188404 0.000737097 0.000611247 -0.00014022 0.00539267 0.00175945 0.000658743 0.00399358 0.00174032 0.000209444 0.000467998 0.00164405 0.000358101 0.00676439 0.00405907 0.00105777 0.00176718 0.00430286 0.0305863 0.000821413 0.0035562 0.00997241 0.0830276 0.0768364 0.0642032 0.313324 0.0214375 0.0249439 0.0203655 0.0446477 0.0653734 0.0855787 0.0188618 0.0300401 0.0072023 0.0406483 -0.00514068 -0.00738525,800,0,cuda,1.52,4.07
test,24,Abyssinian_232,Abyssinian,cat,correct,Abyssinian,kernel,0,0.993956,43,0.421058,0.821844,0.400786,0.049104,0.688788,0.0,,,,0.0119299 0.00941944 0.171176 0.0562301 0.0544043 0.0151501 -0.017014 0.0961871 -0.0226142 -0.0227517 -0.00635151 0.126851 0.0142787 0.000835107 0.241641 0.00863104 -0.013102 0.0195465 0.00112693 0.0493052 -0.00479975 -0.00500539 0.0140655 0.110901 -0.0249961 -0.00929925 0.0175828 0.00871475 -0.0179288 0.00208908 -0.00590987 0.026824 0.0427672 0.00237676 -0.00498104 0.00853211 0.0245935 0.0207694 0.0019449 -0.0307889 0.0154485 -0.0140832 -0.00320643,800,0,cuda,2.23,4.7
test,24,Abyssinian_232,Abyssinian,cat,correct,Abyssinian,partition,0,0.993956,43,0.421058,0.864624,0.443566,0.104066,0.688912,0.0,,,,0.00820986 0.015317 0.0756554 0.0163378 0.0512952 6.89509e-05 0.0080934 0.0180507 0.00745601 0.00451153 -0.000958639 0.0604441 -0.000136441 0.000203361 0.0818256 0.0065524 0.0184674 -0.0029862 0.00174881 0.0663694 -0.000476549 0.00852429 0.0120698 0.0867268 0.00480917 0.0102539 0.00620203 0.0447408 0.0109687 0.0207178 0.0103831 0.0596953 0.0707764 0.0201069 0.0310822 0.0120123 0.0677932 0.0189881 0.016119 0.00672996 0.00954209 0.00347608 0.00272336,800,0,cuda,1.53,4.7
test,216,american_pit_bull_terrier_22,american_pit_bull_terrier,dog,wrong,miniature_pinscher,kernel,21,0.894745,41,0.301838,0.883856,0.582019,0.023947,0.499969,0.0,,,,-0.00432807 -0.00404735 0.0288425 -0.00894898 -0.00643609 0.0076391 -0.00607722 -0.0168095 -0.00202323 0.0297595 0.0138885 0.00837628 -0.0117572 -0.0107532 0.0176183 0.0271989 0.0189873 -0.0119799 0.15683 0.0215029 0.201062 0.0202966 0.0283355 -0.0162104 0.00469493 0.101729 0.0035551 0.0220215 0.0310773 0.0278057 0.03349 0.00525894 -0.0341016 0.0950051 -0.0120904 0.0475852 0.0157151 0.00419826 -0.00782392 0.0381017 0.0210066,800,0,cuda,2.03,4.46
test,216,american_pit_bull_terrier_22,american_pit_bull_terrier,dog,wrong,miniature_pinscher,partition,21,0.894745,41,0.301838,0.635334,0.333496,0.02954,0.467685,0.0,,,,-0.000321118 0.000944954 -0.000558454 -0.000715951 -0.0011297 -0.000765986 0.00786183 -0.000602976 -0.000609884 0.0165328 0.00900262 -0.00152274 -0.000514566 0.00331611 -0.00110287 0.0187497 -0.000664466 -2.7735e-05 0.104285 0.0164827 0.194286 0.00841165 0.00208035 0.0386588 0.00292867 0.0311217 0.0182669 0.00788972 0.0611782 0.0263957 0.0250633 0.0188378 0.0245731 0.124434 0.0267115 0.0195386 0.0244735 0.0114492 0.0189966 0.0163684 0.00789211,800,0,cuda,1.5,4.46
test,2860,saint_bernard_81,saint_bernard,dog,correct,saint_bernard,kernel,28,0.998826,40,0.60499,0.398568,-0.206422,0.173653,0.831644,0.0,,,,-0.000624012 0.0102994 0.0593661 0.037969 0.0481499 0.0645155 0.227716 0.0548133 -0.00502494 0.0315908 0.0115579 -0.0022829 0.00624944 0.0699191 0.130325 0.00860822 0.0252867 -0.00940322 0.00495061 0.00489739 0.0425584 0.019703 0.0425526 0.0358948 0.0281528 0.0582273 0.0472014 0.0254379 -0.038739 0.00646641 0.0248315 -0.0392493 -0.0140481 0.00635131 -0.0210872 -0.00665341 -0.0314773 0.0168426 0.0288594 -0.0208457,800,0,cuda,2.18,4.51
test,2860,saint_bernard_81,saint_bernard,dog,correct,saint_bernard,partition,28,0.998826,40,0.60499,0.81535,0.210359,0.186219,0.945071,0.0,,,,0.0101566 0.000169586 0.0295495 0.00627045 0.0304367 0.00616042 0.199384 0.182213 0.0140883 0.00210482 0.00840317 0.000602883 0.0544417 0.164919 0.111354 0.0411098 0.016808 0.0536883 0.0010683 0.00587642 0.0102992 0.00162459 0.00436558 0.0214129 0.0005009 0.00649115 0.000156217 0.000359477 0.00152416 0.000137241 0.000133658 0.00110104 0.00116247 3.2618e-05 0.000257845 0.000327537 0.00015091 4.71748e-05 0.000498646 0.000470423,800,0,cuda,1.52,4.51
test,1910,leonberger_36,leonberger,dog,correct,leonberger,kernel,19,0.997062,32,0.557956,0.884395,0.326439,0.065392,0.740135,0.0,,,,0.103345 -0.0188515 0.062097 0.0228491 0.039659 0.315327 0.00614148 0.0204851 0.0741536 0.0241146 0.00262519 0.00871953 0.100051 0.0753237 0.00468312 0.0135033 0.00132299 0.0360504 -0.00685909 0.0273378 0.0169173 0.013143 0.0192891 0.0106244 0.00624203 -0.00183928 0.00286375 -0.00028851 -0.00572715 0.0207283 -0.0141094 0.0137035,800,0,cuda,1.84,4.07
test,1910,leonberger_36,leonberger,dog,correct,leonberger,partition,19,0.997062,32,0.557956,0.808982,0.251026,0.07691,0.788181,0.0,,,,0.115128 0.0011164 0.0642077 0.0123537 0.0855658 0.423928 0.0184859 0.0512854 0.0743201 0.0114434 0.0262862 0.00426747 0.0676198 0.0157894 -0.00138768 0.000148895 0.000738467 0.0012113 0.00189855 0.00496184 0.00182901 0.00223061 0.00120753 0.000666142 0.000369737 0.000579967 0.00070873 0.00176056 0.00237763 0.00119291 0.000856474 0.000477704,800,0,cuda,1.46,4.07
test,2783,saint_bernard_193,saint_bernard,dog,correct,saint_bernard,kernel,28,0.953673,34,0.48858,0.829234,0.340653,0.113632,0.739358,0.0,,,,0.00894403 -0.000788423 0.00656225 -0.00118616 -0.00580945 -0.00623659 0.0256385 -0.0101488 0.0328369 0.0367895 -0.0214295 0.0425204 0.000252943 0.00908049 -0.000716713 0.215856 -0.00861745 0.139819 0.0169016 0.112519 0.0780738 0.0835314 -0.00910736 0.00307498 0.00634292 -0.0150335 0.0436591 0.154476 0.00916799 0.0228847 0.00354418 -0.0220282 -0.0148196 0.00815052,800,0,cuda,2.15,4.63
test,2783,saint_bernard_193,saint_bernard,dog,correct,saint_bernard,partition,28,0.953673,34,0.48858,0.86928,0.3807,0.12671,0.707727,0.0,,,,-0.0044305 -0.00495898 0.00177329 -0.00291063 0.0102988 -0.00760233 -0.00174454 -0.00171377 0.0235312 0.0173712 0.00518071 0.000356218 5.04645e-07 0.00215227 0.00690625 0.163071 -0.00601482 0.0559545 0.00803282 0.125203 0.0439553 0.107132 -0.00287431 0.00453606 0.00698495 0.00787261 0.0901141 0.233266 0.00746449 0.0433937 0.00232332 0.00630794 0.00290747 0.000864495,800,0,cuda,1.64,4.63
test,1153,Egyptian_Mau_74,Egyptian_Mau,cat,correct,Egyptian_Mau,kernel,11,0.413947,33,0.419444,0.734337,0.314893,0.022715,0.409032,0.0,,,,-0.00396636 0.00417911 -0.00896111 -0.00629908 0.00872452 0.0111985 -0.00859613 -0.00907602 -0.0073618 -0.0164097 -0.0098461 -0.00992064 0.00372129 0.0302083 0.00928217 0.0102063 0.0398008 0.0247344 0.0194794 0.0473321 0.0641285 -0.00233154 0.00252707 0.0163288 -0.0300131 0.0337944 0.0291459 0.00598256 -0.00802459 0.0764027 0.0219162 -0.00141114 0.00183081,800,0,cuda,2.1,4.46
test,1153,Egyptian_Mau_74,Egyptian_Mau,cat,correct,Egyptian_Mau,partition,11,0.413947,33,0.419444,0.83326,0.413816,0.030741,0.369801,0.0,,,,-0.00190182 0.0122425 0.000186582 -0.0125113 -0.00796494 0.0166577 -0.0230824 -0.00698566 -0.00445926 -0.0134619 -0.0221298 -0.00799905 0.0137436 0.057927 -0.0204768 -0.00508954 0.022804 0.0163478 0.0149482 0.063491 0.0943568 0.018928 -0.0332022 0.0266193 0.0027347 0.0239711 0.0393253 -0.0032543 -0.00152829 0.0744927 0.0203673 -0.0104379 -0.00595209,800,0,cuda,1.53,4.46
test,3421,staffordshire_bull_terrier_57,staffordshire_bull_terrier,dog,correct,staffordshire_bull_terrier,kernel,34,0.999097,35,0.518794,0.992418,0.473624,0.11607,0.535764,0.0,,,,-0.0153053 0.0356997 0.00702706 -0.00624998 0.0296615 0.00934414 0.00424856 0.00725462 0.0291058 0.0456117 0.012443 0.0152596 -0.0212651 0.0199337 0.0236286 0.0326115 0.0588367 0.0678274 0.0545752 0.155088 0.0301038 0.0099155 0.062062 0.0351946 0.0240532 0.127519 0.0265431 0.0404171 -0.00437532 0.00457938 0.000686345 0.0654371 0.0132091 -0.0167645 0.0110695,800,0,cuda,2.18,4.65
test,3421,staffordshire_bull_terrier_57,staffordshire_bull_terrier,dog,correct,staffordshire_bull_terrier,partition,34,0.999097,35,0.518794,0.990493,0.471699,0.090834,0.521042,0.0,,,,0.0260096 0.0173045 0.0609661 0.0105346 0.0735309 0.00806918 0.0281589 0.0130808 0.0277711 0.0331985 0.0119008 0.00519969 0.0230874 0.00494096 0.00928619 0.0802472 0.100469 0.0862947 0.0233445 0.0847595 0.000130756 0.00861869 0.063076 0.0196356 0.00199396 0.0841113 0.00258447 0.0133236 0.0053883 0.00112074 0.00553823 0.0421976 0.0106427 0.00107364 0.00739698,800,0,cuda,1.66,4.65
test,2159,miniature_pinscher_80,miniature_pinscher,dog,correct,miniature_pinscher,kernel,21,0.990829,42,0.316346,0.704383,0.388036,0.038252,0.917294,0.0,,,,0.000864213 0.00413847 0.00321254 0.0188576 -0.0101069 0.0187156 -0.0033636 0.00238684 0.0125698 0.0212169 0.0111839 -0.00213702 -0.0194937 -0.00643819 0.00815528 0.00181908 0.024521 -0.0010081 0.674008 0.0125042 -0.00429393 -0.00412069 -0.00459503 0.177091 0.00545999 0.0393925 0.0153106 -0.0107125 0.00239687 -0.00354109 -0.0107145 0.000361218 0.00520271 0.00142101 -0.00946524 -0.00640339 -0.00844686 0.0130269 0.00522201 -0.0168837 0.013858 0.00310715,800,0,cuda,1.72,4.18
test,2159,miniature_pinscher_80,miniature_pinscher,dog,correct,miniature_pinscher,partition,21,0.990829,42,0.316346,0.816863,0.500517,0.038722,0.916285,0.0,,,,0.00383643 0.00283446 0.000700781 0.0011512 0.000586748 0.00109461 0.00400299 0.000656633 0.00103154 0.00605566 0.000627771 0.00957709 0.00503816 0.00442031 0.00330816 0.0376516 0.00543374 0.00414409 0.5498 0.00284244 0.00844495 0.0114527 0.00220029 0.251576 0.00548828 0.03129 0.00742976 0.00249255 0.0031005 -0.00131 -0.00175501 -0.00203054 0.000447349 0.000842636 0.0043698 0.00647736 -0.000947964 0.000377977 0.000229684 -0.00108978 -0.000602744 0.00100073,800,0,cuda,1.6,4.18
test,166,american_bulldog_70,american_bulldog,dog,wrong,boxer,kernel,8,0.746923,37,0.55108,0.485577,-0.065504,0.060967,0.262509,0.0,,,,0.0390263 0.0228619 0.0956726 0.0371827 0.024782 0.0211455 0.0937416 0.0437861 -0.00713025 0.0389261 0.015014 0.00687891 -0.0117233 -0.0147625 0.0602562 0.019569 -0.00126989 0.00552317 0.0302359 0.0305573 -0.0145751 0.0208194 0.0149979 -0.00993363 0.0601019 0.0343135 0.023813 -0.0284887 0.0262288 0.00622088 0.0270707 0.00212956 -0.00516949 0.0233401 0.0100099 -0.0486372 0.0441392,800,0,cuda,1.74,4.1
test,166,american_bulldog_70,american_bulldog,dog,wrong,boxer,partition,8,0.746923,37,0.55108,0.549012,-0.002068,0.07837,0.110709,0.0,,,,0.00720061 0.00384033 0.0535428 0.00927453 0.0224142 0.00403753 0.0408632 0.00749115 0.0422249 0.0305887 0.0304166 0.0144813 0.00140194 0.00415233 0.0431917 0.0241975 0.0101941 0.0301918 0.00849827 0.0505931 0.00976177 0.0475692 0.0130312 0.0219984 0.0362547 0.0102806 0.00531342 0.0148589 0.0307628 0.0177785 0.00496273 0.0119563 0.0068628 0.0038263 0.0398736 0.00165801 0.0211083,800,0,cuda,1.57,4.1
test,3585,yorkshire_terrier_24,yorkshire_terrier,dog,correct,yorkshire_terrier,kernel,36,0.991718,29,0.17626,0.54891,0.372651,0.035948,0.930115,0.0,,,,0.0013239 0.021832 0.00322508 0.000780832 -0.00227699 0.0050834 0.00962232 0.436997 0.0164736 0.0163469 -5.99536e-05 -0.00478475 0.435943 -0.0090523 0.00961558 0.00178311 -0.00830571 -0.00397046 0.000592025 -0.00113471 0.0040492 0.00578018 0.00576644 0.00914517 0.000777935 0.00329596 0.000598334 -0.00204118 0.00413979,800,0,cuda,1.75,4.2
test,3585,yorkshire_terrier_24,yorkshire_terrier,dog,correct,yorkshire_terrier,partition,36,0.991718,29,0.17626,0.750297,0.574038,0.061658,0.902122,0.0,,,,0.00137269 0.0532925 0.00718777 0.0136771 -0.00363149 0.0023601 0.0382508 0.252103 0.0209936 0.0324708 0.00638264 -0.00126154 0.527409 0.00552611 -0.000941322 -0.000665899 0.00383877 9.0488e-05 0.00700468 -0.000250645 -0.000541367 -0.000259907 -0.000177476 -0.000153998 -0.000902537 0.000170815 -0.000334017 -0.00155771 9.2094e-05,800,0,cuda,1.66,4.2
test,207,american_pit_bull_terrier_19,american_pit_bull_terrier,dog,correct,american_pit_bull_terrier,kernel,2,0.991058,41,0.577846,0.982624,0.404778,0.075568,0.812763,0.0,,,,-0.016009 -0.0399722 -0.0375254 -0.0142095 -0.0255053 -0.0236228 0.00305287 0.0502489 0.0642102 0.0275249 0.0387837 0.020997 0.175847 0.0502242 -0.00652864 0.0498125 0.289008 0.00480316 0.00532762 0.0494851 0.00516883 0.0240962 0.0128891 0.0278392 0.0184582 -0.0531868 0.00299937 0.039896 0.00585056 0.0858531 0.0295273 0.0684587 0.00324982 -0.0239043 0.0689626 0.00239619 0.0354203 0.0284999 -0.00227031 -0.0327442 -0.0306711,800,0,cuda,1.92,4.45
test,207,american_pit_bull_terrier_19,american_pit_bull_terrier,dog,correct,american_pit_bull_terrier,partition,2,0.991058,41,0.577846,0.895803,0.317957,0.09252,0.843797,0.0,,,,-0.0046983 0.00583311 0.00455639 -0.00227009 0.00239743 -0.000934568 0.00396796 0.0504525 0.01567 0.00448834 -0.0161131 0.00190711 0.0498717 0.0887042 0.00613685 0.0487615 0.426721 0.0222048 0.022044 0.0658218 0.0482672 0.0307634 0.0549042 0.00554186 0.014635 0.0138048 0.00140571 0.00421924 -0.0025413 0.00646251 0.00425145 -0.00132219 0.00162327 0.00224171 0.000468612 0.000362077 0.000288604 0.000697374 0.00114555 -2.47769e-07 -4.82158e-07,800,0,cuda,1.68,4.45
test,2322,Persian_40,Persian,cat,correct,Persian,kernel,23,0.999393,27,0.824279,0.994514,0.170236,0.286285,0.781871,0.0,,,,0.0306524 0.224627 0.0267058 0.00982459 -0.00570685 0.0551103 -0.0003172 0.0499919 0.0270099 0.113246 0.036282 0.0365402 0.034668 0.135018 0.00686347 -0.00725755 0.0380162 0.120293 0.0341737 0.00524578 0.0302716 -0.00572618 0.0139833 -0.0475156 0.00627949 0.0063011 0.00605044,800,0,cuda,1.99,4.48
test,2322,Persian_40,Persian,cat,correct,Persian,partition,23,0.999393,27,0.824279,0.994514,0.170236,0.253403,0.651106,0.0,,,,0.0142917 0.184804 0.071443 0.012221 0.0194665 0.151012 0.0103718 0.069212 0.0466718 0.151559 0.0354974 0.00936883 0.00425829 0.0747116 0.00635963 0.003011 0.00623019 0.108937 0.00706296 0.0102935 0.00917919 0.00298065 -0.00332128 -0.0142151 -0.0159091 0.00656481 -0.00143265,800,0,cuda,1.75,4.48
test,2089,miniature_pinscher_199,miniature_pinscher,dog,correct,miniature_pinscher,kernel,21,0.999031,28,0.459542,0.672959,0.213416,0.116567,0.784216,0.0,,,,0.00734702 0.00797673 0.0142951 -0.00383341 -0.0140778 -0.0118476 -0.00255748 0.037493 0.0147239 0.00878392 -0.00567709 0.0172014 0.00057449 0.00240642 0.0827461 0.083123 0.354607 -0.026452 0.027561 -0.00693935 0.096499 0.122343 0.0242993 0.051917 0.0411474 0.040396 0.0134055 0.00501905,800,0,cuda,1.75,4.02
test,2089,miniature_pinscher_199,miniature_pinscher,dog,correct,miniature_pinscher,partition,21,0.999031,28,0.459542,0.502749,0.043207,0.119476,0.522799,0.0,,,,0.00181467 0.00404205 0.00346786 0.00312343 0.00580831 0.00495726 0.00149003 0.0105619 0.00458977 0.00395962 0.00689588 0.00244944 0.00207878 0.00899178 0.0558808 0.0093439 0.242126 0.000807396 0.0687241 0.0814172 0.108709 0.0884908 0.0251941 0.0535797 0.0357104 0.0756314 0.0685932 0.00404256,800,0,cuda,1.53,4.02
test,591,Bengal_94,Bengal,cat,correct,Bengal,kernel,5,0.962358,44,0.556421,0.992751,0.43633,0.080918,0.298093,0.0,,,,-0.00402138 0.0203173 0.0144114 0.00659511 0.00189556 -0.00312925 0.00863699 0.00711905 0.022879 0.0181599 0.0140862 -0.04111 -0.016449 0.00588956 0.0242964 0.0525777 0.0263426 0.00606409 0.0170467 0.0156453 0.0289744 0.0270948 0.0418715 0.0669219 0.021017 0.00627549 0.0806687 0.00155801 0.0966626 -0.00834792 0.00878196 0.00427711 -0.0422891 0.0572548 0.0211451 0.0495402 0.0853688 0.0361013 0.0410338 0.0439239 0.0356398 0.0116835 0.0372288 -0.0189616,800,0,cuda,2.02,4.63
test,591,Bengal_94,Bengal,cat,correct,Bengal,partition,5,0.962358,44,0.556421,0.992348,0.435927,0.085709,0.443175,0.0,,,,0.00528833 0.00577731 0.000123552 -0.000307644 0.013982 0.0219285 0.00548545 -0.00292079 0.00581571 0.0211827 0.00791736 0.0068173 0.000248433 0.00653629 0.00151879 0.0104245 0.011291 0.00669876 -0.0233214 -0.0209838 0.0125322 0.03262 0.0257032 0.0104127 0.0358253 -0.0168289 0.0652387 0.0236664 0.132072 0.0301452 -0.00345789 0.0254731 0.0136723 0.113464 0.0772599 0.0252631 0.0562293 0.0470285 0.0282836 0.0198578 0.0344072 0.0344806 0.00410856 0.0197195,800,0,cuda,1.69,4.63
test,1176,Egyptian_Mau_95,Egyptian_Mau,cat,correct,Egyptian_Mau,kernel,11,0.99437,31,0.552077,0.811415,0.259338,0.133421,0.774858,0.0,,,,0.100289 -0.00606204 -0.0101198 -0.00552963 -0.0336258 -0.00841734 0.0186653 0.0145351 0.0420821 0.00962178 -0.00295596 -0.0120883 0.0943865 -0.0110577 -4.40979e-05 0.0026239 -0.00211297 0.241794 0.00352602 -0.0297912 0.0680987 0.0312258 0.0349886 0.0218495 -0.0079636 0.0420675 0.18213 0.00749377 0.0316671 0.0947274 0.00712478,800,0,cuda,1.72,4.15
test,1176,Egyptian_Mau_95,Egyptian_Mau,cat,correct,Egyptian_Mau,partition,11,0.99437,31,0.552077,0.992162,0.440086,0.138471,0.733664,0.0,,,,0.016482 -0.00109009 -0.00149715 0.000388391 -0.0144216 -0.000189011 -0.00173607 -0.00225754 0.0482778 0.0604001 -0.00125064 0.000100107 0.0985679 -0.00399195 0.0264828 0.00883647 0.00211443 0.079266 0.0112768 0.00551616 0.0541915 0.0304991 0.0450614 0.0160344 0.00395258 0.0201152 0.318987 -0.00334814 0.0229144 0.0729874 0.00645881,800,0,cuda,1.68,4.15
test,1720,japanese_chin_44,japanese_chin,dog,correct,japanese_chin,kernel,17,0.986283,41,0.512317,0.912071,0.399755,0.059093,0.732603,0.0,,,,0.00984094 0.034818 0.0488883 0.0499004 0.00165015 -0.00256255 -0.0211556 -0.0162786 -0.0133992 0.0926486 0.217649 0.031868 0.00945407 0.0509116 0.0279915 -0.00663207 0.0228332 0.0190859 0.234284 0.0878638 -0.00116573 0.00997446 0.0473946 0.00661873 -0.00977691 0.00496223 -0.0115915 -0.0103869 -0.00844936 -0.0168809 -0.0131238 -0.00840256 0.0200117 0.0214851 -0.00237143 0.0167529 0.0238491 -0.00760759 -0.0204399 0.0168969 0.0255792,800,0,cuda,1.87,4.38
test,1720,japanese_chin_44,japanese_chin,dog,correct,japanese_chin,partition,17,0.986283,41,0.512317,0.729448,0.217131,0.046066,0.746744,0.0,,,,-0.00111519 -0.00244737 0.0248219 0.0390889 -0.000267867 -0.000979875 -0.000927572 -7.97213e-05 -0.00137083 0.112589 0.248 0.0486738 -0.00160312 0.104077 0.0193137 0.0246141 -0.000675526 0.0045877 0.308393 0.0234408 0.0123504 -0.000674733 0.0033394 0.000803159 -0.000534661 0.00152817 -0.000626773 0.00167022 0.000607186 0.00244165 -0.00153666 0.00148733 -0.000449157 -0.00219177 -0.00153263 -1.5829e-05 -0.000330907 -0.000215612 8.24336e-05 -0.000323853 -0.00102249,800,0,cuda,1.65,4.38
test,1863,keeshond_84,keeshond,dog,correct,keeshond,kernel,18,0.95667,37,0.628627,0.981009,0.352381,0.130187,0.539173,0.0,,,,-0.0252259 0.00990888 -0.00369893 0.0102242 0.026103 0.0125124 -0.00249302 0.00240442 6.59364e-05 0.0687639 0.0305712 0.0102973 0.0564298 0.0219356 0.0164609 0.00845169 0.0233906 0.00812886 0.00342738 0.0215799 0.00677313 -0.00517361 0.0479368 0.0295127 0.0273336 0.225388 0.00702504 0.119619 -0.0027311 0.123177 0.0272568 -0.0070673 0.00903242 -0.00203989 0.0220626 0.0353944 -0.0179325,800,0,cuda,1.76,4.08
test,1863,keeshond_84,keeshond,dog,correct,keeshond,partition,18,0.95667,37,0.628627,0.979041,0.350414,0.172031,0.475267,0.0,,,,0.00630294 0.00388254 0.00440101 0.0296179 0.0277103 0.0202103 0.0116598 0.0267619 0.019675 0.0576685 -0.00497053 0.0037833 0.0377051 0.0019701 0.0068682 0.0430085 0.00836462 0.00217464 -0.00125178 0.0462379 0.0123097 0.0164129 0.0262137 0.0227351 0.0924269 0.175165 -2.15242e-05 0.0736754 -0.00533548 0.181583 0.0105704 -0.00925246 0.00458539 -0.00661604 -0.0014591 0.00181143 -0.00177896,800,0,cuda,1.5,4.08
test,525,Bengal_34,Bengal,cat,wrong,Abyssinian,kernel,0,0.332907,38,0.374761,0.78944,0.414679,0.011316,0.487826,0.0,,,,0.0184482 0.0187316 0.00138866 -0.00367104 -0.0108707 -0.00358211 0.0319261 -0.00621603 -0.023743 0.139944 -0.0232464 0.0900653 0.00231596 -0.0014739 0.0403388 -0.0236921 0.00516361 -0.00899979 0.0180954 -0.0342333 -0.0420641 0.0485546 0.00879411 0.0210465 -0.00598341 -0.00597561 0.0380677 0.0143496 0.014786 -0.00467992 0.00703833 0.0100324 -0.0353169 -0.00327587 0.00645891 0.01198 0.00701836 -0.00807928,800,0,cuda,1.92,4.34
test,525,Bengal_34,Bengal,cat,wrong,Abyssinian,partition,0,0.332907,38,0.374761,0.69876,0.324,0.010892,0.348293,0.0,,,,0.0215022 -0.00601823 0.00342888 -0.00313403 -0.00426388 -0.00372393 0.0270927 -0.0106192 -0.0271894 0.226977 0.00107234 0.0960223 0.0134466 0.0153305 -0.0384519 -0.0406909 -0.010148 -0.0123745 0.0141285 0.0155804 -0.00675026 0.0109396 -0.0307244 0.0241275 -7.09266e-05 -0.0241082 0.0645052 -0.00558368 -0.00204184 -0.00480654 -0.000333886 0.00159826 -0.0135563 0.000665305 0.0144355 -0.000745695 0.00238297 0.00154132,800,0,cuda,1.55,4.34
test,2335,Persian_54,Persian,cat,correct,Persian,kernel,23,0.985575,36,0.612325,0.986521,0.374197,0.086628,0.805597,0.0,,,,0.0219947 0.0400601 -0.00902186 0.00778896 -0.00869728 0.0560482 -0.000548235 -0.00723965 0.0143317 0.0191338 0.00300226 0.139928 0.173236 0.0124901 0.180782 0.0313497 0.106642 0.0880349 0.00904257 0.00856072 0.0012754 -0.00236461 -0.0163874 0.00104686 -0.0120634 0.0560151 0.0114789 0.0344066 -0.0018428 0.0184134 0.00044546 0.0269157 -0.0265114 -0.0153839 -0.000780686 0.0052311,800,0,cuda,1.72,4.15
test,2335,Persian_54,Persian,cat,correct,Persian,partition,23,0.985575,36,0.612325,0.986521,0.374197,0.116813,0.839359,0.0,,,,-0.00287 0.0223135 0.00105432 0.0201398 0.0042049 0.0471136 -0.00284928 0.00931773 0.0202292 0.0432276 -0.00315456 0.111265 0.120438 0.010324 0.200487 0.00816591 0.227904 0.0621194 0.00516117 0.0141736 0.00455582 0.0043955 0.0015043 0.00264448 0.0015737 0.0245526 0.00432639 0.00278075 0.00374268 -0.00124381 0.0106533 -0.00572921 0.00188164 0.00158387 -0.00840069 -0.00077409,800,0,cuda,1.61,4.15
test,469,beagle_74,beagle,dog,correct,beagle,kernel,4,0.90329,38,0.57948,0.983266,0.403786,0.067231,0.778314,0.0,,,,0.0104744 0.0606978 -0.0158884 0.0389667 0.0183057 0.0273883 0.0578235 0.0439611 0.108611 0.0981331 0.116938 -0.00106504 0.0476138 0.057335 -0.000311978 0.0448339 -0.000485045 0.0869568 0.0669361 0.001455 -0.0404049 0.010119 0.00610259 -0.0158774 -0.023852 0.0030987 0.00663856 -0.00283499 0.0305302 -0.0299602 0.0230924 0.0333458 -0.0200643 -0.0106833 -0.0398227 0.00246845 -0.0483293 -0.00889007,800,0,cuda,1.94,4.36
test,469,beagle_74,beagle,dog,correct,beagle,partition,4,0.90329,38,0.57948,0.696238,0.116758,0.088829,0.471182,0.0,,,,0.0198332 0.0517129 -0.00780488 0.0133413 -0.00374136 -0.00265453 0.0556634 0.0582665 0.0381623 0.0085997 0.154891 0.00142969 0.0298059 -0.00430651 0.00752938 0.0219475 0.00542268 0.0238011 0.0224615 -0.000302343 0.0676354 0.00576348 0.00604677 0.0722075 0.0029558 0.068156 0.0288896 0.00257035 -0.00347355 0.0114823 -0.000692887 0.00519834 0.00210982 -0.00647925 -0.0128317 0.000529317 4.87179e-05 -0.000817494,800,0,cuda,1.5,4.36
test,1350,english_setter_71,english_setter,dog,correct,english_setter,kernel,13,0.960622,32,0.256278,0.834819,0.578541,0.054651,0.894512,0.0,,,,-0.000142009 0.00547479 -0.00484019 -0.0407701 0.0095871 0.379111 -0.00403237 -0.0390978 -0.0103025 0.30683 0.010812 0.00599282 0.0122304 0.129367 -0.00650563 -0.0280857 0.0161844 0.0893734 -0.00861152 0.00840428 -0.0132833 -0.0410109 0.147206 -0.0056188 -0.000935639 7.44021e-05 -0.012772 0.0761192 -0.0261964 -0.0052465 -0.0109037 -0.00102805,800,0,cuda,1.91,4.44
test,1350,english_setter_71,english_setter,dog,correct,english_setter,partition,13,0.960622,32,0.256278,0.82644,0.570162,0.06405,0.879499,0.0,,,,0.0150622 0.000629142 0.00943852 -0.0159297 -0.00702807 0.28029 -0.00115293 0.00403332 0.00138669 0.168046 0.0236994 0.000505224 0.000791653 0.220471 -0.000468002 0.0146031 -0.00110601 0.176071 -0.0191257 -0.000266009 -0.000467285 -0.00229559 0.0333974 0.00114089 -0.00126889 -0.00901887 0.00386198 0.0379404 0.00228896 -0.00161126 0.00145224 0.00201284,800,0,cuda,1.77,4.44
test,2169,miniature_pinscher_8,miniature_pinscher,dog,correct,miniature_pinscher,kernel,21,0.999439,35,0.621532,0.992083,0.370551,0.169364,0.642762,0.0,,,,-0.0141952 -0.00997087 -0.0466855 0.0597213 -0.026126 0.0138187 0.0142899 0.130914 0.0539812 -0.0113538 0.128019 0.0150838 -0.0048082 0.121626 0.0512531 0.0284133 0.00606524 0.123907 0.0206958 -0.00354926 0.0348785 0.0499706 0.0627454 0.0350305 -0.00519399 0.0728482 0.0170227 -0.022495 0.0339267 0.0123134 -0.00498238 0.00959178 0.0189447 -0.0152244 0.0324117,800,0,cuda,2.08,4.4
test,2169,miniature_pinscher_8,miniature_pinscher,dog,correct,miniature_pinscher,partition,21,0.999439,35,0.621532,0.980706,0.359174,0.15051,0.622203,0.0,,,,0.00353519 -0.00132007 0.00286843 0.0502202 0.00306663 0.0253419 0.00543746 0.111816 0.0423244 0.0104401 0.0336372 0.0137696 0.00862715 0.107218 0.0428449 0.000403334 0.00345765 0.217807 0.000681528 0.0133811 0.0264781 0.0349755 0.0934463 0.0239029 0.0151478 0.0242755 0.0014427 0.0173822 0.000624704 0.000970396 0.011219 0.0154002 0.000458715 0.00959767 0.0120088,800,0,cuda,1.52,4.4
test,2811,saint_bernard_37,saint_bernard,dog,correct,saint_bernard,kernel,28,0.999224,43,0.151248,0.355965,0.204718,0.059061,0.779505,0.0,,,,-0.00558076 0.00908285 0.0159996 -0.00880963 -0.0129273 0.029242 -0.0139556 0.00621201 0.0147964 0.00704425 0.00848203 0.0641185 0.0517462 0.0147754 0.0344278 0.198962 0.0246693 0.0280382 0.044226 0.0364486 0.00996864 0.0110319 0.0134959 0.0791007 0.141772 0.0568377 0.00361382 0.081326 0.0103031 0.0196811 0.0036583 0.0145032 0.00479986 0.0194836 -0.00273469 -0.00461009 0.00586723 -0.00346701 -0.012431 -0.0127057 -0.00231934 -0.00735348 0.0134369,800,0,cuda,2.02,4.65
test,2811,saint_bernard_37,saint_bernard,dog,correct,saint_bernard,partition,28,0.999224,43,0.151248,0.647998,0.496751,0.06832,0.804945,0.0,,,,0.000344321 -0.000388894 0.00277793 0.00184676 0.00462921 0.000269674 0.000316024 0.0133744 0.00022146 -0.000419435 0.0161453 0.0366389 0.0153894 0.00759651 0.0307784 0.10618 0.0630577 0.0125846 0.0139953 0.00913891 0.00133199 -0.0077612 0.0100217 0.295766 0.20559 0.064962 0.00418315 0.026225 0.00761697 0.00393028 0.00282282 0.0161863 0.000262148 0.00272226 0.00403501 0.00896369 0.000326601 0.000816662 0.00137477 0.000442925 0.00160278 0.00241207 0.00194582,800,0,cuda,1.75,4.65
test,1531,great_pyrenees_54,great_pyrenees,dog,wrong,samoyed,kernel,29,0.989788,36,0.637018,0.833103,0.196086,0.358167,0.833237,0.0,,,,0.00126514 -0.0160837 0.0194889 0.0111151 0.0147491 0.00977211 -0.00169808 -0.00497764 0.00264552 -0.0013459 0.0500528 0.0377608 0.0710135 0.0333569 0.0224954 -0.00943057 0.161821 0.012059 0.0408089 0.00410056 0.0273533 0.00273621 0.0781785 0.0144297 0.310706 0.00806868 -0.00910317 0.0105031 -0.000422864 0.0643185 -0.0207601 -0.00551371 0.0111122 -0.0151208 0.0181145 0.0154837,800,0,cuda,1.93,4.28
test,1531,great_pyrenees_54,great_pyrenees,dog,wrong,samoyed,partition,29,0.989788,36,0.637018,0.866718,0.229701,0.368842,0.822796,0.0,,,,-0.000141342 -0.00124928 0.00101327 -0.000452169 0.00321134 0.0073281 2.99967e-05 0.00193368 0.000377308 0.00435055 0.0654413 0.0436621 0.105601 0.0370856 0.0142794 0.0096472 0.0860213 0.0293474 0.0271145 0.0555988 0.0464772 0.000270231 0.128348 0.00414947 0.218707 0.0122335 0.0158783 0.00240311 -0.000852488 0.0242211 0.00661262 0.00439979 -0.00462359 0.0142849 0.00524017 0.00110263,800,0,cuda,1.52,4.28
test,3300,Sphynx_240,Sphynx,cat,wrong,chihuahua,kernel,10,0.923914,38,0.335938,0.449444,0.113507,0.017652,0.249937,0.0,,,,-0.0153866 -0.00412799 -0.0248091 0.042725 0.0247766 0.0120692 0.0196949 0.051535 0.0683545 0.0248906 0.0975559 0.0321873 0.0786613 0.0481932 0.0407298 0.0530178 -0.0151882 0.126344 0.0860929 0.00234175 0.0168113 0.0347566 0.0405681 0.0348306 0.000933587 0.0238428 0.0321278 0.0140839 -0.00321027 0.000964678 0.0445043 -0.0139108 -0.0204635 -0.0121357 0.0287131 -0.0232826 -0.0320333 -0.00101621,800,0,cuda,1.87,4.26
test,3300,Sphynx_240,Sphynx,cat,wrong,chihuahua,partition,10,0.923914,38,0.335938,0.336758,0.00082,0.048537,0.472115,0.0,,,,0.00216684 0.0024193 -0.0101542 0.00504617 0.0104723 0.00143369 0.00477272 0.00299025 0.109434 0.00110522 0.233966 0.0118577 0.140162 -0.000688276 0.148998 0.00486397 0.036817 0.109341 0.053878 -0.0657114 0.0208123 -0.00567601 0.0427867 0.025487 0.0197524 0.0107016 0.000988971 0.0042473 -0.00448434 0.000600412 0.00845018 -0.00147798 -0.00341537 0.00044411 -0.000430589 -0.00248701 -0.00129466 -0.00243367,800,0,cuda,1.57,4.26
test,928,British_Shorthair_41,British_Shorthair,cat,wrong,Abyssinian,kernel,0,0.346865,29,0.456573,0.799916,0.343343,0.012407,0.328018,0.0,,,,-0.0105855 -0.0163016 -0.016403 0.0164571 0.000911189 -0.0189595 -0.0103045 -0.0105279 0.0233269 -0.0216432 -0.0334802 0.00260519 0.0341521 -0.00972109 0.057439 0.0497457 0.0461058 0.00218012 0.00705927 0.00627041 0.0398908 0.0601839 0.0113065 0.00605232 0.0350091 0.024224 0.0486621 -0.00675205 0.00649662,800,0,cuda,1.79,4.16
test,928,British_Shorthair_41,British_Shorthair,cat,wrong,Abyssinian,partition,0,0.346865,29,0.456573,0.968721,0.512149,0.03295,0.137737,0.0,,,,-0.00419486 -0.0480405 -0.00455499 0.0150189 0.00167597 -0.0588214 -0.00167417 0.00217653 -0.00146149 0.000190019 0.00213114 -0.0273325 0.0696399 0.000487624 -0.0223061 0.0367652 0.00237602 0.00757158 -0.0359028 -0.0144011 0.0501349 0.0353828 0.0181382 0.0408577 0.0357142 0.0829374 0.126168 0.00652151 0.00820217,800,0,cuda,1.58,4.16
test,1896,leonberger_23,leonberger,dog,correct,leonberger,kernel,19,0.846063,38,0.841558,0.908207,0.066649,0.050526,0.23824,0.0,,,,0.0224021 0.0144572 -0.0290207 0.0808321 0.0230614 0.0393986 0.0195524 0.0754294 0.0633131 0.0885244 0.0474679 0.0282906 0.0285072 0.0958978 0.035867 0.0408644 -0.0309225 -0.00188674 -0.00466272 0.0376263 0.0511806 0.100912 0.00303385 0.0366255 0.00146274 0.0340552 0.0235714 -0.0265889 0.0208289 -0.0166323 0.0254392 0.00437483 0.000322434 0.00135955 -0.0197091 0.0100194 -0.0453829 -0.0372447,800,0,cuda,1.88,4.2
test,1896,leonberger_23,leonberger,dog,correct,leonberger,partition,19,0.846063,38,0.841558,0.890429,0.048871,0.021404,0.274294,0.0,,,,0.0222254 0.0211089 0.0103634 0.0773812 0.011447 0.0814034 0.0132751 0.0710492 0.0574638 0.0683599 0.022764 0.0300373 0.0665868 0.0682016 0.0339097 0.0349665 0.0239476 0.00791558 0.0037661 0.00596346 0.0914996 0.0425409 -0.00061109 0.00354891 -0.00174059 0.0167793 -0.0155548 -0.00657596 0.0153046 -0.00816789 -0.00862708 0.00149997 -0.0113567 0.00147634 -0.00512728 0.000218622 -0.00215836 -0.00245718,800,0,cuda,1.54,4.2
test,2721,Russian_Blue_34,Russian_Blue,cat,correct,Russian_Blue,kernel,27,0.999109,34,0.561205,0.979763,0.418559,0.110309,0.780101,0.0,,,,0.0191719 0.00990617 0.00253066 0.0242403 0.0453338 0.146769 0.0362022 -0.0104022 0.0114379 0.0622068 0.138412 0.123414 0.0333764 -0.00863338 -0.00369406 0.0124533 0.0321873 0.00437539 0.0058043 0.06018 0.0139512 0.0674334 0.000432255 0.0197103 -0.0206544 0.00921483 0.016202 -0.0114722 0.0439295 0.0893135 -0.0085275 0.00461668 0.00754172 0.0111387,800,0,cuda,1.88,4.42
test,2721,Russian_Blue_34,Russian_Blue,cat,correct,Russian_Blue,partition,27,0.999109,34,0.561205,0.659023,0.097818,0.239679,0.680797,0.0,,,,6.52062e-05 -0.00384885 0.000468846 0.00803095 -0.000282302 0.121478 -0.0073642 0.0577507 0.0423768 0.0485774 0.117091 0.276796 0.0180889 0.00775171 0.0214034 0.0168325 0.0289097 0.000992916 0.00300129 0.130086 -0.00142992 0.00941503 0.00123825 0.00407632 0.00441289 0.00547493 0.00380317 0.00565752 0.00358669 0.0335269 0.00643382 0.0017929 0.00602858 0.0158785,800,0,cuda,1.76,4.42
test,1619,havanese_43,havanese,dog,correct,havanese,kernel,16,0.991855,37,0.435826,0.635717,0.199891,0.269661,0.745891,0.0,,,,0.00928473 0.000855741 -0.0072015 -0.00395064 -0.000451969 0.012477 0.0821579 0.00610113 0.0492809 0.0655717 0.039583 0.0264539 0.0159961 0.127947 0.0888762 0.0409927 0.0237707 0.0415975 0.011062 0.0191285 0.0336599 0.0817143 0.0469312 -0.000869256 0.0413876 -0.00949227 0.0252471 0.0101027 0.00771568 0.0016137 0.011075 -0.00684302 0.0077118 0.00680111 0.00150462 0.0482737 0.0107884,800,0,cuda,1.91,4.34
test,1619,havanese_43,havanese,dog,correct,havanese,partition,16,0.991855,37,0.435826,0.676455,0.240629,0.256024,0.719162,0.0,,,,-0.00787957 -0.00490665 0.00123682 0.00704739 0.0158549 -0.000870614 0.101257 0.013186 0.0287607 0.0855266 0.0077773 0.0236372 0.00973009 0.0825355 0.273735 0.0227877 0.0114712 0.0365536 0.0159391 0.0280598 0.00625331 0.0481343 0.0448633 0.0109392 0.0181139 -0.00294287 0.0562496 0.00279259 0.000134087 0.0120518 3.90429e-05 -0.00161715 0.00368692 0.013192 0.00137457 0.000518241 0.00163286,800,0,cuda,1.64,4.34
test,1469,german_shorthaired_89,german_shorthaired,dog,correct,german_shorthaired,kernel,14,0.985478,42,0.616829,0.988996,0.372167,0.117497,0.671887,0.0,,,,0.0227842 0.038141 0.00282014 0.0351877 0.0205102 0.0832987 0.00287386 -0.00820539 0.0150647 0.00550585 0.0747626 0.0239041 -0.0124173 0.0815218 0.0414259 0.0475067 -0.0407584 -0.0113318 0.0436989 0.00699207 0.0209786 -0.00294018 -0.00692232 -0.0354626 0.106595 0.00696384 0.0258782 0.0176424 0.00312067 0.0646103 -0.00703083 0.0082916 -0.000655929 0.0368992 0.0531705 0.040991 0.00669574 -0.00492561 0.0106572 0.0652764 -0.0125265 0.0849644,800,0,cuda,2.04,4.38
test,1469,german_shorthaired_89,german_shorthaired,dog,correct,german_shorthaired,partition,14,0.985478,42,0.616829,0.882055,0.265226,0.124473,0.582794,0.0,,,,0.0493663 0.0332338 0.00527221 0.045871 0.0250339 0.0667066 0.0375587 0.0306872 0.0126551 -0.000225953 0.0282198 0.0243035 -0.0205854 0.130654 0.0271853 0.0304916 -0.00316426 0.03008 0.036359 0.00890698 0.0247631 -0.0114902 0.0045236 0.00407913 0.0398268 0.000689885 0.0416112 0.00896709 0.00494394 0.0329805 0.0243015 0.00639894 0.000659484 0.034314 0.0527031 0.0139719 0.00925 0.0016634 0.00502585 0.0266856 -0.00210782 0.0331861,800,0,cuda,1.54,4.38
test,1141,Egyptian_Mau_59,Egyptian_Mau,cat,correct,Egyptian_Mau,kernel,11,0.974331,32,0.307717,0.759347,0.45163,0.096539,0.875128,0.0,,,,0.00299431 -0.00587769 0.00162407 -0.00355917 0.00794587 -0.0062169 -0.00586485 -0.0182776 -0.0156674 0.0152969 -0.0255791 0.0139916 0.0161558 0.0587256 0.013744 0.186015 0.0103855 0.0209446 0.179704 -0.000802156 0.147706 -0.0209547 0.0192969 0.188406 0.0316133 0.00420744 0.0633304 -0.00972358 -0.00764703 -1.8843e-05 -0.00128123 0.0384731,800,0,cuda,1.85,4.21
test,1141,Egyptian_Mau_59,Egyptian_Mau,cat,correct,Egyptian_Mau,partition,11,0.974331,32,0.307717,0.746034,0.438317,0.131811,0.861745,0.0,,,,-0.000454781 -0.00104802 -0.00691166 0.0224498 -0.00138842 -0.00077289 -0.000924474 -0.0020207 -0.000442652 -0.00728149 -0.00199109 -0.00547641 0.0112507 0.0394733 -0.0124069 0.185037 -0.00695266 0.0226459 0.252113 0.0449575 0.127184 0.000601885 0.0466084 0.0411821 0.0325828 0.0107557 0.0744635 0.000300617 0.0146126 0.000800073 0.0155567 0.00458732,800,0,cuda,1.62,4.21
test,2934,samoyed_58,samoyed,dog,correct,samoyed,kernel,29,0.998479,33,0.524314,0.89602,0.371705,0.240997,0.943353,0.0,,,,-0.0300087 -0.0207636 -0.00488761 -0.0138069 -0.0341044 0.0210185 0.0441231 0.0062198 0.0248762 0.0163883 -0.00441039 0.0383376 -0.0226571 0.15787 -0.00254507 0.224103 0.0691875 0.101033 0.031167 -0.0436661 0.118989 0.0859447 -0.000974104 -0.00258373 0.0445142 0.0295148 0.0264725 -0.0181175 0.09208 -0.00203629 -0.000434702 0.0383376 0.00856187,800,0,cuda,1.69,4.86
test,2934,samoyed_58,samoyed,dog,correct,samoyed,partition,29,0.998479,33,0.524314,0.836689,0.312375,0.349367,0.810374,0.0,,,,0.0019525 0.000520731 -0.00258048 -0.000161945 0.00360202 0.000598107 0.028693 0.0503777 0.0142107 -0.000651874 0.00128511 0.094309 0.000168654 0.143334 0.000986323 0.133978 0.0489626 0.0551222 0.0071439 0.00550222 0.0598525 -0.00111013 0.0474913 0.00594841 0.00489032 0.132103 0.0058984 0.0120351 0.06582 0.0216488 0.0229796 0.0079797 0.00485351,800,0,cuda,2.28,4.86
test,1913,leonberger_39,leonberger,dog,correct,leonberger,kernel,19,0.938666,37,0.489656,0.919255,0.429599,0.036681,0.573963,0.0,,,,0.0306485 0.0224406 0.0261964 0.00183684 0.0127976 -5.35283e-05 0.0453122 0.275511 -0.00228988 0.0216062 0.0123691 0.020222 0.00649042 -0.00157941 0.0531783 0.0334279 0.0866525 0.091728 -0.0201987 0.0413819 0.0247364 0.0219055 0.0119932 0.0375501 0.0283626 0.00774189 0.0408942 -0.0172042 -0.0032538 -0.00209956 0.0112838 0.00598444 0.000855596 -0.0017825 -0.00619268 0.0120761 0.00470096,800,0,cuda,2.15,4.77
test,1913,leonberger_39,leonberger,dog,correct,leonberger,partition,19,0.938666,37,0.489656,0.912426,0.422769,0.041379,0.638038,0.0,,,,0.0371695 0.0253042 0.0312279 0.000166233 0.00940078 -0.000234932 0.12719 0.343808 0.0106254 0.0163466 0.0245041 -0.00389961 0.00860995 0.00105944 0.0770315 0.0652974 0.0458294 0.0280948 -0.00435074 0.0233024 0.0103639 0.0115615 0.00539388 0.0198793 0.0116919 0.00294745 0.0095447 0.00129436 -0.00451566 -0.00173757 0.00786503 0.00342315 -0.0010209 -0.00373785 -0.000783311 -0.000862503 -0.00255952,800,0,cuda,1.73,4.77
test,956,British_Shorthair_6,British_Shorthair,cat,correct,British_Shorthair,kernel,9,0.988519,35,0.362962,0.978349,0.615387,0.163068,0.843603,0.0,,,,0.0506226 0.0103282 0.0353127 0.00217796 0.0225176 -0.00161231 0.123421 -0.00920382 0.0166254 -0.0142003 0.111429 -0.0172473 -0.00273502 0.0301344 0.117685 0.0183058 0.0165735 0.00293505 0.0137901 0.0907944 0.0718801 0.0433348 0.0484348 0.0497311 0.00960928 0.00890171 0.0034998 0.0251081 0.0179708 -0.0114751 0.00720331 0.00919268 -0.0240182 0.0105164 -0.0126195,800,0,cuda,1.89,4.57
test,956,British_Shorthair_6,British_Shorthair,cat,correct,British_Shorthair,partition,9,0.988519,35,0.362962,0.976907,0.613945,0.164464,0.75523,0.0,,,,0.028171 0.0118685 0.0330201 -0.0115306 0.0223459 -0.00496093 0.201933 0.0103499 -0.00130684 0.00436159 0.199798 0.00514602 0.00219799 0.0111461 0.0937578 0.0070942 0.00983169 0.00580986 -0.0148666 0.0725582 0.0716528 0.018845 0.0090281 0.0385312 0.073919 0.00905041 -0.00406804 0.00389838 0.00238119 -0.000956186 -0.00143497 0.00263784 -0.0140081 -0.0155363 -0.00574157,800,0,cuda,1.84,4.57
test,1488,great_pyrenees_197,great_pyrenees,dog,correct,great_pyrenees,kernel,15,0.99381,49,0.767459,0.991397,0.223939,0.048864,0.680579,0.0,,,,0.0505343 -0.0104761 0.00793386 -0.0116423 0.0305336 -0.0170615 0.0773827 -0.0011006 0.00131954 -0.00555974 0.116922 0.0192506 0.0312442 0.27493 0.0770326 -0.0309345 0.000496051 0.026253 0.0446032 -0.000326841 -0.0155842 -0.023323 0.00367699 -0.00657136 0.047331 0.0404703 0.0124084 0.0230745 -0.00916428 0.0588954 0.0232184 0.00992652 -0.00982011 0.00143133 0.0243109 -0.0135105 0.0401851 0.0111829 -0.00723476 0.0315183 -0.00556432 0.0304816 0.0173755 -0.00609788 0.0414007 -0.012647 0.0139197 -0.00730621 -0.0070031,800,0,cuda,1.78,4.39
test,1488,great_pyrenees_197,great_pyrenees,dog,correct,great_pyrenees,partition,15,0.99381,49,0.767459,0.992251,0.224793,0.054476,0.654057,0.0,,,,0.0248519 0.00113149 -0.000698623 0.000511676 0.0140143 0.0110271 0.0382977 0.0024202 0.00695166 -0.00152394 0.103395 -0.00526926 0.0553547 0.247187 0.127472 0.0215219 0.0198413 0.03027 0.0291409 0.0135311 0.0200415 0.0059303 0.00620268 0.00363293 0.0537245 0.0228859 0.0149307 0.00200263 2.59171e-05 0.115222 0.00190437 0.000557739 6.3991e-06 0.000827914 5.24482e-05 -4.25101e-05 0.000248399 -4.15334e-05 0.000155428 0.00111883 -0.000137867 1.19317e-05 -5.35756e-05 3.24311e-05 -0.000119489 1.9184e-05 -7.06015e-05 -0.000145327 -3.65833e-05,800,0,cuda,1.63,4.39
test,25,Abyssinian_24,Abyssinian,cat,correct,Abyssinian,kernel,0,0.99569,34,0.395229,0.623837,0.228609,0.180238,0.7329,0.0,,,,-0.00187175 0.0114319 0.0224716 0.00760434 0.189239 -0.0125577 0.000808853 -0.00576228 0.0604958 -0.0148051 -0.0106766 0.10068 0.0459272 -0.00723283 0.00902879 0.130505 0.0435179 0.0254011 -0.00375779 -0.0146493 0.0237283 0.0198751 0.00850908 -0.00719819 0.177548 0.0507467 0.0346052 0.0272912 0.0602508 0.00402724 0.0194001 0.00397851 -0.0218783 -0.00445805,800,0,cuda,1.68,4.17
test,25,Abyssinian_24,Abyssinian,cat,correct,Abyssinian,partition,0,0.99569,34,0.395229,0.801993,0.406764,0.19475,0.462943,0.0,,,,0.00202865 -0.00277604 -0.0208098 0.0329502 0.214081 -0.000325203 0.00168805 -0.00679267 0.0291213 -0.000173382 0.0017784 0.0221295 0.0390568 0.00366359 0.00124207 0.00830209 0.015896 0.0311056 0.0131204 0.0141062 0.0250217 0.0196795 0.0195816 0.0130494 0.161617 0.0762546 0.00913056 0.182995 0.0150937 0.00156666 0.0239668 0.0088647 0.00770913 0.008302,800,0,cuda,1.71,4.17
test,1134,Egyptian_Mau_51,Egyptian_Mau,cat,correct,Egyptian_Mau,kernel,11,0.646105,36,0.326252,0.759103,0.432852,0.054943,0.751655,0.0,,,,0.0099484 -0.00535207 -0.0270013 -0.0519303 -0.0166072 -0.0063896 -0.00813372 -0.0125311 0.0541453 -0.00662488 0.00223386 0.000144912 -0.018891 0.02589 -0.0134769 0.00967472 0.0491818 -0.0263364 -0.0480893 0.13338 0.0648255 0.0166794 0.0132553 0.0964721 0.0921037 0.0958536 0.00788842 -0.0492589 0.00137795 0.034489 0.0616878 -0.00264981 0.0783436 -0.0125907 0.0261119 0.00304009,800,0,cuda,2.15,4.54
test,1134,Egyptian_Mau_51,Egyptian_Mau,cat,correct,Egyptian_Mau,partition,11,0.646105,36,0.326252,0.682588,0.356337,0.066186,0.681665,0.0,,,,-0.0152858 -0.00790481 -0.0088924 -0.0417322 -0.00626526 -0.0277989 -0.00911098 -0.0181372 0.018968 -0.00661295 -0.00499845 -0.0184733 0.000904618 -0.00901251 0.00463691 -0.00333851 0.0501974 -0.00139315 -0.0093797 0.104976 0.0335416 0.00166999 -0.00680133 0.130669 0.157346 0.0535202 -0.00102653 -0.00193147 -0.00465174 0.0514479 0.0737498 -0.000333528 0.0943259 -0.00850185 0.00870163 -0.00220781,800,0,cuda,1.58,4.54
test,2197,newfoundland_24,newfoundland,dog,correct,newfoundland,kernel,22,0.998925,39,0.662129,0.992249,0.33012,0.236266,0.78065,0.0,,,,-0.0085873 0.0368308 0.0101872 0.204081 0.0195948 0.00522787 0.106601 -0.000887382 0.0244903 -0.0132929 0.0099127 0.00773254 -0.000623621 0.0273452 0.0195958 0.107958 0.132943 0.0119271 0.000228886 -0.00456312 0.00703946 0.0455076 0.020157 0.0252521 0.00979682 0.0191661 0.0110642 0.00781034 -0.00478554 0.0355666 -0.00218044 0.0173422 0.0267454 0.0354626 0.00579255 0.0133217 -0.00638584 0.0124534 0.0173178,800,0,cuda,1.87,4.26
test,2197,newfoundland_24,newfoundland,dog,correct,newfoundland,partition,22,0.998925,39,0.662129,0.865739,0.203609,0.238188,0.801497,0.0,,,,0.00210693 0.0546329 0.00532135 0.269159 0.00483124 0.00308378 0.247871 0.0133313 0.0358823 0.00990197 0.00974932 0.0320214 0.00850936 0.0263746 0.00535903 0.0858222 0.128657 0.00443749 0.00458343 0.00093752 0.00417651 0.00630453 0.000432966 0.000967765 4.73421e-05 0.000986255 0.00708153 0.00426131 0.000768323 0.000726603 0.000553897 0.00211635 0.00439067 0.00214499 0.0021213 0.000365837 0.000948158 0.00164379 0.000534744,800,0,cuda,1.58,4.26
test,925,British_Shorthair_39,British_Shorthair,cat,correct,British_Shorthair,kernel,9,0.964142,34,0.620356,0.960672,0.340315,0.120471,0.621288,0.0,,,,-0.0137488 0.0196742 -0.00174033 -0.00408127 0.00790078 -0.00112867 0.0220967 0.00268332 0.152137 0.0113781 0.0206797 -0.00187706 0.0818702 0.0585184 -0.00777605 0.244221 0.0496538 0.0222181 0.00426313 0.0163075 -0.0322139 0.0222107 0.0303562 0.0734435 0.0338333 -0.00963342 0.0355205 0.00930628 -0.0034788 0.0341974 -0.0377741 0.00295082 -0.0119406 0.0205178,800,0,cuda,1.72,4.36
test,925,British_Shorthair_39,British_Shorthair,cat,correct,British_Shorthair,partition,9,0.964142,34,0.620356,0.969798,0.349441,0.124066,0.603799,0.0,,,,-0.00622916 0.021294 -0.00111122 -0.0120528 -0.000881252 -0.00419669 0.0298125 0.00283066 0.107808 0.0518098 -0.00562145 0.0136499 0.0351156 0.108135 -0.0454562 0.13116 0.0173547 0.00266441 0.0173984 0.0225233 -0.00782186 0.0154636 0.0330952 0.0706399 0.0458123 0.00265831 0.0228851 0.1074 0.00524389 0.0185006 0.00678011 0.0291685 0.0108923 0.00381968,800,0,cuda,1.86,4.36
test,3224,Siamese_44,Siamese,cat,correct,Siamese,kernel,32,0.993565,38,0.424127,0.79176,0.367633,0.094662,0.823461,0.0,,,,0.013464 -0.00142349 -0.00936493 0.013963 -0.00970833 -0.00886904 0.193685 0.0102241 0.0195036 -0.00645017 -0.00345753 0.192291 0.181664 0.00769403 0.0909773 0.0530446 0.0225403 0.00725039 0.0293663 0.0649884 0.0129251 -0.00616979 0.0115132 0.0537342 0.00702737 -0.000320298 -0.00448023 0.0154518 0.0211885 -0.00769408 -0.00489223 0.00607913 0.0187915 -0.0135867 -0.00943346 0.00763096 0.0110125 -0.00136347,800,0,cuda,1.78,4.43
test,3224,Siamese_44,Siamese,cat,correct,Siamese,partition,32,0.993565,38,0.424127,0.598555,0.174428,0.092085,0.844716,0.0,,,,0.00868795 0.00628074 0.00413096 0.00874934 0.00424702 0.00881358 0.171244 0.00240601 0.0301435 0.00141043 0.00695583 0.326415 0.144111 0.00537295 0.125022 0.00290617 0.0177792 0.00137819 0.0247437 0.0261855 0.0079374 -0.000101625 0.00169737 0.0294775 0.000109336 0.000458558 0.00217985 0.00136633 0.000638569 0.0006623 0.000689964 0.00211697 0.00191123 0.000245529 0.00129915 0.000483382 0.000336816 0.000304074,800,0,cuda,1.83,4.43
test,1552,great_pyrenees_73,great_pyrenees,dog,correct,great_pyrenees,kernel,15,0.966064,37,0.346201,0.781277,0.435076,0.010505,0.920156,0.0,,,,0.0274614 0.0077692 -0.00355756 0.00893923 0.359671 -0.0275528 0.0124171 -0.018805 0.321429 0.0470776 0.0173094 0.0231896 0.148138 0.00539301 0.0115739 0.0482043 0.004971 -0.00654005 0.0049211 -0.0058135 0.00114511 0.0146256 0.00140274 0.00351893 -0.000411101 0.00482666 0.0139893 0.00165174 -0.0287154 -0.0200634 -0.000820823 0.00440157 -0.0100515 0.0161508 0.00130059 -0.026666 -0.00191056,800,0,cuda,1.74,4.35
test,1552,great_pyrenees_73,great_pyrenees,dog,correct,great_pyrenees,partition,15,0.966064,37,0.346201,0.628922,0.28272,0.014716,0.895317,0.0,,,,0.0169776 0.00479234 0.0478894 0.00671228 0.255819 0.00100523 0.001397 0.0203856 0.500264 0.00490409 0.00893801 0.00184506 0.068022 0.00113491 0.00745289 0.0186336 0.000297693 0.000939583 -0.000930605 -0.00120385 3.66307e-05 0.000438927 -0.000488084 -0.00156098 -4.90645e-05 -0.00199803 -0.00082489 3.564e-05 -0.000108954 -0.000369252 0.000665811 0.000921831 -0.00121058 -8.09697e-05 -0.000386032 -0.000376258 0.000648186,800,0,cuda,1.78,4.35
test,2744,Russian_Blue_64,Russian_Blue,cat,correct,Russian_Blue,kernel,27,0.993296,37,0.594348,0.837325,0.242977,0.147854,0.673444,0.0,,,,0.0156203 0.0255433 -0.0265308 0.147607 0.0365824 0.00729625 -0.00822098 0.00732801 0.0163094 0.000860901 0.0299275 0.114284 -0.0266958 0.0892919 0.0192625 0.016709 0.0457365 0.129419 0.025995 -0.0141152 0.00342398 0.0475574 0.0165414 0.0836221 0.00921412 -0.00966678 -0.0125903 0.035432 0.0583629 0.0317694 0.0159646 0.0100421 0.0256044 -0.0211993 0.0127876 0.023608 -0.000394534,800,0,cuda,1.71,4.23
test,2744,Russian_Blue_64,Russian_Blue,cat,correct,Russian_Blue,partition,27,0.993296,37,0.594348,0.823684,0.229336,0.170652,0.756683,0.0,,,,0.00843919 0.00629317 0.0226967 0.0841227 0.0136525 0.018672 0.0130466 0.0940446 0.0415339 0.017113 0.00136522 0.0565148 -0.00885618 0.1844 0.00502244 0.0421331 0.0630719 0.142345 0.0423016 0.00197546 0.00325199 0.0816741 0.00431968 0.039955 0.00725221 -7.92964e-07 0.00304905 0.0034471 0.000867028 1.58068e-07 -0.000748435 -0.000408944 2.33692e-05 -0.00378487 -0.00438243 -0.0018942 -0.000218207,800,0,cuda,1.69,4.23
test,843,boxer_61,boxer,dog,correct,boxer,kernel,8,0.999723,38,0.906748,0.993297,0.086549,0.381924,0.513874,0.0,,,,0.0215466 0.0421772 0.0476735 0.032408 0.00126787 -0.0115196 0.00362094 0.0285735 0.0854707 0.0184344 0.0694013 -0.00465139 0.0356485 0.00651007 0.00647576 0.0183658 0.103472 0.0194724 0.0153064 0.0465672 0.0435746 -0.0181236 0.0428466 0.0164766 0.0517593 0.00751488 0.00483414 0.0460771 0.0358273 0.0522047 -0.0153461 0.0402173 0.012606 0.0418565 -0.00312257 0.0167486 0.0290287 -0.001747,800,0,cuda,1.78,4.3
test,843,boxer_61,boxer,dog,correct,boxer,partition,8,0.999723,38,0.906748,0.999554,0.092806,0.28395,0.431999,0.0,,,,0.0128147 0.00962939 0.0250585 0.0163557 0.0079512 0.00399211 0.0108911 0.0263167 0.030089 0.0040999 0.0123193 0.0123574 0.00324964 0.0107438 0.0732096 0.0086629 0.0686632 0.0421684 0.0338511 0.0438741 0.0466617 -0.00503253 0.0451418 0.0174383 0.0314301 0.0125692 0.0188079 0.100708 0.103375 0.0184207 0.0323245 0.0327759 0.00487255 0.0202956 0.0148075 0.00444304 0.0260507 0.00806696,800,0,cuda,1.68,4.3
test,1645,havanese_67,havanese,dog,correct,havanese,kernel,16,0.993235,35,0.636041,0.989454,0.353413,0.143469,0.738274,0.0,,,,-0.107916 0.00343564 0.0485629 0.0585197 0.0524758 0.17126 0.102506 -0.00757206 -0.0361304 0.144677 0.069152 -0.000885603 -0.0112882 0.0265385 0.02828 0.0289829 0.0460668 0.0138014 0.0327297 0.00328091 0.0249524 0.0427494 -0.0298056 -0.0152862 -0.00424945 0.0179779 0.0265352 0.0557276 0.0276856 -0.0118675 0.0756199 -0.01112 -0.00920009 0.0714823 0.0405572,800,0,cuda,1.72,4.06
test,1645,havanese_67,havanese,dog,correct,havanese,partition,16,0.993235,35,0.636041,0.995669,0.359628,0.279425,0.752859,0.0,,,,-0.0148819 -0.00266552 0.00711709 0.0332704 0.0241492 0.0403624 0.0342274 0.0106188 0.0274049 0.0391702 0.0343728 0.00540758 0.0199246 0.0126758 0.0229309 0.0331439 0.0283846 0.0250712 0.0590922 0.0591311 0.0589682 0.0587225 0.033376 0.00299489 0.00374492 0.035966 0.0975483 0.0461623 0.00473355 -0.000771855 0.0616881 0.00100186 -0.0017644 0.058787 0.00816972,800,0,cuda,1.6,4.06
test,2937,samoyed_60,samoyed,dog,correct,samoyed,kernel,29,0.964147,35,0.61643,0.799895,0.183465,0.121168,0.876663,0.0,,,,-0.0261827 0.00736469 0.0056207 -0.0321984 0.0494053 -0.000697395 8.40168e-05 -0.0165067 0.00171587 0.471352 0.002225 -0.0114792 0.032168 0.0459936 -0.0291811 0.0160961 0.09146 0.0074272 0.0354035 0.208391 -0.00638058 -0.0226323 0.0486355 0.00873876 -0.0184374 -0.00291259 0.00664082 0.0301731 0.0120043 -0.00709379 -0.00334237 -0.00306724 0.00198985 0.0120427 0.0285908,800,0,cuda,1.85,4.29
test,2937,samoyed_60,samoyed,dog,correct,samoyed,partition,29,0.964147,35,0.61643,0.85772,0.24129,0.122515,0.867976,0.0,,,,-0.00347736 -0.00499927 -0.0112231 -0.0178837 0.0047697 0.0894803 -0.00789881 -0.00405611 -0.0255069 0.38032 -0.000218262 0.00865139 0.0329698 0.135613 0.0053457 0.0139479 0.0929028 0.00650156 -0.00386843 0.163214 0.00417289 -0.00169012 0.0216627 0.0158651 -0.00380896 0.00139841 -0.00311808 0.025612 0.00384277 0.00501006 0.002315 0.00209573 0.00439772 -0.00156014 0.0126324,800,0,cuda,1.62,4.29
test,2646,Ragdoll_68,Ragdoll,cat,correct,Ragdoll,kernel,26,0.999713,33,0.743802,0.906813,0.163011,0.080757,0.715624,0.0,,,,-0.00875955 0.00347765 0.00267995 -0.0032307 0.0220435 0.00553039 0.0183472 -0.0139059 0.124339 0.0234806 0.0183557 0.0131476 0.0786895 0.00513966 0.0314185 0.243861 -0.00668574 0.1023 0.0178465 0.013393 0.0877687 0.11343 -0.0039117 0.0171771 -0.00140506 0.0209095 0.0429879 0.015124 0.0172082 -0.0108528 -0.00133166 0.00490276 -0.0113543,800,0,cuda,2.13,4.55
test,2646,Ragdoll_68,Ragdoll,cat,correct,Ragdoll,partition,26,0.999713,33,0.743802,0.92049,0.176688,0.181449,0.68018,0.0,,,,0.00883656 0.0106986 0.00595549 -0.000536348 -0.0066998 0.00668587 0.0035915 0.0113963 0.111739 0.0325236 0.00932675 0.0124474 0.0918605 0.00114514 0.101499 0.191079 0.000588601 0.0344919 0.0112134 0.0146833 0.193527 0.0368765 -0.000589698 0.0319089 0.0018862 0.0250194 0.0172753 0.0124644 -0.00392274 0.00217591 0.00921142 0.00200514 0.00175653,800,0,cuda,1.65,4.55
test,1020,chihuahua_41,chihuahua,dog,correct,chihuahua,kernel,10,0.999972,31,0.419942,0.873182,0.45324,0.028935,0.804718,0.0,,,,-0.00235682 -0.0132781 0.0396865 0.0378147 0.100345 0.00667413 0.00245869 -0.0111741 0.0680061 -0.0130825 0.0352751 0.104222 0.375654 0.0509922 0.00564478 -0.0213878 0.0105563 0.0226626 0.0945645 -0.00348236 0.0714196 -0.0113548 -0.0171684 0.000686632 0.0419336 -0.00839194 -0.000414335 -0.00187534 0.000247998 0.0230825 0.00383937,800,0,cuda,1.84,4.19
test,1020,chihuahua_41,chihuahua,dog,correct,chihuahua,partition,10,0.999972,31,0.419942,0.607942,0.188,0.040511,0.823698,0.0,,,,0.00739466 0.00590516 0.139188 0.023547 0.200034 0.00128999 0.00783211 0.0126353 0.0939453 0.00398571 0.0140892 0.122508 0.195918 0.0902847 0.00423903 0.00247117 0.00229847 0.00864653 0.0204916 0.00144725 0.00698304 0.00275328 0.00433117 0.00383543 0.00640155 0.00164993 0.00152508 0.00358298 0.00142058 3.86954e-05 0.00112805,800,0,cuda,1.65,4.19
test,2187,newfoundland_197,newfoundland,dog,wrong,german_shorthaired,kernel,14,0.699124,38,0.392797,0.989269,0.596472,0.022332,0.367915,0.0,,,,0.0208777 0.0150281 -0.0104785 0.0268672 0.0223832 0.0390551 -0.00524832 0.0852438 0.0210862 0.0120185 0.0286124 -0.00302395 -0.0432583 0.106877 -0.0181573 0.0846965 0.0490782 -0.0136707 -0.00386818 0.0298302 -0.00657959 0.0809797 -0.00345307 -0.00157625 -0.00653412 -0.00808986 0.0410994 0.022816 0.000677966 -0.006635 0.0286972 -0.017641 0.00540486 0.045699 0.00901589 0.0192921 -0.0109 0.0329812,800,0,cuda,1.82,4.25
test,2187,newfoundland_197,newfoundland,dog,wrong,german_shorthaired,partition,14,0.699124,38,0.392797,0.976569,0.583771,0.031142,0.449276,0.0,,,,0.012843 0.0139947 0.00249149 0.000764955 -0.00101542 0.0154006 0.0189535 0.0155542 0.00399826 0.00465252 0.00338713 0.0052106 0.0744247 0.0397208 0.00251169 0.0335515 0.0358966 -0.0206781 -0.00211827 0.106095 -0.00179102 0.0845914 0.0120001 -0.00790806 -0.00551694 0.00656639 0.0581638 0.0467338 -0.00728199 0.014403 0.00994938 -0.0082693 -0.00584506 0.0250261 0.0143597 0.00568406 0.00249351 0.0602044,800,0,cuda,1.54,4.25
test,749,Bombay_63,Bombay,cat,correct,Bombay,kernel,7,0.994094,25,0.515346,0.96774,0.452394,0.164158,0.755953,0.0,,,,0.0325381 0.234809 0.0423188 0.0441668 0.1394 0.152549 0.0487641 0.0487498 0.0155103 0.0319468 -0.00265003 0.00867039 0.00399636 0.117814 -0.000217655 -0.00688275 -0.00788366 -0.00609753 0.0184795 0.0408157 0.0040922 0.00359885 -0.000106572 -0.00544279 0.00789265,800,0,cuda,1.84,4.03
test,749,Bombay_63,Bombay,cat,correct,Bombay,partition,7,0.994094,25,0.515346,0.96774,0.452394,0.156465,0.704754,0.0,,,,0.037956 0.284346 0.00772779 0.0108678 0.135678 0.113733 0.0881996 0.0218332 0.0156096 0.0440885 -0.00210834 0.00428795 0.00444905 0.149725 -0.00160441 -0.00354415 -0.000788383 -0.00086641 0.00634542 0.0351232 -0.00075892 0.00518882 -0.000910064 -0.00107286 0.0133274,800,0,cuda,1.49,4.03
test,3332,Sphynx_44,Sphynx,cat,correct,Sphynx,kernel,33,0.995007,33,0.424047,0.984889,0.560842,0.212131,0.867452,0.0,,,,0.00784829 0.105367 0.0192706 0.0244212 -0.00248953 -0.0152327 0.0444519 -0.00481316 0.270733 0.00560936 0.0983613 -0.0252916 0.0100314 0.067302 0.0284616 0.0110724 0.00861633 0.149088 -0.00460011 -0.0209796 0.083633 0.00733442 0.0390998 0.0170373 -0.00254669 0.0136514 -0.0107966 -0.0255129 -0.00810311 0.000715539 -0.00387419 0.0386564 0.035806,800,0,cuda,1.92,4.45
test,3332,Sphynx_44,Sphynx,cat,correct,Sphynx,partition,33,0.995007,33,0.424047,0.845711,0.421664,0.217607,0.76372,0.0,,,,-0.000215698 0.0923855 -0.00128405 0.0151793 0.0655153 0.00146512 -0.00597789 -0.00551381 0.0236792 0.0118637 0.0588185 0.0086519 -0.00249984 0.146119 0.104341 -0.00059343 0.0429685 0.0842564 0.00939933 -0.00153094 0.0852652 0.0120135 0.112065 0.00571772 0.00558367 0.00491606 0.042584 -0.00368138 0.0205015 0.0143352 -0.00374766 0.00101316 0.0187359,800,0,cuda,1.66,4.45
test,3052,scottish_terrier_75,scottish_terrier,dog,correct,scottish_terrier,kernel,30,0.919577,34,0.620556,0.816113,0.195557,0.046526,0.824415,0.0,,,,0.020278 0.00457893 0.0489988 0.00847924 0.0971419 0.0114672 0.442351 -0.013355 0.0672908 0.0260158 0.206921 0.00233807 0.00566919 -0.0121842 0.00436767 0.00913163 -0.031015 -0.00617042 -0.00374131 -0.0385006 0.00116823 0.0540405 -0.00824055 0.0278144 0.0207575 0.0229803 0.0096046 -0.02049 -0.0279827 -0.00599886 -0.021918 -0.000339684 -0.00174302 0.0118764,800,0,cuda,1.9,4.34
test,3052,scottish_terrier_75,scottish_terrier,dog,correct,scottish_terrier,partition,30,0.919577,34,0.620556,0.915664,0.295108,0.065101,0.84261,0.0,,,,0.0106455 0.000277149 0.0101156 0.046712 0.120684 0.00073502 0.365844 0.00594638 0.0330412 0.0838947 0.193914 0.000321779 0.00106672 0.00798993 0.0468716 0.000962062 0.000727623 0.00499339 -0.000739307 -0.000281797 -0.0099594 7.32111e-05 -0.00135528 -0.000728036 -0.000196568 -0.00379349 -0.00117112 -0.00131549 -0.00419577 -0.00314079 -0.0022753 -0.000948399 0.00136804 0.00550831,800,0,cuda,1.59,4.34
test,2371,Persian_89,Persian,cat,wrong,Birman,kernel,6,0.66028,29,0.503129,0.843459,0.34033,0.322314,0.510895,0.0,,,,-0.00631796 -0.00988684 0.0178678 0.0543222 0.0335703 0.0619113 0.0123552 0.0477791 -0.00463684 -0.0348162 0.023402 -0.0241064 -0.0497016 0.0121004 0.029968 0.0161724 0.0470796 -0.0977484 0.0566683 0.0971272 0.0213029 0.0986862 0.0817675 0.0134902 -0.0125713 0.0931819 0.00358117 0.0148751 0.0313528,800,0,cuda,1.8,4.12
test,2371,Persian_89,Persian,cat,wrong,Birman,partition,6,0.66028,29,0.503129,0.758275,0.255146,0.429502,0.46964,0.0,,,,0.00464702 0.02039 0.0219594 0.00647552 0.0495846 -0.00762532 0.00918898 0.0291641 0.00328879 0.00666915 0.00537361 0.00737233 -0.00526654 0.00808554 0.0134702 0.00247063 0.0188708 0.0384571 0.0309261 0.0287378 0.0048892 0.191463 0.0391448 0.0106724 0.0152985 0.0461779 0.00555693 0.0148065 0.00852693,800,0,cuda,1.57,4.12
test,180,american_bulldog_83,american_bulldog,dog,wrong,american_pit_bull_terrier,kernel,2,0.926734,34,0.639748,0.95621,0.316462,0.048791,0.840016,0.0,,,,0.0010508 0.269328 -0.0302667 0.0180684 0.200428 0.0338693 0.164122 -0.0154776 -0.030576 0.231708 0.00611332 0.00248754 0.0109762 -0.0549062 -0.03689 -0.0287446 0.0308586 0.0398686 0.00202047 -0.00871688 0.0329119 0.028637 0.00675076 0.004218 -0.0113146 0.0167083 0.00209412 -0.0158477 0.0136863 0.0107233 0.0125796 -0.00161242 0.0134286 0.000133055,800,0,cuda,1.9,4.31
test,180,american_bulldog_83,american_bulldog,dog,wrong,american_pit_bull_terrier,partition,2,0.926734,34,0.639748,0.944212,0.304464,0.052794,0.791241,0.0,,,,0.0048519 0.192776 0.0077061 0.00201509 0.165866 0.00460272 0.0947242 -0.0016712 0.00499017 0.140201 0.021307 -0.0590887 -0.0163799 0.0119675 -0.00100004 0.0052183 0.020819 0.0122995 0.00747363 0.0806102 0.0403211 0.0415908 0.0373393 0.0337317 0.00865465 0.0327655 0.00133396 0.0068485 0.00646369 0.00221282 0.00283994 0.00108306 0.00187347 0.00207035,800,0,cuda,1.62,4.31
test,1272,english_cocker_spaniel_91,english_cocker_spaniel,dog,correct,english_cocker_spaniel,kernel,12,0.994644,39,0.457609,0.985386,0.527777,0.027934,0.814848,0.0,,,,0.00390863 -0.0231055 0.00492965 0.00155105 0.0242152 -0.0366368 0.042714 -0.013099 0.0767384 -0.00205791 0.142939 0.153206 0.0159327 0.0117975 0.157166 0.12652 0.014862 -0.0193741 0.0259407 0.0137064 0.0476805 0.0547684 0.00540449 0.0351802 0.029735 -0.031582 0.00766306 -0.00402574 0.0135324 0.0041895 0.0295507 -0.012237 0.0525297 0.00663998 0.028491 0.000344358 -0.00319703 0.00191132 -0.0104417,800,0,cuda,1.82,4.26
test,1272,english_cocker_spaniel_91,english_cocker_spaniel,dog,correct,english_cocker_spaniel,partition,12,0.994644,39,0.457609,0.99248,0.534871,0.055799,0.698053,0.0,,,,-0.00144013 -0.00123814 0.000455072 0.000228891 -0.00443809 0.00271647 0.00238705 0.00875272 0.0198858 -0.00362155 0.0388472 0.0654126 -0.00063162 0.0108598 0.0726893 0.194972 -0.000209693 0.0267046 0.0828293 0.0214044 0.154148 0.145744 0.020746 0.0501952 0.013333 -0.000654422 -0.00125012 0.00944996 0.000411252 1.70911e-05 0.0276946 0.00372857 0.0104157 0.000125257 8.47122e-05 0.000311594 0.00390095 0.00128537 0.00173805,800,0,cuda,1.61,4.26
test,2498,pug_24,pug,dog,wrong,saint_bernard,kernel,28,0.483794,36,0.451989,0.92123,0.469241,0.018426,0.356083,0.0,,,,-0.00206313 0.012875 -0.0082659 0.010239 0.114613 -0.00871667 0.0268199 0.134529 0.0207962 0.00575437 -0.00442014 0.0918345 -0.00643914 -0.0394762 -0.000496795 0.0154581 -0.000848056 -0.0155868 0.00468878 0.0265864 0.0070182 -0.0350982 0.0250863 0.00572577 0.0686694 0.00695462 -0.0234723 0.0347408 -0.00487989 -0.00988169 0.00520583 0.0150445 -0.00795429 0.00755566 0.000723291 0.0015067,800,0,cuda,1.77,4.33
test,2498,pug_24,pug,dog,wrong,saint_bernard,partition,28,0.483794,36,0.451989,0.951879,0.49989,0.02837,0.535423,0.0,,,,-0.0016139 0.0162256 0.00438792 -0.00294463 0.0334087 0.0107242 0.0017359 0.0755018 -0.00130091 0.0183038 0.0172891 0.123061 0.00128527 -0.00193624 0.00464003 0.0133059 0.0398767 0.000490858 -0.000173483 0.0243515 0.000171022 -0.0134344 0.0102457 -0.0030226 0.112304 -0.0114704 -0.011061 0.0175308 -0.00458288 0.00173662 -0.00148931 0.00313747 -0.00774659 0.00719606 -0.00083228 -0.000474601,800,0,cuda,1.76,4.33
test,1434,german_shorthaired_57,german_shorthaired,dog,correct,german_shorthaired,kernel,14,0.999931,37,0.351662,0.558953,0.207291,0.362569,0.858445,0.0,,,,-0.0459017 -0.00342997 0.00334771 0.036181 0.00171089 0.0404662 -0.00416338 0.0301998 0.0123139 0.0157045 0.0211145 0.00065896 0.0748356 0.0320032 -0.0100009 0.0470258 0.0589259 0.135167 0.0367523 -0.000184595 0.0366307 -0.0149704 -0.00703861 0.188939 0.0827898 -0.0459017 -0.0221605 0.0328407 0.0381541 0.047008 0.0194228 0.0143748 0.00610979 0.0366014 0.0274987 0.0390545 0.00793077,800,0,cuda,1.67,4.32
test,1434,german_shorthaired_57,german_shorthaired,dog,correct,german_shorthaired,partition,14,0.999931,37,0.351662,0.421057,0.069395,0.309797,0.834661,0.0,,,,-0.000859888 -0.000158115 0.000520448 0.00920464 0.00766522 0.0140026 0.00920263 0.0573306 0.021036 0.0205834 0.00628472 0.00539024 0.0332905 0.0397413 0.00360694 0.0510469 0.101037 0.0987219 0.0105693 0.0257227 0.0462636 0.00682265 0.000371135 0.13079 0.0211575 0.0221225 0.0357738 0.0410295 0.0086855 0.00483924 0.04299 0.0131332 0.00571657 0.0542179 0.00175804 0.00539072 0.0150084,800,0,cuda,1.9,4.32
test,607,Birman_1,Birman,cat,correct,Birman,kernel,6,0.936106,35,0.44304,0.984826,0.541785,0.430663,0.834174,0.0,,,,0.013481 0.0458269 -0.00730856 0.00852367 -0.00604666 0.00843201 0.0708291 -0.0135425 0.00119498 0.0300691 0.0230163 0.186846 0.0723895 -0.00863639 0.0309194 0.0178882 0.0553418 0.0317825 0.0494262 0.0291846 0.0515809 0.0335317 -0.00139571 0.0210727 0.00762794 0.0105692 -0.00290643 0.0320592 0.0765567 0.00663707 0.017316 0.00805925 0.0235081 -0.00689695 -0.0123351,800,0,cuda,1.62,4.11
test,607,Birman_1,Birman,cat,correct,Birman,partition,6,0.936106,35,0.44304,0.98362,0.54058,0.452047,0.805479,0.0,,,,0.0201314 0.0365119 0.000755955 0.00937958 0.0106455 -0.00522971 0.0494878 -0.00290554 0.0122999 0.0313023 -9.55855e-05 0.284671 0.0252466 0.00437407 0.0282557 0.0157078 0.0318488 0.0209766 0.00663346 0.0566945 0.0447705 0.161029 0.00146632 0.0587895 0.00166875 2.91631e-05 0.00145002 0.000269714 0.0378801 -0.00347936 -0.0212087 -0.00323478 -3.46678e-05 -0.0113905 -9.54915e-05,800,0,cuda,1.71,4.11
test,3091,shiba_inu_20,shiba_inu,dog,correct,shiba_inu,kernel,31,0.999891,44,0.470603,0.945372,0.474768,0.205652,0.961203,0.0,,,,-0.0062979 -0.0116256 0.0401998 0.0205541 -0.035118 0.00258117 -0.00102856 0.17073 -0.01523 0.230633 0.0844338 0.0360858 0.00888028 0.0397708 0.00869131 0.00451252 0.0031128 0.0754611 -0.0089359 0.0834878 0.0371653 0.0284545 -0.0081699 0.0558243 0.0199484 -0.0377044 -0.016651 0.0448929 0.0121742 -0.0190809 0.00276567 0.0120737 0.0344239 0.00559579 0.0303638 0.0124975 0.0230136 -0.00330238 -0.0360989 -0.00213793 0.0284657 0.0217911 -0.0171833 0.00362366,800,0,cuda,1.96,4.63
test,3091,shiba_inu_20,shiba_inu,dog,correct,shiba_inu,partition,31,0.999891,44,0.470603,0.865858,0.395254,0.278523,0.932621,0.0,,,,0.00638011 0.021988 0.00753637 0.00531972 0.0221265 0.00491751 0.00269594 0.101124 0.00357972 0.157546 0.164574 0.032898 0.000302842 0.073165 0.0119377 0.0410395 0.0670359 0.0729461 0.0109775 0.0910854 -0.000113247 -0.000841264 -7.93048e-05 0.0182724 0.00407924 0.0117926 -9.87646e-05 -0.00286853 0.00695389 8.36285e-05 -0.0040369 -0.000982992 0.0067696 0.00136556 0.0188167 -0.00100205 -0.00113912 -0.000508276 -0.00148811 0.000939357 0.00647328 -0.000338216 0.00284976 -0.000430704,800,0,cuda,1.77,4.63
test,1352,english_setter_73,english_setter,dog,correct,english_setter,kernel,13,0.871407,40,0.367865,0.981327,0.613462,0.045715,0.855477,0.0,,,,0.0111629 0.0143397 -0.00472684 -0.0197601 -0.0438292 -0.00135227 -0.0140018 -0.0106055 -0.0149444 -0.0508457 0.0184419 -0.0268462 -0.00173853 0.164161 -0.0700813 -0.00213482 0.00737227 -0.015433 0.0128213 0.0890439 0.0191408 0.380837 0.0208282 -0.00309051 0.103897 -0.00215588 0.0441425 -0.0128192 -0.00375852 0.0095898 0.207622 0.0441158 -0.0223735 0.0116878 0.0173415 -0.00809002 -0.0331466 -0.038083 0.0625816 0.00885824,800,0,cuda,1.73,4.17
test,1352,english_setter_73,english_setter,dog,correct,english_setter,partition,13,0.871407,40,0.367865,0.984594,0.616729,0.04661,0.830014,0.0,,,,-0.00106626 -0.00027764 -0.00165364 -0.00342851 -0.00984599 -0.00388841 -0.00785015 -0.00351821 -0.00870338 -0.00980767 -0.00365488 -0.00207414 -0.00782222 0.00551267 -0.00508525 -0.0109131 -0.0139015 -0.00934995 -0.0112391 0.0538372 0.00522638 0.44819 0.00195956 0.000109818 0.151577 -0.00243917 0.0517644 0.00362603 -0.00177326 0.000324111 0.210328 0.0145162 -0.00167373 0.00176287 0.0100749 0.0031353 -0.0069829 -0.00424129 0.0160929 0.00132143,800,0,cuda,1.63,4.17
test,2344,Persian_63,Persian,cat,correct,Persian,kernel,23,0.868401,44,0.618383,0.930891,0.312507,0.052269,0.854257,0.0,,,,-0.037201 0.00157797 -0.00324071 -0.00234467 0.182808 0.217217 -0.0333821 -0.00373761 0.0692777 -0.00386876 -0.0280136 -0.00692262 0.188682 0.214546 0.0110469 -0.0286045 0.0249573 0.0245376 -0.00923151 0.0599629 0.0207509 -0.0250155 0.0158508 0.00622462 -0.00550959 -0.0411447 0.028773 -0.0327615 0.0198611 -0.0105172 -0.00606266 0.0112062 0.00406844 -0.00644374 0.013078 0.0401836 0.00839235 -0.0228291 -0.00308485 -0.00156812 0.0298111 0.00951448 -0.0146822 -0.0265228,800,0,cuda,1.72,4.25
test,2344,Persian_63,Persian,cat,correct,Persian,partition,23,0.868401,44,0.618383,0.981413,0.363029,0.052084,0.846215,0.0,,,,0.00344449 0.000652668 -0.0142369 0.000374029 0.141653 0.181959 0.00456516 0.0157916 0.0427727 0.000633861 0.00397861 -0.000338044 0.29351 0.178188 0.000646472 -0.00265314 -0.000362315 -0.00082401 -0.000769074 0.0513764 -0.0064225 -0.00134779 -0.00729268 -0.0175719 -0.00160687 0.00338916 -0.0239839 -0.00709735 0.00301085 -0.0172546 0.00388495 9.43458e-05 0.00589988 -0.00111195 0.0238812 -0.000659732 -4.73658e-05 0.00326526 -0.00944948 -0.00260503 0.00307938 0.00500147 -0.00340733 -0.00237278,800,0,cuda,1.72,4.25
test,1904,leonberger_30,leonberger,dog,wrong,boxer,kernel,8,0.57295,41,0.054488,0.213155,0.158667,0.028827,0.203917,0.0,,,,-0.00209309 -0.00450261 0.035608 -0.0163834 0.0151592 0.000404222 0.00185459 0.026463 0.00185698 0.00564707 -0.0174224 0.020968 -0.0378439 -0.0137183 0.039692 0.0168236 0.0114169 0.0166709 0.00659192 0.0355724 0.0390891 0.00587414 0.0111118 0.0215189 0.0473309 0.0782681 -0.0237792 0.0273034 -0.0130934 0.00685012 0.0035269 0.0704065 0.0111089 0.0913601 -0.0153124 0.0346735 -0.0163763 -0.0152202 -0.0164701 0.05926 0.0124846,800,0,cuda,1.93,4.35
test,1904,leonberger_30,leonberger,dog,wrong,boxer,partition,8,0.57295,41,0.054488,0.232956,0.178468,0.059009,0.136863,0.0,,,,0.000969493 0.00212878 0.00972857 0.00229344 0.00132898 0.000547407 0.00180831 0.00268769 0.0055288 0.0169494 0.0108292 0.00619675 0.0180055 0.0050876 -0.000869258 0.00297035 0.00238368 0.00331125 0.0132629 0.00305269 -0.0186609 0.0025412 0.000109144 0.00332493 0.0488481 0.0467752 1.23387e-05 0.0383589 0.0204274 0.00027295 0.00443749 0.205575 0.00289092 0.050979 0.0022014 0.00438693 0.0116139 0.00325388 0.00393443 0.0133834 0.00981377,800,0,cuda,1.59,4.35
test,3341,Sphynx_54,Sphynx,cat,correct,Sphynx,kernel,33,0.990232,38,0.493543,0.985215,0.491672,0.113378,0.743605,0.0,,,,-0.0378936 0.00214792 0.0391306 0.00943422 0.0438343 -0.0088757 0.050088 0.100026 0.0370177 -0.00913672 -0.00679905 0.0806993 0.0480993 0.0989551 0.021356 0.119342 0.0234066 0.0196091 -0.00913592 -0.0211795 -0.00722381 -0.00794856 0.0472474 0.071521 0.0183417 0.016596 0.0350627 0.036993 0.0408926 0.0145373 0.0407919 0.0141693 0.0133275 -0.00958164 -0.0162228 0.0206651 0.0231638 0.00509488,800,0,cuda,1.87,4.35
test,3341,Sphynx_54,Sphynx,cat,correct,Sphynx,partition,33,0.990232,38,0.493543,0.988023,0.49448,0.21578,0.687588,0.0,,,,0.0102952 -0.00193295 0.0190861 0.0238443 0.00047883 0.001847 -0.000486367 0.0284573 0.0412084 -0.00721086 0.00158736 0.0430794 0.0947823 0.11095 0.00166553 0.225398 0.00165626 0.00217182 0.023611 -0.00803612 0.00800266 0.0159382 0.0323174 0.0709513 0.0054545 -0.00120812 0.0838172 0.0518029 0.0172459 0.00102119 0.00579884 -0.00784536 0.0107634 -0.0201599 -0.00364529 0.00483079 0.00581728 0.0641984,800,0,cuda,1.7,4.35
test,1899,leonberger_26,leonberger,dog,correct,leonberger,kernel,19,0.999055,40,0.335658,0.697755,0.362096,0.167035,0.636509,0.0,,,,0.0435567 0.0593398 0.00755492 0.0058269 -0.00580925 0.133172 0.012642 0.0130953 -0.0146589 0.0130368 0.1731 -0.00373577 0.0107714 -0.00556793 0.00574174 0.0561897 -0.00186296 -0.00360252 0.0443654 0.0024276 0.0178662 0.0516625 0.0741628 0.0817031 0.0248571 -0.00789533 0.018118 0.0307504 -0.000735366 0.0296924 0.0596591 0.0114645 0.0282168 -0.0108276 0.00479747 -0.0168034 0.00620252 0.00192582 0.0354359 0.00978271,800,0,cuda,1.8,4.19
test,1899,leonberger_26,leonberger,dog,correct,leonberger,partition,19,0.999055,40,0.335658,0.415917,0.080258,0.21536,0.729351,0.0,,,,0.103918 0.0859423 -0.000950377 0.00187283 0.000701961 0.209682 0.00589573 0.0265967 0.0148222 0.0860629 0.177995 0.00404914 0.00693662 0.00741202 0.00315236 0.0544373 0.0402706 0.00698143 0.0535471 0.00506725 0.000673087 0.0209856 0.00324324 0.0415478 0.0047272 0.00255909 0.0029451 0.00177596 0.000597868 0.00230742 0.00358043 0.00402941 0.00177049 0.000578063 0.00244981 0.000745018 0.00237924 0.00107618 0.000394878 0.00285936,800,0,cuda,1.59,4.19
test,3298,Sphynx_239,Sphynx,cat,correct,Sphynx,kernel,33,0.958643,37,0.520249,0.859848,0.3396,0.282032,0.729229,0.0,,,,0.0182582 0.0982239 0.0857191 -0.00112543 -0.0209781 0.04388 0.0183798 -0.0269614 0.0252138 0.0130064 0.111569 0.0193804 0.00937235 0.0481393 -0.00570873 0.0193092 0.0758237 0.0095338 0.00370961 0.0024037 0.0159806 -0.0188634 0.0410435 0.153267 -0.00210058 -0.00197005 0.119719 0.00854283 0.00540395 0.00209413 0.0336543 -0.0327169 0.0205463 -0.00518509 0.0157014 0.0332968 -0.00959795,800,0,cuda,1.81,4.5
test,3298,Sphynx_239,Sphynx,cat,correct,Sphynx,partition,33,0.958643,37,0.520249,0.859848,0.3396,0.222849,0.727432,0.0,,,,0.0399032 0.107542 0.150957 0.0187152 0.00253598 0.0659754 0.00292042 0.000798559 0.000630279 0.00999637 0.094203 0.0508376 0.00056777 0.00165261 0.0054091 0.0653876 0.0390419 0.000410148 0.00993357 0.0141833 0.0306678 0.0160833 0.0171708 0.0818659 0.000747987 0.0181987 0.0729282 0.0116162 0.00447073 0.022402 0.00250038 -0.00755702 0.000143979 -0.0140034 -0.00397593 -0.00870476 -0.000192144,800,0,cuda,1.98,4.5
test,94,Abyssinian_97,Abyssinian,cat,correct,Abyssinian,kernel,0,0.828051,37,0.210758,0.807049,0.596291,0.046612,0.557973,0.0,,,,0.123389 0.0322902 0.0859929 -0.0169808 0.0435603 0.0903503 0.0110565 0.0520218 0.115661 0.111057 0.0208782 0.0100346 0.0272385 0.00660388 0.0209762 0.00598086 -0.030389 0.0133866 0.0170427 0.00169191 -0.0218539 0.0106762 -0.0107712 -0.00185629 -0.00515277 0.00730135 0.0472057 0.00479346 -0.0010654 -0.0177256 0.0147019 -0.00250471 0.0152117 0.00181708 0.00347762 0.00284164 0.0156452,800,0,cuda,1.93,4.75
test,94,Abyssinian_97,Abyssinian,cat,correct,Abyssinian,partition,0,0.828051,37,0.210758,0.723751,0.512993,0.054758,0.533741,0.0,,,,0.0709767 0.0654949 0.11845 -0.00611909 0.013303 0.0708533 0.0779307 0.0727603 0.127399 0.118721 0.00464857 -0.0214448 0.0150555 0.00452549 0.0132626 0.00433194 -0.000818872 0.00715975 0.00248493 -0.00105468 0.00173397 0.00402582 0.00145573 0.000886351 0.00176277 -0.000142379 0.00338411 -5.84125e-05 0.00102123 0.0035346 0.00471116 0.00269555 0.0041049 0.00528352 0.00517888 0.00637861 0.000708121,800,0,cuda,1.98,4.75
test,770,Bombay_83,Bombay,cat,correct,Bombay,kernel,7,0.961046,43,0.423988,0.912009,0.488021,0.107217,0.502076,0.0,,,,0.00225288 -0.00891654 -0.0176239 0.0200805 0.0201285 0.0151411 0.00307353 -0.0150715 0.0176492 0.186118 0.152965 -0.00628572 0.00813329 -0.00870166 -0.00588479 0.127374 0.176144 0.0242154 0.000794159 0.005352 0.0233032 -0.0142657 -0.0034421 0.0219721 0.00786818 0.011213 0.00551859 0.0292571 -0.000553367 0.0490239 -0.0208263 -0.00652603 0.019506 -8.39597e-05 0.000552575 0.0133037 0.0349811 0.00631008 0.0279686 0.00112632 0.00316026 0.00977408 0.0177069,800,0,cuda,1.91,4.33
test,770,Bombay_83,Bombay,cat,correct,Bombay,partition,7,0.961046,43,0.423988,0.845999,0.422012,0.090227,0.527388,0.0,,,,0.00251804 0.00423769 0.00240735 0.00533695 0.0116405 0.0102674 0.00917358 0.0065451 0.029605 0.222559 0.115908 0.00789197 0.0175944 0.00388875 0.00910782 0.0547244 0.174703 0.000743903 0.00979772 0.0182789 0.0247797 0.0141127 0.0420468 0.00876651 0.00647945 0.0164761 -0.0117385 0.00231687 0.0276525 0.00540456 -0.00565735 -0.00935512 0.0131956 0.0325698 0.00492061 0.000375589 0.00991741 0.00671349 5.87376e-05 0.0128259 0.00936771 0.0026428 0.00298277,800,0,cuda,1.66,4.33
test,637,Birman_45,Birman,cat,correct,Birman,kernel,6,0.979187,37,0.655851,0.922588,0.266737,0.348629,0.895818,0.0,,,,0.0583711 0.00735948 -0.00415575 0.0213196 0.023329 0.00518563 0.133323 -0.00353778 0.026063 0.0810994 0.0479264 0.00969028 -0.00528722 -0.0261359 0.00467543 0.088891 0.0450623 0.0252821 -0.00329622 0.00889679 0.0104328 0.00680997 0.0301553 0.0339554 0.135648 0.0231281 0.00877148 -0.00934205 0.0324017 0.00853909 -0.00840907 0.00591354 0.138535 0.0235445 -0.00739779 -0.0158889 -0.0131762,800,0,cuda,2.07,4.43
test,637,Birman_45,Birman,cat,correct,Birman,partition,6,0.979187,37,0.655851,0.900918,0.245067,0.420552,0.86718,0.0,,,,0.0448225 0.0367727 0.0109793 0.0372106 0.0150238 0.00101049 0.0670776 0.000489677 0.0219026 0.0528331 0.0798927 0.0288795 0.00132986 0.00557256 0.0386368 0.0403956 0.0708046 0.00489632 0.0112546 -0.0059078 0.0342039 -0.000662341 0.0198539 0.0299607 0.101214 0.00377313 -0.00654084 -0.000884473 0.0207264 0.00198141 0.00146725 -0.00103677 0.0741269 0.0983642 -0.00082704 0.00751417 0.000570524,800,0,cuda,1.66,4.43
test,1304,english_setter_2,english_setter,dog,correct,english_setter,kernel,13,0.466092,38,0.710021,0.973925,0.263904,0.015602,0.529538,0.0,,,,-0.0550671 -0.0582847 -0.054621 0.0308181 -0.0341407 -0.0433406 -0.021989 -0.014136 0.0626898 0.0135286 -0.0395307 0.0446751 0.0952445 -0.0298386 0.0203493 0.0758996 -0.0196915 0.0873668 0.0232868 0.107219 0.0656946 -0.0147107 0.0355805 0.0456542 0.0214903 -0.00758181 0.0374876 0.00073294 0.0219503 0.0139495 0.0017354 0.0136293 0.0356291 -0.0142835 -0.011503 0.0378608 -0.00594626 -0.024954,800,0,cuda,2.06,4.47
test,1304,english_setter_2,english_setter,dog,correct,english_setter,partition,13,0.466092,38,0.710021,0.992321,0.2823,0.026484,0.645005,0.0,,,,-0.0166488 -0.00318286 -0.0287959 -0.109465 -0.0118075 -0.0195619 -0.0262366 0.0198365 0.0482532 0.0801993 -0.000714781 0.0924216 0.118846 -0.00729409 -0.00246305 0.0314067 -0.0110718 0.0478358 -0.00893114 0.0671269 0.0515727 0.00452393 0.00584219 0.0323217 -0.000846241 0.00903679 0.0347341 0.00148346 0.0118108 -0.00545638 0.00826359 -0.00479754 0.0104913 0.00393253 0.0126611 0.00482936 -0.00665494 0.00935211,800,0,cuda,1.56,4.47
test,2334,Persian_53,Persian,cat,correct,Persian,kernel,23,0.995707,29,0.562201,0.926467,0.364266,0.120371,0.84253,0.0,,,,0.0108877 -0.00196075 -0.00202611 0.00952348 0.00362494 0.0384776 0.207348 0.0914599 0.24307 0.204286 -0.0152563 0.140097 -0.00712026 -0.00215903 0.0113585 -0.00491059 -0.0015095 -0.0180386 0.0194192 0.0166884 0.00265793 0.0268885 0.000297037 -0.00140638 0.00010053 -0.00237495 0.00991163 0.00157137 -0.00396139,800,0,cuda,1.9,4.3
test,2334,Persian_53,Persian,cat,correct,Persian,partition,23,0.995707,29,0.562201,0.926467,0.364266,0.107778,0.853246,0.0,,,,0.0071325 -0.010886 0.0707557 0.0208208 0.00735151 0.0442251 0.110367 0.112505 0.231596 0.141418 -0.00383961 0.131583 -0.0024211 0.00369049 -0.000847978 0.00249484 0.00310201 0.00159904 -0.0016845 0.0198576 0.0315893 -0.00181402 0.00215776 0.00678645 0.00666874 0.0122593 0.0243562 -0.00260844 0.00872902,800,0,cuda,1.65,4.3
test,2536,pug_59,pug,dog,correct,pug,kernel,25,0.9988,35,0.451032,0.986606,0.535573,0.08537,0.764596,0.0,,,,0.000201192 0.00886287 0.00586328 -0.0154851 0.00119271 0.0205672 0.0718833 0.0749293 0.0116801 0.0381734 0.0322534 -0.00869284 0.00763723 0.00296371 -0.0118573 0.0277518 -0.0222336 -0.0023904 0.00900693 0.00372066 0.0553001 0.0114408 0.198334 -0.00485526 0.240727 0.0156314 0.0106979 0.0496863 0.0902579 0.0204893 -0.00127311 0.0368995 0.00529025 0.00156624 0.00199919,800,0,cuda,2.21,4.56
test,2536,pug_59,pug,dog,correct,pug,partition,25,0.9988,35,0.451032,0.892018,0.440986,0.11696,0.712168,0.0,,,,0.0174687 0.0179074 0.000677411 -0.000902143 0.0120649 -0.000456431 0.0669622 0.133664 0.00214312 0.0622527 0.0640565 0.00127016 0.0516569 0.0644884 0.00876479 0.0395856 0.000795898 0.00228029 0.00306533 0.000880588 0.105706 0.000507759 0.217978 0.00138678 0.12578 -0.00261004 -0.000700463 0.000101531 -0.0051913 -2.28472e-05 0.00472187 -0.00802595 -0.00033812 -0.000442362 0.000742524,800,0,cuda,1.52,4.56
test,2492,pug_202,pug,dog,correct,pug,kernel,25,0.999735,39,0.409479,0.983581,0.574102,0.127618,0.692176,0.0,,,,-0.0150075 0.00554092 0.025136 0.0266676 0.020997 0.046152 -0.00673186 -0.0162037 0.0239913 0.0861573 0.0683143 0.00225832 0.00413696 0.0102116 0.0188667 0.0505058 0.146053 -0.0233156 0.0870799 0.0917563 0.0989372 0.0138511 0.00149076 0.10193 0.0698736 0.0301671 -0.0142891 0.0133466 -0.010936 0.0244758 0.00364214 0.0141608 0.0154908 -0.00280038 -0.00676676 -0.00881025 -0.0044797 -0.000342811 -0.00235195,800,0,cuda,2.03,4.35
test,2492,pug_202,pug,dog,correct,pug,partition,25,0.999735,39,0.409479,0.988078,0.5786,0.154308,0.71776,0.0,,,,0.000639752 0.00341506 0.00235516 0.00224445 0.000667851 0.0163702 0.00486376 0.00600104 0.0237164 0.109534 0.0526713 0.0080398 0.0333179 0.0223251 0.00346935 0.0316989 0.46082 0.0103543 0.0337876 0.0908292 0.0339361 0.00239221 0.00232178 0.00860411 0.00946285 0.00138032 0.00118885 0.00151936 0.000868279 0.00141441 0.00128298 0.00106834 0.00122507 0.000482311 0.000888002 0.00276561 0.000561344 0.000120649 0.000551386,800,0,cuda,1.47,4.35
test,1208,english_cocker_spaniel_33,english_cocker_spaniel,dog,correct,english_cocker_spaniel,kernel,12,0.949477,35,0.488162,0.987321,0.499159,0.014201,0.768818,0.0,,,,0.0149711 -0.0267374 -0.00173963 -0.0229358 0.0056778 0.0796842 0.11417 0.0258921 -0.0596004 0.138099 0.0283415 0.0252553 0.177434 0.00728648 0.170623 0.100423 0.0137235 -0.0245048 0.0897243 0.0754237 0.0251353 -0.00477917 0.00524164 -0.0168664 0.0110188 -0.00415309 0.0249787 0.0175263 -0.0261974 -0.0011551 0.0256401 0.00855077 -0.0128587 -0.0153442 -0.0351253,800,0,cuda,2.0,4.2
test,1208,english_cocker_spaniel_33,english_cocker_spaniel,dog,correct,english_cocker_spaniel,partition,12,0.949477,35,0.488162,0.991344,0.503182,0.030908,0.724281,0.0,,,,-0.00495755 0.000544111 0.0085632 -0.00287207 -0.0116626 0.0365167 0.0431749 0.00163052 0.0259284 0.0393418 0.0271623 0.00623083 0.132628 -0.000611288 0.245258 0.0734521 -0.0011942 -0.00204323 0.206397 0.0344045 -0.0020917 -0.000115936 0.0860514 -0.00137772 -0.000316116 -0.000168797 0.00240983 0.00920881 -0.000915998 -0.00903147 -0.00746248 0.000145076 -0.000134714 -0.000179463 -0.00108734,800,0,cuda,1.48,4.2
test,1395,german_shorthaired_21,german_shorthaired,dog,correct,german_shorthaired,kernel,14,0.999513,42,0.628448,0.741362,0.112914,0.392294,0.802594,0.0,,,,-0.00821501 0.00439575 -0.0264084 0.0707622 0.0663805 0.0702903 0.0488485 0.124451 0.0025254 0.112731 0.0495959 0.012901 -0.000152439 -0.0285671 0.0718132 -0.0168842 0.0400068 0.0213065 0.0305055 -0.00311814 0.0626075 -0.0209696 0.0235509 -0.0185252 0.0253187 0.019531 0.0574973 0.0515545 0.0517947 0.0488565 0.0182675 -0.00116887 -0.0149658 0.0533705 0.025402 -0.0235495 -0.00864832 -0.0114274 -0.0147939 0.0257811 0.0061878 -0.0292463,800,0,cuda,2.3,4.65
test,1395,german_shorthaired_21,german_shorthaired,dog,correct,german_shorthaired,partition,14,0.999513,42,0.628448,0.837233,0.208785,0.374364,0.75202,0.0,,,,0.0181031 0.0140512 0.015719 0.0610368 0.0550197 0.0144018 0.0254211 0.0617146 0.0413913 0.104296 0.0543416 0.0273975 0.0151498 0.0129405 0.0910832 0.0313866 0.0410298 0.0154958 0.00975699 0.0350869 0.0275847 0.00106844 0.0181003 0.0154975 0.00156231 0.0286474 0.0256284 0.0233316 0.0107435 -0.000107397 0.0147955 0.030612 0.000105023 0.00432483 -0.000988141 0.00822867 0.00387734 0.00620499 0.00173042 -0.000784355 0.00212647 0.0024802,800,0,cuda,1.54,4.65
test,1578,great_pyrenees_97,great_pyrenees,dog,correct,great_pyrenees,kernel,15,0.977473,38,0.776507,0.992255,0.215748,0.063641,0.637183,0.0,,,,0.0064676 0.00030184 -0.0120073 0.0184397 0.265434 -0.0110008 0.011278 0.186686 0.00873479 0.0408765 -0.00538217 -0.00592309 0.000224181 0.0138616 0.117034 -0.0150443 0.0212784 0.0845502 0.0741575 -0.00698513 0.03746 0.0228957 0.00038275 0.0561205 0.00275821 0.0173894 0.0114163 -0.00950843 0.00355115 0.00535821 0.0305485 -0.00195067 0.000470309 0.00649139 -0.01444 0.0143111 0.0176146 -0.0218718,800,0,cuda,2.15,4.71
test,1578,great_pyrenees_97,great_pyrenees,dog,correct,great_pyrenees,partition,15,0.977473,38,0.776507,0.991934,0.215428,0.062081,0.638704,0.0,,,,0.0159984 0.00601626 0.010633 0.00768816 0.451286 0.000100945 0.00919984 0.0540442 0.00226061 0.00700884 0.00215036 0.0263239 0.00240468 0.0159667 0.0436588 -0.00310788 -0.0142244 0.0247072 0.0285355 -0.0132077 0.0377503 0.026783 0.00294036 0.0332191 0.00252168 0.00309846 0.0312923 0.024002 0.0440022 -0.0136188 0.0598747 -0.00585255 0.0286081 0.00267315 -0.00156611 0.0100086 0.0144212 -0.00562192,800,0,cuda,1.76,4.71
test,1198,english_cocker_spaniel_24,english_cocker_spaniel,dog,correct,english_cocker_spaniel,kernel,12,0.882836,35,0.645906,0.686025,0.040119,0.029298,0.735257,0.0,,,,0.154493 0.054996 0.168895 0.0197963 0.143642 -0.025168 0.202269 0.0613095 -0.0261717 0.0877962 0.100935 -0.065805 -0.0398591 0.032347 -0.118797 0.00221038 -0.0241021 0.00831862 -0.0318237 -0.030448 0.00822027 -0.00983514 0.028624 0.0231611 0.00248946 0.00726723 0.0210809 0.0179887 0.000472124 0.011976 0.00733772 0.0290231 0.00503784 0.0244963 0.0140113,800,0,cuda,2.44,4.66
test,1198,english_cocker_spaniel_24,english_cocker_spaniel,dog,correct,english_cocker_spaniel,partition,12,0.882836,35,0.645906,0.694433,0.048527,0.018299,0.791475,0.0,,,,0.0570317 0.0440198 0.170525 -0.000743597 0.0997644 0.00451607 0.203418 0.0758613 0.0256563 0.0328881 0.00849644 0.0203876 0.0434532 0.00296087 -0.047235 0.017972 -0.0128526 0.0123278 0.00219226 -0.00947723 0.000368992 -0.0178598 0.0190703 -0.00383581 0.00317571 -0.0112307 0.0278214 0.00603418 0.0188003 0.0124207 0.0224866 0.0113904 0.00368973 0.00423752 0.0184517,800,0,cuda,1.49,4.66
test,275,american_pit_bull_terrier_78,american_pit_bull_terrier,dog,correct,american_pit_bull_terrier,kernel,2,0.998035,36,0.672891,0.95065,0.277759,0.057895,0.796117,0.0,,,,0.0172622 -0.0172489 -0.0190179 0.00935789 0.00451938 0.0145951 -0.00803424 0.145025 0.0276423 0.0965141 0.0347341 -0.0201311 0.0155089 0.0545336 0.0658153 0.0186654 0.248442 0.0492236 0.0119692 -0.0152956 0.0238469 0.082937 0.0273259 -0.00573088 0.0377009 0.0203351 0.00107871 0.0490248 0.0115726 0.0272546 -0.0326573 -0.000424188 -0.0275074 -0.00238799 0.00881674 0.0344516,800,0,cuda,2.16,4.58
test,275,american_pit_bull_terrier_78,american_pit_bull_terrier,dog,correct,american_pit_bull_terrier,partition,2,0.998035,36,0.672891,0.954066,0.281174,0.081843,0.742923,0.0,,,,0.0203696 0.00243998 0.00128378 0.00417877 0.00795972 0.00146353 0.00852029 0.278694 0.0205793 0.111384 0.00364679 0.00158348 0.000654877 0.051827 0.0348609 0.0183953 0.270965 0.0174678 0.00199838 0.0116311 0.00240538 0.0819074 0.0129858 0.00302359 0.00540355 0.00386507 0.00733406 0.0115612 -0.00461901 0.00352091 -0.00151753 0.0004116 -0.00501914 -0.000842795 -0.000919049 0.000313174,800,0,cuda,1.6,4.58
test,2854,saint_bernard_76,saint_bernard,dog,correct,saint_bernard,kernel,28,0.999951,38,0.263831,0.953143,0.689312,0.04474,0.917192,0.0,,,,0.00361426 -0.0343587 0.0347184 -0.0234941 -0.0531143 -0.0433681 -0.0418335 -0.0369408 -0.0105239 -0.00463239 0.0652488 -0.00782785 0.0174823 0.200072 0.0406972 0.493632 0.0266224 0.0178774 0.0609211 0.00622189 0.0921507 0.0261291 0.0297505 -0.00658415 0.064419 0.034998 -0.0117029 0.00259466 0.0392417 0.00901127 -0.0150241 0.000905151 -0.00751605 0.00905399 0.00819519 0.0162395 -0.000933865 -0.0109581,800,0,cuda,2.08,4.57
test,2854,saint_bernard_76,saint_bernard,dog,correct,saint_bernard,partition,28,0.999951,38,0.263831,0.752629,0.488797,0.045836,0.914373,0.0,,,,0.000663478 0.00525174 -0.00230447 -0.000784954 0.00956184 0.0011184 0.00744767 0.000975167 0.00662158 0.00105855 0.0775715 0.00805705 0.0391396 0.235112 0.0131926 0.365789 0.0713639 0.0054103 0.0176061 0.00270898 0.0704017 0.0202914 -0.00150668 0.0177969 0.0110794 0.0113843 -0.000719127 0.00551172 0.000422341 -0.00269329 -2.06946e-05 0.0021776 -0.000453491 -0.00039212 -0.00467962 -0.000578737 -0.00108936 -0.00150815,800,0,cuda,1.57,4.57
test,1152,Egyptian_Mau_73,Egyptian_Mau,cat,correct,Egyptian_Mau,kernel,11,0.995667,37,0.438556,0.778704,0.340147,0.107913,0.777246,0.0,,,,-0.00777088 -0.0162364 -0.00232956 0.00517651 -0.0088664 -0.0220818 -0.0169106 -0.0179655 -0.0239624 0.00943628 0.0110624 -0.000459917 0.0300096 -0.0117945 0.00111774 0.0492296 -0.0132138 0.043994 0.0723383 0.00697276 0.0247507 0.00868381 0.138479 0.0290128 0.0822594 0.0467329 -0.00279913 0.144138 0.0214499 0.0205029 0.192153 0.0408225 0.00262048 0.0268267 0.0436997 0.0323157 -0.0189681,800,0,cuda,2.05,4.73
test,1152,Egyptian_Mau_73,Egyptian_Mau,cat,correct,Egyptian_Mau,partition,11,0.995667,37,0.438556,0.703551,0.264995,0.173966,0.80601,0.0,,,,0.000340706 -0.000205045 0.00174629 -0.00450403 -0.000804483 -0.0333298 -0.00228298 -0.000623803 -0.00576761 -0.00206463 0.033157 -0.00140308 0.0487389 -0.00311351 0.00531238 0.0475621 -7.20642e-05 0.0439388 0.0404714 0.00471599 -0.00110744 -0.00907633 0.0820637 0.00451146 0.12593 0.0825056 0.00792534 0.0452293 0.0287206 0.0120166 0.256883 0.0309928 0.0257625 0.00436553 0.0037119 0.0214289 0.0267488,800,0,cuda,1.88,4.73
test,1206,english_cocker_spaniel_31,english_cocker_spaniel,dog,correct,english_cocker_spaniel,kernel,12,0.682217,30,0.251156,0.827024,0.575868,0.025423,0.67347,0.0,,,,-0.023784 0.0379005 -2.4628e-05 0.245885 0.00865211 -0.0226262 0.00365611 -0.0203135 -0.0205485 0.202406 0.00645613 -0.0182007 0.0212303 -0.0209777 -0.00479571 0.0465038 0.139439 -0.00251469 0.0434313 -0.00219867 0.00764798 0.00376033 -0.0140667 -0.00498527 0.0235186 0.00183552 0.0222233 -0.0140391 0.0162003 0.00389233,800,0,cuda,2.01,4.32
test,1206,english_cocker_spaniel_31,english_cocker_spaniel,dog,correct,english_cocker_spaniel,partition,12,0.682217,30,0.251156,0.806607,0.555451,0.023237,0.563806,0.0,,,,0.00127239 0.0209786 0.00202847 0.400904 0.00131081 0.018897 0.000120506 0.000798835 0.0119144 0.055342 0.00334325 0.0171548 0.0092474 0.028195 0.0203563 0.0132491 0.0319951 0.00764855 0.0442028 0.00522907 -0.0084403 -0.0181314 0.0120614 -0.0194746 0.0105033 -0.00140581 0.00503068 0.000633755 0.00493455 -0.0143358,800,0,cuda,1.6,4.32
test,2080,Maine_Coon_9,Maine_Coon,cat,correct,Maine_Coon,kernel,20,0.999196,41,0.413744,0.982228,0.568484,0.140986,0.806956,0.0,,,,0.0276638 0.025269 -0.0346643 0.0106201 -0.00332742 0.00893971 0.0080345 0.00526418 -0.0104348 0.0368056 0.0404947 -0.0257696 0.0227522 0.032134 0.113248 0.0473689 0.00859609 0.0233728 0.149985 -0.01281 0.0305604 0.0287414 0.0454802 0.0437001 0.0223007 0.119818 0.000118612 0.075137 0.0647533 -0.00991819 0.0321217 0.0198802 0.000708244 0.0175451 0.0186339 -0.00887143 0.000533556 0.0168902 0.0331813 -0.0223578 -0.0285327,800,0,cuda,1.98,4.55
test,2080,Maine_Coon_9,Maine_Coon,cat,correct,Maine_Coon,partition,20,0.999196,41,0.413744,0.979463,0.56572,0.151639,0.836085,0.0,,,,-0.000941817 9.86335e-05 0.00180776 0.000197473 0.000221097 -0.000469989 -2.49888e-05 -0.000782125 0.00127679 0.0199483 0.000384572 0.00630066 0.00112408 0.00793709 0.065372 0.0401201 0.0293724 0.0116636 0.105216 0.0687506 0.0588771 0.0158018 0.0478541 0.0249256 0.0124964 0.124571 0.033721 0.0630881 0.138821 -0.00552426 0.0133917 0.00838163 0.021705 0.0530241 -0.00752004 0.000927357 0.00195791 0.00313322 0.00408326 0.00132046 0.00135736,800,0,cuda,1.75,4.55
test,1104,Egyptian_Mau_222,Egyptian_Mau,cat,correct,Egyptian_Mau,kernel,11,0.803832,34,0.69326,0.994423,0.301164,0.214027,0.744,0.0,,,,0.0108779 -0.0267952 0.00925599 -0.0091263 -0.0364019 -0.00592718 0.0305512 0.0215324 -0.0281565 0.0327972 0.0511395 0.0184668 -0.0044874 0.0822647 -0.038847 0.0139701 -0.00672346 -0.0205871 0.0324542 0.112736 0.0421322 -0.00638071 0.0254661 0.0324496 -0.0261063 0.189412 -0.000698659 0.0487362 0.0281909 -0.0083481 -0.0131462 0.157538 -0.00643745 0.0267891,800,0,cuda,1.99,4.33
test,1104,Egyptian_Mau_222,Egyptian_Mau,cat,correct,Egyptian_Mau,partition,11,0.803832,34,0.69326,0.992067,0.298808,0.142196,0.706284,0.0,,,,0.00286099 0.00021344 0.00558509 -0.0160104 -0.00103084 -0.00372592 8.50245e-05 0.00148653 -0.00658117 0.00218437 0.0406388 -0.00408147 -0.00289453 -0.0258254 0.0129416 0.00158235 0.0053231 -0.00553661 0.0683453 0.122098 0.0110684 -0.0104402 0.0193497 0.0714456 -0.000705384 0.119334 0.0037209 0.0601318 0.00156887 -0.00213029 0.0182539 0.207123 0.0025253 0.0296864,800,0,cuda,1.63,4.33
test,307,basset_hound_19,basset_hound,dog,correct,basset_hound,kernel,3,0.998114,37,0.496034,0.925367,0.429333,0.330273,0.749068,0.0,,,,0.0485052 0.0876288 -0.0128575 0.000967531 0.0164783 0.0971866 -0.0116444 0.0319787 0.102621 0.0472366 0.0316457 -0.0449686 0.0317026 0.05652 0.0267298 0.0536058 0.0116781 0.045576 0.0685358 0.0166343 0.031202 0.00370756 0.0932892 0.00199459 -0.00749907 -0.0168012 -0.0355284 0.00433018 0.00538912 0.0612201 0.0291192 0.039593 -0.00577813 0.00628664 0.00115878 0.0536299 0.00254009,800,0,cuda,1.95,4.77
test,307,basset_hound_19,basset_hound,dog,correct,basset_hound,partition,3,0.998114,37,0.496034,0.809385,0.313351,0.400204,0.627037,0.0,,,,0.0535973 0.0279671 0.0278123 0.0349126 0.000435178 0.0636343 -0.00154782 0.0629199 0.0843282 0.0295626 0.00166763 0.000402223 0.0220698 0.161726 0.0209251 0.023635 0.0178598 0.000792793 0.0309043 0.015038 0.015541 0.0252644 0.0217108 0.000324413 0.012652 0.00490784 0.0315791 0.00813831 0.0208648 0.0311342 0.00783765 0.0395037 0.0157524 0.0022709 0.0215656 0.0191482 0.0167765,800,0,cuda,1.99,4.77
test,2818,saint_bernard_43,saint_bernard,dog,wrong,american_bulldog,kernel,1,0.862744,37,0.367985,0.654264,0.28628,0.106596,0.7207,0.0,,,,-0.0171505 0.0392739 0.00386524 0.01224 0.0440383 0.0605931 3.46756e-05 0.139337 -0.00488696 -0.0202477 -0.0149065 0.0413307 0.0251708 0.0269683 0.0632519 -0.0159539 0.0263722 -0.0285559 0.00988124 0.0670887 0.0514336 -0.0154588 0.0143489 -0.0147308 -0.0167116 0.198212 0.0153601 0.0228699 0.0444245 -0.00526496 0.0614703 0.00260061 0.0114333 -0.0104078 -0.0120718 -0.0196008 0.0198178,800,0,cuda,1.88,4.64
test,2818,saint_bernard_43,saint_bernard,dog,wrong,american_bulldog,partition,1,0.862744,37,0.367985,0.670831,0.302847,0.104406,0.37999,0.0,,,,0.00847903 0.0369167 0.00767355 0.0346813 0.0142817 0.0353972 0.00147338 0.0420048 0.00779239 -0.00247755 0.00790175 0.00316054 0.0438863 -0.00415709 -0.000347589 0.00970461 0.0113008 0.000695413 -0.0030594 0.038238 0.00654178 0.0878878 0.0101648 0.0292337 0.00179084 0.280552 0.0085406 0.019423 0.0270598 0.0258603 0.00720026 -0.0093338 0.00726649 0.00174436 0.0135197 0.00362839 -0.00915657,800,0,cuda,1.96,4.64
test,2059,Maine_Coon_78,Maine_Coon,cat,wrong,Ragdoll,kernel,26,0.91513,36,0.65336,0.986568,0.333208,0.185988,0.698766,0.0,,,,0.00211355 -0.000706019 -0.0012341 0.0108249 0.0111584 0.00565545 0.000427103 0.0160289 0.043024 0.00767156 0.0142428 0.0429269 0.00796855 0.00697278 -0.0108983 0.013306 0.0160269 0.0373606 0.00148538 0.0807373 0.01233 0.0654571 -0.0230712 0.120997 0.143496 0.123688 0.0497483 -0.00451635 -0.0180471 0.0839308 0.0101802 0.0215325 0.00804726 0.00815974 -0.00720315 -0.00228507,800,0,cuda,1.66,4.41
test,2059,Maine_Coon_78,Maine_Coon,cat,wrong,Ragdoll,partition,26,0.91513,36,0.65336,0.782103,0.128743,0.167682,0.667291,0.0,,,,0.000563733 0.000751606 -0.00025483 0.00954374 0.00325717 0.00301333 0.000102125 0.0082786 -0.00357376 0.00530054 0.00260412 0.0673292 0.0164494 -0.010987 -0.0184153 0.00930119 0.0144079 0.00197093 0.00278368 0.065768 0.0231824 0.0489794 0.00575252 0.127108 0.20681 0.141969 0.0155731 0.0203697 -0.00277408 0.041509 0.0333902 0.0299893 -1.28041e-05 0.00379751 0.00737709 0.0163222,800,0,cuda,1.91,4.41
test,872,boxer_89,boxer,dog,correct,boxer,kernel,8,0.999835,41,0.424884,0.95895,0.534066,0.171302,0.891718,0.0,,,,0.025415 0.0321004 0.00896369 0.0346511 0.00866386 0.00374692 -0.0131976 0.0814364 0.000353927 -0.00374394 0.151649 0.00650436 0.0368946 0.00719307 0.276112 0.0106637 0.0231008 -0.00588223 -0.00206171 -0.00377594 0.0130106 0.18185 -0.00843447 0.00480847 0.067886 0.0115251 -0.00383769 0.000590433 0.0204478 -0.0207593 0.0213724 0.000915734 -0.00711603 -0.00809547 -0.0092554 0.0197279 0.0273405 0.019616 0.0258855 -0.0269237 -0.0197767,800,0,cuda,1.51,4.2
test,872,boxer_89,boxer,dog,correct,boxer,partition,8,0.999835,41,0.424884,0.954668,0.529784,0.157226,0.870331,0.0,,,,0.00274013 0.0277343 0.012139 0.0272604 0.00718697 0.00593934 0.00353219 0.092449 -0.000192783 0.00786341 0.0808313 0.010276 -0.0101328 0.0193071 0.302838 0.0062873 0.0106554 0.0148745 0.0532961 0.0486892 0.0280667 0.133055 0.00684358 0.00613004 0.0387381 0.00444224 0.0059787 0.00250778 0.00241642 0.00246412 0.0110184 0.00112475 0.00310782 -0.000739334 -0.000224722 0.0125983 0.00360352 0.0078013 -0.00217919 -0.00116171 0.000399781,800,0,cuda,1.84,4.2
test,3115,shiba_inu_41,shiba_inu,dog,correct,shiba_inu,kernel,31,0.999824,41,0.534459,0.982956,0.448498,0.430348,0.953382,0.0,,,,0.00337144 0.00886001 0.0205576 -0.0121412 0.262195 0.0291026 0.0226616 0.0400013 -0.00190842 0.00108389 -0.0337679 -0.0249745 -0.0130297 0.10467 0.0881668 0.00117537 0.0398471 0.107467 -0.0306539 0.0458415 -0.00652143 0.0207825 0.00336441 0.0226895 -0.00173831 0.0869038 0.0373942 0.0081587 -0.01142 -0.0051999 0.00171194 -0.0124013 0.0255102 0.0608445 0.0159073 0.0421382 0.000901077 -0.00812783 0.0307709 -0.00520098 -0.00141517,800,0,cuda,1.75,4.58
test,3115,shiba_inu_41,shiba_inu,dog,correct,shiba_inu,partition,31,0.999824,41,0.534459,0.783124,0.248665,0.508688,0.952411,0.0,,,,0.00666805 0.000868698 0.00626427 0.0259802 0.188791 0.0195396 0.000510968 0.0207919 0.00222438 0.000561985 0.00210922 0.00419378 0.000163881 0.0406539 0.045721 -0.00428015 0.0345532 0.0263016 -0.00142523 0.0751576 0.00157515 0.00250972 0.00346165 0.0138405 0.0312045 0.103528 0.0302097 0.00612078 0.0348602 0.0101983 0.00463107 0.00418054 0.0125245 0.052758 -0.00324175 0.0500922 0.0220037 0.00550185 0.079522 0.00446197 -0.00171445,800,0,cuda,1.91,4.58
test,86,Abyssinian_8,Abyssinian,cat,correct,Abyssinian,kernel,0,0.743355,28,0.51718,0.941654,0.424474,0.061983,0.291814,0.0,,,,0.0253048 0.0129283 0.0129909 0.00869903 0.0110547 0.00900603 0.0709247 0.017512 0.00126751 0.0144576 0.00660806 0.128423 -0.00407142 0.0689245 -0.00621968 0.0292357 0.0676572 0.0575701 -0.0124951 0.146023 0.0070864 0.00684327 0.00417733 0.0148117 0.0248851 -0.00221027 -0.00549599 0.00399041,800,0,cuda,1.87,4.33
test,86,Abyssinian_8,Abyssinian,cat,correct,Abyssinian,partition,0,0.743355,28,0.51718,0.752818,0.235639,0.060586,0.058737,0.0,,,,0.00118003 0.0033392 -0.00465268 0.014662 0.000935805 0.00386781 -0.0280445 0.0034495 -0.0111285 0.0207863 0.101571 0.0983686 0.00686323 0.0188116 0.00834252 0.0210171 0.0385419 0.0462985 0.000377676 0.257186 0.0158364 0.00469121 0.030525 0.0294747 0.0284978 0.00527947 0.0012121 0.00259937,800,0,cuda,1.72,4.33
test,2826,saint_bernard_50,saint_bernard,dog,correct,saint_bernard,kernel,28,0.999935,38,0.731047,0.998049,0.267002,0.249356,0.820423,0.0,,,,0.0247161 0.0210489 0.0213886 -0.0169216 -0.00951015 0.00738821 0.0598715 -0.0354289 0.0620205 -0.0017648 0.0922963 0.0252892 0.0761794 0.0329221 -0.00348357 0.131801 0.00679325 0.0334655 0.0355176 0.00503368 0.0711854 0.0139678 0.00974832 0.0802064 0.0285375 0.00737416 0.00618114 0.0255603 0.0171395 0.0153412 0.0034639 0.0532032 -0.000497117 0.0394057 0.0222007 -2.91686e-05 0.0229975 0.00635779,800,0,cuda,1.74,4.38
test,2826,saint_bernard_50,saint_bernard,dog,correct,saint_bernard,partition,28,0.999935,38,0.731047,0.99838,0.267333,0.246661,0.817279,0.0,,,,0.00826665 0.0177216 0.00356759 0.000693699 0.0182311 0.00953754 0.0619939 0.0153641 0.0982998 0.00767069 0.0723705 0.0130538 0.0216121 0.0294263 0.00244516 0.0752929 0.00711374 0.0156525 0.0190385 0.00772043 0.103156 0.00818227 0.00531822 0.12788 0.00409259 0.110103 0.0352726 0.00918323 0.00203229 0.00816973 0.00257354 0.00128049 0.00234369 0.000821914 0.0293035 0.0113436 0.0178422 0.0069949,800,0,cuda,1.81,4.38
test,3108,shiba_inu_35,shiba_inu,dog,correct,shiba_inu,kernel,31,0.999521,46,0.161153,0.788887,0.627734,0.098655,0.967574,0.0,,,,-0.00565125 0.0145616 -0.00216351 0.00279457 -0.015314 0.00541424 0.0143952 0.00999842 -0.0280093 -0.00450047 0.00929123 -0.00430366 -0.0414447 0.00267608 -0.0122466 0.00191814 0.00563472 -0.00544889 -0.0032855 0.00444868 0.0239094 -0.00705574 -0.00768622 0.433139 0.00155284 -0.00841379 0.0297065 0.00524467 0.00739897 0.00986211 0.0672822 0.214303 0.00305398 0.00734806 0.134356 0.0255674 0.0116792 0.00412938 -0.010153 0.0100275 0.001181 -0.0163547 0.0136696 -0.00404536 0.00558356 0.0592232,800,0,cuda,1.5,4.51
test,3108,shiba_inu_35,shiba_inu,dog,correct,shiba_inu,partition,31,0.999521,46,0.161153,0.963607,0.802454,0.129515,0.972775,0.0,,,,0.000496385 0.000151603 0.000273448 0.000453303 -0.00102182 0.000604136 0.00417694 0.000756283 -0.000437884 0.00247162 0.0520865 0.000413387 -0.00433531 0.000963066 2.22378e-05 0.00475586 0.000297874 0.0150498 -0.0012876 -0.00367812 0.0156406 0.0269226 0.00062929 0.337865 0.00751352 -0.0064569 0.050475 -0.00031778 0.0603784 0.066379 0.0740474 0.134659 0.000279844 0.0074063 0.0242582 0.0186777 0.0166394 0.00297851 0.00160349 0.00497143 0.000668853 0.00723243 0.00637754 0.00129845 0.00243489 0.0284998,800,0,cuda,1.95,4.51
test,2753,Russian_Blue_74,Russian_Blue,cat,correct,Russian_Blue,kernel,27,0.994129,41,0.447365,0.968092,0.520727,0.192184,0.877724,0.0,,,,0.0118457 -0.0097775 -0.0259252 -0.000759972 -0.0146375 -0.00247551 -0.0059281 -0.0226404 0.0170966 0.0181676 0.0353181 0.0128753 -0.00114026 0.0175888 0.0187823 0.000268176 -0.0315246 0.00791469 0.0105826 0.0728502 0.00940549 -0.00577568 0.020018 -0.0339425 -0.0188796 -0.0122 0.0998673 0.0829873 0.0310793 -0.00153834 0.0159484 -0.00377723 0.181845 0.108711 0.184914 0.0428848 0.00870775 0.0506817 0.0861696 -0.000243625 0.0277787,800,0,cuda,2.14,4.72
test,2753,Russian_Blue_74,Russian_Blue,cat,correct,Russian_Blue,partition,27,0.994129,41,0.447365,0.702093,0.254727,0.185465,0.86332,0.0,,,,-0.000323539 -0.000159789 0.00199626 -0.00147728 -0.00160514 0.00065656 0.00744533 0.000689306 -0.000299077 -0.000207539 0.00100386 -0.000272071 0.00352729 0.0105826 0.0113815 0.0029173 0.00715428 0.0453652 0.0132612 0.0731298 0.00280512 -0.00108138 0.0256115 -0.00233252 -0.0018446 0.00721434 0.180203 0.0797671 0.0902523 0.000214294 -0.00088389 -0.0249659 0.127902 0.106788 0.0588851 0.0259878 0.0146311 0.0118706 0.0338859 0.0180634 0.0553839,800,0,cuda,1.73,4.72
test,3130,shiba_inu_55,shiba_inu,dog,correct,shiba_inu,kernel,31,0.999719,43,0.622429,0.984804,0.362375,0.474132,0.875411,0.0,,,,0.0800313 -0.0055747 0.0403098 0.0939996 -0.00698088 0.0586483 0.0973969 0.0143254 0.0380009 0.0244873 0.0210556 -0.0302292 0.0280914 0.0165129 -0.00461928 0.193424 0.00536274 0.0251812 0.0766558 0.0278833 0.00670442 -0.000954228 0.0164296 0.00335039 0.0171026 -0.00058489 0.014107 0.00292503 0.0332011 0.011377 0.00539634 -0.0191433 0.00869238 0.0751313 -0.0280151 0.0104919 -0.0177178 0.00550367 0.00391518 -0.0019606 -0.00729419 0.0134133 0.0174383,800,0,cuda,1.46,4.52
test,3130,shiba_inu_55,shiba_inu,dog,correct,shiba_inu,partition,31,0.999719,43,0.622429,0.98258,0.36015,0.441114,0.863032,0.0,,,,0.00650271 0.018275 0.026858 0.128568 0.0162911 0.0161062 0.105097 0.0283778 0.0706034 0.0113891 0.0237441 0.0011451 0.0199202 0.03761 0.00661542 0.122429 0.0154773 0.0753096 0.0380189 0.0177216 0.0236496 0.010375 -0.00737343 0.00384529 -0.00474309 -0.00915204 -0.0115822 0.0481503 -0.000635205 0.0188266 -0.00137639 0.0197602 0.00224255 0.0152329 0.00683699 0.0152518 0.0119748 0.00318762 0.00929872 0.0112722 0.00403367 0.00458435 0.00375297,800,0,cuda,2.19,4.52
test,3113,shiba_inu_3,shiba_inu,dog,correct,shiba_inu,kernel,31,0.999735,39,0.712671,0.989628,0.276957,0.354865,0.836608,0.0,,,,-0.0255787 0.0192792 0.0144748 -0.00623347 0.0337345 -0.00279248 0.024679 0.0392022 0.0316517 -0.0198077 0.0351393 0.0717677 0.00566515 0.0897668 0.0672232 0.024416 0.0702099 -0.0162353 0.0333823 -0.0261287 0.0172562 0.0307417 0.0487026 0.0947602 -0.00470067 0.114166 0.0583296 0.0225692 -0.00176455 0.0668378 0.00564163 0.0136211 -0.00617655 0.00930162 0.0282532 -0.00276439 -0.00345801 0.00534842 0.00300655,800,0,cuda,1.77,4.72
test,3113,shiba_inu_3,shiba_inu,dog,correct,shiba_inu,partition,31,0.999735,39,0.712671,0.996032,0.283361,0.555184,0.756108,0.0,,,,0.00404894 0.0147571 0.0105678 0.0207427 0.0314659 0.0245844 0.00869126 0.0867854 0.0367852 0.0106633 0.0411325 0.0476403 0.0587637 0.078314 0.0353252 0.0180744 0.0581547 0.012034 0.0535415 0.00386534 0.0124116 0.0687192 0.0680147 0.0167951 0.0073069 0.0521114 0.00583173 -0.00116088 0.00858587 0.0432465 0.00351616 -0.00224033 0.019168 0.0152693 -0.019275 0.00733716 -0.00237956 0.0033208 0.000970913,800,0,cuda,2.16,4.72
test,2830,saint_bernard_54,saint_bernard,dog,correct,saint_bernard,kernel,28,0.999896,42,0.880421,0.990234,0.109813,0.151256,0.566924,0.0,,,,0.0110897 0.0613869 -0.0261672 0.0651694 0.0489614 0.0156481 -0.0111661 0.0560367 0.0459982 0.0157223 0.0720677 0.0133786 0.00824465 0.010154 0.0389042 0.0129108 0.0495326 0.0134681 0.173403 0.00751856 0.0144155 -0.0182921 0.0792295 -0.0426647 0.0239494 -0.000604808 0.089683 0.0280588 0.0295401 0.0241543 0.0137263 0.00227747 -0.0185887 0.0232325 0.0642231 0.0132741 0.00723644 0.0218073 0.0166023 -0.0235814 -0.00284878 -0.0361629,800,0,cuda,1.53,4.58
test,2830,saint_bernard_54,saint_bernard,dog,correct,saint_bernard,partition,28,0.999896,42,0.880421,0.831188,-0.049233,0.158859,0.579894,0.0,,,,0.00931892 0.0688055 0.0106738 0.00789646 0.0224251 0.00353055 0.0220206 0.0639902 0.0255714 0.0398991 0.089616 0.0644203 0.0120764 0.0234776 0.0661719 0.0320794 0.073867 0.0698615 0.10893 0.00662304 0.0146518 0.0121592 0.0581381 0.00281659 0.00114877 0.00588416 0.036317 0.00153203 0.00335623 0.002242 0.00147626 0.00180453 0.00549904 0.000953417 0.00651029 0.00234243 0.000767171 0.00380458 0.00276253 0.00201165 0.00270061 0.000795697,800,0,cuda,2.19,4.58
test,1435,german_shorthaired_58,german_shorthaired,dog,correct,german_shorthaired,kernel,14,0.997612,39,0.281908,0.73962,0.457712,0.121898,0.906269,0.0,,,,0.000317564 -0.00253349 -0.00246526 -0.00576036 0.0359876 0.00774245 0.00101256 0.0230435 -0.0408435 0.353985 0.0183125 -0.00441553 -0.0464141 0.00834098 0.0192587 0.0455889 0.0208157 -0.016665 0.0278192 0.00784192 0.0226919 0.0221984 0.0954403 0.0293651 0.0332566 0.10033 0.0199668 0.0239236 -0.0115727 0.0407177 -0.00627162 0.0273663 0.0510179 0.0447334 0.00830213 0.011558 -0.0154894 0.010981 0.00820693,800,0,cuda,1.6,4.59
test,1435,german_shorthaired_58,german_shorthaired,dog,correct,german_shorthaired,partition,14,0.997612,39,0.281908,0.547095,0.265188,0.212311,0.808202,0.0,,,,-0.00190812 0.07366 -0.0179934 -0.0157116 -0.00249461 -0.00202226 0.00515742 0.0413298 -0.0423547 0.17799 -0.0105963 0.00578328 -0.000233835 0.0576925 0.012511 0.0733233 0.0316658 0.00455911 0.0756894 0.0221848 0.00183388 0.00438006 0.0887091 0.0280652 0.00440905 0.0677259 0.014036 0.0120341 0.00923912 0.0347585 0.00429036 0.044617 0.0125711 0.0721551 0.01239 0.0103269 0.00582047 0.035154 0.0169442,800,0,cuda,2.1,4.59
test,2610,Ragdoll_27,Ragdoll,cat,correct,Ragdoll,kernel,26,0.996366,33,0.66183,0.997606,0.335776,0.097397,0.610922,0.0,,,,-0.0135339 0.0138036 -0.0120505 -0.0124921 0.0301273 0.00395382 -0.00022898 -0.0136666 0.0124862 0.0399164 0.0241262 0.0316392 0.0765998 0.0184934 0.115205 0.0413057 0.0677409 0.0136436 0.0693438 0.0481927 -0.0322957 -0.0171726 0.0654771 0.199594 -0.0167715 0.0309235 0.0101333 0.160012 0.0134264 -0.000548758 0.00451994 -0.0166904 0.0235603,800,0,cuda,1.64,4.4
test,2610,Ragdoll_27,Ragdoll,cat,correct,Ragdoll,partition,26,0.996366,33,0.66183,0.997314,0.335484,0.119575,0.648059,0.0,,,,-0.00131708 -0.000307229 -0.000718834 8.35416e-05 -0.000322692 -0.0042805 0.000184997 0.00434159 -0.00275379 0.000824655 0.00302797 0.00875919 0.0154164 0.00932479 0.0818281 0.026005 0.0561189 0.00773716 0.0433876 0.0429485 0.0363669 0.0360723 0.0413889 0.190432 0.0117515 0.106502 0.00532069 0.155134 0.0746791 0.0121098 0.00818664 0.0127555 -0.00221433,800,0,cuda,1.86,4.4
test,209,american_pit_bull_terrier_200,american_pit_bull_terrier,dog,correct,american_pit_bull_terrier,kernel,2,0.919837,37,0.271405,0.441442,0.170037,0.058686,0.537003,0.0,,,,0.029484 0.0606923 0.00596222 -0.000103431 0.0498715 0.0322473 0.0285882 0.0218616 -0.0113834 0.154387 -0.00928863 0.19614 0.018045 0.0584264 0.0114756 0.0249182 0.0113182 -0.0248567 -0.00428952 0.0221627 0.0940714 -0.00391473 0.00711929 0.0186927 0.0165341 -0.00371511 0.0119649 0.0260531 0.00631723 -0.00723604 -0.00415157 0.0450591 0.0012112 -0.00786582 0.0124305 -0.00296353 0.0262541,800,0,cuda,1.47,4.18
test,209,american_pit_bull_terrier_200,american_pit_bull_terrier,dog,correct,american_pit_bull_terrier,partition,2,0.919837,37,0.271405,0.43837,0.166966,0.057433,0.483651,0.0,,,,0.00786002 0.0276469 0.00523888 0.00813657 0.045137 0.00680514 0.00636417 0.0065892 0.00426715 0.159897 0.00250133 0.211283 0.00307664 0.1083 0.00151523 0.0454218 0.00574396 0.000955452 0.0311109 0.0250001 0.0939335 0.00240272 0.0236344 0.0222351 -0.0151574 0.0052912 0.00308891 0.00878832 0.0071572 0.00485917 0.00702709 0.000715908 0.000291654 0.00405756 0.0106137 0.00572219 0.0140086,800,0,cuda,1.88,4.18
test,3220,Siamese_40,Siamese,cat,correct,Siamese,kernel,32,0.97638,34,0.84931,1.0,0.15069,0.050428,0.555165,0.0,,,,0.00617756 -0.0118553 -0.0247183 0.0107734 0.0345134 0.0616451 0.00837228 0.158349 0.0791371 0.0435362 0.0848224 -0.00560358 0.0301751 0.0135984 0.0989047 0.0985629 0.098465 -0.00747172 0.00235453 0.013608 0.00364531 -0.0382411 0.0368779 0.0397656 0.00785486 -0.0295749 0.06929 0.00893486 0.0290361 0.0225588 -0.0041686 0.000346987 0.0203504 0.00158871,800,0,cuda,1.56,4.16
test,3220,Siamese_40,Siamese,cat,correct,Siamese,partition,32,0.97638,34,0.84931,1.0,0.15069,0.154907,0.613188,0.0,,,,0.0277724 0.0162511 0.0379566 0.0233462 0.0746004 0.0854741 -0.000153421 0.0954811 0.0598175 0.0732801 0.113616 -0.000537365 0.0463967 0.0179349 0.0511374 0.0734365 0.0531139 0.0410448 0.000681199 -0.001182 0.00577534 -0.00193862 0.0680199 -0.00167712 3.00503e-05 -0.00344835 0.000605127 0.00100344 7.68322e-05 0.00162708 0.00105838 0.000202285 0.000279166 0.000529047,800,0,cuda,1.81,4.16
test,2787,saint_bernard_197,saint_bernard,dog,correct,saint_bernard,kernel,28,0.989995,36,0.303651,0.632324,0.328673,0.083855,0.642193,0.0,,,,0.0392561 -0.0140718 0.00735847 0.0189951 0.0646806 -0.00483217 0.0751801 0.000634121 0.117553 0.0278936 0.0217281 -0.0166267 -0.00264856 -0.0415287 0.106823 0.0427672 0.00222248 0.0336211 9.67596e-05 0.029486 0.0272946 0.00147668 0.264193 0.0250133 0.000546839 0.0361117 0.00784541 -0.00480043 0.0248493 0.0330216 0.0626582 0.00127199 -0.000564656 0.00317815 -0.000643476 -0.009013,800,0,cuda,1.58,4.04
test,2787,saint_bernard_197,saint_bernard,dog,correct,saint_bernard,partition,28,0.989995,36,0.303651,0.698361,0.39471,0.141495,0.762627,0.0,,,,0.0269288 -1.63405e-05 0.00844897 0.00292991 0.0457503 0.00129452 0.138137 4.68902e-05 0.058397 0.207371 0.00419649 0.00336694 0.00433339 0.00232686 0.0854763 0.0490186 0.0198388 0.0404581 0.00116242 0.028392 0.000918857 0.00389772 0.212102 0.0028369 0.00274653 0.02579 0.000687851 0.000963213 0.000410159 0.000228772 0.00282172 -0.000130001 -6.62946e-06 0.000107725 -9.98331e-05 -0.00010603,800,0,cuda,1.7,4.04
test,1966,leonberger_87,leonberger,dog,correct,leonberger,kernel,19,0.985199,40,0.435746,0.97883,0.543084,0.072289,0.73676,0.0,,,,-0.0129164 0.0107984 0.0259988 -0.00632955 -0.00686753 0.0001947 -0.00999958 0.0738955 0.175021 0.0110223 -0.0106993 -0.00481152 0.138122 0.0309479 0.0155683 0.0207505 0.0173525 0.0901491 0.021231 0.00166311 0.0322703 0.00716373 0.0299187 0.0311059 -0.0329123 0.162999 0.0328618 -0.0189527 0.0486195 -0.00584139 0.0187886 0.0419133 -0.00982582 -0.0114332 0.00131655 -0.00486648 0.0342099 0.0206475 -0.00525026 0.0279402,800,0,cuda,1.72,4.21
test,1966,leonberger_87,leonberger,dog,correct,leonberger,partition,19,0.985199,40,0.435746,0.97883,0.543084,0.076481,0.667189,0.0,,,,0.00238889 -0.00177932 0.0128895 -0.00114407 0.00711373 0.0385649 -0.00852344 0.0883688 0.201725 0.0148285 0.0527662 9.55387e-05 0.178987 0.00708916 -0.00174836 0.0277719 0.00838587 0.0996513 0.00629268 0.00343861 0.0173503 -0.00110414 0.018358 0.0105219 0.0135526 0.113975 0.0156541 -0.00138222 0.00304665 0.00800972 0.0184365 0.0051631 0.00306353 0.000878625 0.00233891 0.00150438 0.00169698 0.00948988 0.000521301 0.00352707,800,0,cuda,1.71,4.21
test,2642,Ragdoll_62,Ragdoll,cat,wrong,Birman,kernel,6,0.58202,31,0.746971,0.993291,0.24632,0.256554,0.802766,0.0,,,,0.0808776 0.0126456 -0.0267593 -0.0112734 0.0204821 0.0216278 0.0990539 -0.0324592 -0.0601044 -0.00769358 0.0187688 -0.022649 0.146823 0.0794807 -0.0175325 0.0293779 0.0127315 0.0719657 0.0127876 -0.0114604 -0.0205468 -0.0168922 -0.0121645 0.00610668 0.0096715 -0.0359012 0.0365737 0.0187383 0.0287986 0.0669671 0.0524737,800,0,cuda,1.78,4.17
test,2642,Ragdoll_62,Ragdoll,cat,wrong,Birman,partition,6,0.58202,31,0.746971,0.994927,0.247957,0.457845,0.700479,0.0,,,,0.0500564 0.00348543 0.00389479 0.0462018 0.0707878 0.0870057 0.0666917 0.0248762 -0.0194446 0.0241837 0.0106539 0.0183492 0.07201 -0.0214475 0.0051384 -0.00512825 0.0177984 0.0462627 -0.00256862 -0.0162913 0.00479677 0.00759703 0.00335354 0.012908 0.00676546 0.00200224 -0.0012693 0.000753131 0.0128171 0.00752231 0.0107528,800,0,cuda,1.68,4.17
test,1987,Maine_Coon_23,Maine_Coon,cat,correct,Maine_Coon,kernel,20,0.996726,37,0.661133,0.801114,0.139982,0.07446,0.820218,0.0,,,,0.0271425 0.0249302 0.137246 0.0093174 0.0640504 0.07868 -0.00302098 0.135162 0.0985158 0.018555 0.0126884 0.188749 -0.00562787 0.059495 0.00982413 0.0320245 0.0155235 0.00862562 0.0247927 0.00555437 -0.0061483 0.00397613 0.00101904 0.0174607 -0.00560866 0.0119594 0.00766395 0.0132377 0.0351563 0.00370521 0.0203978 0.00433287 -0.00936163 -0.020438 -0.000740754 -0.0240299 -0.0233138,800,0,cuda,1.78,4.25
test,1987,Maine_Coon_23,Maine_Coon,cat,correct,Maine_Coon,partition,20,0.996726,37,0.661133,0.988547,0.327414,0.139197,0.851628,0.0,,,,0.00360466 0.0181097 0.107549 0.0178935 0.0514656 -0.00710579 -0.0159122 0.0685015 0.0945602 0.0470678 0.0142291 0.178324 0.0494484 0.145451 0.022851 0.049477 0.0476101 0.0113006 0.0203609 0.00688577 0.00120235 -0.0111485 -0.00524539 0.0212147 -0.00109296 0.0158793 0.00919007 0.000964795 0.00339739 0.00383614 0.00399705 0.000401026 -0.00244907 -0.003112 0.00370643 0.000150872 -0.00106753,800,0,cuda,1.64,4.25
test,2171,miniature_pinscher_91,miniature_pinscher,dog,wrong,chihuahua,kernel,10,0.619264,40,0.576451,0.988177,0.411726,0.016245,0.620562,0.0,,,,-0.00201474 0.0227329 0.00923342 0.0240821 -0.0581877 -0.0117956 0.00389333 0.0324202 0.00809948 -0.0476289 0.0773067 -0.0297222 0.182276 0.0410513 0.0964115 -0.00757586 -0.00774135 0.175015 -0.0199838 0.0244347 0.0283227 0.056917 -0.00331115 0.0144595 -0.0230008 0.0382574 -0.0234558 -0.0141813 0.0146519 -0.00313972 -0.0167095 -0.000534638 0.00589376 -0.000122935 0.0180902 -0.00474065 0.0162568 -0.00367397 0.00304489 -0.00423795,800,0,cuda,1.83,4.22
test,2171,miniature_pinscher_91,miniature_pinscher,dog,wrong,chihuahua,partition,10,0.619264,40,0.576451,0.815912,0.239461,0.016983,0.610752,0.0,,,,0.000785121 0.00819857 0.00483859 0.00891437 -0.043049 0.0235226 0.0322232 0.0478452 0.00707447 -0.0333431 0.0489883 -0.00614278 0.154513 0.0216422 0.0759469 -0.00569859 -0.0030326 0.126767 -0.00161928 0.0211631 -0.0010102 0.0542299 0.00482847 0.00115866 -1.59723e-05 0.0936051 4.77514e-05 -0.000401659 0.000701293 -0.00252003 -0.0015612 -0.00586224 0.00169378 -0.0079019 0.00141481 -0.00361967 -0.00952658 -0.00636527 0.00169647 0.000963606,800,0,cuda,1.57,4.22
test,2782,saint_bernard_192,saint_bernard,dog,correct,saint_bernard,kernel,28,0.999349,39,0.263353,0.817716,0.554363,0.07394,0.886218,0.0,,,,0.00141082 0.007337 0.0128631 0.0111373 -0.000753475 0.0253151 0.0258298 -0.00249912 -0.0215704 -0.00305713 -0.02177 0.243907 0.0242561 0.00615397 0.0157839 0.066202 0.100716 0.025452 -0.0086093 0.00164336 0.0139057 0.0138582 0.102881 0.343919 0.00492348 0.0233214 0.00415793 -0.0125181 -0.0157616 0.0134191 -0.00429751 0.00829069 -0.0081725 0.00663359 0.00348722 -0.000625122 -0.00336851 -0.00730361 -0.00611607,800,0,cuda,1.82,4.43
test,2782,saint_bernard_192,saint_bernard,dog,correct,saint_bernard,partition,28,0.999349,39,0.263353,0.643699,0.380346,0.159606,0.82904,0.0,,,,-0.00362982 0.0003244 0.00297543 -0.00277716 0.0100441 -0.0151149 0.0145318 0.00039548 -0.00106324 0.000382168 0.00582181 0.162359 0.0588761 0.00910247 0.00830115 0.0629201 0.127207 0.258864 0.144635 0.00615369 0.0117623 -1.33321e-05 0.034428 0.0908382 -5.24127e-05 0.000641105 0.00039157 0.000144722 0.000497769 -2.58668e-05 0.000209443 0.000336893 4.61364e-05 9.16632e-06 0.000240099 0.000185665 7.22499e-06 6.03758e-06 0.000420251,800,0,cuda,1.76,4.43
test,931,British_Shorthair_44,British_Shorthair,cat,correct,British_Shorthair,kernel,9,0.939437,33,0.701869,0.726352,0.024483,0.175966,0.641375,0.0,,,,0.0783798 0.0509415 0.0315668 0.00624808 0.0740279 0.00993111 -0.0611084 -0.0270536 0.0759238 0.094833 0.0290886 0.0316254 0.071934 0.0129427 0.0164214 0.062474 0.0358117 0.0829423 0.0251625 0.04592 -0.00756152 0.0343255 0.0313587 -3.48566e-05 -0.00960628 -0.00508216 0.0206938 -0.0110821 0.0132973 0.000818249 0.0183341 0.0049779 -0.0126102,800,0,cuda,1.77,4.4
test,931,British_Shorthair_44,British_Shorthair,cat,correct,British_Shorthair,partition,9,0.939437,33,0.701869,0.748831,0.046961,0.230582,0.533895,0.0,,,,0.0192813 0.0461996 -0.00180118 0.0164445 0.0582465 -0.000133324 0.0081305 0.0244869 0.0400725 0.0595026 0.0447898 0.0236447 0.0276319 0.0785533 0.00503643 0.0460164 0.00982047 0.0337783 0.0353247 0.0212071 0.0116487 0.0237246 0.0200919 0.0321638 0.0355467 0.00675309 0.00746527 0.0172793 0.0545167 0.0129222 0.00436037 0.00146992 0.00166514,800,0,cuda,1.82,4.4
test,2146,miniature_pinscher_69,miniature_pinscher,dog,wrong,chihuahua,kernel,10,0.693882,23,0.222616,0.516524,0.293907,0.035243,0.556629,0.0,,,,0.0412123 0.0186137 -0.0299551 0.00597294 -0.00377062 0.16439 0.00115311 -0.0224602 0.0237078 0.0742242 0.0446743 0.015649 0.0317532 0.0456315 0.029821 0.117432 0.00923036 -0.012147 0.021488 -0.00105172 0.0747413 0.0293938 0.00600517,800,0,cuda,1.79,4.16
test,2146,miniature_pinscher_69,miniature_pinscher,dog,wrong,chihuahua,partition,10,0.693882,23,0.222616,0.70619,0.483573,0.035192,0.492134,0.0,,,,0.0553721 0.0318067 -0.00464079 0.00832615 0.00514142 0.267075 0.00119001 0.0174051 0.00751501 0.167439 0.0404288 -0.00229787 0.0231868 0.0147336 0.00453075 0.0618551 0.0248001 -0.0236423 -0.00904925 -0.0144266 -0.00593309 0.0220442 -0.00715093,800,0,cuda,1.62,4.16
test,2425,pomeranian_4,pomeranian,dog,correct,pomeranian,kernel,24,0.973788,40,0.500219,0.984301,0.484082,0.012591,0.662867,0.0,,,,0.00903524 0.0151612 0.0344827 0.189854 -0.0264754 0.0387499 0.00258577 0.0429047 0.0737273 0.165121 -0.0273141 0.00417824 0.204055 0.032673 0.111738 -0.027676 -0.00127522 0.0176318 0.00687892 0.0276398 0.0450211 0.0401441 -0.00826039 0.00933156 -0.0174188 0.0140155 -0.0102578 -0.0105106 -0.00316598 -0.0152829 0.00655605 0.014284 -0.00498341 0.00121161 0.02186 0.00825091 0.022449 -0.0380904 -0.0183608 0.0155416,800,0,cuda,1.83,4.25
test,2425,pomeranian_4,pomeranian,dog,correct,pomeranian,partition,24,0.973788,40,0.500219,0.981809,0.48159,0.026654,0.703739,0.0,,,,0.0046969 0.00200694 0.0336856 0.300664 0.0094363 0.0998186 0.00677973 0.0624268 0.0830833 0.14428 0.00256697 0.00174716 0.118099 0.000916004 0.0634827 0.0149403 0.000465609 0.00488785 -0.000218368 0.000843907 0.0152868 0.000449584 -0.00148973 -0.000225949 -0.000773842 0.00514157 0.000315113 -0.00117819 -0.000952007 -0.00063536 0.000754831 -0.00193004 -0.000499348 -0.000186675 -0.000248494 -9.93663e-05 -0.00068649 -0.000190733 -0.00113015 -0.00032154,800,0,cuda,1.54,4.25
test,130,american_bulldog_37,american_bulldog,dog,correct,american_bulldog,kernel,1,0.983025,34,0.74153,0.98775,0.24622,0.144012,0.818397,0.0,,,,0.0605671 -0.0129596 0.0796364 0.0139371 0.0272652 0.134901 -0.00656302 -0.0203532 0.0305976 -0.0138322 -0.0116793 0.0408238 -0.0105099 0.133854 0.0178341 0.0239212 0.376272 -0.00131246 0.00651677 -0.0122468 0.0148235 -0.0167923 -0.00418106 -0.0115706 0.00495286 0.0333077 0.0202996 0.0209039 0.0114434 0.0163247 -0.0197317 -0.0176624 0.0173819 -0.000419251,800,0,cuda,1.87,4.35
test,130,american_bulldog_37,american_bulldog,dog,correct,american_bulldog,partition,1,0.983025,34,0.74153,0.98775,0.24622,0.245304,0.82056,0.0,,,,0.191603 0.0173909 0.162371 0.0207954 0.055352 0.193924 0.00825615 -0.00811631 0.0149543 -0.0222035 -0.0199591 0.00826334 -0.00959286 0.0859525 0.0386142 0.0244489 0.129947 0.00255573 0.00797627 0.00155535 -0.00342594 0.00943846 0.00251611 0.00134963 0.00240136 0.00407177 -0.00158033 0.000739817 -0.00186629 -0.00148128 0.00846632 0.000676891 -0.00127472 0.00163013,800,0,cuda,1.65,4.35
test,1723,japanese_chin_47,japanese_chin,dog,correct,japanese_chin,kernel,17,0.989977,33,0.560965,0.990374,0.429408,0.046238,0.905813,0.0,,,,-0.00249566 -0.0272128 -0.00526976 -0.00648321 -0.012666 0.00554924 -0.00212661 0.101345 0.00718211 -0.00788974 0.0003122 -0.0155458 -0.0180682 0.0272297 0.0280663 0.219671 0.0719615 0.00945549 0.299228 -0.0120912 0.306776 0.0392773 0.0081281 -0.0201224 0.0144052 0.0196558 -0.0134813 -0.00728197 -0.0153265 0.0177895 -0.0193279 -2.41867e-05 -0.0239379,800,0,cuda,1.82,4.1
test,1723,japanese_chin_47,japanese_chin,dog,correct,japanese_chin,partition,17,0.989977,33,0.560965,0.990374,0.429408,0.059271,0.898486,0.0,,,,0.00214464 -0.00272552 -0.000767938 0.00618953 0.00608353 0.00193625 -0.000613052 0.13517 -0.00013463 0.0122808 0.0210927 0.0133666 0.00388518 0.00189315 0.00536617 0.300402 0.111829 0.00241397 0.207374 0.00018952 0.155914 -0.0103312 -0.000470566 -0.00797913 0.023082 0.00588141 -0.00346179 -0.0108988 -0.00178759 -0.00221568 -0.00213775 -0.00196009 -0.00432841,800,0,cuda,1.48,4.1
test,2071,Maine_Coon_91,Maine_Coon,cat,correct,Maine_Coon,kernel,20,0.99292,36,0.727997,0.967165,0.239168,0.186066,0.821524,0.0,,,,-0.00700936 0.0024967 -0.00963331 0.00366627 0.0216294 0.0178534 0.0140683 0.00234411 0.0299378 -0.00959532 0.0368549 -0.0043009 0.0609791 -0.0524774 0.0449672 0.0435354 0.172699 0.0679962 0.0843158 0.0391235 -0.017015 0.0300877 -0.0220738 0.0141321 0.019963 0.114941 0.153778 0.0117406 0.0453038 0.044745 -0.000177285 0.0224885 0.003877 0.00102322 -0.00183752 -0.0127362,800,0,cuda,1.77,4.25
test,2071,Maine_Coon_91,Maine_Coon,cat,correct,Maine_Coon,partition,20,0.99292,36,0.727997,0.998615,0.270618,0.350888,0.694359,0.0,,,,0.00260471 -0.000871305 -0.0046517 0.00034961 -0.00110841 0.00667053 0.0069532 0.0355867 0.00435603 -0.00185996 0.0350562 0.0124123 0.0758684 -8.65665e-07 0.012272 0.0167705 0.080333 0.00829158 0.033169 0.0638811 -0.00215815 0.0219717 0.0173478 0.00194735 0.0218837 0.0758818 0.0947117 0.00396048 0.128645 0.0295939 0.00411717 0.0719521 0.066515 0.0194233 0.0200721 0.00574308,800,0,cuda,1.65,4.25
test,3455,staffordshire_bull_terrier_88,staffordshire_bull_terrier,dog,correct,staffordshire_bull_terrier,kernel,34,0.999807,35,0.393814,0.989198,0.595384,0.097474,0.813068,0.0,,,,-0.0130066 0.0265026 0.015396 0.0157003 0.00796268 0.0232242 0.000615028 -0.0134281 0.0114311 0.0363278 0.0913761 0.0129686 0.00800676 0.00153799 0.0132724 0.0572433 0.0436586 0.0184915 0.0242345 0.00718407 0.30571 -0.000313203 0.0103821 -0.00271234 0.00445445 0.0173691 0.0944345 0.00194858 0.0370621 0.0819713 0.00331966 0.015162 -0.00900819 -0.0164798 0.063698,800,0,cuda,1.95,4.32
test,3455,staffordshire_bull_terrier_88,staffordshire_bull_terrier,dog,correct,staffordshire_bull_terrier,partition,34,0.999807,35,0.393814,0.800896,0.407082,0.146837,0.627553,0.0,,,,0.00118913 0.00048172 0.00604159 0.00351933 0.00155173 0.00146518 0.00219864 0.00203968 0.000733668 0.00475041 0.00911008 0.00169254 -0.000534394 0.00327387 0.0111097 0.00410565 0.046633 0.0322176 0.0137786 0.0269053 0.25593 0.00281375 0.00379451 0.0205096 0.00939944 0.055423 0.154748 0.00738824 0.00506525 0.170283 0.00254565 0.023208 0.0180001 0.0325505 0.0617745,800,0,cuda,1.62,4.32
test,954,British_Shorthair_67,British_Shorthair,cat,correct,British_Shorthair,kernel,9,0.999946,35,0.726064,0.868608,0.142544,0.26711,0.934076,0.0,,,,0.0116251 -0.0168411 0.0081545 0.00254317 0.00846409 0.0281117 0.0135139 -0.0405271 0.0116563 0.0255741 0.0497697 0.0133798 0.244501 -0.0468226 0.0453164 0.21333 0.00320295 -0.00605641 0.187274 -0.0217558 0.0612875 -0.00614153 0.00369047 0.00254564 0.0175763 0.032587 -0.00659956 0.018247 0.0127904 -0.0106712 -0.00150656 -0.00862083 0.00886428 0.0255517 0.00233619,800,0,cuda,1.83,4.55
test,954,British_Shorthair_67,British_Shorthair,cat,correct,British_Shorthair,partition,9,0.999946,35,0.726064,0.993817,0.267753,0.459622,0.894094,0.0,,,,0.000310887 -0.00606177 0.000552194 0.00384058 0.00148274 0.0025502 0.00277064 0.00340024 0.0145844 0.00951829 0.013837 0.0571173 0.103152 0.0820325 0.0665892 0.0200018 0.0902222 0.0227601 0.100029 0.0101105 0.0599935 0.045319 0.00990433 0.0033379 0.010686 0.0467361 0.0447691 0.0164415 0.012382 0.00532695 0.00235824 0.00546044 0.0038078 0.0200858 0.000942046,800,0,cuda,1.88,4.55
test,555,Bengal_61,Bengal,cat,correct,Bengal,kernel,5,0.921479,42,0.678352,0.96246,0.284108,0.075136,0.471337,0.0,,,,-0.000168605 0.00512311 0.0219517 0.0513754 0.00759985 -0.0138392 0.0134598 0.0453655 0.0799526 0.00896141 0.0170314 0.00712335 -0.00869085 0.132697 0.077245 0.0640956 -0.0122209 0.00773935 0.00206903 0.0332539 -0.000758006 -0.00376155 0.0104362 -0.0191413 0.0760526 0.0490882 0.0279262 -0.00644203 0.00495205 0.00442317 0.016176 0.0478428 0.0296102 0.0115062 0.00977596 0.0260395 -0.00199837 -0.012252 0.0106951 0.00602977 0.0263614 0.0371137,800,0,cuda,1.76,4.24
test,555,Bengal_61,Bengal,cat,correct,Bengal,partition,5,0.921479,42,0.678352,0.975539,0.297187,0.171426,0.452487,0.0,,,,0.00104451 0.00145836 0.0174132 0.00227217 0.00968245 0.00945239 0.00339116 0.03961 0.0807741 0.00483469 0.00842383 0.0136693 -0.00317723 0.0563281 0.0695742 0.0302389 0.0201024 0.0109147 0.00936 0.016492 0.00198136 0.0102857 -0.00292511 0.00218011 0.169127 0.017668 0.00181048 -0.00609908 0.000692898 0.000746816 0.0295284 0.0383705 0.0272813 0.00151048 0.0510599 0.0289211 0.00114535 0.00149858 0.0148329 0.0265905 0.042459 0.0292745,800,0,cuda,1.66,4.24
test,2418,pomeranian_43,pomeranian,dog,correct,pomeranian,kernel,24,0.970938,34,0.656688,0.761561,0.104873,0.044167,0.357483,0.0,,,,0.0179316 -0.0285559 -0.0122182 -0.0340073 0.0741798 0.0110965 0.0186649 0.047566 0.0538751 0.0491987 0.140174 -0.0473967 0.12319 0.0406706 0.018562 0.0350138 0.0327307 0.119668 0.120578 0.0312509 0.0384252 0.00766577 0.0472872 0.0130635 0.0269292 2.48477e-05 0.0121967 -0.00429946 -0.00298578 0.00403052 0.0130416 -0.0162828 0.00547351 0.00641564,800,0,cuda,1.81,4.19
test,2418,pomeranian_43,pomeranian,dog,correct,pomeranian,partition,24,0.970938,34,0.656688,0.991975,0.335286,0.020667,0.520852,0.0,,,,0.00124818 -5.83103e-05 0.00524678 0.00230265 0.0136422 0.0135966 0.00364182 0.000713076 0.00272244 0.0754984 0.134472 0.00301158 0.175194 0.00561646 0.01162 0.0672507 0.000268581 0.124764 0.144314 0.000458654 0.0573548 0.000709808 0.0517882 0.0483671 -0.00197286 -0.00331053 0.0178159 -0.00221646 0.00102161 0.000212778 0.00720545 0.000185047 0.000225955 0.000248153,800,0,cuda,1.59,4.19
test,1930,leonberger_54,leonberger,dog,correct,leonberger,kernel,19,0.947478,43,0.720145,0.990095,0.26995,0.04886,0.146203,0.0,,,,0.0416953 -0.0259198 0.00136625 0.0172003 0.0342804 0.00737908 0.00763884 0.040775 0.012126 0.0731557 -0.0241301 0.0274953 7.97148e-05 0.0804758 0.065408 -0.00933653 0.0657211 0.109437 -0.00684957 0.0432635 0.00529102 -0.01716 0.0649854 -0.0133872 -0.00829106 0.0202128 0.046083 -0.0047305 -0.0204993 -0.00275326 -0.0334085 0.106683 0.0182842 0.00705793 0.0672136 0.00675891 0.0355198 -0.00534132 0.036321 -0.000540445 0.0453705 0.0304771 -0.00136602,800,0,cuda,1.98,4.36
test,1930,leonberger_54,leonberger,dog,correct,leonberger,partition,19,0.947478,43,0.720145,0.994541,0.274396,0.073804,0.254704,0.0,,,,0.00276342 0.0461938 0.000235565 0.00558963 0.018935 0.0916983 0.00191031 0.0511332 0.036211 0.104821 0.0188302 0.00363915 0.0388737 0.0425058 0.120776 0.00649457 0.0765328 0.114767 0.0132497 0.0238943 0.000166477 -0.0198183 0.0110374 0.00303827 0.0103986 0.0165446 0.0168318 0.0230269 0.000764578 0.0140256 0.000520807 0.0099374 0.00376816 0.00831997 0.00115314 0.000919056 0.00374262 0.00207787 0.00529311 -0.000108835 0.0070358 0.000880817 0.00543107,800,0,cuda,1.61,4.36
test,1536,great_pyrenees_59,great_pyrenees,dog,correct,great_pyrenees,kernel,15,0.979762,40,0.698521,0.963984,0.265463,0.041389,0.814504,0.0,,,,-0.012581 0.0161413 -0.00361813 0.0265429 -0.0134432 0.318622 -0.014588 -0.00203439 0.0191434 0.0053886 0.201577 0.0677682 -0.00340662 0.0306596 0.0267949 0.181229 0.0994144 -0.000579974 0.0146683 0.00303925 0.0115166 0.0209159 -0.0247716 0.0382842 -0.00730542 -0.0131609 -0.0114465 0.038475 0.0173654 -0.0291137 0.00307353 0.00147159 -0.0190223 0.0070064 -0.024318 -0.00466142 0.0392543 -0.021322 -0.0231096 0.0143989,800,0,cuda,2.01,4.58
test,1536,great_pyrenees_59,great_pyrenees,dog,correct,great_pyrenees,partition,15,0.979762,40,0.698521,0.963984,0.265463,0.044931,0.816118,0.0,,,,0.000398876 0.0115942 0.0379974 0.00457782 0.000522602 0.236487 -0.000371083 0.0267726 0.00291568 0.00117152 0.199736 0.0448493 0.00444482 0.00950516 0.0254284 0.108755 0.216977 0.00583229 0.00957276 0.00556278 0.00672518 -0.000404105 -0.000208474 0.0106006 -3.99337e-05 -0.000169077 -0.000119412 0.0106832 6.50307e-05 -0.000225776 -0.000180238 -0.000657914 -0.00113046 -0.000328781 -0.00127044 -0.00047581 -0.000336981 -0.000145338 -0.00043331 -0.000409728,800,0,cuda,1.7,4.58
test,2431,pomeranian_55,pomeranian,dog,correct,pomeranian,kernel,24,0.995423,31,0.668706,0.992827,0.32412,0.067658,0.665122,0.0,,,,-0.0112232 -0.000104507 -0.00804781 0.278817 0.00348653 0.0245172 0.00305658 0.0275123 0.0725211 0.00155707 0.00245325 0.214034 0.107464 0.00470601 0.021573 0.114343 0.0186424 0.0192111 0.0362581 0.0163167 0.00822218 0.00718628 0.0324462 0.0109481 0.0102897 -0.00721948 -0.0211993 0.00643059 -0.00542086 0.00565254 -0.00678589,800,0,cuda,2.01,4.46
test,2431,pomeranian_55,pomeranian,dog,correct,pomeranian,partition,24,0.995423,31,0.668706,0.990816,0.32211,0.072575,0.704455,0.0,,,,-0.000128234 0.00467099 -0.000182267 0.344109 0.000167808 0.120077 0.00297116 0.011084 0.129732 0.0118385 0.0322857 0.0789528 0.0784666 0.000396557 0.000951514 0.13147 0.00620212 0.0147965 0.00978979 0.0032725 0.00147343 0.00266516 0.000383931 0.000572859 0.00516601 -0.00206067 6.81979e-06 -0.000387398 -0.00110436 -2.35157e-05 2.78999e-05,800,0,cuda,1.71,4.46
test,201,american_pit_bull_terrier_194,american_pit_bull_terrier,dog,correct,american_pit_bull_terrier,kernel,2,0.999364,46,0.453703,0.988321,0.534618,0.049699,0.801885,0.0,,,,0.0219186 0.028363 0.00713378 0.0108311 -0.0219302 0.0289261 0.0633064 0.0817295 -0.0312367 -0.0113984 0.0440224 0.0619106 -0.00896644 0.0064719 0.0630201 0.038078 0.211347 0.0232441 -0.00538815 0.0720761 0.164666 0.0249398 -0.0116303 0.00190549 0.103007 0.0206784 0.0203847 0.0115294 -0.00566688 -0.0032195 -0.00179247 -0.0330006 0.0234509 -0.00347159 -0.0164272 0.00582634 0.0278132 -0.0156279 0.000791051 0.00947243 0.0177424 -0.0111345 0.00432501 -0.0428709 0.000238121 0.0156598,800,0,cuda,1.73,4.26
test,201,american_pit_bull_terrier_194,american_pit_bull_terrier,dog,correct,american_pit_bull_terrier,partition,2,0.999364,46,0.453703,0.988321,0.534618,0.046735,0.75873,0.0,,,,0.0223843 0.00834218 0.000792964 0.00627085 0.00716095 0.0147818 0.0203522 0.103823 0.0051441 0.00458066 0.0820518 0.0419792 0.0136832 0.00230069 0.0324522 0.00280082 0.158264 0.0452915 0.00365241 0.08871 0.14087 0.00535894 0.00411096 0.0144628 0.0846913 0.0374445 0.00171164 0.0166808 0.000801133 0.000943029 0.00118275 0.000866269 0.000462654 0.00141937 0.00058607 0.00203519 0.00282835 0.000389382 0.00211391 0.00127042 0.0010121 0.00115806 0.000558506 0.00088006 0.00137802 0.00101103,800,0,cuda,1.72,4.26
test,2965,samoyed_86,samoyed,dog,correct,samoyed,kernel,29,0.998814,28,0.476543,0.990235,0.513693,0.155849,0.892698,0.0,,,,0.0198733 0.00416499 -0.00695761 0.00636377 -0.017566 0.0109182 0.0286358 -0.0103776 0.371857 -0.0243608 -0.014225 0.117036 0.201281 -0.0109605 0.12021 0.00627585 0.013785 0.00710246 0.102649 0.000533604 0.0189326 -0.029266 0.00582499 -0.0189192 0.0596524 0.0316821 0.00796087 -0.0240278,800,0,cuda,1.83,4.31
test,2965,samoyed_86,samoyed,dog,correct,samoyed,partition,29,0.998814,28,0.476543,0.990235,0.513693,0.153788,0.880774,0.0,,,,0.0115216 0.0180958 0.00643787 0.000135479 -0.00461244 -0.00226771 0.0122304 -0.00193228 0.339445 0.0376105 9.86746e-05 0.084941 0.194345 -0.0111054 0.0539442 0.0134628 0.0472095 0.0046815 0.0703786 0.0020576 0.00277968 0.0145201 0.000108859 0.00260209 0.0299522 0.000247039 0.0509023 0.000288959,800,0,cuda,1.81,4.31
test,2023,Maine_Coon_38,Maine_Coon,cat,wrong,Ragdoll,kernel,26,0.543658,35,0.63626,0.711008,0.074748,0.049586,0.465911,0.0,,,,0.0191636 -0.0127146 -0.00302878 -0.0526773 0.0184453 0.00434115 -0.0727272 0.00861696 -0.019791 0.00413812 0.00793378 0.0100081 -0.00933617 0.0987002 0.0127624 0.112258 0.0517891 0.00329069 0.0554486 0.0252507 0.0101199 0.0146454 0.0113115 0.0622182 0.0723322 -0.017124 -0.0102971 -0.0174589 0.0023274 0.0298431 0.030639 0.0316629 -0.0160065 0.0324343 0.0275467,800,0,cuda,1.91,4.39
test,2023,Maine_Coon_38,Maine_Coon,cat,wrong,Ragdoll,partition,26,0.543658,35,0.63626,0.711008,0.074748,0.055069,0.50682,0.0,,,,0.000948924 -0.00843378 0.0331976 -0.0368949 0.0222502 -0.0242698 -0.0300293 0.0128731 0.00638302 0.0183017 0.00248256 0.0165861 0.00850217 0.059412 0.0152741 0.157981 -0.00284112 0.00275825 0.0680893 -0.00140381 0.0114104 0.000410072 0.0290906 0.0348264 0.0390068 0.00609313 0.00288084 -0.00498478 0.00505944 0.0299881 0.0301257 0.00312969 3.42479e-05 0.0023133 0.0155146,800,0,cuda,1.72,4.39
test,368,basset_hound_73,basset_hound,dog,correct,basset_hound,kernel,3,0.761566,36,0.76718,0.863476,0.096296,0.066762,0.458664,0.0,,,,0.0290903 0.0838963 0.014201 0.0491157 0.0655526 0.0944093 -0.0217843 -0.00743536 0.0793394 0.0144856 0.0261505 -0.0501976 0.018231 0.153874 -0.022257 0.0269194 0.077964 0.0378945 -0.00508467 -0.013264 -0.00880587 0.0361041 0.00393341 0.0519266 0.0342993 -0.0255754 0.00234125 -0.00554895 0.0420873 0.0211175 -0.0105054 -0.0111644 -0.0265588 -0.00132749 -0.00558415 -0.0107743,800,0,cuda,1.78,4.1
test,368,basset_hound_73,basset_hound,dog,correct,basset_hound,partition,3,0.761566,36,0.76718,0.794218,0.027039,0.067809,0.44404,0.0,,,,-0.00629062 0.0352009 -0.00357466 0.0671237 0.0356489 0.0930492 -0.0113177 0.0293104 0.05104 -0.0100913 0.0279475 -0.00399185 -0.0262602 0.224591 -0.0100853 -0.0578697 0.064924 0.00767001 -0.0027315 0.00771403 0.00626835 0.0591314 0.00606763 0.0414639 0.0197033 0.00500636 0.0453405 0.00785602 0.0226567 0.0102178 0.00374289 0.00503894 -0.00316323 -0.000912163 0.00249729 -0.00585744,800,0,cuda,1.58,4.1
test,973,British_Shorthair_8,British_Shorthair,cat,wrong,Bombay,kernel,7,0.558584,25,0.647142,0.718395,0.071253,0.040318,0.305105,0.0,,,,0.0406729 0.0232352 0.00724484 0.0301024 -0.00187322 0.00296916 0.0731709 0.0540874 0.0684162 0.00561905 0.0309355 -0.0528767 0.0884383 -0.0321905 -0.0239248 0.0522312 0.02523 -0.0285788 0.0596744 0.038274 0.0083109 0.0200903 -0.00403091 0.0350015 0.011093,800,0,cuda,1.87,4.28
test,973,British_Shorthair_8,British_Shorthair,cat,wrong,Bombay,partition,7,0.558584,25,0.647142,0.926281,0.279139,0.064275,0.196679,0.0,,,,0.0330949 0.0141442 0.00453392 0.0139519 0.00191544 0.00235696 0.0399131 0.00719606 0.0453108 0.0148617 0.0112015 -0.0442737 0.105651 -0.00539259 0.0234435 0.0326561 0.0506237 0.0603595 0.0281926 0.00879621 0.0177976 0.0153224 0.015288 0.0158834 0.0184939,800,0,cuda,1.76,4.28
test,1634,havanese_57,havanese,dog,correct,havanese,kernel,16,0.989972,42,0.339664,0.614744,0.27508,0.073149,0.925477,0.0,,,,0.00217607 0.0105128 0.00844351 0.0105046 0.00970263 -0.0144468 0.0230599 -0.0170253 -0.00197703 -0.00946702 0.0102521 0.00395659 0.0198451 -0.0102565 0.00106253 -0.0870737 0.044477 0.147318 0.0244767 0.291815 -0.0159328 0.0574211 0.287566 0.0163318 0.0412154 0.0958284 -0.00500845 0.0438855 -0.0022765 0.0242068 -0.0194758 -0.0159765 0.00408985 -0.0601707 0.0273462 0.0310617 -0.0145757 -0.0139604 0.0183227 7.5276e-05 -0.0192913 0.0169329,800,0,cuda,1.77,4.23
test,1634,havanese_57,havanese,dog,correct,havanese,partition,16,0.989972,42,0.339664,0.774424,0.43476,0.119836,0.908297,0.0,,,,0.000785307 -0.0014965 0.00683959 0.00450459 0.00398924 7.30679e-05 -0.000465005 0.00419348 -0.000771117 0.000714696 -5.19794e-05 0.00121355 0.0109529 0.00315062 -7.41262e-06 0.0960091 0.0466204 0.155839 0.0108419 0.150593 0.00219409 0.0412245 0.222327 0.00960414 0.0821767 0.141531 0.000781202 -0.00422949 0.000146538 0.0025954 -0.0180682 -0.0029015 -0.00262303 -0.00541611 -0.00117892 0.000828374 -0.00149755 -0.000492748 0.00215364 0.00299865 -0.00143127 0.000720604,800,0,cuda,1.69,4.23
test,2435,pomeranian_59,pomeranian,dog,correct,pomeranian,kernel,24,0.99874,36,0.597875,0.999602,0.401726,0.033487,0.749173,0.0,,,,0.0460808 0.0456077 -0.000180908 -0.0356455 -0.00106795 0.0199437 0.034926 0.124517 0.0301997 0.060148 0.0221929 -0.0276811 0.0906951 0.0111578 0.033481 0.124621 -0.0388172 0.110139 0.00499427 0.0466324 0.0623983 0.0124773 0.169287 -0.02049 -0.00707485 0.0269603 -0.0354432 0.0204967 -0.00112194 -0.00975508 0.0192098 0.0160849 -0.0159222 0.0217148 0.00879516 0.0214,800,0,cuda,2.14,4.57
test,2435,pomeranian_59,pomeranian,dog,correct,pomeranian,partition,24,0.99874,36,0.597875,0.999648,0.401772,0.037592,0.784134,0.0,,,,0.000818652 0.000230943 0.001001 0.000961144 0.00399057 0.0130928 0.00629901 0.257803 0.0178169 0.0481455 0.00243097 0.000849091 0.167208 0.00128774 -0.000205979 0.036726 0.00128546 0.176239 0.000767495 0.0406559 0.0708992 0.0167777 0.122989 0.00276693 0.000245649 -0.000570472 -0.000234975 -0.000376456 0.00055594 -0.000206145 0.000636976 3.15843e-05 2.00976e-06 3.70561e-05 6.55105e-07 2.43936e-06,800,0,cuda,1.68,4.57
test,816,boxer_37,boxer,dog,wrong,saint_bernard,kernel,28,0.797809,39,0.646843,0.989539,0.342695,0.032344,0.673986,0.0,,,,-0.00174741 -0.0197404 0.0170027 0.0120545 -0.0267292 0.0622851 0.0753714 0.0147371 0.0677516 0.18764 -0.0145364 0.0307151 -0.0144426 -0.0107832 -0.000246102 0.045266 0.0630784 -0.0037324 0.0810815 -0.0371476 -0.0754278 -0.029178 0.0151497 0.0413744 0.0261231 -0.0108217 0.0709405 -0.0263871 0.0250644 -0.00399057 0.029057 0.0234853 0.00674352 0.00674786 0.0375289 0.0136576 0.0293313 0.0347575 0.0468075,800,0,cuda,1.78,4.15
test,816,boxer_37,boxer,dog,wrong,saint_bernard,partition,28,0.797809,39,0.646843,0.999408,0.352565,0.03964,0.677249,0.0,,,,0.0130422 -0.00384295 -0.00191887 -0.00241218 0.0202884 0.0452413 0.0442088 -0.000862271 0.0137599 0.21814 0.00842354 0.099388 -0.00148835 -0.0153726 -0.00252559 0.0577488 0.0674856 0.014292 0.130496 -0.0522898 -0.00255456 -0.0123121 -0.000344805 0.124271 -0.0189357 -0.023499 0.024749 0.00645246 -0.00605317 -0.0159883 0.00220865 0.00229515 0.00240086 0.0198691 0.00874489 0.0142651 0.0013269 0.00460333 0.00554172,800,0,cuda,1.7,4.15
test,1954,leonberger_76,leonberger,dog,correct,leonberger,kernel,19,0.867409,41,0.961276,0.994879,0.033602,0.033087,0.224765,0.0,,,,0.034167 -0.0169737 0.040774 -0.0243239 0.0762177 0.0367124 0.0883271 0.044989 0.0224811 -0.0160389 -0.0727983 0.0557327 -0.0447517 0.000955328 0.0144625 0.00959074 0.0447072 0.0292047 0.00956397 0.00359284 -0.0315456 0.0516009 0.00657684 0.0356401 0.0541509 0.0722128 0.0453801 -0.0195508 -0.0562075 0.0260318 0.0110741 0.0669662 0.0184562 0.102105 0.0397456 0.0348945 0.0423915 -0.00818861 -0.0362611 0.0485212 0.0233871,800,0,cuda,1.84,4.65
test,1954,leonberger_76,leonberger,dog,correct,leonberger,partition,19,0.867409,41,0.961276,0.997369,0.036093,0.052279,0.260547,0.0,,,,0.00828308 0.011514 0.00599805 0.0038676 0.0472703 0.0284342 0.0554211 0.0285103 0.0179526 0.0543154 0.00913229 0.0588847 -0.0232934 0.0186469 0.00902697 0.0213432 0.0732509 0.0305858 0.00960866 0.000453612 0.0167028 0.060351 0.0245274 0.0285989 0.0255316 0.0412205 0.0207589 0.0148759 -0.00104191 0.0200146 0.00318743 0.0287203 0.00582535 0.0383751 0.039189 0.00302858 0.0111496 0.0113604 -0.0103936 0.0070034 0.00578142,800,0,cuda,2.01,4.65
test,1316,english_setter_40,english_setter,dog,correct,english_setter,kernel,13,0.674328,40,0.652144,0.993977,0.341832,0.019112,0.583383,0.0,,,,-0.004487 -0.0411991 0.00132877 -0.0053916 0.00551727 0.0711004 -0.0219067 0.025145 -0.032825 -0.0087579 -0.0252561 0.037797 0.0129082 0.00681457 0.0942843 -0.0299771 0.0604411 0.00639099 0.0430469 0.0262702 0.106658 0.0591148 0.0322052 0.00207617 0.0532447 -0.024045 -0.0347862 0.0466072 0.0172626 -0.0231104 0.0512741 0.0340979 0.0380505 0.0172099 -0.0121209 0.0144436 0.00383393 0.0119568 0.0102981 0.0255741,800,0,cuda,2.04,4.69
test,1316,english_setter_40,english_setter,dog,correct,english_setter,partition,13,0.674328,40,0.652144,0.999438,0.347294,0.03075,0.436579,0.0,,,,-0.00089448 0.00924951 0.00118292 -0.00282448 -0.00678604 0.0392464 -0.00307388 0.0103921 0.00656883 -0.0013081 -0.00312987 0.00103994 0.0118919 0.0211274 0.0340894 9.63159e-06 0.0747589 -0.00863276 0.00943889 0.00445273 0.0753454 0.0862738 0.0807238 -0.00659064 0.108252 -0.00577906 -0.00318118 0.00503639 0.0604692 -0.00556898 0.0350824 0.0137571 0.0113267 -0.00262237 -0.000936004 0.00568668 -0.000817945 0.00816245 -0.0102111 -0.000119137,800,0,cuda,1.86,4.69
test,1905,leonberger_31,leonberger,dog,correct,leonberger,kernel,19,0.857638,41,0.560647,0.999867,0.43922,0.078172,0.59493,0.0,,,,0.0205385 -0.0106013 0.0467216 -0.0139781 -0.0103953 -0.00798661 -0.0238447 0.073211 0.0574355 0.129763 0.0025838 0.0216949 -0.000915106 0.00563773 0.0439916 0.01447 -0.0186164 0.0973438 0.0757069 0.11617 -0.00335049 -0.00148748 0.0437913 -0.00520867 -0.00040153 0.0345769 -0.0127292 -0.00972808 -0.000215962 -0.000205834 0.0204099 0.0481583 -0.0040116 0.0023936 -0.0158845 0.0260551 -0.00622956 0.0180061 0.0373794 0.0363177 0.0276357,800,0,cuda,1.68,4.23
test,1905,leonberger_31,leonberger,dog,correct,leonberger,partition,19,0.857638,41,0.560647,0.996604,0.435958,0.109739,0.634425,0.0,,,,0.0369789 -0.00228997 0.022099 -0.00227301 0.0127927 0.0126843 0.0145048 0.0422591 0.0492764 0.179131 0.0423554 0.0279108 0.0019186 0.0132005 0.0548943 0.0195413 0.0164926 0.0780481 0.0643966 0.0730795 0.0105713 0.0027868 0.00498953 0.0159595 0.00115896 -0.0101697 -0.0121456 0.022864 -0.00460635 0.00613319 -0.00418517 0.00389568 0.0107648 0.00128638 9.21395e-05 0.0147136 0.0136481 0.00127267 0.0143501 0.000786506 0.00303456,800,0,cuda,1.81,4.23
test,256,american_pit_bull_terrier_60,american_pit_bull_terrier,dog,correct,american_pit_bull_terrier,kernel,2,0.978769,37,0.20456,0.268097,0.063537,0.046288,0.32042,0.0,,,,0.0424985 0.150321 0.170202 0.017168 0.0220494 0.036864 0.102039 0.103167 -0.0360866 0.0239457 0.0290922 0.02491 -0.0122151 -0.00317756 0.00562142 0.106576 0.0506531 -0.0113224 0.023179 0.0391763 -0.0150898 0.0111302 0.00828841 -0.00847104 0.0281979 0.0107169 0.0464407 0.0117767 -0.0255786 -0.0160343 0.00189648 0.0405201 0.00550515 0.0160852 -0.0121926 -0.0503653 0.0329649,800,0,cuda,1.72,4.23
test,256,american_pit_bull_terrier_60,american_pit_bull_terrier,dog,correct,american_pit_bull_terrier,partition,2,0.978769,37,0.20456,0.370157,0.165597,0.042246,0.280927,0.0,,,,0.0106194 0.141485 0.117984 0.0131612 0.0131034 0.08204 0.125641 0.0552306 0.00797273 0.00523947 0.0152677 0.00447781 0.0140871 0.0183458 0.010072 0.0651012 0.057308 0.00356092 0.0369948 0.00625331 0.0031775 0.0110396 0.00738685 0.00434402 0.00192939 0.0131279 0.0216532 0.00902015 0.0106973 0.00432489 0.0139621 0.0102082 0.0197224 0.0129941 0.0074246 0.00179244 0.0137018,800,0,cuda,1.76,4.23
test,3269,Siamese_90,Siamese,cat,correct,Siamese,kernel,32,0.998267,37,0.397561,0.968442,0.570881,0.117778,0.876513,0.0,,,,0.00296956 0.0162531 -0.0181939 -0.0164621 0.0110924 0.0122162 -0.0229988 0.0137228 0.024164 -0.0105157 0.00930279 0.0224101 0.051992 0.00296039 0.0191761 0.133052 0.0431795 0.036808 0.00590645 -0.0168514 0.0177745 0.182502 0.128834 0.0349722 -0.00988825 -0.0281229 0.0313174 0.0357594 0.0928024 0.00714781 -0.00224023 0.00133367 0.0113399 0.0703683 0.0538595 0.0335782 0.00197774,800,0,cuda,1.77,4.35
test,3269,Siamese_90,Siamese,cat,correct,Siamese,partition,32,0.998267,37,0.397561,0.977493,0.579932,0.184224,0.593778,0.0,,,,0.000213001 8.67735e-05 0.000427314 0.000808009 0.0138675 0.00807649 -0.000512571 0.0089619 0.0305949 0.0161044 0.000825217 0.0116936 0.0126013 0.000679237 0.0249923 0.0355114 0.00885198 0.0167069 0.0592561 -0.00110944 0.0263682 0.171546 0.112595 0.0500417 0.0364239 -0.000940746 0.0307804 0.0699745 0.116617 0.0494825 -0.0110702 -0.00174503 -0.00160849 0.0648773 0.0140268 0.00215902 0.00533437,800,0,cuda,1.78,4.35
test,3167,shiba_inu_89,shiba_inu,dog,correct,shiba_inu,kernel,31,0.999404,38,0.412548,0.963227,0.55068,0.17564,0.888587,0.0,,,,-0.014815 -0.0189154 -0.00593784 0.0101609 -0.00910922 -0.0277062 0.0468541 0.0666799 0.030688 0.00734874 0.350589 0.0195569 0.00566871 0.0446754 0.0140969 -0.0153041 0.0345505 0.0191335 0.162203 0.0178114 0.0376505 0.0249036 0.00648599 0.0256712 0.0677219 0.0170073 -0.00414963 -0.00117487 0.0162352 0.00137139 0.00104744 0.0119995 -0.00102121 -0.0154543 0.0129791 -0.00596556 0.00897072 0.0206482,800,0,cuda,1.6,4.46
test,3167,shiba_inu_89,shiba_inu,dog,correct,shiba_inu,partition,31,0.999404,38,0.412548,0.963227,0.55068,0.194386,0.883227,0.0,,,,0.000330326 -0.00152787 0.0356324 0.0311541 0.00945869 0.0136281 0.0927011 0.064387 0.0557698 0.0248481 0.16655 0.031023 0.007601 0.0470612 0.0394215 0.0235867 0.0474226 0.0107395 0.0901141 -0.000218338 0.0335051 0.00614252 -0.000760691 -0.00189977 0.0647303 0.0295313 0.00178656 0.00252237 0.0305692 -0.00527894 0.0113124 -0.00096062 -0.00208069 -0.00085494 -0.000454938 -0.0012017 0.00884119 -0.00197596,800,0,cuda,2.02,4.46
test,1472,german_shorthaired_91,german_shorthaired,dog,correct,german_shorthaired,kernel,14,0.999904,38,0.306561,0.760407,0.453846,0.202808,0.890413,0.0,,,,0.0439017 0.0242411 0.0466435 -0.0127308 0.0616003 0.201031 -0.0382168 0.0284176 0.0193479 -0.0261361 0.0638828 0.000360385 0.0226741 -0.0201546 0.0992595 0.0314991 -0.0139987 -0.000227361 0.0559757 0.0570234 0.0390494 0.0329269 0.0887379 0.0134083 -0.0014571 -0.0171433 0.0286273 0.0408985 -0.017546 0.00942795 -0.0317175 0.0264774 0.0271618 0.0336299 -0.00326572 -0.0160636 0.0171139 0.0553227,800,0,cuda,2.2,5.17
test,1472,german_shorthaired_91,german_shorthaired,dog,correct,german_shorthaired,partition,14,0.999904,38,0.306561,0.492698,0.186137,0.377311,0.866669,0.0,,,,0.00949608 -6.70118e-05 0.0046946 0.00281575 0.102507 0.285477 0.00902269 0.136443 0.0347019 0.00578529 0.0286086 0.0377882 -0.012529 -0.0111437 0.0279049 0.0123816 8.17495e-05 -0.00164263 0.00371131 0.0375662 0.00970521 0.0266281 0.0284835 0.0207869 0.0052744 0.0131231 0.0392139 0.0405228 0.0223552 0.00528224 0.00572917 0.00220736 0.00193718 0.0195598 0.00375176 0.00400797 0.0023007 0.00551011,800,0,cuda,2.15,5.17
test,1699,japanese_chin_25,japanese_chin,dog,correct,japanese_chin,kernel,17,0.964736,24,0.44605,0.976188,0.530138,0.019932,0.822908,0.0,,,,-0.00809109 0.000828171 0.0254803 -0.00932854 0.0130155 0.037801 -0.0228067 0.00255792 0.0584704 0.218191 0.00139834 0.0937539 0.00451749 -0.000593123 0.0872052 -0.00911818 0.110536 0.300344 0.0263693 -0.0236741 -0.0013186 0.0227063 0.0263896 -0.013193,800,0,cuda,1.94,4.51
test,1699,japanese_chin_25,japanese_chin,dog,correct,japanese_chin,partition,17,0.964736,24,0.44605,0.976188,0.530138,0.050327,0.828179,0.0,,,,0.00761326 0.00463248 0.0132826 -0.00220991 -0.00189878 0.0270385 0.00331201 0.0146401 0.0460301 0.159322 0.00166239 0.296282 0.00674181 0.000566696 0.0842481 0.0046769 0.141883 0.14766 0.013123 -0.0180398 -0.00612477 0.00836942 -0.0081644 -0.00320572,800,0,cuda,1.85,4.51
test,2217,newfoundland_42,newfoundland,dog,correct,newfoundland,kernel,22,0.933367,39,0.289999,0.647326,0.357327,0.081949,0.620317,0.0,,,,0.093822 0.0673649 -0.0115226 0.00659518 0.160414 0.019447 0.032143 0.0247547 0.00599616 -0.00988308 0.00794975 0.0540256 0.076508 0.0240004 0.0227764 -0.0048555 0.00775265 0.0138109 -0.032188 -0.00261685 -0.000376637 0.0210517 0.15028 0.00828336 -0.00373861 -0.0310554 0.0211987 0.0161706 0.0750786 0.00296217 0.0331255 -0.0129667 0.0274846 0.014728 0.0174359 -0.000634935 0.0182708 0.0376227 -0.0236279,800,0,cuda,2.27,4.71
test,2217,newfoundland_42,newfoundland,dog,correct,newfoundland,partition,22,0.933367,39,0.289999,0.629326,0.339327,0.186294,0.350155,0.0,,,,0.0251395 0.0600933 0.0131266 0.0106511 0.234425 0.00301152 -0.00704955 2.88536e-05 0.0419156 0.0461946 -0.00260682 0.021117 -0.0208057 -0.00227784 -0.00355437 0.0160934 0.00444712 0.0131083 0.00454798 0.00479451 0.0230375 0.0496548 0.246532 0.00371454 0.00153374 0.0895276 -0.00582483 0.00645178 0.0501656 -0.0109235 0.00252666 0.00323098 0.0013837 -0.00444857 0.00263701 -0.00177288 0.00642601 0.00543834 -0.00410337,800,0,cuda,1.62,4.71
test,1605,havanese_30,havanese,dog,correct,havanese,kernel,16,0.999254,35,0.599729,0.989508,0.389779,0.151982,0.942377,0.0,,,,0.0616041 0.0453739 0.0575502 0.0281321 -0.0239465 0.0780455 0.0245065 -0.0513447 0.0101819 0.0245237 0.0202542 0.00980323 0.127914 0.0246151 -0.00381402 0.245595 0.121961 0.0305605 0.0194512 -0.0406126 0.0381385 0.0168489 0.0538748 -0.0242841 -0.0191198 0.0081276 0.0232813 0.0208493 0.00599833 0.00272524 0.0131367 -0.00997982 -0.00876265 0.0115592 0.0315054,800,0,cuda,1.97,4.4
test,1605,havanese_30,havanese,dog,correct,havanese,partition,16,0.999254,35,0.599729,0.987349,0.38762,0.257455,0.852326,0.0,,,,0.043514 0.0128733 0.0487522 0.0353068 0.0047399 0.0599764 0.0149 0.0145631 0.00373951 0.0371159 0.0175688 0.0403021 0.191942 0.0637255 0.0635206 0.180572 0.0540585 0.045364 0.00852353 0.00622409 0.000174925 0.000483478 0.0136989 0.000328385 0.000341648 0.000396153 0.00126635 0.00196311 0.000205187 0.00212253 0.0023451 0.000736819 0.00213237 0.000144568 0.000632388,800,0,cuda,1.7,4.4
test,1329,english_setter_52,english_setter,dog,correct,english_setter,kernel,13,0.359421,33,0.360969,0.79032,0.42935,0.036508,0.590247,0.0,,,,-0.00625889 -0.0136717 -0.0019085 0.0174891 -0.00876064 0.00482327 0.0105817 0.112075 -0.00628724 0.0585561 0.0834624 -0.0139637 0.0297955 0.00146592 -0.0388925 -0.00271982 0.0480687 0.00547493 0.111156 -0.0369395 0.0171795 -0.024883 -0.0344478 0.0106189 -0.0103943 0.0746051 -0.000941518 0.0208284 -0.0110972 -0.00204935 -0.0419214 -0.0216224 0.00675983,800,0,cuda,2.42,4.71
test,1329,english_setter_52,english_setter,dog,correct,english_setter,partition,13,0.359421,33,0.360969,0.969656,0.608686,0.037518,0.431422,0.0,,,,-0.0171366 -0.00405534 -0.00152464 0.00139954 0.0122885 0.0232223 0.00013426 0.0672712 0.00873679 -0.0122961 0.0234661 0.020878 0.00663451 0.0017424 0.000598961 0.0541917 0.0240969 4.05e-05 0.107536 0.00437463 -0.00909177 -0.0220142 -0.0222103 0.00772932 -0.0191786 0.136139 -0.0145104 -0.00298527 -0.00126638 -0.00971353 -0.0131179 -0.0131708 -0.00202692,800,0,cuda,1.59,4.71
test,560,Bengal_66,Bengal,cat,wrong,Abyssinian,kernel,0,0.472335,30,0.242765,0.446217,0.203451,0.026719,0.432501,0.0,,,,0.0100515 0.0253028 -0.0589716 0.0105455 0.0238229 0.0636733 0.0366045 0.0333107 0.0970245 0.014708 -0.00555375 0.0207963 0.0314768 0.0846951 0.0193209 0.0447878 0.0651055 0.0222781 -0.0328259 0.013376 0.0183104 -0.000503358 -0.0326365 -0.0312755 0.00577726 -0.0273732 0.00458905 -0.022547 -0.00516816 0.0201672,800,0,cuda,2.26,4.54
test,560,Bengal_66,Bengal,cat,wrong,Abyssinian,partition,0,0.472335,30,0.242765,0.62681,0.384044,0.026464,0.375321,0.0,,,,0.00553242 0.0251265 0.0130171 0.00407707 0.0166974 0.00406792 0.019497 -0.00495398 0.158846 0.00308888 -0.00817716 -0.00299519 0.0857901 0.0705377 -0.0116747 0.0669466 0.0816229 -0.0125367 -0.0012907 -0.00560329 -0.0048099 -0.0130102 0.021223 -0.0246928 -0.00590792 -0.00620395 -0.00988363 -0.0037296 -0.00635636 -0.00537533,800,0,cuda,1.61,4.54
test,1877,keeshond_97,keeshond,dog,correct,keeshond,kernel,18,0.999751,36,0.638433,0.994716,0.356283,0.217465,0.597131,0.0,,,,-0.00105636 0.0312736 0.0240276 0.0113854 0.0179955 0.0643789 0.0330971 0.00187485 0.0351095 0.0157974 0.0650037 0.187406 0.0234953 -0.0306833 0.0223813 0.0234578 0.0156267 0.0805421 0.0150467 0.0336941 0.0249569 0.000684999 -0.0251299 0.0204248 0.0447505 -0.00516436 0.101772 0.0385779 0.042212 0.0394604 -0.009534 0.0186846 6.79298e-05 0.00254789 0.0343434 -0.0106217,800,0,cuda,1.81,4.08
test,1877,keeshond_97,keeshond,dog,correct,keeshond,partition,18,0.999751,36,0.638433,0.933183,0.29475,0.315601,0.67969,0.0,,,,0.00959719 0.0389328 -6.26796e-06 -2.73159e-06 -4.58202e-06 0.0376341 0.0403252 0.00097543 0.0378263 -6.09761e-06 0.0379032 0.187277 -9.03618e-05 0.0053498 0.0568577 0.0676792 0.0208164 0.0581468 0.0166061 0.0159155 0.0276908 0.00388546 0.025161 0.00257225 0.0264927 0.00551635 0.0808946 0.0338006 0.017781 0.0050443 0.0224643 0.0705581 0.00704227 0.0170265 0.00345013 0.00677459,800,0,cuda,1.54,4.08
test,373,basset_hound_78,basset_hound,dog,correct,basset_hound,kernel,3,0.999642,37,0.745018,0.950883,0.205866,0.420199,0.754338,0.0,,,,0.0283221 0.130809 0.0151051 0.00940512 -0.0128458 0.0283144 -0.00177596 0.0179128 0.0383897 0.0611063 0.0495578 0.0211078 0.0386444 0.0584112 -0.00815658 0.111958 0.00955353 0.00837454 0.0114214 -0.00846113 0.0108096 0.00844671 0.0801213 0.079114 -0.00534658 -0.0243707 -0.0111315 0.0266446 0.0380701 0.0742461 0.019695 -0.00624727 0.0197178 0.000158639 0.022855 0.0527853 -0.0175802,800,0,cuda,1.66,4.07
test,373,basset_hound_78,basset_hound,dog,correct,basset_hound,partition,3,0.999642,37,0.745018,0.833915,0.088898,0.450825,0.720207,0.0,,,,0.0321463 0.0850908 0.104707 0.00579998 0.00195514 0.00176888 0.0411741 0.0103831 0.0243154 0.00295563 0.026255 -0.00193967 0.00380792 0.0126506 0.00749672 0.180871 0.0313396 0.0139814 0.011565 0.0218353 0.0137337 0.0131639 0.0357238 0.0542797 0.00484811 0.0107466 0.0152158 0.0260629 0.0159204 0.0685666 0.0112788 0.016193 0.0164429 0.00549072 0.0131159 0.0287083 0.00749208,800,0,cuda,1.59,4.07
test,2957,samoyed_79,samoyed,dog,correct,samoyed,kernel,29,0.999409,40,0.382852,0.982257,0.599405,0.247917,0.94082,0.0,,,,-0.0102483 -0.0161771 -0.0080976 -0.0142073 0.0246384 0.0337653 -0.0108236 -0.00915155 0.000329434 -0.00475054 0.0105214 0.0966407 -0.0179079 -0.00162035 0.0281214 0.000183168 0.015634 0.444199 0.0434581 -0.00148603 0.0143889 0.0999772 0.123989 0.0143933 0.0149268 0.00515123 0.0402402 -0.00582877 0.00754047 0.0359268 0.0110055 -0.00913326 6.58469e-05 -0.0168106 -0.0113572 0.00771176 0.00506157 0.0195327 0.0200384 -0.00116734,800,0,cuda,1.93,4.43
test,2957,samoyed_79,samoyed,dog,correct,samoyed,partition,29,0.999409,40,0.382852,0.782612,0.39976,0.184299,0.939711,0.0,,,,-0.00071102 -0.00107227 -0.0139231 -0.00316002 -0.00567134 -0.000762831 0.000381754 -0.00135595 -0.00462949 6.33517e-05 1.72884e-05 0.20399 0.00132779 0.00133091 0.00213246 0.00776086 0.00119399 0.319428 0.180757 0.00524705 0.0351366 0.0701307 0.0319543 0.0127412 0.0092864 0.0211424 0.0183913 0.00641182 0.00866263 0.00581402 0.0124101 0.0128482 5.83429e-05 0.0045115 0.00794855 0.0131122 0.00334638 0.00446163 0.00657615 0.00138528,800,0,cuda,1.7,4.43
test,2767,Russian_Blue_88,Russian_Blue,cat,correct,Russian_Blue,kernel,27,0.999633,38,0.67333,0.966642,0.293312,0.251324,0.730222,0.0,,,,0.00474197 0.0229979 0.0495087 0.0338655 0.0524257 0.0189014 0.105507 -0.0431816 0.0110681 -0.00547774 0.00513569 0.0140152 0.170168 0.00663199 0.0274832 0.00151923 0.00701076 -0.0149482 -0.00695342 0.0471199 0.0435957 0.000475352 -0.0126857 0.0781917 -0.00613995 0.0200053 0.0426462 0.0635604 0.0332914 0.0167102 -0.00481705 0.0542114 0.0161429 0.0540107 0.00240545 0.0153173 0.0533916 0.0107744,800,0,cuda,1.77,4.24
test,2767,Russian_Blue_88,Russian_Blue,cat,correct,Russian_Blue,partition,27,0.999633,38,0.67333,0.984822,0.311492,0.204642,0.869022,0.0,,,,0.0119065 0.00164051 0.021467 0.0991954 0.092783 0.0258171 0.100544 0.050082 0.00388219 -0.000729691 -0.00155827 -0.0136975 0.072542 0.0128115 0.0225224 0.0128554 0.000665893 -0.000721895 0.000189728 0.0425373 0.000631927 0.0119742 0.0215918 0.0720459 0.0145104 0.0196842 0.0253887 0.0386154 0.0391086 0.028489 0.011011 0.0137828 0.031897 0.0332877 0.024004 0.0330093 0.00476403 0.0100963,800,0,cuda,1.68,4.24
test,2839,saint_bernard_62,saint_bernard,dog,correct,saint_bernard,kernel,28,0.998497,36,0.345424,0.483121,0.137697,0.120739,0.572863,0.0,,,,0.0281586 0.0332956 0.106512 0.00322881 0.0770592 0.10771 0.0308589 0.0309063 0.0679382 0.0700263 0.0292131 0.0271561 0.0373713 -0.0382643 0.0844572 0.0728818 0.0863404 0.00744649 0.0613632 -0.0159264 0.0564547 0.00284568 -0.0122126 0.0181249 -0.00072478 0.0017627 -4.73262e-05 0.00752862 0.00951724 0.0272976 -0.00544294 0.00167148 -0.0122688 -0.00620931 -0.00191234 -0.00458843,800,0,cuda,1.76,4.32
test,2839,saint_bernard_62,saint_bernard,dog,correct,saint_bernard,partition,28,0.998497,36,0.345424,0.798779,0.453355,0.143828,0.744433,0.0,,,,0.0176772 0.0435812 0.0945628 -0.0041545 0.0466453 0.0741672 0.0644817 0.109516 0.0636088 0.0919892 0.0820158 0.0961913 -0.00215022 0.0284128 0.112129 0.0286178 0.0174136 0.00335564 0.0240719 -0.00122502 0.0047426 0.000436109 0.00035453 -0.00191809 -0.00470359 0.000549116 0.000951954 -0.000215232 8.95814e-05 -0.00020013 -0.000305238 -0.000597204 -0.000148752 -0.000151093 -0.000120773 -0.000142495,800,0,cuda,1.76,4.32
test,3002,scottish_terrier_2,scottish_terrier,dog,correct,scottish_terrier,kernel,30,0.999435,31,0.442064,0.97911,0.537046,0.371139,0.825542,0.0,,,,0.0306174 0.00931673 -0.00374651 -0.0102615 0.0109281 -0.00166285 0.000330004 0.00812961 -0.00581453 0.017681 0.0130174 0.0232995 0.00430575 0.194625 0.0224095 -0.00026033 0.0493102 0.00123132 0.144349 -0.0220304 0.172467 -0.00661398 0.00777835 0.0104972 0.0120982 -0.01388 0.0536909 0.147219 0.11142 0.0068847 0.00411401,800,0,cuda,1.66,4.34
test,3002,scottish_terrier_2,scottish_terrier,dog,correct,scottish_terrier,partition,30,0.999435,31,0.442064,0.981934,0.53987,0.388446,0.847638,0.0,,,,0.00387508 0.0138817 0.00112979 0.00606167 0.011216 0.0054 0.0214187 -2.53209e-05 0.0240377 0.128762 0.0110259 0.0568966 0.0226505 0.270443 0.0618262 0.0161838 0.00808963 -0.019302 0.083895 -0.0017652 0.101051 0.0243533 7.70569e-05 0.00987864 0.00942628 -0.000221226 0.00102594 0.0482295 0.0645171 0.00599435 0.00141731,800,0,cuda,2.0,4.34
test,3299,Sphynx_23,Sphynx,cat,correct,Sphynx,kernel,33,0.999109,38,0.517917,0.98832,0.470403,0.285091,0.791629,0.0,,,,0.0111759 0.0138168 0.0100258 0.0226916 0.00112961 -0.00381084 -0.00596389 0.000423669 -0.00968281 0.0162177 -0.0110595 0.0187162 0.0229522 -0.0118071 -0.000701971 0.015103 -0.00468487 -0.00800734 0.00847903 0.00226493 0.073844 0.0127976 0.0599464 0.0208178 0.0571338 0.109051 -0.00523438 0.0895645 0.014808 -0.00437041 0.117988 0.0437416 0.0702438 0.0145937 0.0914413 0.00527916 0.0621049 0.045401,800,0,cuda,1.94,4.57
test,3299,Sphynx_23,Sphynx,cat,correct,Sphynx,partition,33,0.999109,38,0.517917,0.995505,0.477588,0.321467,0.799036,0.0,,,,-3.07395e-05 0.0104017 -5.77832e-05 0.00916318 -8.66458e-05 -1.99192e-05 0.00877233 -0.000144161 -1.6551e-05 0.00128341 0.0232905 -0.000264433 0.000337696 0.000102238 -0.0026162 0.00827328 5.95645e-05 0.00977328 0.00779473 6.90646e-05 0.162518 0.0385033 0.0506319 0.00818702 0.0816716 0.0673813 -0.000328071 0.125052 0.000576122 0.0127599 0.0203733 0.0380333 0.108024 0.00874766 0.102005 0.0264903 0.0187992 0.0209202,800,0,cuda,1.86,4.57
test,1684,japanese_chin_193,japanese_chin,dog,wrong,english_setter,kernel,13,0.624076,42,0.284758,0.984782,0.700024,0.022605,0.764588,0.0,,,,0.00555781 0.00228036 -0.00911477 0.00239161 -0.025374 -0.0144819 0.00314837 0.0209421 0.0292298 0.134149 -0.00426462 0.00366195 0.0166215 0.105284 -0.0154607 0.0396873 -0.01217 -0.00572971 -0.0326149 0.0710907 -0.00209829 0.122192 0.00470085 -0.00658748 0.120457 0.0832442 0.00258556 0.00785144 -0.011855 0.0286113 0.0105774 -0.017622 0.0202404 -0.0244623 0.0122006 -0.00778526 -0.00124925 -0.00442932 -0.00391755 -0.0205817 -0.0146528 -0.0114165,800,0,cuda,1.95,4.78
test,1684,japanese_chin_193,japanese_chin,dog,wrong,english_setter,partition,13,0.624076,42,0.284758,0.761905,0.477147,0.02601,0.687578,0.0,,,,0.000877296 -0.00519558 -0.00151576 -0.00520234 -0.0247567 -0.00490016 0.00552978 0.056087 0.0534997 0.112745 0.00279031 0.00151139 -2.35251e-05 0.0388014 -0.0146997 0.0320403 -0.00387665 0.0373827 -0.00468825 0.054697 -0.00160888 0.102969 -0.00329596 0.0105391 0.0815217 0.0355383 0.00516426 -0.0123483 -0.00238031 0.0255895 0.0119875 -0.000150256 0.00109165 -0.00373049 -0.000363796 0.00669784 0.00282074 0.00189083 -0.000271954 0.00479283 0.00319355 8.75629e-05,800,0,cuda,1.91,4.78
test,1167,Egyptian_Mau_87,Egyptian_Mau,cat,correct,Egyptian_Mau,kernel,11,0.996953,42,0.361806,0.981743,0.619936,0.104034,0.919101,0.0,,,,-0.0196288 -0.0308296 -0.0217665 -0.0108883 -0.00310377 0.0750962 -0.00181163 0.0315277 -0.00190471 0.0192995 0.097419 -0.0179923 0.0356289 -0.0368542 0.024487 0.209785 0.0459711 -0.0209658 0.073745 0.00153441 0.0314993 0.0896381 -0.0316118 -0.0309684 0.000212289 0.0457468 0.250462 -0.00723484 0.0914086 0.0171861 0.00984148 -0.0146621 0.0158513 0.0846826 -0.0182077 -0.00955349 0.00211343 -0.0219457 0.0147892 0.00226802 0.00701115 -0.055563,800,0,cuda,1.62,4.4
test,1167,Egyptian_Mau_87,Egyptian_Mau,cat,correct,Egyptian_Mau,partition,11,0.996953,42,0.361806,0.981743,0.619936,0.117018,0.92796,0.0,,,,-0.00259824 0.0014601 0.00157272 -0.00156621 0.0111319 0.053424 -0.00429672 0.00844172 -0.00101215 0.0153944 0.123679 -0.0106287 0.043519 0.00589955 -0.00253266 0.159469 0.0206545 0.0103965 0.0158788 0.000563582 0.0239917 0.0929776 -0.00558488 0.000107305 0.0210608 0.0204856 0.113898 0.00099346 0.173108 -0.000467443 -0.0015428 6.50574e-05 0.000685224 0.0261305 0.00713186 0.000266267 0.00117199 -0.00279426 0.00114198 0.000605955 0.000349521 -0.000918786,800,0,cuda,2.02,4.4
test,2024,Maine_Coon_39,Maine_Coon,cat,correct,Maine_Coon,kernel,20,0.998486,35,0.79835,0.997567,0.199217,0.193446,0.756298,0.0,,,,-0.00477598 0.00781484 0.00964212 -0.0143474 0.00652559 -0.0184169 0.0196899 0.0489724 -0.00524737 0.0251923 0.015462 0.0407849 -0.0121897 0.0496551 0.0529788 0.0524488 -0.0100813 0.113889 0.0854641 0.013773 0.00838677 0.0319401 0.0454635 0.0951154 0.0523663 0.052035 0.146351 0.00863869 0.00211629 0.00808828 0.0321726 0.00811065 0.0027138 -0.00170216 0.00422575,800,0,cuda,2.15,4.63
test,2024,Maine_Coon_39,Maine_Coon,cat,correct,Maine_Coon,partition,20,0.998486,35,0.79835,0.998265,0.199915,0.238641,0.653839,0.0,,,,-0.000342802 -0.000765936 -0.0275891 -0.0113658 0.00816359 -0.00806049 0.00860296 0.0301994 0.0078957 0.091734 0.0140377 0.0312846 0.0108325 0.0460932 0.0538603 0.0205976 0.0631152 0.0996439 0.0288012 0.0271023 0.00308805 0.04078 0.0204861 0.111997 0.0267559 0.0301305 0.109622 0.0804714 0.018422 0.0203802 0.00246267 -0.00172705 0.00692564 0.00862339 0.000998294,800,0,cuda,1.71,4.63
test,1204,english_cocker_spaniel_2,english_cocker_spaniel,dog,wrong,newfoundland,kernel,22,0.583894,33,0.869739,0.977389,0.10765,0.033139,0.332818,0.0,,,,0.0506201 0.0113321 0.0779566 0.0396423 0.0343591 0.031938 0.0275061 0.0320937 -0.0106589 0.0656672 0.0749828 -0.0580455 0.0684642 0.0431873 0.08801 0.0211337 0.0112472 0.0171153 -0.0148186 -0.00671479 -0.00884507 -0.0156876 -0.0371069 -0.00113396 -0.00288709 -0.0375993 0.0246604 0.017031 0.00394169 -0.0152118 0.0236913 0.026057 -0.00381315,800,0,cuda,2.1,4.54
test,1204,english_cocker_spaniel_2,english_cocker_spaniel,dog,wrong,newfoundland,partition,22,0.583894,33,0.869739,0.995638,0.1259,0.072628,0.405627,0.0,,,,0.0168747 0.0656815 0.127231 0.0331107 0.0263747 0.0132264 0.0357552 0.0804586 0.00536193 0.0513813 0.132248 -0.0028806 0.0702721 0.00882483 0.0598497 -0.00180047 -0.0243228 -0.0146161 0.00027554 -0.0347386 -0.0382181 -0.00504936 -0.0060059 0.000670397 0.00063918 -0.00196948 0.00479021 0.00251105 0.00178076 -0.00277121 0.00270068 -0.00034115 -0.0291908,800,0,cuda,1.68,4.54
test,2916,samoyed_41,samoyed,dog,correct,samoyed,kernel,29,0.991111,27,0.489955,0.964979,0.475023,0.071157,0.902035,0.0,,,,-0.00643343 0.0381091 0.0014163 -0.0340526 -0.0227574 -0.03901 -0.0202188 -0.0198788 -0.015894 0.340957 0.0305045 0.134803 0.0973673 -0.00886099 0.0284206 0.140451 -0.00635071 0.27555 0.0290535 -0.00678257 0.0149378 -0.0160559 -0.0109344 0.00904198 -7.22432e-05 0.0189305 0.0181339,800,0,cuda,2.2,4.53
test,2916,samoyed_41,samoyed,dog,correct,samoyed,partition,29,0.991111,27,0.489955,0.898586,0.408631,0.093773,0.756661,0.0,,,,0.00222598 0.142959 0.0105812 0.00440117 -0.00591136 -0.00867233 -0.00436584 -0.00283623 -0.00455459 0.4845 -0.00655685 0.119357 0.0836381 -0.000737749 0.0305526 0.0407142 -0.00696064 0.0997319 0.000228903 -0.00911883 0.000912118 -0.00190959 -0.0023244 0.00230289 0.000809838 0.000902632 0.000506606,800,0,cuda,1.62,4.53
test,972,British_Shorthair_89,British_Shorthair,cat,correct,British_Shorthair,kernel,9,0.999431,34,0.783881,0.825819,0.041938,0.28264,0.870487,0.0,,,,0.00500848 0.00502562 0.00396828 0.00830984 -0.0290383 -0.0232441 -0.0953397 0.159504 0.0901266 0.0137685 0.0295157 0.0170572 0.0267075 0.0239271 0.221278 0.0567422 0.0104391 0.0486897 0.0195752 0.0305166 0.0783913 0.0474721 0.0133969 0.0368403 0.00915678 0.00535513 0.00327008 -0.00383382 0.0141792 0.0816482 -0.00504333 -0.00525696 0.0170417 -0.0293193,800,0,cuda,1.63,4.06
test,972,British_Shorthair_89,British_Shorthair,cat,correct,British_Shorthair,partition,9,0.999431,34,0.783881,0.942592,0.158711,0.242611,0.805708,0.0,,,,0.000529618 0.00260434 -0.00104318 0.00257064 -0.000482804 0.013682 -0.0148758 0.0884724 0.0686481 0.00423829 0.00946996 0.0376869 0.11143 0.0949749 0.119664 0.0189294 0.0417884 0.0592859 0.0197204 0.0894633 0.0353219 0.00215939 0.0268606 0.00513243 -0.00561246 -0.00163746 0.0262165 0.0189403 -0.000594527 0.0418199 -0.00506467 -0.0193145 -0.00789424 0.00274477,800,0,cuda,1.65,4.06
test,1155,Egyptian_Mau_76,Egyptian_Mau,cat,correct,Egyptian_Mau,kernel,11,0.995836,38,0.504564,0.989291,0.484727,0.167326,0.729466,0.0,,,,0.0502352 -0.0122527 0.00790989 -0.0128362 -0.0263292 -0.00128361 -0.00718423 -0.0380889 0.0602103 0.0382335 0.0222012 -0.00848489 0.0854246 -0.00656736 0.00838262 0.0727265 0.127843 0.0166252 -0.000778401 0.0150624 0.0292119 -0.0134885 0.0291607 -0.00398913 0.0256038 0.0242583 0.0693462 0.00881151 0.0113468 0.111429 0.00658506 0.0177301 0.0348081 0.0934445 0.0331624 0.0380047 0.00649836 0.00762228,800,0,cuda,2.14,4.89
test,1155,Egyptian_Mau_76,Egyptian_Mau,cat,correct,Egyptian_Mau,partition,11,0.995836,38,0.504564,0.857859,0.353295,0.164934,0.676304,0.0,,,,0.0142594 0.00312469 -0.000208165 -0.00055259 0.0112746 -0.000394658 -9.26512e-05 -0.00250664 0.0493939 0.0339493 0.0310312 -0.00167677 0.133611 -0.00270448 0.00471852 0.0420323 0.112381 -0.00684411 -0.0023572 -0.00490388 0.0166451 -0.000337507 0.0145855 -0.00164403 -0.00357352 0.048967 0.0429038 0.0365083 0.000714191 0.0842588 0.0277582 0.0276466 0.0169324 0.0899132 0.0459163 0.0367023 0.013108 0.0100566,800,0,cuda,1.9,4.89
test,2036,Maine_Coon_52,Maine_Coon,cat,correct,Maine_Coon,kernel,20,0.992627,34,0.446708,0.876323,0.429615,0.099717,0.930561,0.0,,,,0.00353343 0.0252553 0.0109961 0.0121879 -0.0191725 -0.00671782 0.0583776 0.350126 0.0496231 0.0233647 0.188646 0.0211166 0.160658 0.0638717 -0.0142583 0.00695572 0.0084797 -0.0169581 -0.00447714 -0.0518851 -0.03018 0.0429481 -0.0108135 -0.00399875 0.037967 0.0282498 -0.00253963 0.0118592 0.0120589 0.00554612 0.0160509 0.00688184 -0.00643822 -0.00991756,800,0,cuda,2.38,4.64
test,2036,Maine_Coon_52,Maine_Coon,cat,correct,Maine_Coon,partition,20,0.992627,34,0.446708,0.819095,0.372387,0.110561,0.921169,0.0,,,,0.0196372 0.00398769 0.0312079 -0.0016682 -0.002827 -0.000993034 0.0402794 0.239889 0.0487582 0.0105804 0.122187 0.0091936 0.0970857 0.0751219 -0.00328973 0.00454343 0.0421783 0.0323607 0.0115976 0.019043 0.0106891 0.00148162 0.0318989 0.00961888 0.0330161 0.0399538 -0.0178278 0.00906897 0.0166099 0.00463916 0.0125694 0.00522049 0.00614128 0.00544391,800,0,cuda,1.48,4.64
test,3618,yorkshire_terrier_54,yorkshire_terrier,dog,correct,yorkshire_terrier,kernel,36,0.574405,39,0.739457,0.963047,0.22359,0.033296,0.40242,0.0,,,,0.0354482 0.0170875 0.0119029 0.00672941 -0.00646056 0.00812959 0.0375956 0.0480665 0.0170551 0.0205276 -0.00238355 0.020195 0.0642292 0.00478561 0.0578968 -0.0233919 -0.00518086 0.0186032 -0.0016396 -0.025877 0.00911358 -0.0325832 0.00679638 -0.0365554 -0.0375448 -0.0319924 0.0777319 -0.00601162 0.0254361 0.0132191 0.0522438 0.0592716 0.0359778 0.0299499 0.0256668 -0.00536499 0.0181867 0.0228134 0.014559,800,0,cuda,2.19,4.53
test,3618,yorkshire_terrier_54,yorkshire_terrier,dog,correct,yorkshire_terrier,partition,36,0.574405,39,0.739457,0.96089,0.221433,0.043734,0.445942,0.0,,,,0.0156028 0.0245318 0.00974653 0.00250132 0.000453459 0.0110809 0.0220754 0.0345951 0.00926568 4.50491e-05 0.0537791 0.0130325 0.0518245 0.00265559 0.0886153 0.000890982 0.0131598 0.056348 0.0129839 -0.0241861 0.0673714 -0.0370492 0.00876047 -0.0368351 -0.0215782 -0.046493 0.0599043 0.00685823 0.0486979 -0.053806 0.00480726 0.0907943 0.0313461 0.0124281 -0.0164026 -0.00285962 0.00412426 0.0283719 -0.00320968,800,0,cuda,1.59,4.53
test,1071,chihuahua_88,chihuahua,dog,correct,chihuahua,kernel,10,0.998595,35,0.543945,0.98611,0.442164,0.12362,0.762559,0.0,,,,0.0731489 0.046163 -0.0070155 0.00616616 0.00208263 0.0513082 0.00787789 0.059274 0.200596 -0.00694212 0.0245679 0.112608 -0.00932105 -0.000346774 0.0639121 -0.000923471 -0.00745023 0.0193191 0.00970857 0.00964044 -0.000603475 0.230062 0.0392941 0.0188601 -0.00618626 -0.00287454 0.00914641 0.0137267 0.00598201 0.00629151 0.000556903 0.0149403 0.00407353 0.00419251 -0.00141202,800,0,cuda,1.83,3.96
test,1071,chihuahua_88,chihuahua,dog,correct,chihuahua,partition,10,0.998595,35,0.543945,0.987932,0.443986,0.11352,0.719374,0.0,,,,0.076608 0.00320146 0.0470138 0.00369823 0.00645769 0.0117522 0.00653737 0.131294 0.195721 0.00210119 0.0344533 0.0816096 -0.000204737 0.00271397 0.0487025 -0.001277 0.000951385 0.0137071 0.0119238 0.0033749 0.00341903 0.245346 0.000362782 0.0617763 0.00126871 0.000195495 -4.67687e-05 -0.000163821 -8.67262e-05 -8.22902e-05 -0.000356091 -0.000361683 -0.000300022 -0.000507283 -0.000379747,800,0,cuda,1.43,3.96
test,3012,scottish_terrier_39,scottish_terrier,dog,correct,scottish_terrier,kernel,30,0.99608,40,0.364198,0.984011,0.619813,0.128738,0.776851,0.0,,,,-0.00335458 0.0160625 0.0217178 0.0141316 -0.0150671 0.0254406 0.0130589 -0.0108147 0.0159605 0.00788173 0.00783177 -0.0052023 0.0142739 -0.0119508 0.0222694 0.00425749 -0.0025496 -0.0127862 0.323103 0.0146938 0.012506 0.0167324 0.00675332 -0.00166797 -0.0101936 0.21219 0.0567439 0.0255411 0.00227819 0.00292587 0.0921677 0.0205495 0.000231955 -0.00585411 0.0374779 -0.0109346 0.00645208 -0.007574 0.0113571 0.0814549,800,0,cuda,2.41,4.68
test,3012,scottish_terrier_39,scottish_terrier,dog,correct,scottish_terrier,partition,30,0.99608,40,0.364198,0.858774,0.494576,0.136829,0.840702,0.0,,,,0.00440842 0.00160544 0.0136362 0.00381791 0.00128449 0.0313049 0.0114525 -6.41674e-05 0.0406482 0.00586622 -3.22519e-05 0.0178744 0.04042 0.00231418 -0.000495786 -0.000538861 0.00215709 0.00872354 0.560354 0.000142795 0.0299527 0.0123016 -0.00275771 -0.000633048 0.00621166 0.100756 0.0194753 0.00538209 -0.00134028 -0.00259535 0.01914 0.0111348 -0.00177773 0.00696217 0.0176489 0.00223334 -0.00214195 0.00368782 0.000428358 0.0191471,800,0,cuda,1.5,4.68
test,774,Bombay_88,Bombay,cat,correct,Bombay,kernel,7,0.926186,24,0.570153,0.979825,0.409672,0.206753,0.696426,0.0,,,,0.0197469 -0.0488082 -0.00487863 0.0554561 0.113832 0.115847 0.0625673 -0.0152109 0.0222582 0.201018 0.0321519 0.00410342 -0.000575646 0.00181544 0.167094 0.00675805 0.00654129 0.0560925 0.0402624 0.0276701 0.00668665 0.00239983 0.0160925 0.0100038,800,0,cuda,2.18,4.45
test,774,Bombay_88,Bombay,cat,correct,Bombay,partition,7,0.926186,24,0.570153,0.745449,0.175296,0.173163,0.637817,0.0,,,,0.00218085 -0.00110709 0.00177877 0.0499696 0.0349784 0.0912 0.0975967 0.0151594 0.0395795 0.0974721 0.0309004 0.0351303 0.0180329 0.011956 0.269013 0.0201674 0.0102342 0.0265852 0.0213868 0.0135838 0.00216109 0.00335347 0.00238226 0.00522981,800,0,cuda,1.61,4.45
test,324,basset_hound_33,basset_hound,dog,correct,basset_hound,kernel,3,0.999977,40,0.649075,0.732798,0.083722,0.388047,0.86643,0.0,,,,-0.0155758 0.06762 -0.00898127 0.029395 0.0277008 0.0700371 0.0180271 0.0655429 0.000797193 0.0328389 0.0625993 0.00299491 0.00849483 -0.00958051 -0.0103428 0.0731532 0.0481401 -0.0159514 -0.047334 0.0218994 0.0932724 -0.0221374 0.0640742 0.0112844 0.0417213 0.0400242 0.020767 0.0247327 0.00420298 0.103232 0.00179958 -0.00674672 0.00732993 0.00839056 0.0264743 0.0149408 0.0313119 0.0379617 0.0612314 -0.00986495,800,0,cuda,1.72,4.05
test,324,basset_hound_33,basset_hound,dog,correct,basset_hound,partition,3,0.999977,40,0.649075,0.820177,0.171101,0.476769,0.658824,0.0,,,,0.00289413 0.0459859 0.00762172 0.00808564 0.0262071 0.0184296 0.0105488 0.166165 0.00393689 0.00997819 0.0444921 -0.000519697 -0.014121 0.0117196 -0.00081546 0.00481333 0.0303973 0.00891739 0.0369382 0.0102239 0.132386 -0.000838152 0.017494 -0.00175168 0.0328616 -0.000887175 0.0274992 0.00175003 0.0418551 0.0351014 0.026117 0.0162967 0.00464404 0.0302295 0.0184785 0.00557472 0.0714337 0.0438354 0.0356198 0.00587861,800,0,cuda,1.57,4.05
test,2251,newfoundland_73,newfoundland,dog,correct,newfoundland,kernel,22,0.999767,30,0.5284,0.824508,0.296108,0.351866,0.591168,0.0,,,,0.0100246 0.0132221 -0.00817893 0.026839 0.0398428 0.020616 0.03685 -0.0137031 0.0742179 0.0358968 0.181684 0.0362251 0.0455124 0.00371743 0.0734525 0.0766072 0.0194339 0.0382632 0.019893 0.039712 0.0376917 0.026711 0.0184031 0.0795765 0.0538652 -0.0157027 0.0144399 -0.0129622 0.0234515 -0.00161483,800,0,cuda,1.93,4.24
test,2251,newfoundland_73,newfoundland,dog,correct,newfoundland,partition,22,0.999767,30,0.5284,0.993105,0.464705,0.427846,0.791675,0.0,,,,0.0102184 0.0115872 0.00851374 0.0125705 0.0161057 0.0311324 0.0179541 0.0113056 0.0498949 0.0322364 0.091626 0.0149626 0.0316827 0.0199395 0.0903786 0.0815159 0.053772 0.0324722 0.0157774 0.109188 0.0783557 0.0115226 0.0108403 0.0487626 0.0221506 0.00593253 0.00277914 0.00215948 0.0199661 0.0486844,800,0,cuda,1.62,4.24
test,84,Abyssinian_88,Abyssinian,cat,correct,Abyssinian,kernel,0,0.998892,35,0.435926,0.516399,0.080473,0.136279,0.888363,0.0,,,,-0.0143468 0.0139019 0.00287646 0.00366929 0.00659578 -0.00085903 0.267749 -0.0214894 0.0575718 0.0224605 -0.00274283 -0.00124456 0.0259346 0.100763 -0.00635624 0.177006 0.0312108 0.0928981 0.00413599 0.0191737 0.000226994 0.00615994 0.0251254 0.066083 -0.0109265 0.0325968 -0.00439026 0.0132681 0.0217967 0.00915518 0.0140105 -0.0112976 -0.0243397 0.0209442 0.0381055,800,0,cuda,1.94,4.27
test,84,Abyssinian_88,Abyssinian,cat,correct,Abyssinian,partition,0,0.998892,35,0.435926,0.778012,0.342086,0.149138,0.889428,0.0,,,,0.0287566 0.00101537 0.00125352 0.00389734 0.0471006 -0.00357798 0.13536 -0.00401274 0.00393148 0.0196988 0.00292768 0.0218669 0.0244655 0.299772 0.0032439 0.180306 0.0552587 0.0855912 0.000247117 -0.000489845 0.00281525 0.0101274 0.00146453 0.000695577 0.0099864 0.0175201 0.00023167 0.0176419 -0.00303254 -0.000771895 -0.00132276 -0.00238603 0.00779447 0.00984711 -0.00179811,800,0,cuda,1.52,4.27
test,2681,Russian_Blue_201,Russian_Blue,cat,correct,Russian_Blue,kernel,27,0.991363,32,0.358956,0.346042,-0.012914,0.191009,0.543185,0.0,,,,-0.00477235 -0.0178532 0.0768314 0.0142832 0.0516649 0.181832 0.101821 -0.0217161 0.0379436 0.107401 0.0377865 0.0689502 0.0139648 0.00964703 -0.0177998 0.0531432 0.0210494 0.0265684 0.0411375 0.0332035 0.0422501 0.0166405 0.00192669 0.0141891 0.0370535 0.0394639 -0.000702442 0.00251623 -0.0108022 0.0153926 -0.00950622 0.0168487,800,0,cuda,1.86,4.04
test,2681,Russian_Blue_201,Russian_Blue,cat,correct,Russian_Blue,partition,27,0.991363,32,0.358956,0.308541,-0.050415,0.202635,0.696554,0.0,,,,0.00326161 -0.000751657 0.0514469 -0.00208271 0.0856946 0.152408 0.0853682 0.00659674 0.0364607 0.107031 0.0858426 0.069149 0.0383987 0.00662174 0.011501 0.0163553 0.0449968 0.0020812 0.0119732 0.0154897 0.0193704 0.0172304 0.00154477 0.0175836 0.0165053 0.00999803 0.0114764 0.0248278 0.00627766 0.0132994 0.0139549 0.000445063,800,0,cuda,1.4,4.04
test,2956,samoyed_78,samoyed,dog,correct,samoyed,kernel,29,0.999319,37,0.793367,0.931941,0.138574,0.189944,0.882522,0.0,,,,-0.028619 0.0178422 0.0126794 0.0655495 0.126725 0.0286406 0.0898001 0.0577695 0.0759244 0.076832 0.135186 0.00388496 0.0911228 0.0247845 -0.00930766 0.0036305 0.0227291 0.0363703 -0.0102806 0.0168386 0.0217153 -0.00902881 0.0262397 0.0231904 -0.0075347 -0.0339402 -0.0258473 0.0215242 0.0473262 0.0302604 0.000177085 -0.00648163 0.00796813 -0.0176011 0.00128158 0.0567875 0.00444436,800,0,cuda,1.85,4.13
test,2956,samoyed_78,samoyed,dog,correct,samoyed,partition,29,0.999319,37,0.793367,0.9356,0.142233,0.289293,0.890614,0.0,,,,0.00029513 0.0418709 0.00105955 0.118668 0.140345 0.018658 0.0571011 0.0615902 0.0937058 0.0917268 0.133111 0.0157317 0.088272 0.0352262 0.00445729 0.0122771 0.0053964 0.00695208 0.00475099 0.00174544 0.00356111 0.00298663 0.00477625 0.000545218 0.00304346 0.00738777 0.00273467 0.000490488 0.00133054 0.00159041 0.00547828 0.00206143 0.00124277 0.00490377 0.00138332 0.000858549 0.00126772,800,0,cuda,1.44,4.13
test,1589,havanese_198,havanese,dog,correct,havanese,kernel,16,0.994804,42,0.282964,0.783389,0.500425,0.224013,0.918725,0.0,,,,-0.0125262 -0.00488301 -0.00850545 0.0232939 0.00965765 -0.0160458 0.0173491 0.00540873 0.0063284 0.0173447 -0.00497076 0.0103375 0.00966208 0.00109425 -0.00826847 -0.0179615 0.0520228 0.0316763 0.00568616 -0.00648735 0.0198538 0.335986 -0.0154316 0.0116371 -0.0245262 0.154811 0.0179865 0.00708863 0.1962 0.0208328 0.0193024 -0.00186269 0.00430677 0.0415094 0.0233626 -0.0214171 0.00853977 0.00898773 0.0234089 0.0332938 -0.00152965 -0.00274972,800,0,cuda,1.92,4.25
test,1589,havanese_198,havanese,dog,correct,havanese,partition,16,0.994804,42,0.282964,0.865981,0.583017,0.23523,0.921602,0.0,,,,0.00141767 0.00101288 0.00198679 0.00936309 0.00464098 0.00188251 0.0021824 0.00447528 0.00460531 0.00151929 0.0027322 0.00265547 0.00367147 0.0255251 0.0317591 0.0238408 0.0112297 0.0188762 0.00523112 0.0190707 0.0247277 0.460972 0.0666911 -0.0007493 0.0061648 0.0478748 0.0324362 0.000832257 0.123944 -0.00197692 -0.000858349 0.00897455 0.000979442 -0.000424835 -0.003028 0.00355535 0.00606725 0.0064383 0.00536549 -0.000225987 0.00236848 0.00199694,800,0,cuda,1.52,4.25
test,2659,Ragdoll_80,Ragdoll,cat,correct,Ragdoll,kernel,26,0.932475,26,0.715561,0.996915,0.281354,0.138771,0.805134,0.0,,,,0.00372726 0.00558289 -0.0146266 -0.0124429 0.0277732 -0.00741718 -0.0246505 -0.0108818 0.0400529 0.0121759 0.0323716 0.0887649 0.135238 0.206539 0.262937 0.0327695 0.0586447 -0.00497733 0.0436614 0.000244141 0.033354 0.0263163 0.0062843 0.00204689 -0.00742225 -0.0211815,800,0,cuda,2.12,4.36
test,2659,Ragdoll_80,Ragdoll,cat,correct,Ragdoll,partition,26,0.932475,26,0.715561,0.996307,0.280746,0.095216,0.746873,0.0,,,,-0.000149571 0.00342302 0.00067319 -0.0100415 0.00369381 0.00443467 -0.00247262 -0.0506183 0.116642 0.00237108 -0.00353014 -0.0429758 0.164809 0.231425 0.197471 0.00485948 0.0738369 0.0148765 0.0208488 0.0725452 0.0649529 0.00821784 0.0262497 0.00299952 0.00851717 0.00182484,800,0,cuda,1.5,4.36
test,2446,pomeranian_69,pomeranian,dog,correct,pomeranian,kernel,24,0.999487,39,0.686723,0.981672,0.29495,0.059576,0.805287,0.0,,,,0.000196985 0.00986471 0.0282685 0.0106808 0.00326488 0.121339 0.348338 -0.00209859 0.0228867 0.0120045 -0.0120988 0.0507883 0.0609845 0.00962812 0.0447063 0.000310863 0.0225698 0.0348274 0.00804051 0.00497942 0.144442 -0.020714 -0.0111274 0.0128306 0.0175151 0.0181042 -0.0174823 0.0298983 0.015518 -0.000257599 0.0061864 0.00135683 -0.00668108 0.003913 -0.0170683 0.00474657 0.0244683 0.021578 -0.0150009,800,0,cuda,1.94,4.31
test,2446,pomeranian_69,pomeranian,dog,correct,pomeranian,partition,24,0.999487,39,0.686723,0.981672,0.29495,0.069908,0.804874,0.0,,,,7.95046e-05 0.0158001 0.00120301 -5.60547e-05 0.00488194 0.208316 0.316135 0.0014596 -0.00161247 0.000212789 0.00420191 0.0603403 0.150616 0.00297288 0.0333767 7.12925e-05 0.00295292 0.0197492 0.00347345 0.000236146 0.124276 0.00135841 0.00539264 0.00443269 0.00394714 0.00052989 0.00356671 0.00581658 0.000618048 0.00329422 0.00118858 0.00248443 0.00105578 0.000643094 0.000323453 0.00232404 0.0018409 0.00321136 0.000993934,800,0,cuda,1.56,4.31
test,1920,leonberger_45,leonberger,dog,correct,leonberger,kernel,19,0.969872,45,0.671377,0.995801,0.324424,0.033529,0.525147,0.0,,,,0.0759337 0.0216376 -0.00596141 0.00960829 0.158702 0.00930406 -0.00437475 0.00990095 0.0625361 0.0236879 0.112116 0.0383849 0.0149017 0.0186715 0.0466233 0.0278741 0.0250731 0.0874902 0.0366848 0.0187754 0.000969446 0.0137664 -0.0383462 0.0227836 0.0169948 -0.0124255 -0.0073641 0.0254206 0.0750163 0.0201752 0.0283345 0.0182919 -0.00269552 0.00646083 -0.0127177 -0.0118133 -0.0150282 0.00130144 -0.00344912 0.00190763 -0.0010646 0.00879594 0.0175808 0.0171052 0.00886646,800,0,cuda,1.9,4.42
test,1920,leonberger_45,leonberger,dog,correct,leonberger,partition,19,0.969872,45,0.671377,0.898383,0.227006,0.042767,0.611447,0.0,,,,0.0699888 0.0437393 -0.000170449 -0.000166955 0.128944 0.0212235 -0.000714435 -0.000605268 0.0676719 0.0735204 0.160405 0.0551571 -0.00337978 0.0266118 0.00358298 -0.00273659 0.00178161 0.153562 0.0467158 0.00857845 0.00413532 0.0204287 -0.00373821 0.0405594 -0.00121277 0.00546033 0.000517364 0.00157373 0.0345484 0.000125836 0.00117133 -0.000170947 0.000401255 0.00303819 0.00156053 -0.000739658 0.000474304 -0.00021665 0.000967345 -0.000121791 0.00178169 -2.57286e-05 -0.000159111 0.00176848 0.000600183,800,0,cuda,1.66,4.42
test,91,Abyssinian_94,Abyssinian,cat,correct,Abyssinian,kernel,0,0.66978,37,0.287149,0.936039,0.64889,0.025288,0.55999,0.0,,,,0.0104472 -0.00165478 -0.0086667 0.0221602 -0.00575566 -0.00569096 0.0413155 0.00175437 0.015265 0.0132043 0.00801658 -0.0247307 -0.00558322 0.150176 0.014063 0.0169145 0.105308 0.011541 0.00937094 0.161117 0.0343304 0.0679095 -0.023971 0.0023669 0.0130718 0.00637079 0.00548914 -0.00849557 0.0958518 -0.0394429 -0.0167866 -0.00327735 0.0471919 -0.00637858 -0.0312152 -0.020903 -0.00436931,800,0,cuda,1.78,4.35
test,91,Abyssinian_94,Abyssinian,cat,correct,Abyssinian,partition,0,0.66978,37,0.287149,0.752485,0.465336,0.027241,0.503854,0.0,,,,0.00419439 0.00465187 0.00165352 0.103292 0.0001029 0.00144901 0.0397495 0.0261377 -0.00327315 0.00513 0.00209719 0.00131698 0.00320639 0.215759 0.00552137 0.00114985 0.112166 0.0261398 -0.000386848 0.178213 0.00735531 0.0457868 -0.0307197 -0.0180029 -0.0127079 -0.00874951 -0.00802892 -0.00490651 0.0388168 -0.0214168 -0.0128614 -0.0064157 0.0186297 -0.0344812 -0.0113327 -0.0156258 -0.00729619,800,0,cuda,1.79,4.35
test,3154,shiba_inu_77,shiba_inu,dog,correct,shiba_inu,kernel,31,0.999982,51,0.281987,0.949098,0.66711,0.182957,0.961243,0.0,,,,0.00607721 -0.0159943 -0.00121242 0.0416006 -0.0249078 -0.020198 -0.000984252 -0.0176152 0.0273599 0.00143728 -0.0193221 -0.0317792 -0.011063 0.0292602 -0.0121214 0.00572458 0.0137426 -0.000725548 -0.00781021 0.228005 0.0988824 0.0163207 -0.015675 0.0915283 -0.0267572 0.139247 0.0624125 0.0201478 0.041923 -0.0211879 0.0289938 0.0398229 0.0138408 0.148185 0.00986813 0.0263589 0.00344188 0.0123344 -0.00902641 0.00620633 0.019584 0.0256125 0.054861 0.0120126 -0.00671674 0.0127497 -0.000268087 -0.0142189 -0.00525484 0.00758353 -0.0185524,800,0,cuda,2.0,4.61
test,3154,shiba_inu_77,shiba_inu,dog,correct,shiba_inu,partition,31,0.999982,51,0.281987,0.814841,0.532854,0.340958,0.909912,0.0,,,,-0.0075381 -0.00678156 -0.0021076 -0.0125628 -0.0036393 -0.00147873 -0.00552044 -0.00291373 -0.00473631 -0.0112693 -0.0101681 -0.00133454 0.00433537 0.0517159 0.0052294 0.0354874 0.0469787 0.0500438 0.043047 0.190874 0.0754375 0.0157859 0.00837157 0.0268677 0.00582667 0.0351303 0.0323123 0.0253504 0.0207795 0.00212414 0.0133499 0.0467467 0.00293988 0.044031 0.00516816 0.0422515 0.00997568 0.0806145 0.00276305 0.0128092 0.0115835 0.00553685 0.00874574 0.0197373 0.00258115 0.01194 0.0215532 0.00288526 0.00220755 0.00233736 0.0083293,800,0,cuda,1.72,4.61
test,430,beagle_39,beagle,dog,correct,beagle,kernel,4,0.997796,31,0.335798,0.924959,0.589161,0.050172,0.929846,0.0,,,,0.00316522 -0.0402709 -0.0312624 -0.000262127 0.00160653 0.12747 0.0050197 0.0195804 0.106199 0.00402048 0.201308 -0.00757934 -0.0352345 0.13085 -0.00445622 0.369683 0.0144108 -0.00638854 -0.01122 -0.0251952 -0.0114163 0.130828 -0.0409681 -0.0316712 0.0316117 0.00108563 -0.0101643 -0.0166089 -0.0348843 0.0165621 -0.0179567,800,0,cuda,2.42,4.97
test,430,beagle_39,beagle,dog,correct,beagle,partition,4,0.997796,31,0.335798,0.924959,0.589161,0.110752,0.872195,0.0,,,,-0.000276694 -0.0128304 -0.0184877 -0.0189068 -0.00364724 0.0821473 -0.00411135 -0.00679195 0.0285571 0.0127571 0.0971001 0.00928321 0.0554607 0.160397 0.018778 0.146385 0.0283215 0.00828031 0.0562164 0.00556438 -0.00527178 0.164754 0.0106024 -0.000938073 0.0150616 0.00131695 0.00642519 -0.0043827 0.006503 0.00117012 -0.00157545,800,0,cuda,1.82,4.97
test,2827,saint_bernard_51,saint_bernard,dog,correct,saint_bernard,kernel,28,0.999467,35,0.697764,0.865592,0.167828,0.11732,0.546773,0.0,,,,0.00835243 0.079774 0.0490378 0.00497129 -0.00246031 0.0400325 0.0262851 0.0185724 0.0530841 0.0807002 0.103207 0.0160335 0.0138564 0.0568264 0.024137 0.0346991 -0.00349834 0.00125467 0.140466 -0.0287251 0.0255595 0.0248565 0.029191 0.0224544 0.0588034 0.0149994 0.00549012 0.0342423 0.0250896 0.0120881 0.0173358 0.0022178 -0.0212476 0.0165237 0.00628844,800,0,cuda,2.3,4.51
test,2827,saint_bernard_51,saint_bernard,dog,correct,saint_bernard,partition,28,0.999467,35,0.697764,0.474115,-0.223649,0.222192,0.799654,0.0,,,,0.00478514 0.0627183 0.00114023 0.0363458 0.0125797 0.0392348 0.0122854 0.079956 0.125332 0.106485 0.0903054 0.0843018 0.000296709 0.0419702 0.088164 0.0158667 0.0188663 0.00242812 0.0754733 0.00784151 0.0072016 0.00452919 0.00479219 0.00424783 0.0132267 0.011722 0.00323327 0.0109176 0.00569075 0.00626273 0.00192643 0.00164162 0.002479 0.00295188 0.00329965,800,0,cuda,1.45,4.51
test,3191,Siamese_22,Siamese,cat,wrong,Birman,kernel,6,0.223748,36,0.33241,0.957787,0.625377,0.022965,0.60538,0.0,,,,0.0301876 0.00528902 0.00400145 -0.000874601 -0.0190128 -0.0263784 -0.000393065 0.0142584 -0.00795863 0.00603222 -0.0526826 -0.0166014 -0.01074 0.00823507 -0.0113609 -0.00128098 -0.0534972 0.0254531 0.0436108 -0.00119397 0.0404978 -0.0253635 0.0630426 0.0848837 0.00339491 0.0640853 0.0146796 0.0202756 -0.0176874 0.0289648 -0.0207004 -0.00203689 0.0210237 -0.0140076 0.00185725 -0.00575919,800,0,cuda,1.81,4.13
test,3191,Siamese_22,Siamese,cat,wrong,Birman,partition,6,0.223748,36,0.33241,0.677842,0.345432,0.02783,0.254662,0.0,,,,0.0127719 -0.00842278 0.000608615 -0.0031493 -0.0123563 -0.0542076 -0.00396191 -0.00547083 0.00986915 -0.0036814 -0.0725147 -0.00452811 -0.0177895 -0.00211617 -0.0618867 0.00312051 -0.0276584 -0.05778 0.0252264 0.051413 0.0388389 -0.0094346 0.0288374 0.183983 0.0170916 0.00996719 0.00377302 0.00194982 0.00541361 0.0675565 0.00574281 0.00227373 0.0413488 0.0207729 0.00740889 -0.000766542,800,0,cuda,1.48,4.13
test,2339,Persian_59,Persian,cat,correct,Persian,kernel,23,0.998301,33,0.671257,0.928856,0.257599,0.129293,0.852515,0.0,,,,0.18501 0.0290109 0.0230276 0.000222057 -0.000153494 0.0360089 0.200713 0.0470625 0.191244 0.0572836 0.0344334 0.0545113 0.0214573 0.0092066 0.0543393 -0.0105676 0.0225826 -0.0179226 0.0262289 -0.00521448 0.0196834 0.0055942 -0.000641034 -0.00344318 0.00379406 0.00529469 0.0281245 -0.0122108 -0.00657936 -0.00164248 -0.00337726 0.00118686 -0.0147284,800,0,cuda,2.12,4.35
test,2339,Persian_59,Persian,cat,correct,Persian,partition,23,0.998301,33,0.671257,0.935364,0.264106,0.141225,0.844233,0.0,,,,0.0966897 0.00912966 -0.0017684 -0.0012793 -0.000829369 0.018274 0.23549 0.0196601 0.115642 0.147997 0.0309218 0.0724933 0.0106885 0.00523419 0.0741468 0.00180959 0.0325667 0.00704747 0.0618476 0.000177209 0.012469 -0.00114785 0.000858916 0.0115653 0.0038275 0.00472781 0.00464102 0.00315373 0.003968 -0.000364385 -3.51241e-05 -0.000672105 0.000607173,800,0,cuda,1.52,4.35
test,2105,miniature_pinscher_31,miniature_pinscher,dog,correct,miniature_pinscher,kernel,21,0.85527,38,0.231983,0.787175,0.555192,0.012262,0.816912,0.0,,,,-0.0117805 -0.0123449 0.0204991 -0.00152641 -0.00857296 -0.0277587 -0.00548205 -0.0308658 0.00942864 0.108625 -0.00370981 0.328611 -0.000405299 0.011787 0.356457 -0.0183794 -0.0124107 0.0160916 0.0218285 0.000412702 0.0232496 0.0200473 0.0124855 -0.013294 0.00509288 0.00535288 0.0105453 0.0107639 0.0213379 0.00540686 -0.04029 -2.78042e-05 -0.0141619 -0.00526083 0.017711 -0.00135652 0.0422494 -0.00163565,800,0,cuda,2.44,4.83
test,2105,miniature_pinscher_31,miniature_pinscher,dog,correct,miniature_pinscher,partition,21,0.85527,38,0.231983,0.401104,0.169121,0.036176,0.685003,0.0,,,,-0.000177897 -0.000181553 0.00018215 -0.010593 -0.0106617 0.00794021 0.0126042 -0.0400748 -0.00139035 0.0653361 0.00945343 0.111024 0.00230539 0.132822 0.232355 0.113689 0.0142297 1.82092e-05 0.128691 0.00251188 0.0214433 0.0226176 -0.00869432 0.0143282 0.00510295 0.00580709 0.00722137 0.00152925 0.001639 -0.00217549 -0.000865051 0.00133981 -0.00299644 -0.000793808 0.00102244 -0.000505628 -0.000864488 0.00348123,800,0,cuda,1.63,4.83
test,1345,english_setter_67,english_setter,dog,correct,english_setter,kernel,13,0.730047,38,0.193798,0.460416,0.266618,0.012611,0.493041,0.0,,,,-0.0167752 0.0149209 -0.0330495 0.0206047 0.0258658 -0.0086385 0.0101421 0.0262445 0.0476967 0.0614851 -0.00914868 -0.00460842 0.0405055 0.0693017 -0.00920734 0.0677392 0.0180993 0.0473126 0.0374784 0.0378698 -0.017555 0.111743 0.0522701 0.0133654 0.0545098 0.0587222 0.0257682 0.0243593 -0.00583556 -0.0375706 0.0523776 -0.00747423 -0.00975471 -0.0179968 -0.00061527 -0.0025123 -0.0169322 -0.0138989,800,0,cuda,1.88,4.01
test,1345,english_setter_67,english_setter,dog,correct,english_setter,partition,13,0.730047,38,0.193798,0.58009,0.386292,0.01634,0.425778,0.0,,,,0.0137472 0.0013113 0.0049688 0.00331898 0.00203485 0.0115068 0.00103278 0.00634871 0.0597079 0.0679996 -0.000604475 0.0191738 0.0648462 0.0264748 -0.00494274 0.0280775 0.104623 0.0102705 0.0383236 0.0268022 0.00150999 0.0880101 0.0713858 0.0024582 0.0223707 0.0533719 0.00293023 -0.0021181 -0.00256011 -3.69436e-05 -0.00437485 -0.00788764 -0.000320706 -0.00124143 -0.000700008 -0.002557 0.00267605 -0.00112879,800,0,cuda,1.36,4.01
test,257,american_pit_bull_terrier_61,american_pit_bull_terrier,dog,wrong,american_bulldog,kernel,1,0.640851,39,0.558594,0.988422,0.429828,0.254974,0.826056,0.0,,,,-0.0242196 -0.0166592 0.00598526 -0.0102791 -0.013312 0.0186303 0.033439 0.0137224 -0.037916 0.0270677 -0.0784984 -0.0234476 0.0116871 0.0273181 0.199672 0.0370122 -0.0844004 0.0080972 -0.0172822 -0.0466634 -0.0301001 0.164151 0.0260012 -0.00674234 -0.00620953 0.0456527 -0.0141135 0.0327932 0.0430613 0.0371702 -0.00971464 0.101506 0.0565286 0.0556213 -0.00279192 0.0307689 0.0248228 0.0155816 -0.0103642,800,0,cuda,1.78,4.16
test,257,american_pit_bull_terrier_61,american_pit_bull_terrier,dog,wrong,american_bulldog,partition,1,0.640851,39,0.558594,0.655986,0.097392,0.287173,0.752077,0.0,,,,-0.00497955 -0.0154907 0.00196073 0.0118916 0.00190043 0.00328054 0.0330377 0.0145477 0.008368 0.0571571 -0.00848491 0.00106013 0.0696208 0.00199164 0.218277 0.00383223 -0.0350044 0.0333279 -0.000259276 -0.0302484 -0.00786435 0.0467869 -0.0161099 0.00394727 0.0150354 0.00491272 0.0249714 0.00647003 0.0129693 0.0226299 0.00574988 0.0232453 0.0267685 0.00375677 0.00566757 0.0209138 0.0123499 0.00450325 0.00108574,800,0,cuda,1.61,4.16
test,888,British_Shorthair_21,British_Shorthair,cat,wrong,Ragdoll,kernel,26,0.9866,39,0.444137,0.867122,0.422985,0.069685,0.876808,0.0,,,,-0.00383128 -0.00749187 0.020182 -0.0256903 0.0209363 0.0183909 -0.00748514 -0.00591696 0.0111038 -0.0324467 0.0441919 0.00781647 0.122532 0.0532411 -0.00176119 0.382279 0.0177045 0.00717732 0.0215745 0.000581667 0.0883771 0.00287114 0.0134417 0.0791833 0.00843879 0.0109076 0.00248111 0.0277771 0.0225518 0.0249271 0.0119151 0.0183387 0.0137642 -0.0144549 0.00692935 0.00332448 -0.00540634 -0.00537467 0.0159269,800,0,cuda,2.19,4.32
test,888,British_Shorthair_21,British_Shorthair,cat,wrong,Ragdoll,partition,26,0.9866,39,0.444137,0.856788,0.412651,0.130534,0.861402,0.0,,,,0.00442925 -0.00169572 0.025029 0.00442343 0.000631486 0.00896768 -0.00423239 0.0516937 0.0104897 -0.0100282 0.0216693 -0.00101472 0.137578 -0.0165124 0.002429 0.274236 0.00196617 0.000918734 0.00418628 0.0218319 0.238593 0.00604148 0.0191977 0.0706427 -0.000331809 0.00855539 0.0111651 0.0184236 0.00460426 0.000719314 0.00882724 0.0119116 0.0103084 0.00296966 0.00511545 -3.96563e-05 0.00161007 0.011979 0.00171921,800,0,cuda,1.37,4.32
test,3616,yorkshire_terrier_52,yorkshire_terrier,dog,correct,yorkshire_terrier,kernel,36,0.940073,37,0.503308,0.919477,0.416169,0.095071,0.722395,0.0,,,,0.049045 -0.0159401 0.00441049 0.112587 0.021175 -0.0093214 0.116939 0.0177978 0.0249055 0.0817534 0.0472332 -0.0237548 0.0890602 0.00501104 0.0903489 0.0698011 0.0269399 -0.0242169 0.10354 0.181222 -0.0225872 -0.0118363 -0.0652407 -0.00390809 0.00875012 0.0292305 0.0217842 0.00501585 -0.0218113 -0.00807599 0.00956015 -0.0133227 0.00386919 0.0495895 -0.00580846 -0.0694709 0.0356261,800,0,cuda,2.33,4.52
test,3616,yorkshire_terrier_52,yorkshire_terrier,dog,correct,yorkshire_terrier,partition,36,0.940073,37,0.503308,0.924923,0.421615,0.081613,0.591808,0.0,,,,0.0128364 0.0200917 4.8113e-05 0.0982745 -0.00228087 0.00117936 0.0800208 0.00724327 -0.00187256 0.104943 0.0655302 0.00187738 0.14627 0.00122555 0.0743274 0.0544544 0.00160416 0.00210461 0.0328802 0.111013 0.00177379 0.0103261 0.0150057 0.00445454 0.00612262 0.00360986 0.0113804 0.0123976 -0.00347815 0.0154739 0.000612044 0.000323046 0.00355835 0.010826 0.0034367 -0.00206033 0.00436917,800,0,cuda,1.47,4.52
test,1466,german_shorthaired_86,german_shorthaired,dog,correct,german_shorthaired,kernel,14,0.999989,43,0.425941,0.465216,0.039276,0.245507,0.716002,0.0,,,,-0.00784218 0.0066721 0.0201102 0.0268944 0.0534223 0.0609289 0.0749309 0.0140415 0.00330123 0.0375474 0.0551261 -0.006906 0.14068 -0.01276 0.0372373 0.0481914 0.0154503 0.00490362 0.022806 0.00131091 0.0419417 0.0135391 -0.00723096 -0.00725449 0.0351404 0.00887213 -0.0214993 0.010971 0.0392353 0.04903 0.0241131 0.00939555 0.0445815 0.00584856 -0.018553 0.0457288 -0.0265318 0.0224437 0.0118703 0.0340488 0.025381 0.00163258 0.0313182,800,0,cuda,2.07,4.49
test,1466,german_shorthaired_86,german_shorthaired,dog,correct,german_shorthaired,partition,14,0.999989,43,0.425941,0.776779,0.350839,0.246523,0.72357,0.0,,,,0.00102958 0.0190974 0.000296418 0.0277159 0.0484715 0.015699 0.0654939 0.00034688 0.066381 -0.000586374 -0.000436299 0.0104511 0.146636 0.00739812 0.0565778 0.00729109 0.0288005 0.00182672 0.0219905 0.0374317 0.0180602 0.00200615 0.017189 0.00549871 0.031848 0.00576691 0.00558558 0.0035003 0.00371354 0.058577 0.00333971 0.0280749 0.0225672 0.0099802 0.0102196 0.0489881 0.0174041 0.010003 0.0052766 0.0368279 0.0411869 0.017708 0.0048347,800,0,cuda,1.59,4.49
test,3114,shiba_inu_40,shiba_inu,dog,correct,shiba_inu,kernel,31,0.999575,40,0.305664,0.92166,0.615996,0.212938,0.961944,0.0,,,,-0.0149232 -0.0299508 0.342662 -0.00966295 0.0253529 -0.0225612 -0.00635567 0.00379914 0.00720461 0.149034 0.0480223 -0.0137457 -0.0234205 0.0212657 0.066185 0.056277 0.148004 0.0129554 0.0171382 0.0426125 -0.012233 0.0885506 0.01537 0.00691867 0.00150138 0.00874951 0.0716495 -0.0102519 0.0116283 -0.0155102 0.025355 0.0262005 -0.00216605 -0.0156196 0.0094225 -0.00488832 -0.0168082 -0.00814855 -0.0417268 0.00544054,800,0,cuda,2.2,4.63
test,3114,shiba_inu_40,shiba_inu,dog,correct,shiba_inu,partition,31,0.999575,40,0.305664,0.844662,0.538998,0.488577,0.958201,0.0,,,,0.015201 0.0287148 0.189827 0.0855793 0.0124033 -0.0039888 -0.00233782 0.0081459 0.00995155 0.175953 0.101958 0.00544875 0.0241882 0.00613238 0.00217486 0.068888 0.0446681 0.000800896 0.000849504 0.032643 0.00180578 0.00473634 0.00130656 0.0279209 0.00736564 0.0121845 0.00649388 0.0016541 0.0230567 0.0282509 0.00386235 0.0225862 0.00701884 -0.000198613 0.0014747 0.00342918 0.00198968 0.000911651 -0.00332889 0.00360636,800,0,cuda,1.63,4.63
test,1641,havanese_63,havanese,dog,correct,havanese,kernel,16,0.999311,38,0.489059,0.987591,0.498532,0.213641,0.933177,0.0,,,,-0.013585 0.0232437 0.0381007 -0.0279311 -0.0134109 0.00997588 -0.0029163 -0.0445518 0.0460078 -0.05001 0.0191139 0.00149406 0.096143 -0.0119304 0.108196 0.0122793 0.0153658 -0.0151575 0.115535 0.117417 0.0208754 -0.00448202 0.0269854 0.000532381 0.11504 -0.0266688 0.0866541 0.0364914 0.021778 0.0297408 -0.0288687 0.0323632 0.0391786 0.0581423 0.0063424 0.0351758 0.0478982 0.0537523,800,0,cuda,2.1,4.24
test,1641,havanese_63,havanese,dog,correct,havanese,partition,16,0.999311,38,0.489059,0.987591,0.498532,0.258452,0.898036,0.0,,,,0.0022053 0.010892 0.0061097 0.00860868 0.00755454 0.0428833 0.00462999 0.00680228 0.0334343 0.00636091 0.0148452 0.00366401 0.154429 0.0600257 0.0800052 0.00745792 0.00309534 -0.000779032 0.0661096 0.199372 0.0290968 0.00561561 0.00835522 0.00671554 0.0709747 0.00708933 0.0163763 0.00743993 0.028658 0.00711763 0.0158582 0.0083904 0.0217906 0.0012588 0.0161092 0.00335016 0.00386868 -0.00146113,800,0,cuda,1.44,4.24
test,388,basset_hound_91,basset_hound,dog,correct,basset_hound,kernel,3,0.999694,35,0.218371,0.625961,0.407589,0.20584,0.794477,0.0,,,,-0.0106663 -0.00977947 0.0281968 -0.00686301 -0.00824211 -0.0039409 0.0332099 0.00668341 -0.00148599 0.00623687 0.0610976 0.0798372 0.0364656 0.000472704 0.0106373 0.0523967 0.231825 0.0548357 0.0167298 -0.00584316 0.00084594 0.126512 -0.0277295 0.0907541 -0.0104958 0.0229552 0.0243059 0.0281709 0.0260764 0.005335 0.00952437 0.0262292 0.0473398 0.0324834 0.00108303,800,0,cuda,1.97,4.23
test,388,basset_hound_91,basset_hound,dog,correct,basset_hound,partition,3,0.999694,35,0.218371,0.689013,0.470642,0.164138,0.79258,0.0,,,,-0.00046812 0.00278124 0.0276384 0.00960401 0.00217743 0.00137628 0.0227671 0.0234311 0.00705057 0.042393 0.0322897 0.0570366 0.0309195 0.00889417 0.0149917 0.0443118 0.360246 0.0601033 0.0512765 0.0074206 0.0161946 0.0554488 -0.000485265 0.0571468 -0.000570268 0.00197102 0.00278352 0.0032071 5.77178e-05 0.0042209 0.00711781 0.00251968 0.0109334 0.00533824 0.00306889,800,0,cuda,1.5,4.23
test,2383,pomeranian_193,pomeranian,dog,correct,pomeranian,kernel,24,0.998796,34,0.348294,0.556824,0.20853,0.141344,0.708541,0.0,,,,0.0411011 0.0307196 0.0178657 -0.030846 0.0488125 0.188482 0.0211204 0.0781664 0.0237277 -0.00777216 0.153133 0.0831757 0.0123075 0.0151429 0.017347 0.058846 0.0574011 0.0710402 0.00905757 0.0205798 -0.0151457 0.021328 0.0182871 0.00397192 0.0195616 0.00736185 -0.00435454 0.00659937 0.0105386 0.0133813 -0.0119486 0.000897883 -0.00286645 0.0139964,800,0,cuda,1.94,4.28
test,2383,pomeranian_193,pomeranian,dog,correct,pomeranian,partition,24,0.998796,34,0.348294,0.598772,0.250478,0.15564,0.767063,0.0,,,,0.00814324 0.0329879 0.00881381 0.00166342 0.0253033 0.248183 0.00164567 0.058963 0.00537737 0.00249912 0.224492 0.0430993 0.0155254 0.00055909 0.000266953 0.0400998 0.0994505 0.110067 0.00180546 0.00965955 0.00462146 0.00988785 0.00592614 0.00517995 0.000774954 0.00321602 0.00142791 0.00231722 0.000554164 0.00372235 0.00194942 0.00545891 0.00311373 0.00426243,800,0,cuda,1.52,4.28
test,273,american_pit_bull_terrier_76,american_pit_bull_terrier,dog,correct,american_pit_bull_terrier,kernel,2,0.738465,40,0.304887,0.901417,0.59653,0.024282,0.767615,0.0,,,,0.0138291 -0.00246674 -0.0123656 -0.0298909 0.00101551 0.0106537 -0.0081273 -0.0282452 -0.00406274 0.000762324 0.0759704 -0.00435423 0.330377 -0.0208312 -0.00390048 0.0257272 -0.0136529 -0.00529481 0.324376 0.0152097 0.0396103 -0.00935623 0.0163587 -0.0050489 -0.0314248 -0.0101503 0.0437809 0.00773856 0.0178762 -0.0105728 -0.00495225 0.00241711 -0.00822205 -0.00492077 -0.018435 0.00156202 0.00879404 0.00361239 0.031766 -0.00501452,800,0,cuda,2.06,4.42
test,273,american_pit_bull_terrier_76,american_pit_bull_terrier,dog,correct,american_pit_bull_terrier,partition,2,0.738465,40,0.304887,0.873301,0.568414,0.027158,0.748662,0.0,,,,0.0030132 -0.036651 0.0107175 -0.0156964 0.0107038 0.0185996 0.0195569 0.0199106 0.0421563 -0.00558857 0.04244 -0.00131658 0.176955 0.0269531 0.00430021 0.0209702 -0.00990696 -0.0070052 0.231803 0.0188258 0.10215 -0.000609546 0.0218398 0.0165984 -0.000929228 -0.00645947 0.00950271 -0.000411919 -0.00408951 -0.00111193 -0.00555249 -0.00228616 0.0210703 0.0297483 -0.00416855 -0.00925581 -0.00400132 -0.00128966 -0.00136849 3.1888e-05,800,0,cuda,1.46,4.42
test,756,Bombay_70,Bombay,cat,correct,Bombay,kernel,7,0.734612,37,0.933016,1.0,0.066984,0.024893,0.115065,0.0,,,,0.0343032 -0.0199659 -0.00159058 0.0417503 0.000859909 -0.0297203 0.0470644 0.0311772 0.0378897 0.0165484 0.0365016 -0.0081861 -0.00819977 0.0142159 0.0121496 0.0475038 0.0481034 -0.016453 0.0324214 0.0684767 0.0107812 0.0326522 0.0399934 0.0117422 0.045786 0.0705418 0.0534161 0.0180109 -0.0141715 -0.000932941 0.0224753 0.0501412 -0.0145155 0.0257936 -0.0108668 -0.0516247 0.0332776,800,0,cuda,2.01,4.2
test,756,Bombay_70,Bombay,cat,correct,Bombay,partition,7,0.734612,37,0.933016,0.998581,0.065566,0.030627,0.144678,0.0,,,,-0.00190359 -0.00623407 -0.00259963 0.0190126 -0.00697195 0.00429403 -0.00681079 0.00297443 0.0121247 -0.0288175 0.179425 -0.023985 -0.00404796 0.00519454 0.00583982 0.00560372 0.0893024 1.70703e-05 0.0343294 0.0411785 0.0148868 0.0295173 0.0780117 0.0143429 0.0284698 0.0279701 0.0431222 0.010578 -0.00081978 0.0470407 0.041362 0.010359 -0.00170985 0.00345269 0.012219 0.0271994 0.00342182,800,0,cuda,1.39,4.2
test,3560,wheaten_terrier_92,wheaten_terrier,dog,correct,wheaten_terrier,kernel,35,0.580333,39,0.12225,0.719151,0.596902,0.018183,0.873642,0.0,,,,-0.0023281 0.00853325 0.0153681 -0.00133643 -0.0100741 -0.00948292 -0.0420484 0.0105094 -0.00463208 0.0131506 0.0234314 -0.0272932 -0.0146009 0.0145007 -0.0270051 0.290207 -0.0666308 -0.0207502 -0.0452114 -0.0120388 -0.0520013 -0.00297017 0.190089 -0.0251282 0.332277 0.0260411 0.0461473 0.0863468 0.0493052 -0.00920432 -0.0547022 -0.00103305 -0.00152947 -0.0606038 -0.0130232 -0.0135286 0.00890208 -0.0139877 -0.0242693,800,0,cuda,1.96,4.0
test,3560,wheaten_terrier_92,wheaten_terrier,dog,correct,wheaten_terrier,partition,35,0.580333,39,0.12225,0.457517,0.335267,0.032643,0.797748,0.0,,,,-0.00508324 0.000927973 -0.00841914 -0.0078487 -0.0124706 -0.00962669 -0.0240298 -0.000473056 -0.00322368 -0.00457606 -0.0111507 -0.0102562 0.000443866 -0.00763905 -0.00371616 0.0798713 0.0250266 -0.00578373 -0.01132 -0.019958 0.0100995 0.0204114 0.0767747 -0.0162165 0.334437 0.007693 0.0991228 0.0307393 0.0394179 0.00233533 -0.0148803 0.00546234 0.00438658 -0.0162912 -0.0114776 0.0320843 -0.000543708 -0.0018186 -0.00303582,800,0,cuda,1.26,4.0
test,1925,leonberger_4,leonberger,dog,correct,leonberger,kernel,19,0.999558,35,0.405214,0.984731,0.579518,0.173192,0.740231,0.0,,,,0.0106637 0.0406595 0.0227828 0.00713397 -0.0181409 0.237908 0.0150481 -0.0105626 0.0789695 -0.00912287 0.0286004 0.00975448 0.00878464 -0.00925531 0.0976608 0.175706 -0.0117457 0.0554019 0.0220412 -0.0306297 0.0225498 0.0198769 0.0152752 0.031645 0.00580006 0.00383647 0.0424844 0.0029883 -0.00679614 0.0237123 0.0248451 0.0124508 0.00870967 0.0323441 0.0347422,800,0,cuda,2.06,4.33
test,1925,leonberger_4,leonberger,dog,correct,leonberger,partition,19,0.999558,35,0.405214,0.838767,0.433553,0.220903,0.764276,0.0,,,,0.0110063 0.0596248 -0.000859522 0.0526047 3.1453e-05 0.326571 0.00903147 0.00195458 0.0645755 0.0162204 0.031244 0.0189776 0.0129435 0.00504854 0.0838769 0.0827158 0.0328235 0.0213856 0.0164241 0.00219299 0.0119088 0.0121005 0.00694549 0.0151861 0.00713354 0.00557178 0.0157451 0.0239069 0.00263481 0.0068924 0.014643 0.00363191 0.0067606 0.00559723 0.0090713,800,0,cuda,1.5,4.33
test,3125,shiba_inu_50,shiba_inu,dog,correct,shiba_inu,kernel,31,0.999542,27,0.830297,0.985863,0.155566,0.49954,0.929472,0.0,,,,0.00815465 0.0115436 -0.0075858 -0.00618417 -0.0158085 0.0615833 0.0240975 -0.00334293 0.0462198 0.0325493 0.250633 0.0447285 0.0135818 0.109283 0.0111724 -0.0612821 0.129883 0.0387498 -0.00486735 -0.0123313 0.118457 0.0238433 0.0105493 0.0294329 0.126277 -0.00478612 -0.0112565,800,0,cuda,2.09,4.47
test,3125,shiba_inu_50,shiba_inu,dog,correct,shiba_inu,partition,31,0.999542,27,0.830297,0.983332,0.153035,0.475621,0.904752,0.0,,,,0.0109327 0.0253022 -0.0273805 0.0224427 0.0110761 0.132368 0.0470762 0.00259236 0.0534071 0.071598 0.20434 0.0399419 0.0606695 0.0301421 0.00592108 0.00452946 0.00275144 0.0175783 0.00295524 0.00491167 0.113593 0.0114643 0.00405219 0.0225064 0.0871204 -0.00206335 0.00346576,800,0,cuda,1.66,4.47
test,1956,leonberger_78,leonberger,dog,correct,leonberger,kernel,19,0.996986,44,0.643156,0.983498,0.340342,0.099173,0.529053,0.0,,,,-0.0145593 0.0129649 0.00925105 -0.00129289 0.00447899 0.00150051 -0.016105 0.0328826 0.0274051 0.0226681 0.0501329 -0.0339153 0.0259193 0.064268 0.0284825 0.0809289 0.00868035 -0.0122473 0.00308236 0.0437965 0.0775265 -0.00646907 0.0624694 0.0523849 0.0624556 0.0716573 -0.00322942 -0.0194995 0.044822 0.0416525 0.0265309 0.0123827 -0.0049523 0.00676509 0.0217278 0.0742467 0.0518352 0.0389784 0.00803252 -0.000221234 -0.00914866 -0.000498941 0.0412763 0.00450335,800,0,cuda,2.16,4.44
test,1956,leonberger_78,leonberger,dog,correct,leonberger,partition,19,0.996986,44,0.643156,0.670358,0.027202,0.089974,0.518081,0.0,,,,-0.00162833 -0.00220401 -0.00541329 -0.00680136 -6.64267e-05 -0.00451389 -0.00212911 0.00369301 0.002015 0.00361712 0.00146779 -0.000148168 0.0424332 0.0129499 0.00141078 0.0475405 0.00565131 0.00348863 0.0212633 0.0113322 0.0671414 0.00158156 0.0981242 0.0510394 0.0721712 0.0945642 -0.000180092 0.0506642 0.0135262 0.0353664 0.0106343 0.0319082 0.0432312 0.00994886 0.0573554 0.0521026 0.0487874 0.0112986 0.0101324 0.0582647 0.0102841 0.0145792 0.00969446 0.00737217,800,0,cuda,1.46,4.44
test,3605,yorkshire_terrier_42,yorkshire_terrier,dog,correct,yorkshire_terrier,kernel,36,0.950515,39,0.816665,0.998828,0.182163,0.076678,0.278143,0.0,,,,0.0297021 -0.0161118 -0.00962585 0.00411253 -0.00231222 -0.0139577 0.039068 0.03454 -0.00210927 0.018662 -0.00345256 0.0210635 0.0385275 0.0313638 -0.00883044 -0.0242986 0.0366388 0.0220694 0.0111294 0.0262914 0.0158398 -0.0260092 0.0139898 0.058912 0.0197309 -0.00385924 0.084509 -0.0486824 0.0459503 -0.0249045 0.0731906 0.000110117 0.10998 0.112126 0.142379 0.0163747 0.0335551 0.0131422 0.0515375,800,0,cuda,2.12,4.24
test,3605,yorkshire_terrier_42,yorkshire_terrier,dog,correct,yorkshire_terrier,partition,36,0.950515,39,0.816665,0.998828,0.182163,0.119755,0.345767,0.0,,,,0.00047535 -0.000978313 -0.00025707 0.0154946 0.0095926 0.0109493 0.0135321 0.0216061 -0.00165792 0.00265742 0.048051 0.00215377 0.00796655 0.00815806 0.00125649 0.0113518 0.00666335 0.00304958 0.0245772 0.0108194 0.00378376 -0.000738173 0.0064337 0.0499014 0.00991458 0.0237243 0.199552 0.00044024 -0.00564661 0.00593217 0.0651635 -0.00107899 0.108973 0.0842176 0.102426 0.0441966 -0.00307687 -0.00226255 0.0330263,800,0,cuda,1.36,4.24
test,2176,miniature_pinscher_96,miniature_pinscher,dog,correct,miniature_pinscher,kernel,21,0.76933,38,0.326451,0.506503,0.180052,0.014546,0.572623,0.0,,,,0.00613627 0.0137759 0.0127841 0.0338151 0.0333691 0.113454 0.00833055 0.0295202 -0.011941 0.00105855 0.172723 -0.0330892 -0.000365239 0.0160996 -0.000573274 0.054738 0.158829 -0.00677501 0.00472267 0.0220687 0.0152123 0.0213183 -0.0390324 0.036406 -0.00394648 0.0296936 0.0209458 -0.0492667 0.00992533 -0.0136872 0.00760071 0.00629908 0.0608575 -0.00578577 0.0187048 0.00595293 0.0269245 -0.0240227,800,0,cuda,2.09,4.36
test,2176,miniature_pinscher_96,miniature_pinscher,dog,correct,miniature_pinscher,partition,21,0.76933,38,0.326451,0.485185,0.158734,0.014502,0.509314,0.0,,,,0.00821178 -0.000406071 0.0303469 0.0283369 0.00333272 0.0847661 0.0305534 0.0131771 0.0347939 0.0043183 0.197678 0.0146984 0.0178724 0.0286596 0.00869596 0.0361681 0.0472123 -0.00116278 -0.00363304 0.0102408 0.019367 0.0111404 0.00209975 0.0368787 0.00892011 0.038123 0.00426804 -0.0256183 0.0065746 -0.00638269 0.00791952 -0.00165719 0.048723 0.000381453 -0.00284075 0.00276073 0.0111967 -0.00293501,800,0,cuda,1.45,4.36
test,802,boxer_24,boxer,dog,correct,boxer,kernel,8,0.828557,43,0.477519,0.760177,0.282658,0.136486,0.759291,0.0,,,,0.0832401 0.105882 0.00581369 0.0761959 -0.00542925 0.00539354 0.0192132 0.0154814 0.00803496 0.0240083 0.0615886 0.0362936 -0.0310371 0.0344945 0.0192466 0.033003 -0.00410582 0.0106693 -0.021805 0.0145234 0.0300986 0.0853089 -0.0346517 0.102589 0.00837563 0.0701647 -0.0168599 0.000967839 0.067789 -0.00705192 0.0494708 0.00463209 0.00433987 0.000664586 -0.0331232 0.00944734 -0.0169795 0.00747129 -0.00126478 -0.00599226 0.00905795 -0.0268909 0.0200203,800,0,cuda,1.93,4.03
test,802,boxer_24,boxer,dog,correct,boxer,partition,8,0.828557,43,0.477519,0.796985,0.319466,0.175999,0.69617,0.0,,,,0.0278581 0.170715 -0.00888333 0.0475111 0.00695739 0.0147135 -0.0344929 0.0841608 0.00673224 -0.0128059 0.0456427 0.114359 0.0244042 -0.0381263 -0.00153456 0.0189079 0.0388444 0.00214364 0.00563142 0.0226025 0.0427719 0.0548732 0.0124096 0.0550974 0.0158403 0.0207421 -0.000750347 0.000493497 0.0206497 0.019436 0.00393033 0.00196952 0.00857592 0.00150939 0.00183325 0.000718517 0.00189909 0.000987412 0.000635191 0.00544841 0.00482014 0.00785139 0.00120457,800,0,cuda,1.33,4.03
test,2076,Maine_Coon_96,Maine_Coon,cat,wrong,Ragdoll,kernel,26,0.950979,34,0.630879,0.956333,0.325454,0.077894,0.501778,0.0,,,,0.00363811 -0.00664586 0.00521842 -0.0169599 -0.00123158 0.0240756 -0.0120017 -0.0224411 -0.00333599 -0.0105376 -0.0136302 -0.018007 0.124351 0.00326475 0.0402333 0.178531 0.00886532 0.146243 0.0977236 0.114464 0.0655374 0.0124169 0.0473238 0.0175824 0.020822 0.0138802 0.00940625 0.0470699 0.0192101 0.0110902 0.00454288 -0.0046922 0.0101432 0.0172369,800,0,cuda,2.03,4.07
test,2076,Maine_Coon_96,Maine_Coon,cat,wrong,Ragdoll,partition,26,0.950979,34,0.630879,0.986363,0.355483,0.111087,0.574142,0.0,,,,-0.00224503 -0.00253516 0.00442286 0.000278084 -0.00122591 0.0203141 0.00473212 0.012751 0.00117957 0.00112605 -0.000821826 0.00508122 0.0516162 0.0116599 0.0393748 0.0952515 0.00775905 0.144899 0.0445699 0.0518551 0.172139 0.000563042 0.0252959 0.0123017 0.00207451 0.0562608 0.0124888 0.0881542 0.00489714 0.0064522 0.0314274 0.00498859 0.00715373 0.0191467,800,0,cuda,1.28,4.07
test,1207,english_cocker_spaniel_32,english_cocker_spaniel,dog,correct,english_cocker_spaniel,kernel,12,0.983085,35,0.584522,0.723404,0.138882,0.052902,0.74044,0.0,,,,-0.00100342 -0.00714086 0.0230408 -0.0175864 -0.0185113 0.0124591 -0.00780018 0.132112 0.0253829 -0.00703707 0.0663189 0.0593192 0.158725 0.00781031 0.0904035 0.00149453 0.0941595 0.074123 0.0520181 0.0262208 0.0617147 0.0442136 0.0279152 0.00578867 -0.00818775 -0.00463171 0.0490494 0.0273274 0.0133624 -0.0176663 0.00252411 -0.00165263 -0.0100765 0.00941771 0.00282499,800,0,cuda,2.16,4.41
test,1207,english_cocker_spaniel_32,english_cocker_spaniel,dog,correct,english_cocker_spaniel,partition,12,0.983085,35,0.584522,0.993873,0.409351,0.073683,0.835188,0.0,,,,-0.00211683 0.0073244 0.00912756 0.0352586 0.00449144 -0.00396096 0.00264125 0.0945244 0.00553791 0.0202493 0.0758383 0.0330386 0.142878 0.00875262 0.159482 0.0623928 0.103759 0.0122596 0.0241665 0.127457 0.0429533 0.000223217 7.5137e-05 0.000271524 0.000181497 7.54296e-05 -0.000963617 0.00129638 -6.93515e-05 0.000531436 0.000517913 -0.000341655 0.000536572 -0.00266616 0.000707976,800,0,cuda,1.51,4.41
test,2930,samoyed_54,samoyed,dog,correct,samoyed,kernel,29,0.998062,39,0.747708,0.963842,0.216134,0.236426,0.794966,0.0,,,,-0.00973666 0.0022698 0.000401363 -0.000650586 0.0287999 0.0222949 0.0161176 0.0214681 0.0265677 0.00899546 0.0504478 0.0157788 0.0276537 0.0247905 0.0382588 0.169597 0.0832396 -0.000631509 0.00837045 0.0597215 0.132281 0.0396555 0.0201874 0.00251709 0.0766384 0.0344942 0.0456359 0.0676073 -0.0133061 0.00604587 -0.0111304 -0.00282162 -0.00563651 -9.6704e-05 -0.0116848 0.0197102 0.0256062 -0.0230547 -0.0190765,800,0,cuda,2.41,4.49
test,2930,samoyed_54,samoyed,dog,correct,samoyed,partition,29,0.998062,39,0.747708,0.995376,0.247667,0.140855,0.692341,0.0,,,,2.17168e-05 0.0108208 0.00897617 0.0141224 0.0122342 0.00434818 0.0261686 0.026147 0.0159888 0.0433555 0.0405755 0.063908 0.0725818 0.0393156 0.0649218 0.0915174 0.0790785 0.0590021 0.0295297 0.0489236 0.0639533 0.0202319 0.00119354 0.000617092 0.0213978 0.00575619 0.0103104 0.0458452 0.0188895 0.000876543 0.00146249 0.00416752 0.00406102 0.00828498 0.000761265 0.00491773 0.00419166 0.00154089 0.00733011,800,0,cuda,1.32,4.49
test,3531,wheaten_terrier_66,wheaten_terrier,dog,correct,wheaten_terrier,kernel,35,0.999983,37,0.486388,0.97743,0.491042,0.294974,0.905917,0.0,,,,0.00302989 -0.00552618 -0.00763095 -0.0197004 0.139844 0.0164657 -0.0283387 0.0187184 0.022107 -0.0216031 0.0524993 0.00420832 -0.0163612 -0.00522428 -0.00369108 0.0352325 0.0147948 0.0653782 -0.0099221 -0.00075915 0.00359022 -0.0191117 0.00496934 0.0210716 0.0303997 -0.0153936 0.103438 0.0190033 0.0499212 0.0203686 0.0100633 0.144835 0.188098 0.00455179 0.0751544 0.0274465 0.0571199,800,0,cuda,2.1,4.53
test,3531,wheaten_terrier_66,wheaten_terrier,dog,correct,wheaten_terrier,partition,35,0.999983,37,0.486388,0.73482,0.248432,0.392624,0.900962,0.0,,,,0.0122792 0.00269878 0.00382266 0.00387412 0.172743 0.00313794 0.00403588 0.0291394 0.0774504 0.00415413 0.0827656 0.00198282 -0.00285152 0.00147528 0.000130071 0.0463731 0.00172715 0.0725955 -0.000234559 0.00913213 0.0145549 0.0179779 0.0016484 0.0162358 0.0420233 0.00128604 0.069095 0.0300564 0.030362 0.00841556 0.00183346 0.0931991 0.0533579 0.00784042 0.0255911 0.00120544 0.0379321,800,0,cuda,1.64,4.53
test,2558,pug_79,pug,dog,correct,pug,kernel,25,0.997703,41,0.620795,0.847255,0.22646,0.101774,0.60875,0.0,,,,0.00767481 -0.00824809 0.029975 -0.00214395 0.00346069 2.48395e-05 0.0304481 -0.0136583 -0.00698698 -0.00931657 -0.00828071 0.0997409 -0.0118675 -0.0184075 0.0760189 -0.0182176 0.0561091 0.0200857 0.132163 0.0609186 0.0719544 0.00227013 0.0288545 0.0236568 0.0132315 0.125107 0.00619493 -0.00383554 0.0346154 0.0666885 0.032951 -0.000642151 0.0306563 0.0166466 0.0410311 0.0221713 -0.0166472 0.0233639 -0.0191557 0.0480351 0.020483,800,0,cuda,2.39,4.63
test,2558,pug_79,pug,dog,correct,pug,partition,25,0.997703,41,0.620795,0.997937,0.377142,0.094957,0.46265,0.0,,,,0.00217464 0.0119122 0.000808836 0.0102164 0.0172513 0.00330396 0.0091079 0.0100172 0.00396006 0.00877236 0.0188989 0.0739652 0.013184 0.0274984 0.0406225 0.00454947 0.0669222 0.0437 0.127995 0.0361514 0.0873425 0.0142258 0.00953655 0.0276262 0.0144277 0.128156 0.00754267 0.0153364 0.0086347 0.0180871 0.00345962 0.0201554 0.00743851 0.00202168 0.0343588 0.0133917 0.0102069 0.0145909 0.00307454 0.00803781 0.00845876,800,0,cuda,1.48,4.63
test,2723,Russian_Blue_36,Russian_Blue,cat,correct,Russian_Blue,kernel,27,0.995052,26,0.391342,0.868329,0.476987,0.193463,0.823402,0.0,,,,0.00824769 0.0183899 -0.0106048 0.0195549 0.0180706 0.0324642 0.034575 0.101731 -0.0242764 0.0259463 0.0172688 0.0393697 0.0542771 0.154017 0.0954213 0.0708583 0.246496 -0.00287426 0.0290853 0.00558723 -0.010741 0.0115206 0.00179897 0.0190283 0.0229663 0.00586793,800,0,cuda,2.12,4.51
test,2723,Russian_Blue_36,Russian_Blue,cat,correct,Russian_Blue,partition,27,0.995052,26,0.391342,0.709031,0.317689,0.194084,0.744577,0.0,,,,0.00971252 0.0162004 -0.00714341 0.0424872 -0.00692242 0.0362754 0.0269644 0.213517 -0.0058889 0.0505384 0.0480014 0.0663257 0.0804743 0.107483 0.162284 0.0425685 0.108915 0.00072044 -0.00320931 0.000399251 -0.000579584 -0.00153217 -0.000315945 -0.000893485 -0.0015394 -0.000797562,800,0,cuda,1.75,4.51
test,151,american_bulldog_57,american_bulldog,dog,correct,american_bulldog,kernel,1,0.966637,32,0.4658,0.831894,0.366094,0.050238,0.787166,0.0,,,,-0.0174398 -0.00605147 0.00843978 -0.0091954 0.0201026 0.0274111 -0.0256767 0.0136484 0.0115213 0.00888488 0.0639815 0.0382781 -0.00718095 0.000910499 0.0439252 -0.0130184 0.00335391 0.0312448 0.440734 -0.0138078 -0.0296446 0.0571215 0.0605822 -0.0107912 0.149025 -0.00665595 0.0265992 0.0109379 0.0013883 -0.0116989 -0.0152739 0.0577074,800,0,cuda,2.15,4.32
test,151,american_bulldog_57,american_bulldog,dog,correct,american_bulldog,partition,1,0.966637,32,0.4658,0.996373,0.530572,0.128051,0.830674,0.0,,,,-0.000337415 -8.54296e-05 0.00211196 0.0010099 0.00343514 0.00903848 -0.000589747 -0.00318649 0.00193566 0.00631607 0.0624918 0.020497 0.00247188 -0.0050145 0.0790115 0.00213702 0.0150331 0.0667596 0.325817 0.00301044 0.01599 0.0264361 0.0357695 0.0359886 0.0668407 0.00991595 0.0135452 0.0237818 0.0238179 0.0227783 0.00164816 0.0409864,800,0,cuda,1.49,4.32
test,2292,Persian_259,Persian,cat,correct,Persian,kernel,23,0.998778,29,0.0,0.0,0.0,0.150344,0.355359,0.0,,,,0.0144444 0.0210455 0.00688357 0.0827177 0.0322718 0.0561452 0.0268806 0.0663479 0.00615942 0.0180108 0.059355 0.0226233 0.00888503 0.0988764 0.0705145 0.0818081 0.0709113 -0.0160258 -0.00652743 0.128671 0.0338403 0.065976 0.0315635 0.000258819 0.0413975 -0.013913 -0.0217141 0.00258817 -0.00998066,800,0,cuda,1.82,4.09
test,2292,Persian_259,Persian,cat,correct,Persian,partition,23,0.998778,29,0.0,0.0,0.0,0.182633,0.386338,0.0,,,,0.0176259 0.0138375 0.0113559 0.0532022 0.024794 0.0331157 0.0219801 0.0689116 0.0119002 0.0406712 0.0673779 0.0165311 0.0100335 0.134178 -0.0265332 0.165666 -0.0151164 0.0203752 0.00652592 0.184379 0.0158652 0.031011 0.0563739 -0.00187153 0.00788328 0.0030669 0.00103167 0.00253882 0.00330429,800,0,cuda,1.59,4.09
test,714,Bombay_27,Bombay,cat,wrong,British_Shorthair,kernel,9,0.542462,38,0.214206,0.450785,0.236579,0.204084,0.665952,0.0,,,,-0.0330651 -0.000334796 -0.0189274 -0.0492758 -0.00118037 0.18801 0.0661352 -0.00162723 -0.0542369 0.0489687 0.0139383 -0.0577935 -0.0358153 -0.0144339 0.0195846 0.0120624 0.0270618 0.00583137 -0.0133818 0.0112096 0.0145581 0.00705666 0.164473 -0.00922552 -0.0103537 0.0269105 0.0184185 -0.00383963 0.0143968 0.0215242 -0.00184686 0.0234291 0.0113299 0.0156246 0.0551643 -0.0256674 0.0113755 -0.0171922,800,0,cuda,1.98,4.42
test,714,Bombay_27,Bombay,cat,wrong,British_Shorthair,partition,9,0.542462,38,0.214206,0.010674,-0.203532,0.312537,0.634678,0.0,,,,0.00157271 0.0171435 0.0098435 0.0304968 0.00229619 0.149995 -0.006494 0.0304803 -0.0211019 0.0208959 0.0010891 -0.00828571 -0.0232365 0.010542 0.0175569 0.00962888 0.00280641 0.000231734 0.0120427 -0.0127418 -0.0126857 0.0277288 0.00477378 0.0101155 0.00758922 0.00840387 0.0160343 0.0089735 0.00153168 0.00727409 0.0090101 0.00471142 0.00180903 0.0435695 0.0405528 0.00788213 0.00848799 -0.0116577,800,0,cuda,1.61,4.42
test,2591,Ragdoll_234,Ragdoll,cat,correct,Ragdoll,kernel,26,0.999747,32,0.265605,0.569457,0.303852,0.138483,0.784155,0.0,,,,-0.00414368 -0.00864152 0.000348908 -0.00391728 -0.00846256 -0.0085157 0.01289 0.0185411 0.148829 0.117951 -0.00379805 0.00721639 -0.0030016 0.0315123 0.0534294 0.333515 -0.0139441 0.0155628 0.172315 0.00491665 0.00473874 0.0213302 -0.0069867 0.00195058 0.000757427 0.0198993 0.00432682 0.00487154 -0.00420601 0.0160024 0.0234495 0.033418,800,0,cuda,2.18,4.5
test,2591,Ragdoll_234,Ragdoll,cat,correct,Ragdoll,partition,26,0.999747,32,0.265605,0.516639,0.251033,0.154746,0.725394,0.0,,,,-0.00377097 0.00107815 -0.00310681 -0.00293413 -0.000209316 0.0176788 0.0315675 0.0681313 0.250937 0.0746887 0.00562805 0.0279327 0.0442412 0.0064702 0.0848334 0.274061 0.00198117 0.00140204 0.0670766 0.00599776 0.00120738 0.000549974 0.00858364 6.48989e-05 0.00221136 0.0040278 0.00458986 0.00020228 0.000116571 0.00111798 0.00328325 0.00251474,800,0,cuda,1.58,4.5
test,544,Bengal_51,Bengal,cat,wrong,Egyptian_Mau,kernel,11,0.31724,28,0.204221,0.87043,0.666209,0.02594,0.494093,0.0,,,,-0.0121182 0.00215277 -0.0087123 0.00407838 -0.00105766 -0.0259843 0.0377158 -0.00717191 0.00841005 0.00702097 -0.0293495 -0.0145477 0.0138388 0.0486436 0.0454823 -0.0059745 -0.00498962 0.031821 0.0103077 0.0713261 0.0743953 -0.00239465 0.0786771 -0.0141776 -0.0274472 -0.0261195 -0.00461196 -0.00721461,800,0,cuda,2.33,4.39
test,544,Bengal_51,Bengal,cat,wrong,Egyptian_Mau,partition,11,0.31724,28,0.204221,0.793619,0.589398,0.037345,0.550702,0.0,,,,-0.00789655 -0.00384346 -0.00828818 0.010481 -0.00748708 -0.00816444 0.00313567 0.0386788 -0.00533742 -0.00487238 -0.0146459 -0.00787079 0.00604608 0.0643453 0.0273777 -0.00364105 0.000171449 0.0199819 0.0384594 0.0605117 0.0393224 -0.00229387 0.0312163 0.0133518 -0.0105814 -0.00755804 -0.0111473 -0.00745292,800,0,cuda,1.39,4.39
test,639,Birman_47,Birman,cat,correct,Birman,kernel,6,0.824031,37,0.814892,0.908138,0.093247,0.213265,0.747777,0.0,,,,0.00757071 -0.0130468 0.0278863 0.00163582 0.103589 -0.00778111 -0.0381826 -0.00753187 0.00100317 0.0987154 -0.00958073 -0.0156047 0.00846268 0.0763982 0.00165779 0.0533061 -0.00720211 0.076256 -0.0100378 0.0125021 0.0932107 0.0129953 0.0776379 0.0444777 0.0265997 0.00572825 0.00715293 0.0174944 0.0195141 -0.00864191 -0.0256888 0.0719734 0.0884298 -0.00698595 -0.00937391 -0.0159085 0.0338955,800,0,cuda,2.25,4.45
test,639,Birman_47,Birman,cat,correct,Birman,partition,6,0.824031,37,0.814892,0.921035,0.106143,0.313911,0.659869,0.0,,,,0.0170019 0.032368 0.0289636 0.00115142 0.0559384 0.0108001 0.0576172 0.0158297 -0.00648379 0.0961294 0.0313974 -0.00584444 0.0157897 0.0114893 0.0084396 -0.0253689 -0.0106535 0.100283 -0.00502384 -0.0327479 0.048635 -0.000543225 0.0271665 0.0177448 0.00128303 0.0135078 -0.00423744 0.0758606 0.00340045 0.0210113 0.0108903 0.0844174 0.0471811 0.030978 0.00963839 0.00957597 -0.00105976,800,0,cuda,1.5,4.45
test,2745,Russian_Blue_66,Russian_Blue,cat,correct,Russian_Blue,kernel,27,0.968637,33,0.422313,0.982477,0.560163,0.07921,0.72678,0.0,,,,0.00936884 0.0762806 -0.00946677 0.0114341 -0.0212107 -0.00590801 -0.00868946 0.216447 0.0797661 0.0176603 -0.00907609 0.0803589 0.0162893 0.121089 -0.00823727 0.00516589 0.0322958 0.015152 0.00987221 0.107765 0.00837059 0.0057199 0.011673 0.0444618 0.0290997 -0.000428365 0.0253514 0.0335814 0.0288783 0.00173613 0.0290715 0.00447716 -0.000719213,800,0,cuda,2.04,4.21
test,2745,Russian_Blue_66,Russian_Blue,cat,correct,Russian_Blue,partition,27,0.968637,33,0.422313,0.667592,0.245279,0.150319,0.704454,0.0,,,,0.0321789 0.0719402 0.0092564 0.0315163 -0.010196 0.00526487 -0.00126881 0.157594 0.128742 0.0516597 0.0130936 0.067305 0.00951127 0.153845 0.0254742 0.0314337 0.0353057 0.00902528 0.00135867 0.0403081 0.00619538 0.00331621 0.00240517 0.0167229 0.00311595 0.0127371 0.000911602 0.00249366 0.00412001 0.0202144 0.0070433 0.00431416 0.0106925,800,0,cuda,1.46,4.21
test,3337,Sphynx_49,Sphynx,cat,correct,Sphynx,kernel,33,0.981552,32,0.458845,0.48765,0.028805,0.135599,0.839039,0.0,,,,0.0667691 -0.0335473 0.0106964 -0.000612572 0.448621 -0.00997671 0.0287448 -0.0254997 0.064794 0.0586572 0.00377979 0.00124186 -0.00335226 -0.00811966 -0.00140181 0.0735736 0.0720605 0.0500075 0.0101114 -0.00489826 0.0733688 0.000826503 0.00976204 0.0119625 -0.00116488 -0.00968947 -0.00801879 0.0169126 0.0383419 -0.00615789 0.0087143 0.0123663,800,0,cuda,2.06,4.31
test,3337,Sphynx_49,Sphynx,cat,correct,Sphynx,partition,33,0.981552,32,0.458845,0.67449,0.215645,0.159324,0.836028,0.0,,,,0.0166346 -0.00289113 0.000985112 -0.00774987 0.227575 -0.00182389 0.00437139 0.00385024 0.0652506 0.146127 0.0158878 0.00224241 0.0171626 0.0134712 -0.00061065 0.0521189 0.0732974 0.129148 0.0162997 0.000823752 0.0505908 0.0299366 -0.000119478 0.0231598 2.23985e-05 0.0077499 0.00192584 0.00914561 0.0346251 0.00972616 6.23425e-05 0.00987657,800,0,cuda,1.52,4.31
test,3360,Sphynx_78,Sphynx,cat,correct,Sphynx,kernel,33,0.963647,34,0.269252,0.980747,0.711494,0.156014,0.893124,0.0,,,,0.00800452 0.0411204 0.0762485 0.0128698 -0.0506444 0.0220001 0.118174 -0.00397744 0.118447 0.0132327 0.0948247 0.165092 0.00790827 -0.00465617 0.00551974 0.00801129 -0.0123504 -0.00128972 0.00627505 -0.0211845 0.0260168 0.00220364 -0.0139842 0.0131188 0.0149955 -0.00203573 0.004359 0.204005 0.0328273 0.00438389 -0.0286773 0.0147701 0.0952779 -0.0399187,800,0,cuda,1.89,4.05
test,3360,Sphynx_78,Sphynx,cat,correct,Sphynx,partition,33,0.963647,34,0.269252,0.827957,0.558705,0.163824,0.935578,0.0,,,,0.0160729 0.0854017 0.0485996 0.0174764 0.00222078 -0.00331581 0.108686 0.00956906 0.140209 0.001047 0.0982973 0.194475 0.000184598 0.00131066 0.000720582 0.0827522 0.0398049 -0.0112632 0.0319407 5.30391e-07 0.0031728 -0.00639228 -0.00450747 0.00225938 0.0355667 -0.00121179 -0.000563605 0.0400386 0.00846304 -0.0071201 -0.00690345 0.00201999 0.00971714 -0.00776083,800,0,cuda,1.44,4.05
test,423,beagle_32,beagle,dog,correct,beagle,kernel,4,0.955193,30,0.599271,0.987528,0.388258,0.092506,0.907794,0.0,,,,0.0490986 -0.0176759 0.165814 0.0168569 -0.00767967 0.168243 0.0040633 -0.0434101 0.183277 0.00219528 0.0530067 0.374851 -0.0052658 -0.0144931 -0.00691839 -0.0183217 0.00569371 -0.0246002 0.0200907 0.035415 0.0412958 -0.0090424 0.00868163 -0.0311075 -0.0474629 0.000704005 -0.0267513 -0.0176924 -0.0288994 -0.0347067,800,0,cuda,2.09,4.17
test,423,beagle_32,beagle,dog,correct,beagle,partition,4,0.955193,30,0.599271,0.80564,0.206369,0.138206,0.893617,0.0,,,,0.0321893 -0.00427322 0.111315 0.0317672 -0.0900341 0.148803 0.0339468 -0.00921247 0.0783223 -0.000928033 -0.0131267 0.396926 -0.00659184 0.0013697 0.0590826 0.00170915 -0.000511026 -0.00459383 -0.00178675 -0.00884475 0.00242359 0.0170544 -0.00467545 -0.00648729 0.00348761 -0.00121485 0.00776493 -0.000823269 -0.00376839 0.0259702,800,0,cuda,1.38,4.17
test,2958,samoyed_7,samoyed,dog,correct,samoyed,kernel,29,0.999233,32,0.713489,0.989649,0.27616,0.250883,0.824232,0.0,,,,0.0113542 0.0188706 -0.00485907 -0.0249639 0.00538264 0.00123073 0.467973 0.0294853 -0.027493 0.00433068 0.0519789 0.0545973 0.0667477 0.00438891 0.0046237 0.0703842 0.0320209 0.0821351 0.0128647 -0.0082059 0.0117966 0.0307507 0.0202153 0.0292459 0.00438702 -0.00493793 0.0200907 -0.0116088 -0.0215582 0.0345917 0.0154175 -0.00274019,800,0,cuda,1.94,4.48
test,2958,samoyed_7,samoyed,dog,correct,samoyed,partition,29,0.999233,32,0.713489,0.881953,0.168465,0.279098,0.878784,0.0,,,,-0.000131124 0.0624582 -0.0028554 0.00116493 0.000560332 0.0335184 0.43211 0.018731 0.0126456 0.0273664 0.0819295 0.116871 0.0470862 0.0113539 0.0114842 0.00599848 0.00157465 0.0163365 0.00105329 0.0105066 0.00956068 0.0044283 0.0022828 0.00426782 0.00635224 0.00440846 0.0239048 0.00508434 0.00952136 0.010519 0.00318869 0.00521486,800,0,cuda,1.83,4.48
test,3219,Siamese_39,Siamese,cat,correct,Siamese,kernel,32,0.734904,36,0.537109,0.911646,0.374536,0.102449,0.586675,0.0,,,,0.01871 0.0259875 0.00240472 -0.0128212 -0.0172592 0.0285148 0.00113453 -0.0473219 0.020978 0.000177831 0.0157744 -0.0814266 0.00923312 0.0460816 0.00025393 0.069754 0.061182 0.0458148 0.0177806 0.0794195 0.19751 0.00270408 0.0202098 0.0366849 0.0100213 0.0540225 0.00675217 0.0277682 0.00285463 0.0322042 -0.0101537 0.0235599 0.0291005 0.00985642 -0.000546946 -0.00678515,800,0,cuda,1.98,4.21
test,3219,Siamese_39,Siamese,cat,correct,Siamese,partition,32,0.734904,36,0.537109,0.716671,0.179561,0.102929,0.32992,0.0,,,,0.00125532 0.00467586 0.00240204 -0.00617731 0.00140125 -0.00237569 0.0103551 -0.0139158 -0.0230093 0.00870622 -0.0101272 -0.0354989 0.00531163 -0.00221875 0.00354958 0.0230941 0.0346544 0.0174531 0.0222663 0.079189 0.324975 0.0119513 0.0253301 0.0249815 0.0109365 0.0538134 0.0148668 0.00906504 0.00541515 0.0261218 0.00784806 0.0147261 0.0341911 0.00865518 0.0220021 0.00426469,800,0,cuda,1.46,4.21
test,659,Birman_65,Birman,cat,correct,Birman,kernel,6,0.927001,33,0.445791,0.988055,0.542264,0.126819,0.846712,0.0,,,,-0.00658146 0.00506611 0.0148711 -0.000387874 0.013565 -0.00224082 -0.046059 0.0110143 -0.0335878 -0.0476527 -0.0144308 0.0117984 -0.0728861 -0.0153682 0.172951 0.129496 0.00215162 -0.0171535 0.130315 0.14766 2.63521e-05 -0.0168992 0.0444784 0.0358642 0.0270143 0.0070258 -0.00124052 0.0978088 0.0475548 0.0130717 0.0630429 0.1499 0.0453089,800,0,cuda,2.17,4.38
test,659,Birman_65,Birman,cat,correct,Birman,partition,6,0.927001,33,0.445791,0.790688,0.344897,0.253163,0.769046,0.0,,,,0.00153921 0.00183414 -0.000785242 0.00213158 0.0473696 0.00104399 0.0118862 -0.000441816 0.0043384 0.0127089 0.00892351 0.00248286 0.00710682 -0.00482993 0.110998 0.0328161 0.00069973 0.0231682 0.0493825 0.141304 0.0864036 -0.00804636 0.00774221 0.0512529 0.0302363 0.0174546 0.0236582 0.063362 0.0158001 0.00447267 0.0268104 0.113314 0.00935983,800,0,cuda,1.44,4.38
test,797,boxer_200,boxer,dog,wrong,american_bulldog,kernel,1,0.996638,38,0.37771,0.909609,0.531899,0.188563,0.836462,0.0,,,,-0.0167006 -0.0143967 -0.0287897 0.0121202 -0.0112224 -0.00156087 0.00354389 0.0100545 0.0135916 -0.00333181 0.0246265 0.0394527 0.0535473 0.0398776 0.333699 0.00492261 0.0687313 0.113893 -0.00456868 0.0257512 0.170106 0.0101019 0.0619913 -0.00911507 -0.0121652 0.0103884 0.0635759 0.0299929 -0.00238411 -0.0186187 -0.00116364 -0.000913387 -0.0267972 0.0113582 -0.0225703 0.00682088 -0.0180077 0.0235225,800,0,cuda,2.05,4.29
test,797,boxer_200,boxer,dog,wrong,american_bulldog,partition,1,0.996638,38,0.37771,0.976317,0.598607,0.231187,0.857385,0.0,,,,-0.000348664 0.00719944 -0.00306925 0.0213102 0.0109386 0.00559835 0.0140235 0.0286377 0.0222856 -0.000906059 -0.000715073 0.0319729 0.0538519 0.0528218 0.262264 0.00978439 0.0804051 0.103538 0.0252336 0.0330933 0.0917365 0.0156104 0.0476839 0.00447875 0.00873317 -0.0026452 0.0114341 0.0189538 -0.0024364 -0.0106667 0.00114273 0.00242198 -0.000369889 0.00193258 -0.00698666 0.000411056 -0.00075992 0.000769594,800,0,cuda,1.45,4.29
test,3636,yorkshire_terrier_70,yorkshire_terrier,dog,correct,yorkshire_terrier,kernel,36,0.991471,41,0.820053,0.755828,-0.064226,0.160417,0.596572,0.0,,,,0.00381045 0.0336021 0.0178395 0.00837989 0.0943711 0.0112771 0.0275196 0.0458933 0.04679 0.00814262 -0.0230523 0.0250686 0.0680965 0.015259 0.102209 0.039694 0.0724582 0.0394874 0.0208897 0.0210705 0.0660221 0.033503 0.0501998 0.00289083 0.00693983 0.0410938 0.044776 -0.0173222 0.00578499 0.0282746 -0.0207099 -0.00118786 0.0485303 0.0120053 0.0133412 0.000395653 -0.0358053 0.00645236 -0.0376658 0.0219135 0.0130608,800,0,cuda,2.11,4.44
test,3636,yorkshire_terrier_70,yorkshire_terrier,dog,correct,yorkshire_terrier,partition,36,0.991471,41,0.820053,0.799176,-0.020878,0.155606,0.443531,0.0,,,,0.00837361 0.0263836 0.0132165 0.0338161 0.0903771 0.052736 0.0168523 0.0284848 0.0518074 0.0227632 0.021036 0.0259084 0.0375991 0.0360198 0.0893807 0.039268 0.0109587 0.00731648 0.044652 0.043353 0.00608413 0.0161042 0.0247814 0.00463805 0.00865204 0.0714158 0.0145462 0.00745925 0.00618739 0.0741275 -0.00526295 0.00256694 0.0231828 0.00349551 -0.000546122 -0.00106604 2.78602e-05 0.0146835 -0.00576945 -0.00212371 -0.00218845,800,0,cuda,1.5,4.44
test,3249,Siamese_70,Siamese,cat,correct,Siamese,kernel,32,0.999674,25,0.464963,0.665562,0.200599,0.168835,0.888578,0.0,,,,0.0387264 0.0726137 0.0282865 0.0353957 0.0108671 0.363635 0.00235278 0.00372649 0.00515558 0.0558745 0.0131914 0.0111807 0.202131 0.0157424 0.0254268 0.0289588 0.0121346 -0.0137784 0.0111431 -0.0271345 -0.00854045 0.0245826 0.06146 0.00785628 0.00391674,800,0,cuda,2.14,4.27
test,3249,Siamese_70,Siamese,cat,correct,Siamese,partition,32,0.999674,25,0.464963,0.63152,0.166557,0.148534,0.884819,0.0,,,,0.00951919 0.0619991 0.02012 0.0588305 -0.00831343 0.270629 -0.00692315 -0.00523214 -0.00139442 0.0167667 0.00561747 0.0248336 0.157309 0.0747793 0.00635191 0.00865243 0.040102 0.0708415 0.0212905 0.00240857 0.0106068 0.0281385 0.0401599 0.0519816 0.0258307,800,0,cuda,1.45,4.27
test,2008,Maine_Coon_270,Maine_Coon,cat,correct,Maine_Coon,kernel,20,0.650684,42,0.488182,0.812071,0.323889,0.045952,0.687407,0.0,,,,-0.00604096 0.00589649 -0.0137126 0.0097761 -0.00932784 -0.00538809 -0.0256877 -0.0125949 -0.0172253 -0.0151814 0.0106272 -0.0107224 -0.00325196 0.0140334 -0.0162415 -0.000767708 0.028079 0.00291881 0.0268476 -0.0106803 0.00277591 -0.00677552 -0.00578159 0.035977 0.0398014 0.160436 0.0201695 0.00435406 0.0301214 0.0593785 0.0214734 0.15534 0.0377454 0.00626907 -0.0205079 0.0890567 0.0381152 0.00422373 0.00936244 0.00441868 -0.00270041 -0.00915543,800,0,cuda,1.96,4.28
test,2008,Maine_Coon_270,Maine_Coon,cat,correct,Maine_Coon,partition,20,0.650684,42,0.488182,0.995358,0.507177,0.054911,0.650601,0.0,,,,-0.00478107 -0.0161431 -0.0138579 -0.00598848 -0.0144798 -0.0255711 -0.0117884 -0.0144667 -0.0080472 -0.00346907 -0.0100046 -0.0039442 -0.005859 -0.00157436 0.00098481 0.000604818 0.00249952 0.00482583 0.0107331 0.00521164 0.00647869 0.00751227 0.00441453 0.0276364 0.0409818 0.0702448 -0.00297993 0.0067222 0.0468405 0.0476351 0.0127354 0.116091 0.0314173 0.00608335 0.0164864 0.108403 0.0894405 0.0476595 0.0180093 0.00890471 0.00864586 0.0212065,800,0,cuda,1.5,4.28
test,99,american_bulldog_205,american_bulldog,dog,correct,american_bulldog,kernel,1,0.948779,38,0.411272,0.985002,0.573729,0.174956,0.860763,0.0,,,,-0.00708912 0.0464839 -0.0217206 -0.00635506 -0.0140221 -0.0400569 0.106135 -0.00624982 -0.000509267 0.265475 -0.0120911 0.0104786 0.0472127 0.0741186 0.0800487 0.0187929 0.022777 0.0889876 0.0673254 0.00322233 0.0352108 0.183827 -0.00736155 0.0197504 -0.00365877 -0.0429961 -0.0244784 0.0215158 -0.0177179 -0.0168195 0.00634102 -0.00193374 -0.00314261 0.0187879 0.0172297 0.00622833 0.00242119 -0.0246635,800,0,cuda,1.96,4.32
test,99,american_bulldog_205,american_bulldog,dog,correct,american_bulldog,partition,1,0.948779,38,0.411272,0.983869,0.572597,0.188532,0.900612,0.0,,,,0.00727172 0.0257186 0.0035193 0.0102213 0.000539558 0.061822 0.0734021 0.0480913 0.00157701 0.265113 0.0012641 0.0166055 0.0085063 0.0929848 0.109097 0.00538708 0.0233017 0.0359348 0.0748365 0.0151789 0.000603073 0.088744 0.0145855 0.000112815 0.000148988 -0.0069897 -0.000860871 0.0175623 0.0237771 -0.0027618 -0.00745993 -0.00752445 -0.005511 -0.00967979 -0.0207243 -0.0057764 -0.0113493 -0.055764,800,0,cuda,1.49,4.32
test,2898,samoyed_25,samoyed,dog,correct,samoyed,kernel,29,0.586466,24,0.327129,0.749553,0.422424,0.046527,0.767711,0.0,,,,-0.0936502 -0.0486116 -0.0386105 -0.0247318 -0.0139431 0.0325993 -0.00789339 0.00924898 0.0240872 0.289025 0.0671423 0.00247995 -0.0158273 -0.000272801 0.169043 0.0559522 0.155342 0.00406257 0.0160877 0.0223885 -0.0355294 -0.00890735 0.0144112 -0.00816286,800,0,cuda,1.96,4.16
test,2898,samoyed_25,samoyed,dog,correct,samoyed,partition,29,0.586466,24,0.327129,0.749553,0.422424,0.050831,0.795177,0.0,,,,-0.0921779 -0.0130527 -0.00839318 -0.011372 -0.0103286 -0.0198353 0.0313675 -0.00147726 -0.0376227 0.267708 0.104738 -0.00592881 -0.00397247 0.0166078 0.159198 0.0381073 0.106657 2.21587e-05 0.013501 0.0113539 0.0115564 0.00571444 0.00196563 0.00139366,800,0,cuda,1.49,4.16
test,2496,pug_22,pug,dog,correct,pug,kernel,25,0.560331,45,0.724868,0.934898,0.210029,0.014152,0.297693,0.0,,,,0.0292601 -0.0254586 0.00485325 0.00569919 -0.0169149 0.0533309 0.0300817 -0.000148186 -0.00497654 -0.00667949 -0.0140197 -0.0122748 -0.0261935 0.0261274 0.0167734 0.0348611 -0.0418963 0.0241375 0.0248529 0.060828 -0.00441343 0.0688513 0.0551363 -0.00377198 0.00390573 0.00338478 0.00976414 0.0296991 0.0355024 0.0173954 0.0146391 0.0213357 0.00123776 0.0367716 -0.000837421 0.0590055 -0.0120623 0.00702263 -0.0206428 0.0226006 -0.015745 0.0011645 0.0459806 0.0145886 -0.00300595,800,0,cuda,2.01,4.38
test,2496,pug_22,pug,dog,correct,pug,partition,25,0.560331,45,0.724868,0.958268,0.2334,0.044075,0.353417,0.0,,,,0.00643621 -0.0035416 0.00376863 0.00521176 -0.0348951 0.055486 0.0128123 0.00143997 0.00414561 -0.00185833 0.00324194 -0.00308064 0.013153 0.024411 0.00175079 0.025307 -0.00856257 0.0117027 0.0479557 0.00944676 0.00274086 0.0427249 0.059203 0.00303075 0.000232369 0.0038987 0.10114 0.0149159 0.0433736 0.000536219 0.000303442 0.0116677 0.0132966 0.0120608 0.00969296 0.00997566 -0.00709942 0.00709762 -0.00406706 0.0134321 0.00568516 0.00870709 0.0341694 -0.000664227 -0.0106343,800,0,cuda,1.46,4.38
test,3503,wheaten_terrier_40,wheaten_terrier,dog,correct,wheaten_terrier,kernel,35,0.990914,32,0.746532,0.959085,0.212553,0.251765,0.710524,0.0,,,,0.0117726 -0.0107057 -0.022099 -0.00729273 -0.0130157 0.0120976 0.0119786 0.00939135 0.01196 0.0445176 0.0175733 0.0175282 -0.0146258 0.0266891 0.0366225 0.035215 0.202288 0.123485 0.0198223 0.17171 0.0750375 -0.0124251 0.0602626 0.0277667 0.0333749 0.0326939 0.00721899 0.0682903 -0.00846148 0.0155635 -0.0110034 -0.00325284,800,0,cuda,2.05,4.49
test,3503,wheaten_terrier_40,wheaten_terrier,dog,correct,wheaten_terrier,partition,35,0.990914,32,0.746532,0.940801,0.194269,0.296736,0.661517,0.0,,,,0.00957424 0.000994426 -0.000846882 0.00617917 0.00302736 -0.00432277 -0.00286493 0.00686294 0.0148861 0.00894147 0.00608981 0.00912117 0.0131453 0.00618689 0.0074716 0.00535233 0.063929 0.0316527 0.0252821 0.109096 0.0932056 0.028125 0.076835 0.0847105 0.0574621 0.0212795 0.0108838 0.245978 0.00393011 0.0200493 0.00475316 0.00300734,800,0,cuda,1.64,4.49
test,1871,keeshond_91,keeshond,dog,correct,keeshond,kernel,18,0.992827,36,0.297453,0.900152,0.602699,0.125614,0.829592,0.0,,,,0.00261694 0.0112023 0.0412739 0.00604157 -0.00314409 0.0118896 0.00933647 0.0113798 -0.00075447 0.133942 0.0164114 0.16426 0.0122193 -0.0170643 0.130386 0.0135448 0.0384359 -0.0037453 0.0131906 0.109942 0.00704152 0.0936846 -0.00754263 0.0301559 -0.00507018 0.0215846 0.015365 0.0599775 0.00168069 0.00275869 0.0294411 0.0168521 0.000920856 0.00826267 0.000234745 0.00425168,800,0,cuda,1.99,4.25
test,1871,keeshond_91,keeshond,dog,correct,keeshond,partition,18,0.992827,36,0.297453,0.880698,0.583245,0.12348,0.803122,0.0,,,,-0.000560107 0.00845625 0.0131607 0.00145554 0.00513635 0.0121168 0.00225833 0.00358533 0.0114639 0.104739 0.00199212 0.199819 0.0328648 0.0200337 0.183131 0.0228299 0.0668934 0.00535699 0.00364059 0.122747 -0.00418989 0.0417051 0.0221465 2.0079e-05 0.00874554 0.0042662 0.00961007 0.0234696 0.00239755 0.00494082 0.0379965 0.000326315 0.00172197 0.000525603 0.000288906 0.00587204,800,0,cuda,1.49,4.25
test,2046,Maine_Coon_63,Maine_Coon,cat,correct,Maine_Coon,kernel,20,0.997056,37,0.789102,0.994722,0.20562,0.143685,0.773306,0.0,,,,0.00252237 -0.035999 -0.0149217 -0.0278902 0.0271523 0.0432654 -0.00900359 -0.00108774 0.0152748 0.0130177 0.00944306 -0.00794721 0.0538048 0.0462551 -0.0243896 3.7011e-05 0.0394989 0.043537 0.0206798 0.164856 0.0194493 0.0412849 0.370075 0.000994787 0.0099433 0.0182491 0.0149585 0.00810636 0.0320436 -0.0175501 -0.00334478 0.0271125 0.0612171 0.0262631 -0.00377001 -0.0123661 0.0210535,800,0,cuda,2.06,4.6
test,2046,Maine_Coon_63,Maine_Coon,cat,correct,Maine_Coon,partition,20,0.997056,37,0.789102,0.933595,0.144493,0.161703,0.700735,0.0,,,,-0.0117487 -0.00505562 -0.024625 -0.0107938 -0.00978372 -0.00592255 0.0152503 -0.00964242 0.0150523 0.0273682 0.0437198 0.0119649 0.0886161 0.035624 -0.0268224 0.0287982 0.0286673 0.0573227 0.0253471 0.135611 0.0149057 -0.00165217 0.176177 0.0215724 -0.00759649 -0.00353986 0.0793825 0.041598 0.0897975 0.00363449 0.02187 0.0353631 0.0415696 0.0347589 -0.00132403 -3.66179e-05 0.0163984,800,0,cuda,1.7,4.6
test,755,Bombay_6,Bombay,cat,wrong,Russian_Blue,kernel,27,0.58663,38,0.266263,0.572545,0.306282,0.108208,0.76529,0.0,,,,7.14484e-05 -0.0285391 0.152287 0.0189397 -0.00918999 0.04151 -0.0425534 0.0054696 0.0021539 -0.0349684 -0.00405981 -0.0220216 0.103726 -0.0184402 0.0125185 0.0524855 0.0102808 -0.00256042 -0.0340567 0.025143 0.00247345 0.336361 -0.052952 -0.0180941 0.0418441 -0.0113337 -0.00112493 0.0355281 0.0110284 0.00733609 -0.0218091 0.0364387 -0.0287919 0.00395122 -0.0346672 -0.00788229 -0.00213454 0.0512569,800,0,cuda,2.0,4.36
test,755,Bombay_6,Bombay,cat,wrong,Russian_Blue,partition,27,0.58663,38,0.266263,0.538067,0.271804,0.048048,0.730242,0.0,,,,-0.00733133 -0.0041978 0.0681036 -0.0258911 0.00136809 0.0218255 -0.0100445 -0.000488606 -0.000373949 0.000153708 0.0311104 0.0258999 0.120343 0.00137318 0.00347381 0.02067 -0.00121272 0.00220407 0.0589018 -0.00749912 0.00090105 0.182396 0.0172353 0.00784945 0.0395448 0.0132297 0.0271688 0.00945926 0.00262912 -0.00152951 0.00152726 0.00924821 -0.0228774 -0.003909 -0.0154139 0.00714581 0.00252271 0.000108109,800,0,cuda,1.55,4.36
test,976,British_Shorthair_92,British_Shorthair,cat,wrong,Russian_Blue,kernel,27,0.988143,37,0.615653,0.984888,0.369235,0.083103,0.56748,0.0,,,,-0.00489843 0.00603984 0.0383461 0.0114703 0.0769973 0.0166323 -0.01026 -0.0227397 0.000978158 0.0320809 0.014194 0.00732435 0.00481169 0.0323508 0.167502 0.114336 0.188531 0.0225558 -0.00359774 0.0152151 0.0713678 -0.00148895 0.0103253 0.0312879 0.00939987 -0.00329137 -0.00537058 0.091999 0.0175704 -0.0107296 0.00587763 0.00294197 0.0345586 -0.00444368 -0.00723937 0.022343 0.00415862,800,0,cuda,1.88,4.25
test,976,British_Shorthair_92,British_Shorthair,cat,wrong,Russian_Blue,partition,27,0.988143,37,0.615653,0.561687,-0.053966,0.141785,0.598469,0.0,,,,0.0218834 0.0617527 0.0297365 0.037196 0.120548 0.0341133 0.00581428 0.0138464 0.0536482 0.076197 0.0585497 0.0342917 0.00399705 0.0232152 0.094426 0.0826705 0.0708217 0.00724458 0.0206893 -0.00883147 0.0249051 0.0051766 0.0102158 0.00604865 0.00303826 0.00452969 0.000991248 0.0185023 0.0258958 0.00816248 0.00302625 0.000782869 0.00964246 -0.00264313 0.00228603 0.00781802 0.00694798,800,0,cuda,1.56,4.25
test,2163,miniature_pinscher_84,miniature_pinscher,dog,correct,miniature_pinscher,kernel,21,0.535276,44,0.363102,0.970446,0.607344,0.015381,0.746308,0.0,,,,-0.0194409 -0.0389057 -0.00993461 0.00827976 -0.00795554 -0.0446384 0.00752971 0.180122 0.0644631 0.00560483 0.00631465 0.0434516 -0.0206858 0.0157582 -0.0949759 0.00473757 0.000238445 0.125812 0.0963306 -0.0399144 0.0702073 -0.0179005 -0.100742 -0.0281549 -0.00118328 0.00121924 -0.0438263 0.0146453 0.021433 -0.026567 0.0382992 -0.00979808 0.0455114 0.00740976 0.0211896 0.0132217 0.0263042 0.0690022 0.0136847 -0.0212531 0.0523202 0.0558658 0.0280484 0.00759735,800,0,cuda,2.01,4.51
test,2163,miniature_pinscher_84,miniature_pinscher,dog,correct,miniature_pinscher,partition,21,0.535276,44,0.363102,0.605229,0.242127,0.016994,0.457791,0.0,,,,0.0074706 0.0335488 0.00655375 0.0176776 0.00612637 0.00319779 0.00234398 0.085498 0.0334601 0.0134503 0.0233536 0.03824 0.00289273 0.0164709 0.0146552 0.0291168 0.00315141 0.0452277 0.0394779 -0.00332446 0.00805418 0.0159791 -0.0858601 -0.0511063 0.0113156 -0.00775576 -0.0297432 0.0175322 0.00728616 -0.0138463 0.00141265 0.00516989 0.0174124 0.00880481 0.00806445 0.00340486 0.0189842 0.0293533 0.00385336 0.00887669 0.0365795 0.0782525 0.00646325 0.00164928,800,0,cuda,1.58,4.51
test,1940,leonberger_63,leonberger,dog,correct,leonberger,kernel,19,0.997692,37,0.858259,0.955245,0.096986,0.181747,0.586028,0.0,,,,0.0468573 0.0101736 0.147965 0.0664788 0.0427949 0.0674033 0.0512913 -0.00015148 0.0362613 0.0176528 0.0258551 0.0161478 0.037693 0.0243782 0.0344077 0.0525389 0.0112425 0.0184532 0.0490564 0.00709523 0.0495589 -0.00667265 0.022821 -0.00966273 0.0116205 0.0106078 0.0543533 0.00630061 0.00377863 0.0122082 0.0168932 -0.00441149 0.0166054 0.0100094 0.017422 0.041812 -0.0225827,800,0,cuda,1.89,4.16
test,1940,leonberger_63,leonberger,dog,correct,leonberger,partition,19,0.997692,37,0.858259,0.993758,0.135499,0.176108,0.618989,0.0,,,,0.0283021 0.00399251 0.157115 0.0923761 0.082024 0.0591301 0.108134 0.0566198 0.0690049 0.0467027 0.00357723 0.0308418 0.0827695 0.00224188 0.0558007 0.0392944 -0.00240269 0.00988484 0.0319313 0.00344253 0.0179537 0.000568666 0.00134266 0.000191787 0.000628699 0.00218847 0.00148862 0.000371475 0.000535285 0.000432012 0.000514874 0.000352539 0.00127989 0.0016191 0.00150052 0.00162099 0.000884518,800,0,cuda,1.49,4.16
test,2825,saint_bernard_4,saint_bernard,dog,correct,saint_bernard,kernel,28,0.999924,31,0.66763,0.998632,0.331002,0.249019,0.611212,0.0,,,,0.0370028 0.0064483 -0.0269544 0.0464677 -0.0188838 0.0243256 0.0185667 0.157271 0.0492322 0.0666292 0.0251486 -0.00842241 0.0316997 -0.0125292 0.00282727 -0.00540907 0.0290277 0.0550068 0.124948 -0.014881 0.032318 0.028818 0.0152324 0.0442817 0.028158 0.0676894 0.117423 0.0228286 0.0298956 0.0121433 0.00464541,800,0,cuda,2.07,4.44
test,2825,saint_bernard_4,saint_bernard,dog,correct,saint_bernard,partition,28,0.999924,31,0.66763,0.74634,0.07871,0.33407,0.57912,0.0,,,,0.0072816 0.00605599 0.000873973 0.00449224 0.00211444 0.0179984 0.00417445 0.18516 0.00659778 0.0384592 0.00661177 0.0314735 0.0385541 0.016306 0.0322753 0.0570707 0.0185197 0.0740385 0.144083 0.0151704 0.0154655 0.05804 0.0132686 0.0181671 0.0274761 0.0104139 0.116641 0.00506888 0.00820543 0.00513152 0.00576701,800,0,cuda,1.58,4.44
test,2120,miniature_pinscher_45,miniature_pinscher,dog,wrong,chihuahua,kernel,10,0.995452,32,0.252013,0.978402,0.726389,0.019672,0.670627,0.0,,,,-0.00990538 -0.0200909 0.0324627 0.0239669 0.00563618 -0.00780615 0.0189226 0.0140658 -0.00249847 0.0149832 0.00198442 0.0440474 -0.0239729 0.0473121 0.0160887 -0.0255793 0.0329856 0.111051 0.0894725 0.0648404 -0.0156048 0.00967653 -0.0417742 0.253914 0.0344352 0.00486264 0.007668 0.174955 0.0219895 0.00839146 0.0870332 0.0137667,800,0,cuda,2.0,4.3
test,2120,miniature_pinscher_45,miniature_pinscher,dog,wrong,chihuahua,partition,10,0.995452,32,0.252013,0.976187,0.724174,0.020967,0.784775,0.0,,,,-0.000175997 -0.000162691 -0.000168062 -0.000271584 -0.000559907 -0.000333269 -0.00107168 0.000915164 -0.000837667 0.0049331 0.00338056 0.00737679 0.0109233 0.0868329 0.0105408 0.00923616 0.0304339 0.0378958 0.0623718 0.051487 0.0506323 0.000769858 0.00086985 0.217358 0.00727991 0.0407189 0.02049 0.202448 0.00112284 0.00976037 0.094875 0.0282083,800,0,cuda,1.54,4.3
test,2893,samoyed_20,samoyed,dog,correct,samoyed,kernel,29,0.999704,32,0.599709,0.990862,0.391153,0.195626,0.792613,0.0,,,,0.00629741 0.0076253 0.000644085 0.00550799 0.000929623 0.0910878 0.0417584 -0.00520939 0.117677 0.022833 -0.0276372 0.0390097 0.128692 0.0312209 -0.0165266 0.0413881 0.00612817 0.188897 0.0571186 0.149744 0.00555193 0.0188788 0.0244687 -0.00300612 0.0109371 0.00182378 0.0149707 -0.0226682 -0.0267898 0.0172818 0.0445788 0.00575595,800,0,cuda,1.97,4.3
test,2893,samoyed_20,samoyed,dog,correct,samoyed,partition,29,0.999704,32,0.599709,0.990862,0.391153,0.197758,0.773991,0.0,,,,0.0128864 -0.000270084 -0.0011631 0.000667029 0.00167559 0.0795706 0.00941388 0.00287852 0.0882021 0.00471839 0.0543764 0.0491967 0.10685 0.0114682 0.00516844 0.0169041 0.00430568 0.237753 0.0450695 0.112998 0.00286122 0.0363754 0.00557281 -0.000741697 -0.000771199 -0.00116867 0.0176118 -0.0010717 0.00155498 -0.00108093 0.0598978 0.0172588,800,0,cuda,1.59,4.3
test,537,Bengal_45,Bengal,cat,correct,Bengal,kernel,5,0.910235,46,0.611627,0.813671,0.202044,0.106638,0.452508,0.0,,,,0.0196857 0.107766 0.0465857 0.0203712 0.0369876 0.0476551 0.0145671 0.00249963 0.00221458 0.0382748 0.0440961 0.029233 0.0165372 0.0200225 -0.00599734 0.022907 0.0511675 0.0360115 0.00165308 0.100919 0.0100102 0.0249142 0.0101708 -0.00241544 0.077191 0.0147307 0.086067 0.0140752 -0.00506806 -0.00952812 0.00397091 -0.00676941 0.00967129 0.00804325 0.005158 -0.0086958 -0.0281184 0.000218171 -0.0100542 -0.0228434 0.0263272 0.0135078 0.0250553 -0.0144808 -0.00452827 0.00878972,800,0,cuda,1.99,4.59
test,537,Bengal_45,Bengal,cat,correct,Bengal,partition,5,0.910235,46,0.611627,0.723687,0.11206,0.143296,0.551699,0.0,,,,0.0489228 0.176081 0.0329048 0.0242525 0.119613 0.021231 0.00576236 0.0112418 0.01164 0.0214791 0.0232719 0.010415 0.0540472 0.00900809 0.000803484 0.000857453 0.00163554 0.0583641 0.00975454 0.159004 0.00346965 0.000221114 0.00138344 0.0296973 -0.00087842 0.00819936 0.0504249 0.00579442 -0.000108653 -0.000761457 -0.0015149 -0.000506002 -0.00102345 0.00139191 0.00169332 -0.00123887 -0.00513411 -0.000960098 -0.000145994 -0.00294415 -0.000744331 -0.00011363 -0.00474388 -0.00101195 -0.00206559 -0.00011387,800,0,cuda,1.67,4.59
test,1701,japanese_chin_27,japanese_chin,dog,correct,japanese_chin,kernel,17,0.999755,44,0.538225,0.989821,0.451595,0.192877,0.881542,0.0,,,,-0.0227367 -0.0190786 -0.0170468 -0.00552393 0.00410782 -0.0193426 0.0136005 0.00615417 -0.0135972 -0.00157388 0.0127702 0.00843929 0.0487043 0.0278211 0.256451 0.0351629 -0.0561503 -0.0190532 0.0937867 0.0773187 -0.0181055 -0.0288717 0.0765046 -0.00526077 0.0344218 0.0695693 0.068609 -0.0282564 0.0218352 0.0912261 0.0109305 0.051365 0.0333307 0.0656279 0.0608399 0.018823 0.000154571 0.0307124 -0.0148314 -0.0282342 0.000108918 0.0125194 0.00968041 0.033548,800,0,cuda,2.0,4.71
test,1701,japanese_chin_27,japanese_chin,dog,correct,japanese_chin,partition,17,0.999755,44,0.538225,0.999351,0.461126,0.121823,0.864082,0.0,,,,0.00132111 0.000823209 -0.00245886 0.000675125 -0.00325004 -0.0028595 0.0047491 0.00538114 -0.00160782 -0.000613642 -0.00588621 0.00463119 0.00492406 0.0438004 0.151486 0.00883283 -0.00158124 0.036611 0.102858 0.0741492 -0.00114233 -0.000655802 0.126513 0.00117681 0.0319031 0.13926 0.103499 0.00365595 0.00236098 0.0487576 0.00442334 0.0439661 5.03969e-05 0.00957518 0.0305371 0.00399703 -6.13752e-05 0.021673 -0.00468713 -0.00479586 -0.00137093 -0.00397381 -0.000151566 -3.55976e-05,800,0,cuda,1.75,4.71
test,2897,samoyed_24,samoyed,dog,correct,samoyed,kernel,29,0.955972,33,0.390605,0.940956,0.550351,0.063429,0.849805,0.0,,,,0.0110578 0.015267 -0.0044097 0.0165102 0.00189582 0.0152277 -0.0175286 -0.0133924 -0.000702642 0.0151791 0.360886 0.0394614 -0.0119703 0.0999474 0.26213 0.0246795 -0.0038603 0.046835 0.0016017 0.0334907 0.00121102 -0.00563279 0.0206948 -0.00469713 0.0151509 -9.72728e-05 0.0125664 0.00530765 0.00466415 -0.00703305 0.00634202 0.00384254 -0.00938766,800,0,cuda,1.8,4.21
test,2897,samoyed_24,samoyed,dog,correct,samoyed,partition,29,0.955972,33,0.390605,0.721913,0.331308,0.111971,0.770238,0.0,,,,-0.000183286 -9.07434e-05 0.0221139 -0.00176292 0.0119196 -0.00834765 0.00534846 -0.000863509 0.000466173 0.0286994 0.50399 0.00320793 -0.000554715 0.00112222 0.180555 0.0437996 -0.000381899 0.0248112 -0.000368404 0.126923 -0.00018894 -0.00577343 -0.0052254 -2.15212e-06 0.000441828 0.000218033 0.000946964 0.000473098 0.000265316 0.000739441 0.0012277 0.000200267 0.00151133,800,0,cuda,1.57,4.21
test,2222,newfoundland_47,newfoundland,dog,correct,newfoundland,kernel,22,0.999933,42,0.509327,0.906138,0.39681,0.263288,0.716603,0.0,,,,0.0255178 -0.0167571 -0.00793023 -0.00952759 0.0191239 0.108222 0.04414 0.0502893 -0.00754837 0.0554064 -0.0110252 -0.00349948 -0.0367499 -0.00405556 0.0983288 0.151642 0.0115707 0.093982 0.0593979 -0.0537452 0.00880903 0.0267327 0.0373937 -0.0220912 0.0048837 0.0621448 0.0177416 0.0166672 0.0675419 0.0385235 0.0356451 -0.0286965 -0.00254549 0.0418815 -0.0211161 0.0426437 0.0355885 0.0127688 0.0230011 0.0266876 0.0171761 -0.0140099,800,0,cuda,1.83,4.45
test,2222,newfoundland_47,newfoundland,dog,correct,newfoundland,partition,22,0.999933,42,0.509327,0.930953,0.421626,0.358507,0.675133,0.0,,,,0.00273886 0.010142 0.000623447 0.00539396 0.0102399 0.0204617 0.0235702 0.0039833 0.0166112 0.00795988 0.00331198 0.00636231 0.00663914 0.0184422 0.128707 0.0512611 0.0123362 0.0893825 0.00217746 0.00559573 0.00847538 0.0697478 0.0265463 0.00255038 0.0122068 0.0197488 0.0261461 0.0029892 0.0334163 0.0295671 0.000546732 0.0141701 0.0280452 0.0632708 0.0914926 0.0185964 0.0108837 0.01037 0.0369654 0.0379046 0.00623394 0.01834,800,0,cuda,1.79,4.45
test,2135,miniature_pinscher_59,miniature_pinscher,dog,wrong,chihuahua,kernel,10,0.624682,37,0.478257,0.981778,0.503522,0.015398,0.506415,0.0,,,,0.0175418 0.00232383 -0.00210586 -0.0026294 0.0776414 -0.0334251 0.0206297 0.0174289 -0.00795954 -0.0196843 0.0586194 0.0318215 0.0847375 0.0403645 -0.0053778 0.0378243 0.0769513 -0.0312542 0.120686 -0.0162848 0.100629 0.0103844 0.0134122 0.0446052 -0.00885713 0.0402211 0.01349 0.00613991 0.0093798 0.000315289 -0.00326244 0.00468581 -0.0267148 -0.00274526 -0.0114187 -0.0381006 -0.00350256,800,0,cuda,1.79,4.21
test,2135,miniature_pinscher_59,miniature_pinscher,dog,wrong,chihuahua,partition,10,0.624682,37,0.478257,0.98196,0.503704,0.0314,0.379296,0.0,,,,0.00398791 -0.00528961 0.00559435 0.0235369 0.0136394 0.0126542 0.00202205 0.0035653 -0.00658243 0.00365388 0.065326 0.010959 0.0752334 0.118834 -0.00879361 0.0250405 0.022509 -0.0259562 0.0899791 0.0161413 0.12065 -0.0352594 0.0142937 0.0523663 0.00193141 -0.0236384 -0.000616453 -0.00114445 0.0145674 0.0195169 -0.00200167 0.00148821 0.000205864 0.00603951 5.63586e-05 0.000250814 0.00175013,800,0,cuda,1.54,4.21
test,2599,Ragdoll_257,Ragdoll,cat,correct,Ragdoll,kernel,26,0.757353,28,0.507474,0.97598,0.468506,0.0364,0.530981,0.0,,,,0.0207685 0.0037443 -0.00535975 -0.0550095 0.022551 0.0817436 -0.0271003 0.115206 0.0691677 -0.0144386 0.123385 0.000791372 0.118051 0.0513664 0.0411736 0.0222484 0.0322436 0.0237127 0.0198973 0.0913442 0.0114065 0.0208972 -0.0299731 -4.06492e-05 0.0249114 -0.0229473 -0.013076 0.0130965,800,0,cuda,1.81,4.22
test,2599,Ragdoll_257,Ragdoll,cat,correct,Ragdoll,partition,26,0.757353,28,0.507474,0.718224,0.21075,0.064068,0.520934,0.0,,,,-0.0280053 -0.0102179 -0.00747927 -0.0139699 0.00423655 0.0500047 -0.0201974 0.151792 0.047863 0.00448533 0.0516879 0.0256102 0.281375 0.0066581 0.0691734 0.0454203 0.025238 0.000432388 0.0284433 0.0468278 0.00367832 0.00014472 -0.00191152 -0.0119737 -0.000985861 -0.00722373 -0.00236335 0.00101677,800,0,cuda,1.65,4.22
test,3558,wheaten_terrier_90,wheaten_terrier,dog,correct,wheaten_terrier,kernel,35,0.890118,51,0.272301,0.921914,0.649612,0.102472,0.828258,0.0,,,,0.0134918 -0.00453125 0.0692929 -0.026194 -0.0138101 -0.0324442 -0.0329852 -0.00366735 0.145181 -0.00112402 -0.032322 0.00217035 0.0429032 -0.0108296 0.001207 0.166392 -0.0545002 0.0236492 0.00253845 -0.00262756 0.0811775 0.0712046 0.0145545 0.105306 -0.0193709 0.0611731 0.111295 0.0205344 -0.000192624 0.015155 -0.00827448 0.0220179 -0.0156619 -0.0312812 0.14938 0.0032947 0.0138743 -0.00855445 0.000636118 0.00643561 -0.00445178 0.0201939 -6.54945e-05 -0.00607415 -0.00599332 0.00410761 0.0410383 0.0316318 -0.0066392 -0.0190447 -0.0300157,800,0,cuda,1.92,4.59
test,3558,wheaten_terrier_90,wheaten_terrier,dog,correct,wheaten_terrier,partition,35,0.890118,51,0.272301,0.950091,0.677789,0.089386,0.846988,0.0,,,,0.000236707 0.000295115 0.0416922 -0.00225772 0.00268881 -0.0192065 0.0109455 0.00303761 0.0848111 0.00431716 -0.004127 0.000362578 -0.0197871 0.000244619 0.0177663 0.0821153 -0.00568905 0.0988347 0.0956108 -0.00421154 0.114786 0.078635 0.000964531 0.162026 0.00729688 0.0314323 0.0176154 0.00416089 -0.00196708 -0.00213218 0.000881376 0.0116015 0.00626901 -0.000928565 0.0192568 0.000620768 0.00151002 0.00209451 0.00109761 0.00163028 0.0018871 0.00192124 0.000272665 0.00102416 0.00690648 0.000412281 0.00104959 0.00677522 0.00284246 0.00110832 0.000450073,800,0,cuda,1.65,4.59
test,705,Bombay_213,Bombay,cat,correct,Bombay,kernel,7,0.905161,45,0.775989,0.996967,0.220978,0.064652,0.172774,0.0,,,,0.0364028 0.0183598 0.0310136 0.0368235 0.0429563 -0.0180415 -0.0273968 0.0206575 -0.00304266 -0.0135809 -0.0418664 0.00638016 -0.0281207 0.0052871 -0.00752016 0.0472509 0.0421958 0.0657889 0.0128849 0.0615709 0.0317257 0.0581867 0.0590522 -0.00158466 0.0207815 0.0156099 -0.000116249 0.037722 0.0567218 0.0498941 0.0163073 0.0571202 0.00130647 0.0432122 0.0305318 0.0401291 -0.006869 0.0355716 -0.0011904 0.0126712 -0.0148298 0.00446075 0.00567932 0.0276244 0.0101785,800,0,cuda,1.95,4.45
test,705,Bombay_213,Bombay,cat,correct,Bombay,partition,7,0.905161,45,0.775989,0.989226,0.213238,0.098226,0.136751,0.0,,,,0.00665572 0.0020256 0.0104337 0.0167003 0.00308081 0.00542658 0.00406105 0.019174 0.012916 0.0347678 0.00766174 0.00283656 0.0248165 0.00155444 0.00989963 0.0329084 0.046793 0.0197194 0.0200742 0.0246035 0.0499453 0.0608588 0.0383516 0.0309457 0.0231321 0.0161524 -0.00975355 0.0125047 0.0355329 -0.00213287 0.0117622 -0.00340029 0.0188504 0.0740224 0.0118928 0.00161499 0.0170251 0.01693 0.0321921 0.0372771 0.0163794 0.0187887 0.0211144 0.0138467 0.0279579,800,0,cuda,1.6,4.45
test,2362,Persian_80,Persian,cat,correct,Persian,kernel,23,0.997509,37,0.833127,0.99159,0.158462,0.137437,0.632784,0.0,,,,0.0302563 -0.0131865 0.0219418 0.0269412 0.0314587 0.0341203 0.0436761 0.0451681 0.0446322 0.0375515 0.00184405 0.0169567 0.0748364 0.0386166 0.0377547 -0.00215067 0.0769457 -0.0076373 0.0192161 0.0265261 0.0776393 0.0233259 0.141949 0.0172868 0.033029 0.0858015 0.0102895 0.00372054 0.0542922 -0.00116291 -0.00917966 0.0253099 -0.00683767 0.00235482 -0.0283352 -0.0408711 0.0046652,800,0,cuda,1.8,4.33
test,2362,Persian_80,Persian,cat,correct,Persian,partition,23,0.997509,37,0.833127,0.990611,0.157484,0.160271,0.541987,0.0,,,,0.0101553 0.0017976 0.0136794 0.0456322 0.0179843 0.0421114 0.021104 0.0324369 0.0205926 0.0281983 0.0340701 0.034245 0.0587401 0.0318631 0.00562621 0.0165695 0.122863 0.018499 0.032141 0.0162975 0.233573 0.029244 0.0806537 0.000905528 -0.00451953 0.0157393 0.00453393 0.00299306 0.0413553 -0.00441599 -0.00373487 -0.00138955 -0.00324153 -0.00155032 -0.00292706 -0.0103118 -0.00276884,800,0,cuda,1.68,4.33
test,3468,staffordshire_bull_terrier_9,staffordshire_bull_terrier,dog,wrong,american_pit_bull_terrier,kernel,2,0.999832,30,0.413524,0.969874,0.556349,0.178319,0.8697,0.0,,,,-0.00993213 -0.000635121 0.0151965 -0.00178505 0.0936732 0.0451304 0.0106665 0.0160684 0.122746 0.0946022 0.147083 -0.00413945 0.044489 0.0166041 0.043479 0.0128671 0.0238314 0.0440228 0.0533176 -0.00319806 0.0321659 0.0389933 0.0332427 0.0518743 0.0201317 0.00714949 0.0305222 0.00630079 0.0186869 -0.0116394,800,0,cuda,1.95,4.37
test,3468,staffordshire_bull_terrier_9,staffordshire_bull_terrier,dog,wrong,american_pit_bull_terrier,partition,2,0.999832,30,0.413524,0.499573,0.086048,0.236461,0.762495,0.0,,,,0.013901 0.0128293 0.0309337 0.00394518 0.0710413 0.0554374 0.00698287 0.014816 0.080399 0.106317 0.283135 0.00247011 0.0374861 0.0462129 0.0800344 0.00317805 0.0371567 0.019014 0.0554422 -0.000990151 0.0120173 -0.000484732 -0.00169664 0.00458216 0.00630026 0.00399621 0.00440632 -0.000944398 0.0012559 0.00234086,800,0,cuda,1.67,4.37
test,2648,Ragdoll_6,Ragdoll,cat,correct,Ragdoll,kernel,26,0.812092,35,0.410894,0.891605,0.480711,0.086013,0.796256,0.0,,,,0.0140432 -0.0129616 -0.00837609 -0.0126018 -0.0138427 -0.00288985 0.0068948 0.00509053 0.00816801 0.131514 0.00307178 0.00674871 0.0350013 0.00664757 0.00945495 -0.00536897 0.00926568 -0.0346215 0.00924382 -0.0130375 0.00835658 0.29551 0.0130011 0.17553 -0.0116999 0.00337446 -0.000646349 0.0907468 0.0387083 -0.00407733 0.0631331 0.0279714 -0.0318746 -0.0036419 -0.0113351,800,0,cuda,1.78,4.16
test,2648,Ragdoll_6,Ragdoll,cat,correct,Ragdoll,partition,26,0.812092,35,0.410894,0.884186,0.473292,0.097371,0.782616,0.0,,,,0.000448202 0.00636656 0.00576324 0.0177478 0.00605485 0.000149557 0.00241677 0.000111116 0.0286075 0.0714362 0.0358996 0.000146153 0.0119721 0.00409656 0.00117893 0.00424619 0.00558893 0.0289978 0.00545706 0.0161512 0.00284866 0.366785 0.015012 0.130195 -0.0158838 0.00441646 0.0224207 0.0463204 0.0316665 -0.0323823 -0.0392056 0.0223354 0.00584813 -0.0226251 0.00391191,800,0,cuda,1.59,4.16
test,3544,wheaten_terrier_78,wheaten_terrier,dog,correct,wheaten_terrier,kernel,35,0.983345,35,0.629644,0.990974,0.361331,0.117152,0.675348,0.0,,,,-0.00765677 0.00385266 -0.0273348 0.0169155 0.0203455 0.0944433 0.0555199 0.0634264 -0.0137815 0.0671728 -0.010995 0.0548694 0.000185454 0.0133819 0.0231675 -0.00487723 0.0493099 0.0161059 0.0648856 0.026942 -0.00706374 -0.0119566 0.0798762 0.0450846 0.125315 -0.00843529 0.0741715 0.020526 -0.00495395 -0.0127784 0.120917 0.02829 0.00132693 -0.0116012 0.0178105,800,0,cuda,1.92,4.31
test,3544,wheaten_terrier_78,wheaten_terrier,dog,correct,wheaten_terrier,partition,35,0.983345,35,0.629644,0.982198,0.352555,0.196746,0.682796,0.0,,,,0.00248838 0.0104729 0.00516854 0.0224215 0.00664414 0.0640773 0.0644741 0.0233828 0.0368467 0.0230341 0.0104198 0.0414712 0.0121133 0.0132336 0.0169469 0.0108431 0.00713496 0.0398506 0.074265 0.0306023 -4.0646e-06 0.00689781 0.0462122 0.0351387 0.062824 0.00381101 0.0559461 0.0339649 -0.00386121 -0.000359591 0.18672 0.013708 -0.0138817 0.00844958 0.0109512,800,0,cuda,1.59,4.31
test,3142,shiba_inu_66,shiba_inu,dog,correct,shiba_inu,kernel,31,0.997739,39,0.62219,0.961207,0.339017,0.348683,0.920046,0.0,,,,-0.0172541 -0.0172438 0.00717432 0.0127857 0.172714 0.0118729 0.0661313 -0.0027617 0.108049 -0.0130649 0.125385 0.129932 -0.00721677 -0.00731278 0.103154 0.0167177 0.00285381 0.00733824 0.107125 -0.0125079 0.0251628 0.0156102 0.0485228 -0.0254002 0.0123589 0.0349775 0.00752628 0.049164 0.012906 0.0455907 -0.0110276 0.0294108 -0.0178969 -0.0184952 -0.0196292 0.053924 -0.0336305 -0.0241756 -0.0172785,800,0,cuda,1.76,4.38
test,3142,shiba_inu_66,shiba_inu,dog,correct,shiba_inu,partition,31,0.997739,39,0.62219,0.861884,0.239694,0.511207,0.91927,0.0,,,,-0.00398644 -0.0123048 -0.00361482 0.0544803 0.143585 0.0345631 0.0476588 0.0109507 0.0605987 0.0801357 0.116142 0.0575835 0.0380289 0.0258616 0.119921 0.0137177 0.0332034 0.0213066 0.0266597 0.020268 0.00196045 -0.007833 0.0162809 0.00617004 4.67828e-05 0.0246322 -0.00762494 0.0124729 0.0085549 0.00403147 0.00152534 0.00819876 -0.000151257 0.00125042 -0.00349584 0.00648994 0.00471437 -0.000233646 -0.000257828,800,0,cuda,1.72,4.38
test,2647,Ragdoll_69,Ragdoll,cat,correct,Ragdoll,kernel,26,0.999837,40,0.848732,0.997372,0.14864,0.183239,0.726696,0.0,,,,-0.00108042 0.0341812 -0.00996349 -0.000182927 -0.00975733 0.00970903 -0.0121804 0.00236573 -0.0318446 0.000765936 0.0106753 0.00970184 0.0714155 0.0329741 0.0294099 0.0296156 0.0168837 0.0264986 -0.0157937 0.0158003 0.0130215 0.0233091 0.0870259 0.0808311 0.0536851 0.0920541 0.123808 0.0523395 0.117065 0.011794 0.0541242 -0.00814819 0.0266055 -0.000177592 0.0184414 -0.00651731 0.0163431 -0.00417558 0.0310945 -0.00947292,800,0,cuda,1.86,4.27
test,2647,Ragdoll_69,Ragdoll,cat,correct,Ragdoll,partition,26,0.999837,40,0.848732,1.0,0.151268,0.189737,0.696092,0.0,,,,0.00146431 0.00166412 0.00860479 0.0127855 0.0115661 0.00622195 0.00788264 0.00192474 0.00906252 0.0204549 0.00658828 0.0393549 0.0324482 0.0118936 0.0109783 0.00518398 0.0101763 0.00454348 0.00280638 0.00437811 0.0209457 0.0199393 0.0567282 0.0918093 0.0269757 0.0298144 0.0755 0.0707276 0.11199 0.00784951 0.107188 0.0217186 0.0265235 0.0101662 0.0203963 0.00439539 0.0184939 0.0112615 0.0205942 0.0192444,800,0,cuda,1.51,4.27
test,1828,keeshond_51,keeshond,dog,correct,keeshond,kernel,18,0.999977,41,0.694914,0.953978,0.259064,0.186639,0.510072,0.0,,,,0.0158772 0.0297587 0.0216616 0.0105153 0.00705892 0.0376398 -0.00329329 -0.00906803 0.0291762 0.0532901 0.0469725 0.0274064 0.00375615 0.021663 0.0155965 0.0480364 0.0345848 0.15571 0.0196776 0.0704579 0.0315933 0.0260385 0.0141052 -0.0247798 0.0378836 0.0139064 0.0256364 0.0319138 0.0650096 0.00429234 0.00181611 0.0341471 -0.000458605 0.0057881 0.0208158 -0.00870208 0.0405133 0.0441762 0.00364268 -0.0211508 0.00544773,800,0,cuda,1.74,4.27
test,1828,keeshond_51,keeshond,dog,correct,keeshond,partition,18,0.999977,41,0.694914,0.895817,0.200903,0.285725,0.491635,0.0,,,,0.0055719 0.0290823 0.0178546 0.00465845 0.0129161 0.0154688 0.0081333 0.0137501 0.0356405 0.054041 0.0185342 0.0435346 0.00957905 0.00752276 0.0180982 0.0658731 0.0320155 0.0578631 0.00238511 0.0419562 0.0329793 0.0171822 0.0163123 0.00349016 0.0295378 0.0233122 0.0160636 0.0129514 0.067573 0.0570136 0.000978009 0.0766473 0.0106737 0.00879445 0.0755737 0.01073 0.0101541 0.00870122 0.00194217 0.00227435 0.0107493,800,0,cuda,1.7,4.27
test,1778,japanese_chin_97,japanese_chin,dog,correct,japanese_chin,kernel,17,0.995875,37,0.652742,0.970995,0.318253,0.092717,0.802157,0.0,,,,0.0358679 0.199022 -0.0120428 0.107525 0.0443256 0.0659633 0.0684142 0.0170407 0.0591019 0.0552887 0.101651 0.0129958 0.00406579 0.0650807 -0.0116933 0.0778022 0.0113257 0.00617452 0.0195843 0.00492253 0.0245221 0.0406501 -0.00346544 -0.00147104 -0.000531265 -0.0105581 -0.00442798 0.0253947 0.0193567 0.0122384 0.0104716 -0.0130444 -0.00430126 -0.0390658 -0.00420189 -0.0103241 -0.00107817,800,0,cuda,1.89,4.27
test,1778,japanese_chin_97,japanese_chin,dog,correct,japanese_chin,partition,17,0.995875,37,0.652742,0.960376,0.307634,0.111206,0.838034,0.0,,,,0.00329928 0.202314 0.00557344 0.0950376 0.0355252 0.0380177 0.148722 0.00544217 0.0520162 0.122054 0.190137 0.00106882 0.000654754 0.00667637 0.00128412 0.0390374 -4.22679e-05 0.00314268 -0.000211993 0.000104919 0.00359941 0.0118794 0.00315738 0.00245062 0.000480962 0.000757541 3.15566e-05 0.000221497 0.000671963 -3.28263e-05 -4.43961e-05 -0.000220757 0.000704131 -0.000302153 -7.76794e-05 -0.000400775 -0.000149972,800,0,cuda,1.65,4.27
test,277,american_pit_bull_terrier_7,american_pit_bull_terrier,dog,correct,american_pit_bull_terrier,kernel,2,0.983068,42,0.499581,0.992071,0.49249,0.137252,0.665464,0.0,,,,-0.00851953 -0.0199308 0.0204795 0.0174705 -0.0199659 0.000442004 0.0489617 -0.0321962 0.0763592 -0.00221936 0.0399105 0.034401 0.167445 0.0077828 -0.0208803 0.0167815 0.0171199 0.0685391 0.0124602 0.0142863 0.00807213 0.0530421 -0.00746076 -0.00131397 0.0163625 0.0375797 0.206245 0.0283465 0.108318 -0.00528685 0.0386351 0.0126579 -0.0186967 0.00560648 -0.00798586 0.0401077 -0.0246919 -0.0112919 0.0455063 -0.0156593 0.0272961 0.000636003,800,0,cuda,1.8,4.22
test,277,american_pit_bull_terrier_7,american_pit_bull_terrier,dog,correct,american_pit_bull_terrier,partition,2,0.983068,42,0.499581,0.982303,0.482721,0.152273,0.611672,0.0,,,,-0.00230013 -0.000655926 1.87325e-06 -0.0111384 -0.000503227 0.000817247 -0.00604595 -0.0146095 -0.000538738 -0.00754864 -0.0069626 0.00668808 0.0789971 0.00374384 0.0011533 0.0111807 -0.0042374 0.0536494 0.0227223 0.000538105 0.0191873 0.0518467 0.00447926 0.00155327 0.0039127 0.08762 0.327859 0.00529025 0.0682612 0.00146679 0.0164812 0.00131242 0.000809588 0.0136837 0.0023131 0.0399098 0.0410508 0.0066619 0.114284 0.00389414 0.0310975 0.00682456,800,0,cuda,1.65,4.22
test,1033,chihuahua_53,chihuahua,dog,correct,chihuahua,kernel,10,0.999417,36,0.322325,0.983144,0.660819,0.059285,0.765279,0.0,,,,0.0138806 0.00310697 0.0251597 0.0673555 0.0299752 0.0104862 0.00859477 0.0473368 -0.00567814 0.0826173 0.110754 -0.0154401 0.0300159 -0.0208743 0.0350082 0.0263766 0.23219 0.0186577 -0.00413614 0.0153808 0.151221 -0.00877297 -0.0116635 0.0108418 0.00165883 0.0455291 0.0167704 -0.0013193 0.021788 -0.0104029 0.039204 0.0215164 0.00216477 -0.00792344 -6.93573e-06 0.00987242,800,0,cuda,1.93,4.41
test,1033,chihuahua_53,chihuahua,dog,correct,chihuahua,partition,10,0.999417,36,0.322325,0.983918,0.661593,0.056928,0.826467,0.0,,,,0.0331083 0.0172057 0.00287791 0.00816561 5.04652e-05 0.00381575 0.000466251 0.0474039 0.00289183 0.237841 0.0949014 0.029739 0.0056177 0.011711 0.0468897 0.00778917 0.315813 0.0102458 0.0154729 0.00506984 0.0922844 9.39738e-05 0.000129875 0.00015986 0.000253322 0.000164298 -0.000348658 0.000885234 0.000247851 0.000103278 1.93613e-05 0.000602082 0.000263924 0.000220961 -0.000681991 -0.000228053,800,0,cuda,1.71,4.41
test,3431,staffordshire_bull_terrier_66,staffordshire_bull_terrier,dog,correct,staffordshire_bull_terrier,kernel,34,0.73381,36,0.566785,0.675765,0.10898,0.073774,0.370664,0.0,,,,-0.0114888 -0.0150558 0.0145812 0.0194397 0.040228 0.0376849 0.02715 0.0299035 0.0345776 -0.0529569 0.0275164 0.0521919 -0.00165838 0.0260188 0.122752 0.0660606 0.0251278 0.0383665 0.00532709 0.00937648 -0.00252501 0.0159011 0.00754997 0.0158385 -0.00117168 0.0184065 0.0306632 0.0225643 0.0711413 0.0178229 0.0109852 0.0200211 -0.0127629 -0.00169192 0.0046586 0.0171562,800,0,cuda,1.88,4.27
test,3431,staffordshire_bull_terrier_66,staffordshire_bull_terrier,dog,correct,staffordshire_bull_terrier,partition,34,0.73381,36,0.566785,0.579743,0.012958,0.161258,0.243466,0.0,,,,0.0241182 0.031923 0.0280442 0.0153111 0.0380447 0.060042 0.0356001 0.0343267 0.0145323 0.0501207 0.0184631 0.00485101 0.0402646 0.0170946 0.144073 0.00570097 0.0396388 -0.0523822 0.0151075 0.00234571 -0.00982128 0.0022963 0.0297447 0.000681158 0.00845668 0.0241198 0.0138948 0.0170417 0.0278654 0.00785018 -0.00386778 0.0089889 0.0138647 0.00545136 0.0113353 0.00457792,800,0,cuda,1.58,4.27
test,1731,japanese_chin_54,japanese_chin,dog,correct,japanese_chin,kernel,17,0.995911,34,0.250538,0.761329,0.510791,0.070235,0.82573,0.0,,,,-0.0140051 -0.00036509 -0.0182031 -0.00155572 -0.0191891 -0.0155293 0.0191474 -0.0126876 0.0387028 -0.0337503 -0.0151284 0.0177555 0.0666782 -0.00364185 0.329532 0.158667 -0.00501801 0.00368195 -0.00274201 -0.00920748 0.00862162 0.000845133 0.0128662 -0.00905145 0.426172 0.0118361 0.0150037 0.0108347 0.000636735 0.0173466 -0.0046861 -0.00528209 0.000509686 0.00382122,800,0,cuda,1.83,4.14
test,1731,japanese_chin_54,japanese_chin,dog,correct,japanese_chin,partition,17,0.995911,34,0.250538,0.770646,0.520108,0.070569,0.831587,0.0,,,,-0.00250561 -0.00551587 -0.00539237 -0.000564555 -0.0107775 -0.0234899 -0.00612146 -0.00232699 0.00558047 -0.0140497 -0.00077013 0.00648704 0.164035 -0.000452079 0.166008 0.0542503 -0.00573373 -0.00284608 0.0412343 0.0126908 0.0101768 0.0576549 0.00600921 0.0157095 0.476313 0.0108547 0.0109207 0.00216537 0.00503719 0.00237444 0.00377502 -0.00203488 0.00138379 0.00253644,800,0,cuda,1.6,4.14
test,763,Bombay_77,Bombay,cat,correct,Bombay,kernel,7,0.977667,30,0.577069,0.703392,0.126323,0.219836,0.856987,0.0,,,,-0.00677316 0.00407897 0.031915 -0.0126266 0.00471661 0.180815 -0.0266951 0.129461 0.0227408 0.0968367 -0.0151102 0.276689 0.00829756 0.0371385 0.024828 0.0245759 0.0536137 0.0161411 0.0145961 0.0186875 0.00827287 -0.0249706 0.0255194 0.0399617 -0.00279155 0.0046829 0.00477759 0.0080077 -0.00863184 0.0116511,800,0,cuda,1.92,4.47
test,763,Bombay_77,Bombay,cat,correct,Bombay,partition,7,0.977667,30,0.577069,0.703392,0.126323,0.188181,0.833731,0.0,,,,0.0292475 0.0055927 0.0166566 0.00832389 0.000890684 0.16465 0.00455461 0.0603832 0.0261551 0.0833685 0.0112451 0.22105 0.0136974 0.0100005 0.0245673 0.0351694 0.0523151 0.0131248 0.0188262 0.0157513 0.0155833 0.0268226 0.017662 0.0340825 0.00459689 0.00974611 0.00699676 0.00532138 0.00462658 0.00939764,800,0,cuda,1.83,4.47
test,835,boxer_54,boxer,dog,correct,boxer,kernel,8,0.870206,31,0.481764,0.771648,0.289883,0.051512,0.82168,0.0,,,,0.0891504 0.060969 -0.000101887 0.0304944 0.111083 -0.00692051 -0.00270409 0.0209431 -0.011152 0.197955 0.0153708 0.00206311 -0.00527639 0.0115254 0.129344 -0.00352729 -0.000374834 0.0647882 0.0124255 0.0118757 -0.0365221 0.0247291 -0.0298715 0.107899 0.0316708 0.0157752 -0.0269063 0.011106 0.000387797 0.0295052 0.0042336,800,0,cuda,1.78,4.09
test,835,boxer_54,boxer,dog,correct,boxer,partition,8,0.870206,31,0.481764,0.994412,0.512648,0.093452,0.778775,0.0,,,,0.110817 0.013433 0.0126875 0.0162314 0.0651435 -0.0335911 -0.000806188 0.0793147 0.00108279 0.153376 0.045189 0.0301122 0.00561105 0.0207814 0.173683 0.00263998 0.0015401 0.0188404 0.00953935 0.013237 0.0159927 0.0143497 0.00984337 0.0269874 0.021626 0.0076418 0.00169075 0.00985536 -0.000187289 0.0136851 -0.000409601,800,0,cuda,1.63,4.09
test,3264,Siamese_85,Siamese,cat,correct,Siamese,kernel,32,0.996687,36,0.453444,0.915623,0.462179,0.178483,0.638725,0.0,,,,-0.00640092 0.0147355 -0.0149313 0.0348085 0.0233838 0.0213039 0.0122879 0.030644 -0.00155965 -0.0196542 0.0283358 0.0542475 0.0726329 -0.00790698 -0.00431557 0.0716716 -0.00193076 0.101686 -0.00205092 0.000565627 0.0690965 0.210441 0.00195994 0.165314 0.0234361 0.0557258 0.0112892 0.022333 0.0137217 0.0409492 -0.0187937 0.0186518 0.00877436 -0.022915 -0.0204264 -0.00519245,800,0,cuda,1.96,4.31
test,3264,Siamese_85,Siamese,cat,correct,Siamese,partition,32,0.996687,36,0.453444,0.988173,0.53473,0.17842,0.565072,0.0,,,,0.000927233 0.0191766 0.0165608 0.0271276 0.0499542 0.0183337 0.0186175 0.0270525 -0.00810446 0.0148838 0.00224527 0.0092103 0.0191086 0.0294256 0.000533447 0.077899 0.000644704 0.0515541 0.00701142 0.0203841 0.0662504 0.161735 0.0149567 0.138376 0.00743204 0.0406243 0.012461 0.0213021 0.00787061 0.0311288 0.0101874 0.036205 0.00248648 0.00543486 0.0017277 0.0211935,800,0,cuda,1.63,4.31
test,1653,havanese_74,havanese,dog,correct,havanese,kernel,16,0.742418,40,0.638453,0.99488,0.356427,0.031775,0.585688,0.0,,,,-0.0294859 0.0297545 -0.0104368 0.0243446 0.0188477 -0.0254342 0.0294397 0.000364263 -0.00155365 0.035804 -0.0432089 0.00629472 -0.00544173 0.0384848 -0.0335036 0.00191069 0.0466946 -0.0133723 0.156148 0.0704716 0.02146 0.123783 -0.0160375 -0.0310405 0.146359 0.0630939 0.00161477 0.0149953 0.00164091 0.0243021 0.028506 0.0164307 0.0173258 -0.00825576 0.00800956 0.00329732 0.0143561 0.0125166 -0.0346806 0.0136184,800,0,cuda,1.94,4.36
test,1653,havanese_74,havanese,dog,correct,havanese,partition,16,0.742418,40,0.638453,0.99452,0.356067,0.045897,0.499514,0.0,,,,-0.00104124 0.00799475 0.00885587 0.00920083 0.0463949 -0.0186194 -0.00348794 0.0183814 0.00701959 0.0235018 0.00719147 0.00282651 0.0317652 0.060035 0.0215992 0.00119674 0.0521476 0.00944766 0.089732 0.0785034 0.0334172 0.0536678 -0.00364118 -0.00314751 0.111341 0.020163 0.00799629 0.000707743 0.0174742 0.00252182 0.000756148 0.00120094 0.000818251 0.00640932 0.00219043 0.00354024 0.00224753 0.00515721 0.00148524 0.000466967,800,0,cuda,1.6,4.36
test,2607,Ragdoll_264,Ragdoll,cat,correct,Ragdoll,kernel,26,0.946658,31,0.565788,0.986517,0.420728,0.03816,0.719686,0.0,,,,-0.0341639 -0.00860483 0.00674831 0.00124122 0.078685 0.0414646 -0.029383 -2.99756e-05 0.0172161 0.0216467 0.0168484 0.193211 0.0253859 0.15233 0.203708 0.0264954 0.148558 0.0757108 0.0399244 -0.00117231 -0.0504861 0.0265637 0.0329867 -0.00907137 0.00677342 -0.0183218 -0.00888132 0.0131566 -0.0156553 -0.0400333 0.0162144,800,0,cuda,2.24,4.56
test,2607,Ragdoll_264,Ragdoll,cat,correct,Ragdoll,partition,26,0.946658,31,0.565788,0.98567,0.419882,0.032034,0.679073,0.0,,,,0.0046061 -0.0225062 0.0035791 0.00214313 0.0241185 0.0480284 0.00954054 0.0125411 0.00838619 0.0186919 0.0332133 0.172135 0.0167264 0.164311 0.162495 0.0097315 0.109504 0.0685041 0.0621429 0.00140719 0.0125963 0.000279897 0.00190279 0.00391366 -0.0014026 0.00229424 -0.00263501 -0.00316892 0.00296092 0.00455852 -0.00153369,800,0,cuda,1.63,4.56
test,2732,Russian_Blue_49,Russian_Blue,cat,correct,Russian_Blue,kernel,27,0.979703,29,0.175203,0.325254,0.15005,0.05397,0.703992,0.0,,,,0.00935358 0.0534079 0.00464602 -0.0135181 0.0180148 -0.0143209 0.0126654 0.12811 0.196188 0.355105 -0.00796973 0.0977686 -0.0151539 0.0176609 0.0927034 -0.0164983 0.0212713 -0.0162093 0.0325017 0.00673832 0.00333743 0.00068292 -0.00151746 -0.026649 0.0128574 -0.011632 -0.00779029 0.0299709 0.00697272,800,0,cuda,1.94,4.47
test,2732,Russian_Blue_49,Russian_Blue,cat,correct,Russian_Blue,partition,27,0.979703,29,0.175203,0.325254,0.15005,0.044105,0.78871,0.0,,,,0.000211011 0.0430969 0.000236977 0.0127537 0.000354315 0.0148435 0.00186837 0.0692585 0.0693139 0.58056 2.98213e-05 0.0894102 -0.00566516 -0.00175602 0.0523447 0.0239748 -0.00113694 -0.00174671 0.00635798 -0.00208501 -0.000919268 0.0125103 -0.000679287 0.00416892 -0.000366566 -0.00022824 0.00229251 -0.000183655 -0.000122568,800,0,cuda,1.88,4.47
