split,position,image,true_breed,species,group,predicted_name,method,label,p_label,num_segments,area,overlap,excess,deletion,insertion,additivity,fit_r2,seed_rho,seed_jac,weights,num_samples,seed,device,runtime_s,total_s
test,775,Bombay_89,Bombay,cat,correct,Bombay,kernel,7,0.947638,27,0.744121,0.99594,0.251819,0.135825,0.417508,0.0,,0.874237,0.666667,-0.00440372 0.011613 0.0407073 0.0103086 6.81836e-05 -0.00650213 -0.00814387 0.047679 0.0919383 -0.0206225 0.0323963 0.00618409 0.0838298 0.0616817 0.0309772 0.138521 -0.007114 0.0438483 0.116284 0.032444 0.0332187 0.0589983 0.0273423 0.0120419 0.0469982 0.0366341 0.0034487,800,0,cuda,1.62,14.28
test,775,Bombay_89,Bombay,cat,correct,Bombay,partition,7,0.947638,27,0.744121,0.99263,0.24851,0.17057,0.305603,0.0,,,,0.00878381 0.0119336 0.00268599 0.0158793 0.00280332 0.0341687 0.0259128 0.0236249 0.0442545 0.00391959 0.0114027 -0.00243749 0.0269699 0.0102389 0.0355785 0.0191467 0.000332453 0.0379686 0.21811 0.0112152 0.0466065 0.0787915 0.0867032 0.0466888 0.0802239 0.0347943 0.00407561,800,0,cuda,8.94,14.28
test,117,american_bulldog_25,american_bulldog,dog,correct,american_bulldog,kernel,1,0.974217,32,0.670261,0.688028,0.017767,0.223187,0.799145,0.0,,0.718658,0.666667,0.00916763 0.0136313 0.0311647 0.103117 0.0794519 0.00793834 0.156095 -0.0217715 0.0265667 -0.00116114 0.0187972 0.042236 0.0697182 -0.00998638 0.050946 0.0530684 0.0274505 0.0286352 0.17775 0.0217495 0.00216136 0.0335252 -0.0135632 -0.0194587 -0.00598524 0.0399173 -0.0222075 -0.0144586 0.00828704 0.0158186 -0.00686024 0.0152012,800,0,cuda,1.44,6.68
test,117,american_bulldog_25,american_bulldog,dog,correct,american_bulldog,partition,1,0.974217,32,0.670261,0.678715,0.008454,0.338258,0.767674,0.0,,,,0.00529371 0.0635457 0.0123464 0.229619 0.10738 0.0251194 0.149978 -0.00426495 0.0395661 -0.002916 -0.0101347 0.0126815 -0.00163818 -0.00737009 0.0285031 0.0418505 0.0140924 0.0170443 0.0265219 0.00306578 0.00533383 0.0417586 0.00982819 0.0312946 0.0127968 0.00676134 0.00885002 0.0142167 0.0311811 0.00461029 0.000175381 -0.000148522,800,0,cuda,1.39,6.68
test,1646,havanese_68,havanese,dog,correct,havanese,kernel,16,0.968143,38,0.637735,0.989504,0.351769,0.066758,0.737286,0.0,,0.762775,0.833333,0.0331873 0.0272792 0.00700349 -0.0179918 -0.0276446 0.0931879 0.00493545 -0.0185293 0.0457633 -0.0243902 0.0493784 0.0479325 0.0318975 0.0293983 0.142802 0.0967226 0.158858 0.111948 0.0186184 0.0271545 0.00939509 -0.0118809 0.0357941 -0.026574 0.0186526 0.0193757 0.0647823 0.00767188 -0.0459599 -0.0211987 -0.0199001 -0.0139039 -0.00505011 0.0170126 0.00923949 7.32422e-05 0.0420991 0.0260031,800,0,cuda,1.49,6.41
test,1646,havanese_68,havanese,dog,correct,havanese,partition,16,0.968143,38,0.637735,0.988937,0.351201,0.131198,0.692947,0.0,,,,0.026069 0.035254 0.0124606 -0.00271338 -0.011633 0.0621948 0.0113864 -0.00390246 0.0103988 -0.0106406 0.033433 0.0414285 0.0321901 0.019399 0.0557515 0.153746 0.136109 0.101742 0.028098 0.0227651 0.0114291 0.0181032 0.0863877 5.42956e-05 0.000318449 0.0340834 0.0409532 -0.000708235 -0.00411802 -0.0040189 -0.00095925 0.000306148 -0.00296372 0.00559286 0.00154058 0.00033283 0.00362678 -0.000354196,800,0,cuda,1.33,6.41
test,3406,staffordshire_bull_terrier_43,staffordshire_bull_terrier,dog,correct,staffordshire_bull_terrier,kernel,34,0.87344,36,0.543726,0.916687,0.372961,0.019604,0.194273,0.0,,0.526641,0.339286,0.0382287 -0.00298742 -0.00795138 -0.0291684 -0.00320004 -0.0157418 0.0224673 0.0550886 0.0140259 0.0577725 -0.00180472 0.0111384 0.0637333 0.0352724 -0.00250226 0.0633786 -0.00179177 -0.0174126 0.0587635 0.0421462 0.0444995 0.0821399 0.0815299 0.097311 0.0123561 0.00136195 0.0130638 -0.00823253 0.0180753 0.0106491 0.0721372 0.0516681 -0.0236998 0.00211735 0.0196972 0.0152007,800,0,cuda,1.62,6.41
test,3406,staffordshire_bull_terrier_43,staffordshire_bull_terrier,dog,correct,staffordshire_bull_terrier,partition,34,0.87344,36,0.543726,0.68951,0.145784,0.019204,0.289252,0.0,,,,0.0283264 0.0026334 0.00304976 0.00474777 0.0221357 0.000721584 0.00675869 0.00970985 0.0289908 0.0592205 0.00272548 0.0278954 0.0698048 0.00638898 0.00891495 0.0150609 0.0498634 0.000883213 0.104885 0.0153327 0.0164766 0.0552839 0.0632529 0.121254 -0.00155991 0.0215167 0.0102107 0.00837911 0.0112045 0.00115594 0.0472282 0.022419 0.0146762 0.000850889 0.00532221 0.00360928,800,0,cuda,1.27,6.41
test,2118,miniature_pinscher_43,miniature_pinscher,dog,wrong,Abyssinian,kernel,0,0.924905,35,0.104432,0.42781,0.323377,0.043692,0.626197,0.0,,0.714286,0.547619,0.0197291 0.0290287 0.0217148 0.0131805 -0.0254141 0.022277 0.00148428 0.0372245 0.00701387 0.0312007 0.0152608 0.163454 0.0034996 -0.0142072 -0.00473328 0.108468 0.0111629 0.0103301 -0.0270022 0.00547053 0.0902643 0.00184912 0.0131575 0.0940973 0.0440403 -0.00558431 0.0118568 0.043752 0.0621475 -0.00706113 0.0129275 0.018487 -0.00174274 0.0172352 0.07687,800,0,cuda,1.69,6.36
test,2118,miniature_pinscher_43,miniature_pinscher,dog,wrong,Abyssinian,partition,0,0.924905,35,0.104432,0.180493,0.07606,0.130584,0.446535,0.0,,,,0.00131426 0.00609541 0.0078111 0.00567116 0.000885758 0.0811748 0.00458588 0.0165362 0.0179056 0.0812152 -0.000704128 0.135391 0.00615277 0.0040901 0.00843711 0.0775759 0.00846224 0.00432122 0.0457903 -0.00161863 0.0284426 0.021156 0.00745033 0.0447296 0.0400685 0.015466 0.00243609 0.0164704 0.0198379 0.00671603 0.0237914 0.00268136 0.00544794 0.0283173 0.127334,800,0,cuda,1.19,6.36
test,2668,Ragdoll_89,Ragdoll,cat,correct,Ragdoll,kernel,26,0.999806,33,0.825016,1.0,0.174984,0.119242,0.634053,0.0,,0.767881,0.833333,-0.0153112 -0.00353155 -0.00287078 0.0022569 0.01928 0.0283706 0.0107151 0.0375962 0.0269915 0.00115613 0.00231356 0.00187915 0.0489208 0.0157561 0.00166482 0.0436803 0.0406266 0.0313005 0.0408624 0.00136282 0.00699783 0.0126852 0.0230071 0.0153208 0.0942548 0.0913913 0.0163262 0.166018 0.0740982 0.0897545 0.0307214 0.00117733 0.027441,800,0,cuda,1.38,6.21
test,2668,Ragdoll_89,Ragdoll,cat,correct,Ragdoll,partition,26,0.999806,33,0.825016,0.939138,0.114122,0.231047,0.544298,0.0,,,,0.000686634 0.021996 0.00431775 0.0167738 0.0130387 0.0183137 0.00112627 0.0436989 0.0405419 0.000199725 0.0238333 0.00459501 0.0122247 0.00901151 0.00352914 0.0367334 -0.00222635 0.00643778 -0.00512258 0.0125994 0.0345113 0.044714 0.006614 0.0401907 0.0579775 0.0823432 0.0195891 0.143026 0.0515806 0.0859237 0.0247581 0.0911343 0.0375422,800,0,cuda,1.2,6.21
test,598,Birman_191,Birman,cat,correct,Birman,kernel,6,0.995709,30,0.588329,0.98622,0.397891,0.294032,0.925901,0.0,,0.806897,0.666667,0.0152742 0.0164007 0.00903769 0.0292854 0.00126006 0.00461841 0.015058 0.014239 0.052276 0.0114797 0.297876 0.103751 -0.00936029 0.159052 -0.00886605 0.0236612 0.0574696 -0.00897379 0.0347656 0.00524809 -0.0300967 0.0577817 0.0246427 0.0193023 0.00715085 0.00313924 0.0474637 0.00730107 -0.0133088 0.0172751,800,0,cuda,1.46,6.38
test,598,Birman_191,Birman,cat,correct,Birman,partition,6,0.995709,30,0.588329,0.977674,0.389345,0.312548,0.918351,0.0,,,,-0.000468307 0.0313832 -0.00217678 0.0233163 0.0140607 0.0138437 0.0126142 0.0115818 0.0835634 0.0466244 0.280281 0.0637077 0.0847541 0.234797 0.00666815 0.013947 0.0279726 0.00215529 0.00861628 -0.0150338 -0.00111947 -0.000428264 0.0145381 -0.0376903 -0.00488216 0.0201389 0.00850116 0.00831665 0.00963976 0.0049822,800,0,cuda,1.28,6.38
test,3562,wheaten_terrier_94,wheaten_terrier,dog,correct,wheaten_terrier,kernel,35,0.999972,38,0.477978,0.989236,0.511259,0.225116,0.968648,0.0,,0.660138,0.666667,0.00819913 0.00727757 0.0481915 -0.00831577 0.00335735 -0.0138694 -0.0242184 0.00960611 -0.019784 0.0140963 0.00317773 0.0120243 0.109497 -0.0320358 -0.00736331 0.0180905 0.0136523 -0.0019012 -0.0144736 0.0453248 0.014263 -0.0509445 -0.0140622 0.219362 0.0238185 0.00761179 -0.0138339 0.386871 0.0374097 -0.00223758 -0.0425217 0.000846692 0.0805051 0.0504844 0.127157 -0.033713 0.0144486 0.00303693,800,0,cuda,1.52,6.26
test,3562,wheaten_terrier_94,wheaten_terrier,dog,correct,wheaten_terrier,partition,35,0.999972,38,0.477978,0.98157,0.503593,0.224829,0.947055,0.0,,,,0.000972202 -0.00274226 0.0071773 0.00185014 -0.000550828 -0.000322939 0.011024 0.0364117 0.0159291 0.0945385 -0.0042606 0.00628177 0.127808 0.00827232 0.00701703 0.00350062 0.0160335 0.0030667 -6.15281e-05 0.0730815 0.00293696 0.024538 0.08402 0.073365 0.00905345 -6.21416e-05 0.000387097 0.296242 0.00933575 -2.97967e-05 0.0107733 -0.000337523 0.0152765 0.00412361 0.0409271 0.00502962 0.00119356 -0.00276411,800,0,cuda,1.28,6.26
test,2654,Ragdoll_76,Ragdoll,cat,correct,Ragdoll,kernel,26,0.993082,37,0.752989,0.992473,0.239484,0.108657,0.617812,0.0,,0.761498,1.0,0.0428224 -0.0186161 0.00712493 -0.0322007 0.012465 -0.0163008 0.0384619 0.0071197 0.0287824 0.00629802 0.10965 -0.000109167 0.0209024 0.154381 0.0444662 0.00366043 -0.00134911 0.139013 0.0391501 0.0641551 0.0842767 -0.0190549 0.0236223 0.0703986 0.0811538 0.0418284 0.0230902 0.0325656 -0.00468896 -0.00851512 0.0053028 0.00181562 -0.0073501 0.0117338 5.10151e-05 -0.00341515 -0.00720178,800,0,cuda,1.56,6.19
test,2654,Ragdoll_76,Ragdoll,cat,correct,Ragdoll,partition,26,0.993082,37,0.752989,0.995532,0.242543,0.165422,0.684256,0.0,,,,0.0270018 -0.0185426 0.0136989 -0.0195852 -0.000454749 0.00440944 0.0112685 -0.0251587 0.0423314 0.0243811 0.0963636 0.043106 0.0997427 0.136471 0.0580183 0.0271901 0.0120519 0.0671588 0.101995 0.0444473 0.0878183 0.00383816 0.0117022 0.0202043 0.0263629 0.000845532 0.011576 0.0114908 0.0161324 0.0106064 0.00172733 0.00812453 0.00448585 0.00377484 0.00269449 0.00539067 0.00282036,800,0,cuda,1.24,6.19
test,3238,Siamese_59,Siamese,cat,correct,Siamese,kernel,32,0.589675,37,0.612683,0.62418,0.011497,0.04699,0.5486,0.0,,0.686581,0.339286,-0.00901021 0.0271537 -0.0232894 -0.0393257 0.00639985 0.0148271 0.00289592 -0.0234091 0.0255253 0.033368 0.0436686 0.00298173 -0.0256626 -0.012582 -0.0676756 -0.0827257 -0.017755 0.0378787 0.0153533 0.0191979 0.291566 0.0106183 0.0151063 0.03121 0.0199288 -0.0293189 0.00685476 0.00967491 0.0684406 0.0342781 0.0355513 0.0426125 -0.0070329 0.0503855 0.0365146 0.0346492 -0.00394816,800,0,cuda,1.43,6.41
test,3238,Siamese_59,Siamese,cat,correct,Siamese,partition,32,0.589675,37,0.612683,0.487749,-0.124935,0.048939,0.477453,0.0,,,,-0.00111102 0.00638298 -0.00238828 0.00619103 -0.00412915 0.0023152 -0.0103301 -0.00990134 -0.0316622 -0.00148099 0.023444 -0.0544914 -0.00421523 -0.00716608 -0.0178536 -0.00926826 -0.00403403 -0.00310298 0.00190442 -0.000318783 0.26413 0.00934607 0.0174483 0.0319892 0.00903778 0.0215674 0.0100691 0.00751476 0.0685497 0.0191936 0.011147 0.0328073 0.0185363 0.121609 0.0372138 0.00460378 0.0113595,800,0,cuda,1.22,6.41
test,768,Bombay_81,Bombay,cat,correct,Bombay,kernel,7,0.883271,39,0.767797,0.992949,0.225152,0.035665,0.619749,0.0,,0.600405,0.666667,0.032494 0.0133109 0.0301116 0.0295461 -0.0219153 -0.0180402 0.12947 0.0751799 -0.0175512 0.138178 -0.0262148 0.130312 0.00625635 0.0012178 0.0167882 -0.00733839 0.0800197 0.0806488 -0.00117588 0.0225412 -0.00443428 -0.0258957 -0.0120291 0.0154257 0.0813777 -0.031523 0.021593 -0.00450458 0.0279565 -0.014505 0.0399485 -0.0165689 0.0237727 0.00617923 0.0356071 -0.0111916 -0.0116979 0.00932069 0.0333398,800,0,cuda,1.6,6.38
test,768,Bombay_81,Bombay,cat,correct,Bombay,partition,7,0.883271,39,0.767797,0.975213,0.207416,0.05533,0.555775,0.0,,,,0.0312557 0.00099466 0.00569312 0.011289 0.000969828 0.00090941 0.11734 0.129908 0.0118124 0.133647 -0.0024686 0.116566 0.0042257 -0.0124984 -0.0180001 0.0292543 0.123086 0.0226203 -0.00731703 0.00515599 0.00980959 0.00162245 0.000607507 0.00197357 0.00925305 0.0134297 -0.0163587 -3.38926e-05 -0.00719949 -0.00341993 0.0583105 0.0018119 0.00077577 0.0115413 0.0144748 0.037557 0.0138195 0.00305493 0.000536254,800,0,cuda,1.27,6.38
test,2586,Ragdoll_210,Ragdoll,cat,correct,Ragdoll,kernel,26,0.991328,35,0.581692,0.994823,0.41313,0.098692,0.681448,0.0,,0.587395,0.547619,0.00621404 0.015291 -0.00856878 0.0553005 0.0385645 0.0295581 0.038881 0.0981662 0.146135 0.00291962 0.109104 0.00824354 -0.00429544 0.171476 0.162288 -0.0252639 0.0100762 0.0882653 0.00623218 0.0640087 -0.015024 0.0192176 -0.0271009 -0.00215351 0.00693667 0.0150349 0.0197876 0.00604412 0.000732195 0.0103873 -0.0172655 -0.0150952 0.0152339 -0.0284865 -0.0271082,800,0,cuda,1.61,6.37
test,2586,Ragdoll_210,Ragdoll,cat,correct,Ragdoll,partition,26,0.991328,35,0.581692,0.994823,0.41313,0.093349,0.571834,0.0,,,,-0.00488945 0.00346247 0.0294122 0.00502727 0.00828265 0.0133455 0.0125525 0.0471611 0.238138 0.00622955 0.10644 0.0141747 0.0281182 0.262066 0.139448 0.00667656 0.00318212 0.0308199 0.00697024 0.0134933 0.000832476 0.0019492 0.00216551 0.00113175 0.0021321 0.000568185 0.000566817 -0.000143491 0.000150016 -0.00341074 -0.00111957 -0.000732742 0.000285282 -0.000895923 0.000145591,800,0,cuda,1.22,6.37
test,1403,german_shorthaired_29,german_shorthaired,dog,correct,german_shorthaired,kernel,14,0.999637,38,0.440111,0.632119,0.192008,0.241948,0.870391,0.0,,0.244228,0.339286,0.00452557 0.0197516 0.0539877 -0.000163241 0.0126517 -0.0123554 -0.0133453 -0.0233753 -0.00245954 0.00622803 -0.00177091 0.489276 0.0335426 -0.0148258 -0.0126202 0.0168468 0.0393016 0.0249993 0.00810827 0.0140613 0.02339 -0.0258781 0.043522 -0.00734052 0.0276454 0.0138749 0.0117351 -0.0127387 0.107546 -0.0206268 -0.00135274 0.0482167 0.0159792 0.0371425 -0.00644041 -0.000692776 0.073549 -0.000178673,800,0,cuda,1.45,6.32
test,1403,german_shorthaired_29,german_shorthaired,dog,correct,german_shorthaired,partition,14,0.999637,38,0.440111,0.685324,0.245213,0.224294,0.895461,0.0,,,,0.000505312 0.0358448 0.0622387 -0.00131567 0.0479097 0.000851221 0.0003625 0.0023748 0.00385056 0.00413439 0.0557787 0.343754 0.000399088 0.0165304 0.0519964 -0.00106602 -0.00287233 0.00243863 0.0106031 -0.000854262 0.0228289 -0.00569414 0.143444 0.010631 0.000520422 0.0333117 0.0079699 0.00618121 0.0339872 0.0053738 0.032321 -0.000586136 0.0109632 -0.000750462 0.0212148 0.00275379 0.00205664 0.00972571,800,0,cuda,1.31,6.32
test,2746,Russian_Blue_67,Russian_Blue,cat,correct,Russian_Blue,kernel,27,0.718327,33,0.609375,0.785526,0.176151,0.027461,0.536455,0.0,,0.796457,0.666667,-0.0186234 -0.151733 -0.0295024 0.0220714 0.0577327 0.0707318 0.183149 -0.0110111 0.0150634 0.00219269 0.0462007 0.193556 0.051843 -0.022365 0.0395504 0.000133832 -0.0190175 0.0301467 0.0315628 0.0107184 0.000511339 0.00469657 0.0719227 0.0215831 0.000422469 -0.00822958 0.0546448 0.071302 -0.0034965 -0.0216317 0.00622356 0.00349623 0.00347546,800,0,cuda,1.4,6.2
test,2746,Russian_Blue_67,Russian_Blue,cat,correct,Russian_Blue,partition,27,0.718327,33,0.609375,0.621858,0.012483,0.035823,0.612303,0.0,,,,0.00921184 -0.133018 0.0330109 0.00122853 0.0603117 0.0333245 0.149858 0.0133842 0.0254536 0.0349193 0.0799782 0.169182 0.100207 0.0253251 0.0146384 0.00322199 -0.00567368 0.0294664 0.017351 -0.00894549 -0.00576242 -0.0100053 0.0373567 -0.00524634 -0.000300423 0.00128713 0.00727037 0.0165419 0.00127014 0.00137337 0.00677079 0.00212188 0.00220809,800,0,cuda,1.29,6.2
test,2917,samoyed_42,samoyed,dog,correct,samoyed,kernel,29,0.997956,42,0.337173,0.921542,0.584369,0.032279,0.881092,0.0,,0.557491,0.666667,-0.0098009 -0.0168822 -0.0160718 0.00179308 0.0121965 -0.00316465 -0.00522638 0.00819435 0.0255144 0.0915696 0.0277307 -0.00417848 0.0106376 -0.0257946 0.00527773 0.39972 0.308139 0.00921074 0.00795832 0.0156912 -0.0176078 -0.0104039 0.0283315 0.01442 -0.00823483 -0.0301558 0.0173106 0.00711614 -0.00797601 0.0082012 0.118778 0.0259627 0.00886844 0.0140435 0.0267304 0.00788614 -0.013439 -0.0223428 -0.00706455 0.0119343 -0.0126719 -0.0249806,800,0,cuda,1.54,6.28
test,2917,samoyed_42,samoyed,dog,correct,samoyed,partition,29,0.997956,42,0.337173,0.774985,0.437812,0.044939,0.888735,0.0,,,,-0.0184117 -0.0164308 -0.00623856 -0.00848622 -0.00230426 0.00526622 -0.00897645 -0.000232115 0.00953923 0.117523 0.00845763 0.00687709 0.0872591 -0.0025671 -0.00208538 0.391074 0.263727 0.00348206 0.0157258 -0.00390456 -0.0033053 0.00624625 0.0366757 0.0216762 0.00176478 0.00792711 0.0114663 0.00147903 0.00202041 0.000390221 0.0195488 0.00213765 0.00506604 0.0107188 0.000628121 0.000543511 -0.000154362 0.00661713 0.00126153 0.00420641 0.000190718 0.000821187,800,0,cuda,1.26,6.28
test,1519,great_pyrenees_43,great_pyrenees,dog,wrong,wheaten_terrier,kernel,35,0.464284,36,0.427117,0.897673,0.470556,0.065006,0.864252,0.0,,0.8139,0.666667,0.00371701 0.0159686 0.00405653 -0.0152376 -0.00819572 0.134362 -0.0569624 -0.0195768 -0.0112332 0.00158462 -0.0281779 -0.17664 0.0380653 -0.0137514 0.00316508 -0.0397023 -0.078603 0.0738173 -0.00256457 -0.0200902 0.0225609 0.386892 0.0735835 0.00143784 -0.0331409 0.131622 -0.0079321 0.0842425 -0.0221333 0.0101106 0.0110132 -0.0219834 -0.0231024 0.015327 0.0159931 -0.00514553,800,0,cuda,1.35,6.0
test,1519,great_pyrenees_43,great_pyrenees,dog,wrong,wheaten_terrier,partition,35,0.464284,36,0.427117,0.798793,0.371676,0.104709,0.406943,0.0,,,,-0.000747042 0.00109652 9.59423e-05 -0.00143518 0.000813005 0.0408178 -0.0269217 0.0212487 0.00648872 -0.00140338 0.00308561 0.0197306 0.138589 -0.0441545 0.00648507 0.0436165 0.00521279 0.0620784 0.00109664 0.00133609 0.00491955 0.0509354 0.033284 0.00208724 -0.00355745 -0.0033805 0.0164231 0.0248423 0.0086604 0.013107 0.00550786 -0.00225795 0.00414839 0.00656191 0.00303081 0.00190468,800,0,cuda,1.22,6.0
test,663,Birman_69,Birman,cat,correct,Birman,kernel,6,0.99542,29,0.922971,0.979063,0.056092,0.394693,0.731643,0.0,,0.935222,0.666667,0.0149951 0.0578974 0.011004 0.0195639 0.0346369 0.0114752 0.0273059 -0.0102434 0.0134311 0.0897137 0.120911 0.00640451 0.00102444 -0.0389125 0.0204205 0.0843869 0.0312221 0.027068 -0.0246132 -0.00235787 0.0674403 0.0485752 0.0288049 0.0357888 0.0678746 0.0516369 0.077954 0.047275 0.043232,800,0,cuda,1.37,6.25
test,663,Birman_69,Birman,cat,correct,Birman,partition,6,0.99542,29,0.922971,0.990741,0.06777,0.672529,0.688391,0.0,,,,0.00653446 0.0292169 0.0177011 0.00643523 0.0230308 0.00812423 0.0192034 0.00739525 0.0331577 0.106695 0.132793 0.0141728 0.0147053 0.0592048 0.00195904 0.0554098 0.0167937 0.0223245 0.0926268 0.0124673 0.0232739 0.0844526 0.0254706 0.0210515 0.0724475 0.0295001 0.0172176 0.00072129 0.00982858,800,0,cuda,1.4,6.25
test,826,boxer_46,boxer,dog,correct,boxer,kernel,8,0.906545,36,0.276547,0.643126,0.36658,0.068875,0.918845,0.0,,0.655727,0.666667,0.000451286 -0.000926501 0.114836 0.0389464 0.0195152 0.0534943 0.392755 0.217224 -0.0568905 0.0181056 0.0151356 0.0368687 0.00833196 0.0168397 0.00500407 0.046147 -0.010946 0.00615232 -0.135786 0.00286659 0.0163912 -0.0197899 -0.0258377 0.0197997 0.0194469 0.0257865 -0.00346623 0.039827 0.0307375 -0.00267251 -0.0103484 -0.00986611 0.00544587 0.00109258 0.0185544 0.00305102,800,0,cuda,1.46,6.45
test,826,boxer_46,boxer,dog,correct,boxer,partition,8,0.906545,36,0.276547,0.463807,0.187261,0.148253,0.906505,0.0,,,,0.00250566 0.00141838 0.0204438 0.0145674 0.0807627 -0.00609628 0.387498 0.189854 -0.00742848 0.0134562 0.0221223 -0.0107372 0.00172698 0.0533692 0.0125576 0.0599958 0.00360179 0.00487179 -0.00516236 0.00510029 0.00161405 -0.00513929 -0.000867743 0.00368764 0.00266205 0.00119824 0.00600835 0.00118228 0.00403419 0.0102152 0.00382031 0.00749398 0.00666432 0.00180554 0.00488854 0.002581,800,0,cuda,1.24,6.45
test,502,Bengal_196,Bengal,cat,correct,Bengal,kernel,5,0.853974,39,0.55975,0.935709,0.375959,0.064422,0.582608,0.0,,0.801417,0.666667,0.0751868 0.110435 0.00513628 -0.00918461 0.0280756 -0.0122975 0.0352201 0.143387 0.0479352 0.0753557 -0.0034957 0.00620775 0.0242375 0.0247624 0.0343782 0.0112945 -0.00697791 0.0163614 -0.0169603 0.0535655 -0.0199143 0.00692297 0.00814979 0.0195833 0.0358924 -0.00474589 0.015059 -0.0238733 0.0251918 0.0107058 0.0140323 -0.0145405 0.0334428 0.00919274 0.0233382 0.0224628 0.00256172 0.011236 0.00497501,800,0,cuda,1.62,6.3
test,502,Bengal_196,Bengal,cat,correct,Bengal,partition,5,0.853974,39,0.55975,0.801579,0.24183,0.137063,0.52847,0.0,,,,0.0333003 0.171503 0.00391703 0.00257528 0.00833311 0.00788643 0.017421 0.0942415 0.0328742 0.0720203 0.00240238 -0.000796147 0.00303026 0.0257055 0.0364412 0.00719565 -0.01622 0.0109948 -0.00374847 0.00175435 -0.000457196 0.000915145 0.0288108 0.00985857 0.0027163 0.00149442 -0.0166337 0.0185607 -0.00377324 0.0414982 0.0560599 -7.81555e-05 0.0168635 0.0151581 0.0628094 0.0104199 0.022406 0.034586 0.0102488,800,0,cuda,1.27,6.3
test,1770,japanese_chin_8,japanese_chin,dog,correct,japanese_chin,kernel,17,0.956909,33,0.446548,0.950676,0.504128,0.039397,0.740794,0.0,,0.623663,0.833333,0.00318802 0.213307 0.205378 0.0165691 0.0174997 0.100038 -0.0299793 0.129621 -0.0125892 0.00128793 -0.0034138 0.15677 -0.0146879 0.000403775 0.0147386 -0.0144726 -0.000363701 0.0305613 -0.0173432 0.0342677 -0.0217468 -0.00279402 0.0252788 0.118104 0.00961066 0.00194099 -0.00825176 0.027359 -0.00340982 -0.00275157 -0.0167342 -0.0218384 -0.00193239,800,0,cuda,1.47,6.31
test,1770,japanese_chin_8,japanese_chin,dog,correct,japanese_chin,partition,17,0.956909,33,0.446548,0.926681,0.480133,0.04842,0.656057,0.0,,,,-0.0052976 0.211797 0.0494193 0.0100058 -0.00114492 0.0805806 -0.00215219 0.0994728 0.00715805 0.00931032 0.0663876 0.231774 -0.00256671 0.00512389 0.0631529 0.000595448 0.00706023 0.00369992 -0.000955472 0.00949317 -0.00372062 -0.0034249 -0.00444321 0.107169 0.00438333 0.00186744 -0.00143034 -0.00293187 -0.00104185 -0.00193704 -0.00250363 -0.000863863 -0.000422677,800,0,cuda,1.22,6.31
test,1746,japanese_chin_68,japanese_chin,dog,correct,japanese_chin,kernel,17,0.998006,34,0.342076,0.985322,0.643246,0.099587,0.831228,0.0,,0.75508,1.0,0.0263723 0.00197337 -0.0133505 -0.00146242 0.000782215 0.00279828 0.00715061 0.018619 0.00661239 -0.00715796 0.0351931 0.0147452 0.2118 0.228463 0.0114406 0.0282367 -0.018521 0.0119153 0.043569 0.194643 0.0364987 -0.00650767 0.0175801 0.00770327 0.0916562 0.122195 -0.00157719 -0.00924332 0.0326528 -0.0358546 0.00451594 -0.0311697 -0.0441744 -0.0133863,800,0,cuda,1.42,6.06
test,1746,japanese_chin_68,japanese_chin,dog,correct,japanese_chin,partition,17,0.998006,34,0.342076,0.985322,0.643246,0.067237,0.816227,0.0,,,,-0.000970663 -0.00198084 -0.00213329 -0.00347456 -0.00512903 -7.60348e-05 -1.71887e-05 0.00703944 -0.00340294 -0.00136239 0.0148008 0.00320807 0.206633 0.289301 -0.000153855 0.00096658 -0.00490004 0.00576838 0.0238625 0.303672 0.0108349 0.00582087 0.00349436 0.0135729 0.0588124 0.044612 0.000344491 0.00146692 0.0135268 -0.000333018 0.00402458 -0.00216481 -0.0075249 -0.00342749,800,0,cuda,1.25,6.06
test,1763,japanese_chin_83,japanese_chin,dog,correct,japanese_chin,kernel,17,0.994404,31,0.488441,0.976778,0.488337,0.088891,0.802416,0.0,,0.766734,0.833333,0.0150187 0.148906 -0.0164343 0.0720537 0.00425212 0.0487651 0.0700031 0.037155 0.0106105 0.108179 0.012807 0.0814471 0.000659457 0.00645017 0.167669 0.0109399 0.00240557 0.0259229 0.0467862 -0.00128662 0.0608285 0.0344146 -0.0116322 0.0192564 0.00443212 -0.00360728 0.0174813 -0.0102232 -0.00716666 0.021027 -0.00601071,800,0,cuda,1.52,6.14
test,1763,japanese_chin_83,japanese_chin,dog,correct,japanese_chin,partition,17,0.994404,31,0.488441,0.899226,0.410785,0.1279,0.715304,0.0,,,,0.0266072 0.215283 0.00402076 0.100107 0.00176472 0.0872934 0.0789009 0.0693867 0.0513773 0.0427922 -0.0156804 0.0164018 0.010639 0.0278833 0.107487 0.0169439 0.00679275 0.0627709 0.024698 0.0274993 0.00640507 0.00564639 0.000476091 -0.00230931 0.00148533 -0.00194534 -0.000183762 -0.000106183 -9.48584e-05 -0.000677993 -0.000555182,800,0,cuda,1.28,6.14
test,1122,Egyptian_Mau_3,Egyptian_Mau,cat,correct,Egyptian_Mau,kernel,11,0.999506,31,0.451531,0.657512,0.205981,0.414887,0.796469,0.0,,0.680847,0.666667,-0.00281473 0.0215224 -0.0284809 -0.0142512 -0.00786488 0.0184891 -0.0136912 0.00801946 0.013757 0.0189855 0.0630841 0.028743 0.0804739 -0.0062038 -0.0127085 0.0676261 -0.0142397 0.0357842 0.00551739 0.0329161 0.164945 0.0276866 0.0153474 0.15975 0.0297844 0.0385879 0.0533417 -0.00343339 0.00223357 0.147789 -0.0064315,800,0,cuda,1.58,6.38
test,1122,Egyptian_Mau_3,Egyptian_Mau,cat,correct,Egyptian_Mau,partition,11,0.999506,31,0.451531,0.500929,0.049399,0.40718,0.749566,0.0,,,,0.00327103 0.0158717 0.000583891 0.00776704 -0.000150799 0.0204109 0.0216276 0.0217595 0.0422716 0.0487174 0.0359677 0.0646677 0.0360934 0.0334797 0.0077431 0.0329503 0.00792216 0.0196548 0.0171993 0.0169129 0.11405 0.0108219 0.0088333 0.106847 0.0436324 0.0375072 0.037873 0.0047652 0.000261934 0.102354 0.00259781,800,0,cuda,1.33,6.38
test,1572,great_pyrenees_91,great_pyrenees,dog,correct,great_pyrenees,kernel,15,0.609534,40,0.597218,0.844107,0.246889,0.026214,0.459529,0.0,,0.64728,0.666667,0.0255045 0.114536 -0.0212373 0.0111952 -0.00306138 0.147088 0.126357 0.0128801 0.00258545 -0.0259306 0.112743 -0.0172871 -0.000354572 0.0649056 0.107138 -0.0293546 0.0628879 0.00441784 0.00670731 0.00872166 -0.0345582 0.0291983 -0.0197092 -0.0126364 -0.0226184 -0.0278452 -0.000721225 0.0236246 -0.00892238 0.0127281 -0.00871645 0.0138038 -0.0281302 0.0125042 -0.0177114 0.0072849 0.00689686 -0.0272894 0.0065044 -0.0100881,800,0,cuda,1.48,6.55
test,1572,great_pyrenees_91,great_pyrenees,dog,correct,great_pyrenees,partition,15,0.609534,40,0.597218,0.844107,0.246889,0.025704,0.515615,0.0,,,,-0.00168533 0.0375573 -0.0110017 -0.00131375 -0.00555799 0.183561 0.115364 -0.00908147 0.0190443 -0.00262408 0.0709907 0.0113476 0.0058763 0.026061 0.0544363 0.0155672 0.0327295 0.00662811 0.00259827 0.0021879 0.00589164 0.0244749 0.00173971 -0.0134665 0.000104513 0.00270026 0.031547 0.0140355 -0.00191345 0.00284205 -0.0057197 -0.00486913 -0.00263366 0.00112871 -0.00908102 0.00345564 -0.00139994 -0.00415756 0.00990645 -0.00323066,800,0,cuda,1.27,6.55
test,2395,pomeranian_22,pomeranian,dog,correct,pomeranian,kernel,24,0.969692,39,0.428811,0.671003,0.242193,0.025414,0.612874,0.0,,0.59251,0.833333,0.0136324 -0.0188276 -0.0169705 -0.00168233 0.00536581 -0.016301 0.00165954 0.0169415 -0.0261585 0.0188757 0.120351 0.131992 0.0179614 0.203289 -0.0142264 0.0307958 0.144851 -0.00826962 0.073329 0.0273567 -0.0351427 -0.0194095 0.0102755 0.0175842 0.0535434 -0.0258221 0.0249648 0.0474048 0.0180714 0.0331607 0.0472317 -0.0269143 0.00696033 0.0236327 0.0316311 0.0231942 0.0118694 0.00534694 0.0103657,800,0,cuda,1.4,6.19
test,2395,pomeranian_22,pomeranian,dog,correct,pomeranian,partition,24,0.969692,39,0.428811,0.683861,0.25505,0.020895,0.661428,0.0,,,,-0.00128219 -0.000201861 -0.00146212 -0.00078544 -0.0025249 -0.00655071 -0.00443951 0.0114095 0.00291882 0.0400668 0.104466 0.055864 0.00169819 0.242155 0.00118234 0.0357477 0.0728206 0.00405172 0.0354599 0.00397405 0.00406501 0.0503516 0.00215246 0.0309643 0.110197 0.00302676 0.0138848 0.030767 0.0201447 0.0213559 0.00116579 0.000970952 0.00935543 0.0191967 0.00132065 0.0174559 0.0139833 0.0108077 0.00617963,800,0,cuda,1.21,6.19
test,463,beagle_69,beagle,dog,wrong,basset_hound,kernel,3,0.493333,39,0.433275,0.734635,0.30136,0.05439,0.59424,0.0,,0.753846,0.666667,-0.00486046 0.0285373 0.0626245 0.170618 0.128685 0.0116845 0.0646681 -0.0169731 0.0207782 -0.0160303 0.0518434 -0.00756492 0.0390535 0.102733 -0.0719509 0.0208109 0.0107024 -0.000297426 0.00106794 -0.102728 -0.0494308 0.0424544 0.0263858 -0.0590573 -0.0416214 0.104713 -0.0243459 -0.00900178 -0.0155915 0.024942 -0.0270932 -0.0232796 -0.0238316 0.0120629 0.0086747 0.0438482 -0.00979823 -0.0170069 0.0124087,800,0,cuda,1.6,6.18
test,463,beagle_69,beagle,dog,wrong,basset_hound,partition,3,0.493333,39,0.433275,0.473204,0.039929,0.047386,0.506096,0.0,,,,0.0290468 0.0249658 0.0441492 0.100342 0.0577447 -0.0013352 0.073 -0.000504984 -0.0016501 -0.000296133 0.00793225 0.000745282 0.0134499 0.0385082 -0.03078 0.00272854 0.0110577 0.0133095 0.00385761 -0.0213839 -0.00262046 0.0232381 0.0242316 0.00729351 -0.100034 -0.00639751 -0.0154564 -0.00625912 0.00957949 0.00326244 0.0330908 0.0348109 0.00281933 0.0123912 0.0429963 0.0526475 -0.00252478 -0.00686052 -0.00226342,800,0,cuda,1.2,6.18
test,1478,german_shorthaired_97,german_shorthaired,dog,correct,german_shorthaired,kernel,14,0.984683,38,0.511958,0.982527,0.470569,0.158016,0.734788,0.0,,0.651822,1.0,-0.00395842 0.0143054 -0.00530504 0.0449656 -0.0225788 0.00418221 0.00961384 0.0829234 0.0253076 0.00378938 -0.00232783 0.084601 0.10352 0.0101879 0.0234303 0.0469719 0.0077213 0.0018304 -0.0157806 -0.0217465 0.049485 0.22512 0.0272407 -0.0134352 -0.00343859 0.00829622 0.0326714 0.0589653 0.0211773 0.0076858 0.050706 0.00569768 0.0468656 0.032562 -0.00674995 0.0213011 0.00225125 -0.00329206,800,0,cuda,1.6,6.19
test,1478,german_shorthaired_97,german_shorthaired,dog,correct,german_shorthaired,partition,14,0.984683,38,0.511958,0.810654,0.298697,0.169341,0.666744,0.0,,,,0.00259974 0.0343322 0.00318527 0.00583903 0.00812142 0.0079322 0.0199839 0.0568806 0.00416631 0.02992 0.0100011 0.0713049 0.106238 0.00475349 0.0320085 0.0728643 0.00252081 0.00525342 0.00563609 0.0135177 0.0578554 0.0856396 0.0101313 0.00772418 0.0181477 0.0037893 0.0518246 0.0575852 0.0106363 0.00436501 0.0311011 0.00556497 0.0427716 0.0329201 0.0131234 0.0101795 0.00917511 0.00516926,800,0,cuda,1.17,6.19
test,3126,shiba_inu_51,shiba_inu,dog,correct,shiba_inu,kernel,31,0.999963,44,0.11358,0.415053,0.301472,0.207597,0.964379,0.0,,0.354616,0.547619,-0.00591001 0.00979707 0.0058351 0.00871564 0.0108119 0.0101448 -0.00536424 -0.0139899 0.0019826 0.0142853 -0.0165963 -0.00501021 0.00935251 -0.00151339 -0.0147645 -0.00826744 0.00515291 -0.00503571 -0.00380466 0.0500329 0.745207 0.00822798 0.00388253 0.0115049 0.0181033 -0.00023687 0.0851881 0.0153714 -0.0132093 0.0154232 -0.000892017 -0.00256245 0.0011226 0.0138197 -0.00308244 -0.00101883 -0.00560199 -0.0106885 0.00731946 0.0245186 0.00574422 0.0027487 -0.00198077 -0.00104833,800,0,cuda,1.5,6.4
test,3126,shiba_inu_51,shiba_inu,dog,correct,shiba_inu,partition,31,0.999963,44,0.11358,0.425823,0.312243,0.179895,0.966912,0.0,,,,0.00370414 0.000845276 0.0124606 0.00240617 0.00845458 0.0715493 -0.00296844 -0.0054182 0.00153638 0.0058733 0.00414434 0.00146027 0.0479072 -0.00201677 0.0270217 0.0291465 0.0865364 0.0312196 0.0130639 0.0679701 0.256562 0.0116971 -0.00498834 -0.012011 0.0168902 0.00659656 0.029462 0.0161553 0.0180757 0.0388283 0.00563829 0.00236737 0.0339642 0.0388967 0.0120363 0.0296536 0.0071327 0.0103877 0.0267694 0.00197343 0.0035702 0.00527634 0.00308758 0.000796966,800,0,cuda,1.26,6.4
test,3329,Sphynx_41,Sphynx,cat,correct,Sphynx,kernel,33,0.988011,28,0.716956,0.980722,0.263766,0.121003,0.828847,0.0,,0.926656,0.666667,0.0507988 0.0186647 0.0651763 0.259306 0.145485 -0.0194732 0.0118846 0.0334743 -0.00782312 -0.00426357 -0.0492604 0.0316881 -0.0163195 0.062391 0.070467 0.0543293 -0.0238739 0.0472952 0.0210088 0.0392407 0.00104718 0.0741792 0.00331563 0.0043497 0.0295984 0.0236263 0.0185114 0.0105082,800,0,cuda,1.42,6.05
test,3329,Sphynx_41,Sphynx,cat,correct,Sphynx,partition,33,0.988011,28,0.716956,0.983273,0.266317,0.23892,0.708628,0.0,,,,0.0102039 0.0440748 0.0571821 0.196896 0.112038 0.0229438 0.0321959 0.0773864 0.0553949 0.0211056 -0.00296679 0.00700625 0.00172641 0.0624051 0.0133491 0.0662466 -0.0118727 0.0183427 -0.0208546 0.0613139 -0.00469356 0.0410406 -0.00156029 0.0146221 0.0162545 0.0538953 0.00431377 0.00734267,800,0,cuda,1.19,6.05
test,185,american_bulldog_89,american_bulldog,dog,wrong,american_pit_bull_terrier,kernel,2,0.277045,41,0.249522,0.351959,0.102438,0.009145,0.528254,0.0,,0.706882,0.547619,-0.00140008 0.00502776 0.00224091 0.00728526 -0.0132451 0.0393561 0.0481696 -0.00430475 0.120849 0.101554 0.0475177 -0.00657868 0.0192102 -0.00125773 0.0819182 0.0382869 0.0378343 -0.132152 -0.0167957 -0.0151552 -0.00565163 -0.0122538 0.0127264 0.0073446 -0.0559856 -0.0678676 0.00575149 -0.0232041 -0.00384801 0.00537495 -0.0158103 0.00200655 0.0062922 -0.0162081 0.00413534 -0.0208321 0.00289148 0.038736 0.0446907 -0.0107811 0.0128603,800,0,cuda,1.43,6.29
test,185,american_bulldog_89,american_bulldog,dog,wrong,american_pit_bull_terrier,partition,2,0.277045,41,0.249522,0.520556,0.271034,0.009615,0.71582,0.0,,,,0.0021623 -0.00120153 0.00474968 0.00510944 0.0322285 0.0035294 0.0397334 0.0059536 0.115112 0.0352643 0.00183205 0.000380974 0.00624464 -0.000711047 0.0841166 -0.0107299 0.0495299 -0.146775 4.24619e-05 -0.00626427 -0.0277194 -0.00433542 0.0115891 0.00929449 -0.00355768 -0.0228585 0.00939093 0.0047937 0.00217964 0.013016 0.0136326 0.00481602 0.00432031 0.0029989 0.00569072 0.00247587 0.00492374 0.00540962 0.00533163 0.00168982 0.00533833,800,0,cuda,1.23,6.29
test,3599,yorkshire_terrier_37,yorkshire_terrier,dog,wrong,scottish_terrier,kernel,30,0.809852,39,0.615155,0.797086,0.181932,0.088109,0.685098,0.0,,0.740891,0.547619,0.0454793 0.0356632 0.0104755 0.00664276 0.0387237 0.0173693 0.00037127 0.0118662 0.00866567 0.0389317 -0.0106722 -0.00113815 0.0338796 -0.0079617 -0.00833989 0.0143417 -0.00627272 -0.0153801 0.0254559 0.209363 -0.0197919 0.0524028 0.00341512 0.0885186 -0.00201876 0.0689701 -0.0208403 0.0211522 0.030977 -0.0109631 0.00205559 0.0905147 0.0205743 0.0143929 -0.0140134 0.0133645 -0.024155 0.0279368 0.0119101,800,0,cuda,1.33,6.3
test,3599,yorkshire_terrier_37,yorkshire_terrier,dog,wrong,scottish_terrier,partition,30,0.809852,39,0.615155,0.990773,0.375618,0.141917,0.50126,0.0,,,,0.00953125 0.0127672 0.0012084 0.0326643 0.0128127 0.00633631 0.00425028 0.0551587 0.0129537 0.0473023 0.0195807 0.0154045 0.0360935 0.00108338 0.00372864 0.0259797 0.0244494 0.0411495 0.00861734 0.128239 0.00185745 0.026503 -0.00116962 0.0684637 0.00106601 0.0362159 0.00130171 0.00316606 0.0412717 0.000257071 0.0121447 0.0811324 0.0156025 0.00581313 0.00362225 -0.000596372 0.00448382 0.00327128 -0.00185159,800,0,cuda,1.17,6.3
test,1559,great_pyrenees_7,great_pyrenees,dog,correct,great_pyrenees,kernel,15,0.609576,38,0.184929,0.762508,0.577579,0.016048,0.589237,0.0,,0.645257,0.833333,-0.00789437 0.00703603 -0.0199711 0.0138497 0.0188301 -0.032583 0.0159977 0.0275009 0.00955175 0.0239192 0.00739128 -0.00980326 0.120073 0.0702945 -0.0107005 0.0356747 0.015521 0.0269627 0.0681354 0.152067 0.126357 0.034258 0.012582 -0.0121855 -0.0226986 0.00597227 0.0101925 -0.0223099 -0.00690761 -0.010627 0.0147835 -0.0102841 0.00585676 -0.0195354 -0.0287542 0.00924905 -0.00849092 -0.00522807,800,0,cuda,1.66,6.34
test,1559,great_pyrenees_7,great_pyrenees,dog,correct,great_pyrenees,partition,15,0.609576,38,0.184929,0.824097,0.639168,0.015512,0.51513,0.0,,,,0.00285181 0.000394696 0.0010727 0.00294738 0.0108642 -0.00045945 0.00164774 0.021946 0.0198506 0.000276463 0.00177172 0.00363742 0.0269901 0.0446639 0.0118078 0.0277871 0.0307706 0.0102179 0.0868958 0.223772 0.138751 0.0481057 0.0308661 0.0394671 0.00252655 0.00507492 -0.0103958 -0.0355373 -0.00639145 -0.00600084 -0.0474291 -0.018443 -0.0150452 -0.0404245 -0.00531466 -0.00215407 -0.00304685 -0.000233816,800,0,cuda,1.23,6.34
test,1939,leonberger_62,leonberger,dog,correct,leonberger,kernel,19,0.995065,37,0.56816,0.835328,0.267168,0.098734,0.593571,0.0,,0.338668,1.0,0.0465703 0.041622 -0.005896 -0.00221728 0.0191585 0.00569853 0.00103948 0.0498137 -0.0153557 0.0978548 -0.0048934 -0.0047324 -0.00231448 0.0930523 0.0183288 0.00134659 0.0254471 0.0204647 -0.0268134 0.0166315 -0.00144809 0.068136 0.0308032 0.0169028 0.215783 0.0279321 0.0350293 0.0194847 0.00308505 0.126598 0.0124855 0.0146929 0.0269177 0.0118443 -0.00594996 -0.00464711 0.0191751,800,0,cuda,1.34,6.17
test,1939,leonberger_62,leonberger,dog,correct,leonberger,partition,19,0.995065,37,0.56816,0.801811,0.233651,0.094192,0.489267,0.0,,,,0.00477462 0.000965785 -0.00121181 -0.00146398 0.00110695 0.0030145 0.00827418 0.00870454 0.00583892 0.0707422 0.00556306 0.00547348 0.00997328 0.0586877 0.0117283 0.0178812 0.00434599 0.0221705 0.00112009 0.0191008 0.0287271 0.0432448 0.00525577 0.0272974 0.374907 0.0130902 0.0174888 0.0545421 0.00090008 0.0925434 0.0302607 0.00406438 0.00682941 0.00525794 0.00772748 0.0144464 0.00825701,800,0,cuda,1.26,6.17
test,2637,Ragdoll_57,Ragdoll,cat,wrong,Birman,kernel,6,0.463458,34,0.611707,0.988183,0.376476,0.270468,0.722859,0.0,,0.764248,0.547619,0.00141811 -0.00638996 -0.00880547 -0.0378344 -0.0168046 0.00545306 0.0173402 0.0129576 -0.0567702 0.00830637 0.0313131 -0.0394246 0.0125353 0.0252983 0.122201 0.0294722 0.0657149 0.0765885 0.0152396 0.00837794 0.0203168 0.00108106 0.0417436 0.0630754 -0.00527544 0.0655765 -0.0220429 -0.0175996 0.00273312 0.0168657 0.0107978 0.00436445 0.00230527 -0.018176,800,0,cuda,1.56,6.73
test,2637,Ragdoll_57,Ragdoll,cat,wrong,Birman,partition,6,0.463458,34,0.611707,0.755442,0.143736,0.431427,0.626334,0.0,,,,0.00661742 0.00126104 -0.0120202 -0.0236872 0.00924109 0.00536914 0.00861844 0.000742015 0.0160979 0.016569 0.00260757 -0.0173531 0.00259669 0.0258266 0.00907869 0.0108398 0.0204591 0.0163971 0.0227163 0.0727352 0.0360423 0.10608 0.00902743 0.00599102 0.0257569 0.0832583 -0.0242678 -0.0121736 0.0129015 0.00756785 -0.00629449 0.00387005 0.00389482 -0.0144141,800,0,cuda,1.27,6.73
test,668,Birman_73,Birman,cat,correct,Birman,kernel,6,0.935482,41,0.559012,0.98541,0.426398,0.190166,0.920935,0.0,,0.631446,1.0,0.00498435 0.0261708 0.00629304 -0.00759605 0.00327875 0.0180123 0.0156764 -0.0212903 -0.01342 -0.00659574 -0.00565627 0.0755078 0.00192411 0.13673 -0.0103182 0.181391 0.0106435 0.149073 -0.000605814 0.0182561 0.00216427 -0.0133564 0.202559 8.00583e-05 0.0107434 0.113448 -0.0073975 -0.00767386 0.0334168 -0.00450015 -0.00987009 0.00863344 0.00238829 -0.00195225 0.0192313 0.00562163 -0.00846101 -0.0184284 -0.00394299 0.0185937 -0.019778,800,0,cuda,1.33,6.3
test,668,Birman_73,Birman,cat,correct,Birman,partition,6,0.935482,41,0.559012,0.98541,0.426398,0.303329,0.895817,0.0,,,,0.00120957 0.0222995 0.00087483 0.000146547 0.0410223 0.0466779 0.0337993 0.0118046 0.00021848 0.0224149 0.0127531 0.0489475 -0.000644252 0.119506 -0.00522957 0.148349 0.00717314 0.180555 -0.00173749 0.0097511 0.00235858 0.0117361 0.091813 0.00269245 0.00263193 0.10179 7.45198e-05 0.0214876 -0.00973981 0.00876582 0.000142421 -0.0121342 -0.00274839 -0.000722502 -0.00142853 -0.00225647 -0.00121942 -0.0041848 -0.00527534 0.000599286 -0.000296211,800,0,cuda,1.26,6.3
test,1073,chihuahua_8,chihuahua,dog,correct,chihuahua,kernel,10,0.999891,40,0.442303,0.866376,0.424073,0.04259,0.881517,0.0,,0.439212,0.833333,-0.00503502 -0.0133234 0.00554876 0.0115819 0.00761473 0.0403234 -0.0195957 0.00504867 0.483506 -0.0133076 0.0110347 0.0112535 0.0651705 0.00436494 0.172461 0.187799 0.0109639 -0.00653671 0.00474962 0.00254382 0.000342552 0.0241344 0.0169322 -0.00597743 0.0047923 -0.00365406 0.00650283 0.000396597 0.00424266 0.008077 0.00588884 -0.0132498 0.00752455 -0.0147054 -0.0159734 -0.00359103 0.0309748 -8.474e-05 -0.0042681 -0.0227517,800,0,cuda,1.48,6.28
test,1073,chihuahua_8,chihuahua,dog,correct,chihuahua,partition,10,0.999891,40,0.442303,0.703644,0.261341,0.039657,0.882556,0.0,,,,-0.00285763 0.0210093 0.00386964 0.00194491 0.000483651 0.00754361 0.00509059 0.00658198 0.507714 0.00116865 0.00801957 0.00391114 0.0429218 0.00158513 0.181942 0.152964 0.00790207 0.00149689 0.00230361 0.00517448 0.0017876 0.0114093 0.018048 -2.70331e-05 6.08248e-06 -7.53953e-05 -7.7925e-05 1.89845e-05 -9.12591e-05 -2.30254e-05 -0.000110327 -4.58526e-05 4.6456e-06 0.000103632 2.63016e-05 -5.90161e-05 1.99087e-05 3.976e-05 -1.01875e-05 6.25662e-06,800,0,cuda,1.2,6.28
test,1648,havanese_6,havanese,dog,correct,havanese,kernel,16,0.986225,33,0.698362,0.875764,0.177402,0.132974,0.888655,0.0,,0.851939,1.0,0.0350314 -0.0353455 0.0676225 0.0700336 -0.00175061 0.119445 0.000645686 0.136657 0.0255299 -0.0182872 0.059721 -0.037291 -0.0274046 0.140303 0.13438 -0.0103453 -0.00247901 -0.0239029 0.000745766 0.0715371 0.0285532 0.0572799 -0.0645323 0.209367 0.0172784 -0.0017013 -0.0168462 -0.00522326 0.015397 -0.00544266 0.00503451 -0.00229001 0.0195048,800,0,cuda,1.37,6.1
test,1648,havanese_6,havanese,dog,correct,havanese,partition,16,0.986225,33,0.698362,0.873045,0.174683,0.098218,0.8728,0.0,,,,0.00803097 0.00257071 0.0137958 0.0473934 0.000498454 0.157504 0.0170349 0.310251 0.00221898 0.000638059 0.095691 0.000230457 -0.000281384 0.10677 0.0821387 -0.000306597 0.0107643 -0.00100754 -0.000770097 0.0188317 -0.000343169 0.000426272 -0.00337653 0.0949395 0.000118508 -0.000996652 -0.000786455 -0.000216923 -8.4497e-05 -0.000162895 -0.000431878 0.000197368 -5.49501e-05,800,0,cuda,1.29,6.1
test,1449,german_shorthaired_70,german_shorthaired,dog,correct,german_shorthaired,kernel,14,0.995608,32,0.480887,0.740678,0.25979,0.121946,0.556429,0.0,,0.782258,1.0,0.0399997 -0.00101135 0.0383477 -0.00167101 0.178834 0.0453307 0.0794645 -0.0107204 0.018214 0.0410976 0.0652205 0.0436902 0.0210152 0.0268353 0.0191374 0.0188742 0.143474 0.0114046 0.0151489 0.0254924 0.0235892 0.000488626 0.015008 0.0794908 0.0131784 0.0320039 -0.0559437 0.0129934 0.00347722 0.00497567 0.0189761 -0.00072909,800,0,cuda,1.36,6.13
test,1449,german_shorthaired_70,german_shorthaired,dog,correct,german_shorthaired,partition,14,0.995608,32,0.480887,0.829057,0.348169,0.148638,0.457518,0.0,,,,0.0302535 0.0361001 -0.000731072 -0.00359528 0.0969169 0.0274041 0.0218832 0.00266053 0.00457041 0.00111375 0.133961 0.0119118 0.0946736 0.0012998 0.0464519 0.0217439 0.187775 0.00687202 0.013257 0.0402343 0.020351 0.010821 0.0101123 0.0624394 0.0165992 0.0462139 0.00301269 0.00256589 0.00672972 0.00516898 0.00606483 0.000851082,800,0,cuda,1.24,6.13
test,3564,wheaten_terrier_96,wheaten_terrier,dog,correct,wheaten_terrier,kernel,35,0.999873,36,0.357143,0.943668,0.586525,0.104911,0.927995,0.0,,0.677735,0.666667,-0.00515063 0.00552878 0.00910995 0.0133899 0.028786 0.0113438 -0.0145008 -7.04372e-06 0.0114906 -0.0309157 0.220142 0.0115378 0.0191774 0.0137049 0.00352068 0.170009 0.251828 8.84301e-05 0.0844155 -0.022228 0.0112958 0.120877 -0.0323489 -0.010837 0.00770894 0.0200818 0.062826 0.0340051 0.00907094 0.0543925 0.0115276 -0.00549459 -0.063177 -0.0332715 6.8429e-05 0.0109407,800,0,cuda,1.61,6.43
test,3564,wheaten_terrier_96,wheaten_terrier,dog,correct,wheaten_terrier,partition,35,0.999873,36,0.357143,0.673868,0.316726,0.190683,0.919349,0.0,,,,0.000376005 0.000772551 0.000335055 0.0165578 0.024604 0.0136553 0.00447375 0.0189735 0.0186987 0.0104643 0.246679 0.0140444 0.0267164 0.0731161 0.0307541 0.141367 0.261736 0.0264466 0.00277466 0.0159978 0.00090327 0.0163171 -3.32905e-05 0.000607213 2.34115e-05 0.00112251 0.00112536 0.00106528 0.000635652 0.00462058 0.0013737 -0.000797769 0.00214272 0.000557276 -0.000200621 0.000930602,800,0,cuda,1.24,6.43
test,1065,chihuahua_82,chihuahua,dog,correct,chihuahua,kernel,10,0.999316,32,0.184112,0.417389,0.233277,0.015548,0.857201,0.0,,0.41404,1.0,-0.0159849 -0.0198428 0.00629021 -0.00939736 0.0306597 -0.0264908 -0.00560041 -0.020419 0.000348141 0.0195335 -0.0223444 0.0752422 -0.00290437 0.00472123 0.0293354 -0.017803 0.342931 0.0266601 0.115843 0.0215958 0.107239 0.0104797 -0.0226897 0.278022 -0.0245885 0.0282316 0.0104129 0.0936681 0.0104322 -0.0123639 -0.00554634 -0.0145258,800,0,cuda,1.42,6.17
test,1065,chihuahua_82,chihuahua,dog,correct,chihuahua,partition,10,0.999316,32,0.184112,0.417389,0.233277,0.015576,0.838972,0.0,,,,-0.000533834 -0.000130576 -4.92105e-05 -0.00121258 0.00247276 -5.11738e-05 -0.000643199 -0.000118103 -0.000116449 -0.00013285 -0.000281368 0.0228911 -0.000478887 -0.00129294 0.00604791 0.00249665 0.599222 -0.00221343 0.0331435 -0.000769975 0.136506 -0.00306553 -0.00195442 0.143718 0.0153685 -0.00864436 0.00132902 0.0570057 -0.000287142 -0.00204174 -0.00545043 0.000411046,800,0,cuda,1.29,6.17
test,3532,wheaten_terrier_67,wheaten_terrier,dog,correct,wheaten_terrier,kernel,35,0.987478,43,0.572864,0.999494,0.426631,0.085016,0.85155,0.0,,0.652371,1.0,-0.00824449 0.00785289 0.112294 -0.00704043 0.0293033 0.00534883 0.12884 0.0274201 0.0316601 0.0749106 0.01118 0.137842 0.0937529 0.00661384 0.0533961 0.0614024 -0.0131874 0.0166043 -0.00373446 3.36127e-05 0.00594257 0.102286 0.0308899 0.0224172 -0.0116306 -0.0152784 0.0288413 0.0159817 0.0138688 0.0131658 0.00133738 -0.0171916 0.0114922 -0.0138919 0.0089024 0.00279929 0.01304 0.0122311 0.0210123 -0.00309682 -0.0125817 -0.0215846 -0.0086599,800,0,cuda,1.51,6.42
test,3532,wheaten_terrier_67,wheaten_terrier,dog,correct,wheaten_terrier,partition,35,0.987478,43,0.572864,1.0,0.427136,0.18931,0.711826,0.0,,,,0.00222365 0.0241387 0.0638455 0.023616 0.0170334 0.0166814 0.138617 0.00144213 -0.00732947 0.0526899 -0.00696872 0.0630775 -0.0346571 -0.00161391 0.0567744 -0.00719396 -0.00257183 0.00046232 -0.0032297 0.000257044 0.00375368 0.101877 0.149991 0.0111483 0.0163448 0.0133371 0.0682924 0.0448039 0.00748087 0.00615959 0.0128222 0.00193555 0.0343876 0.00816164 0.00430495 0.012324 0.00841569 0.0405146 0.00445154 0.00148279 0.00709286 0.00499801 0.00516552,800,0,cuda,1.24,6.42
test,2948,samoyed_70,samoyed,dog,correct,samoyed,kernel,29,0.999757,33,0.126973,0.423869,0.296896,0.111416,0.904972,0.0,,0.676303,0.666667,0.011326 0.017982 -0.00451361 -0.0050586 -0.00950473 0.0121792 0.0756657 0.338481 0.0212754 0.00272578 0.0335242 0.0102435 0.039713 -0.00178489 -0.0166291 0.37189 0.0205807 0.0305798 0.0023875 0.0253334 0.0117928 0.0267329 -0.00854836 -0.00779185 0.0208775 -0.00867228 0.00630414 -0.0140348 0.0120469 -0.0356767 -0.0126086 0.0040865 0.00811668,800,0,cuda,1.39,6.16
test,2948,samoyed_70,samoyed,dog,correct,samoyed,partition,29,0.999757,33,0.126973,0.410116,0.283143,0.087483,0.91422,0.0,,,,0.00130956 0.00186659 0.000633117 -0.00700773 -5.60136e-05 0.0101651 0.0832252 0.412343 0.0123794 0.00767569 0.00911821 0.0944313 0.0254089 0.00934855 0.00836024 0.249115 0.0107198 0.0119701 0.00124583 0.0138971 0.000258163 0.00223316 0.00111249 0.00202717 0.00221922 0.00206895 0.00251596 0.000475847 0.000513249 0.00488619 0.0022712 0.000490051 0.00180053,800,0,cuda,1.31,6.16
test,3361,Sphynx_80,Sphynx,cat,correct,Sphynx,kernel,33,0.997529,33,0.619719,0.872715,0.252997,0.40264,0.960423,0.0,,0.660929,0.428571,0.0183981 0.0158343 -0.00118021 0.0526239 0.384644 -0.00135554 0.0196705 0.0181676 0.112334 0.00646276 0.00871243 0.050684 0.00919558 0.0232486 -0.0180539 0.0106836 0.0131727 0.00894417 0.00654846 0.00905082 0.0174659 -0.00129578 -0.0133142 0.0295635 0.0509712 0.032788 -0.00438028 -0.00970001 0.0602272 0.0315477 -0.00817981 0.030003 0.00136712,800,0,cuda,1.5,6.11
test,3361,Sphynx_80,Sphynx,cat,correct,Sphynx,partition,33,0.997529,33,0.619719,0.873359,0.25364,0.278116,0.942408,0.0,,,,0.000784308 0.0160478 0.00374118 0.0461847 0.123573 0.000567398 0.0365393 0.0342822 0.129564 0.00344932 0.0452056 0.0412256 0.00521539 0.0476636 0.00964768 0.0157282 0.0749241 0.0496123 0.0101857 0.0334252 0.00916971 0.0036594 0.00786776 0.122751 0.00712363 0.0312761 0.00439925 0.00699755 0.0176881 0.0134577 0.00249327 0.00143802 0.00896185,800,0,cuda,1.29,6.11
test,3034,scottish_terrier_59,scottish_terrier,dog,correct,scottish_terrier,kernel,30,0.999483,42,0.333068,0.83173,0.498662,0.30685,0.861306,0.0,,0.470626,0.547619,-0.00310175 -0.0135689 0.020558 -0.0136765 0.0179437 0.0539051 0.024979 0.0698688 -0.00883878 0.0811091 0.0338208 -0.0122528 -0.0223654 0.0117375 0.229371 0.0566175 0.0869415 -0.00759323 0.0246898 -0.0167341 0.0198312 -0.00111728 0.116653 -0.0152478 0.0599254 0.0529901 0.0121307 0.0317854 0.0459141 0.0524961 0.0381785 -0.0197346 -0.00622988 0.0165114 -0.0110884 -0.0119843 -0.0041871 -0.0242781 0.0248185 -0.00332549 0.00238959 0.0016566,800,0,cuda,1.62,6.56
test,3034,scottish_terrier_59,scottish_terrier,dog,correct,scottish_terrier,partition,30,0.999483,42,0.333068,0.98469,0.651622,0.357719,0.892426,0.0,,,,9.54335e-06 -0.000358598 0.0245768 0.0247217 0.000924702 0.000116567 0.000760904 0.0331289 0.00319675 0.0304782 0.000549664 0.0113244 0.0215656 0.0372189 0.148361 0.0785143 0.178352 0.0308007 0.0115341 0.0196084 0.0168732 0.0106935 0.0609512 0.00498029 0.0576367 0.0203473 0.011608 0.0101986 0.0278026 0.038387 0.00727395 0.0239368 0.0138364 0.00861483 0.0100503 0.00858025 0.000267904 0.000707606 0.000476605 -0.00150605 -0.000149032 0.00454481,800,0,cuda,1.31,6.56
test,2025,Maine_Coon_3,Maine_Coon,cat,correct,Maine_Coon,kernel,20,0.765194,33,0.768455,0.975902,0.207447,0.072948,0.705813,0.0,,0.893549,0.833333,-0.0182946 -0.0111093 -0.0123865 0.20063 -0.00537225 0.0898093 0.10303 0.0131048 0.0372953 0.0717254 0.00892958 -0.00475049 0.0243519 0.0992205 0.00518007 0.0873634 -0.00685129 0.0693137 0.00189048 0.0151041 0.0211524 0.0199273 0.00897373 -0.0193226 0.0486563 -0.00619351 -0.0545735 0.0026847 -0.0156785 -0.022219 -0.00917902 -0.0143651 0.0119165,800,0,cuda,1.56,6.23
test,2025,Maine_Coon_3,Maine_Coon,cat,correct,Maine_Coon,partition,20,0.765194,33,0.768455,0.985216,0.216761,0.066939,0.6742,0.0,,,,-0.00848802 -0.00955096 0.00504909 0.196197 0.00643865 0.029769 0.0766335 0.0198335 0.0175599 0.00723065 0.0237112 0.00638477 0.0442549 0.0689065 0.0300344 0.117801 -0.0131382 0.0923201 0.0078438 -0.0123616 0.0129774 0.0168688 0.00526096 -0.00212155 0.0115323 -0.00057627 -0.00626513 0.000947834 0.00080295 -0.00104585 -0.00460483 -4.73529e-05 -0.000194816,800,0,cuda,1.28,6.23
test,2357,Persian_76,Persian,cat,correct,Persian,kernel,23,0.998658,28,0.818818,0.996754,0.177936,0.25885,0.770834,0.0,,0.810071,0.666667,-0.00506924 -0.00863365 -0.0084918 0.0422988 0.0326679 0.0182951 0.033333 0.218329 0.0832839 0.0186749 0.0477747 0.0114171 0.152935 0.0527063 0.0357629 0.0498832 0.0724328 0.0138135 -0.00808312 0.00530695 0.0320223 0.0507368 -0.000700365 0.00272853 0.0196729 0.00197566 0.00168255 0.0131395,800,0,cuda,1.36,5.97
test,2357,Persian_76,Persian,cat,correct,Persian,partition,23,0.998658,28,0.818818,0.981211,0.162393,0.210966,0.583229,0.0,,,,0.00995607 0.00329341 0.0101885 0.0286026 0.0231276 0.0046621 0.0136633 0.110615 0.00724688 0.014758 0.096523 0.0180512 0.0355888 0.0741722 0.039744 0.0561679 0.119303 0.0415703 0.0184826 0.0496967 0.0254435 0.0977097 0.0185177 0.0146512 0.00666356 -0.000487754 0.011582 0.0304025,800,0,cuda,1.3,5.97
test,2602,Ragdoll_25,Ragdoll,cat,correct,Ragdoll,kernel,26,0.929659,38,0.35519,0.84709,0.4919,0.094476,0.350332,0.0,,0.72787,0.833333,-0.00288506 -0.00578121 -0.00564961 0.000971959 -0.019905 0.0229041 0.00635338 0.0348253 0.00312496 -0.000259737 -0.0125328 0.0224146 0.0116872 0.0482299 0.149483 0.0594447 0.0088962 0.035394 0.0029886 0.00860197 0.0117023 0.0881937 0.0579317 0.000371124 0.110549 0.041874 0.0176045 0.0627661 0.0583763 0.0319614 -0.0152305 0.013059 0.00110043 0.0141748 0.015127 0.0283949 0.0157846 -0.00997991,800,0,cuda,1.34,6.22
test,2602,Ragdoll_25,Ragdoll,cat,correct,Ragdoll,partition,26,0.929659,38,0.35519,0.773703,0.418513,0.219869,0.391904,0.0,,,,0.00684162 0.00583402 -0.00371011 0.0051175 0.0068791 -0.0143981 0.00472639 0.00148828 0.00162726 0.00390682 -0.00753209 0.020741 0.0225035 0.0425228 0.013739 0.10913 0.00991237 0.0819294 0.0572918 0.0488976 0.029021 0.101902 0.0397742 0.00927508 0.094928 0.0161071 0.0664786 0.0208528 -0.000183718 0.0121578 0.00905527 0.0138116 0.00900883 0.00338559 0.00337047 0.0283373 0.035639 0.00169724,800,0,cuda,1.22,6.22
test,2434,pomeranian_58,pomeranian,dog,correct,pomeranian,kernel,24,0.999871,37,0.731565,0.995467,0.263902,0.072478,0.77904,0.0,,0.620673,0.428571,0.00112092 0.0389216 0.009957 0.0111382 0.00462293 0.0163562 0.130779 0.105312 0.0374538 0.0254384 0.0740301 0.0581428 0.0128071 0.0740922 0.0690523 0.0609657 0.015249 0.0138052 -0.0108574 0.173505 0.00224306 0.0140559 0.0424604 -0.00395023 -0.025314 -0.0223469 -0.00873221 -0.00316152 0.0204845 -0.00391416 0.012618 -0.0152228 0.0272565 -0.0083447 0.0239392 0.0197241 -0.00159413,800,0,cuda,1.54,6.4
test,2434,pomeranian_58,pomeranian,dog,correct,pomeranian,partition,24,0.999871,37,0.731565,0.998997,0.267432,0.079812,0.676554,0.0,,,,0.00632228 0.00307149 0.00343733 0.00667549 0.0118024 0.00111433 0.290358 0.0896718 0.00949 0.0619268 0.00621518 0.101641 0.0120974 0.0553178 0.00551975 0.0871174 0.0132975 0.00388207 0.00702222 0.143626 0.000229711 0.000888932 0.054125 0.00195166 0.00364632 0.000486797 0.000316425 0.000464176 0.000925224 0.000185199 0.000446037 0.00131772 0.000399923 0.000437693 0.00282498 0.00171589 0.00212465,800,0,cuda,1.2,6.4
test,1347,english_setter_69,english_setter,dog,correct,english_setter,kernel,13,0.997674,46,0.706453,0.979674,0.273221,0.159259,0.670052,0.0,,0.677582,0.666667,0.00266453 -0.0179358 0.00477984 0.00390554 0.0109922 0.0496334 0.0761782 0.00149574 0.123343 0.0715193 0.0291074 0.0867821 0.00682112 -0.0363343 0.0333059 -0.0083214 0.00680572 0.0590177 -0.0011674 -0.0382639 0.00799673 0.0746531 0.0271698 0.00972081 -0.0181514 0.00338281 0.0294156 0.0566845 0.0598633 0.0340515 -0.0147831 -0.00419837 -0.014576 0.000256636 0.0367714 0.0040516 0.0235404 0.0900862 0.0347086 0.0524064 -0.00644402 0.0122579 -0.0127371 0.00574442 0.0253516 -0.00711728,800,0,cuda,1.54,6.41
test,1347,english_setter_69,english_setter,dog,correct,english_setter,partition,13,0.997674,46,0.706453,0.963346,0.256893,0.32114,0.762232,0.0,,,,0.0172107 0.00511172 0.00191033 0.000429001 0.0027626 0.0155462 0.0747076 0.0136942 0.083698 0.0872696 0.0292153 0.110843 0.00232329 0.0181334 0.00116227 0.0153779 0.0488252 0.0126708 -0.000829784 0.000294458 0.00339348 0.0349397 0.0249359 0.00883427 0.0032674 0.00696449 0.0335341 0.00420261 0.0448029 0.0464129 -8.67572e-05 0.0066692 -0.00486576 0.00181038 0.0570159 0.00772047 0.0109014 0.0519313 0.00307514 0.063745 0.00573081 0.00572765 -0.00123195 0.0148232 -1.47769e-05 -0.000160054,800,0,cuda,1.2,6.41
test,1023,chihuahua_44,chihuahua,dog,correct,chihuahua,kernel,10,0.999425,39,0.309212,0.628972,0.31976,0.021911,0.869803,0.0,,0.331883,0.666667,-0.000364984 0.0247288 0.0170649 -0.00557806 -0.00115841 -0.0480791 -0.00183298 0.00112855 0.0109696 0.0502133 -0.000733077 0.00398189 -0.00227189 -0.0168823 0.14475 0.321083 0.0215987 0.0317281 0.00756891 0.0142637 -0.0229742 -0.0105239 0.00314736 0.0205019 0.304021 0.0124802 -0.0136468 0.0115221 0.020823 0.019115 0.0145981 -0.0252979 0.00883445 0.0164791 0.0104919 0.00282896 0.0184686 0.0273785 0.00082586,800,0,cuda,1.46,6.34
test,1023,chihuahua_44,chihuahua,dog,correct,chihuahua,partition,10,0.999425,39,0.309212,0.887086,0.577874,0.033651,0.846394,0.0,,,,0.00125086 0.000286602 0.00333049 0.000219525 0.00548363 -0.00115099 0.00586015 0.00775215 -0.000241663 0.00506283 0.000800672 0.00247032 0.0209026 -0.00124549 0.250582 0.280673 -0.000615434 0.0176673 0.0127896 0.0182492 0.000540904 0.000952384 0.000232381 0.00234969 0.342078 -0.00377632 -0.000605823 0.00164896 0.0134397 0.00061946 0.000393091 -0.000314606 3.46534e-05 0.00072441 0.00227132 0.00103799 -0.00115037 2.81106e-05 0.000621416,800,0,cuda,1.16,6.34
test,333,basset_hound_41,basset_hound,dog,correct,basset_hound,kernel,3,0.992505,32,0.419085,0.982784,0.563699,0.065215,0.702757,0.0,,0.744501,0.666667,-0.0160319 0.00386087 0.0346569 0.011167 0.00808025 0.0204741 0.00891918 0.160557 0.0934183 0.0112079 0.189658 0.0203826 0.00504417 -0.00474452 0.0881928 0.00551331 0.10719 0.092299 -0.00630357 -0.0166912 -0.000951344 0.0112985 0.0457628 0.0559188 0.00532558 0.0322245 0.00177104 -0.00344311 -0.000895082 0.0080171 0.000498007 -0.0043719,800,0,cuda,1.38,6.09
test,333,basset_hound_41,basset_hound,dog,correct,basset_hound,partition,3,0.992505,32,0.419085,0.972291,0.553207,0.13157,0.663841,0.0,,,,-0.00149859 0.00756125 0.0172473 0.0024638 -0.000190917 0.0423039 0.000915733 0.0898769 0.0340193 0.00909329 0.0554393 0.0345819 0.0134379 0.00639278 0.0805478 0.0478775 0.302566 0.113739 -0.0237976 -0.00118029 -0.000581246 0.00869832 0.102979 0.00908083 0.00327193 -0.00575348 -0.00123571 0.00535458 1.94851e-05 0.0102332 0.00443772 0.000104006,800,0,cuda,1.21,6.09
test,481,beagle_85,beagle,dog,correct,beagle,kernel,4,0.999992,40,0.505042,0.988205,0.483163,0.145555,0.907226,0.0,,0.424672,0.833333,0.0143041 -0.010796 -0.0115996 0.0777751 0.0104908 0.0248874 0.100517 -0.00526615 -0.00313297 0.00406991 -0.00409694 0.292504 0.106904 0.105351 0.00323021 0.0280157 0.0754436 0.0853319 -0.0188438 -0.0162027 -0.00279895 -0.006178 0.0807673 0.00830802 0.0339538 -0.0109073 0.0341765 -0.0272663 -0.0356344 -0.000838392 -0.0280281 -0.0125245 -0.0318178 -0.00596331 0.00853913 -0.0143292 -0.00586343 0.00761985 0.0184665 -0.0285086,800,0,cuda,1.64,6.75
test,481,beagle_85,beagle,dog,correct,beagle,partition,4,0.999992,40,0.505042,0.987018,0.481975,0.124288,0.88102,0.0,,,,-0.00311358 -0.00206015 0.0260296 0.0522797 0.0179992 0.00216181 0.0568295 0.0157992 0.00168265 0.0462226 0.00753824 0.188909 0.0981291 0.159441 0.000226207 0.00545505 0.0750822 0.0113709 0.00295719 0.00321499 0.0337046 0.00128037 0.0357895 0.00817419 -0.000333094 0.00206114 -0.0196956 -0.0119348 0.0035987 0.00817313 -0.00867057 -0.00510713 0.0200617 -0.00196193 -0.00242095 -0.00132849 -0.00929031 0.0163247 -0.00343178 0.00891246,800,0,cuda,1.31,6.75
test,2004,Maine_Coon_267,Maine_Coon,cat,wrong,Abyssinian,kernel,0,0.982207,42,0.482581,0.97941,0.496828,0.03302,0.308259,0.0,,0.511304,0.458333,-0.000710687 -0.0207378 0.0518853 0.0295669 0.18268 -0.000725464 0.0252377 -0.0276421 0.0313017 -0.0272818 -0.0382249 0.0156615 0.02914 0.0557275 0.00600965 0.0237169 0.00934609 0.0472839 0.00586512 0.0562083 0.00167577 0.0189091 0.00987215 0.0525674 0.0190039 0.0160161 -0.0201735 0.0127902 0.0021198 0.0804308 0.00768358 0.0459377 0.0394271 0.0104114 0.00599117 0.131939 0.00958528 0.0387569 -0.00467981 0.00556156 -0.00815197 0.0287605,800,0,cuda,1.33,5.99
test,2004,Maine_Coon_267,Maine_Coon,cat,wrong,Abyssinian,partition,0,0.982207,42,0.482581,0.679293,0.196712,0.098485,0.303121,0.0,,,,0.0581281 -0.00107407 -0.0029385 0.0219967 0.0882243 0.0225872 -0.00228038 -0.00568546 -0.0163633 -0.00166616 -0.0229358 -8.43993e-05 0.00804048 0.0120221 0.00984033 0.00140467 0.00703823 0.0133385 0.0107082 0.0156386 0.0101557 0.0497906 0.000699319 0.0486513 0.0349444 0.0294153 0.0348665 0.00744294 0.00593513 0.0825564 0.110396 0.00708469 0.0207066 0.00815158 0.0320812 0.0920043 0.042902 0.0641596 0.0147953 0.00933965 0.00638278 0.0303416,800,0,cuda,1.23,5.99
test,3168,shiba_inu_8,shiba_inu,dog,correct,shiba_inu,kernel,31,0.999889,44,0.398637,0.842186,0.443549,0.201105,0.960032,0.0,,0.669697,1.0,0.0150955 -0.0168491 0.0242135 -0.00192666 -0.0267256 -0.0248211 0.189965 -0.00669956 -0.0054568 -0.0113267 -0.026571 0.128333 -0.00427355 0.00102302 0.152269 0.0138671 0.00727882 0.0230714 -0.00149776 0.0339507 0.00922297 0.0111476 0.00444962 0.164383 0.0136145 0.0265832 0.0359777 0.0927919 -0.0242997 -0.035891 -0.0641009 -0.00546256 -0.0051693 -0.046693 0.208306 0.0167689 0.0111909 -0.014477 0.0752872 0.0079319 0.00366023 0.022404 -0.0038727 -0.00303047,800,0,cuda,1.58,6.73
test,3168,shiba_inu_8,shiba_inu,dog,correct,shiba_inu,partition,31,0.999889,44,0.398637,0.82687,0.428233,0.319734,0.9075,0.0,,,,8.02284e-05 0.00261002 0.0222562 0.0114359 0.000210953 0.000458384 0.0549644 0.000391398 0.0121648 0.000152353 0.0754724 0.0917507 0.0186966 0.0146768 0.0788263 0.00761513 0.0104127 0.0260134 0.00194193 0.0247115 0.00378734 0.00733865 0.0105809 0.0885513 4.80904e-06 0.0314322 -1.02316e-05 0.0183967 0.0164251 0.045695 0.117935 0.00274285 1.32427e-05 0.0306548 0.0530031 0.022408 0.00179718 -0.000361088 0.0304675 0.00309782 -0.000977643 0.0166176 0.00168552 0.00751404,800,0,cuda,1.35,6.73
test,748,Bombay_62,Bombay,cat,correct,Bombay,kernel,7,0.970928,35,0.482422,0.800905,0.318484,0.062391,0.411834,0.0,,0.636975,0.547619,0.0614024 0.00491916 -0.0291835 0.0531108 0.0536073 0.0211799 0.00395626 0.0483677 -0.026883 0.0531181 0.0294544 0.0240896 0.00492084 0.0155998 0.0097863 0.0109253 0.154149 0.0510438 0.0512717 0.0812782 0.0796808 0.00280633 0.0202375 0.0130851 0.0839762 0.0195145 -0.00714205 -0.0183248 0.000468879 0.0370762 -0.0203902 0.032497 0.00172056 0.00901092 0.0133359,800,0,cuda,1.42,6.09
test,748,Bombay_62,Bombay,cat,correct,Bombay,partition,7,0.970928,35,0.482422,0.814842,0.33242,0.193793,0.284947,0.0,,,,0.0072518 0.00208631 0.00920789 0.0240916 0.00795044 0.00330851 0.0114645 0.0116704 0.00367522 0.0112596 0.00338262 -0.000307817 0.00187761 0.00450098 0.000920386 0.00459162 0.0569784 -0.00213633 0.0274372 0.0613175 0.0475547 0.00592531 0.136011 0.000597587 0.232368 0.0660586 -0.00125941 -0.000482873 0.000408335 0.0497904 0.00354291 0.0879107 0.00681112 0.0459608 0.0119416,800,0,cuda,1.24,6.09
test,1785,keeshond_194,keeshond,dog,correct,keeshond,kernel,18,0.891798,43,0.577507,0.958187,0.38068,0.078096,0.554955,0.0,,0.69186,0.547619,0.0286665 -0.00198837 -0.0258232 0.0254897 0.0304823 -0.0180671 0.0784729 0.0584852 0.0255196 0.0890875 -0.00279929 0.0812798 -0.00481033 0.0566148 -0.016578 -0.037469 0.121382 0.0213028 0.0242489 0.0229066 0.0182969 0.00841107 0.0583249 0.062559 -0.0274594 0.117103 0.0231007 0.0648111 0.0416819 -0.0109827 -0.0277019 -0.0282956 -0.00291877 -0.0205978 0.0368174 -0.00878031 0.0170966 0.0179873 0.0239043 -0.0119124 0.00469763 -0.00996947 -0.0226428,800,0,cuda,1.34,6.0
test,1785,keeshond_194,keeshond,dog,correct,keeshond,partition,18,0.891798,43,0.577507,0.959772,0.382265,0.07256,0.521986,0.0,,,,0.00666738 0.000778624 0.000585899 0.0369132 0.0207057 0.0071051 0.0655276 0.0351477 0.0429728 0.14855 0.0271865 0.0401072 0.0116376 0.0662997 0.0106291 0.0100016 0.137475 0.0122275 0.0215505 0.0157318 0.000910619 0.00621347 0.0196533 0.0152357 -0.00304574 0.141204 -0.0052168 0.0136256 0.0315666 -0.00437017 0.00400259 -0.00466988 0.000148647 0.00967822 -0.00965426 -0.00688444 -0.00369788 -0.00813406 -0.0104175 -0.0072682 -0.00291694 -0.00458964 -0.00923894,800,0,cuda,1.22,6.0
test,88,Abyssinian_91,Abyssinian,cat,correct,Abyssinian,kernel,0,0.999962,40,0.484794,0.935063,0.45027,0.15306,0.851125,0.0,,0.553283,0.833333,-0.00087628 -0.000126461 0.097716 0.221551 -0.0234774 0.00155229 -0.023616 -0.0111419 0.00380744 0.23484 0.00214666 -0.0280305 0.0125317 0.0266178 0.0375799 0.105265 0.00702911 0.0498355 0.018287 -0.00286309 0.0227443 -0.0112303 0.0419669 0.0252131 0.0145857 -0.0038778 0.011829 0.0162358 0.0147366 0.0247337 0.00640931 -0.00116701 0.0100156 0.000287262 0.00703113 0.0207504 0.0257422 0.0331968 -0.0120881 0.000753157,800,0,cuda,1.45,6.4
test,88,Abyssinian_91,Abyssinian,cat,correct,Abyssinian,partition,0,0.999962,40,0.484794,0.687595,0.202801,0.152247,0.72831,0.0,,,,0.00135851 0.0162277 0.0334116 0.244342 -0.00156207 0.00146431 0.0012173 0.00060501 -0.0048583 0.168974 0.0276284 0.000579791 0.00356521 0.0262235 0.00120538 0.0735422 0.00455077 0.027312 0.0117015 0.00219609 0.010345 0.00504826 0.0403972 0.00964512 0.00283418 0.00688624 0.0110709 0.0216453 0.0764342 0.00191782 0.00211401 0.00306921 0.0125006 0.0671738 0.00274643 0.0204234 0.00374152 0.0375179 0.000220353 0.00107978,800,0,cuda,1.32,6.4
test,2577,pug_97,pug,dog,correct,pug,kernel,25,0.984932,31,0.517598,0.891418,0.37382,0.032906,0.494501,0.0,,0.6625,1.0,-0.0304969 -0.0120866 0.0187633 0.00255239 0.0136127 -0.0274447 -0.013561 -0.00206988 0.0363169 0.00704102 0.129418 0.0385819 0.16626 0.0247483 0.085269 -0.00898289 0.0509052 0.137867 0.139785 0.0256384 0.00948933 0.0868062 0.025307 -0.00866661 0.0177934 -0.0248357 -0.00118768 -0.000155772 0.0732019 0.00719305 0.00728921,800,0,cuda,1.6,6.23
test,2577,pug_97,pug,dog,correct,pug,partition,25,0.984932,31,0.517598,0.772893,0.255295,0.033231,0.437914,0.0,,,,-0.00490567 -0.000264279 0.00316249 -0.00113338 -0.0038484 -0.00688157 0.00136927 -0.000418808 0.00683039 0.0162935 0.0621284 0.0023237 0.207548 0.0672735 0.0611134 0.00816417 0.0848809 0.182383 0.191073 0.00113494 0.00460402 0.0259382 0.0202497 0.00876469 -0.000468471 0.0160051 0.00282045 0.00198012 0.0148414 0.000659135 0.000730549,800,0,cuda,1.15,6.23
test,2926,samoyed_50,samoyed,dog,correct,samoyed,kernel,29,0.996994,35,0.510603,0.966886,0.456283,0.231788,0.868887,0.0,,0.65112,0.666667,-0.020616 0.0421023 0.0343916 -0.0301243 -0.0131387 0.148204 0.0512494 -0.0112334 0.0308828 0.0904656 0.0135269 0.0625849 0.221392 0.00373983 -0.0192251 0.187839 -0.0253009 0.0375038 0.0805223 -0.0310288 -0.0237951 -0.00770764 0.0351037 0.0250863 -0.0110076 -0.0147113 0.0280738 -0.00740129 0.00058056 0.016229 0.0110409 0.010611 -0.00162875 0.0266236 0.0354252,800,0,cuda,1.61,6.27
test,2926,samoyed_50,samoyed,dog,correct,samoyed,partition,29,0.996994,35,0.510603,0.96641,0.455808,0.215873,0.867101,0.0,,,,0.00312957 0.00336488 0.0121235 0.00456396 0.00339648 0.0653016 0.0986914 0.000419582 0.000218953 0.0612249 0.000848265 0.106046 0.246664 0.000351511 0.000266028 0.211544 -0.000542076 0.00829438 0.141991 -0.000404239 0.00361603 -0.000220323 0.00227973 -0.000810203 0.00123421 -0.00106621 -0.000768435 0.00194461 0.000279282 -0.00137579 0.00356115 -0.000449953 -0.000118591 -0.000682047 0.00134199,800,0,cuda,1.28,6.27
test,3131,shiba_inu_56,shiba_inu,dog,correct,shiba_inu,kernel,31,0.99925,38,0.47736,0.869888,0.392529,0.463477,0.973494,0.0,,0.678411,0.428571,0.0175523 0.00196197 -0.0165152 0.0677476 0.0383185 -0.00856295 0.0766938 0.128644 0.0227077 0.064309 0.0273662 0.0794926 0.102055 0.0314865 -0.0244391 0.018004 0.00302877 0.00323078 -0.0478185 0.00939436 0.0699853 -0.00796208 -0.0176543 0.0385905 -0.00371359 0.0201835 0.00931006 0.138088 0.0105337 0.02313 0.131357 -0.0255614 0.00718602 -0.00312226 0.00500454 -0.00667178 -0.0179213 -0.00241594,800,0,cuda,1.43,6.29
test,3131,shiba_inu_56,shiba_inu,dog,correct,shiba_inu,partition,31,0.99925,38,0.47736,0.876557,0.399197,0.497286,0.947604,0.0,,,,-0.000902045 0.0248777 -0.000634546 -0.00220262 0.0199867 0.0401702 0.0312283 0.132759 0.0045225 0.0533129 0.00205603 0.0398327 0.0980598 0.00167547 0.00356025 0.021915 0.00346543 0.0380199 0.0611009 0.0034897 0.0264228 0.00277554 0.0204723 0.0435351 0.0429519 0.0282928 0.0152415 0.0736495 0.0388144 0.0334451 0.0229811 0.0140855 0.00572042 0.00548814 0.0050128 0.00423792 0.00371111 -0.000128497,800,0,cuda,1.4,6.29
test,45,Abyssinian_49,Abyssinian,cat,correct,Abyssinian,kernel,0,0.937233,38,0.822365,0.991274,0.168908,0.084875,0.287379,0.0,,0.681913,0.269841,-0.0157194 0.00507575 -0.0537813 0.00898946 0.0304101 0.000324483 0.0125047 0.0725872 0.0242862 0.0514797 0.0393172 -0.00128549 -0.000858984 0.0359831 0.0412434 0.059889 0.00992669 0.0432967 0.0298297 0.096312 -0.00663413 0.0343533 0.0242762 0.0101547 0.0136749 0.0342804 0.0510406 0.0642623 0.016995 0.0142437 0.0687666 0.0164131 0.023294 0.0212341 0.0260062 0.0419106 -0.0121784 -0.0181358,800,0,cuda,1.32,5.87
test,45,Abyssinian_49,Abyssinian,cat,correct,Abyssinian,partition,0,0.937233,38,0.822365,0.998367,0.176001,0.167669,0.316526,0.0,,,,0.00419566 0.00271826 -0.00701295 -0.000524417 0.0105554 0.00266261 0.00208713 0.0325559 0.0169149 0.0242767 0.0137079 0.00534789 0.000409807 -0.00175509 0.0374332 0.0228588 0.0120424 0.0193456 0.00876513 0.0240029 -0.00258026 0.0329643 0.0146847 0.0267901 0.0201826 0.0177108 0.142574 0.0601993 0.0369327 0.0360963 0.0879769 0.0169374 0.024482 0.0469767 0.0102091 0.0635044 0.00817095 0.0393679,800,0,cuda,1.22,5.87
test,1501,great_pyrenees_27,great_pyrenees,dog,correct,great_pyrenees,kernel,15,0.95704,33,0.381736,0.665686,0.28395,0.046175,0.809315,0.0,,0.542447,0.666667,0.0189928 -0.0117141 -0.00364007 0.0103149 0.007156 -0.00130287 0.0104564 0.0201515 0.00637313 0.39017 0.00560306 0.007685 0.0511517 0.0182298 0.00138496 0.00308719 0.406737 -0.00421495 0.000625232 -0.0152628 -0.0113882 -0.0015726 0.0117293 0.0077891 0.00110562 0.0136802 -0.00351477 -0.00224272 -0.00213014 0.0032708 0.00952539 0.00474872 -0.00143811,800,0,cuda,1.42,6.0
test,1501,great_pyrenees_27,great_pyrenees,dog,correct,great_pyrenees,partition,15,0.95704,33,0.381736,0.62778,0.246043,0.051149,0.787057,0.0,,,,0.00883115 4.04884e-06 0.0093679 0.00280604 0.00313419 0.0136764 0.135061 0.0535075 0.00367639 0.185858 0.00937857 0.0115741 0.0982551 0.00345388 0.0619964 0.0212187 0.303219 0.00166771 0.0328291 0.000519598 -0.00159098 4.81627e-05 -0.000325659 0.000749383 0.000442177 -0.000993794 -0.000879518 -0.000308383 -0.00113297 -0.00156843 -0.000965607 -0.0013416 -0.000622029,800,0,cuda,1.23,6.0
test,3427,staffordshire_bull_terrier_62,staffordshire_bull_terrier,dog,wrong,american_pit_bull_terrier,kernel,2,0.898355,37,0.304668,0.698684,0.394016,0.063274,0.839423,0.0,,0.489213,0.666667,-0.00507671 0.0215446 0.035314 0.0108441 0.240983 0.0140978 -0.0277617 -0.0121167 0.12861 0.173608 0.0494918 -0.00308158 -0.0224207 -0.0267571 0.00927547 0.0138512 0.00850094 0.0579323 0.0899465 -0.00876323 -0.000201078 -0.00497966 0.011323 -0.0132541 -0.0387973 -0.00438818 -0.0159472 0.023464 0.0360703 0.0361259 0.0472736 0.00658279 -0.0122319 -0.00580612 0.0193597 0.068306 -0.0108844,800,0,cuda,1.58,6.26
test,3427,staffordshire_bull_terrier_62,staffordshire_bull_terrier,dog,wrong,american_pit_bull_terrier,partition,2,0.898355,37,0.304668,0.547227,0.242559,0.066794,0.711803,0.0,,,,0.0174903 0.00967588 0.0479943 0.00471602 0.135239 0.0201208 0.089826 0.00323492 0.103503 0.116078 0.0318985 0.00220892 0.0091542 0.00457419 -4.56365e-05 0.0044285 0.00109305 -4.80768e-05 0.0718905 0.0109374 0.0262085 0.00494978 0.00596467 0.0103166 0.0204268 0.0143891 0.0133084 0.00732917 0.0224782 0.018941 0.0095072 0.00916696 0.00743446 0.00914154 0.0160867 0.00534867 0.00506955,800,0,cuda,1.23,6.26
test,3016,scottish_terrier_42,scottish_terrier,dog,correct,scottish_terrier,kernel,30,0.999991,35,0.557637,0.798001,0.240364,0.429854,0.848482,0.0,,0.735574,0.428571,0.0596705 0.00588887 0.0646709 0.0100202 0.00606279 0.0425535 0.0371836 -0.0225416 0.0182465 -0.0046069 0.11118 -0.00414084 0.0200213 0.0196151 -0.00793718 0.0664298 -0.0197482 0.0195591 0.0811979 0.0204381 0.0436846 0.126233 -0.00831802 0.0599162 0.048842 0.0128765 0.042431 0.0645934 0.0377066 0.0253296 0.0163489 -0.00296182 -0.0039542 0.0132238 -0.00770948,800,0,cuda,1.63,6.35
test,3016,scottish_terrier_42,scottish_terrier,dog,correct,scottish_terrier,partition,30,0.999991,35,0.557637,0.755828,0.198191,0.586585,0.83396,0.0,,,,0.104773 0.00258752 0.0569266 0.00508678 0.00793755 0.0570218 0.0548514 0.00370664 0.0167823 0.00245984 0.136653 0.0255926 0.0572594 0.0243808 0.0059035 0.0660321 0.00607538 0.00891071 0.0143378 0.0215174 0.0130475 0.110647 0.00838811 0.0103776 0.00925791 0.0113307 0.0118709 0.0346212 0.0218137 0.010637 0.0354802 0.0132247 0.0114641 0.00891041 0.00213834,800,0,cuda,1.28,6.35
test,1771,japanese_chin_90,japanese_chin,dog,correct,japanese_chin,kernel,17,0.998149,34,0.651268,0.994056,0.342789,0.067209,0.806021,0.0,,0.512758,0.666667,0.0155149 -0.0145635 0.0101224 0.00957802 0.00601829 0.00940922 0.0286345 -0.0120015 0.0401726 0.0386682 0.0957074 -0.00969753 0.217056 0.00464827 0.0034729 -0.0132712 0.0736873 -0.0128177 0.00396475 0.0130709 0.0158163 0.139903 0.17148 0.0707224 -0.003433 -0.00476031 0.0609065 -0.00665979 0.0228882 0.00845752 -0.0225656 0.00134003 -0.00522481 0.0186082,800,0,cuda,1.42,5.98
test,1771,japanese_chin_90,japanese_chin,dog,correct,japanese_chin,partition,17,0.998149,34,0.651268,0.81661,0.165343,0.056022,0.797322,0.0,,,,0.0180956 -0.0110464 0.00213199 0.0170292 0.000402058 0.0268537 0.0223974 0.000865024 0.00729139 0.0250304 0.0769088 -0.00372727 0.192096 0.000525263 -0.00106276 -0.00357998 0.044504 -0.00343058 -0.00680703 -0.00740675 -0.000182235 0.273395 0.124828 0.136976 0.0011069 0.00145226 0.0279871 0.0125889 -0.00113391 0.00152021 0.000424795 -0.002331 -0.000553258 0.00170548,800,0,cuda,1.26,5.98
test,2241,newfoundland_64,newfoundland,dog,correct,newfoundland,kernel,22,0.981695,33,0.598174,0.661346,0.063172,0.160718,0.548227,0.0,,0.870822,0.428571,-0.00431494 0.0576301 0.0457256 0.0791456 0.0503495 0.171181 0.0456848 0.0307696 -0.00827535 0.0193831 -0.00203847 0.00807191 0.0439315 0.0154038 -0.0131367 -0.0120995 0.13438 0.0259039 0.0171393 0.0460276 0.0524456 0.00271322 0.00991986 0.0493045 0.0235809 0.0175491 0.00254638 -0.0139963 0.0269266 0.00502225 -0.00850061 0.0198541 0.0376875,800,0,cuda,1.44,6.25
test,2241,newfoundland_64,newfoundland,dog,correct,newfoundland,partition,22,0.981695,33,0.598174,0.877522,0.279347,0.133983,0.320684,0.0,,,,0.00349043 0.00195619 0.0419276 0.0319217 0.00897219 0.0717134 0.0503556 0.0205169 0.0238823 0.00789641 0.010574 0.0203479 0.0295044 0.00142039 0.0141522 0.0480462 0.200545 0.00816113 0.0245561 0.0452192 0.0292542 0.0276148 0.0727565 0.0694349 0.0197555 0.0412835 0.0115466 0.0181368 0.00455067 0.00871329 -0.00265318 -0.0013737 0.0117359,800,0,cuda,1.24,6.25
test,1387,german_shorthaired_196,german_shorthaired,dog,correct,german_shorthaired,kernel,14,0.979156,27,0.42048,0.669196,0.248716,0.134046,0.645493,0.0,,0.846459,1.0,0.0662418 0.00875381 0.0601195 0.0401937 0.0142201 0.029514 0.0478971 -0.00622159 0.167955 0.0169802 -0.0139947 0.00272398 -0.0252941 -0.000987094 0.00119974 0.0344857 0.184104 -0.00152464 0.0198465 0.0229964 0.035909 0.0136051 0.0112471 0.0370034 0.174018 0.0103559 -0.00211379,800,0,cuda,1.54,5.95
test,1387,german_shorthaired_196,german_shorthaired,dog,correct,german_shorthaired,partition,14,0.979156,27,0.42048,0.613141,0.192661,0.114879,0.546437,0.0,,,,0.00159417 0.000172146 0.00531085 0.0949855 0.00399183 0.00142549 0.0179794 0.00807794 0.198805 0.00526091 7.80939e-05 0.007335 0.0147743 0.00478447 0.00328159 0.0878707 0.171591 0.00528021 0.04286 0.035333 0.0804072 0.0022341 0.00985623 0.00626464 0.138512 0.000862187 0.000306299,800,0,cuda,1.22,5.95
test,565,Bengal_70,Bengal,cat,correct,Bengal,kernel,5,0.96502,33,0.354492,0.705161,0.350669,0.035076,0.394102,0.0,,0.700201,0.547619,0.00146543 0.000472193 -0.0204277 0.0396373 0.0555378 0.0052133 0.00176591 0.176777 0.0423801 0.00168616 0.0987023 0.018829 0.0131898 0.0199951 0.0577706 0.0488936 0.0167733 0.0342875 -0.00953254 0.0524157 0.0815457 0.0187459 0.0529047 0.0834774 -0.0140923 0.0182566 0.00443588 0.0145436 0.00115477 0.0139175 0.0192783 -0.0215867 0.00492758,800,0,cuda,1.52,6.28
test,565,Bengal_70,Bengal,cat,correct,Bengal,partition,5,0.96502,33,0.354492,0.631176,0.276684,0.051669,0.287793,0.0,,,,0.000528782 0.000302126 0.00134054 0.0384696 0.0138133 0.01073 0.0740181 0.23679 0.130833 0.0102481 0.128648 0.0173237 0.0237358 0.00506836 0.0171088 0.00337719 -0.00596145 -0.0323853 0.0159838 0.0398932 0.0284967 0.0262112 0.0251094 0.0524775 0.0146305 0.0156658 -0.000517495 0.00285759 0.00991217 0.0126997 0.00262393 0.00399912 0.00930851,800,0,cuda,1.18,6.28
test,3538,wheaten_terrier_72,wheaten_terrier,dog,correct,wheaten_terrier,kernel,35,0.999191,44,0.101762,0.700262,0.5985,0.096814,0.950094,0.0,,0.605638,0.833333,0.021444 -0.00345083 -0.0100108 0.00965578 -0.0143687 -0.0220542 -0.0111065 -0.0119246 -0.0478388 0.0131615 0.0182718 -0.0140102 0.0128969 -0.0134691 0.337419 -0.000925913 -0.0237929 -0.0301492 -0.000178906 -0.01264 0.00783034 0.0632863 -0.00229939 -0.00658369 0.00864874 0.356394 0.015476 0.00265479 0.100097 0.0565783 0.00899375 0.0182654 0.105577 0.0255742 0.0275058 -0.00479168 0.0266571 0.00110248 0.00514837 -0.0266443 -0.00585832 0.00225276 -0.0111125 0.00657306,800,0,cuda,1.56,6.37
test,3538,wheaten_terrier_72,wheaten_terrier,dog,correct,wheaten_terrier,partition,35,0.999191,44,0.101762,0.482498,0.380736,0.12449,0.905431,0.0,,,,-0.00111741 0.000477529 -0.000190893 0.000478472 -0.000622908 -0.00758189 -0.00255006 0.014614 -0.00162531 -0.000442065 -0.00310359 -0.000612566 0.00132735 0.0130402 0.275728 0.0228783 0.0072512 0.0869264 0.00888434 0.00534265 0.0027879 0.0782529 0.00531667 0.0318529 0.132578 0.210771 0.014 0.00905518 0.00534669 0.00887879 0.0196394 0.00566544 0.00967942 0.00351968 0.00396303 0.00554448 0.00194807 0.00177708 0.00303439 0.000611852 0.00248497 0.00149122 8.27822e-05 0.00087136,800,0,cuda,1.22,6.37
test,3643,yorkshire_terrier_77,yorkshire_terrier,dog,wrong,havanese,kernel,16,0.951721,42,0.215482,0.413539,0.198057,0.092173,0.536127,0.0,,0.657159,0.428571,-0.0109666 -0.0112524 0.0187648 0.01279 -0.00600377 0.00175414 0.00318588 0.0617385 0.0458956 0.116679 0.0309219 -0.00054373 -0.00452286 0.0516715 0.0445349 0.00886009 -0.00715533 -0.00327828 0.0431715 0.0399778 0.0237106 -0.00874984 0.0053977 0.0446159 0.0117562 0.0403807 0.0262937 0.0479523 0.129657 -0.0169693 0.0562926 0.0333723 0.0156112 0.0288538 -0.000544414 0.0138071 0.00580845 0.0020662 0.018534 0.00357381 0.0174676 -0.00838848,800,0,cuda,1.56,6.19
test,3643,yorkshire_terrier_77,yorkshire_terrier,dog,wrong,havanese,partition,16,0.951721,42,0.215482,0.741108,0.525627,0.209823,0.550744,0.0,,,,0.00158635 0.011707 0.00870494 -0.0025569 -0.00156039 0.0111863 0.0155842 0.0267242 0.0111136 0.0753219 -0.00276312 -0.00108969 0.0043882 0.0166357 0.151132 0.120648 0.0193504 0.00545982 0.0810821 0.0522982 0.0166132 0.0123443 0.0357456 0.0842548 -0.00597322 0.0500957 -0.00896809 -0.000714737 0.0864234 0.00915127 0.0465516 -0.00222198 -0.00325696 -0.0120145 0.00813108 0.00866483 -0.00238426 -0.000463532 0.00154052 -0.00325791 0.000124706 0.00138236,800,0,cuda,1.19,6.19
test,1989,Maine_Coon_242,Maine_Coon,cat,wrong,Bengal,kernel,5,0.928156,42,0.549446,0.982911,0.433465,0.058429,0.188977,0.0,,0.40961,0.547619,0.0265968 0.0233403 0.00335499 0.00690834 0.0182391 -0.0391989 -0.00349154 -0.00103757 0.007188 0.01715 -0.0101155 0.0822236 0.0174768 0.000182418 0.088489 0.0161121 0.0371858 0.0667279 0.0685373 0.0494119 0.0191981 0.0129649 0.0101739 0.0287794 0.000190938 0.0404997 0.0330591 0.00926619 -0.0038856 0.0347111 0.0128904 0.0471371 0.0536601 0.0442806 0.00570314 0.0296963 0.0264366 0.0162586 -0.0130755 -0.00979827 0.00330741 0.0197416,800,0,cuda,1.51,6.31
test,1989,Maine_Coon_242,Maine_Coon,cat,wrong,Bengal,partition,5,0.928156,42,0.549446,0.984651,0.435205,0.093157,0.29812,0.0,,,,0.00399884 0.0098733 0.0118607 -0.0031865 0.000298374 0.00270826 0.0251059 0.0255595 0.0149724 0.00877395 0.00385139 0.0306335 0.0389829 0.0283123 0.0590927 -0.000875293 0.0423748 0.06824 0.0634138 0.000476207 0.00341178 0.00296846 -0.0256426 -0.0144197 0.00227711 0.022341 0.0237643 0.0183868 0.0112473 0.0309333 -0.000319961 0.036878 0.101567 0.0804348 0.029683 0.0237267 0.0292909 0.0211371 0.0184553 0.0118582 0.023434 0.0105968,800,0,cuda,1.29,6.31
test,1359,english_setter_7,english_setter,dog,correct,english_setter,kernel,13,0.906762,39,0.73581,0.994933,0.259123,0.039448,0.584504,0.0,,0.708502,0.833333,0.0027987 -0.0305197 -0.00202138 -0.0188274 0.0195779 0.0971803 0.0788067 0.00712888 0.00801387 0.0900492 0.00651562 0.150602 0.0459007 0.0615953 0.0098909 -0.0089966 0.00330814 0.0929741 0.022165 -0.00160815 0.090922 -0.0364517 0.0462998 0.0308631 -0.0189418 0.00653906 0.0237088 -0.0294564 0.00130885 -0.00698084 0.0407471 0.00187488 0.0150664 0.0384114 0.0434369 -0.00520761 -0.00725469 0.0307619 -0.0166585,800,0,cuda,1.59,6.28
test,1359,english_setter_7,english_setter,dog,correct,english_setter,partition,13,0.906762,39,0.73581,0.994982,0.259172,0.06491,0.699773,0.0,,,,-0.00521646 -0.00679095 3.93204e-05 0.0265626 0.0506951 0.160197 0.0451554 -0.00298407 0.00200213 0.0938414 0.0502611 0.153923 0.0561841 0.104576 -0.00955953 0.00580933 0.00132575 0.0944885 0.0140993 0.00444596 0.0413079 0.00778588 0.0411389 0.0092991 -0.00532404 0.00346955 -0.00484507 -0.000167906 -0.0112393 -0.00204562 -0.0044153 -0.00412688 -0.00332605 -0.0042759 -0.00677327 -0.000821094 -0.00283801 -0.000160584 -0.00817459,800,0,cuda,1.26,6.28
test,1981,Maine_Coon_21,Maine_Coon,cat,wrong,Ragdoll,kernel,26,0.997766,42,0.419822,0.957487,0.537665,0.113768,0.767219,0.0,,0.659104,0.339286,-0.0241039 -0.0255421 -0.0109428 0.00381953 -0.000180341 0.0250568 -0.0156842 0.015231 -0.014857 0.0133169 0.0977671 0.0838203 0.00243955 0.0883048 0.0225045 0.0448415 0.154521 -0.0113906 0.010794 0.0497055 0.077035 0.0762931 -0.0109283 0.0112583 0.0461773 0.0219125 0.0584374 0.0283967 0.0426001 0.00967877 0.0550925 -0.00347856 0.0295474 0.0456267 -0.00513466 0.0132661 -0.00171621 0.00230648 0.00287937 0.0169569 -0.0190262 -0.0264295,800,0,cuda,1.37,6.54
test,1981,Maine_Coon_21,Maine_Coon,cat,wrong,Ragdoll,partition,26,0.997766,42,0.419822,0.790701,0.370878,0.18413,0.764879,0.0,,,,0.00162202 0.0539122 -0.00588037 0.000716122 0.000681613 0.0288837 0.0019709 0.032345 0.00344795 -0.00460955 0.0581369 0.129526 0.00855832 0.0401525 0.013278 0.105496 0.0947871 0.00713936 0.0446099 0.144729 0.0406929 0.0776179 0.0155618 0.040147 0.00126857 0.000875113 0.012215 0.00297161 0.000837968 0.00179548 0.000776215 0.00209315 0.0121209 -0.00195291 0.00245276 0.00120675 0.00103297 0.00182196 0.00227705 0.00341576 0.000811734 0.000630678,800,0,cuda,1.27,6.54
test,572,Bengal_77,Bengal,cat,correct,Bengal,kernel,5,0.930022,38,0.304448,0.537344,0.232896,0.035051,0.610317,0.0,,0.580917,0.547619,-0.0233874 -0.0222209 -0.0219582 -0.00844222 0.0130476 0.0134207 0.0371257 0.0379908 0.0192641 0.0251273 -0.024966 0.00480895 -0.0349201 0.0275269 0.0538101 -0.00062505 0.174506 0.0763458 0.080034 0.00970451 0.00142432 0.0396873 0.00815001 0.198925 -0.0243233 0.0265256 0.00337261 0.0147289 -0.0203501 -0.000110518 0.168811 0.00669123 -0.012537 -0.0420417 0.00941698 -0.00824892 0.0925983 -0.000570185,800,0,cuda,1.35,6.07
test,572,Bengal_77,Bengal,cat,correct,Bengal,partition,5,0.930022,38,0.304448,0.565615,0.261167,0.03805,0.632582,0.0,,,,-0.00269114 -0.000856329 -0.00267786 0.00982911 -0.00426889 -0.00132605 0.0100941 0.00425155 0.0174567 0.0176247 0.00189808 0.0236056 0.00207788 -0.0493282 0.0574652 0.000261606 0.216613 0.055321 0.0160877 0.0115083 0.027267 0.0161646 0.00540612 0.157593 -0.00228428 0.00129893 0.0116333 0.0105366 0.000504073 0.000634022 0.134883 0.00509284 0.00108071 0.000938471 0.048666 0.00563396 0.0873312 0.00301786,800,0,cuda,1.24,6.07
test,793,boxer_198,boxer,dog,wrong,american_bulldog,kernel,1,0.98878,38,0.576192,0.884187,0.307995,0.117496,0.921089,0.0,,0.673597,0.666667,-0.0187796 -0.00609417 -0.0128336 0.00566381 0.0239813 -0.00773851 -0.0101913 -0.0163548 -0.0248769 0.0779741 0.20362 0.0394668 0.0220504 -0.0401902 0.0160924 -0.00659087 0.0644741 0.0220245 0.451238 0.0190748 0.0234484 0.0183342 -0.015167 -0.00380632 0.0195182 0.0158119 -0.00291705 0.00147881 0.0235571 0.0130544 0.0123006 0.0146763 -0.0247602 0.0211686 0.0158723 -0.0112224 0.0162628 -0.00811712,800,0,cuda,1.41,6.29
test,793,boxer_198,boxer,dog,wrong,american_bulldog,partition,1,0.98878,38,0.576192,0.992082,0.41589,0.101535,0.923263,0.0,,,,0.00287956 -0.00162699 0.0196767 0.0113446 0.0167549 0.0399528 0.00338046 0.0107192 0.0783812 0.100167 0.132621 0.0170246 0.000605257 0.0048803 0.0309053 -0.012462 0.0707616 -0.000131019 0.158298 0.0343093 0.00608863 0.0257915 0.00805567 0.00300234 0.013546 0.0147436 0.00452579 0.00766887 0.0279617 -0.00268453 0.030924 0.0269265 0.0022818 0.0197054 0.0111217 -0.00134861 0.000255115 0.0144982,800,0,cuda,1.34,6.29
test,304,basset_hound_197,basset_hound,dog,wrong,american_bulldog,kernel,1,0.298918,35,0.038126,0.045723,0.007597,0.104097,0.438703,0.0,,0.798739,0.666667,-0.00582028 0.00841986 0.024568 -0.0100828 0.0112469 0.00860945 0.0223692 0.0127142 0.000917043 -0.0235044 -0.000844578 0.0177276 0.0336858 -0.0306653 -0.00751216 0.0116313 -0.0573506 -0.0415686 -0.00622868 0.00480569 0.0947403 -0.00125126 -0.00554362 0.0143561 -0.000707818 -0.00360469 0.00892479 0.0551951 0.00215255 0.0400803 0.00425201 0.0525736 0.00283272 0.00290563 0.00162031,800,0,cuda,1.36,6.13
test,304,basset_hound_197,basset_hound,dog,wrong,american_bulldog,partition,1,0.298918,35,0.038126,0.000135,-0.03799,0.113136,0.382546,0.0,,,,0.0029354 0.00922074 0.00899722 0.0229321 0.00683802 0.0162696 0.00584525 0.0500525 0.00706608 -0.0185829 0.00593339 0.0258749 -0.0268987 -0.0187949 0.0132914 -0.00544581 -0.0129076 -0.0115547 -0.00174154 0.00483159 0.0444119 -5.7568e-05 -0.0441983 0.0181875 0.000341912 0.0145495 0.00710523 0.083075 -0.00120777 0.0142628 0.00115753 0.0176672 0.0138618 0.0208318 -0.0325071,800,0,cuda,1.26,6.13
test,3475,wheaten_terrier_197,wheaten_terrier,dog,correct,wheaten_terrier,kernel,35,0.999356,35,0.2102,0.843435,0.633235,0.105375,0.944703,0.0,,0.615686,0.547619,-0.0191489 -0.009819 0.0354162 -0.00401683 -0.00695947 -0.0105144 0.0132251 0.000589394 0.00849835 -0.00330765 0.0419476 0.00401582 -0.00710191 -0.00694877 -0.0034999 -0.00280805 -0.0149965 -0.0132067 -0.0228421 0.0076788 0.0645407 0.0372562 0.00708935 0.0449803 0.0509607 0.715338 -0.00469799 -0.00996791 0.0242161 0.00852169 0.0157592 0.0158206 -0.00145062 0.00549119 0.01836,800,0,cuda,1.34,5.99
test,3475,wheaten_terrier_197,wheaten_terrier,dog,correct,wheaten_terrier,partition,35,0.999356,35,0.2102,0.580099,0.369899,0.172843,0.942923,0.0,,,,0.000295595 -2.96117e-05 0.000294528 0.000430167 0.000237498 -4.19285e-05 0.000783291 0.00671422 -9.13964e-05 -4.56982e-05 0.000113379 0.00228429 -2.47742e-05 -9.73024e-05 -5.55196e-05 0.0408446 0.0137968 0.00667142 -8.01269e-05 0.0020821 0.038938 0.136282 0.0903464 0.08011 0.138863 0.310574 0.0169609 0.0457746 -0.00373131 0.00102401 0.0041545 0.0198575 0.00545785 0.0216334 -0.00190713,800,0,cuda,1.29,5.99
test,682,Birman_86,Birman,cat,correct,Birman,kernel,6,0.758519,39,0.385882,0.902543,0.516661,0.296262,0.843562,0.0,,0.779453,0.666667,0.00472052 0.0188447 0.00495621 0.00987469 0.00969205 -0.0264487 0.0228705 0.0082998 0.00920361 -6.79649e-05 0.00134285 -0.0203474 0.0576983 0.176729 -0.0372389 0.0164722 -0.00535155 0.0297883 0.0046573 0.243822 0.0333436 0.00505626 -0.0222661 -0.016345 0.0593266 0.0674964 0.162039 -0.0398549 0.0692912 -0.11005 0.0572125 -0.00758115 0.00526636 -0.0220483 -0.0409191 -0.0297033 -0.0261345 0.0252264 0.028141,800,0,cuda,1.39,6.13
test,682,Birman_86,Birman,cat,correct,Birman,partition,6,0.758519,39,0.385882,0.837181,0.4513,0.34178,0.91587,0.0,,,,0.00155369 0.000924553 0.000865724 -0.00642007 0.000656716 -0.0215907 -0.00218024 0.000871553 -0.00339344 0.0214864 0.0218464 0.00387832 0.0777681 0.255091 -0.00380352 0.0083523 -0.00616333 0.00395268 -0.00112434 0.158814 0.139105 0.0293501 0.00110055 -0.000727047 0.00949185 0.0336824 0.0129028 0.00268468 -0.000471997 -0.00394655 0.0186792 -0.00985594 0.00529627 0.00234703 -0.00638125 -0.00551249 -0.00406435 -0.00638799 -0.00166381,800,0,cuda,1.27,6.13
test,1846,keeshond_69,keeshond,dog,correct,keeshond,kernel,18,0.997419,40,0.415617,0.990499,0.574882,0.086157,0.602753,0.0,,0.628893,0.428571,0.0176761 0.0278817 0.0107429 0.0132081 -0.017251 0.00788571 -0.0205692 -0.00226081 0.0469751 0.00801092 -0.0134256 0.0103055 -0.013395 0.0406344 0.0241889 0.0546989 0.0647597 0.013083 0.0483432 0.140485 -0.0214216 0.0383132 -0.0089365 0.0480205 -0.00646191 0.0951304 -0.0343249 0.0540049 0.0444736 0.0489462 0.0122267 0.0480779 0.0421328 0.0790321 0.00500705 0.0214378 0.0478194 -0.0135829 -0.0242986 0.0479814,800,0,cuda,1.4,6.07
test,1846,keeshond_69,keeshond,dog,correct,keeshond,partition,18,0.997419,40,0.415617,0.998378,0.582761,0.089773,0.622541,0.0,,,,-0.00265231 0.00836709 0.00234923 0.00539199 -0.000341486 -0.0116506 0.00405597 -0.00477036 0.0124917 0.0121244 0.00199993 0.00220407 0.000772952 0.0131102 0.00190634 0.0410158 0.0322695 0.0262718 0.0233892 0.19943 0.00508798 0.00363136 0.00392585 0.0372676 0.011321 0.134818 0.00180738 0.0307089 0.0129622 0.0611361 0.00504329 0.00867583 0.0184672 0.0477334 0.00594539 0.0208645 0.101388 0.0582633 0.00465474 0.0441187,800,0,cuda,1.2,6.07
test,326,basset_hound_35,basset_hound,dog,correct,basset_hound,kernel,3,0.91651,42,0.103675,0.560378,0.456703,0.090982,0.794183,0.0,,0.642168,1.0,-0.000535603 -0.00164783 -0.00967541 0.037738 0.0122396 0.0247166 0.00172866 0.0294205 -0.0215835 0.0143989 0.0249278 -0.0124265 0.0189809 0.0120201 0.0541822 0.119755 -0.000565217 0.104827 -0.0117649 -0.0209299 -0.00326478 0.0574371 0.0872596 -0.0253508 0.0942051 -0.0109556 0.0094055 0.0277482 -0.00231313 0.096685 0.0110701 0.00495064 0.0239664 0.0624668 0.0148166 0.00108181 -0.00995012 0.0177692 0.020335 0.00653187 0.0430882 -0.0107786,800,0,cuda,1.46,6.08
test,326,basset_hound_35,basset_hound,dog,correct,basset_hound,partition,3,0.91651,42,0.103675,0.378072,0.274397,0.127107,0.580865,0.0,,,,0.00121057 0.00268662 0.00419679 0.0185915 0.00192842 0.00473404 0.00373445 0.00371435 0.00811311 0.00463675 0.0069983 0.00889809 0.00608872 0.00413292 0.0236078 0.0280757 0.0110891 0.0208563 0.000409105 0.0198484 0.0995307 0.0671652 0.124415 0.00368896 0.0856019 0.00457108 0.013283 0.0326901 0.0422941 0.0436044 0.00574412 0.00488545 0.0585633 0.0534089 0.017717 0.00171519 0.00416573 0.00493256 0.0128107 0.0128177 0.0142858 0.000568131,800,0,cuda,1.22,6.08
test,3200,Siamese_247,Siamese,cat,correct,Siamese,kernel,32,0.99684,40,0.640924,0.991363,0.350439,0.17634,0.755525,0.0,,0.394371,0.428571,-0.011394 0.00569772 -0.0478341 0.0225151 -0.00889306 0.0457768 0.0307362 -0.00913466 0.00511046 0.0373162 0.0218429 -0.0207988 0.00262499 0.0644497 -0.00241905 0.0798295 0.00648718 0.000778351 -0.0375148 0.214702 0.0555349 -0.045708 0.0186651 0.118371 0.191665 0.0332076 0.0314444 0.0908112 0.0380448 0.0225585 -0.00227837 -0.0505618 0.00748066 0.00898834 0.0146874 -0.00871208 -0.00581578 0.0428199 0.0341474 -0.0131583,800,0,cuda,1.49,6.71
test,3200,Siamese_247,Siamese,cat,correct,Siamese,partition,32,0.99684,40,0.640924,0.995289,0.354365,0.224146,0.741822,0.0,,,,0.00759201 0.0200525 0.00522812 0.00341753 0.0131702 -0.010598 0.0127409 0.0187471 -0.00111828 0.00841041 -0.042064 -0.00645136 -0.0113243 0.0684309 -0.0112727 0.0325675 -0.0141001 0.00513864 -0.00293941 0.123277 0.0164881 -0.00252638 0.0124452 0.225366 0.200882 0.0283382 0.03888 0.059312 0.0220677 0.0183235 0.013349 -0.0037998 0.00116959 0.0156753 0.0206266 0.053972 0.000951907 0.0362232 8.86975e-05 0.00533426,800,0,cuda,1.38,6.71
test,1861,keeshond_82,keeshond,dog,correct,keeshond,kernel,18,0.999993,33,0.54267,0.632355,0.089685,0.29834,0.69702,0.0,,0.576872,0.428571,0.0102667 -0.00829262 0.00386779 0.0244324 -0.017125 0.0058034 0.0520804 0.024683 0.0896257 0.0297286 0.00178031 0.0359199 0.0733002 0.00743996 0.102388 0.0765003 0.0189924 0.0183068 0.0594786 0.0148195 0.0668659 0.106405 -0.0222151 0.0225491 0.0429151 0.00341882 0.016492 -0.0337234 0.0360322 0.0563978 0.00782833 0.0370589 0.0241078,800,0,cuda,1.38,6.21
test,1861,keeshond_82,keeshond,dog,correct,keeshond,partition,18,0.999993,33,0.54267,0.605683,0.063013,0.338034,0.57764,0.0,,,,-0.000175272 -0.000580431 -0.000665686 0.0189053 0.0440425 -0.000198179 -8.38182e-05 0.0143241 0.0767766 -0.00450271 -0.00394294 0.0372071 0.0553805 -0.0024375 0.0547221 0.190806 -0.00151889 0.00217945 0.0146985 0.00657434 0.0318879 0.0626094 0.0232779 0.106187 0.0282634 0.0099046 0.0125941 0.00677107 0.0177416 0.166683 0.0112329 0.00435267 0.00511224,800,0,cuda,1.29,6.21
test,2252,newfoundland_74,newfoundland,dog,correct,newfoundland,kernel,22,0.999603,41,0.600666,0.87911,0.278444,0.183802,0.831012,0.0,,0.36115,0.547619,0.00578986 0.0190307 0.00799174 0.00826257 0.014387 0.024323 -0.00105461 0.00729556 0.00250924 0.0466619 0.375755 -0.0074286 0.0179284 0.078832 0.00851777 -0.0172683 0.0148249 0.021172 0.0951591 -0.0259867 0.074839 0.0244541 -0.00301928 0.0127183 0.00980015 -0.0214652 0.00782969 0.0228517 0.0260944 0.00170429 0.0562848 0.0160362 -0.0118821 -0.00111581 0.0220425 -0.013941 0.0273374 0.0317651 0.0469786 -0.0266341 -0.00555834,800,0,cuda,1.38,6.2
test,2252,newfoundland_74,newfoundland,dog,correct,newfoundland,partition,22,0.999603,41,0.600666,0.886315,0.28565,0.223306,0.734739,0.0,,,,0.00216084 0.0117326 0.0285072 0.0133865 0.0537003 0.0297216 0.0104905 0.00535996 0.00477506 0.0880328 0.255138 0.0157933 0.00578032 0.0807424 0.031381 0.012466 0.0626636 0.0445934 0.0508438 0.064367 0.050629 0.00140371 0.0237209 0.000670744 0.000723642 0.00187633 0.00131814 0.00135625 0.00156535 0.00129824 0.0196405 0.00138659 0.000784227 0.00224166 0.00143561 0.0021359 0.00279947 0.00500421 0.000733271 0.000822932 0.000639917,800,0,cuda,1.27,6.2
test,1047,chihuahua_66,chihuahua,dog,correct,chihuahua,kernel,10,0.999983,48,0.415577,0.981895,0.566318,0.050598,0.858675,0.0,,0.314427,0.339286,0.0442587 0.014947 -0.0165613 0.015749 0.0337057 0.0203281 0.0202165 0.0080816 0.00590271 0.0405965 0.0258795 0.0420929 0.12714 0.0578148 -0.00317944 0.0248325 -0.0367845 -0.0133353 0.393098 -0.0132081 0.0621178 -0.0115242 0.00578686 0.0510953 0.0190345 0.0384472 0.0265378 0.0137417 -0.0271762 0.00445637 0.000928326 0.0134808 0.034866 -0.0165041 0.0215475 -0.0111357 0.0152543 -0.00419059 0.0431162 0.0129914 -0.00713397 -0.00285307 -0.0240347 -0.0252755 -0.0178403 -0.013869 0.00368773 -0.00531546,800,0,cuda,1.39,6.26
test,1047,chihuahua_66,chihuahua,dog,correct,chihuahua,partition,10,0.999983,48,0.415577,0.978844,0.563267,0.070267,0.91624,0.0,,,,0.00323133 0.00307376 0.00261419 0.00531777 0.0201985 0.00674693 0.0129482 0.0226362 0.0387194 0.000538235 0.019163 0.0322075 0.0466051 0.104655 0.00170916 0.0779375 0.0280262 0.00150534 0.403676 0.00232538 0.115911 0.00429784 0.0231337 0.0157979 4.59778e-05 -0.000393507 4.45693e-05 -2.46e-05 -0.000279952 -0.000240953 -6.01593e-05 -6.90353e-05 2.72483e-05 1.08442e-05 -9.9752e-07 -0.000140881 -2.51203e-05 -0.000167829 2.49074e-05 4.74731e-05 2.66091e-05 -4.37872e-05 -7.27094e-05 7.25303e-05 -7.4559e-05 3.34915e-05 3.90632e-05 5.75932e-05,800,0,cuda,1.28,6.26
test,710,Bombay_23,Bombay,cat,correct,Bombay,kernel,7,0.402066,29,0.540597,0.785413,0.244815,0.043123,0.336288,0.0,,0.812808,1.0,-0.00628633 0.0670278 0.00623553 -0.0112268 0.00941401 -0.000887794 -0.0212319 0.00918858 0.0124089 0.0629503 0.0150508 0.0617296 -0.0132346 0.0537045 0.0161968 0.00452252 0.0170953 -0.0142476 0.00530693 0.0747569 0.0242949 0.00157528 0.00965459 -0.00503845 0.0194198 -0.0161879 0.00451118 0.00111441 -0.0130128,800,0,cuda,1.37,5.88
test,710,Bombay_23,Bombay,cat,correct,Bombay,partition,7,0.402066,29,0.540597,0.627037,0.08644,0.034012,0.228333,0.0,,,,0.0128494 0.0123019 0.00333768 0.00805974 0.00166077 0.00822531 -0.000838618 0.00779767 0.0238494 0.13173 -0.00573117 0.00973399 0.0130101 0.137668 0.0119323 0.00739175 0.00429153 0.00052019 0.00287155 0.00531782 -0.00176607 0.00150232 5.3877e-05 -0.00377018 -0.00615601 -0.00624872 -0.00207732 -0.00135903 -0.00135404,800,0,cuda,1.13,5.88
test,3459,staffordshire_bull_terrier_91,staffordshire_bull_terrier,dog,correct,staffordshire_bull_terrier,kernel,34,0.755727,35,0.195273,0.490897,0.295624,0.070333,0.51299,0.0,,0.786415,1.0,0.0640059 0.0087244 -0.0214105 0.0404477 0.0230945 -0.0282347 0.143902 0.0298839 0.0342419 0.113714 0.0188185 0.0248988 0.0676889 -0.000747783 0.00904841 -0.00911555 -0.00772263 0.044324 0.0205832 0.022063 0.0109186 -0.0353615 0.0027923 -0.00635794 0.0362369 0.0192575 0.032151 0.0105414 0.019473 -0.00846271 0.0145485 0.0298067 0.0162707 0.0036728 0.00792162,800,0,cuda,1.48,6.46
test,3459,staffordshire_bull_terrier_91,staffordshire_bull_terrier,dog,correct,staffordshire_bull_terrier,partition,34,0.755727,35,0.195273,0.213209,0.017937,0.128011,0.344439,0.0,,,,0.0850401 0.00451179 0.00106773 0.0476221 0.0119534 0.0036744 0.103589 0.00597783 0.0392671 0.106152 0.0178939 0.00683478 0.00440256 0.00974936 0.0205347 0.0180604 -0.00939648 0.0197713 0.0074104 0.0115625 0.010267 0.00787915 0.0196529 0.0228988 0.0173535 0.0144039 0.0287516 0.0292428 0.0135926 0.00857754 0.00522356 0.0201653 0.0253581 0.00672841 0.00584243,800,0,cuda,1.15,6.46
test,1496,great_pyrenees_22,great_pyrenees,dog,correct,great_pyrenees,kernel,15,0.991303,30,0.651148,0.94344,0.292292,0.030175,0.788755,0.0,,0.465851,0.833333,-0.0035789 -0.00140019 0.0125697 0.0141037 0.00994832 0.000204078 -0.00912102 -0.0111825 -0.00857253 -0.00126659 0.0249673 0.0207383 0.106699 -0.00163093 0.28437 -0.00541424 0.0214019 0.0543302 0.0197521 0.143637 0.298934 0.0211798 0.0151728 0.0011717 0.00914032 0.00401824 -0.0122445 -0.0107269 -0.016746 0.00535429,800,0,cuda,1.59,6.3
test,1496,great_pyrenees_22,great_pyrenees,dog,correct,great_pyrenees,partition,15,0.991303,30,0.651148,0.895285,0.244137,0.037555,0.809913,0.0,,,,0.000400282 0.000921929 0.00158606 0.00340511 0.0017061 0.00160585 0.0167086 -0.00033619 0.00072663 0.000136073 0.00198112 0.0121115 0.031423 -0.0016765 0.534041 0.00200802 0.0376919 0.0181783 0.00496769 0.12026 0.190231 0.00454607 0.00134665 -0.00400608 0.0129006 9.18585e-05 -0.00221507 -0.00166762 -0.00307036 -0.000194913,800,0,cuda,1.22,6.3
test,2327,Persian_45,Persian,cat,correct,Persian,kernel,23,0.997524,31,0.6762,0.980183,0.303983,0.174992,0.76197,0.0,,0.842339,0.666667,0.0245018 0.00380237 0.136367 0.19227 -0.0202203 -0.00312674 0.044835 0.00276819 -0.00548518 0.0680739 0.16952 0.0659412 0.0379 0.0205489 0.0192409 0.0382181 0.0310013 0.00118121 0.0104819 0.0212728 0.0326228 0.0171161 0.0198622 0.00875431 0.0127063 0.0535519 -0.00436534 -0.0117519 -0.0024454 0.00124701 -0.00763075,800,0,cuda,1.46,6.45
test,2327,Persian_45,Persian,cat,correct,Persian,partition,23,0.997524,31,0.6762,0.978458,0.302258,0.189893,0.781427,0.0,,,,0.0137898 0.00954651 0.103261 0.278416 -0.0174064 0.00487395 0.0819885 0.00383356 0.0188869 0.137654 0.107946 0.0600428 0.0496892 0.0121027 -0.00564682 0.0254762 0.0181805 0.00101945 0.0202 0.00129565 0.0166884 0.0140886 0.011449 0.00619662 0.00282534 0.0042341 -0.00241087 0.00112627 0.00446179 -0.00348394 -0.00156259,800,0,cuda,1.31,6.45
test,465,beagle_70,beagle,dog,wrong,chihuahua,kernel,10,0.500048,41,0.328364,0.665045,0.33668,0.013108,0.47089,0.0,,0.736934,0.666667,-0.00315925 0.00370268 0.0278738 0.0139775 0.0867491 0.0671211 0.0744151 -0.0369677 0.000175785 0.000755715 -0.0557724 0.0760487 -0.0110001 0.0108775 -0.0259831 0.0147054 0.0110791 -0.0313967 -0.0190099 0.0415536 0.036277 -0.0074199 -0.0157723 0.0425909 0.00716857 0.0339047 0.0119951 0.0119686 -0.0201343 0.0441443 0.00217229 0.0139534 0.0139703 0.0262185 -0.00163025 0.0235872 -0.00743444 -0.00514067 0.00649148 0.0225617 0.00665759,800,0,cuda,1.63,6.3
test,465,beagle_70,beagle,dog,wrong,chihuahua,partition,10,0.500048,41,0.328364,0.536447,0.208083,0.006447,0.49762,0.0,,,,0.0178045 -0.000417768 -0.00116797 0.0471216 0.0434415 0.0508372 0.0793141 0.0459749 -0.00394163 0.00304763 0.0233827 0.0458338 -0.00323421 0.0103561 -0.00965832 -0.000289944 -0.000781239 -0.00967362 0.00925686 0.0169455 0.0270433 -0.0020162 -0.00710442 0.0212176 0.00659385 0.0413009 -0.00684548 0.0156883 0.00382767 0.0022388 0.00134421 0.000505119 0.00314908 0.00369638 -0.00233451 0.00253495 0.00297269 0.00333341 0.00492889 0.00538542 0.000264285,800,0,cuda,1.2,6.3
test,1581,great_pyrenees_9,great_pyrenees,dog,correct,great_pyrenees,kernel,15,0.994682,46,0.462851,0.986881,0.52403,0.027917,0.882509,0.0,,0.547456,1.0,0.00251513 -0.0110674 0.00734865 0.0142956 -0.0106192 0.0351292 0.0152011 -0.0195081 -2.23693e-05 0.00547589 0.00877903 -0.00146023 0.0913033 0.0012467 0.0201348 0.284154 0.155162 0.0492159 -0.0206736 0.116301 0.139413 0.0189575 0.0173919 0.0238775 -0.0088756 0.0251701 0.0479738 0.0348733 -0.0152379 -0.0109784 0.00633591 -0.0248213 -0.0201092 0.00258939 -0.019205 0.0239715 0.0244666 -0.000769617 0.00110447 0.0225892 0.00773364 -0.0241474 -0.00383849 -0.00307196 -0.00523387 -0.0138832,800,0,cuda,1.52,6.5
test,1581,great_pyrenees_9,great_pyrenees,dog,correct,great_pyrenees,partition,15,0.994682,46,0.462851,0.982955,0.520104,0.025362,0.791164,0.0,,,,-0.00409551 -0.0040418 -0.00123825 -0.00139616 0.00337003 0.00636495 0.00346176 0.0135717 0.0252109 0.00336918 0.00403506 0.0147587 0.112362 0.0271739 0.0159351 0.189379 0.0867002 0.0426218 0.021353 0.0976107 0.0769182 0.0831486 0.0377579 0.00678484 0.0107373 0.000914735 0.140717 0.00262078 -0.000943248 -0.00153844 -0.00272381 -0.00196043 -0.00350979 0.00299952 -0.00460243 -0.0025872 0.00400215 -0.00180199 -0.00128016 0.00128026 -0.00262297 -0.000998515 -0.00615557 -0.0017102 -0.000422685 -0.00234232,800,0,cuda,1.22,6.5
test,566,Bengal_71,Bengal,cat,correct,Bengal,kernel,5,0.965447,38,0.594009,0.667571,0.073562,0.156534,0.573877,0.0,,0.736842,0.833333,-0.00916691 -0.0137473 -0.00781212 0.034358 -0.0136266 0.0195453 0.0434153 0.0393182 -0.00306476 0.0215307 -0.00470513 0.0351153 0.0164396 0.0115845 0.105727 0.0118314 -0.0103908 0.125616 0.0261251 -0.00420389 0.0178543 0.0172329 0.0448679 0.179853 0.045806 0.0193653 0.016429 0.00588241 0.0512741 0.0805767 0.00921763 -0.0187463 -0.0288752 0.0264517 0.0414546 0.00412403 0.00535492 -0.008244,800,0,cuda,1.34,6.08
test,566,Bengal_71,Bengal,cat,correct,Bengal,partition,5,0.965447,38,0.594009,0.706407,0.112398,0.224284,0.488988,0.0,,,,0.0031896 -0.00348665 0.0010734 0.0132585 0.0033214 -0.0129249 0.00731287 0.00580724 0.000555152 0.00385978 0.00328218 0.00273931 0.0341173 0.0023467 0.0863014 0.00417899 0.0143221 0.0463672 0.00860138 0.0121666 0.00507713 0.00496658 0.0357062 0.271694 0.0217953 0.0569268 -0.0055075 -0.000225799 0.0532407 0.114129 0.0172377 0.0177617 -0.00205669 0.00124079 0.0870311 0.016523 0.000374621 0.00146312,800,0,cuda,1.24,6.08
test,1487,great_pyrenees_196,great_pyrenees,dog,correct,great_pyrenees,kernel,15,0.865378,37,0.40623,0.84074,0.43451,0.024123,0.77757,0.0,,0.516596,0.833333,0.020559 0.043125 0.0252327 0.00193155 0.0263538 -0.00572585 0.000251417 0.055335 0.0159044 0.18856 -0.0253814 -0.00190364 -0.0231297 0.150607 0.014924 -0.000814085 0.170359 0.170775 -0.0204053 0.0287462 0.00288282 0.0068816 -0.0160719 -0.0253808 0.0183077 0.024709 0.031613 0.00992766 -0.0264413 -0.0119661 -0.00637058 0.0206399 -0.00337653 0.00320335 0.0038614 -0.0328913 0.0250524,800,0,cuda,1.36,6.27
test,1487,great_pyrenees_196,great_pyrenees,dog,correct,great_pyrenees,partition,15,0.865378,37,0.40623,0.778654,0.372424,0.026127,0.67913,0.0,,,,0.00227481 0.0206288 0.00228784 -0.00048182 -0.00279423 -0.0061668 -0.00146721 0.0510212 0.0546792 0.445251 -0.00097093 -0.00380082 -0.00359765 0.232766 -0.00142448 -0.00757758 0.0413154 0.0536206 -0.00134158 0.0161037 -0.0139175 -0.00212191 -0.00175088 0.000291493 0.000450701 -0.00460672 -9.86674e-05 8.22777e-05 -0.000675323 -0.000555526 -0.000535117 -0.00186512 -0.00142426 -0.00212331 -0.000968082 0.000442554 -0.00106653,800,0,cuda,1.22,6.27
test,1831,keeshond_54,keeshond,dog,correct,keeshond,kernel,18,0.984674,44,0.269432,0.98353,0.714099,0.051999,0.778576,0.0,,0.678365,1.0,-0.0187328 0.0204828 0.0814721 -0.00835722 0.035009 0.00976729 0.0105893 0.00187752 0.0528264 0.180164 0.0133285 0.22121 -0.0305921 -0.000479027 0.101302 0.0388857 0.0159368 0.0812459 0.0176888 0.0287688 -0.00920779 0.0107767 0.00275065 0.0360854 0.015212 0.00485465 0.00160212 -0.000194532 0.0390019 0.00909963 0.0125241 -0.0166265 -0.0184174 0.00353969 -0.00715774 -0.00159207 -0.000544608 -0.00316553 0.0110829 -0.00529581 0.0161677 0.00805908 0.0106125 0.00124871,800,0,cuda,1.4,6.24
test,1831,keeshond_54,keeshond,dog,correct,keeshond,partition,18,0.984674,44,0.269432,0.97197,0.702538,0.051564,0.774614,0.0,,,,0.0039083 0.0196103 0.0717482 -0.000437743 0.0296792 0.0266104 0.0123215 -0.00282005 0.0305676 0.0876136 0.0155541 0.284542 0.000440096 0.00789541 0.0954521 0.0836898 0.00650621 0.129821 -0.000102972 0.0328426 0.000129179 0.00606259 0.00547878 0.0162631 0.00268143 -0.000998073 0.00202374 0.000680142 0.000982951 0.00173417 0.000612013 4.53022e-05 -5.62106e-05 0.00103381 -0.000263794 0.00152679 -6.66477e-05 -0.000171664 0.000609829 -0.000294702 -0.000259834 -0.000127753 -6.93478e-05 -0.000187416,800,0,cuda,1.24,6.24
test,3477,wheaten_terrier_199,wheaten_terrier,dog,correct,wheaten_terrier,kernel,35,0.455629,43,0.202288,0.860334,0.658046,0.043708,0.832853,0.0,,0.512156,0.428571,0.00721515 0.0301111 0.0423512 -0.00487268 -0.0137156 0.0246171 0.00353033 0.00120714 -0.0602 -0.055915 0.0268667 -0.00857578 -0.0743188 0.0120536 0.0382171 0.02755 -0.0892315 0.0210891 -0.0157035 0.0164475 -0.0138846 -0.0183489 0.195514 0.0692793 0.223901 0.0223347 -0.00360499 0.0247137 -0.0148963 0.0255311 0.0462083 0.00938627 -0.00482495 0.0175252 -0.0549818 0.00389534 -0.0125464 0.0581703 0.0100368 0.00629504 -0.0758999 0.0134571 -0.0212919,800,0,cuda,1.35,6.21
test,3477,wheaten_terrier_199,wheaten_terrier,dog,correct,wheaten_terrier,partition,35,0.455629,43,0.202288,0.387163,0.184875,0.082556,0.818347,0.0,,,,0.00127014 -0.0014001 -0.00939655 0.00164485 -0.00597173 -0.00732818 -0.00635914 -0.00271758 -0.0359055 -0.0301564 -0.0106216 0.0021351 -0.0157721 0.000105295 0.0013129 -0.00403801 -0.000413576 0.0676635 -1.5382e-05 0.0487325 0.00585911 0.00208988 0.0977948 0.062329 0.175687 -0.000117 0.000727986 0.00926224 -0.000272521 0.00184072 0.0480369 0.00959903 0.0020695 0.00201618 -0.00140078 0.000915556 0.00193803 0.0156664 -0.00329746 0.0113285 -0.00395292 0.00352338 0.00028008,800,0,cuda,1.2,6.21
test,2473,pomeranian_93,pomeranian,dog,correct,pomeranian,kernel,24,0.996464,33,0.796676,0.996351,0.199675,0.051029,0.559971,0.0,,0.576203,0.666667,-0.00885624 0.0149888 0.0106312 0.0123224 0.00714203 -0.00053161 -0.0277592 0.0257435 -0.00365202 -0.0102509 0.0191021 0.044315 0.0623808 0.28337 0.000882396 0.0397178 0.00581126 0.0609551 0.129668 0.168685 0.0365972 -0.0133809 0.0291052 0.0125589 -0.0121043 0.0407426 -0.00959918 0.00850107 0.00947068 0.0012845 0.0186291 -0.0125949 0.0448108,800,0,cuda,1.68,6.26
test,2473,pomeranian_93,pomeranian,dog,correct,pomeranian,partition,24,0.996464,33,0.796676,0.997873,0.201197,0.051321,0.620233,0.0,,,,0.00276186 -0.00449476 0.00804401 -0.000315945 -0.000932771 0.017507 -0.00267896 0.00083321 0.00654866 0.0101413 0.0227101 0.0659927 0.0363091 0.214116 0.0195843 0.049868 0.00807884 0.0243576 0.174496 0.0745128 0.103657 0.00321539 0.0456291 0.00712167 0.000959059 0.037878 0.00832338 0.00220417 0.00775224 0.0112888 0.00243827 0.00506274 0.0257176,800,0,cuda,1.2,6.26
test,2530,pug_53,pug,dog,correct,pug,kernel,25,0.999924,37,0.660296,0.962269,0.301973,0.177942,0.562847,0.0,,0.473684,0.428571,-0.0117814 0.00777298 -0.00119296 0.0253951 -0.00998837 0.0715543 0.0254198 0.00375134 0.0585689 0.0134423 0.0313524 0.0630199 -0.00409486 0.0445987 0.221234 0.0123749 -0.0152618 0.176257 -0.0117829 0.00674765 0.0571802 0.0464152 0.00816814 0.0174589 0.00580165 -0.00811854 -0.0183213 0.0324953 0.0440743 0.034507 0.0223308 0.00904284 0.0126081 -0.0255456 0.0251383 0.0415719 -0.0228501,800,0,cuda,1.48,6.08
test,2530,pug_53,pug,dog,correct,pug,partition,25,0.999924,37,0.660296,0.96143,0.301135,0.229818,0.753108,0.0,,,,0.00899269 0.00669058 0.0141919 0.0267277 0.0110014 0.0657474 0.049543 0.0388152 0.105144 0.074927 0.0350585 0.107246 0.0271146 0.0374924 0.157212 0.0134899 0.00798774 0.135276 0.0121369 0.00322836 0.00627816 0.0068318 0.00851646 0.00241291 0.00111698 0.00124576 0.00207597 0.0030095 0.00319087 0.000594236 0.00197123 0.00099902 0.00206692 0.00292435 0.000486377 0.00267611 0.0049249,800,0,cuda,1.22,6.08
test,713,Bombay_26,Bombay,cat,correct,Bombay,kernel,7,0.596417,30,0.286033,0.784736,0.498702,0.036259,0.633234,0.0,,0.836263,0.666667,0.004747 0.0137631 0.0196516 -0.00810711 -0.0562886 0.0418835 -0.000800452 0.00245526 -0.0251084 0.0590778 0.113803 0.0194472 0.132744 0.0691588 0.008784 0.0392642 0.00109067 0.0835499 0.0282592 0.0161954 0.0180844 0.0179744 0.000338425 0.0256635 -0.030457 0.00790719 -0.000213155 -0.0250245 -0.0134063 0.00471809,800,0,cuda,1.39,6.07
test,713,Bombay_26,Bombay,cat,correct,Bombay,partition,7,0.596417,30,0.286033,0.775173,0.48914,0.057477,0.647547,0.0,,,,-0.00173784 0.0385212 -0.0571535 -0.0193983 -0.0714388 0.0566726 -0.00493253 -0.0069688 -0.00349267 0.0319693 0.290416 -0.0064166 0.141555 0.0504202 -0.0019532 0.0133478 -0.00767578 0.0839402 0.000894068 0.00467464 0.0271103 -0.00370336 -0.00250606 0.0369402 -0.00269193 -0.000784918 -0.00634009 -0.00418833 -0.000180664 -0.00574248,800,0,cuda,1.32,6.07
test,1,Abyssinian_202,Abyssinian,cat,correct,Abyssinian,kernel,0,0.999967,40,0.300821,0.956722,0.655901,0.152591,0.790886,0.0,,0.489212,0.833333,0.0016297 0.0598373 -0.0124837 0.162197 0.021521 -0.000638144 -0.0120372 0.0234066 -0.0379137 0.0682309 0.0369604 -0.00807249 0.0320613 0.00474573 0.0218349 0.0397047 -0.00900554 0.133856 -0.0199763 -0.0142657 0.0254028 0.110064 0.0323474 0.0239516 0.0263301 0.000185939 0.0871693 0.064209 -0.00650523 0.00375926 0.0332221 0.00546432 -0.000652227 0.0167603 -0.00327931 0.00098482 0.0150582 0.00306804 0.0425884 0.00477965,800,0,cuda,1.45,6.58
test,1,Abyssinian_202,Abyssinian,cat,correct,Abyssinian,partition,0,0.999967,40,0.300821,0.952021,0.6512,0.157923,0.699052,0.0,,,,0.00814626 0.0179846 -0.000351473 0.159995 0.0129812 0.000490032 0.00251209 0.0201195 0.00207818 0.0568534 0.0186501 0.00339752 0.00428303 0.00500293 0.0194523 0.00168709 0.00141433 0.170547 0.000394168 0.000163884 0.0433479 0.031402 0.00131916 -0.00432785 0.0145234 0.00292679 0.0743886 0.0684295 0.0520242 0.00809034 0.0483099 0.00178119 0.0231679 0.0445086 0.0163529 0.00289056 0.0021323 0.0183033 0.0150799 0.00604965,800,0,cuda,1.45,6.58
test,1077,chihuahua_93,chihuahua,dog,correct,chihuahua,kernel,10,0.999795,36,0.424685,0.891193,0.466507,0.093308,0.820723,0.0,,0.637709,1.0,-0.00360968 -0.0234849 0.0346335 -0.0162249 -0.0127972 0.000790923 0.00948899 -0.00992415 0.0165444 0.000986837 0.272416 -0.0012599 0.130356 -0.011062 -0.00876732 0.172199 -0.00877772 -0.0192653 0.00575428 0.0107 0.00197097 0.0153769 0.172352 0.0648102 -0.00687757 0.00556569 0.00688988 0.0446883 0.0107702 0.0343575 0.0110836 0.0481905 0.00881465 0.0240215 0.0109008 1.24413e-05,800,0,cuda,1.5,6.66
test,1077,chihuahua_93,chihuahua,dog,correct,chihuahua,partition,10,0.999795,36,0.424685,0.903807,0.479122,0.084655,0.824949,0.0,,,,0.000493112 -0.000424611 0.00894347 0.0182425 0.00165296 -0.000124545 -0.000407902 0.00216988 0.0258336 -0.000183746 0.144316 0.0147156 0.158609 -0.000654192 0.0125736 0.194987 -0.000508167 0.0149762 -0.00105986 0.00373238 0.0201596 -0.00341428 0.366054 0.0176651 -0.00130901 -0.00459732 -0.00678839 -0.0102839 -0.0020166 -0.000283328 -0.00380514 0.0180264 0.00545245 -0.00168578 0.00170813 -0.00113957,800,0,cuda,1.2,6.66
test,2483,pug_195,pug,dog,correct,pug,kernel,25,0.974168,41,0.38359,0.942608,0.559018,0.157874,0.512976,0.0,,0.639721,0.666667,0.00774983 0.0106533 0.00881629 0.00968197 0.0202949 0.0866588 0.0368569 -0.00490816 0.00615408 0.034088 0.0142191 -0.00290023 0.0143226 0.0147169 0.111492 -0.00652025 0.0103196 0.114502 0.00416838 0.0367748 -0.0231836 0.0151117 0.0177125 0.0913162 0.0580469 0.0640536 -0.00880067 0.0247239 0.0368273 0.018171 0.00267312 0.0239524 -0.000554226 0.03744 0.0105691 0.0124307 0.0173911 0.0205496 0.0228094 0.006934 -0.0117272,800,0,cuda,1.42,6.05
test,2483,pug_195,pug,dog,correct,pug,partition,25,0.974168,41,0.38359,0.527592,0.144002,0.262508,0.370996,0.0,,,,0.00293083 0.0180826 0.00311945 0.017307 0.0461896 0.0530676 0.0202699 0.0219448 0.0135742 0.0422452 0.0223179 0.0107883 0.00388211 0.0740815 0.273002 0.0355933 0.011849 0.0824506 0.0103781 0.0155177 0.0172656 0.0214493 0.00140447 0.0418068 0.00484044 0.0232035 0.00185502 0.0110901 0.002791 0.00839985 0.00297153 0.00684135 0.000990046 0.00559568 0.0074156 0.0044827 0.00615293 0.00202689 0.00449284 0.00350371 0.00641621,800,0,cuda,1.21,6.05
test,1732,japanese_chin_55,japanese_chin,dog,correct,japanese_chin,kernel,17,0.991255,32,0.493005,0.859637,0.366633,0.02481,0.802426,0.0,,0.522544,1.0,-0.0187848 -0.0362475 0.0257968 0.0127952 0.00323759 -0.00916042 0.0171549 -0.00119803 0.0163892 0.0336591 0.110752 0.0170356 0.380697 0.0955338 0.0135577 0.0133442 0.00990348 0.039869 0.188759 -0.0148333 -0.0287953 0.0914744 -0.0152088 0.0018081 0.000422172 0.00305352 -0.00741189 0.0118945 -0.0196213 0.0244088 0.00437114 0.0033042,800,0,cuda,1.37,6.09
test,1732,japanese_chin_55,japanese_chin,dog,correct,japanese_chin,partition,17,0.991255,32,0.493005,0.859637,0.366633,0.028752,0.80673,0.0,,,,-0.008794 -0.00231306 -0.00585827 -0.00392918 -0.0151239 0.000875977 0.00629739 0.0077253 -0.0030375 -0.0151846 0.181344 -0.00150327 0.324016 0.142638 0.000122796 0.0274965 0.00606468 0.00613133 0.257342 -0.0110217 0.00058131 0.086465 0.00356615 0.00159588 -0.000110963 -0.00131643 -0.00156781 -0.00446812 -0.00689737 -0.000629242 -0.00247767 -6.96088e-05,800,0,cuda,1.18,6.09
test,1829,keeshond_52,keeshond,dog,correct,keeshond,kernel,18,0.997739,41,0.791295,0.999341,0.208047,0.144007,0.522313,0.0,,0.605226,0.547619,0.0114193 -0.0434627 0.0276583 0.00836957 -0.0208163 0.0329663 0.0268378 0.00150755 -0.0279229 -0.0162045 -0.0289111 0.0685129 0.0207515 0.00358575 0.0852659 -0.0101739 -0.00145404 0.0418446 0.045376 0.0407458 0.052696 0.0253537 0.0635429 0.0197676 0.0414989 0.0514601 0.0494291 -0.0131061 0.0553391 0.0274597 0.0204887 0.0633621 0.0651351 0.0227972 0.0085064 0.00395583 0.0321483 0.0652354 0.0264874 0.0144071 0.0240153,800,0,cuda,1.42,6.32
test,1829,keeshond_52,keeshond,dog,correct,keeshond,partition,18,0.997739,41,0.791295,1.0,0.208705,0.126172,0.384387,0.0,,,,-0.00426588 -0.00510129 -0.00584062 0.0112634 -0.00623017 -0.00144425 0.0320623 -0.000107555 -0.00296144 -0.00310638 -0.00180803 0.0495799 0.0455743 0.0280896 0.0573652 0.0127341 0.0136232 0.0226731 0.0707142 0.0112577 0.0575378 0.018505 0.0605265 0.0119256 0.0334514 0.0116329 0.0954784 0.0229717 -0.000225096 0.0146366 0.0203239 0.0726984 0.0531491 0.00854784 0.00421474 0.0184216 0.0203103 0.063961 0.0643534 0.00155103 0.00783234,800,0,cuda,1.24,6.32
test,2994,scottish_terrier_22,scottish_terrier,dog,correct,scottish_terrier,kernel,30,0.999624,41,0.520966,0.996333,0.475367,0.439624,0.842272,0.0,,0.496951,0.547619,0.00957058 0.0107489 -0.0233657 0.0594587 -0.0108972 -0.00997987 -0.00286296 -0.0234242 0.0230158 0.0290149 0.0611887 0.0146379 0.0465258 0.0655447 0.00196881 0.02947 -0.00987813 -0.00705078 0.0133738 -0.0127115 -0.0115081 0.0278376 0.0651689 0.031527 0.0160699 -0.0122419 0.0167015 0.0615975 0.178175 -0.00149096 0.0886655 0.0362927 0.129978 -0.014654 0.0357672 0.0298714 0.0363796 0.0218258 0.0557416 -0.0397697 -0.0246438,800,0,cuda,1.38,6.33
test,2994,scottish_terrier_22,scottish_terrier,dog,correct,scottish_terrier,partition,30,0.999624,41,0.520966,0.994197,0.473231,0.463004,0.778924,0.0,,,,0.0020212 0.00791498 0.0131241 0.0131891 0.00535977 0.0160312 0.00778905 0.00825012 0.030697 -0.00345616 0.00262754 0.0143827 0.0236973 0.00385043 0.00630493 0.0139031 0.00692074 0.00767546 0.0268693 0.0251186 0.0191025 0.0597396 0.0654804 0.023042 0.0122544 0.00847734 0.0118931 0.0309791 0.0562417 0.0014445 0.0150693 0.0684035 0.194709 0.0265464 0.0264599 0.0336286 0.026478 0.0174578 0.035543 0.0203125 0.00610591,800,0,cuda,1.22,6.33
test,501,Bengal_195,Bengal,cat,correct,Bengal,kernel,5,0.979207,48,0.26997,0.728136,0.458166,0.080317,0.797686,0.0,,0.479375,0.547619,-0.00991483 -0.00782178 0.0138725 0.00798365 -0.011691 0.0288358 0.00185321 0.0194812 -0.00872564 -0.00857505 0.00451822 -0.0133639 0.0310382 -0.0361395 -0.0118221 0.0222375 0.0868245 0.0710832 -0.0163358 0.090595 0.0355402 0.125665 0.197192 0.00114806 0.0118049 -0.0273437 0.163357 -0.0208535 0.0227584 0.026466 0.0387562 -0.00978785 0.045217 -0.00646623 0.0042957 0.0925004 -0.0070848 -0.00117578 0.0160566 0.00132544 0.00242513 0.00198794 0.00198503 0.00660271 0.00260928 -0.0305989 0.00292704 -0.00371417,800,0,cuda,1.4,6.31
test,501,Bengal_195,Bengal,cat,correct,Bengal,partition,5,0.979207,48,0.26997,0.90129,0.631321,0.081505,0.72642,0.0,,,,-0.000462507 -0.000797729 4.06206e-05 -0.000220275 0.00116852 -0.0010124 0.00121395 0.00776695 0.00469616 0.000637628 0.0135232 -0.00136309 0.00779693 0.00423404 0.0107166 0.00185192 0.0208108 0.0523621 0.00275885 0.0321561 0.020512 0.0107999 0.210402 0.00434776 0.00333207 0.0314897 0.0857115 0.0102124 0.0213358 0.0280431 0.0368492 0.042178 0.0390935 0.049834 0.00627012 0.0526189 0.00878104 0.00842846 -0.000152667 0.0279356 0.00130953 0.0481128 0.011212 0.000490063 0.00012193 0.00163721 0.0179341 0.0108101,800,0,cuda,1.15,6.31
test,2953,samoyed_75,samoyed,dog,correct,samoyed,kernel,29,0.994934,31,0.704301,0.965589,0.261288,0.083664,0.867021,0.0,,0.738105,0.833333,0.00334037 0.00426151 -0.00830879 0.0231431 -0.00607568 0.00328632 0.00961864 0.200553 0.118285 -0.0216912 0.144291 -0.0266322 0.00984205 0.127117 0.0768658 0.219846 0.0496183 0.00774567 0.0142582 0.0153698 0.0294694 -0.0337926 -0.00710431 0.0155837 0.011079 0.00367621 0.00487182 -0.0128779 -0.00635813 0.00617999 -0.00126341,800,0,cuda,1.45,6.2
test,2953,samoyed_75,samoyed,dog,correct,samoyed,partition,29,0.994934,31,0.704301,0.965589,0.261288,0.065967,0.806722,0.0,,,,0.00109883 0.00018099 0.00668268 0.0225727 0.00211492 0.0156871 0.0621054 0.187528 0.170616 0.0303711 0.125197 -4.43568e-05 0.00478118 0.120101 0.0159538 0.176602 0.0409623 -0.00156683 -0.000441347 -0.00016498 -0.000406055 -0.00306977 -8.40557e-05 -0.0001571 -0.000313587 -0.000239046 -0.000511463 -0.000644779 -0.000411159 -0.000118992 -0.000184225,800,0,cuda,1.15,6.2
test,2100,miniature_pinscher_27,miniature_pinscher,dog,correct,miniature_pinscher,kernel,21,0.996618,35,0.468033,0.786675,0.318643,0.097193,0.861798,0.0,,0.473249,1.0,-0.00989269 -0.00946667 0.152247 0.0211679 0.00772002 0.145301 0.0949769 0.00145941 0.0140385 -0.0100085 0.0199252 0.200656 0.141205 -0.0198738 -0.00398754 -0.00498604 -0.00126435 0.00820715 0.00233006 0.00451825 -0.00127706 0.0413915 0.0173258 0.0258699 -0.000630569 0.0326516 0.00995376 0.0022788 0.00347944 0.0236688 0.0202282 0.000629856 -0.00985753 0.0366606 0.0234219,800,0,cuda,1.54,6.33
test,2100,miniature_pinscher_27,miniature_pinscher,dog,correct,miniature_pinscher,partition,21,0.996618,35,0.468033,0.786675,0.318643,0.130159,0.870663,0.0,,,,0.0159587 0.00610768 0.187828 0.0431222 0.0047787 0.150731 0.0662157 0.00750543 0.00179189 0.00156716 0.0339755 0.179824 0.128305 0.00105624 0.00954448 0.0215369 0.0235009 0.00467576 -0.00166979 0.00188129 0.00572174 0.00375094 0.0102486 -0.000817235 0.0186958 0.00751046 0.0155583 0.00065325 0.00139775 0.00906494 0.00634786 0.00763882 0.00228562 0.0021972 0.00157652,800,0,cuda,1.18,6.33
test,453,beagle_5,beagle,dog,correct,beagle,kernel,4,0.999296,29,0.223075,0.4612,0.238125,0.177869,0.830601,0.0,,0.659852,1.0,0.0152588 0.0180677 0.0152939 -0.00377239 0.0339053 -0.0207169 -0.00350405 0.0713359 0.281161 0.00187996 -0.0114787 0.0128077 0.0604531 0.377361 -0.0189217 0.00549315 -0.00085981 0.00526866 -0.0119352 0.00446632 0.00374507 0.00854786 -0.00155796 0.00859742 -0.0109559 -0.00356656 -0.00123583 -0.00675121 0.010977,800,0,cuda,1.55,6.37
test,453,beagle_5,beagle,dog,correct,beagle,partition,4,0.999296,29,0.223075,0.404636,0.181561,0.222193,0.748674,0.0,,,,6.98224e-05 0.00198044 -0.0099853 -0.00114751 -0.0119713 -0.0201712 -0.00471405 0.0968563 0.164787 -0.0062827 -0.00292665 0.00802928 0.277928 0.254444 -0.00908938 0.00687818 0.00675065 0.00292537 0.00219114 0.010201 0.00829216 0.0125511 0.00865124 0.0256849 0.00547489 0.00498316 0.00253275 0.00250874 0.00193037,800,0,cuda,1.26,6.37
test,1109,Egyptian_Mau_25,Egyptian_Mau,cat,correct,Egyptian_Mau,kernel,11,0.9943,36,0.821329,0.999879,0.17855,0.203794,0.696415,0.0,,0.659331,0.547619,-0.0227586 0.00303875 0.0203969 0.00843873 0.0155176 0.0428711 0.0411729 -0.0084466 0.0456677 -0.00203799 0.0264897 0.0882203 -0.00651849 -0.0189718 0.00781465 -0.0080554 0.116466 0.018629 0.0382351 -0.0320375 0.0451218 0.0621543 0.0454838 0.024223 0.0982865 0.0105843 0.120315 0.0223965 0.047594 0.0349497 -0.0128254 0.0331518 -0.00347108 0.00861605 0.00850078 -0.000154571,800,0,cuda,1.41,6.13
test,1109,Egyptian_Mau_25,Egyptian_Mau,cat,correct,Egyptian_Mau,partition,11,0.9943,36,0.821329,0.93736,0.116031,0.411737,0.565829,0.0,,,,-0.00438392 0.00409495 0.0631203 0.00187488 0.0124664 0.0244742 0.0609152 0.00509062 0.0604736 0.000866786 0.00606204 0.0663207 0.00974299 0.004997 0.00586802 0.00320346 0.0163988 0.0175387 0.0130179 -0.00375824 -0.0145674 -0.00435406 0.0502055 0.0350662 0.130452 0.033332 0.0397766 0.0367618 0.0377055 0.00481701 0.033582 0.0530716 0.00588389 0.0355777 0.0529312 0.0204327,800,0,cuda,1.3,6.13
test,485,beagle_89,beagle,dog,correct,beagle,kernel,4,0.999543,34,0.259048,0.512403,0.253355,0.077749,0.979291,0.0,,0.684339,0.833333,-0.00275494 -0.0107709 -0.000238486 0.00349013 -0.0157836 0.0105687 0.00670573 -0.00206756 -0.0146942 0.0285351 -0.0197819 0.00541556 0.15373 -0.00528827 0.00505226 0.00134362 0.204855 -0.0195292 0.388515 0.0116939 0.167622 0.0780011 0.0574046 0.00899386 -0.0188007 0.00355717 -0.00868487 -0.0124809 -0.0308666 -0.0216441 -0.00235499 -0.0626016 -0.0305922 -0.0169387,800,0,cuda,1.49,6.26
test,485,beagle_89,beagle,dog,correct,beagle,partition,4,0.999543,34,0.259048,0.512403,0.253355,0.097973,0.972074,0.0,,,,-0.00207994 -0.00878926 0.00250933 -0.00906824 -0.00565583 0.0259615 -0.0108638 0.0439389 -0.00893442 -0.0180989 -0.0139733 -0.00200339 0.113835 -0.00344539 0.0335429 0.0106283 0.289159 -0.0201584 0.233195 0.0298469 0.111891 0.0550364 0.0449837 -0.000971835 -0.00481556 -0.000309921 -0.00697067 -0.00316913 -0.00153539 -0.0069768 -0.00158696 -0.0085499 -0.0162459 -0.000715081,800,0,cuda,1.3,6.26
test,410,beagle_20,beagle,dog,correct,beagle,kernel,4,0.999844,36,0.454281,0.985397,0.531116,0.12907,0.953854,0.0,,0.584942,1.0,-0.00384596 0.00570056 0.0417076 0.0201775 0.350675 0.0526397 -0.00291688 0.00100045 -0.0216401 0.10426 0.0483271 0.145496 0.0208975 -0.0268172 0.174303 -0.050174 0.117897 0.0448798 0.0300581 -0.00809187 -0.0356202 -0.00519643 -0.0587914 -0.0176325 0.00116121 0.017609 -0.00243233 0.0106012 0.008123 -0.019668 -0.0306147 -0.0113871 -0.0375233 -0.0077288 -0.00215086 -0.013371,800,0,cuda,1.39,6.18
test,410,beagle_20,beagle,dog,correct,beagle,partition,4,0.999844,36,0.454281,0.980091,0.52581,0.180244,0.952623,0.0,,,,-0.000549736 -0.000310721 0.0187741 -0.00395684 0.120121 0.00867102 0.0435698 0.0243733 -0.0057962 0.132234 -0.00203079 0.117505 0.042039 0.00448421 0.214995 0.000985837 0.0208201 0.0467901 0.0141136 -0.00050288 0.0477942 0.00390237 0.00298135 -0.000224957 0.00548377 0.00300424 0.040561 0.000671498 -0.00334968 -0.0135251 -0.00964515 -0.00951041 0.00321104 -0.0199503 -0.00466208 -0.00316093,800,0,cuda,1.29,6.18
test,1100,Egyptian_Mau_219,Egyptian_Mau,cat,correct,Egyptian_Mau,kernel,11,0.982658,36,0.546177,0.827554,0.281376,0.141114,0.822739,0.0,,0.722265,0.547619,-0.00100352 -0.011894 0.0256438 -0.0138193 0.0147524 0.0390094 0.00675656 0.200085 -0.0359697 0.0104265 0.0422445 0.0813374 0.0394598 0.035578 0.0109116 0.0532127 0.051019 0.0328913 0.00808653 0.0502929 0.0227391 0.0169595 0.0635139 0.193651 -0.000747379 -0.00951268 0.00181212 0.000120447 -0.0067796 0.08948 -0.0221786 -0.0117893 -0.0153202 -0.0402883 -0.0166461 0.00338246,800,0,cuda,1.34,6.24
test,1100,Egyptian_Mau_219,Egyptian_Mau,cat,correct,Egyptian_Mau,partition,11,0.982658,36,0.546177,0.831138,0.284961,0.174837,0.824534,0.0,,,,0.0034185 0.0178635 0.0255906 0.00357468 0.00164953 0.0120834 0.0167538 0.104058 0.00284151 0.0188237 0.0179775 0.0471528 0.0186267 0.0228004 0.0136308 0.11058 0.0423635 0.0344663 0.017417 0.125923 0.0765541 0.00534942 0.109555 0.144921 0.000904857 -0.0375593 0.00029772 -0.0049584 -0.0348155 0.0632395 -0.0109672 -0.0242392 0.00140816 -0.0272066 0.00397828 -0.0166401,800,0,cuda,1.35,6.24
test,311,basset_hound_21,basset_hound,dog,correct,basset_hound,kernel,3,0.635077,34,0.540099,0.752019,0.21192,0.075198,0.405585,0.0,,0.892131,0.428571,0.0328883 0.0240614 -0.00420591 0.00477917 0.0539649 0.110684 0.0667202 -0.0211477 0.00684729 0.164696 0.0384372 0.102764 -0.0341095 0.0483853 0.0391399 0.0653806 -0.0340764 -0.00241505 -0.0182895 0.0303887 -0.00348517 -0.0298664 0.0173694 0.00196845 -0.0202741 0.019198 -0.0215239 -0.00123517 -0.026456 0.032506 0.0225798 -0.00538789 -0.0179101 -0.0317995,800,0,cuda,1.59,6.34
test,311,basset_hound_21,basset_hound,dog,correct,basset_hound,partition,3,0.635077,34,0.540099,0.518118,-0.02198,0.091682,0.408747,0.0,,,,0.0219953 0.0161514 0.00323757 -0.00930676 0.0321903 0.0872388 0.062691 0.00315832 0.0208971 0.121248 0.0412016 0.070993 0.0478881 0.0732487 -0.0141238 0.0691938 -0.0271646 -0.00959198 -0.0217072 0.0500817 -0.0468649 -0.0174694 -0.0164212 0.0123529 0.00408413 0.0144744 -0.00996711 -0.00439287 0.00309699 0.017702 0.0120399 0.00164289 -0.00045028 0.00122887,800,0,cuda,1.29,6.34
test,2519,pug_43,pug,dog,correct,pug,kernel,25,0.999769,36,0.455118,0.861868,0.406751,0.116033,0.796954,0.0,,0.661647,0.833333,0.0232848 0.0135283 0.0182822 0.0155932 0.00114533 0.0500826 -0.0277698 0.0262485 -0.0343595 0.0501269 0.00720751 0.180252 0.00621279 0.0232461 0.00826569 0.33439 0.0316124 0.00829166 0.0180187 0.0792978 -0.0224813 0.0553192 0.070611 0.0203312 0.0211218 -0.000496142 0.0164697 -0.011785 0.0314414 0.0386082 -0.0133112 -0.0131208 -0.000816412 -0.0368142 0.0162206 -0.0150668,800,0,cuda,1.39,6.3
test,2519,pug_43,pug,dog,correct,pug,partition,25,0.999769,36,0.455118,0.735301,0.280183,0.170953,0.793567,0.0,,,,-0.00370453 0.00846882 0.00279219 0.0141908 -0.00243149 0.0182281 0.0174651 0.0532498 0.00730674 0.0525572 0.0315041 0.18145 0.0112197 0.0380882 0.0231875 0.345919 0.00710208 0.0024945 0.00236057 0.0283571 0.000318537 0.00198205 0.143352 0.000828897 0.000970008 5.57627e-05 0.000100144 8.39143e-05 0.000428138 5.61671e-05 0.000445191 -0.000171966 0.000495904 0.000426622 9.35031e-05 -8.19066e-05,800,0,cuda,1.27,6.3
test,2450,pomeranian_72,pomeranian,dog,correct,pomeranian,kernel,24,0.655092,41,0.910096,0.996424,0.086327,0.038328,0.107757,0.0,,0.384146,0.25,-0.0178295 -0.00369844 0.0296935 0.00615422 0.0159904 -0.0118325 0.0182822 0.024039 0.0295302 -0.0147582 -0.00681656 0.0428865 -0.0122076 0.0331521 0.0419009 0.0312215 0.0215308 0.0458175 0.0363138 0.0674898 -0.0080404 0.00361525 -0.000875552 0.00447837 0.0481934 0.0387072 0.00471064 -0.00693487 -0.0104792 0.0439822 0.0274224 -0.00819145 0.0195055 0.0406027 0.0288983 0.0435227 -0.0241723 -0.022634 -0.00466355 0.0349437 0.0178625,800,0,cuda,1.38,6.08
test,2450,pomeranian_72,pomeranian,dog,correct,pomeranian,partition,24,0.655092,41,0.910096,0.986119,0.076023,0.051513,0.201815,0.0,,,,-0.000189735 -0.00130958 -0.000171903 0.00453036 0.00248256 0.000467413 0.00323228 0.00193367 0.00532406 -0.000514838 0.0433939 0.0497688 0.00822484 0.0112306 0.031736 0.0171416 0.0243737 0.053738 0.0485888 0.032451 -0.00818942 0.0155743 0.0322622 -0.00967242 0.0756734 0.0126216 0.015229 0.00853445 0.00385705 0.0350428 0.02379 0.00544066 0.0172047 0.0112627 0.0189531 0.0160913 0.00361623 0.00348273 0.0151734 0.00650208 0.00843203,800,0,cuda,1.21,6.08
test,2927,samoyed_51,samoyed,dog,correct,samoyed,kernel,29,0.999279,39,0.557597,0.774177,0.21658,0.118395,0.776627,0.0,,0.524595,0.833333,0.012952 0.0249625 0.0324857 0.00843406 0.0123369 0.061601 -0.0162056 -0.00468958 0.0265975 0.0923017 0.0500394 0.0325371 0.0239267 0.0292591 0.232313 0.0343577 0.0265887 -0.00419404 0.0146329 0.149588 0.00637789 0.043099 0.0461686 0.0168848 0.0121723 0.0330461 -0.0093272 0.0429622 -0.027687 0.0232906 -0.0240849 0.0285 -0.0126367 0.0119892 -0.00628537 -0.00785112 0.0089267 -0.0328384 -0.0139888,800,0,cuda,1.45,6.16
test,2927,samoyed_51,samoyed,dog,correct,samoyed,partition,29,0.999279,39,0.557597,0.988824,0.431227,0.179573,0.868042,0.0,,,,0.000349282 0.0304212 0.0393811 0.0186716 0.0217988 0.0444394 0.0089353 0.0235334 0.140175 0.106619 0.0464875 0.105168 0.125307 0.0159493 0.150768 0.0301632 0.0223402 5.34427e-05 0.0201737 0.00339166 -0.000302554 0.00116745 0.026445 -0.000210403 -0.0006782 -0.000556462 -0.000322942 -0.00121328 -0.000248228 0.000380485 -0.000153399 3.99398e-05 0.000108025 -9.26614e-05 0.000155921 4.66855e-05 -6.11603e-05 -4.71295e-05 -4.10848e-05,800,0,cuda,1.26,6.16
test,2730,Russian_Blue_47,Russian_Blue,cat,correct,Russian_Blue,kernel,27,0.992464,32,0.36661,0.843958,0.477348,0.046293,0.794903,0.0,,0.765762,0.547619,0.00521294 0.120153 0.0320974 0.0285296 0.0368986 0.0419364 0.0220901 -0.0262135 0.0852967 0.164558 -0.0297065 0.0573732 -0.00842225 0.267685 0.018591 0.0288142 0.0577829 0.0579403 0.00445701 0.0321792 -0.00531321 0.000509799 -0.0278911 -0.00475723 -0.0145226 -0.00515039 0.00856081 -0.0157162 -0.011077 0.0239116 0.0229759 0.0126748,800,0,cuda,1.37,6.04
test,2730,Russian_Blue_47,Russian_Blue,cat,correct,Russian_Blue,partition,27,0.992464,32,0.36661,0.848438,0.481829,0.047355,0.821694,0.0,,,,0.00974456 0.149361 0.00974585 0.00705097 0.0170606 0.0416511 0.0260395 0.00194173 0.108557 0.092059 0.00954372 0.0876616 0.0085668 0.206791 0.0263554 0.00577421 0.162827 0.011739 7.13616e-05 -0.000515478 -8.46907e-05 -0.000728774 -0.000324314 -0.000294459 -0.00110017 -0.000744256 0.000338114 7.03318e-05 0.000542699 0.000302391 0.00069755 0.000757498,800,0,cuda,1.26,6.04
test,526,Bengal_35,Bengal,cat,correct,Bengal,kernel,5,0.985674,44,0.331533,0.950156,0.618623,0.09262,0.501917,0.0,,0.432417,0.833333,0.00283157 0.0180275 0.00830298 0.0221763 -0.0102835 -0.0112709 -9.5768e-05 0.00525894 0.0400774 -0.00828262 0.0135512 0.0375496 -0.0068368 0.015135 0.00357543 -0.00053889 0.188514 0.0334895 0.0732445 0.02075 0.023288 -0.0326041 0.0853649 0.0457072 0.0236581 -0.0407409 0.141362 -0.00233339 -0.0171371 0.125173 -0.00176593 -0.00565892 0.00160852 0.0466072 -0.0162411 0.0151338 0.0147522 0.0267863 0.0492874 0.0206339 -0.00514114 -0.00597231 0.0228786 -0.00582678,800,0,cuda,1.51,6.29
test,526,Bengal_35,Bengal,cat,correct,Bengal,partition,5,0.985674,44,0.331533,0.860468,0.528935,0.075481,0.53161,0.0,,,,0.00662627 0.00672157 0.00111308 0.000810385 0.00396559 -0.0041487 0.00353365 0.00865047 -0.0231558 0.00267396 0.0155892 0.0592102 0.0206197 -0.000835003 0.00838308 -0.00240599 0.0552014 0.00596276 0.0219634 -0.00281943 0.011102 -0.00117507 0.146911 0.0160802 -0.00438905 0.00254349 0.106027 0.0162801 0.00800907 0.162197 8.03824e-05 0.000123343 0.043213 0.0788259 0.0230381 0.0262779 0.0372509 0.0258279 0.040213 0.0262535 -0.000395628 -0.00118163 0.00186884 0.00135333,800,0,cuda,1.25,6.29
test,538,Bengal_46,Bengal,cat,correct,Bengal,kernel,5,0.962942,40,0.59385,0.749312,0.155463,0.045968,0.479318,0.0,,0.69015,0.339286,0.0118086 0.00213025 0.00192604 0.00617484 -0.0031466 -0.0568744 -0.0208348 0.00912026 0.0406047 -0.00905793 1.79723e-06 0.0657487 0.0522441 0.0530404 0.0281528 -0.016146 -0.0177196 0.0649428 0.0849799 0.0421188 0.00677211 0.0130344 0.0117728 -0.0112614 -0.0124347 0.032987 0.0166302 0.0332188 0.0503108 0.0322106 0.0736125 0.0274159 0.0406409 0.0519036 0.0723844 0.044758 0.0561629 0.0193922 -0.00893358 0.0414706,800,0,cuda,1.54,6.58
test,538,Bengal_46,Bengal,cat,correct,Bengal,partition,5,0.962942,40,0.59385,0.96574,0.37189,0.244991,0.372724,0.0,,,,0.00052255 0.00892111 0.000442631 -0.00580622 0.00164438 0.000221977 0.000554848 0.00521032 -0.00639173 0.00332803 0.00861319 0.00374518 0.00356633 0.00640443 0.00513734 0.0228338 0.000332177 0.0116187 0.00879732 0.014887 0.0100451 0.0261758 0.0254007 0.0175696 0.047651 0.0322783 -0.00279721 0.0399358 0.0640782 0.0440644 0.072371 0.0699975 0.0594627 0.0575876 0.0624042 0.0379403 0.0548688 0.059259 0.0310667 0.0273201,800,0,cuda,1.3,6.58
test,841,boxer_5,boxer,dog,correct,boxer,kernel,8,0.999198,37,0.373924,0.979511,0.605588,0.130328,0.911565,0.0,,0.586415,0.428571,0.00814804 0.0173904 0.13405 0.037011 -0.00150123 0.0370492 0.0148548 0.0893151 0.0133575 0.0279069 0.0345439 -0.0330943 0.239623 0.0730639 -0.00145527 0.0097814 0.0450507 0.0454077 0.0263533 0.0191692 0.0552885 0.0204542 -0.0190081 0.0391426 -0.0127795 0.0040387 0.0222602 0.0290255 -0.0475241 0.0334418 0.0099411 0.000550897 0.0179677 -0.0143104 -0.016555 0.0376787 -0.00670927,800,0,cuda,1.45,6.02
test,841,boxer_5,boxer,dog,correct,boxer,partition,8,0.999198,37,0.373924,0.647485,0.273561,0.161206,0.898836,0.0,,,,0.0009574 0.00353373 0.152443 0.0443511 0.00719467 0.149873 0.00182134 0.148385 0.000562265 0.0461027 0.00806633 0.00441993 0.226159 0.0349295 0.0429774 0.0025637 0.0150599 0.00648558 0.0263811 0.00149556 0.0267879 0.0107284 0.00339432 0.0164994 0.0021452 0.000319836 0.00115102 0.00144124 0.000552351 0.000827063 0.000165969 0.000108306 0.0001414 0.000122226 0.000267823 6.49335e-05 0.000449906,800,0,cuda,1.24,6.02
test,224,american_pit_bull_terrier_2,american_pit_bull_terrier,dog,wrong,staffordshire_bull_terrier,kernel,34,0.855401,28,0.621751,0.905625,0.283873,0.061772,0.439375,0.0,,0.780515,0.547619,0.00718765 0.0666696 0.0763171 -0.0103327 0.0157357 -0.00230409 0.0181276 0.0518018 0.0383359 0.0162865 0.153333 0.0432155 -0.0117991 0.114366 0.0582113 0.0239932 0.0248032 0.0227788 0.00958822 0.0294893 -0.00928761 0.0712748 0.0436846 -0.0183578 0.039477 -0.0168823 -0.00410256 -0.00032094,800,0,cuda,1.44,5.97
test,224,american_pit_bull_terrier_2,american_pit_bull_terrier,dog,wrong,staffordshire_bull_terrier,partition,34,0.855401,28,0.621751,0.862637,0.240885,0.057244,0.405921,0.0,,,,0.0165275 0.0414274 0.0757757 0.0487468 0.0194725 -0.00150611 -0.000165028 0.136957 0.0517379 0.0429201 0.261394 0.0496851 0.00176807 0.0662829 0.0299842 -0.00106089 -0.0215551 -0.000468897 -0.00232037 -0.00595667 -0.00104982 0.0117407 0.0177929 0.00598009 0.00412843 0.00410975 -0.000485276 -0.000572988,800,0,cuda,1.25,5.97
test,581,Bengal_85,Bengal,cat,wrong,Egyptian_Mau,kernel,11,0.757077,38,0.449019,0.974997,0.525977,0.041175,0.643538,0.0,,0.703359,1.0,-0.0126615 -0.00350993 -0.0108212 -0.00238526 -0.0203844 0.0237514 -0.00348366 -0.011717 -0.00252952 -0.0336436 0.00355615 -0.0026384 -0.0163955 -0.00954459 0.00639483 0.0244307 0.0138048 0.00242166 0.0130675 0.0878146 -0.0176778 0.0870954 0.11739 0.0357713 0.154829 0.0240015 0.0271712 -0.0115623 0.122825 0.0307375 0.0477787 -0.0128162 -0.00166542 0.0131368 0.00950654 -0.00875667 0.0169724 0.00157231,800,0,cuda,1.48,6.3
test,581,Bengal_85,Bengal,cat,wrong,Egyptian_Mau,partition,11,0.757077,38,0.449019,0.980896,0.531876,0.059072,0.647228,0.0,,,,-0.00981652 -0.0141915 -0.0136853 -0.0263047 -0.0110796 -0.0131496 -0.0159309 -0.0112864 -0.00647792 -0.00842261 -0.00236647 0.00471725 -0.00172707 0.0283609 0.0114855 0.0230106 0.063082 0.00196452 0.0253943 0.0606683 0.00884195 0.066418 0.0488764 0.0521621 0.226232 0.0142958 0.000298831 0.00297377 0.125193 0.00739037 0.0272376 0.00969088 0.00113668 0.00607048 -0.00282062 -0.000609421 0.00177406 0.00242912,800,0,cuda,1.28,6.3
test,1051,chihuahua_6,chihuahua,dog,correct,chihuahua,kernel,10,0.516277,44,0.159598,0.948927,0.789329,0.005545,0.554889,0.0,,0.536011,1.0,-0.0296527 0.0355028 0.0120776 0.0219518 0.00475861 -0.0038637 0.0812191 0.0766065 0.117073 0.0063008 0.0192103 -0.00370325 -0.0181341 0.0747213 -0.00734385 0.00808474 -0.0189378 0.0054717 0.00522009 0.00917682 0.0192408 0.0472319 0.00672319 -0.0315221 0.000464537 -0.0151772 0.0118622 -0.00572139 -0.00817096 -0.0133131 -0.0178265 -0.0184027 0.0108565 -0.00320576 -0.0139453 0.0242309 0.0281457 0.0280426 0.00395661 0.0090177 0.0345875 0.0145128 0.0155333 -0.0147558,800,0,cuda,1.46,6.21
test,1051,chihuahua_6,chihuahua,dog,correct,chihuahua,partition,10,0.516277,44,0.159598,0.702798,0.5432,0.005634,0.620087,0.0,,,,0.0287472 0.0606263 0.00477423 -0.000729981 -0.000635132 -0.00197703 0.072557 0.0858529 0.223722 -0.00425983 -0.0134923 0.0234715 -0.00406701 0.0584152 -0.0250102 0.000359097 0.00930306 -0.0103662 0.000534999 0.000159861 -0.00528598 0.0476893 -0.00479192 -0.00736458 0.00276207 0.000107668 -0.00193916 -0.00318475 -0.00502716 0.00295148 0.00551464 -0.000402011 -0.00312838 -0.00392103 -0.00280338 -0.00273168 -0.00514967 -0.00578098 -0.000308563 -0.000563036 -0.00392243 -0.00172026 -0.00035907 -0.00052109,800,0,cuda,1.25,6.21
test,192,american_bulldog_95,american_bulldog,dog,correct,american_bulldog,kernel,1,0.622063,38,0.740234,0.997894,0.25766,0.0529,0.660678,0.0,,0.810701,0.833333,0.0144491 -0.00403273 0.0270887 -0.0350942 0.039804 -0.00889017 0.0761723 -0.00773375 -0.029456 -0.0332504 0.0494964 0.0918017 0.00661373 0.00634343 0.0150987 0.196287 0.0472659 0.0293199 0.071714 -0.034083 -0.0143524 0.000702009 0.00735639 0.0868877 0.0229535 0.0152381 -0.0956219 0.0324277 -0.0205275 0.00335961 -0.0184394 0.00659179 -0.0186867 0.0102974 -0.00684309 0.0465566 -0.0155662 0.0035397,800,0,cuda,1.64,6.34
test,192,american_bulldog_95,american_bulldog,dog,correct,american_bulldog,partition,1,0.622063,38,0.740234,0.998236,0.258002,0.177347,0.67071,0.0,,,,0.0313603 0.0082111 0.00736856 0.0360249 0.0185963 0.0207236 0.0745982 0.0471595 -0.00657235 -0.00203372 0.0177344 0.0773997 0.000704083 -0.00332724 0.00985506 0.153128 0.0285805 0.0138784 0.0530633 0.00645132 0.00439243 -0.0188687 0.00493444 0.0449561 -0.0042096 -0.00170442 0.0105502 -0.0077889 -0.0187086 -0.0037908 0.000497918 -0.00645981 -0.0160011 -0.000275399 -0.00704389 -0.00426358 -0.00209835 -0.00223342,800,0,cuda,1.23,6.34
test,3260,Siamese_81,Siamese,cat,correct,Siamese,kernel,32,0.809221,42,0.600865,0.82743,0.226565,0.017583,0.323758,0.0,,0.628312,0.547619,0.0116173 0.00821497 0.0711471 -0.00192151 0.0211919 -0.0868757 -0.00344132 -0.0847774 0.0345301 -0.00951422 -0.0371078 0.0428643 0.055124 -0.00642673 0.0127809 0.0300586 0.00528903 0.00260672 -0.0279674 -0.0153735 0.00871974 0.0265354 0.0150812 0.0636803 0.00523712 -0.0470521 -0.00277589 0.0916354 0.00257214 -0.0103926 -0.00174691 0.083707 0.0961384 0.0391677 -0.00618151 0.123675 0.0472206 0.08449 0.0476276 0.0552257 0.00792121 0.0419473,800,0,cuda,1.56,6.22
test,3260,Siamese_81,Siamese,cat,correct,Siamese,partition,32,0.809221,42,0.600865,0.847315,0.24645,0.0862,0.341719,0.0,,,,0.00481036 0.0123383 0.0229251 0.00533218 -0.000728669 0.000608385 -0.000411376 0.0136383 0.00211592 0.00775281 -0.000279621 0.029318 0.102433 -0.00158573 0.119934 0.0029474 0.0301681 0.0190351 0.00830934 -0.00912202 0.049291 0.0230677 0.0285932 0.0479869 0.0203553 -0.0856369 0.0163545 0.0443433 -0.00903734 -0.0191373 -0.00119005 0.0400145 0.034324 0.0218234 0.00860016 0.00875055 0.00663428 0.0710741 0.038258 0.0201678 0.0446335 0.015643,800,0,cuda,1.18,6.22
test,1069,chihuahua_86,chihuahua,dog,correct,chihuahua,kernel,10,0.996686,38,0.478276,0.697412,0.219136,0.020108,0.854255,0.0,,0.474122,1.0,0.0338277 -0.00948069 -0.00446115 0.143647 0.0250372 0.0301861 0.0502349 0.00087875 -0.0104584 0.193344 -0.000264569 0.0215537 -0.00442198 0.0847467 0.321456 0.00389447 0.0142266 0.0143092 -0.00825361 0.00819837 -0.0199633 0.00600068 0.107797 -0.00236805 0.0686476 -0.0036377 0.0159389 -0.0165757 -0.00858628 -0.0248739 -0.00853251 0.0014771 -0.0154828 0.0192249 -0.00944474 -0.0353252 0.00166612 0.00435047,800,0,cuda,1.51,6.24
test,1069,chihuahua_86,chihuahua,dog,correct,chihuahua,partition,10,0.996686,38,0.478276,0.741104,0.262828,0.023274,0.764681,0.0,,,,0.0231678 -0.000805023 0.00923792 0.0543725 0.0270167 -0.000331392 0.0505366 0.00513692 0.00260939 0.0661991 -0.000266051 0.108634 -0.00221423 0.131388 0.319455 0.000979781 -0.00453988 0.0101444 0.0040306 -0.00345212 -0.000358767 0.0014737 0.128225 -0.000228854 0.0597908 -0.000157038 -0.000581984 -6.9348e-05 -0.000144689 0.000241718 -0.000189773 6.14335e-05 -0.000381311 -0.000105825 -0.000188494 0.000123151 -0.000294089 -1.33174e-06,800,0,cuda,1.15,6.24
test,1615,havanese_3,havanese,dog,correct,havanese,kernel,16,0.999832,36,0.691067,0.987338,0.296271,0.368804,0.925151,0.0,,0.625354,0.666667,-0.00440244 0.0109645 0.000712966 0.052756 -0.000272651 0.0348554 0.0376016 -0.00100712 -0.0121396 0.0844758 0.008994 0.2081 0.20238 0.101568 -0.0190858 0.0126532 0.000821312 0.0338751 0.0169947 0.0107577 -0.00209535 0.0770038 -0.0231898 0.0612119 0.0333557 0.0110841 0.0251779 -0.00582497 0.0172651 0.00115513 -0.0172196 -0.0188415 0.029929 -0.0120911 0.00660863 0.0106992,800,0,cuda,1.49,6.38
test,1615,havanese_3,havanese,dog,correct,havanese,partition,16,0.999832,36,0.691067,0.988194,0.297127,0.470008,0.874629,0.0,,,,0.00859747 0.040407 0.0281662 0.042046 0.0151721 0.0220161 0.0205006 0.0402043 0.0243437 0.116414 0.00977361 0.165592 0.089617 0.196044 0.0106848 0.0509137 0.00131161 0.0326652 0.00120701 0.00329267 0.00185378 0.00710983 0.001353 0.0156 0.00300645 0.00249319 0.00212394 0.00690699 0.00430596 0.000479073 0.00118351 0.00277942 0.00338787 9.22554e-05 0.000316302 0.00287096,800,0,cuda,1.22,6.38
test,1604,havanese_2,havanese,dog,correct,havanese,kernel,16,0.979006,47,0.727659,0.805342,0.077683,0.214998,0.708177,0.0,,0.706984,0.428571,0.0346335 0.024883 -0.0268991 0.118398 -0.0170343 0.0892538 0.0335004 0.0247466 -0.0192468 0.0238004 0.0599154 0.0447961 0.0136205 -0.00284166 0.0763935 -0.059299 -0.000747155 0.0351155 0.148076 0.0442451 -0.00563459 0.0169587 0.0372582 0.0596252 0.0141377 0.0216093 0.00709668 -0.0193892 0.00696995 0.00818198 0.016521 -0.00103536 0.00124219 0.0294803 0.0673332 -0.00253579 0.00585523 0.0388186 0.00624129 0.00143798 -0.0149726 0.031024 -0.0309713 -0.00302229 0.000220172 0.00598403 0.0102611,800,0,cuda,1.52,6.48
test,1604,havanese_2,havanese,dog,correct,havanese,partition,16,0.979006,47,0.727659,0.781449,0.05379,0.354116,0.741115,0.0,,,,0.00783315 0.0154573 -0.002474 0.120868 0.00744077 0.0258133 0.0270767 0.00464201 -0.00674852 0.0151046 0.0150801 0.0531599 0.0329949 0.0078177 0.0815192 -0.0179627 0.00578734 0.0328856 0.0741028 -0.00885232 0.0131084 0.0323963 0.033166 0.117659 0.000573598 0.0114556 0.0508419 0.00360664 0.0490362 0.0109918 0.0200493 0.0049528 0.00158483 -0.00031845 0.0169943 0.0218798 0.00617441 0.0452681 0.00336269 0.00498645 0.00804209 0.00321666 0.00362134 -0.000693738 0.000604395 0.000268232 -0.000368859,800,0,cuda,1.17,6.48
test,545,Bengal_52,Bengal,cat,correct,Bengal,kernel,5,0.989863,40,0.252491,0.848296,0.595805,0.115521,0.751745,0.0,,0.622889,1.0,0.00215509 -0.000246418 0.0120373 0.00121913 0.0213846 0.0321746 0.0145332 -0.00967998 -0.0183321 0.0270977 0.0170804 -0.00388759 0.00366291 0.0119766 0.00591128 0.0108271 -0.00526391 0.0370119 0.122533 0.221503 0.136406 0.0254607 0.102841 0.0301773 0.0035687 0.0360279 -0.00344423 0.0579041 0.0624104 0.0123996 0.00659525 0.0375315 0.00511695 -0.0279412 0.00845286 -8.08784e-05 -0.00488541 -0.00153642 -0.00407576 -0.0284424,800,0,cuda,1.41,6.38
test,545,Bengal_52,Bengal,cat,correct,Bengal,partition,5,0.989863,40,0.252491,0.843594,0.591102,0.115735,0.595544,0.0,,,,0.0106575 0.0067416 0.00162835 -0.00137006 0.00449419 0.0209364 0.00919053 0.000512205 0.00751416 0.0152391 0.0405084 0.0256523 0.0251265 0.00394123 0.00965352 0.0397287 0.0522047 0.0145452 0.10139 0.144496 0.0660417 0.034644 0.0356367 0.0230559 0.00454104 0.00945693 0.00911993 0.0162849 0.103409 0.00505982 -0.000306568 0.0262059 0.00911822 0.0395967 0.000395702 4.98373e-05 0.00458263 0.00785633 0.0262891 0.00435504,800,0,cuda,1.22,6.38
test,3357,Sphynx_75,Sphynx,cat,correct,Sphynx,kernel,33,0.999568,33,0.543507,0.986756,0.443249,0.387235,0.832937,0.0,,0.900401,0.833333,0.0291118 0.0360181 0.0061099 -0.0128229 0.0385343 0.0072104 -0.00341791 0.114938 0.04567 0.0929349 0.000545272 0.0550305 0.0229905 0.0253837 0.0557121 -0.00962252 0.00367581 0.0021878 0.00427579 0.075278 0.0998632 0.0266539 -0.0176225 0.00518737 0.107501 0.0220946 0.0228379 -0.0113252 0.0599355 0.0511288 -0.027468 0.0323614 0.0059982,800,0,cuda,1.37,6.32
test,3357,Sphynx_75,Sphynx,cat,correct,Sphynx,partition,33,0.999568,33,0.543507,0.988553,0.445047,0.462572,0.898349,0.0,,,,0.0118884 0.058063 0.00499127 0.0012577 0.0320774 7.8654e-05 0.00401566 0.0840681 0.0305708 0.0904812 0.0134042 0.0349548 0.0371562 0.0416622 0.0903676 0.00697936 0.0192263 0.0129571 0.00135521 0.0249715 0.0809934 0.0269984 0.00249568 0.010673 0.0987874 0.000966799 0.0322455 0.0032534 0.0495722 0.050467 0.00778178 0.00193326 0.000194827,800,0,cuda,1.34,6.32
test,1663,havanese_83,havanese,dog,correct,havanese,kernel,16,0.846153,31,0.524972,0.966463,0.441491,0.078185,0.896404,0.0,,0.692944,0.666667,0.010465 0.0234543 -0.00839276 -0.0222435 -0.00929506 0.307342 -0.0147291 0.311867 -0.0210302 0.011549 0.0168705 0.0328964 -0.0138872 0.199265 -0.00068175 0.0027388 -0.0369434 0.0287889 -0.0266253 -0.00410539 0.00730999 0.0154641 -0.0135655 0.00777355 -0.0220755 -0.00303735 0.0189474 -0.00399589 0.00982464 0.0155576 0.00164693,800,0,cuda,1.39,6.26
test,1663,havanese_83,havanese,dog,correct,havanese,partition,16,0.846153,31,0.524972,0.978534,0.453562,0.104201,0.872723,0.0,,,,0.0286651 0.00243773 -0.00370334 -0.00460619 0.0323056 0.304361 -0.00393326 0.218694 -0.00797059 -0.00753698 0.00650887 0.0441428 0.000735372 0.190318 0.00712987 0.0109503 0.01222 0.00373118 0.00400952 0.00242431 -0.000458388 -0.00252518 -0.0197219 0.00721907 -0.000471732 0.0011802 -0.00359653 -0.00093421 0.0018125 0.000322206 -0.00255689,800,0,cuda,1.25,6.26
test,2411,pomeranian_37,pomeranian,dog,correct,pomeranian,kernel,24,0.544162,44,0.33233,0.874759,0.542429,0.01104,0.2353,0.0,,0.428048,0.428571,0.0166732 0.0245876 0.0749577 0.0127525 0.00368889 0.055169 0.0867949 -0.0185878 0.0197083 0.0149323 0.0344881 0.0501187 0.0278749 -0.00820322 -0.00481711 -0.0145422 0.0174987 0.0167834 0.00500757 0.0435297 0.0329004 0.0118639 0.0190387 0.00978203 0.0123463 -0.0152488 0.0305862 -0.00586184 -0.0074248 -0.0259088 -0.0324006 -0.00218571 -0.0116973 -0.0170676 0.0201073 0.0143994 0.0012967 -0.0042437 0.0237403 0.00634844 0.0146105 0.00949856 0.0139249 -0.020436,800,0,cuda,1.44,6.35
test,2411,pomeranian_37,pomeranian,dog,correct,pomeranian,partition,24,0.544162,44,0.33233,0.495051,0.16272,0.012207,0.170699,0.0,,,,0.00229411 0.0101414 0.0478971 0.0320793 0.00918653 0.0361633 0.0556625 0.00117149 0.00691938 0.0387179 0.0205533 0.0840514 0.0366279 -0.00116795 0.0110528 -0.00214014 -0.000592765 0.00355443 0.0031798 0.0100118 -0.00310877 0.0381041 0.0143674 0.000403434 -0.00252945 -0.0052271 0.0170628 -5.21337e-05 0.00146385 0.0280861 -0.0044457 0.00677452 0.00608946 -0.00032793 0.00886499 0.000644123 -0.000195693 0.000123467 0.000168778 0.000537203 0.00201209 0.0218035 -9.35127e-06 0.000410411,800,0,cuda,1.17,6.35
test,352,basset_hound_59,basset_hound,dog,correct,basset_hound,kernel,3,0.999325,35,0.388213,0.702139,0.313926,0.097864,0.769619,0.0,,0.67493,0.547619,-0.0149334 -0.00194858 0.0289599 0.0193119 -0.00904356 0.0108407 0.0133932 0.0543306 0.0407714 0.0529496 0.0564177 -0.02639 -0.0107207 0.00689108 -0.0104496 0.217482 -0.0178658 -0.00798671 -0.013261 0.0240816 0.0125326 0.00356453 0.198203 0.0195649 0.0395336 0.0297568 0.0208639 0.0653079 0.0465008 0.037755 0.0315164 0.029079 0.0201016 -0.00227592 0.00999108,800,0,cuda,1.4,6.01
test,352,basset_hound_59,basset_hound,dog,correct,basset_hound,partition,3,0.999325,35,0.388213,0.97158,0.583366,0.315917,0.73903,0.0,,,,0.0038092 0.00191155 0.00690354 0.013938 0.00108258 0.0023183 0.00286629 0.00415921 0.00258597 0.0115216 0.00443802 0.000358522 0.000461528 0.000580651 0.00172673 0.0375606 0.0719891 -0.000226863 9.14051e-05 0.0462998 -8.07079e-05 0.00187037 0.201507 0.00674851 0.0270792 0.125661 0.0231421 0.0984547 0.0844167 0.0550417 0.0500917 0.0434667 0.0399996 0.00110145 0.00194992,800,0,cuda,1.2,6.01
test,2982,scottish_terrier_192,scottish_terrier,dog,correct,scottish_terrier,kernel,30,0.999619,35,0.513732,0.777306,0.263574,0.171099,0.848273,0.0,,0.648459,0.666667,-0.00193369 -0.00966783 -0.00291763 0.00383888 -0.019283 0.0220714 0.0348498 -0.0137391 0.0312782 0.0257295 0.024263 -0.0235085 0.016008 0.0200848 0.0416179 0.087683 -0.00194526 0.0598577 0.0316089 -0.014473 0.0631297 0.040679 0.238104 0.0192621 0.101856 -0.00642053 0.0743893 -0.00928077 0.0870363 -0.0148618 0.0148936 0.00232805 -0.0112238 0.00342878 0.0768901,800,0,cuda,1.33,6.07
test,2982,scottish_terrier_192,scottish_terrier,dog,correct,scottish_terrier,partition,30,0.999619,35,0.513732,0.664482,0.15075,0.262506,0.637913,0.0,,,,0.00669049 0.00948074 0.081662 0.0293379 0.00678604 0.0133944 0.00955223 0.020982 0.0104471 0.0124472 0.0165143 0.0048023 0.0227731 0.0103392 0.031826 0.0598867 0.0354921 0.0932911 0.0433732 0.0119169 0.0262619 0.00563251 0.107989 0.0431699 0.0604794 0.0162233 0.0673754 0.0578425 0.0116072 0.00867593 0.0312278 0.00963729 -0.00283073 0.00396787 0.0133795,800,0,cuda,1.27,6.07
test,871,boxer_88,boxer,dog,correct,boxer,kernel,8,0.999204,41,0.271066,0.801184,0.530118,0.198547,0.79692,0.0,,0.576132,0.666667,0.0140924 0.0131294 -0.0192254 0.00483112 -0.0109585 0.0524165 0.0234248 0.0138981 3.38438e-05 0.022034 0.0372188 0.00773874 0.0450016 0.025203 -0.00406981 -0.000738779 -0.0123966 0.0164391 0.067552 0.0392929 0.00713405 -0.0268048 0.015176 0.0478043 0.193993 -0.0306945 0.200154 0.126438 0.024556 -0.00671601 0.0154744 0.0294339 -0.0149511 0.00804522 0.0322962 -0.00356603 0.0233602 0.0325994 -0.000869391 0.0241495 -0.0429942,800,0,cuda,1.63,6.4
test,871,boxer_88,boxer,dog,correct,boxer,partition,8,0.999204,41,0.271066,0.79747,0.526404,0.114548,0.750744,0.0,,,,0.00194878 0.00315497 0.00222087 0.00210891 -0.00162815 -0.00181796 0.00241017 0.00315767 0.00309853 0.00115905 -0.000776147 0.000756126 -0.000502635 0.001781 0.000877074 -0.00138828 -0.00046137 0.00281914 0.00536394 0.0325717 0.00126971 0.00290458 0.00770094 0.0156216 0.253646 0.00244749 0.176537 0.217132 0.0140622 0.00460856 0.0443001 0.0440698 0.00101442 0.0538397 0.00190669 0.012723 0.0345212 0.0131665 0.000426998 0.0281007 0.00208279,800,0,cuda,1.24,6.4
test,558,Bengal_64,Bengal,cat,correct,Bengal,kernel,5,0.963142,39,0.493603,0.834471,0.340868,0.115543,0.4644,0.0,,0.547368,0.547619,0.0109891 0.0466055 0.00762281 0.0324238 0.00727626 -0.00137082 0.139634 -0.0069341 0.00723842 0.0302331 0.0728915 0.00588864 0.0337059 0.0275767 0.0325071 0.0167688 0.028918 0.0407631 0.0241791 0.0433133 -0.00346375 0.0321768 0.00931977 0.0567912 0.0244992 -0.00103146 0.00199453 0.0155658 0.0275328 0.0207582 0.00476119 0.00789929 0.0618423 0.0238307 0.0156798 0.0117857 -0.00949322 0.0314883 -0.000704223,800,0,cuda,1.37,6.19
test,558,Bengal_64,Bengal,cat,correct,Bengal,partition,5,0.963142,39,0.493603,0.574452,0.080849,0.359791,0.340298,0.0,,,,0.00816968 0.0496427 0.0230289 0.0572461 0.00525782 0.0189229 0.284933 -0.00601347 0.00363619 0.0224058 0.0276949 0.00162921 -0.00142718 0.000407025 0.00325757 0.000754952 0.0172575 0.0057287 0.00158148 0.0249538 0.00757987 0.0171952 0.0172759 0.0390931 0.00989157 0.00604031 0.0187161 0.0093572 0.0245879 0.0317979 0.0104072 0.0179071 0.0261195 0.0458773 0.0307836 0.0435051 0.00308959 0.0173793 0.00579169,800,0,cuda,1.3,6.19
test,1032,chihuahua_52,chihuahua,dog,correct,chihuahua,kernel,10,0.999383,35,0.431621,0.989364,0.557743,0.089373,0.842741,0.0,,0.482493,1.0,-0.0197885 0.00968322 0.0172361 0.0479181 -0.00781326 -0.0222167 0.0210437 0.00364708 0.138778 0.299111 0.120848 -0.0380996 0.0082131 0.0133323 -0.0206676 -0.00312239 0.0075522 0.0136681 0.00983113 0.0605502 -0.00424181 0.0128602 0.243785 0.00398277 -0.0194407 0.0295372 0.0161211 0.0263684 -0.000249923 0.0005398 -0.0118986 0.0208478 0.0102062 -0.00351852 0.00660845,800,0,cuda,1.36,6.07
test,1032,chihuahua_52,chihuahua,dog,correct,chihuahua,partition,10,0.999383,35,0.431621,0.989174,0.557553,0.094443,0.853089,0.0,,,,0.0103312 0.0156302 0.0464404 0.032535 0.00937797 0.00104649 0.000348842 0.0257149 0.152785 0.344162 0.146449 0.00313621 0.017507 0.000752477 0.0645648 0.0266054 8.25393e-05 0.002475 -0.00642623 0.0151156 -0.00192773 -0.00143749 0.0842184 -0.000981985 -0.000631032 0.00237602 -0.000295218 0.00156141 -0.000889114 0.00151058 -0.000142826 0.000244314 -0.00226327 0.000135162 0.00109988,800,0,cuda,1.17,6.07
test,2846,saint_bernard_69,saint_bernard,dog,correct,saint_bernard,kernel,28,0.99542,44,0.318878,0.785663,0.466786,0.104683,0.831754,0.0,,0.633756,0.666667,0.0142255 0.025623 0.192287 -0.00237405 0.0144842 0.0299389 -0.0151304 0.0146189 0.0497506 0.131285 0.0819458 0.0860316 -0.0101644 0.0263664 0.00576853 0.0271741 0.00723443 0.0398592 0.164038 0.0167242 -0.0208729 0.0053065 0.031659 0.00695105 -0.00200754 -0.0285772 0.0109378 -0.00187873 -0.00357564 0.0102413 0.0393313 -0.00904725 -0.0198695 0.0272415 0.0273442 0.0110061 0.00773584 0.0242786 0.00514992 -0.0240467 -0.00258752 -0.00925752 -0.00168935 0.00299314,800,0,cuda,1.42,6.12
test,2846,saint_bernard_69,saint_bernard,dog,correct,saint_bernard,partition,28,0.99542,44,0.318878,0.793908,0.475031,0.147285,0.856547,0.0,,,,-0.000924215 0.0128794 0.194366 0.0013244 -0.00106509 0.0180975 -0.000481437 0.0036052 0.0337026 0.12219 0.113546 0.0201348 0.000152625 0.091232 0.000162835 0.000198193 0.00353712 0.024203 0.226317 0.00168056 0.089096 0.000478369 0.0285402 0.000715288 0.00221331 0.000516094 0.000665617 0.000310581 9.03261e-05 0.000303292 0.000208175 0.000444614 0.000299656 9.71858e-05 0.000290779 -8.92019e-05 -0.000521874 -0.000127537 -0.000211793 -0.000400885 -0.000253546 -0.000624434 -0.000164313 -0.000280522,800,0,cuda,1.23,6.12
test,3424,staffordshire_bull_terrier_5,staffordshire_bull_terrier,dog,correct,staffordshire_bull_terrier,kernel,34,0.967449,39,0.746532,0.881497,0.134964,0.093735,0.445793,0.0,,0.654352,0.547619,-0.0172963 -0.00680064 0.0178282 0.0611767 0.0312829 -0.001649 0.0614493 0.0578431 0.042598 0.102492 0.107813 0.0575504 -0.00158438 0.0506196 0.0316191 0.0401319 0.0695302 0.0188248 0.0544194 0.0309671 -0.0187785 0.0139923 0.00241871 0.0195339 0.0130544 0.0198 0.0260431 0.010649 -0.00772889 0.025647 0.0189815 -0.00406234 0.0185419 -0.0106322 0.0139431 0.0001825 -0.0044581 0.0332409 -0.0158444,800,0,cuda,1.39,6.19
test,3424,staffordshire_bull_terrier_5,staffordshire_bull_terrier,dog,correct,staffordshire_bull_terrier,partition,34,0.967449,39,0.746532,0.875272,0.12874,0.143283,0.487297,0.0,,,,0.000456596 0.0270577 0.0393893 0.094118 0.0194714 0.0103072 0.0826206 0.0543786 0.0645752 0.128167 0.0909949 0.092733 0.00718855 0.0447757 0.0288584 0.0309831 0.0302751 0.0241327 0.0300166 0.0167046 0.0115992 0.0267457 0.00135859 0.0040966 -0.000534211 -0.00238292 -0.000553102 0.00194124 -0.000542221 -0.00189774 0.000651249 -0.000876301 0.000218579 0.000292275 0.00612749 0.00248787 -0.000737991 -0.00152064 -0.000339225,800,0,cuda,1.25,6.19
test,2328,Persian_46,Persian,cat,correct,Persian,kernel,23,0.992268,41,0.971979,0.988002,0.016023,0.095372,0.623674,0.0,,0.599739,0.666667,-0.0163856 0.0389968 0.0567693 -0.0247622 0.118781 0.103517 0.0556792 0.118343 0.0312579 -0.0159492 -0.0232725 0.0219487 0.120174 0.0194436 0.00408338 0.0341262 0.0551832 0.0229151 0.00109299 0.0652219 0.0089157 -0.000251238 0.0619682 -0.0016112 -0.00859363 0.0599258 -0.00773156 -0.0381109 -0.0125028 0.0140052 0.00499689 0.000531526 0.035461 0.0784678 0.00573566 -0.0145682 -0.0253759 -0.00099005 -0.0312358 0.0473827 0.0099227,800,0,cuda,1.43,6.33
test,2328,Persian_46,Persian,cat,correct,Persian,partition,23,0.992268,41,0.971979,1.0,0.028021,0.105973,0.321461,0.0,,,,9.67911e-05 0.0446803 0.0128602 0.00359395 0.0853796 0.0470658 0.0306221 0.103725 0.0521253 0.0215458 0.0117021 0.00822159 0.198052 0.0412763 0.0322736 0.0250806 0.0013572 0.0122048 0.015809 0.00581317 0.0108061 0.00840432 0.0277085 0.016307 0.00194293 0.0115536 0.0127362 0.00540896 0.00431826 0.00589577 0.00474723 0.00643903 0.00684697 0.0130715 0.0130037 0.00739929 0.0220109 0.0141386 0.00786182 0.00370799 0.0157105,800,0,cuda,1.26,6.33
test,2829,saint_bernard_53,saint_bernard,dog,correct,saint_bernard,kernel,28,0.999909,44,0.720006,0.992634,0.272629,0.109563,0.491904,0.0,,0.387949,0.547619,-0.000866564 0.0105373 0.0250374 0.0634099 0.0674171 0.0463554 0.0251077 0.0359235 0.0284879 0.0487525 0.028582 0.0443017 0.0124917 0.0144822 0.0449963 0.00881211 -0.00225852 -0.0065412 0.00383089 0.0031686 -0.0180658 -0.0180757 0.00696863 -0.0019388 0.169433 0.0324538 -0.0107057 -0.0191687 0.0389088 0.0246838 0.0550882 0.0196469 -0.00232572 0.0425162 0.068017 0.0316676 0.0399213 0.0342659 -0.0145398 0.00209301 -0.00762548 0.00562782 -0.00205659 0.012123,800,0,cuda,1.53,6.44
test,2829,saint_bernard_53,saint_bernard,dog,correct,saint_bernard,partition,28,0.999909,44,0.720006,0.993835,0.27383,0.170557,0.562935,0.0,,,,0.0181379 0.0284216 0.0260876 0.0456697 0.0508972 0.0293738 0.0439337 0.0108039 0.0352873 0.0524678 0.0289203 0.0337275 0.00850234 0.0166899 0.0264261 0.0335726 0.0125088 0.0119434 0.0689416 0.0204112 -0.0325504 0.0820143 0.00900746 0.00179951 0.107507 0.0337529 0.0207191 0.00879832 0.00311606 0.00774404 0.013778 0.0117484 0.0025616 0.0270851 0.0166361 0.0311906 0.00198019 0.0131565 0.00757732 0.00472727 0.00465637 0.0087696 0.0012036 0.00123775,800,0,cuda,1.23,6.44
test,2318,Persian_37,Persian,cat,correct,Persian,kernel,23,0.996113,37,0.342674,0.975398,0.632725,0.077044,0.889579,0.0,,0.392129,1.0,0.0213515 0.0143604 -0.00238725 0.0105912 0.0210433 -0.0166557 0.0281102 0.0443411 -0.001676 0.021684 -0.0018692 0.0282911 -0.01909 -0.0264063 0.0395002 -0.0105491 -0.0132197 0.151349 0.179572 0.0020054 0.00626137 0.0435638 0.102872 0.222398 0.0280723 0.0363385 0.0085049 0.0218747 0.192113 -0.0321335 -0.0143997 0.0371254 -0.0211536 -0.0234343 -0.0436488 -0.0539543 -0.00339654,800,0,cuda,1.54,6.44
test,2318,Persian_37,Persian,cat,correct,Persian,partition,23,0.996113,37,0.342674,0.54494,0.202266,0.085034,0.825269,0.0,,,,0.000310648 -0.000360074 -0.000401116 0.000186055 0.000664431 -0.000132102 -0.000205275 -0.00144919 -0.00546793 0.0028676 -0.00174657 -0.000740444 0.000367746 -0.000149705 0.0275255 -0.00197002 -4.4837e-05 0.0985261 0.0624983 0.000240093 0.0671606 6.35293e-05 0.0785713 0.161578 0.00235851 0.0388603 0.00283516 0.00412809 0.38551 0.0208162 0.0261313 -0.00228138 0.00437705 0.00164114 -0.000277253 0.000653558 0.00470475,800,0,cuda,1.22,6.44
test,489,beagle_92,beagle,dog,correct,beagle,kernel,4,0.998928,41,0.21875,0.722922,0.504172,0.038185,0.958158,0.0,,0.589286,0.666667,-0.0347104 -0.0395658 -0.0406726 -0.0118131 0.0756006 0.0256269 0.0267737 -0.0250883 -0.00119575 -0.000535138 0.0659147 0.0495685 -0.0323798 0.222096 0.016105 0.0353584 0.0496481 0.298938 -0.0475331 0.0120071 0.0499081 0.111791 0.00698287 0.00741028 0.0021643 0.0255193 0.00311564 -0.027316 0.114404 -0.0121715 -0.00182073 -0.00814194 0.00130928 -0.0273186 -0.00468024 -0.01342 0.00258424 0.00419402 -0.00875341 -0.0115264 -0.0193833,800,0,cuda,1.52,6.25
test,489,beagle_92,beagle,dog,correct,beagle,partition,4,0.998928,41,0.21875,0.97131,0.75256,0.112755,0.916077,0.0,,,,-0.00134164 -0.0206468 -0.0152832 -0.00113236 0.0297987 -0.00318374 -0.018382 -0.00247907 -0.00735966 -0.0057337 0.134198 0.00268389 0.0490549 0.0861846 -0.0190105 0.0800783 0.00103942 0.0909284 0.0249099 0.00243741 0.128015 0.0349993 0.0031056 0.0125036 0.0392017 0.00343883 0.0214102 0.00215037 0.136095 0.00108665 0.0456189 -0.00134175 -0.000290732 0.00683088 -0.00121851 -0.000298572 0.000285126 -0.00129408 -3.31098e-05 -3.00961e-05 0.00199925,800,0,cuda,1.33,6.25
test,3054,scottish_terrier_77,scottish_terrier,dog,correct,scottish_terrier,kernel,30,0.999868,31,0.450853,0.974096,0.523243,0.267715,0.773441,0.0,,0.64375,0.666667,0.0311169 0.0447024 0.0664991 0.0237736 0.0266538 0.0311385 0.036309 -0.000584583 -0.0040459 -0.00104039 0.0124366 -0.00569616 0.0448467 0.139426 0.0022538 -0.0136996 0.0593123 0.0271448 0.0640319 0.00307301 0.0494289 0.0330097 0.0175551 0.03539 -0.00621506 0.107269 0.0346984 0.0897042 0.0378646 0.0169927 -0.0114662,800,0,cuda,1.32,5.85
test,3054,scottish_terrier_77,scottish_terrier,dog,correct,scottish_terrier,partition,30,0.999868,31,0.450853,0.870758,0.419905,0.248933,0.825594,0.0,,,,0.00461682 0.0691372 0.0353499 0.0266489 0.0308898 0.0179926 0.0205108 0.0012338 0.0177351 -0.00169174 0.009889 0.0166631 0.162873 0.2579 0.0206151 -0.000913674 0.139367 0.00871031 0.0690832 0.0100544 -0.000823276 -0.00355452 -0.000161462 0.00371394 0.00461376 0.0277976 0.0124517 0.0117797 0.00933262 0.00827884 0.00178852,800,0,cuda,1.23,5.85
test,295,american_pit_bull_terrier_98,american_pit_bull_terrier,dog,correct,american_pit_bull_terrier,kernel,2,0.801117,44,0.384208,0.895392,0.511184,0.028671,0.893673,0.0,,0.595913,1.0,-0.0156649 -0.032794 -0.00185874 0.0361344 -0.0276218 0.0226635 0.0877236 -0.0122333 0.311527 0.0341193 0.288972 0.00942509 -0.00825265 0.0499525 -0.0353725 0.17577 -0.0357468 -0.0152685 0.00612924 -0.0147451 -0.0109932 0.0312327 -0.00387202 -0.0113028 0.00675516 -0.0194958 -0.0304057 0.0288887 0.0200089 -0.00798626 -0.0232451 -0.00593403 0.00513886 0.0218265 -0.00149573 -0.011228 0.00638303 0.0106415 0.00510283 -0.0245624 0.00225163 0.00166635 -0.0110691 -0.00836464,800,0,cuda,1.39,6.41
test,295,american_pit_bull_terrier_98,american_pit_bull_terrier,dog,correct,american_pit_bull_terrier,partition,2,0.801117,44,0.384208,0.895392,0.511184,0.037403,0.894178,0.0,,,,6.72645e-05 0.00192398 -0.00117924 0.0081497 0.00190108 0.00040688 0.0415401 0.00361215 0.179685 -0.0131684 0.144426 0.00253596 -0.00471151 0.083857 0.00556408 0.265642 -0.0160749 -0.000285149 0.00682643 -0.00318568 0.00499446 0.00305682 0.00706175 0.0112993 0.00201315 0.0130334 0.0223936 0.00583863 -0.000639268 0.00230298 0.0010824 -2.35813e-05 0.00447695 0.00162762 -0.00313442 0.009524 -0.000310454 -0.00141354 0.00300971 -0.00230306 -0.00199313 0.00399556 0.000433073 -0.00105874,800,0,cuda,1.17,6.41
test,1317,english_setter_41,english_setter,dog,correct,english_setter,kernel,13,0.918105,34,0.505002,0.983317,0.478315,0.057353,0.840807,0.0,,0.807792,0.833333,0.00883493 0.0148116 -0.0266913 0.0188826 -0.0507077 0.010411 0.427097 0.0786659 -0.0300311 0.0913031 -0.0071312 0.00826061 0.0135065 0.0432382 -0.0212012 0.0136438 0.0281914 0.129 -0.031734 0.0657464 -0.0184008 0.0815262 0.0548924 -0.0216642 -0.000779838 0.0286985 -0.0037378 0.017293 0.0114888 -0.0187374 -0.0249705 0.00479525 -0.00598798 0.00635378,800,0,cuda,1.6,6.23
test,1317,english_setter_41,english_setter,dog,correct,english_setter,partition,13,0.918105,34,0.505002,0.983457,0.478455,0.049601,0.83105,0.0,,,,-0.00499319 -0.00884353 -0.00379352 0.0304806 -0.0108664 -0.0118125 0.227146 0.202536 0.0240276 0.0737156 0.0126142 0.00344832 0.0632031 0.0240725 -0.00362029 0.0125144 0.0105076 0.0844568 0.0143553 0.0793275 -0.00179432 0.0252367 0.0192569 -0.000771244 0.00299715 0.00898543 0.00430261 0.00230162 0.00336309 0.00157066 -0.00888689 0.0141021 0.00164958 0.00407722,800,0,cuda,1.12,6.23
test,991,chihuahua_197,chihuahua,dog,correct,chihuahua,kernel,10,0.763514,37,0.375438,0.959072,0.583634,0.048596,0.728301,0.0,,0.616761,0.666667,0.00163012 -0.00965043 0.149179 0.0232873 0.0188497 0.028582 -0.00328101 0.0227459 0.205699 -0.0264239 0.0175677 -0.000944612 -0.00160868 0.0600443 0.00969759 0.0391243 0.0372552 0.0746161 -0.00447394 0.00187311 0.0200331 -0.00147313 0.0227092 0.0168434 -0.000699548 0.00782287 -0.0146805 -0.00381482 0.0109294 0.0227112 0.00806937 0.00533271 0.0127426 0.0122732 -0.00849919 0.00408188 -0.00280834,800,0,cuda,1.57,6.4
test,991,chihuahua_197,chihuahua,dog,correct,chihuahua,partition,10,0.763514,37,0.375438,0.913273,0.537834,0.03447,0.671099,0.0,,,,0.0399832 0.0177664 0.117201 0.00112021 0.0244629 0.0832454 0.0110295 0.0910119 0.243714 -0.0223634 0.000537183 0.0323544 -0.00129022 0.0597777 0.0191965 -0.00386378 -0.00917693 -0.00832931 0.000929136 0.00112902 0.0022699 0.00701448 0.00335475 0.00161653 0.00666584 0.00214479 0.000654691 0.00110797 0.00116051 0.00578197 0.00571295 0.00801923 0.00156897 0.00143126 0.0060336 0.00178089 0.000588906,800,0,cuda,1.29,6.4
test,298,basset_hound_191,basset_hound,dog,correct,basset_hound,kernel,3,0.549837,32,0.396425,0.993416,0.596992,0.056092,0.262323,0.0,,0.793622,1.0,-0.0167217 0.0220541 0.0123381 0.0335188 0.0162684 -0.0419197 0.00779044 -0.00248153 0.0146701 0.0384009 0.0639309 0.0116891 0.0825508 0.0863485 0.0318756 0.0154592 0.0603065 0.0328752 0.00309391 0.0316859 0.063474 0.0463953 -0.0138652 0.0405421 -0.0366637 -0.0177167 -0.0235681 -0.0533084 0.0121847 0.0116478 -0.00305585 -0.00446263,800,0,cuda,1.41,5.95
test,298,basset_hound_191,basset_hound,dog,correct,basset_hound,partition,3,0.549837,32,0.396425,0.770547,0.374122,0.105675,0.239812,0.0,,,,-0.00228022 -0.00917804 -0.00266008 -0.000938455 -0.00152916 -0.00548419 -0.00155968 -0.00162726 -0.00177836 -0.00273192 0.0140863 0.00273627 0.0323072 0.0496189 0.108142 0.0133125 0.0955823 0.0271846 0.0765609 0.0194676 0.0511078 0.0299724 -0.00274733 0.0186692 0.000363953 0.00136706 -0.00133351 -0.00474684 0.00709908 0.0157492 0.00484242 -0.00423749,800,0,cuda,1.18,5.95
test,2662,Ragdoll_83,Ragdoll,cat,correct,Ragdoll,kernel,26,0.986994,35,0.366191,0.79156,0.425369,0.087998,0.733452,0.0,,0.764426,0.833333,0.00509546 0.0195047 0.00848731 0.00314853 0.0108129 -0.00351141 -0.00440921 0.00756763 -0.0140062 -0.00831472 0.0167673 0.0102391 -0.0140185 0.00302995 0.0994373 0.0360675 0.0292233 0.147166 0.0618494 0.0349959 0.0412361 0.290307 0.031281 0.0218566 0.04031 0.00700954 -0.00660791 -0.00641824 0.00456957 0.0411056 0.0296071 0.0155412 0.00288184 -0.000599972 0.00819027,800,0,cuda,1.46,6.19
test,2662,Ragdoll_83,Ragdoll,cat,correct,Ragdoll,partition,26,0.986994,35,0.366191,0.777603,0.411412,0.089563,0.726201,0.0,,,,-0.0152398 0.00172863 0.00498533 -0.000703988 -0.0011705 0.00331259 -0.000212797 0.000303498 0.012006 -0.0129252 5.90143e-05 0.00267844 0.00290919 0.00338809 0.10093 0.00825586 0.0167587 0.0356086 0.0591034 0.0161843 0.123988 0.329935 0.00789554 0.00813095 0.0954608 0.0178738 0.0284872 0.00445538 0.00873338 0.029265 0.0548406 0.00689879 0.0083113 0.00275005 0.00441634,800,0,cuda,1.23,6.19
test,1428,german_shorthaired_51,german_shorthaired,dog,correct,german_shorthaired,kernel,14,0.999309,35,0.300363,0.679937,0.379574,0.239742,0.582588,0.0,,0.519468,0.428571,0.0200842 0.00591833 0.0586886 0.0156572 0.00176615 0.00880911 0.120315 0.0628212 0.0390399 -0.0112945 0.000223882 0.0169001 0.0136205 0.00841796 0.0329701 0.040177 0.0449914 0.0624673 -0.0117745 0.030296 0.0450083 0.0946057 0.00555837 0.0394702 0.0262852 0.0100987 0.0425029 0.0340514 0.0615034 0.0390171 0.0116476 -0.00831786 -0.0116194 0.00269298 0.0167883,800,0,cuda,1.46,6.63
test,1428,german_shorthaired_51,german_shorthaired,dog,correct,german_shorthaired,partition,14,0.999309,35,0.300363,0.535134,0.234771,0.386774,0.70498,0.0,,,,0.0956079 0.00712776 0.103953 0.06157 0.0129094 0.00210076 0.113059 0.0762723 0.0137842 0.00236675 0.0280514 0.0391539 0.0097381 0.0081602 0.0608487 0.0423912 0.0752969 0.0150375 0.0114398 0.0130625 0.0299516 0.0306013 0.00288428 0.00872694 0.0316639 0.0043502 0.00557038 0.0112512 0.00820052 0.0217056 0.00412251 0.00109766 0.0065677 0.0039716 0.00679127,800,0,cuda,1.25,6.63
test,2005,Maine_Coon_268,Maine_Coon,cat,correct,Maine_Coon,kernel,20,0.920158,30,0.196169,0.278739,0.082569,0.20505,0.639054,0.0,,0.901224,0.428571,0.0393312 0.0704786 0.0765929 0.0660278 0.111046 0.0137893 0.065509 0.0492569 -0.0241402 0.0309098 0.0569557 0.0441041 -0.017669 0.0275129 0.0353659 -0.00933246 -0.0597178 -0.010756 0.00383773 0.0871476 0.011122 0.0137093 -0.00267305 0.0185238 0.0113543 -0.00576122 0.0273059 0.0432993 0.0382071 0.0835908,800,0,cuda,1.36,6.06
test,2005,Maine_Coon_268,Maine_Coon,cat,correct,Maine_Coon,partition,20,0.920158,30,0.196169,0.342395,0.146226,0.256589,0.523996,0.0,,,,0.0192227 0.0726733 0.131151 0.0818141 0.0873869 0.00233742 0.055727 0.0961823 0.0184632 0.0800831 0.0286332 0.140263 0.00546379 -0.013516 0.0223052 -0.0158661 -0.0283431 -0.0272526 -0.00457984 0.0137081 -0.00205484 -0.00167325 0.00835071 0.0143079 0.00231965 0.0341758 0.0125072 0.0125393 0.0328064 0.0157924,800,0,cuda,1.19,6.06
test,3661,yorkshire_terrier_93,yorkshire_terrier,dog,wrong,havanese,kernel,16,0.665367,38,0.400351,0.931409,0.531058,0.074581,0.747989,0.0,,0.635299,0.428571,0.0364608 -0.0144697 0.0050458 -0.0275636 -0.0390898 0.0192645 0.0157642 -0.0549586 0.00169376 -0.00345724 -0.000858843 -0.0278632 0.0268269 -0.063247 0.0939207 0.084695 0.0497125 0.111867 0.0363267 0.154149 0.0660959 0.0321618 -0.00537473 0.0293337 0.048231 -0.0302506 -0.0388952 0.0210338 0.0418691 0.0126984 -0.0301495 0.0212433 0.0161183 0.0275226 0.000122964 -0.0127868 0.0199836 0.0171894,800,0,cuda,1.35,6.25
test,3661,yorkshire_terrier_93,yorkshire_terrier,dog,wrong,havanese,partition,16,0.665367,38,0.400351,0.627026,0.226675,0.13181,0.716375,0.0,,,,9.06222e-05 -0.00360005 0.000290246 -0.0532919 0.000910761 0.0130673 0.0434385 0.00330292 -0.0285824 -0.0233043 0.0296246 0.0189682 0.0338521 0.0403123 0.0284223 0.0220939 0.0317977 0.120429 0.0211692 0.102004 0.0820669 0.0795866 0.0133351 0.0191206 0.0232702 -0.0107284 0.00548921 0.00341114 0.00843057 0.000544073 0.00992473 0.00692272 0.00503283 0.00147458 0.00850135 -0.0158063 0.00194557 -0.00315013,800,0,cuda,1.25,6.25
test,1313,english_setter_38,english_setter,dog,wrong,saint_bernard,kernel,28,0.373511,38,0.131577,0.668503,0.536926,0.014725,0.124436,0.0,,0.374986,0.339286,-0.00949058 -0.00201019 0.00240729 0.0159694 0.00341045 0.00495744 0.0300788 0.0106495 0.0303466 0.0500371 0.0113185 -0.00203438 0.00538341 0.0100917 -0.00493573 0.0996102 0.0059443 0.0127438 -0.0056407 0.0211014 -0.00571492 0.00924029 0.0104234 0.0138039 -0.00878012 -0.0124144 0.0315362 0.0282315 0.00101665 -0.000301627 0.0127924 0.0121641 0.00413714 -0.0123174 -0.000259394 0.006149 -0.00449167 -0.0106102,800,0,cuda,1.35,6.15
test,1313,english_setter_38,english_setter,dog,wrong,saint_bernard,partition,28,0.373511,38,0.131577,0.49456,0.362983,0.017545,0.172639,0.0,,,,-0.000821891 -0.000513547 0.00507265 0.000694881 0.00435314 0.000595467 0.0246393 -0.000116732 0.0117516 0.0264424 0.010308 0.00114613 0.0357115 0.0113853 0.00505023 0.10519 -0.000742 -0.00196674 0.00823645 0.00438089 -0.00150177 0.00160777 7.21973e-05 0.0434335 0.0116384 -0.00316448 0.0244672 0.041159 -0.00129382 -0.00663362 0.00182938 0.00502623 0.0078205 0.000692639 -0.00746226 0.00134004 -0.00126189 -0.00402252,800,0,cuda,1.2,6.15
test,528,Bengal_37,Bengal,cat,correct,Bengal,kernel,5,0.979135,32,0.179648,0.68996,0.510312,0.068363,0.827512,0.0,,0.607771,1.0,-0.0172004 -0.00561477 0.00655546 0.0255576 0.00306894 -0.00738062 0.0111094 -0.0190301 -0.00987271 0.0559259 -0.0076154 0.00350391 -0.00827948 -0.000965379 0.227571 0.176982 0.0950797 0.0245307 0.0942235 0.23692 -0.0101241 0.00299641 -0.0160703 0.0322138 0.0231529 0.0136747 -0.00167157 -0.0297632 0.015774 0.0142464 0.0194289 -0.00147171,800,0,cuda,1.36,6.36
test,528,Bengal_37,Bengal,cat,correct,Bengal,partition,5,0.979135,32,0.179648,0.68996,0.510312,0.068583,0.756739,0.0,,,,-0.00237892 -0.00150161 -0.0007741 -0.00882921 -0.00288018 -0.00695619 0.00691102 -0.0102554 -0.00265393 -0.0148923 -0.00396001 -0.0247119 -0.00738431 0.0150838 0.202024 0.253734 0.154521 0.000641151 0.154037 0.198154 -0.0101078 0.00590199 0.0282291 0.0199585 0.000207655 -0.004682 -0.00428897 0.0146711 -0.00154918 0.00248459 0.000155916 -0.00145262,800,0,cuda,1.19,6.36
test,2123,miniature_pinscher_48,miniature_pinscher,dog,correct,miniature_pinscher,kernel,21,0.943848,43,0.538265,0.980772,0.442507,0.039317,0.719156,0.0,,0.768272,0.833333,0.00920722 0.00507357 -0.00848501 0.00132738 0.000800303 0.111347 -0.010076 -0.00397576 0.0726718 -0.00520936 0.209645 0.0139418 0.053484 0.00756139 0.00987929 -0.00509059 0.00359063 0.063873 -0.0246482 0.00809804 0.11859 -0.0147051 0.0871677 0.0450263 -0.0302145 0.00769027 0.0532141 -0.00260115 0.0223263 0.0173586 0.00774707 0.0129265 0.0168023 0.00592 0.0130853 0.0242361 0.0144639 0.0106124 0.00739459 0.00607884 -0.0106591 -0.00738529 0.00920625,800,0,cuda,1.61,6.45
test,2123,miniature_pinscher_48,miniature_pinscher,dog,correct,miniature_pinscher,partition,21,0.943848,43,0.538265,0.977661,0.439396,0.056921,0.656825,0.0,,,,0.00189319 -0.00384211 -0.0022019 0.000142932 0.00164401 0.0529012 0.00970302 0.0190493 0.0449178 0.00466215 0.117457 0.00160365 0.029276 0.00185723 0.0447421 0.00362881 0.0116635 0.0606674 0.00204953 0.0182823 0.151896 0.0293858 0.0773705 0.0188811 0.0209259 0.0164616 0.0228913 0.0075251 0.0177978 0.0126317 0.017254 0.0320391 0.0145912 0.0102303 0.021762 0.00495779 0.00426206 0.00471988 0.00273658 0.0104193 0.00461634 0.00168527 0.00215936,800,0,cuda,1.21,6.45
test,582,Bengal_86,Bengal,cat,correct,Bengal,kernel,5,0.990865,31,0.580098,0.770334,0.190236,0.181391,0.656783,0.0,,0.728024,0.547619,0.0349471 0.159315 0.00140136 0.0151475 0.0984348 -0.00131275 0.0716303 0.0591042 0.00827583 0.0771389 0.0125231 -0.0140506 0.00190252 0.0740139 0.0331218 0.091961 0.0215552 0.0169145 0.0141212 0.0160851 0.0406882 0.00909103 0.0204561 0.0106223 0.0236128 0.0218758 0.00710303 0.0168903 5.1231e-05 0.0101416 0.00642428,800,0,cuda,1.42,6.25
test,582,Bengal_86,Bengal,cat,correct,Bengal,partition,5,0.990865,31,0.580098,0.72917,0.149072,0.215795,0.662785,0.0,,,,0.000187983 0.132479 0.00106296 0.000389685 0.143654 -0.00887387 0.0911488 0.06116 0.014263 0.0131978 0.0296561 -0.00350588 -0.00300158 0.109029 -0.00359289 0.128974 0.0144976 0.00235057 0.021668 0.00833712 0.0192665 0.0138173 0.0271479 0.00700093 0.00249116 0.0900363 0.00146803 0.0392281 0.00357437 0.000339214 0.00173494,800,0,cuda,1.3,6.25
test,725,Bombay_3,Bombay,cat,correct,Bombay,kernel,7,0.996246,22,0.493622,0.37452,-0.119102,0.336649,0.7852,0.0,,0.723885,0.833333,0.0242049 0.0499739 0.153252 0.0162085 0.023959 0.0688131 0.0237238 0.184772 0.0148422 0.0454259 -0.0130938 0.0488126 0.0743794 0.0254946 0.054495 0.0100555 0.04787 0.0277256 -0.000943344 0.0624139 0.00683041 0.0197692,800,0,cuda,1.41,6.23
test,725,Bombay_3,Bombay,cat,correct,Bombay,partition,7,0.996246,22,0.493622,0.540221,0.046598,0.233778,0.742227,0.0,,,,0.00516985 0.0796728 0.149228 0.00368832 0.0736682 0.0815932 0.0292568 0.124593 0.00074848 0.0301743 0.0122617 0.022119 0.0505247 0.03382 0.0670384 0.0102072 0.0703594 0.0394672 0.0141678 0.0468109 0.0114975 0.0129169,800,0,cuda,1.27,6.23
test,3500,wheaten_terrier_38,wheaten_terrier,dog,correct,wheaten_terrier,kernel,35,0.910666,36,0.078125,0.775916,0.697791,0.028094,0.892608,0.0,,0.45547,1.0,0.02418 0.00178933 -0.0223563 -0.0206158 0.00209819 -0.0215293 0.0191979 0.0190567 0.021712 -0.0189738 0.0153452 -0.00828109 0.0300539 -0.00986551 0.186895 -0.00454278 -0.00567261 0.151966 0.0239078 0.307759 0.0411795 -0.0113009 -0.00374324 -0.0137497 0.00605683 -0.0025237 0.202038 0.0293329 0.00536997 0.0304071 -0.00188191 -0.0246262 -0.0210282 -0.0339957 -0.00434971 0.000419254,800,0,cuda,1.52,6.2
test,3500,wheaten_terrier_38,wheaten_terrier,dog,correct,wheaten_terrier,partition,35,0.910666,36,0.078125,0.775916,0.697791,0.029158,0.890962,0.0,,,,0.000210956 -0.00186768 -0.00630355 0.000993714 0.00060153 -0.0111618 -0.00165554 0.00155936 0.0246829 0.00705263 0.0151405 0.0023145 0.00559228 -1.79482e-05 0.0809024 0.0184857 0.000818656 0.0912948 0.00978011 0.433323 0.0616712 -0.00191666 0.0262125 0.000572499 0.00135327 -0.00396902 0.0903684 0.00410366 0.00151265 0.0178716 -0.00355095 0.00115577 0.0193369 0.00182377 0.00125953 0.000177942,800,0,cuda,1.18,6.2
test,1837,keeshond_60,keeshond,dog,correct,keeshond,kernel,18,0.996951,32,0.763851,0.996685,0.232834,0.10965,0.497205,0.0,,0.502199,0.666667,-0.00154367 0.0157446 0.0414987 0.0716189 0.0182953 0.00415557 0.013258 0.0618645 0.00484017 0.179639 0.0019679 0.0559231 0.0014963 0.14058 0.00805587 0.0177865 -0.00440959 0.070513 0.0520352 0.0110978 0.0215739 0.0369422 0.0218533 0.000510042 0.0277854 0.0141589 0.0272451 0.0264573 0.0070523 0.0160663 0.00690081 0.014125,800,0,cuda,1.54,6.28
test,1837,keeshond_60,keeshond,dog,correct,keeshond,partition,18,0.996951,32,0.763851,0.99433,0.230479,0.188492,0.619909,0.0,,,,0.00411498 0.0540937 0.0444461 0.0933544 0.0157211 0.0245138 0.00387545 0.0901384 0.00877232 0.18585 0.0623331 0.0588399 0.00816134 0.141212 0.0185901 0.0123803 0.0165238 0.0248767 0.0368293 0.0141002 0.00392514 0.00266404 0.00369212 0.00391517 0.00714328 0.00968181 0.0114452 0.00405506 0.0075841 0.0049032 0.00327567 0.0040753,800,0,cuda,1.2,6.28
test,1708,japanese_chin_33,japanese_chin,dog,wrong,saint_bernard,kernel,28,0.815709,35,0.235172,0.263924,0.028752,0.122545,0.634736,0.0,,0.762885,0.666667,-0.0236186 0.0272285 0.0339808 0.0729736 -0.0150113 0.00562075 -0.0425817 -0.0277624 0.0902918 0.000758248 -0.00891904 -0.0420668 0.0424856 -0.00346275 0.0459116 0.0269717 -0.00522592 0.111576 0.0377241 0.005007 0.0325305 0.164225 0.0278622 0.0554731 0.00429671 0.00556052 0.0138025 0.0376532 0.0278514 0.00668942 0.022572 0.0109429 0.01647 0.0370206 0.0119106,800,0,cuda,1.41,6.07
test,1708,japanese_chin_33,japanese_chin,dog,wrong,saint_bernard,partition,28,0.815709,35,0.235172,0.433399,0.198227,0.140036,0.635432,0.0,,,,-0.00886193 0.00327 0.00517273 0.0275814 -0.00436325 0.00499036 -0.00307988 0.0110868 0.059564 -0.00131671 2.73441e-05 -0.000921554 0.0093579 0.00654564 0.142033 0.00670704 0.0210865 0.167714 0.0309669 0.00736222 0.0650982 0.0971877 0.00774616 0.047117 0.00640769 0.019374 0.00405581 0.0170501 0.0111704 0.00864919 0.00251943 0.00125628 0.00189828 0.0310635 0.00122492,800,0,cuda,1.23,6.07
test,452,beagle_59,beagle,dog,correct,beagle,kernel,4,0.987189,33,0.288425,0.682559,0.394135,0.090073,0.959782,0.0,,0.707052,0.666667,0.0028785 -0.0027064 -0.00328906 -0.0138258 -0.00977754 -0.0269322 -0.0123663 -0.00926082 -0.0177396 -0.0246513 -0.0279261 0.000737161 0.0865157 0.0149309 0.00358256 0.0182108 0.0905421 0.0355478 0.70299 0.0154658 0.0595784 0.0135438 0.0248038 -0.00216074 -0.0168015 -0.00183878 -0.00871487 0.00182295 -0.00929369 -0.0163029 -0.0126488 -0.010856 -0.0168019,800,0,cuda,1.37,6.24
test,452,beagle_59,beagle,dog,correct,beagle,partition,4,0.987189,33,0.288425,0.746602,0.458177,0.125364,0.955317,0.0,,,,0.00019274 -0.000442893 -0.000284755 0.000538197 0.00351833 -0.00370268 0.000527767 -0.00132723 0.000287186 -0.00153989 -0.00337193 0.0340442 0.152539 0.0103213 -0.00815538 -0.000521324 0.128903 -0.0218462 0.54594 0.0204125 0.0597953 0.00406371 0.00846346 -0.00580895 -0.00952795 -0.0013213 -0.00441288 -0.00773997 -0.0239453 -0.022465 -0.00553431 -0.00591335 -0.0144301,800,0,cuda,1.31,6.24
test,2521,pug_45,pug,dog,correct,pug,kernel,25,0.804433,32,0.756178,0.872047,0.115869,0.028935,0.136523,0.0,,0.245784,0.180556,0.0119927 0.0215752 0.0206768 0.0338181 0.0572571 0.00630896 0.0415769 0.00249466 0.0395022 0.0226912 0.00193344 0.058716 0.0322245 0.0211052 0.0412441 0.00555324 0.0265597 0.0424317 0.0562479 -0.0136938 0.0308868 0.0176282 -0.00517945 0.0352027 0.0465557 -0.00269159 0.0383375 0.00750482 0.0709387 0.00172697 0.0228156 -8.91971e-05,800,0,cuda,1.39,6.13
test,2521,pug_45,pug,dog,correct,pug,partition,25,0.804433,32,0.756178,0.999562,0.243383,0.036437,0.193693,0.0,,,,0.0196532 -0.00027821 -0.000210851 -0.00321665 0.0112226 0.0403179 0.0282063 -0.00118889 0.0306997 0.0110072 0.0085776 0.0251248 0.0432962 0.0129463 0.0713114 0.03024 0.0179358 0.083648 0.0351783 0.0111898 0.0468263 0.042161 0.031597 0.0375464 0.0711148 0.0196568 0.0242016 0.00192561 0.0180363 0.00512951 0.00430487 0.0156918,800,0,cuda,1.14,6.13
test,33,Abyssinian_32,Abyssinian,cat,correct,Abyssinian,kernel,0,0.986851,29,0.216498,0.660531,0.444033,0.065795,0.665331,0.0,,0.66133,0.833333,0.00704945 0.00399039 0.00614014 0.0246007 -0.0118949 0.024062 0.00398777 0.251711 0.0219383 -0.0135187 0.0128144 0.00440302 0.179241 -0.0029274 0.00716388 0.287626 0.00114772 0.0470452 0.0406061 0.0178425 -0.0180316 0.00941292 0.0224559 0.0116885 0.016463 0.00971413 0.00203917 -0.00470963 0.00132388,800,0,cuda,1.46,6.26
test,33,Abyssinian_32,Abyssinian,cat,correct,Abyssinian,partition,0,0.986851,29,0.216498,0.555018,0.33852,0.059837,0.498508,0.0,,,,0.0107062 0.0213234 0.00228255 0.00281459 -0.00863394 -0.00312397 0.0029971 0.182616 -0.00187566 0.0199436 0.0541534 0.0115827 0.150324 0.0129413 0.00106858 0.352243 0.000975464 0.042978 0.0618059 0.0138852 0.00864206 -0.00161489 -0.000158303 -0.00119569 0.0164188 0.00753088 0.00407212 -0.00222601 0.000909456,800,0,cuda,1.17,6.26
test,868,boxer_85,boxer,dog,wrong,chihuahua,kernel,10,0.467357,33,0.121632,0.301341,0.179709,0.024257,0.146534,0.0,,0.691176,0.388889,-0.00274822 0.0210898 0.013164 0.0452565 0.0259211 0.0171211 -0.019882 -0.00672316 -0.0138476 -0.00951116 0.0285189 0.0264953 0.0128371 0.0347226 0.0607831 0.0545255 0.0260222 0.00613944 0.0316565 0.0338834 0.0307552 -0.0126358 0.023038 0.0544457 -0.0186164 -0.00272957 0.00557502 0.030686 -0.0142574 0.0139297 -0.00227477 -0.0269054 -0.00724939,800,0,cuda,1.38,5.94
test,868,boxer_85,boxer,dog,wrong,chihuahua,partition,10,0.467357,33,0.121632,0.304958,0.183326,0.00935,0.194459,0.0,,,,-0.00052199 0.00577357 0.0123442 0.048105 0.00445712 0.0236814 -0.00252291 -0.00156794 0.00305114 -1.51047e-06 0.0175429 -0.00110487 0.00596304 0.0440013 0.0647171 0.10004 0.0049296 0.00367743 0.0539743 0.025799 0.0283979 0.000334917 -3.94419e-05 0.0244973 -0.00450316 -0.00107263 -0.000343551 0.00253875 -0.00192947 -0.000412424 -0.00134583 0.0015161 -0.000791016,800,0,cuda,1.08,5.94
test,3470,wheaten_terrier_192,wheaten_terrier,dog,correct,wheaten_terrier,kernel,35,0.999853,35,0.23591,0.930543,0.694633,0.120316,0.906025,0.0,,0.635014,0.666667,0.0225544 0.00196495 0.0148413 0.032595 -0.0243878 -0.0032437 0.050917 -0.0578044 -0.00391102 0.00502242 0.00395666 -0.0131408 0.00206876 -0.00599713 0.0107226 -0.00157214 -0.0381961 0.189733 -0.000439862 0.135274 0.131151 0.102964 0.0322477 0.128392 0.0185868 -0.0127346 0.0242439 0.0195688 0.065358 0.0492242 0.117713 -0.00846776 -0.0212882 -0.0153754 0.0263753,800,0,cuda,1.5,6.14
test,3470,wheaten_terrier_192,wheaten_terrier,dog,correct,wheaten_terrier,partition,35,0.999853,35,0.23591,0.926495,0.690585,0.103849,0.914785,0.0,,,,0.000597216 0.000413766 0.000714119 0.000637812 0.000139211 0.00121329 0.000288057 2.84431e-06 -0.000147139 -0.000286884 0.00286435 0.0160043 0.0057207 0.0214355 0.000388397 0.00718487 0.00122349 0.0819686 0.000672302 0.125967 0.199668 0.300036 0.000638176 0.0105305 0.000880654 0.0019974 0.0492734 0.000270838 0.0372157 0.0180688 0.0725729 0.00127194 0.00100436 0.000484391 0.0180013,800,0,cuda,1.22,6.14
test,39,Abyssinian_43,Abyssinian,cat,correct,Abyssinian,kernel,0,0.827415,36,0.245914,0.792286,0.546372,0.102208,0.667412,0.0,,0.75045,0.833333,0.0142842 -0.00321666 0.00925335 -0.00456013 0.0114189 0.00655067 0.0493151 0.121254 0.0837431 -0.0123622 0.0609659 0.00509214 0.0101176 0.0445777 0.00287824 0.034672 0.056917 0.097664 0.0387852 -0.0220873 0.00811371 0.135718 0.0642932 0.0278244 0.0196915 -0.00172788 -0.0165934 -0.00990814 0.0127944 0.0347478 -0.0331138 0.00620251 -0.00826197 -0.00787192 -0.00175795 -0.0314642,800,0,cuda,1.4,6.21
test,39,Abyssinian_43,Abyssinian,cat,correct,Abyssinian,partition,0,0.827415,36,0.245914,0.68799,0.442076,0.081129,0.674777,0.0,,,,0.00319953 0.00109895 0.000877859 0.00156977 0.0212036 0.00529257 0.0942495 0.134897 0.0883473 0.00269529 -0.0134412 0.00312237 -0.0029323 -0.0241495 -0.00206901 0.0599777 0.0834487 0.151916 0.0135471 -0.00478886 0.00967838 0.121968 0.118972 0.00327389 -0.001325 -0.00523739 -0.0073478 -0.00756641 -0.000431409 -0.00499913 -0.00772341 -0.00385778 -0.00797299 -0.00728413 -0.00220951 -0.0120512,800,0,cuda,1.25,6.21
test,2566,pug_87,pug,dog,correct,pug,kernel,25,0.990305,32,0.280792,0.793603,0.512812,0.033681,0.588928,0.0,,0.563233,0.833333,0.0143816 0.0027571 0.0271568 0.0295413 -0.0117677 -0.0185081 -0.00714215 -0.00265132 -0.015197 0.0329926 0.111843 -0.00947966 0.0248075 0.0264353 -0.00116598 0.0103445 0.0709846 0.0302925 -0.0321762 0.204821 0.0225322 0.314717 -0.0147372 0.0356258 0.0371295 0.00754028 -0.0228739 0.0169213 0.0265879 0.0222969 0.0146457 0.0310701,800,0,cuda,1.39,6.22
test,2566,pug_87,pug,dog,correct,pug,partition,25,0.990305,32,0.280792,0.910394,0.629602,0.034517,0.75189,0.0,,,,-0.000260488 0.000639945 -0.00109027 0.00620095 -0.0102704 0.000236424 0.00769011 0.0280442 0.00655106 0.0112815 0.0678307 0.0214646 0.0584241 0.0203582 0.0231141 0.00257639 0.14505 0.00487486 -0.00323998 0.0991516 0.0226142 0.424378 0.0025267 -3.30629e-05 0.0118614 0.000770254 0.00124612 0.0046769 0.00303556 0.00751177 0.0104159 0.0020934,800,0,cuda,1.14,6.22
test,634,Birman_42,Birman,cat,correct,Birman,kernel,6,0.995238,33,0.791574,0.922274,0.1307,0.364912,0.882065,0.0,,0.782921,0.547619,0.0429698 0.0898174 0.0606062 0.0408649 0.0397346 -0.000560621 -0.0157902 0.0383569 -0.0142575 0.0579166 0.0429066 0.0525873 0.147112 -0.00605599 0.0252747 -0.00923182 0.129608 0.00297742 0.00357419 0.0275709 -0.00616219 -0.0390177 0.0267741 0.0428337 -0.0244347 0.033436 0.0508656 0.0211496 -0.000661865 0.0606614 0.0323107 -0.0177421 0.027739,800,0,cuda,1.64,6.63
test,634,Birman_42,Birman,cat,correct,Birman,partition,6,0.995238,33,0.791574,0.994667,0.203093,0.507951,0.83217,0.0,,,,0.0149955 0.0627312 0.0260831 0.0219725 0.044801 0.0108089 0.0166761 0.0424557 0.0179616 0.0860243 0.0229954 0.084541 0.151829 0.0188418 0.0957096 0.00252911 0.0776213 0.000369506 0.0151871 -9.72593e-05 0.00558529 0.00360565 -0.00174512 0.00598064 -0.00222713 0.0289756 0.01147 0.0315274 0.0204041 0.00765637 0.0268479 -7.16626e-05 0.0116882,800,0,cuda,1.41,6.63
test,1070,chihuahua_87,chihuahua,dog,correct,chihuahua,kernel,10,0.991492,44,0.294005,0.976289,0.682284,0.071881,0.816929,0.0,,0.53876,1.0,0.0256349 0.0113094 0.0332754 0.0359834 0.0458272 0.0151034 0.0180339 0.0315877 0.13304 0.0249819 0.169777 0.0989388 0.0124318 -0.014546 0.069125 0.0154548 0.123723 0.00968095 -0.00853613 -0.0218248 0.00550091 -0.00786592 -0.0185163 0.0205343 0.0720442 0.00703953 -0.00805037 0.0145381 -0.0193768 0.00595889 0.0982499 -0.0209123 -0.0211181 0.0180676 0.0125228 -0.00215571 0.00351873 0.0197576 -0.00134061 -0.012021 -0.00881962 -0.00928628 0.0169956 -0.0109463,800,0,cuda,1.58,6.73
test,1070,chihuahua_87,chihuahua,dog,correct,chihuahua,partition,10,0.991492,44,0.294005,0.782737,0.488732,0.068771,0.798044,0.0,,,,-0.000303179 -0.00038443 0.0198479 0.0757457 0.051006 0.0126782 0.0134909 -0.00134328 0.0507812 0.0111869 0.174251 0.107263 -0.00357894 0.0376513 0.0904514 0.0244708 0.243669 0.0253872 0.00606894 0.0157643 -0.0074817 0.000564114 -0.000177849 0.0125888 0.0187811 0.00940983 0.000464774 0.000621653 -7.47068e-05 -0.000115499 0.00143621 -0.000178659 -0.000390834 0.000207041 -0.000859104 -0.000391756 -0.000583262 -0.000393241 -0.00129674 -0.000505124 -0.0011646 -0.000126508 -7.23794e-05 -0.00104483,800,0,cuda,1.33,6.73
test,2876,saint_bernard_96,saint_bernard,dog,correct,saint_bernard,kernel,28,0.999391,35,0.328663,0.873815,0.545152,0.144789,0.875179,0.0,,0.472689,1.0,-0.00782195 0.0206401 0.0699654 -0.0186058 -0.00383308 0.0547501 0.015627 -0.0226311 0.05794 -0.0135162 0.00322959 0.152464 -0.0114785 -0.0197995 0.101781 0.159348 0.0791822 -0.0086453 0.201651 0.000775674 -0.0206986 0.0302758 0.0028022 -0.00202315 -0.0160974 0.0246141 0.0346386 0.0333304 0.00399783 0.00845363 0.0308417 -0.000101365 0.00444012 0.0330778 0.0118491,800,0,cuda,1.86,7.45
test,2876,saint_bernard_96,saint_bernard,dog,correct,saint_bernard,partition,28,0.999391,35,0.328663,0.684504,0.355841,0.174407,0.904644,0.0,,,,0.00163101 -0.000208484 0.0128299 0.00344718 0.00385272 0.0122292 0.00673019 0.00370875 0.00103357 0.00053933 0.123052 0.20054 0.00292231 0.00552112 0.04282 0.157187 0.169475 0.0436846 0.155903 0.00522001 0.00174572 0.000497782 0.0226276 0.00172076 0.00160277 0.00151243 0.000950074 -0.000108398 0.000836314 0.00403432 -0.000173021 0.000232366 0.000136606 0.00216449 0.00052406,800,0,cuda,1.72,7.45
test,253,american_pit_bull_terrier_58,american_pit_bull_terrier,dog,correct,american_pit_bull_terrier,kernel,2,0.998656,40,0.872509,0.998158,0.125649,0.123412,0.467744,0.0,,0.506004,0.666667,-0.0033888 0.0523455 -0.0259451 0.0398009 -0.017184 0.0164765 -0.019359 -0.00333007 0.00453899 0.0205225 0.0262218 0.0234588 0.0213931 0.0381553 0.0375278 0.0509167 -0.0367875 0.0525136 0.00756563 0.0294977 0.0941894 0.182584 0.0876961 0.00380544 0.027392 0.0646443 -0.000301807 0.0455524 0.0254375 0.00367197 -0.00229445 0.0124198 0.0342246 0.0415981 0.0131324 -0.0125121 0.0341908 -0.0291192 0.0488022 0.000284505,800,0,cuda,1.56,7.23
test,253,american_pit_bull_terrier_58,american_pit_bull_terrier,dog,correct,american_pit_bull_terrier,partition,2,0.998656,40,0.872509,1.0,0.127491,0.238265,0.648949,0.0,,,,0.00107618 0.00101349 0.00240504 0.00138867 0.00129972 0.00281425 0.00264573 0.00476202 0.0062489 0.00301558 0.00186052 0.00279827 0.00750644 0.00824487 0.00239638 0.00575483 0.00271561 0.00191238 0.000421061 0.00779949 0.0376241 0.102647 0.144575 0.0205903 0.066202 0.0359958 0.0219843 0.0125925 0.00422848 0.0958706 0.000541613 0.0139379 0.100336 0.128528 0.0177138 0.00039617 0.0627967 0.0128 0.0347221 0.00817637,800,0,cuda,1.35,7.23
test,2962,samoyed_83,samoyed,dog,correct,samoyed,kernel,29,0.923737,34,0.13347,0.459115,0.325645,0.02714,0.8066,0.0,,0.725134,0.666667,0.323288 -0.0289029 -0.012665 0.0721257 0.174812 0.0318304 0.0335656 0.00157884 0.00406822 0.133254 0.1275 -0.00993892 0.0015721 -0.00227648 0.00967647 -0.00439242 0.0125215 0.00663557 0.00016498 0.00772694 0.0173889 0.00644122 -0.00241287 -0.00993043 0.00130286 0.00500285 0.00346803 -0.00408898 0.00342565 0.000758145 0.00607452 0.00342641 -0.00602574 -0.00397461,800,0,cuda,1.53,6.72
test,2962,samoyed_83,samoyed,dog,correct,samoyed,partition,29,0.923737,34,0.13347,0.583746,0.450276,0.049824,0.773304,0.0,,,,0.348148 0.000269615 0.000824319 0.188616 0.0410369 0.0818727 0.00432358 0.00170886 0.0400466 0.0913596 0.0905805 0.00869918 0.00191915 0.00887961 0.000824891 -0.00601898 0.000354046 0.00248095 0.00229417 0.00109973 -0.000706973 -0.00126331 0.00071662 0.000692314 -0.000196902 -0.000771317 -0.00207597 0.000191715 -0.000226968 -6.36716e-05 -0.000385849 -0.00148542 -0.000643174 -9.88164e-05,800,0,cuda,1.25,6.72
test,2946,samoyed_69,samoyed,dog,correct,samoyed,kernel,29,0.998038,42,0.270607,0.973714,0.703106,0.207168,0.919021,0.0,,0.369176,1.0,0.000541729 -0.0207767 -0.0205826 -0.0224866 0.00694876 0.0195911 -0.0254271 0.0270449 0.00390903 0.00788163 0.0190001 -0.000334275 -0.00761286 -0.0142742 -0.00296063 0.00760898 0.239047 0.00620248 0.0217552 0.11584 -0.00568414 0.211988 9.09211e-06 0.082786 0.113396 -0.000317974 0.0251686 -0.00615416 0.0406064 0.0120954 0.0232191 -0.00628077 0.0352426 0.0128692 0.0361469 -0.00230011 0.0141496 -0.0111135 0.000657668 0.0353754 -0.0299343 0.0344616,800,0,cuda,1.39,6.35
test,2946,samoyed_69,samoyed,dog,correct,samoyed,partition,29,0.998038,42,0.270607,0.870468,0.599861,0.204384,0.928599,0.0,,,,0.00165667 -9.57298e-05 -3.99131e-05 0.000124542 0.0065829 0.00193165 0.00313729 0.000692021 0.000315175 0.00069152 0.0276177 0.00478713 0.00559654 0.00806556 0.0133848 0.0279092 0.164124 0.0151227 0.0238458 0.197416 0.0575859 0.111984 0.0175182 0.0522938 0.0877982 0.00435216 0.00715661 0.0294811 0.0122191 0.00865158 0.0265735 0.0169046 0.0137879 0.00343612 0.00635981 0.00312352 0.000892734 0.000198335 0.00579715 0.00386329 0.00122002 0.0032392,800,0,cuda,1.35,6.35
test,148,american_bulldog_54,american_bulldog,dog,wrong,boxer,kernel,8,0.965843,36,0.523457,0.869249,0.345792,0.053048,0.891198,0.0,,0.580824,0.666667,0.00293557 0.182061 0.00272362 -0.00111341 0.00460356 0.0516712 0.0431775 0.0289478 -0.00133239 -0.0173659 0.307508 0.262121 0.00067444 0.0495864 0.0111855 0.0345163 -0.00521691 -0.00774145 -0.00463673 0.104591 0.0279094 -0.00885088 -0.052536 -0.0112338 0.00405284 -0.0369659 -0.0213035 -0.0127641 -0.00532317 0.0133683 -0.0150624 -0.00318421 0.0185526 -0.0047538 0.0254299 -0.0106565,800,0,cuda,1.4,6.2
test,148,american_bulldog_54,american_bulldog,dog,wrong,boxer,partition,8,0.965843,36,0.523457,0.817106,0.293648,0.093974,0.847265,0.0,,,,0.0114362 0.0978132 0.0115627 0.012829 0.00352989 0.060737 0.065152 0.0414703 0.00968387 0.0202278 0.147444 0.372016 -0.0137446 -0.00333574 0.00366535 0.00506651 0.0029248 0.00237321 0.00557455 0.0718264 0.0106574 0.00270638 0.0130963 0.00179548 0.00173298 -0.00406072 0.00125525 0.00047576 -0.000653222 -0.000948723 0.000789642 -0.00118917 0.00156934 0.0017392 -0.000106416 -0.00153755,800,0,cuda,1.32,6.2
test,302,basset_hound_195,basset_hound,dog,correct,basset_hound,kernel,3,0.940607,41,0.702427,0.988625,0.286197,0.058663,0.698299,0.0,,0.747213,0.666667,0.174711 0.101877 0.00779342 0.0206708 -0.00713513 0.0955091 0.0254711 0.0259836 0.078232 0.0095055 0.0580985 0.00769821 0.0022375 0.00379244 -0.0205356 0.103822 -0.0151698 0.0526112 0.0215676 0.0748527 0.00809841 -0.00530366 -0.00139437 0.0129977 -0.0032511 -0.0132356 0.0325289 -0.00190061 0.0131177 0.00125963 0.000925885 -0.00382259 0.0118622 -0.0110277 0.0136905 0.00932757 0.00374113 0.022892 0.013439 -0.0105698 0.00113868,800,0,cuda,1.49,6.3
test,302,basset_hound_195,basset_hound,dog,correct,basset_hound,partition,3,0.940607,41,0.702427,0.998341,0.295914,0.103795,0.703701,0.0,,,,0.0741859 0.0837039 -0.000900525 -0.0233015 -0.00036021 0.0639321 0.107746 0.0389317 0.083894 -0.000934275 0.0651839 0.0427182 0.00441559 0.00123519 -0.00543581 0.0260097 0.010075 0.0458388 0.0159706 0.0821427 -0.000165087 0.0142925 0.00353664 0.00143192 0.00389629 0.0017082 0.0158409 0.0218397 0.00746497 -0.00649887 0.0299762 0.014274 0.0142523 0.000948562 0.00366545 0.0207753 0.00452052 0.0203857 0.0264776 0.000762209 0.00167107,800,0,cuda,1.34,6.3
test,134,american_bulldog_40,american_bulldog,dog,correct,american_bulldog,kernel,1,0.836599,44,0.263074,0.842374,0.5793,0.111879,0.84831,0.0,,0.672163,0.666667,0.0053406 -0.021922 -0.0340009 0.00377342 -0.0324405 -0.0263886 -0.0217726 0.0216677 0.0117341 0.00463663 -0.041759 -0.0243385 -0.0110581 0.309 0.00140537 -0.00648392 0.0536609 0.106972 -0.0274516 0.00907196 0.0484236 0.0254882 0.0599567 0.145522 0.0627663 0.0582462 0.00443794 0.042285 0.0258118 0.0179578 -0.043782 -0.0153916 0.0253633 -0.0107274 -0.00223569 0.00525446 0.026572 -0.00365199 0.0114753 -0.0189879 0.0231144 0.00688426 0.0208497 -0.0159551,800,0,cuda,1.42,6.34
test,134,american_bulldog_40,american_bulldog,dog,correct,american_bulldog,partition,1,0.836599,44,0.263074,0.756935,0.493861,0.172659,0.844135,0.0,,,,-0.00735262 -0.00273688 -0.0101276 0.0157032 -0.00656776 -0.00408583 -0.00512003 -0.00429136 0.0114359 0.00512322 -0.00513996 -0.0324255 0.0038677 0.229269 0.0046567 -0.0171635 0.0820602 0.0822635 -0.00101854 -0.00962697 0.0946223 -0.00146068 0.0274666 0.0658223 0.0191905 0.0386895 0.0108482 0.0423865 0.0206585 0.0101367 -0.00161016 0.0169114 0.00218836 0.00868966 0.0037637 0.00524499 0.0154789 0.0147014 -0.00445979 0.057306 0.00868244 -0.00531884 0.00264548 -0.00198288,800,0,cuda,1.26,6.34
test,3635,yorkshire_terrier_6,yorkshire_terrier,dog,wrong,havanese,kernel,16,0.434563,35,0.18192,0.475002,0.293083,0.0686,0.562573,0.0,,0.847199,0.714286,0.00668481 -0.0242586 0.00621871 0.00293766 -0.0340626 -0.0267819 0.00436555 -0.000326666 -0.0109641 0.0502213 0.00766366 0.0619087 0.07517 -0.0238634 0.0444824 0.0506823 0.0852026 0.0105037 -0.000779719 0.0912806 0.000565044 -0.0246334 -0.00049042 0.0600606 -0.0371642 0.00786479 -0.007587 -0.00480932 -0.0181429 0.0286393 0.0134789 0.0221949 -0.00996691 0.00297218 0.000295848,800,0,cuda,1.43,6.29
test,3635,yorkshire_terrier_6,yorkshire_terrier,dog,wrong,havanese,partition,16,0.434563,35,0.18192,0.61049,0.428571,0.117421,0.289596,0.0,,,,-0.0275396 -0.00216126 -0.00107443 0.00330657 0.0165052 -0.0122557 -0.0236601 0.00263835 0.00310513 0.0294284 0.00107155 0.00682993 0.0406208 0.0198603 0.0198448 0.028322 0.0529017 0.00920633 0.0313998 0.143417 0.0177822 0.0160359 -0.000585252 0.0194486 0.00272949 0.00709506 0.00147241 0.000205506 0.00493303 0.000221517 0.000415263 -0.00204381 0.00039004 -0.000218863 -8.52172e-05,800,0,cuda,1.21,6.29
test,2625,Ragdoll_43,Ragdoll,cat,correct,Ragdoll,kernel,26,0.999539,39,0.446449,0.925301,0.478852,0.22686,0.814984,0.0,,0.534818,1.0,0.0015619 -0.0050553 0.0246438 -0.00862362 0.0311098 0.00217904 0.0225942 -0.00344075 -0.0069367 -0.0128169 -0.00939184 0.0799654 -0.00418797 0.0247592 0.159002 0.0350605 0.0312759 0.0768696 0.18994 0.0139299 0.0425018 0.00833719 0.141684 0.0406374 0.00680584 0.0432209 0.0409652 0.0251045 0.00953747 0.0033974 -0.00242576 -0.00811753 -0.00356567 0.00396055 -0.0264778 -0.0159304 0.0113061 0.00692197 0.0116455,800,0,cuda,1.42,6.6
test,2625,Ragdoll_43,Ragdoll,cat,correct,Ragdoll,partition,26,0.999539,39,0.446449,0.917082,0.470633,0.281304,0.722854,0.0,,,,0.000259087 0.00259875 0.00173803 0.00160465 0.0139924 0.00106752 0.002363 0.000878127 0.00209587 0.000993078 0.016607 0.057374 0.00178467 0.00276201 0.0317604 0.0724631 0.0329793 0.0196535 0.305689 0.0530647 0.0253403 0.00459977 0.138973 0.000810746 0.00137261 0.0253951 0.071402 0.00388673 0.00811713 0.0124374 0.0379458 0.0109039 0.00619774 0.00126483 0.00458274 0.00344448 0.000261502 0.00224184 0.00104227,800,0,cuda,1.3,6.6
test,880,boxer_96,boxer,dog,correct,boxer,kernel,8,0.858083,34,0.886519,0.959672,0.073152,0.143591,0.528184,0.0,,0.782888,0.547619,0.0449305 0.0366627 0.0794967 0.0354811 0.0527211 0.111641 0.0262872 0.020005 0.0223586 0.0576142 0.00719318 0.00854821 0.0292195 0.0327194 0.0171768 0.0472317 0.0125442 0.0107039 0.0599654 0.0293997 0.0075127 0.016898 0.0549928 0.00500447 -0.00451827 -0.000284728 -0.00673855 0.0100191 0.0247432 0.0244966 -0.0325449 0.0171595 0.00198212 -0.012809,800,0,cuda,1.62,6.55
test,880,boxer_96,boxer,dog,correct,boxer,partition,8,0.858083,34,0.886519,0.968251,0.081731,0.184486,0.356791,0.0,,,,0.0211282 0.0491365 0.0915843 0.0250427 0.0337506 0.155056 0.0174796 0.0150814 0.015735 0.0137541 0.00239079 0.00119771 0.00943474 0.0164439 0.0445395 0.0527235 -0.000692817 0.0137953 0.026553 0.0268947 0.0229927 0.0150887 0.0353124 -0.00145796 0.0128575 0.0103306 0.00404529 0.0269213 0.0411687 0.0142628 0.00434921 0.0170263 0.00445639 0.00943075,800,0,cuda,1.28,6.55
test,3058,scottish_terrier_80,scottish_terrier,dog,correct,scottish_terrier,kernel,30,0.999765,40,0.525351,0.837889,0.312538,0.321863,0.89133,0.0,,0.684615,0.666667,0.0120491 -0.0064278 0.00663285 -0.00786979 0.0113921 0.00879269 0.0189473 -0.00299471 0.0108337 0.00279119 0.00669307 0.0794334 -0.0198508 0.0364255 0.0156415 0.00936257 0.00797554 0.0299342 -0.00179982 -0.0208931 0.0224953 0.0227371 0.327759 0.0482483 0.0307944 0.0776091 -0.0140933 -0.00638892 0.0700633 0.0113857 -0.0061419 0.00557648 0.125649 0.00302467 0.0241985 0.0116865 -0.00383166 0.0111805 0.0115771 0.0211815,800,0,cuda,1.41,6.48
test,3058,scottish_terrier_80,scottish_terrier,dog,correct,scottish_terrier,partition,30,0.999765,40,0.525351,0.80916,0.283809,0.621433,0.896429,0.0,,,,0.00432416 0.00275902 0.01215 0.0187664 0.00397489 0.00239335 0.0843893 -7.79932e-05 0.0376102 0.000386653 0.0403869 0.146166 0.00241397 0.0856949 0.00335245 0.0104488 0.0146143 0.0353739 0.0158425 0.0583847 0.0155446 0.00525529 0.2139 -0.00422273 0.0127041 0.0174464 -0.00295446 0.00170747 -0.00111796 0.0189691 0.00124481 0.00145721 0.0362963 0.0116514 0.0314843 0.00564947 0.0147268 0.00120397 0.00521948 0.0262592,800,0,cuda,1.32,6.48
test,2190,newfoundland_19,newfoundland,dog,correct,newfoundland,kernel,22,0.999914,35,0.779357,0.991353,0.211996,0.240462,0.847438,0.0,,0.329552,0.547619,-0.041678 0.0591874 0.0246889 0.0536133 0.00422913 0.0969925 0.0449118 -0.00118446 0.0330101 0.098293 0.0975079 -0.0134819 0.02545 0.0136673 0.0110917 0.167981 0.0182609 0.0400515 0.0361851 -0.0486615 0.00591297 0.0225545 0.00966534 0.0260331 0.000131045 0.0152242 0.021892 0.0213623 0.0440662 0.0100897 0.0144667 0.0228579 -0.00641584 0.0496234 0.0165559,800,0,cuda,1.45,6.34
test,2190,newfoundland_19,newfoundland,dog,correct,newfoundland,partition,22,0.999914,35,0.779357,0.99533,0.215974,0.17412,0.817378,0.0,,,,0.00175142 0.0232649 0.00203447 0.0702284 0.0170264 0.0454728 0.00195043 0.0856947 0.0075928 0.139066 0.128672 0.00940099 0.00845896 0.0250677 0.0384334 0.108873 0.115288 0.0175542 0.00404339 0.0293416 0.00792041 0.00171322 0.00427534 0.00168751 0.0130399 0.00821643 0.0148029 0.00437514 0.0122331 0.00436882 0.00493192 0.0159914 0.00256148 0.0162626 0.00253861,800,0,cuda,1.35,6.34
test,1436,german_shorthaired_59,german_shorthaired,dog,correct,german_shorthaired,kernel,14,0.999538,42,0.204939,0.773738,0.568799,0.109507,0.754365,0.0,,0.534884,0.833333,-0.00811424 -0.00512727 -0.00508672 -0.00621237 0.022563 0.0195091 0.00498446 0.0302848 -0.0143699 0.0160726 0.0253527 -0.00713047 0.00229758 0.00231918 0.289806 0.0148701 0.0709436 0.00941405 0.108596 0.0109696 0.0944564 0.0771819 -0.00774627 -0.00787474 0.0323858 0.0432883 0.00685277 0.0139023 0.000100726 0.0552872 0.0619408 -0.0191402 -0.0192487 0.0629419 -0.0113925 0.00937028 0.00112242 0.0169768 0.00276139 0.00617051 -0.0316278 -3.416e-05,800,0,cuda,1.5,6.35
test,1436,german_shorthaired_59,german_shorthaired,dog,correct,german_shorthaired,partition,14,0.999538,42,0.204939,0.615003,0.410064,0.134447,0.764559,0.0,,,,0.000301684 0.00312169 -0.000371065 0.00675078 0.00132961 0.00142355 0.00200372 0.000574605 0.00561261 0.00981918 0.021059 0.0359062 0.0172318 0.0244152 0.116766 0.0189774 0.0608857 0.0598948 0.136114 0.0411618 0.0806938 0.0469964 0.0143215 0.0103459 0.0205929 0.0365142 0.00971709 0.0347389 0.0122615 0.0209559 0.0405745 0.00426539 0.000453585 0.0124306 0.00627788 0.0158521 0.0134724 0.0101874 0.00192572 0.00860833 0.00251031 0.00294193,800,0,cuda,1.28,6.35
test,1765,japanese_chin_85,japanese_chin,dog,correct,japanese_chin,kernel,17,0.993587,50,0.119938,0.573149,0.453211,0.045346,0.840582,0.0,,0.393277,0.666667,0.0107347 -0.0176528 0.00360717 0.0177909 0.0223112 -0.0338312 0.029317 0.0158908 0.00217931 0.0419338 -0.000727253 0.000291027 -0.00908022 0.022978 -0.00729119 0.00928307 0.0334183 -0.00416739 0.0221111 0.00658619 -0.0129486 -0.0165092 0.0201456 0.252594 0.0329968 0.0469818 0.00197559 -0.0097372 -0.0224475 -0.0330004 0.0459108 0.310804 -0.00673943 0.166808 -0.0129706 0.0245986 -8.45677e-05 0.0148769 0.0262721 0.00273084 -0.0180432 0.000246627 -0.00308614 -0.0030374 0.033915 -0.0164098 -0.00548283 0.00217323 -0.00352133 -0.0144031,800,0,cuda,1.6,6.64
test,1765,japanese_chin_85,japanese_chin,dog,correct,japanese_chin,partition,17,0.993587,50,0.119938,0.656245,0.536307,0.038462,0.866836,0.0,,,,-0.00128969 -0.000876028 0.00083141 -0.00449275 -0.00182625 -0.00207526 0.00184127 0.000769847 -0.0014392 -2.98398e-05 -0.000748242 0.000435698 -0.00180108 0.000290866 0.00322765 0.0389636 0.0676411 -0.00225666 0.0285093 -0.000739202 -0.00561404 0.00392908 0.0102075 0.289227 0.0677183 0.0327334 0.00147354 -0.0048734 0.000975246 0.0176229 0.0929041 0.217225 -0.00234148 0.0701596 0.018369 -0.00250532 -0.00316965 0.00134495 0.0150854 0.000405055 8.73636e-06 0.00357603 0.00401547 0.000250283 0.0025816 0.000685165 0.00061446 0.0113508 -0.000540585 0.00193605,800,0,cuda,1.21,6.64
test,2968,samoyed_89,samoyed,dog,correct,samoyed,kernel,29,0.962044,27,0.740135,0.980551,0.240416,0.159319,0.845728,0.0,,0.592491,0.666667,0.0061526 -0.0430595 0.00159651 0.0133695 0.0121817 0.00265626 0.0420344 0.0571149 0.261778 0.0554692 -0.00676874 0.0575014 -0.00585936 0.0387946 0.0239322 -0.0110617 0.272361 0.0980328 0.00820112 -0.00239183 -0.00593131 0.0121374 0.0127152 0.0235014 0.00440829 0.014187 -0.00174477,800,0,cuda,1.58,6.24
test,2968,samoyed_89,samoyed,dog,correct,samoyed,partition,29,0.962044,27,0.740135,0.980084,0.239949,0.172958,0.830068,0.0,,,,-0.0194525 -0.00665553 0.00266081 0.042546 -0.00749761 -0.0193144 0.0506466 0.0472027 0.220057 0.0180605 0.00302412 0.0371495 0.00960356 0.0660268 0.0486484 0.00220129 0.270806 0.112914 0.00743806 0.0115404 0.0014195 0.0211184 0.00234006 0.00728681 0.00563107 0.00372577 0.00218099,800,0,cuda,1.26,6.24
test,776,Bombay_8,Bombay,cat,correct,Bombay,kernel,7,0.806241,40,0.228735,0.448035,0.219301,0.045662,0.385585,0.0,,0.698968,0.25,0.0346108 -0.00278717 0.0237317 0.0381447 0.0130189 -0.000324797 0.0256401 0.0304313 0.0156046 0.0311496 0.108237 -0.0039255 -0.0127361 0.053057 0.0459733 0.0311937 -0.0129942 0.00972673 0.00825962 -0.00704965 0.0105537 -0.00131151 0.0290773 0.0225264 0.0401043 -0.0112926 0.0383147 0.00067478 0.0262616 0.0387521 0.0149718 0.0511273 0.0244739 0.037577 0.020165 0.0167896 0.0209795 -0.0261157 -0.0214736 0.0178616,800,0,cuda,1.67,6.51
test,776,Bombay_8,Bombay,cat,correct,Bombay,partition,7,0.806241,40,0.228735,0.695903,0.467168,0.055312,0.37149,0.0,,,,0.0230483 0.0147568 0.0111492 0.0503588 0.0588389 0.0379865 0.0589882 0.0177517 0.0058167 0.0705588 0.160615 0.00611739 -0.0211552 0.0514093 0.0749699 0.0438941 0.0402137 -0.00441858 -0.00933097 -0.00422326 0.00223769 -0.0105989 0.00868316 -0.0221717 0.00128774 -0.00444034 0.0161888 -0.00101945 0.015292 0.0115828 0.00141454 0.0327222 0.00788974 0.00354083 0.0236703 0.00213485 -0.000303397 -1.69068e-05 0.00172656 0.00181356,800,0,cuda,1.3,6.51
test,1052,chihuahua_70,chihuahua,dog,correct,chihuahua,kernel,10,0.999998,35,0.651128,0.996254,0.345125,0.106417,0.605206,0.0,,0.586415,0.269841,0.00336173 0.0120985 -0.0178638 -0.00178057 0.00317928 0.0554116 0.0570945 0.00617719 0.0261231 0.0693159 0.00137915 0.00559492 0.00398641 0.0522474 0.0211079 0.0934384 -0.028297 0.104061 0.0157654 -0.00426118 0.0615437 0.125409 0.0632068 0.0247235 0.0590753 0.0212585 0.0112784 0.00108331 0.0279015 -0.0015476 0.0183423 0.0254894 0.0355049 0.00322191 0.0371956,800,0,cuda,1.35,6.31
test,1052,chihuahua_70,chihuahua,dog,correct,chihuahua,partition,10,0.999998,35,0.651128,0.904163,0.253035,0.365865,0.465994,0.0,,,,0.00276704 0.00614932 0.0256714 0.107394 0.00833395 0.0527217 0.0545997 0.023035 0.04563 0.111034 0.00670222 0.00946869 0.000851761 0.0383499 0.0408097 0.016689 0.00592498 0.0243798 0.00606311 0.0174262 0.0436656 0.040144 0.0110296 0.0459573 0.0422918 0.0787068 0.00146109 0.000397726 0.000142815 -0.000131075 0.00856257 0.00652926 0.096619 0.01236 8.72861e-05,800,0,cuda,1.39,6.31
test,3362,Sphynx_82,Sphynx,cat,correct,Sphynx,kernel,33,0.998732,36,0.737703,0.986734,0.24903,0.356277,0.892907,0.0,,0.674646,0.666667,0.0128222 0.0136084 0.00182381 0.0291288 0.0147473 -0.00288587 -0.00988075 0.0106935 0.0383562 0.14994 0.05381 0.205506 -0.000261039 -0.0174759 -0.0400033 0.0191397 -0.00809245 0.0551017 0.0162211 -0.00562557 0.008583 0.113118 0.0407712 -0.0191181 0.0746304 -0.0169738 0.0350753 0.0224574 0.0657995 0.0249597 -0.0136253 0.0151126 0.0399785 -0.00547583 0.0486933 -0.00460622,800,0,cuda,1.65,6.67
test,3362,Sphynx_82,Sphynx,cat,correct,Sphynx,partition,33,0.998732,36,0.737703,0.985334,0.247631,0.499643,0.878835,0.0,,,,0.00518347 0.0188134 0.00509489 0.0106549 0.00274812 0.00258075 0.0195434 0.00708344 0.0226058 0.172107 0.0730196 0.0907754 0.0106257 0.027282 0.00151147 0.0321592 0.00601776 0.0123781 0.0134784 0.00148664 0.0122172 0.0757225 0.0108584 0.0646414 0.0403275 0.0391186 0.000724817 0.0531553 0.0360698 0.0210192 0.000791513 0.00103977 0.0545619 0.00521189 0.0155923 -0.000148462,800,0,cuda,1.25,6.67
test,1892,leonberger_200,leonberger,dog,correct,leonberger,kernel,19,0.521359,38,0.217534,0.864698,0.647164,0.023727,0.418862,0.0,,0.78269,0.833333,0.00361068 0.00847774 -0.0294925 0.00877978 0.016713 -0.0142888 0.0274847 0.00138257 0.0118791 0.00229148 0.0162142 -0.00184297 0.0324405 0.0128395 -0.00713777 -0.0194562 -0.034229 -0.0103983 0.034226 0.1107 0.0133112 0.181672 0.00871586 -0.0113585 0.0638108 0.0104505 0.0367388 0.00447833 0.0470277 -0.00560701 0.0425893 0.0193716 -0.00821887 -0.0169425 -0.0293944 0.00249167 0.0098128 -0.0212194,800,0,cuda,1.72,6.9
test,1892,leonberger_200,leonberger,dog,correct,leonberger,partition,19,0.521359,38,0.217534,0.593505,0.37597,0.038815,0.353997,0.0,,,,0.00349507 0.00195036 0.00685406 0.00392716 0.0311427 0.00100478 0.0115355 0.00520586 0.00368043 0.00390049 0.0100772 -0.00775554 0.0328169 0.00085356 0.0599176 0.000619037 0.00251527 0.00206678 0.0111756 0.0379332 0.031033 0.174691 0.0664317 -0.00183838 0.0462671 0.0107138 0.0265837 -0.00656855 0.00439939 0.00151936 -0.00692866 -0.00771063 -0.0145577 -0.0257113 0.00519034 -0.00946295 0.00336927 -0.00241342,800,0,cuda,1.24,6.9
test,2034,Maine_Coon_50,Maine_Coon,cat,correct,Maine_Coon,kernel,20,0.967217,36,0.14493,0.417633,0.272703,0.092509,0.82495,0.0,,0.604762,0.833333,0.000523932 0.0532758 0.0357694 0.00748917 0.0286694 -0.000904224 0.24283 0.0201103 0.0357818 -0.000411217 0.417862 0.0318482 0.025358 0.00852979 -0.0160402 0.027844 -0.00517327 0.00492306 0.00570804 -0.000806635 -0.00246677 -0.00555174 0.0129034 0.00327911 0.000932047 -0.00646395 -0.0150338 0.0118714 -5.64048e-05 0.000608276 0.00367605 -0.0115391 0.0080989 -0.00890762 0.00458601 0.0228639,800,0,cuda,1.72,6.48
test,2034,Maine_Coon_50,Maine_Coon,cat,correct,Maine_Coon,partition,20,0.967217,36,0.14493,0.700491,0.555562,0.089268,0.799791,0.0,,,,-0.00985247 0.038462 0.0130337 -0.00200801 0.0347351 0.0158925 0.0926078 0.0464112 0.0461086 0.0126515 0.399804 0.0850562 0.0685085 -0.00535319 0.0548695 0.00240858 0.00295652 0.00694669 0.00191605 0.00898476 0.00204458 0.00115185 0.00296846 0.00363876 0.00451584 0.000889503 0.00124972 0.000553198 0.00213499 0.0013625 0.000774356 0.00214047 0.000710132 0.0016365 0.00133174 0.000745438,800,0,cuda,1.21,6.48
test,1934,leonberger_58,leonberger,dog,correct,leonberger,kernel,19,0.980184,45,0.532007,0.642952,0.110944,0.036955,0.268227,0.0,,0.408564,0.25,0.0232043 0.0293212 0.0224796 0.0567351 0.0760047 -0.00668251 -0.0473993 0.133143 0.00460545 -0.0115457 0.0316624 0.0413255 -0.0409083 0.0356748 -0.00687154 0.0335054 0.0422043 0.0626225 -0.00571896 0.15983 -0.0168658 0.0658934 -0.0103326 0.0825643 0.0169772 -0.0216797 -0.0114671 0.0195927 0.0238633 0.0679942 0.0383155 0.0405594 -0.00405246 0.0190404 -1.759e-05 0.0621296 -0.0172847 -0.00688148 -0.0164197 0.00184086 -0.0285664 -0.00429562 0.0144435 0.02608 0.00212506,800,0,cuda,1.41,6.55
test,1934,leonberger_58,leonberger,dog,correct,leonberger,partition,19,0.980184,45,0.532007,0.987566,0.455559,0.102073,0.331369,0.0,,,,0.00985031 0.00880226 0.000205872 0.0135995 0.0263557 0.0198727 -0.00124942 0.0387903 0.0344923 0.0240641 0.0743587 0.0572416 0.0109517 0.00983141 0.00589791 0.0203785 0.00917365 0.0393715 0.0194482 0.0743967 0.00421264 0.0988459 0.00843169 0.0408633 0.00376955 0.0571518 0.00501856 0.0389832 0.00649067 0.000343376 0.0122868 0.0276922 0.00592614 0.0192589 0.00936521 0.0334537 0.0362495 0.00485907 0.0131841 0.00570412 0.0155101 0.0144187 0.00322259 0.00455073 0.0111222,800,0,cuda,1.24,6.55
test,1503,great_pyrenees_29,great_pyrenees,dog,correct,great_pyrenees,kernel,15,0.905658,31,0.785914,0.987605,0.201692,0.052306,0.607915,0.0,,0.839718,0.833333,0.000711116 0.0326817 0.128118 0.1448 0.0366909 0.024957 0.0559319 0.0996928 0.0649186 0.0546653 0.00892983 0.0480989 0.0224679 0.0174785 0.038733 -0.00629017 0.0312945 0.0102086 -0.0114685 0.0106583 0.00578972 0.0305183 0.0410817 0.0117671 0.0289386 0.00876026 -0.0071403 -0.022812 -0.0198401 0.0111848 -0.00136228,800,0,cuda,1.51,6.76
test,1503,great_pyrenees_29,great_pyrenees,dog,correct,great_pyrenees,partition,15,0.905658,31,0.785914,0.98875,0.202837,0.069439,0.641936,0.0,,,,0.0372893 0.00770497 0.0965481 0.154038 0.0225769 -0.0462227 0.0642489 0.243718 -0.0021025 0.0993851 0.151919 0.044412 0.0201091 -0.00607099 0.0366299 -0.00659354 0.00263679 -0.00240183 -0.00909311 0.00111705 -0.00196721 0.0166604 0.000400307 -0.0071597 -0.00389052 -0.000187493 -0.00501822 -0.00350232 -0.000695019 -0.00203543 -0.00229001,800,0,cuda,1.45,6.76
test,3496,wheaten_terrier_34,wheaten_terrier,dog,wrong,scottish_terrier,kernel,30,0.752626,45,0.286771,0.827526,0.540755,0.020207,0.820001,0.0,,0.652635,0.666667,0.0226906 0.0113199 -0.00199868 0.00116416 4.89376e-06 0.0390368 0.0176903 0.271985 0.00935384 -0.0219127 -0.000535507 0.0146494 0.000162824 0.305747 0.163443 0.0176694 0.00914068 0.000709227 -0.0195963 -0.0121022 -0.0126989 -0.004925 0.0044994 0.00140496 -0.00238507 -0.0238373 -0.0130742 -0.00547807 0.00991853 0.0145059 -0.00975109 -0.00843456 0.00616655 0.00169496 -0.0398616 -0.00178874 0.0124196 -0.0207037 -0.00603652 0.00922544 0.00550603 -0.00822965 0.0155059 -0.0124918 0.00486745,800,0,cuda,1.44,6.78
test,3496,wheaten_terrier_34,wheaten_terrier,dog,wrong,scottish_terrier,partition,30,0.752626,45,0.286771,0.599552,0.312781,0.033995,0.827508,0.0,,,,0.0236607 0.0140929 0.0080834 0.0124509 0.00202072 0.012194 0.039681 0.270837 0.00175586 0.0674332 0.015113 0.00580712 0.00468246 0.171377 0.144993 0.00884378 0.00914178 0.00354819 0.0228673 -0.00268533 -0.0065664 0.000344948 -0.0089512 -0.00398695 0.00243332 -0.0100971 -0.0135662 -0.000665761 -0.00308358 -0.00732656 -0.00820562 0.000835851 -0.000531403 -0.00166418 -0.0128208 -0.000160138 0.000192297 -0.01398 0.00014442 2.53121e-05 -9.31638e-05 0.000291401 0.000160182 -0.00322318 -0.000763045,800,0,cuda,1.37,6.78
test,2454,pomeranian_76,pomeranian,dog,correct,pomeranian,kernel,24,0.999185,39,0.65045,0.991721,0.341271,0.024971,0.885794,0.0,,0.497773,0.666667,0.0127003 -0.00657376 0.0266613 -0.000351336 -0.0103605 0.0231127 -0.0103735 -0.00692712 0.00335115 -0.0138712 0.423415 0.086112 0.117166 -0.00193201 0.0836699 0.00209091 0.0145255 -0.0168957 0.127999 0.0832542 -0.00324359 0.034971 0.00184787 -0.0107879 -0.00916149 0.0276273 0.00353627 0.0131489 0.008303 0.0112473 -0.00545395 0.0274016 -0.0163464 -0.00406682 -0.0178453 -0.00589167 -0.00703519 0.000934793 0.00544822,800,0,cuda,1.43,6.86
test,2454,pomeranian_76,pomeranian,dog,correct,pomeranian,partition,24,0.999185,39,0.65045,0.991975,0.341524,0.028018,0.823015,0.0,,,,0.0042743 -0.00149094 0.0193274 0.00340409 -0.00473808 0.00255644 0.038097 -0.00141485 0.00379809 0.0274685 0.316589 0.0175028 0.223721 -0.00057712 0.071088 0.000839644 0.0106762 -0.000402 0.104547 0.140961 -8.89487e-05 0.014944 -0.000154089 -0.000237472 -0.000159712 -0.000100481 0.000154642 -0.000113886 -0.00125566 0.000346234 0.000657522 0.000259 0.000310307 -1.78337e-05 -4.26399e-05 0.000253932 -2.37693e-05 0.000456881 -9.43183e-06,800,0,cuda,1.28,6.86
test,1427,german_shorthaired_50,german_shorthaired,dog,correct,german_shorthaired,kernel,14,0.999692,34,0.191247,0.54946,0.358213,0.142057,0.899593,0.0,,0.53369,0.547619,0.0224413 0.0285997 0.0274717 0.0354885 -0.0410136 0.00271488 0.0295111 -0.0166055 0.112743 0.0171269 0.0217745 0.0471144 0.00767347 -0.00144027 0.0210167 0.505868 0.0728762 0.0123437 -0.0262788 0.00716204 0.0157594 0.009994 -0.00876726 0.000788657 0.00324744 0.0219969 0.00252024 -0.00355494 0.025735 0.0149135 -0.0176762 0.015415 -0.0173617 0.0201735,800,0,cuda,1.47,6.46
test,1427,german_shorthaired_50,german_shorthaired,dog,correct,german_shorthaired,partition,14,0.999692,34,0.191247,0.620195,0.428948,0.167935,0.908519,0.0,,,,0.0206058 0.029349 0.000483534 0.000133087 8.29603e-05 0.0416784 0.0010109 0.0116526 0.0856626 0.00047862 0.0276856 0.0873043 0.000952363 0.0204004 0.00312535 0.469109 0.0936398 0.0107681 0.00117127 0.00186995 0.0305266 0.00333704 0.00201208 0.00363314 -0.000965439 0.00653275 0.000703872 0.00299789 0.000451588 0.00605815 0.00307364 0.00141248 0.000641891 0.00219155,800,0,cuda,1.32,6.46
test,836,boxer_55,boxer,dog,correct,boxer,kernel,8,0.919337,36,0.582809,0.866103,0.283294,0.051034,0.6769,0.0,,0.796525,1.0,0.0768447 -0.0190167 0.0203866 -0.0278182 -0.00989075 0.315525 0.051399 0.0074901 0.0176916 0.0830637 0.0262911 0.0238514 0.00392615 0.0471956 0.0233922 0.0161092 0.130714 0.0196066 -0.0297954 -0.00114856 0.0957568 0.0121838 -0.0239659 -0.000584089 0.0366156 0.00814692 0.0237113 -0.0162062 0.0180269 -0.0601075 -0.00806964 -0.0165521 0.0155881 0.014115 0.0306759 0.00391507,800,0,cuda,1.39,6.28
test,836,boxer_55,boxer,dog,correct,boxer,partition,8,0.919337,36,0.582809,0.466741,-0.116068,0.083411,0.583282,0.0,,,,0.0983006 0.00893618 0.0800834 0.01055 0.0111783 0.217196 0.0347543 0.00480669 0.019283 0.0313209 0.0323909 0.0402735 0.0240385 0.0215435 0.0226545 0.0170428 0.127369 0.00117389 -0.0533535 -0.0254886 0.0468413 0.0486066 -0.00127288 0.000660791 -0.017781 0.0168228 0.00829559 0.00199637 0.00660095 0.020079 0.00908106 0.00131385 0.0189517 0.0130114 0.00887801 0.00292756,800,0,cuda,1.19,6.28
test,2909,samoyed_35,samoyed,dog,correct,samoyed,kernel,29,0.999711,45,0.813297,0.985859,0.172561,0.17481,0.790384,0.0,,0.570619,0.547619,-0.0150747 -0.024131 0.00382017 -0.018699 -0.0454129 -0.000608101 2.52031e-05 0.0102171 0.0860468 0.0911152 0.0482264 0.0846705 0.110005 0.092469 0.010465 0.0217418 0.0514871 -0.00254619 0.0231207 0.0708728 0.0736055 0.0383977 0.0532315 0.0234689 0.0267693 0.0231571 0.0326979 0.0033674 0.0109983 -0.0205374 0.00335987 0.00532814 0.0192668 -0.00381097 0.0188212 0.00411635 0.00953256 -0.0182164 0.0107035 -0.0286794 0.0298006 0.0163946 0.0142146 0.00427967 0.0308971,800,0,cuda,1.5,6.41
test,2909,samoyed_35,samoyed,dog,correct,samoyed,partition,29,0.999711,45,0.813297,0.989958,0.17666,0.179329,0.804482,0.0,,,,0.00208786 0.00088622 -0.000186762 -0.0012016 -0.000559827 0.0103448 0.0138237 0.0133502 0.0933567 0.0798925 0.0236971 0.0800421 0.122768 0.0928177 0.00913017 0.0203991 0.0695121 0.030441 0.0418384 0.083275 0.0686173 0.0491619 0.0485064 0.000641584 0.00537587 0.00179011 0.000296233 0.000713637 0.000815281 0.00222213 0.00194193 0.000168843 0.00137089 0.00333032 0.000704202 0.00246522 0.000301521 0.00011011 0.000616375 0.00157523 0.000832426 0.000134285 0.000477289 0.000605572 0.000486639,800,0,cuda,1.28,6.41
test,3252,Siamese_73,Siamese,cat,correct,Siamese,kernel,32,0.998409,32,0.534319,0.901181,0.366862,0.182195,0.748353,0.0,,0.695381,0.666667,0.0656874 0.00587299 0.0305821 0.0176857 0.121056 0.181885 -0.0158921 -0.0214549 -0.00114923 0.0556661 -0.0135162 0.022835 0.0382778 0.0619112 0.00367002 0.0378127 0.0556353 0.0297112 0.00662306 0.0174451 0.0385078 0.0303314 0.00609902 0.109979 0.00846407 0.0246693 0.0268213 -0.0107866 -0.0199143 0.0194258 0.0247865 0.024912,800,0,cuda,1.46,6.35
test,3252,Siamese_73,Siamese,cat,correct,Siamese,partition,32,0.998409,32,0.534319,0.75155,0.217231,0.198205,0.645822,0.0,,,,0.0503383 0.0497598 0.00878965 0.0270713 0.160901 0.246992 0.0290146 0.0116986 -0.00377356 0.091467 0.00377576 0.00177723 0.100873 0.150565 0.0017111 0.00363938 0.0159796 0.00257362 0.000207576 0.00386716 0.00421701 0.00330093 -0.000377484 0.0104135 0.0052031 0.00278384 0.00049919 0.00186893 -0.000789231 4.85595e-05 -0.000602945 -0.000154272,800,0,cuda,1.49,6.35
test,1990,Maine_Coon_244,Maine_Coon,cat,wrong,Ragdoll,kernel,26,0.760486,33,0.834821,0.996472,0.16165,0.067039,0.564119,0.0,,0.81367,1.0,0.00360793 -0.0141174 -0.0218003 -0.00818457 0.00129497 -0.0119428 -0.0111946 0.0324591 -0.0319049 0.0254139 -0.0136537 0.0347674 0.0273906 0.010591 0.118447 0.0236356 -0.0178077 0.00784258 0.0231365 0.0197822 0.0219434 -0.00900328 0.00439159 0.182094 -0.0230108 0.134778 0.103194 0.0125655 0.0280265 -0.00432002 0.04545 0.0518799 -0.00285792,800,0,cuda,1.54,6.42
test,1990,Maine_Coon_244,Maine_Coon,cat,wrong,Ragdoll,partition,26,0.760486,33,0.834821,1.0,0.165179,0.076135,0.644618,0.0,,,,0.00265062 -0.00331016 -0.00331721 -0.00432748 0.00562918 -0.000809514 -0.00024163 0.000845135 0.000242889 -0.00588443 -0.00642896 -0.0222517 -1.0066e-05 -0.0182601 0.0281904 0.0102229 -0.00867025 0.0111394 0.0382554 0.0433754 0.0188764 0.0150676 0.0247871 0.308794 -0.000228719 0.141742 0.100212 -0.000818838 0.00827857 0.0042865 0.0189896 0.0361366 -0.000268742,800,0,cuda,1.29,6.42
test,3524,wheaten_terrier_5,wheaten_terrier,dog,correct,wheaten_terrier,kernel,35,0.995716,29,0.519412,0.788487,0.269075,0.308778,0.898463,0.0,,0.825123,0.833333,0.00135945 0.0894118 0.0355356 0.00860692 0.0453931 0.0552043 0.0222416 -0.0167406 0.0760643 0.182319 0.0289934 0.0999565 0.140996 0.0681137 0.0868074 0.00885896 0.0308847 0.014455 0.0416749 0.0191061 0.000300992 -0.00578375 -0.0156153 0.00124446 -0.0288892 0.0120105 0.00297595 -0.0127754 -0.0179315,800,0,cuda,1.49,6.57
test,3524,wheaten_terrier_5,wheaten_terrier,dog,correct,wheaten_terrier,partition,35,0.995716,29,0.519412,0.818166,0.298755,0.368959,0.841641,0.0,,,,0.0300881 0.146768 0.0165549 0.0384937 0.0448814 0.0382665 0.081731 0.00901411 0.0945343 0.114485 0.0506467 0.0309796 0.0604377 0.0239341 0.0743833 0.0379938 0.0765289 0.00175434 -9.31352e-05 0.00176214 0.00021829 -7.43574e-05 8.08565e-05 0.000441747 -0.000284295 0.000793919 0.000161887 0.000358628 -6.22649e-05,800,0,cuda,1.29,6.57
test,2287,Persian_239,Persian,cat,correct,Persian,kernel,23,0.980325,41,0.790019,0.989089,0.19907,0.091492,0.807277,0.0,,0.600436,1.0,0.0922864 0.0282236 0.0398654 -0.00181019 0.0227547 0.0917079 0.0452298 -0.00842922 0.0803534 0.0329442 0.0274139 0.00545745 0.0210609 0.204747 0.00348967 0.289077 0.00421978 -0.002973 -0.011835 -0.00322494 -0.00451959 -0.0158559 0.033288 0.0149538 0.00567846 -0.0158459 0.00466443 -0.00400721 0.0161148 -0.0134649 -0.0134662 -0.00208621 -0.00195641 0.002107 -0.014283 0.00846711 -0.0142095 0.0123404 -0.0164435 0.0316245 -0.0120963,800,0,cuda,1.48,6.24
test,2287,Persian_239,Persian,cat,correct,Persian,partition,23,0.980325,41,0.790019,0.989089,0.19907,0.109833,0.674979,0.0,,,,0.106169 -0.00131257 0.00647748 0.00207414 0.00733894 0.0367256 0.0360138 0.00258108 0.0855986 0.00937957 0.0102713 0.0219591 0.00280702 0.298306 0.00188521 0.300823 0.000777171 0.00726652 -0.00278934 -0.00107468 0.00259064 0.00580167 0.00216659 0.00104463 0.000927455 0.00194724 0.00543974 0.000988506 0.00792062 0.000618843 0.00196765 -0.000609633 -0.000937787 0.00129083 0.000348988 0.00423979 -0.00137107 -0.00252377 -0.000493516 0.00100632 -0.00207862,800,0,cuda,1.25,6.24
test,1898,leonberger_25,leonberger,dog,correct,leonberger,kernel,19,0.960292,37,0.728695,0.995295,0.2666,0.06468,0.555965,0.0,,0.663585,0.666667,0.00391693 0.00871393 -0.000861222 -0.00356146 0.00658247 -0.0123471 0.0275751 0.0106111 0.0819067 0.0038574 0.0288102 0.0148089 0.079023 0.109971 0.0612059 0.00387261 0.00174547 0.131829 0.0949822 0.0888035 -0.0196824 -0.00415834 0.0230551 0.00832374 -0.00925373 0.00732972 0.0606443 0.0183079 0.0121275 0.0112612 -0.000466196 0.0344299 0.00896745 0.0251637 -0.00218889 0.00121538 0.0403341,800,0,cuda,1.39,6.7
test,1898,leonberger_25,leonberger,dog,correct,leonberger,partition,19,0.960292,37,0.728695,0.996604,0.267909,0.07136,0.656525,0.0,,,,-0.00224287 0.00663296 0.0116128 0.000703078 0.00481483 0.00738713 0.0292158 0.00777201 0.109744 0.00681267 0.0770289 0.018686 0.0870949 0.109664 0.0475401 0.0266722 0.0518831 0.180761 0.0942902 0.0361244 0.0106018 0.00300311 -0.000239669 -0.000962653 -0.0107249 -0.00755555 0.00555444 0.000644804 0.0117818 0.00583912 0.0036276 0.00824344 0.000522881 0.00290028 0.0051532 0.0048767 0.00139239,800,0,cuda,1.52,6.7
