split,position,image,true_breed,species,group,predicted_name,method,label,p_label,num_segments,area,overlap,excess,deletion,insertion,additivity,fit_r2,seed_rho,seed_jac,weights,num_samples,seed,device,runtime_s,total_s
test,775,Bombay_89,Bombay,cat,correct,Bombay,kernel,7,0.999902,27,0.744121,0.9911,0.246979,0.318434,0.888298,0.0,,0.888584,1.0,0.00330606 0.000819003 -0.00855676 -0.00431238 -0.0209635 0.0316086 0.0303604 -0.0127088 0.109541 0.110082 -0.00181723 0.0216735 0.331926 -0.0243542 0.0125203 0.0894684 0.0123509 0.0205976 0.138284 -0.00383144 0.0335294 0.0178392 0.0024212 0.0313777 0.0165057 0.013232 -0.000299754,800,0,cuda,2.0,15.54
test,775,Bombay_89,Bombay,cat,correct,Bombay,partition,7,0.999902,27,0.744121,0.9911,0.246979,0.356121,0.885599,0.0,,,,-0.0135622 0.0191968 -0.0247636 -0.00636912 -0.00698797 0.0294979 -0.00259708 0.0337531 0.128919 0.074277 0.0204255 0.0457449 0.205655 0.00633199 0.0109601 0.0920206 -0.00352623 0.044166 0.173841 0.00541068 0.0171561 0.0522666 0.0183445 0.00750916 0.00979517 0.00894401 0.00418911,800,0,cuda,8.76,15.54
test,117,american_bulldog_25,american_bulldog,dog,correct,american_bulldog,kernel,1,0.999984,32,0.670261,0.686828,0.016567,0.353866,0.83679,0.0,,0.593842,0.666667,-0.000645158 0.017662 0.0865848 0.0789471 0.0105663 0.067951 0.130072 -0.0106588 0.0661181 -0.0262387 0.028238 0.0185366 0.0345066 0.0390282 0.17677 0.0651147 0.0373433 -0.0207918 0.0587373 0.023136 0.0101393 0.00912592 0.0245292 -0.00780291 0.00565073 0.0352811 0.0213055 -0.0153853 0.00357036 0.0173102 -0.0157576 0.0215808,800,0,cuda,1.84,7.89
test,117,american_bulldog_25,american_bulldog,dog,correct,american_bulldog,partition,1,0.999984,32,0.670261,0.816067,0.145807,0.303022,0.862358,0.0,,,,0.00346364 0.0162428 0.0761509 0.124079 0.0365022 0.0371974 0.097749 0.0761793 0.0649875 0.0107914 0.0273561 0.00793688 0.0561992 0.0605865 0.0874577 0.0219225 0.00189567 0.00197119 0.0244231 0.00110534 0.00410021 0.0231299 0.00161815 0.0144376 0.00282163 0.0138682 0.0198275 0.0158894 0.0420865 0.00903564 0.00248824 0.00702431,800,0,cuda,1.77,7.89
test,1646,havanese_68,havanese,dog,correct,havanese,kernel,16,0.972858,38,0.637735,0.989504,0.351769,0.074306,0.570687,0.0,,0.668673,0.666667,-0.00721926 -0.0104652 0.01335 0.00581717 0.0181187 0.0708509 -0.00955514 0.0129935 0.0489286 -0.000886454 0.0329165 0.0343713 0.0371427 0.00553362 0.180419 0.12654 0.121105 0.100135 -0.00477089 0.0167989 0.0264321 0.00457184 0.0170688 -0.0208855 0.0395679 0.0065641 0.017598 0.0248871 0.0141252 -0.0172976 -0.0115476 0.0167794 0.0224794 0.01863 -0.00297187 -0.0144617 0.0137759 0.0225309,800,0,cuda,1.93,8.15
test,1646,havanese_68,havanese,dog,correct,havanese,partition,16,0.972858,38,0.637735,0.997425,0.35969,0.074281,0.637194,0.0,,,,0.0178847 0.0145267 0.0140511 0.0036419 0.0573538 0.0467858 0.000218298 0.0544388 0.0657026 0.0187589 0.0308653 0.0742092 0.0273258 0.0354076 0.0868029 0.161868 0.0675619 0.071411 0.0334966 0.0100324 0.0139103 0.0105789 0.016042 0.00109156 0.00124022 0.0101458 0.0111811 0.00235942 0.00125334 0.0140464 0.000156993 -0.00283034 0.00394167 -0.00118328 -0.00255801 0.000115006 -0.000322826 -0.00154027,800,0,cuda,1.8,8.15
test,3406,staffordshire_bull_terrier_43,staffordshire_bull_terrier,dog,correct,staffordshire_bull_terrier,kernel,34,0.658663,36,0.543726,0.621728,0.078002,0.073495,0.408357,0.0,,0.865637,0.666667,0.0738432 0.00173337 0.0258518 -0.00957032 0.0430552 0.0061914 0.0539261 0.0208081 -0.00210866 0.0419638 0.0162221 -0.00138893 0.0374292 -0.0623344 -0.00286308 0.0197959 0.0208454 0.00535636 -0.00422031 0.0204959 0.00704235 0.0504029 0.0707263 0.074365 -0.0167708 0.0275265 -0.0252246 0.00707385 -0.00328228 0.00995005 0.10466 -0.0106276 0.0329333 0.00187253 0.0203455 -0.00338774,800,0,cuda,1.98,8.17
test,3406,staffordshire_bull_terrier_43,staffordshire_bull_terrier,dog,correct,staffordshire_bull_terrier,partition,34,0.658663,36,0.543726,0.642026,0.0983,0.079396,0.335599,0.0,,,,0.0346566 0.00216911 0.00454893 0.000492164 0.0189446 0.00125788 0.0332254 0.0149129 0.00823084 0.065555 0.00226836 0.0239534 0.0229975 0.0051765 0.00792115 0.00808287 0.0121474 0.00761757 0.012397 0.0242505 0.0125141 0.0231599 0.0464331 0.091817 0.0174289 0.0121941 0.00224973 0.00846354 0.0039995 0.00262833 0.0718448 0.0225844 0.00850851 0.00630304 0.0070797 0.00462376,800,0,cuda,1.74,8.17
test,2118,miniature_pinscher_43,miniature_pinscher,dog,correct,miniature_pinscher,kernel,10,0.974207,35,0.104432,0.434618,0.330185,0.022143,0.889094,0.0,,0.637255,0.833333,0.00967671 0.0035306 0.0145542 -0.0135948 0.00425865 0.0792768 -0.00487189 -0.000309952 0.0756805 0.0207761 -2.7162e-05 0.0318472 -0.00536792 0.00469974 0.000801871 0.342636 0.0203958 -0.00156152 0.00951647 0.00934554 0.374191 -0.0165246 0.00585056 0.0305538 0.0130865 -0.0116899 -0.0122047 0.016879 -0.00155247 -0.0238943 -0.00195682 0.00153983 0.000338886 -0.0159277 -0.0282449,800,0,cuda,1.94,8.08
test,2118,miniature_pinscher_43,miniature_pinscher,dog,correct,miniature_pinscher,partition,10,0.974207,35,0.104432,0.434618,0.330185,0.015331,0.872033,0.0,,,,-0.0010883 -0.00588554 -0.00159647 -0.00384328 -0.0023054 0.0833025 -0.00283989 -0.00274679 0.220533 -0.0123907 -0.000695411 0.120459 0.000322587 -3.94171e-05 -0.001204 0.256179 0.0403549 0.000476131 -0.0163598 0.0470865 0.173364 -0.00196416 0.000580376 0.0111757 0.0144498 -0.00075261 4.69139e-05 0.051011 0.000881717 -0.000684807 -0.0039572 -0.000279929 -0.00622528 -0.00881531 -0.0148414,800,0,cuda,1.75,8.08
test,2668,Ragdoll_89,Ragdoll,cat,correct,Ragdoll,kernel,26,0.999934,33,0.825016,0.9999,0.174884,0.260289,0.646089,0.0,,0.491811,0.458333,-0.0162112 0.00522178 0.025031 0.0378911 -0.0205448 0.0383297 0.0278584 0.00990704 0.0982643 0.0194879 0.00466476 0.012915 -0.0103302 0.0256427 -0.00820368 0.116763 0.0806024 0.0642112 0.0504869 -0.0213152 0.064436 0.0926126 0.012694 -0.00197655 0.052427 0.0387575 0.0121145 0.0419071 0.105048 0.0257762 -0.0408818 0.063053 -0.0152158,800,0,cuda,1.96,8.1
test,2668,Ragdoll_89,Ragdoll,cat,correct,Ragdoll,partition,26,0.999934,33,0.825016,0.953595,0.128579,0.359198,0.642042,0.0,,,,0.00361337 0.00654366 0.00971562 0.0224119 0.00817493 0.0436388 0.0022649 0.0216222 0.0401653 0.00171573 0.0131949 0.0146083 0.0269237 0.00900085 0.00464063 0.0894232 0.0358911 0.0242476 0.0192127 0.0133574 0.0321607 0.108099 0.0468824 0.0184901 0.0249871 0.0327909 0.0133001 0.0853654 0.108157 0.0330428 0.00494339 0.059853 0.0129866,800,0,cuda,1.72,8.1
test,598,Birman_191,Birman,cat,correct,Birman,kernel,6,0.998491,30,0.588329,0.977674,0.389345,0.183058,0.952299,0.0,,0.630923,1.0,0.00748534 0.0106242 -0.00179513 -0.000774162 0.00335918 0.0154597 0.0194397 0.00571303 0.0812563 -0.00810724 0.325632 0.0609773 0.11773 0.30008 0.00279946 0.0152756 0.0125109 -0.0067224 -0.00704039 -0.00623946 -0.00821852 0.00780785 0.00284101 0.00679638 0.00361511 0.00164131 -0.00177221 -4.9376e-05 0.0112382 0.00820362,800,0,cuda,1.92,8.04
test,598,Birman_191,Birman,cat,correct,Birman,partition,6,0.998491,30,0.588329,0.977674,0.389345,0.276846,0.940005,0.0,,,,0.00168312 0.0241094 0.00637054 0.0175789 0.00744654 0.013655 0.0298582 0.0275339 0.136523 0.0251187 0.202262 0.178967 0.0916735 0.112476 0.00807098 0.0366306 0.0285112 0.00335349 0.00237604 -0.00801426 -0.00364964 0.0149097 0.00949657 -0.000454859 0.00526598 0.00933387 -0.00137665 0.00304152 -0.00246927 -0.000513831,800,0,cuda,1.89,8.04
test,3562,wheaten_terrier_94,wheaten_terrier,dog,correct,wheaten_terrier,kernel,35,0.99934,38,0.477978,0.986951,0.508973,0.275878,0.929455,0.0,,0.609257,0.666667,0.0107556 0.0186855 0.0309914 -0.0152034 -0.0213189 0.0287289 -0.0371897 -0.000212479 -0.0177029 0.00940644 0.0124903 0.00338815 0.139113 -0.0184934 0.0345753 0.0123164 0.0514989 0.0015007 -0.00497428 0.0647347 0.0254532 -0.0118816 0.0444271 0.154652 0.0424405 0.00531809 -0.0121042 0.291039 -0.00316964 0.00463922 -0.0129111 -0.011582 0.0612663 0.0121402 0.0531798 -0.00742767 0.0121214 0.0205487,800,0,cuda,1.83,8.0
test,3562,wheaten_terrier_94,wheaten_terrier,dog,correct,wheaten_terrier,partition,35,0.99934,38,0.477978,0.98157,0.503593,0.220265,0.906813,0.0,,,,0.00278712 -0.00268704 0.0128455 0.00405182 -0.000737623 0.000329833 0.00770632 0.0127199 0.00302985 0.100232 -0.00199494 0.0154016 0.137549 -0.00543896 0.0178559 -0.00414565 0.0106792 -0.00437154 0.00321442 0.075217 -0.000230104 0.0306426 0.115592 0.116909 0.0188073 -0.000599872 -0.00190764 0.203167 0.0159364 4.34745e-05 -0.00159318 -0.0013385 0.0205049 0.00680697 0.0651388 -0.00269895 0.000905633 0.000909428,800,0,cuda,1.76,8.0
test,2654,Ragdoll_76,Ragdoll,cat,correct,Ragdoll,kernel,26,0.998633,37,0.752989,0.992278,0.239288,0.157695,0.591175,0.0,,0.753319,1.0,0.0362583 0.0145536 0.0049156 0.0075359 -0.00494878 0.0305614 -0.00341616 -0.0182637 0.0228267 0.0431909 0.114687 0.0209254 0.106072 0.1446 0.0271872 0.00452043 0.00777653 0.113279 0.0223755 0.00574445 0.0511374 0.00335511 -0.00225152 4.47039e-05 0.100685 0.0230928 0.0291752 0.0231502 0.0356686 -0.000824558 -0.0177359 0.0195299 0.0148831 -0.0141284 0.0233997 0.0151382 -0.0145784,800,0,cuda,1.99,8.0
test,2654,Ragdoll_76,Ragdoll,cat,correct,Ragdoll,partition,26,0.998633,37,0.752989,0.993311,0.240322,0.193765,0.703222,0.0,,,,0.0622705 -0.00129168 0.0297542 0.00457068 0.0258213 0.0483422 0.0146568 0.00841858 0.0204465 0.0649041 0.110683 0.041328 0.0645052 0.0822965 0.0157104 0.00837817 0.0106599 0.095772 0.0702483 0.0100701 0.0476328 0.00818517 0.00130119 0.00242892 0.0562871 0.0215494 0.013104 0.00224789 0.0224582 0.0128426 0.000909033 0.00600192 0.000922015 0.00214989 0.00167675 0.00229144 0.000591501,800,0,cuda,1.65,8.0
test,3238,Siamese_59,Siamese,cat,correct,Siamese,kernel,32,0.99154,37,0.612683,0.974991,0.362308,0.251408,0.812477,0.0,,0.479967,1.0,-0.0242705 0.00610773 -0.0079041 0.0136199 -0.011861 0.025129 0.00375135 0.00665353 0.0146375 0.00403354 0.0540247 0.149598 0.0362831 0.0438657 0.0223248 0.0873435 -0.0141763 0.0408501 0.00663466 0.120883 0.177513 0.0381069 -0.00183742 -0.00484928 -0.011645 0.0135127 -0.0343313 0.00300698 0.0912343 0.00875297 0.0357478 0.0202954 0.0216749 -0.00857464 0.0116532 0.0458523 -0.0039808,800,0,cuda,1.99,8.06
test,3238,Siamese_59,Siamese,cat,correct,Siamese,partition,32,0.99154,37,0.612683,0.756488,0.143804,0.244394,0.778819,0.0,,,,0.00499777 0.000659671 0.0035177 0.000137885 0.0154949 0.00362237 0.00617516 0.0300539 0.0483898 0.00192622 0.0399172 0.10364 0.0375045 0.0058926 0.0290223 0.049896 0.0328424 -0.00151286 0.00461879 0.102154 0.230275 0.023492 0.00383539 0.0209782 0.0022908 0.0175244 -0.00120444 0.00265326 0.0448746 0.00649712 0.00925954 0.00193026 0.0209373 0.0551288 0.00499347 0.00448673 0.0127575,800,0,cuda,1.74,8.06
test,768,Bombay_81,Bombay,cat,correct,Bombay,kernel,7,0.998688,39,0.767797,0.973925,0.206128,0.277039,0.920216,0.0,,0.578644,0.833333,0.0292793 0.0205631 0.0184737 0.0206518 0.0148606 0.00652732 0.136357 0.0561465 0.0606273 0.136178 0.0344943 0.0297479 -0.00110824 0.0113365 0.00266499 0.0198726 0.0684788 0.042296 0.0191637 -0.011456 0.0106791 0.0259341 0.022933 0.00757941 0.134021 0.0429911 -0.0226226 0.0136277 0.00827095 0.0188609 -0.00367228 -0.00269739 -0.0176812 -0.000259112 -0.000693753 0.0262916 -0.00616917 -0.00455171 -0.0186125,800,0,cuda,1.76,7.67
test,768,Bombay_81,Bombay,cat,correct,Bombay,partition,7,0.998688,39,0.767797,0.97912,0.211322,0.254638,0.86451,0.0,,,,0.0504175 -0.000101084 0.0153336 0.0460557 0.00783923 0.000663752 0.10343 0.1556 0.0441118 0.0892019 0.0127067 0.0440186 0.0239083 0.017517 0.00553381 0.0143369 0.0581051 0.0218047 0.000155532 0.0252511 -0.00168804 0.000838917 0.0145044 0.00408308 0.123186 -0.0064013 0.00653996 -0.00884395 0.0298821 -0.00494556 0.0229767 0.00049088 -0.0037155 0.0121453 0.0154944 0.0162443 -0.00316603 -0.00222941 -0.00190166,800,0,cuda,1.78,7.67
test,2586,Ragdoll_210,Ragdoll,cat,correct,Ragdoll,kernel,26,0.993754,35,0.581692,0.994823,0.41313,0.060652,0.716954,0.0,,0.77465,0.833333,0.0339499 0.012208 0.0353035 0.0316525 0.0215702 0.0169065 0.0559447 0.0653009 0.163631 -0.0272493 0.075428 0.0204438 -0.0124145 0.309903 0.106659 0.0105148 0.00251616 0.0162993 -0.00720042 0.046609 0.00206874 0.0243369 -0.0210003 -0.00275279 0.00580624 0.0104067 0.019 0.0105428 -0.0149889 0.0026353 0.00493069 -0.00534206 0.0178194 -0.01789 -0.0283041,800,0,cuda,1.83,7.97
test,2586,Ragdoll_210,Ragdoll,cat,correct,Ragdoll,partition,26,0.993754,35,0.581692,0.9385,0.356807,0.063085,0.706854,0.0,,,,0.0464123 0.00951778 0.050503 0.00767618 0.0162551 0.00388413 0.0340871 0.0502588 0.103748 0.00915445 0.0423317 0.0204868 0.0183939 0.381581 0.090819 0.00355186 0.00202189 0.0622186 0.0046588 0.0253736 0.00115257 0.00403309 0.00130902 0.00188014 0.00139068 0.000252352 -0.000262569 -0.00151445 -0.000931294 -0.00104149 -0.000374179 -0.000768258 -0.00161195 -0.000299432 -0.000903826,800,0,cuda,1.64,7.97
test,1403,german_shorthaired_29,german_shorthaired,dog,correct,german_shorthaired,kernel,14,0.999318,38,0.440111,0.897973,0.457862,0.22415,0.933297,0.0,,0.6446,0.666667,0.00768623 0.00241785 0.0289751 -0.00429879 0.00725316 0.00153809 -0.017971 -0.0175098 -0.00242093 0.0107171 0.00659085 0.466129 0.00252591 0.00969452 -0.0174717 0.0012277 0.00168769 0.0202371 0.0360789 -0.002898 0.0501651 -0.00935227 0.0733545 0.0242284 0.0231262 0.0286849 0.011696 0.0100035 0.128139 -0.00572785 0.0138401 0.0136491 0.0256154 0.00826065 0.0150151 0.00225721 0.0180258 -0.0118571,800,0,cuda,1.95,8.35
test,1403,german_shorthaired_29,german_shorthaired,dog,correct,german_shorthaired,partition,14,0.999318,38,0.440111,0.964187,0.524076,0.229092,0.93351,0.0,,,,1.23303e-05 -0.00384482 0.00407534 0.00147495 0.0206068 0.000101738 0.000328327 0.000406152 0.000399535 0.00147191 0.0245669 0.165903 -0.000159757 0.0150618 0.05746 -0.000601917 -0.000200084 0.0169765 0.0504079 -8.50423e-05 0.0738919 0.0170891 0.162896 0.0317824 0.0140979 0.0399777 0.0194308 0.0490458 0.0676865 0.0100443 0.0731978 0.00160788 0.0284886 0.000701936 0.00512835 0.00376538 0.0022554 0.00386185,800,0,cuda,1.82,8.35
test,2746,Russian_Blue_67,Russian_Blue,cat,correct,Russian_Blue,kernel,9,0.754092,33,0.609375,0.799678,0.190303,0.06817,0.784122,0.0,,0.877507,1.0,0.0395227 0.192788 -0.0394455 0.0307266 -0.190488 0.0521251 0.148557 -0.00558428 -0.0300195 -0.0130483 0.00312851 0.065947 0.0473261 -0.0146001 0.0320788 -0.0099989 0.0190973 0.131731 0.031559 0.058958 -0.0249507 0.0101995 0.161889 0.00490298 -0.00777527 -0.0178313 0.044897 0.0427423 -0.00710918 -0.000694475 -0.0180362 -0.00630613 0.00861216,800,0,cuda,1.84,8.15
test,2746,Russian_Blue_67,Russian_Blue,cat,correct,Russian_Blue,partition,9,0.754092,33,0.609375,0.799678,0.190303,0.09798,0.755361,0.0,,,,-0.00150034 0.094134 -0.036547 0.0299941 -0.0542713 0.00143543 0.113704 -0.0114008 -0.00205319 -0.0565752 -0.058377 0.0933608 0.0518188 0.00205669 0.0159558 0.0257204 -0.00183859 0.104323 0.0485976 0.0900045 0.000532025 0.00192026 0.136161 0.00427019 6.79195e-05 -0.00107774 0.0861627 0.0492058 0.00130306 -0.000520524 0.00904053 -0.000512042 0.00580432,800,0,cuda,1.85,8.15
test,2917,samoyed_42,samoyed,dog,correct,samoyed,kernel,29,0.99774,42,0.337173,0.988449,0.651276,0.073365,0.946074,0.0,,0.439186,0.547619,0.000706984 0.000430734 -0.00580653 -0.0164613 -0.0180493 0.032563 -0.0305356 0.0130224 0.0289223 0.072108 0.0108739 0.00402088 0.0241458 -0.0221767 0.0140441 0.59353 0.0664105 -0.0201722 0.0405164 -0.00690869 0.01286 -0.0147411 -7.39169e-05 0.0308014 -0.0112375 0.0160794 0.046724 -0.00968094 0.00968551 -0.00296507 0.0550483 -0.0121891 0.0278681 0.0181763 -0.0257389 -0.000944028 0.00063461 0.0285779 0.0156721 0.015754 -0.00554076 0.00160281,800,0,cuda,1.85,8.09
test,2917,samoyed_42,samoyed,dog,correct,samoyed,partition,29,0.99774,42,0.337173,0.834652,0.497479,0.084519,0.943792,0.0,,,,0.0108252 0.027783 0.000247487 0.00576869 9.15281e-05 0.0300217 -0.00131765 0.00479407 0.047918 0.145421 0.0277999 0.00468566 0.0664686 -0.00188585 -0.00153614 0.331756 0.174757 0.000477613 0.00910368 -0.00747485 -0.00227951 0.00461511 0.01959 0.0256242 -0.00135566 -0.00201011 0.0148087 0.000783448 -0.00202011 -7.61881e-05 0.0219855 0.00167946 0.00291755 0.00983097 -0.000551119 -0.000360718 0.000471759 0.00337134 0.00105042 0.00296948 0.00150579 -0.000697113,800,0,cuda,1.81,8.09
test,1519,great_pyrenees_43,great_pyrenees,dog,wrong,wheaten_terrier,kernel,15,0.87353,36,0.427117,0.900213,0.473096,0.096963,0.740557,0.0,,0.793565,1.0,-0.037168 0.00565506 -0.00534664 -0.00614244 0.0231447 0.095533 0.0015791 0.0485238 0.0123172 -0.0254462 0.0286619 -0.0271688 0.0491591 0.112096 0.0201352 0.0305441 0.043502 0.146596 -0.0122273 0.0376491 0.0111586 0.185464 0.0960053 0.0146673 -0.0126706 0.00459404 0.0190097 0.0023819 -0.0324478 -0.00575226 0.0309686 -0.0200997 -0.0159504 -0.0191118 0.00846015 0.00458899,800,0,cuda,2.07,7.9
test,1519,great_pyrenees_43,great_pyrenees,dog,wrong,wheaten_terrier,partition,15,0.87353,36,0.427117,0.952681,0.525565,0.081574,0.671681,0.0,,,,-0.025012 0.00198358 -0.00806402 0.00877371 0.0155213 0.0424653 0.0307842 0.0404455 0.00294022 -0.000870686 0.00721371 0.0185169 0.139273 0.0834427 0.00487546 0.0378483 0.0465359 0.0897223 0.00496774 0.000898178 0.0279281 0.152835 0.0902289 0.0265184 0.00192816 -0.0180499 0.00655737 -0.00485681 -0.00387321 -0.00079457 -0.00167014 0.00311103 -0.00395088 -0.00367358 -0.00127059 -0.000365299,800,0,cuda,1.59,7.9
test,663,Birman_69,Birman,cat,correct,Birman,kernel,6,0.991683,29,0.922971,0.991734,0.068763,0.402878,0.88081,0.0,,0.795813,0.833333,0.00600835 0.0110308 -0.00402526 -0.0333697 0.000904518 0.0258716 0.0166655 -0.0181158 -0.0123468 0.21486 0.135635 0.00558802 0.0239299 0.0853061 0.00736782 0.0679479 0.028113 0.0229687 0.0192765 0.0056014 0.0789319 0.054905 0.018065 0.00608128 0.073301 0.0688265 0.039021 0.0065844 0.0180256,800,0,cuda,1.9,8.11
test,663,Birman_69,Birman,cat,correct,Birman,partition,6,0.991683,29,0.922971,0.996763,0.073792,0.463338,0.846426,0.0,,,,0.0043527 0.00599535 0.00575093 -0.000876146 0.00652339 0.00752487 0.0133604 0.00613826 0.0105904 0.082159 0.102287 0.00782981 0.0144664 0.100961 0.0279725 0.0206269 0.0328509 0.0335672 0.0778109 0.00935516 0.071634 0.106321 0.0253885 0.0174356 0.0759601 0.0552875 0.0195477 0.0146291 0.0175082,800,0,cuda,1.93,8.11
test,826,boxer_46,boxer,dog,correct,boxer,kernel,8,0.999526,36,0.276547,0.486919,0.210373,0.177569,0.948914,0.0,,0.428958,0.666667,0.018034 0.0144056 0.0542978 0.0142122 0.0575971 0.00903401 0.568249 0.0577232 0.0209943 -0.0160802 0.0143881 -0.000105855 -0.0030689 -0.010575 0.00229426 0.00557133 0.000517156 0.00677996 0.0174588 0.0067672 0.0228139 0.0180726 -0.00892329 0.0389771 0.0124438 0.018228 -0.0142526 0.0331102 -0.00325194 0.0292741 -0.00166573 -0.00173761 0.0038392 -0.000968428 -0.00886288 0.00989755,800,0,cuda,1.97,8.27
test,826,boxer_46,boxer,dog,correct,boxer,partition,8,0.999526,36,0.276547,0.739468,0.462922,0.157124,0.94807,0.0,,,,0.00726165 0.00643124 0.00745642 0.00526422 0.131773 0.0153444 0.413374 0.166436 0.0185402 0.00806038 0.0145653 0.0497614 0.000467966 0.00459909 -0.0051506 0.0118284 -0.000677127 0.00150971 0.0330285 0.00308744 0.00449005 0.0117372 0.0102425 0.00214001 0.00245006 0.00304654 0.0042291 0.0306554 0.00123125 0.00629215 0.00305881 0.00373334 0.00464743 0.00136293 0.00205864 0.00115106,800,0,cuda,1.75,8.27
test,502,Bengal_196,Bengal,cat,correct,Bengal,kernel,5,0.98728,39,0.55975,0.667785,0.108036,0.540031,0.918075,0.0,,0.761134,0.547619,0.0260632 0.0893034 0.0071673 0.00644822 -0.0337176 0.000721169 -0.00428506 0.0859477 0.108429 0.021501 0.00385148 0.0971116 -0.0236303 0.0238789 0.0211086 0.0692593 0.0654879 0.0370417 -0.0024593 -0.00635696 -0.00244143 -0.0201101 0.0334268 -0.000368476 0.0318671 -0.0384028 0.00519859 0.0772894 0.0429289 7.69944e-05 0.0860801 -0.0129826 0.0180302 0.0321672 0.0312048 -0.00597089 0.0146955 0.0563907 0.0221231,800,0,cuda,1.99,8.11
test,502,Bengal_196,Bengal,cat,correct,Bengal,partition,5,0.98728,39,0.55975,0.743089,0.18334,0.506882,0.911443,0.0,,,,0.0241747 0.0843237 0.00227745 0.000595481 0.000659526 0.00143867 0.0306152 0.0773577 0.042561 0.024836 0.0131649 0.0412405 0.0101384 0.0305232 0.0471019 0.0371751 0.0843303 0.0571846 0.0364374 0.00879936 0.0399653 0.00608496 0.0570876 0.0170971 -0.0189206 -0.00194557 -0.0673769 0.0523083 0.00110132 0.0299217 0.0614505 0.00524392 0.00565606 0.0266802 0.0461736 0.0163012 0.00778208 0.00634924 0.0181791,800,0,cuda,1.83,8.11
test,1770,japanese_chin_8,japanese_chin,dog,correct,japanese_chin,kernel,17,0.99835,33,0.446548,0.953144,0.506596,0.239592,0.849051,0.0,,0.567848,1.0,0.00919859 0.112634 0.0190292 0.00333786 -0.0174743 0.0533255 0.011093 0.0665205 0.0201483 -0.0231933 0.0117473 0.246163 0.0146132 0.0117885 0.071507 0.0105808 -0.00125423 0.00263392 0.0136659 3.38631e-05 0.0383886 0.0101992 -0.0172156 0.279083 0.0252007 -0.00564889 0.0168502 -0.0303518 0.00718452 -0.0147762 0.0163983 0.0221863 -0.00177542,800,0,cuda,1.79,7.98
test,1770,japanese_chin_8,japanese_chin,dog,correct,japanese_chin,partition,17,0.99835,33,0.446548,0.960932,0.514383,0.239975,0.844884,0.0,,,,0.00240243 0.0384937 0.0583426 0.000542155 0.000518941 0.0907795 0.00104828 0.0816281 -0.00905733 -0.00242027 0.0184657 0.238813 0.00576869 0.00207975 0.0329456 0.000870697 7.79136e-05 -0.000411201 -3.54099e-05 0.00729588 0.00387608 6.76452e-05 -0.000673064 0.272402 0.066945 0.0121066 0.0036379 0.0103832 0.00331804 0.00283828 0.0290344 0.00950058 0.000236493,800,0,cuda,1.78,7.98
test,1746,japanese_chin_68,japanese_chin,dog,correct,japanese_chin,kernel,17,0.99998,34,0.342076,0.860561,0.518485,0.206446,0.934124,0.0,,0.409778,0.666667,-0.00895426 0.019385 0.00909172 0.0196514 -0.0295375 0.000423691 0.013997 0.00265666 -0.0098451 0.0151983 0.00335259 0.0273804 0.419485 0.165901 0.00290326 0.0450993 -0.00489127 -0.0083494 0.0374431 0.128677 -0.00402928 -0.00847473 -0.00725802 -0.0128511 0.0251118 0.0736604 0.0190126 0.00318839 0.0104027 -0.0046516 0.0266909 0.00128116 -0.00357473 0.0158757,800,0,cuda,1.89,8.19
test,1746,japanese_chin_68,japanese_chin,dog,correct,japanese_chin,partition,17,0.99998,34,0.342076,0.860561,0.518485,0.204489,0.904819,0.0,,,,0.00157562 -0.00513817 -0.00608801 0.00505302 0.0053044 0.0018169 -0.0135973 0.00517396 0.00577446 0.00422206 0.00880587 0.00371599 0.192119 0.247425 0.00176355 0.0546505 0.00218166 0.00584248 0.0124316 0.188228 0.00371881 -3.24689e-05 0.00949179 0.0113702 0.0525177 0.124385 0.00237188 0.0049337 0.0147773 0.00757117 0.017228 0.00504737 0.00640145 0.00240915,800,0,cuda,1.83,8.19
test,1763,japanese_chin_83,japanese_chin,dog,correct,japanese_chin,kernel,17,0.997494,31,0.488441,0.974349,0.485908,0.269741,0.955958,0.0,,0.840323,0.547619,-0.00315243 0.364634 -0.0142844 0.0651201 -0.00786727 0.0520184 0.0979312 0.0293797 0.00309919 -0.023127 0.0266659 0.0550143 -0.00567236 -0.000595104 0.0697532 0.0346942 0.0221004 0.0343772 0.00768574 0.0229385 0.0320062 0.0565767 0.0150376 0.0140058 0.0117472 0.00386825 0.0125895 -0.00855813 0.00278464 0.00661488 0.00357999,800,0,cuda,1.98,8.24
test,1763,japanese_chin_83,japanese_chin,dog,correct,japanese_chin,partition,17,0.997494,31,0.488441,0.92104,0.432599,0.300012,0.959202,0.0,,,,0.00465984 0.12105 0.000718887 0.0211073 0.00988401 0.0624435 0.0466928 0.0377928 0.0430993 0.0310365 0.0300522 0.0735522 0.00568881 0.0354699 0.117473 0.0295428 0.0109788 0.0639829 0.0440067 0.0584227 0.0537878 0.0243635 0.0130784 0.00970184 0.0109461 0.00256026 0.00629765 0.00426902 0.00307166 0.00394954 0.00128567,800,0,cuda,1.77,8.24
test,1122,Egyptian_Mau_3,Egyptian_Mau,cat,correct,Egyptian_Mau,kernel,11,0.999987,31,0.451531,0.657512,0.205981,0.467569,0.958504,0.0,,0.754032,0.833333,0.020272 0.0150108 0.00306865 0.0143109 0.000790462 0.0119852 0.0121187 0.00697231 0.0143712 0.0298108 0.0253058 0.0106937 0.0600861 0.0238773 -0.00235416 0.0577497 0.0101574 0.0313653 0.000819135 0.0338985 0.241763 0.0123691 0.013229 0.158932 -0.000445829 0.0193567 -0.0296151 -0.00699843 0.0201289 0.143246 -0.00850144,800,0,cuda,2.01,8.44
test,1122,Egyptian_Mau_3,Egyptian_Mau,cat,correct,Egyptian_Mau,partition,11,0.999987,31,0.451531,0.657512,0.205981,0.645418,0.958255,0.0,,,,0.00594066 0.0111719 1.0073e-05 0.00335312 1.64125e-05 0.00331946 0.0112601 0.00352828 0.019233 0.0420892 0.0498195 0.0206127 0.0578264 0.0436812 0.0126771 0.0932311 0.0114786 0.0105286 0.028672 0.0427782 0.126081 0.0226132 0.00825189 0.112879 0.031236 0.0280957 0.024178 0.0074591 0.0292978 0.0817974 0.000657699,800,0,cuda,1.93,8.44
test,1572,great_pyrenees_91,great_pyrenees,dog,wrong,samoyed,kernel,15,0.657055,40,0.597218,0.99387,0.396652,0.134353,0.658228,0.0,,0.754878,0.339286,-0.00683425 -0.0377612 0.0150548 -0.00111793 -0.0342449 0.058723 0.0365798 0.00203368 -0.032157 -0.00135362 0.0697272 -0.0921406 0.0203472 0.0793447 0.0283987 -0.00374607 0.0335889 -0.0353813 -0.000750901 -0.0108589 0.0240495 0.03948 0.0784619 0.0104516 -0.0164794 0.107956 0.0789405 0.0728653 -0.00976628 0.0237077 0.0720831 0.00383453 0.0062659 0.000985703 0.00564537 -0.0205012 -0.0026472 0.0196839 0.0273433 -0.0134228,800,0,cuda,1.86,8.17
test,1572,great_pyrenees_91,great_pyrenees,dog,wrong,samoyed,partition,15,0.657055,40,0.597218,0.999555,0.402337,0.140058,0.667629,0.0,,,,-0.00156768 0.000559123 -0.000713464 -0.00238463 -0.0129816 -0.133306 0.0084275 -0.0132569 0.00519279 -0.00195569 0.0247141 -0.0182272 0.00156402 0.0307824 0.0152423 -0.0137461 0.0330816 0.00401929 0.0215196 0.00542211 0.0606219 0.0990078 0.0913448 0.000232303 0.0448112 0.0969253 0.0759478 0.0391792 0.00335704 0.0338345 0.0319843 0.00706354 0.00293521 0.00951137 0.017721 0.00478862 0.00513088 0.00328303 0.0137721 0.0025511,800,0,cuda,1.79,8.17
test,2395,pomeranian_22,pomeranian,dog,correct,pomeranian,kernel,24,0.998716,39,0.428811,0.985925,0.557114,0.071369,0.902376,0.0,,0.436842,0.547619,-0.0133848 0.025726 0.00452173 0.00216327 -0.0163205 0.0274984 -0.00998407 0.0380553 0.0241673 -0.0176905 0.0875369 0.024277 -0.0254978 0.274953 0.0249705 0.0354431 0.0724364 -0.0319577 0.0158369 -0.00381577 0.0337832 0.120658 0.00472571 0.00390813 0.0973591 0.0230548 -0.00257071 0.073251 0.0276702 0.052222 -0.0280236 0.025563 0.0103453 -0.00148224 -0.0251712 0.0367867 0.0365079 -0.030747 -0.0176923,800,0,cuda,1.75,8.3
test,2395,pomeranian_22,pomeranian,dog,correct,pomeranian,partition,24,0.998716,39,0.428811,0.985925,0.557114,0.111946,0.920037,0.0,,,,-0.000495175 -0.000137492 -0.000920853 -0.000310037 -0.00262189 -0.0011856 -0.000281743 0.0241804 -0.00102928 0.00894338 0.102063 0.0461714 0.00021751 0.300716 -0.000426899 0.0144208 0.0327441 -0.000911954 0.0171549 0.013539 0.00166357 0.11577 0.000241482 0.0173728 0.0612112 0.000467973 0.00495163 0.144922 0.0300949 0.0267927 -0.000170476 6.12043e-05 -0.000448954 0.00498727 -0.000295339 0.0158753 0.00624774 -0.00113742 -0.00135363,800,0,cuda,1.75,8.3
test,463,beagle_69,beagle,dog,wrong,basset_hound,kernel,4,0.967142,39,0.433275,0.9965,0.563226,0.036895,0.950096,0.0,,0.681883,0.666667,0.0398636 -0.0203595 0.0244021 0.00676015 0.0365088 0.0037736 0.0782652 0.0105436 0.00374282 0.0156549 0.00337148 0.0100988 -0.00827447 -0.0974634 0.466635 0.0130255 0.0166374 0.00992293 -0.0195068 0.176862 -0.00755506 -0.00542628 -0.0737451 -0.0210524 0.164291 0.0207504 -0.000652707 -0.0201693 -0.000251041 -0.010234 -0.00592066 0.0183654 0.0118433 0.0111873 0.0296529 0.0123757 0.0113315 0.00494217 -0.000940041,800,0,cuda,1.88,8.25
test,463,beagle_69,beagle,dog,wrong,basset_hound,partition,4,0.967142,39,0.433275,0.541697,0.108422,0.091705,0.63136,0.0,,,,0.014966 -0.00243096 0.0240951 0.0700944 0.104757 -0.0012247 -0.0012738 -0.000463195 0.00699389 -0.000271627 0.0678555 0.00735312 0.00781256 0.0159146 0.0160558 0.00198885 0.10969 0.00815823 0.00427639 0.101294 0.0110586 0.0145762 -0.0668358 0.00645085 0.191951 0.0198657 0.00554795 0.0192848 0.0171104 0.00391146 -0.0149509 0.0192596 0.00923662 0.0534542 0.0163762 0.0336727 0.0064629 0.00544175 0.00174152,800,0,cuda,1.7,8.25
test,1478,german_shorthaired_97,german_shorthaired,dog,correct,german_shorthaired,kernel,14,0.991618,38,0.511958,0.983784,0.471826,0.302696,0.793932,0.0,,0.724806,0.833333,-0.00351008 0.00436008 0.0187685 0.00630304 -0.019918 0.00475871 0.0106169 0.0211346 0.0165436 -0.0140553 -0.0100297 0.034917 0.104098 -0.0108117 0.0495289 0.14787 0.0183687 0.00187838 -0.00542935 0.00152333 0.0347458 0.0905122 -0.0266438 0.00848126 0.0262594 -0.00826218 0.0193292 0.087891 0.0181787 -0.00288007 0.0435449 0.0265214 0.100746 0.0387804 0.0581671 0.00205256 0.025542 0.0317303,800,0,cuda,1.86,8.45
test,1478,german_shorthaired_97,german_shorthaired,dog,correct,german_shorthaired,partition,14,0.991618,38,0.511958,0.983748,0.47179,0.289013,0.803463,0.0,,,,-0.00385404 -0.000704372 6.30697e-05 0.00762403 -0.00444306 0.00013732 0.00834494 0.0148017 0.00248171 0.00150735 0.00532601 0.0377347 0.120672 0.000761076 0.0432667 0.0940057 0.00305916 0.00146464 0.00113868 0.00716786 0.0337913 0.0622711 0.00132837 0.00964126 0.0266021 0.000494372 0.0488347 0.0551555 0.000473936 0.000271545 0.0727736 0.0492156 0.121208 0.0423918 0.0484628 0.0307037 0.00737023 6.59906e-05,800,0,cuda,1.77,8.45
test,3126,shiba_inu_51,shiba_inu,dog,correct,shiba_inu,kernel,31,0.979387,44,0.11358,0.452201,0.338621,0.058547,0.864341,0.0,,0.465046,0.547619,0.0158329 0.0127403 0.00294514 0.00565698 0.0104622 0.131608 0.00430725 0.00542978 0.011774 0.0123063 -0.00424274 8.88796e-05 0.0122611 -0.0018808 0.0145308 0.0392168 0.183858 0.0337231 0.00658262 0.0196395 0.462536 -0.00496752 -0.00474368 -0.00965192 -0.0148631 -0.00475465 -0.0060164 -0.00988089 0.0132674 0.00123431 0.00841726 -0.00501598 -0.00607507 0.00108563 0.00549674 6.06817e-05 0.00688189 0.00259651 -0.0119992 -0.00288135 0.00207312 -0.00284698 0.00454441 0.00231899,800,0,cuda,1.89,8.28
test,3126,shiba_inu_51,shiba_inu,dog,correct,shiba_inu,partition,31,0.979387,44,0.11358,0.425823,0.312243,0.058637,0.852159,0.0,,,,0.00171686 0.00703774 0.00888838 0.00128781 0.0139249 0.106992 0.00159944 0.00526248 0.00091781 0.0020207 0.00163515 0.00145064 0.0679492 0.000631937 0.0344082 0.0578663 0.126764 0.024942 0.00738376 0.0679569 0.350977 0.011508 -0.000113829 0.000551698 0.00898214 0.00297651 0.0115748 0.00222959 0.00367475 0.00804454 0.000563241 -0.000388658 0.00140345 0.000248833 -0.00017245 0.000444709 0.000154743 -0.000305505 0.00111032 -0.00032342 0.00026582 -0.000433465 -8.24434e-05 0.000130454,800,0,cuda,1.66,8.28
test,3329,Sphynx_41,Sphynx,cat,correct,Sphynx,kernel,33,0.999997,28,0.716956,0.970505,0.253549,0.438178,0.831176,0.0,,0.849206,0.833333,0.00261255 0.0337255 0.0258687 0.106949 0.0417335 0.0260668 -0.0398942 0.0698474 0.1019 -0.00875241 0.0211061 0.0334243 0.0218824 -0.0174227 0.0234507 0.247069 -0.00113662 0.0122681 0.0711818 0.0327706 0.00922725 -0.0114058 0.0434981 0.0348044 0.0170261 0.0888395 -0.0121472 0.00885271,800,0,cuda,1.79,8.05
test,3329,Sphynx_41,Sphynx,cat,correct,Sphynx,partition,33,0.999997,28,0.716956,0.979288,0.262332,0.398472,0.816574,0.0,,,,0.00222918 0.0116572 0.0177377 0.0632678 0.0559115 0.0219286 0.00381072 0.0762561 0.0568369 0.00856252 0.0127279 0.0892297 0.002453 0.00933753 0.0453266 0.122902 0.00425389 0.11215 0.0283988 0.0537192 0.00922034 0.0129274 0.00972457 0.0214674 0.029485 0.0730159 0.0116473 0.0171613,800,0,cuda,1.76,8.05
test,185,american_bulldog_89,american_bulldog,dog,correct,american_bulldog,kernel,1,0.999471,41,0.249522,0.706449,0.456927,0.160803,0.850135,0.0,,0.423171,0.428571,0.0101296 0.00362136 -0.0231398 -0.00109155 0.00159681 0.0571104 0.005635 0.000785494 0.160864 0.0533917 0.079164 0.00969822 0.0361587 -0.00828835 0.0643172 -0.0235325 0.0579263 0.199723 0.00905832 -0.00979558 -0.00676007 0.0202427 -0.0131275 0.00455218 0.116975 -0.023666 0.00266951 0.0794614 0.0104956 0.0381267 0.00878494 0.0655841 -0.00309749 -0.0403812 0.0113813 -0.0458661 0.0313378 0.0371676 0.0317711 -0.00939911 -0.00957341,800,0,cuda,1.79,8.08
test,185,american_bulldog_89,american_bulldog,dog,correct,american_bulldog,partition,1,0.999471,41,0.249522,0.971424,0.721902,0.135714,0.880159,0.0,,,,0.00418599 0.00136805 0.0139798 0.00855655 0.0565271 0.00723587 0.0511776 0.0253344 0.11946 0.059184 0.00250544 0.0109169 -0.00120963 0.000420851 0.0743872 0.00515417 0.0611486 0.204339 -0.00178194 -9.66738e-05 0.0114828 0.00544914 0.00504521 0.006228 0.0766016 0.0190294 0.0153047 0.0227156 0.00557472 0.0233597 0.00355183 0.016868 0.00687117 -0.00111972 0.0149657 0.0226968 0.00808432 -0.001819 0.0208846 0.00213399 0.00331011,800,0,cuda,1.73,8.08
test,3599,yorkshire_terrier_37,yorkshire_terrier,dog,correct,yorkshire_terrier,kernel,36,0.999708,39,0.615155,0.997563,0.382408,0.406837,0.95849,0.0,,0.592308,1.0,0.0137714 0.0218699 0.000860413 0.0299464 0.0219975 -0.0151493 0.0103467 0.0290035 0.000495256 0.058349 0.0119123 0.00341722 0.0769761 0.00766368 -0.0194413 0.0798149 0.0193418 0.0454203 -0.00359232 0.122163 0.010154 0.196557 -0.0106198 0.00180641 0.00695721 0.0393136 0.00798731 -0.014713 0.0112473 0.0132536 0.0330181 0.100936 0.00844884 0.0102322 0.0252785 -0.00515957 0.0124091 0.00808283 -0.0117438,800,0,cuda,1.67,8.13
test,3599,yorkshire_terrier_37,yorkshire_terrier,dog,correct,yorkshire_terrier,partition,36,0.999708,39,0.615155,0.997563,0.382408,0.438791,0.950687,0.0,,,,0.00510796 0.0113846 0.00508926 0.00404788 0.0215489 0.00412115 0.00451878 0.0225941 0.00531721 0.041402 0.0175664 0.0230229 0.110218 0.0225608 0.00363683 0.126166 0.0221067 0.0346574 0.0159301 0.100546 0.00171527 0.0948223 0.0107838 0.0156017 0.0227373 0.0301094 -0.000573961 0.00691576 0.0160789 0.00252575 0.0321642 0.0800576 0.00505451 0.00903663 0.0047112 0.00623214 0.0162241 0.00238739 0.000485091,800,0,cuda,1.8,8.13
test,1559,great_pyrenees_7,great_pyrenees,dog,correct,great_pyrenees,kernel,15,0.98596,38,0.184929,0.893835,0.708906,0.117241,0.946046,0.0,,0.457599,1.0,0.0148379 0.0181224 0.0256543 -0.00401559 -0.00773147 0.0471911 -0.0255073 -0.0129406 -0.0106479 -0.0160426 -0.00796192 0.0118486 0.222268 0.00285549 -0.00379476 0.00351379 0.026976 -0.0246652 0.0676703 0.176853 0.289432 0.0822867 -0.000646034 0.00125093 0.00763669 0.0115792 -0.00478914 0.0188684 0.000692634 -0.0304268 -0.025751 -0.0099486 0.00156576 0.0128048 0.0379807 -0.0213775 0.0181015 0.0315504,800,0,cuda,1.76,7.69
test,1559,great_pyrenees_7,great_pyrenees,dog,correct,great_pyrenees,partition,15,0.98596,38,0.184929,0.893835,0.708906,0.120879,0.919336,0.0,,,,-0.00723915 -0.00075327 -0.00057456 -0.00102695 0.0297633 0.0010455 -0.0144349 0.00395171 0.000817559 0.00119836 0.000303663 0.000595834 0.146263 0.00112144 0.00114058 -0.0231867 -0.00914497 0.00176494 0.0709847 0.341835 0.183125 0.064651 0.0153152 0.0401872 0.00334385 0.0176559 -0.00819541 0.0205376 0.0076391 -0.000485894 0.015761 -0.00142831 0.00385888 0.0116292 0.00377568 0.00154201 0.00162564 0.000331269,800,0,cuda,1.7,7.69
test,1939,leonberger_62,leonberger,dog,correct,leonberger,kernel,19,0.996752,37,0.56816,0.803296,0.235136,0.263332,0.835797,0.0,,0.245021,0.833333,-0.0238789 -0.00317555 -0.0127607 -0.00711071 -0.00902414 0.0737198 -0.0317153 0.002638 0.0186417 0.0615452 0.0168268 0.0100247 0.0184314 0.112281 0.0248124 -0.0104063 0.00751952 0.00344282 -0.00733563 0.00215448 -0.0199604 0.0199677 0.0121844 0.0452124 0.17757 -0.0172385 -0.0114932 0.157343 0.0280896 0.261477 0.0241712 0.000638252 0.00619051 -0.00961524 0.0169945 0.0444227 -0.00902356,800,0,cuda,1.64,8.05
test,1939,leonberger_62,leonberger,dog,correct,leonberger,partition,19,0.996752,37,0.56816,0.801811,0.233651,0.286246,0.836708,0.0,,,,0.00318481 0.0123205 0.000917612 0.000855271 0.00756942 0.0220273 0.00413511 0.0108286 0.000588933 0.0902011 0.00507868 0.000169023 -0.000256394 0.0865911 -0.00135777 -0.00351307 0.00468137 0.000228671 0.000927948 -0.002885 0.000296518 0.0177827 0.0212436 0.0174639 0.304495 0.0123438 0.0166537 0.0593488 0.00936901 0.205006 0.0361219 0.00339633 0.00537153 0.00259796 0.00944626 0.00650031 0.00382989,800,0,cuda,1.75,8.05
test,2637,Ragdoll_57,Ragdoll,cat,correct,Ragdoll,kernel,6,0.691919,34,0.611707,0.701956,0.090249,0.161771,0.672385,0.0,,0.522995,0.428571,-0.0109384 -0.00422584 0.00424881 0.0485806 -0.0289948 0.0047545 0.035818 -0.00928239 -0.00635845 0.0313794 0.00616473 -0.00936079 -0.000518791 0.0108129 0.0475919 0.0120811 0.000246798 0.0303733 0.0235857 0.00325851 0.0491681 0.291234 0.0429793 0.0417898 0.0763656 0.078015 -0.0347616 -0.00949251 -0.0140282 0.0135724 -0.0263657 -0.0151714 -0.00467799 -0.00464862,800,0,cuda,1.74,7.87
test,2637,Ragdoll_57,Ragdoll,cat,correct,Ragdoll,partition,6,0.691919,34,0.611707,0.800529,0.188822,0.176055,0.732256,0.0,,,,0.00225117 0.00216232 0.00100716 0.00676154 -0.000354883 0.00400981 0.00346889 0.00154491 -0.00266935 0.00136874 -0.00560009 -0.00255719 0.00136567 0.00551589 -0.0469781 -0.0143234 -3.41055e-05 -0.000212071 0.0381241 0.0381548 0.062904 0.353582 0.0628076 0.0200427 0.127152 0.0850066 -0.00935422 -0.00106697 -0.0217629 -0.00419099 -0.0160847 -0.0136536 -0.00477847 -0.000413295,800,0,cuda,1.74,7.87
test,668,Birman_73,Birman,cat,correct,Birman,kernel,6,0.995897,41,0.559012,0.98541,0.426398,0.205772,0.930245,0.0,,0.470557,0.833333,0.0342808 -0.0153395 0.00558466 -0.00576811 -0.0237223 0.0182574 0.0125206 -0.000114642 -0.0110483 0.0183807 0.0382217 0.0559287 -0.00721363 0.135824 -0.0145309 0.0715714 0.0142713 0.230968 0.00483494 -0.0116529 -0.0177445 0.00160232 0.178467 -0.00543806 -0.000864437 0.15229 0.022195 0.040653 0.0516535 0.00273227 -0.00444867 0.0166292 -0.00325459 -0.0044279 0.00383489 -0.0178318 0.0107108 0.00859134 0.0234738 -0.015748 -0.0171559,800,0,cuda,1.86,8.18
test,668,Birman_73,Birman,cat,correct,Birman,partition,6,0.995897,41,0.559012,0.778299,0.219287,0.225006,0.930248,0.0,,,,0.00347623 0.0159212 0.0317046 0.00150626 0.0308127 0.0232246 0.0590383 0.0156219 0.00178504 0.041459 0.0164573 0.0414438 0.00620768 0.0997964 0.00702254 0.0749117 0.0039504 0.203269 0.00190182 0.0173179 0.00321093 0.00764159 0.154972 0.0112159 0.00184103 0.0496665 0.00714928 0.00755844 -0.000185221 0.00895791 0.00402989 0.00816352 0.00228653 0.00119563 0.00287372 0.000740461 0.00241645 0.00148601 0.00177784 0.00216524 0.00118092,800,0,cuda,1.85,8.18
test,1073,chihuahua_8,chihuahua,dog,correct,chihuahua,kernel,10,0.999628,40,0.442303,0.778634,0.336331,0.115125,0.914996,0.0,,0.434803,0.666667,-0.00277477 0.0805719 0.0127389 0.0282782 -0.0023771 0.0321492 -0.0279956 -0.0141729 0.360449 -0.0170936 -0.00563445 0.0328898 0.03837 0.00528086 0.246475 0.175117 0.035522 -0.0237764 -0.0140695 -0.0349087 -0.00370475 0.0548335 0.0329656 -0.0299658 0.00424122 0.015944 -0.0131321 0.0275325 -0.0159965 0.0203537 0.00555654 -0.0290679 -0.00221336 -0.0183582 -0.0428032 -0.00632572 0.0256108 0.00458675 0.0369058 -0.0148731,800,0,cuda,1.76,7.82
test,1073,chihuahua_8,chihuahua,dog,correct,chihuahua,partition,10,0.999628,40,0.442303,0.873752,0.431449,0.089354,0.886576,0.0,,,,-0.00097688 0.0263507 0.0185482 -0.0017405 0.00116813 0.00334678 0.0172428 0.0832363 0.331896 0.00242714 0.000598893 0.00180669 0.0956627 -0.000411071 0.137914 0.19546 0.0102824 -0.000341008 -0.00185285 0.000357254 -0.000176263 0.0341571 0.0101466 -9.48979e-05 -7.89541e-05 -0.000506 -0.000272858 -0.000436059 -0.000248779 -0.000540933 -0.000722644 -0.000176981 6.09213e-05 -0.000621156 -0.000429929 -0.00292622 -0.000102154 -0.000276852 -0.000683839 8.29745e-05,800,0,cuda,1.67,7.82
test,1648,havanese_6,havanese,dog,correct,havanese,kernel,16,0.9971,33,0.698362,0.674679,-0.023683,0.202792,0.740102,0.0,,0.760194,0.833333,0.0177709 0.0240716 0.0994135 0.0262439 0.000549635 0.116341 0.0451846 0.266897 0.054498 -0.00522598 0.0807252 -0.024419 0.0112333 0.0275096 0.0278596 0.00944571 0.0214341 -0.0114111 0.0176916 0.0513363 0.00777369 0.0293973 -0.0190167 0.123913 0.00841824 -0.00358055 0.0129825 0.00662617 -0.013817 -0.0131128 0.00787347 -0.00400138 -0.00639245,800,0,cuda,1.74,8.17
test,1648,havanese_6,havanese,dog,correct,havanese,partition,16,0.9971,33,0.698362,0.674679,-0.023683,0.221776,0.739051,0.0,,,,0.0118737 0.0244114 0.0931506 0.051919 0.00335698 0.100586 0.00920645 0.271391 0.0487099 0.0077419 0.0668458 0.00533169 0.0175079 0.0329148 0.0261407 0.00631451 0.0622264 0.00654723 0.00465283 0.0208276 -7.43893e-05 0.00219952 0.00130588 0.0906235 0.00368446 0.00173691 0.0021812 0.00320482 0.00214232 0.0012266 0.0101839 0.00107603 0.0030652,800,0,cuda,1.62,8.17
test,1449,german_shorthaired_70,german_shorthaired,dog,correct,german_shorthaired,kernel,14,0.99955,32,0.480887,0.984893,0.504006,0.219638,0.898646,0.0,,0.473974,0.666667,0.029877 -0.00336354 0.00804951 -0.0465837 0.0130362 0.0343139 0.0321827 -0.00536917 0.0138463 -0.0135272 0.0482385 0.0124471 0.0422585 0.0207537 0.0652784 0.0273784 0.161998 0.0226554 0.0195681 0.195132 0.0379723 0.00866321 0.0298287 0.164396 -0.0100966 0.0380997 0.0152127 -0.0101151 -0.0311804 0.0322149 0.0149788 -0.00860054,800,0,cuda,1.71,8.17
test,1449,german_shorthaired_70,german_shorthaired,dog,correct,german_shorthaired,partition,14,0.99955,32,0.480887,0.981023,0.500136,0.21303,0.877814,0.0,,,,0.0103348 0.016729 -0.00131448 -0.00193694 0.0425181 0.00245261 0.0652619 0.00176078 0.0115446 0.022103 0.04608 0.0296171 0.00803092 0.00777511 0.0663478 0.00794667 0.120883 0.0177037 0.00670528 0.212464 0.079988 0.00531079 0.0318228 0.106432 0.00925775 0.0130562 0.0145809 -0.000130328 -0.000148862 0.000420778 0.00325273 0.00269357,800,0,cuda,1.81,8.17
test,3564,wheaten_terrier_96,wheaten_terrier,dog,correct,wheaten_terrier,kernel,35,0.999611,36,0.357143,0.576736,0.219593,0.246882,0.859046,0.0,,0.356885,0.428571,-0.0209575 0.0243666 0.0134068 0.0275677 0.034742 0.00774687 -0.0078733 0.0395281 -0.0235837 0.00858481 0.310787 0.0437322 0.00187954 0.0166098 -0.0117082 0.0293385 0.138525 0.0152937 0.0125841 -0.0235706 -0.00113733 0.0793331 -0.0391596 -0.00214866 0.0275665 0.0111105 0.0465525 0.0556429 0.0438354 0.0518103 0.0190333 0.00712367 0.00310341 0.0242713 0.00187227 0.00570294,800,0,cuda,1.74,7.85
test,3564,wheaten_terrier_96,wheaten_terrier,dog,correct,wheaten_terrier,partition,35,0.999611,36,0.357143,0.97347,0.616327,0.270042,0.882743,0.0,,,,0.000611851 0.00126831 0.0003535 0.00791625 0.00360493 0.00228108 0.00146009 0.006559 0.00606185 0.00340792 0.297156 0.00210868 0.00148661 0.0369447 0.00200306 0.0388971 0.129685 0.00890456 0.00680185 0.0108582 0.0306641 0.108242 0.0023506 0.0240188 0.00513305 0.0457692 0.0140215 0.0136432 0.00754258 0.0365894 0.0216072 0.00753479 0.0193262 0.0531303 0.000590229 0.0129791,800,0,cuda,1.76,7.85
test,1065,chihuahua_82,chihuahua,dog,correct,chihuahua,kernel,10,0.981311,32,0.184112,0.52864,0.344528,0.025354,0.910496,0.0,,0.447947,0.833333,0.0102587 0.0025746 0.00143522 -0.00447532 -0.0163646 -0.0105841 -0.00166415 0.00204506 0.00829656 0.016955 -0.0215118 0.111046 0.00657951 0.00687628 -0.0242243 0.0166611 0.577436 0.002442 0.011242 -0.00198323 0.113198 -0.016344 -0.00530029 0.120203 0.0234865 0.016568 -0.0122984 0.0169877 -0.0198411 -0.0016497 0.0174049 -0.00664316,800,0,cuda,1.84,8.08
test,1065,chihuahua_82,chihuahua,dog,correct,chihuahua,partition,10,0.981311,32,0.184112,0.417389,0.233277,0.02122,0.911021,0.0,,,,-0.0023761 -0.00138112 -0.000520505 -0.00491048 -0.00173516 -0.00254783 -0.00233099 -0.000457748 -0.000329328 -0.00216501 -0.000847026 0.00490359 -0.000558848 -0.00253484 0.0134041 0.0126502 0.44112 -0.000954318 0.104309 0.00143 0.0952268 -0.000311147 0.00582862 0.211326 0.0153883 -0.00203904 0.00432781 0.0358205 0.000763811 0.00213235 0.013045 0.00313467,800,0,cuda,1.82,8.08
test,3532,wheaten_terrier_67,wheaten_terrier,dog,correct,wheaten_terrier,kernel,35,0.971933,43,0.572864,0.985687,0.412824,0.045132,0.713043,0.0,,0.688161,1.0,0.00927356 0.00998691 0.0262908 0.0236283 0.0168292 -0.00770534 0.254053 0.029538 0.106684 0.0661345 0.0033109 0.202552 0.0356413 0.0114392 0.104058 0.0144135 -0.000364335 -0.0108057 -0.0258326 0.0151579 0.027855 0.0254333 0.0290503 0.00390651 -0.0308249 0.0167131 0.0242049 0.00122215 0.0123379 0.00449753 0.0128029 -0.00522655 0.00915748 -0.00949603 0.00186086 -0.00417043 0.0080095 -0.0297754 0.0287197 -0.0234226 -0.00481199 -0.0208083 -0.017684,800,0,cuda,1.65,8.25
test,3532,wheaten_terrier_67,wheaten_terrier,dog,correct,wheaten_terrier,partition,35,0.971933,43,0.572864,1.0,0.427136,0.058235,0.660715,0.0,,,,6.25867e-05 -0.00203543 0.0271001 0.0478391 0.0100316 0.0035964 0.11161 0.000273055 0.0399537 0.102182 0.0270954 0.214225 0.0300375 0.00227708 0.153011 0.0110505 0.000797254 -0.00365197 0.0107202 0.043886 -0.000289797 0.0741863 0.0419006 -0.00477682 0.00113513 0.00148193 0.00491559 -0.00582644 -0.000179082 -0.00135584 -0.0037463 0.00027167 0.00179714 5.27727e-05 -0.000344074 -0.000530009 0.00380377 0.000987429 0.00121729 0.000411775 -0.000392622 -0.0004201 -0.000528178,800,0,cuda,1.72,8.25
test,2948,samoyed_70,samoyed,dog,correct,samoyed,kernel,29,0.999757,33,0.126973,0.433766,0.306793,0.072429,0.928644,0.0,,0.462901,0.547619,0.0143574 0.00958904 -0.00552574 0.00426009 -0.00893106 0.015799 0.178438 0.509122 -0.00459204 -0.0143172 0.0162045 -0.00263301 0.0244046 0.0122838 -0.0035849 0.216358 0.0514499 -0.0126371 0.0208308 0.00357125 0.00419902 0.0111198 -0.00979284 -0.0101522 -0.00838223 0.0247375 -0.0037415 -0.0143381 -0.00876144 -0.0135025 -0.0210367 0.00934716 -0.00456916,800,0,cuda,1.88,8.13
test,2948,samoyed_70,samoyed,dog,correct,samoyed,partition,29,0.999757,33,0.126973,0.395741,0.268767,0.100019,0.923515,0.0,,,,0.00668416 0.00920507 0.000308084 0.00387901 0.00055158 0.00352726 0.196421 0.507468 0.0185717 0.00250484 0.00222276 0.056937 0.00726047 0.00167078 0.00744861 0.110377 0.00381588 0.00562701 0.000137966 0.0148644 0.000390401 0.00225046 0.00173486 0.00347295 0.00355873 0.00290639 -0.000872646 0.000313374 0.000771626 0.00571053 0.000504192 7.12304e-05 -0.000718838,800,0,cuda,1.64,8.13
test,3361,Sphynx_80,Sphynx,cat,correct,Sphynx,kernel,33,0.999996,33,0.619719,0.990838,0.371119,0.418045,0.896706,0.0,,0.711731,0.666667,0.00786483 0.0211757 0.00600019 0.0178998 0.106613 0.0161172 0.0434377 0.034636 0.130233 0.00527419 0.0120319 0.0463255 0.00853828 0.0338948 0.00541917 0.0213527 0.0237097 -0.00523646 0.007897 0.0174008 0.00560638 0.028015 -0.0106333 0.12912 0.0383124 0.0698296 -0.00304574 0.00603616 0.095894 0.0283668 0.00816758 0.0310735 -0.00398425,800,0,cuda,1.88,8.4
test,3361,Sphynx_80,Sphynx,cat,correct,Sphynx,partition,33,0.999996,33,0.619719,0.989536,0.369817,0.428917,0.749872,0.0,,,,0.00382785 0.0265405 0.0131527 0.0344462 0.0919873 0.00308559 0.0226257 0.0311424 0.04814 0.0034329 0.0270121 0.0882351 0.00240357 0.0314468 0.00458144 0.0150102 0.0259814 0.015413 0.0204293 0.0364422 0.0124558 0.0170595 0.00898271 0.0599246 0.0248878 0.0989095 0.0256752 0.0260103 0.074019 0.0635772 0.00968767 0.00424827 0.0125703,800,0,cuda,1.79,8.4
test,3034,scottish_terrier_59,scottish_terrier,dog,correct,scottish_terrier,kernel,30,0.999508,42,0.333068,0.98098,0.647913,0.211497,0.95019,0.0,,0.630986,0.833333,0.0100404 0.0095664 0.0509505 0.0264771 0.000493653 0.0295267 0.0105438 0.0273016 -0.00789529 0.0693793 0.00044535 -0.0368749 -0.00939055 -0.00909857 0.170787 0.116804 0.270148 -0.0155729 0.0352003 0.00331174 0.0159046 0.0100033 0.0630639 0.00599627 0.0342997 0.0410036 0.00527831 0.00416579 0.0435325 0.0327664 0.00147665 -0.0111605 -0.00450213 -0.0216504 -0.00261297 -0.0123806 -0.0157437 0.00165523 0.0144736 0.0123689 -0.0111024 0.0264481,800,0,cuda,1.83,8.21
test,3034,scottish_terrier_59,scottish_terrier,dog,correct,scottish_terrier,partition,30,0.999508,42,0.333068,0.854904,0.521836,0.241353,0.950123,0.0,,,,0.000316958 -0.000783074 0.0124224 0.0253273 0.00245693 0.000194344 0.00936619 0.00657172 -0.00477798 0.0683208 0.000296172 -0.0102794 0.0316097 0.0682219 0.196409 0.148882 0.223714 0.0213261 0.0098715 0.0122664 0.00745839 0.00565054 0.0152958 0.00786791 0.0451882 0.0161632 0.00869346 -0.00800152 0.0113678 0.0145756 0.00438108 0.0162976 0.00557582 -0.000709477 0.00917628 0.00586899 0.00159244 0.00132082 8.40361e-05 -0.000562939 -0.0012115 -0.00237768,800,0,cuda,1.73,8.21
test,2025,Maine_Coon_3,Maine_Coon,cat,correct,Maine_Coon,kernel,20,0.986029,33,0.768455,0.984955,0.2165,0.154601,0.698546,0.0,,0.699365,0.833333,0.0255173 -0.00248388 -0.0351018 0.19611 0.0112198 0.0107097 0.00180642 0.028645 0.0194297 0.0841888 0.00897632 -0.00229105 0.0536373 0.0733964 0.0130619 0.169806 0.0181559 0.165861 0.023242 0.0017433 0.0168334 0.00822576 0.00607402 -0.0158894 0.046845 0.00659053 -0.00211915 0.0130979 -0.00263408 -0.00540967 0.00710407 -0.0111102 -0.00177374,800,0,cuda,1.89,7.98
test,2025,Maine_Coon_3,Maine_Coon,cat,correct,Maine_Coon,partition,20,0.986029,33,0.768455,0.984955,0.2165,0.145952,0.661245,0.0,,,,0.0147014 0.0161673 -0.0263192 0.251093 0.00541865 0.0252515 0.0318624 0.033166 0.0397233 0.0417894 0.00305245 -0.00105655 0.0149083 0.061564 0.0262823 0.142783 0.0152908 0.190378 0.00744597 0.0105344 0.00721784 0.0147057 0.00895583 -0.00411946 0.0107847 -0.00125048 0.000254954 -0.00441855 -0.00276414 -0.00349737 0.0025387 -0.000234498 -0.000745545,800,0,cuda,1.72,7.98
test,2357,Persian_76,Persian,cat,correct,Persian,kernel,23,0.999891,28,0.818818,0.976889,0.158071,0.48385,0.913818,0.0,,0.655446,1.0,0.00561678 0.0294151 0.0121605 0.0209134 0.0691919 -0.00229265 0.00293664 0.241586 0.0415084 -0.00421981 0.0693855 0.019554 0.120457 0.0241208 -0.0065363 0.0124111 0.16345 0.00394481 0.0143522 0.022811 0.024805 0.0186072 0.0186502 0.0188171 -0.0160997 0.0207902 0.0291211 0.00920699,800,0,cuda,1.9,8.14
test,2357,Persian_76,Persian,cat,correct,Persian,partition,23,0.999891,28,0.818818,0.982783,0.163965,0.537184,0.774108,0.0,,,,0.00435919 0.00568027 0.0105494 0.0204421 0.0232135 0.00188388 0.00934566 0.117386 0.0294807 0.0104139 0.119211 0.00981533 0.123674 0.065666 0.0118534 0.044043 0.0809423 0.0182685 0.00648019 0.0344265 0.0321937 0.119816 0.0418927 0.0135926 0.00047456 0.00263109 -0.000896626 0.0278255,800,0,cuda,1.79,8.14
test,2602,Ragdoll_25,Ragdoll,cat,correct,Ragdoll,kernel,26,0.9966,38,0.35519,0.821622,0.466433,0.110589,0.822022,0.0,,0.626108,0.666667,0.0386792 0.00658738 0.0151533 0.0270415 0.0116417 0.0349137 -0.0144108 0.00922909 -0.00634107 -0.0173791 0.000848276 -0.00220163 0.025394 0.00124349 0.234369 0.177355 0.0080757 0.0451752 -0.00611734 0.132512 0.0102877 -0.000884092 0.0294753 -0.000366952 0.044742 0.0549529 0.000233476 0.0141175 0.0239052 0.0167822 -0.0125045 0.0237667 -5.92729e-05 0.000511796 0.0174346 0.0263094 0.0110949 0.00652337,800,0,cuda,1.93,8.09
test,2602,Ragdoll_25,Ragdoll,cat,correct,Ragdoll,partition,26,0.9966,38,0.35519,0.808309,0.453119,0.115978,0.773046,0.0,,,,0.0465011 0.00157077 0.00475828 0.0203869 0.0221609 0.00535348 0.0111025 0.00897234 0.00260816 0.0102931 -0.00471583 0.00745924 0.0426525 0.013367 0.217367 0.171691 -0.0101954 0.100359 0.0107477 0.0972314 0.00888943 0.0218335 0.0330728 0.0204592 0.044839 0.0358808 0.0200256 0.0153843 0.00113244 0.00360494 -0.00102779 -0.000116463 0.00143444 0.000255184 4.14925e-05 -0.000104401 0.00270606 0.000108018,800,0,cuda,1.68,8.09
test,2434,pomeranian_58,pomeranian,dog,correct,pomeranian,kernel,24,0.999843,37,0.731565,0.999145,0.26758,0.162513,0.907734,0.0,,0.34092,0.428571,0.0281678 0.0145098 0.00918319 0.0159198 0.0311575 0.00212948 0.331318 0.153227 0.010676 0.0157414 0.0437186 0.067168 0.0221372 -0.00156099 0.00732922 0.0484474 0.00735417 0.0475048 -0.0113578 0.070572 0.0151935 0.00970457 0.0560867 -0.00841454 -0.0110658 -0.0261407 -0.00161278 0.0235784 -0.0206397 0.00487463 0.0108894 -0.0307975 0.00708672 -0.00592335 0.0315789 0.0524606 -0.0399918,800,0,cuda,1.76,8.04
test,2434,pomeranian_58,pomeranian,dog,correct,pomeranian,partition,24,0.999843,37,0.731565,0.998983,0.267418,0.186539,0.91652,0.0,,,,0.0198628 0.0281253 0.0136534 0.0187449 0.0415319 0.00327605 0.155275 0.0904065 0.0574022 0.016737 0.0787387 0.0441551 0.0304416 0.0273274 0.0525853 0.0706126 0.0528143 0.00378317 0.00755585 0.0584156 -0.000995214 0.0002456 0.0303319 2.60036e-07 0.00365895 -0.00383472 0.00424405 0.00775125 0.00719661 -0.000155612 0.00297844 0.00251755 0.00435243 0.00335489 0.0124036 0.0125068 0.0222089,800,0,cuda,1.75,8.04
test,1347,english_setter_69,english_setter,dog,correct,english_setter,kernel,13,0.999847,46,0.706453,0.986146,0.279693,0.465162,0.916328,0.0,,0.560654,0.666667,-0.0184895 -0.0108126 -0.0144082 0.0184713 0.0312109 -0.00700701 0.0195664 0.014099 0.0525785 0.00415912 0.0176354 0.0980925 0.0160363 -0.0105586 0.000364185 0.0171019 0.0467476 0.0015219 0.0189309 0.015717 0.0180571 0.0299831 0.0123468 0.026861 -0.00182917 -0.0205241 0.00412886 0.164983 0.138287 0.0772222 0.00233648 0.031322 -0.0280559 0.00390621 0.0281965 0.00698325 -0.0118037 0.0512948 0.00561978 0.0311316 -0.00944994 0.0505918 -0.0265489 0.0328616 0.0254267 0.0308851,800,0,cuda,2.01,8.37
test,1347,english_setter_69,english_setter,dog,correct,english_setter,partition,13,0.999847,46,0.706453,0.986146,0.279693,0.463041,0.855986,0.0,,,,0.000945591 0.0102597 8.19241e-05 0.0195467 0.000118052 0.0235782 0.0131198 0.0252336 0.0880397 0.0204167 0.0223677 0.0675972 0.00834897 0.00851249 0.000642824 0.00430942 0.0502886 0.00922097 0.00522 0.00907644 0.0235594 0.0596939 0.0111268 0.0279103 0.0194247 0.00643077 0.0401799 0.0761971 0.0862321 0.0625947 0.00554468 0.00391634 0.00194667 0.00626366 0.013474 0.000878593 0.0214414 0.0347981 0.0202747 0.0220201 0.00909542 0.0239015 -0.0020467 0.00854379 0.00755684 0.00728709,800,0,cuda,1.83,8.37
test,1023,chihuahua_44,chihuahua,dog,correct,chihuahua,kernel,10,0.999954,39,0.309212,0.631336,0.322124,0.096474,0.916106,0.0,,0.194433,0.547619,-0.00797554 -0.0183691 0.00602884 -0.00245042 0.0370444 0.0511445 -0.032469 -0.0105638 0.0034012 -0.0154579 0.00934354 0.0155405 0.0382838 0.0233053 0.196807 0.252305 -0.0117156 0.0199684 0.00568828 0.00496987 0.0134678 0.0172489 0.0249964 0.0155349 0.297883 0.0617659 0.0210187 -0.00883898 0.0206561 -0.00966429 -0.0291216 0.0298173 -0.0399722 -0.0112754 -0.00269481 0.00396544 -0.0211481 0.000762843 0.00822304,800,0,cuda,1.85,8.33
test,1023,chihuahua_44,chihuahua,dog,correct,chihuahua,partition,10,0.999954,39,0.309212,0.821642,0.512431,0.10608,0.915852,0.0,,,,-4.19056e-05 -0.00052721 0.00289151 -0.00040382 0.000873095 -0.00169863 0.00279101 0.00233734 -0.000487387 0.00358202 0.00186084 0.00224133 0.0358234 -0.000132608 0.193797 0.228882 -0.000114825 0.0241419 0.0018682 0.00213239 1.97952e-05 -2.45649e-05 0.00159053 0.00802245 0.183112 0.0723553 0.00269569 0.00137755 0.109984 0.00812504 0.000587597 0.00198913 0.00161262 0.00100187 0.0396291 0.0109584 0.0107147 0.0016506 0.00223793,800,0,cuda,1.79,8.33
test,333,basset_hound_41,basset_hound,dog,correct,basset_hound,kernel,3,0.998776,32,0.419085,0.702474,0.283389,0.150022,0.824182,0.0,,0.415689,0.666667,0.0139708 0.000485463 0.0168683 -0.02286 0.00158967 0.0309532 0.0207219 0.0496513 0.00334418 0.0329956 0.00644824 -0.000644584 0.00201839 0.0278254 0.116074 0.0518868 0.19747 0.135545 0.0333199 0.00609378 0.0158819 0.00537875 0.13603 0.0308789 0.0209882 0.00749215 0.0188487 -0.00139729 -0.02625 0.0518991 -0.00991817 -0.00278243,800,0,cuda,1.92,8.31
test,333,basset_hound_41,basset_hound,dog,correct,basset_hound,partition,3,0.998776,32,0.419085,0.980375,0.56129,0.170018,0.820628,0.0,,,,0.00198082 -0.00322151 0.0274095 0.00862353 0.00732177 0.0367565 -0.000777367 0.0215711 0.012453 0.0350204 0.0203812 0.0221482 0.00716083 -0.00619825 0.0679972 0.077472 0.284313 0.128779 0.0147051 0.0220596 0.00401649 0.00883971 0.107832 0.00525808 0.00926451 0.00489449 -0.00108757 0.00801248 0.00171918 0.0281099 0.00600585 0.00198629,800,0,cuda,1.72,8.31
test,481,beagle_85,beagle,dog,correct,beagle,kernel,4,0.999965,40,0.505042,0.987286,0.482244,0.297821,0.958717,0.0,,0.45591,0.428571,-0.0152774 0.0224043 -3.31629e-05 0.0351964 0.00817503 -0.00135282 0.0396428 -0.00806905 0.00444901 0.0219828 0.0172207 0.301963 0.0376481 0.31948 -0.0074052 0.0115235 -0.00869406 0.00992744 -0.0247538 0.00495416 -0.0144008 0.0118569 0.0353316 0.0133584 0.0273539 -0.0133426 0.00252567 -0.00193191 0.00672472 0.0343303 0.0112424 0.00710989 0.0251645 0.00701837 0.0102426 -0.00952467 -0.0184532 0.0108264 0.0184949 0.00917001,800,0,cuda,1.71,7.92
test,481,beagle_85,beagle,dog,correct,beagle,partition,4,0.999965,40,0.505042,0.989686,0.484644,0.336702,0.825945,0.0,,,,-0.00206576 -0.000838857 0.00910275 0.110714 0.00699863 0.00301274 0.0362703 0.0157386 -0.000116936 0.0154814 0.00661797 0.0763353 0.11205 0.0656021 8.35373e-05 -0.00232107 -0.00294384 0.0801953 0.000869391 0.000244616 -0.00245415 0.000391417 0.0814213 0.0149583 0.057134 0.00203627 0.00287097 0.0599232 0.000982656 0.0417394 0.00148991 0.00238995 0.101994 0.00105089 0.000553461 0.000713461 0.00531883 0.0254046 0.0015673 0.0115633,800,0,cuda,1.79,7.92
test,2004,Maine_Coon_267,Maine_Coon,cat,correct,Maine_Coon,kernel,20,0.817584,42,0.482581,0.982756,0.500175,0.042821,0.882591,0.0,,0.934851,0.666667,0.0427667 -0.0459694 0.0183304 0.0261596 0.243647 0.0557876 -0.0334814 -0.024267 0.00888191 -0.015759 -0.00599083 0.00817241 0.0660077 0.202549 -0.0001869 0.00848833 -0.00597701 0.105764 -0.0313216 0.0680605 -0.0910695 0.228718 -0.0082021 0.0234217 -0.00994608 0.0242649 -0.0499078 0.0230425 -0.000146323 -0.0488136 -0.108623 0.0446744 0.0326011 0.00985253 -0.0639088 -0.0304001 0.0433323 -0.00441386 0.0658743 -0.00589315 -0.0155033 0.0124022,800,0,cuda,1.96,8.36
test,2004,Maine_Coon_267,Maine_Coon,cat,correct,Maine_Coon,partition,20,0.817584,42,0.482581,0.786864,0.304283,0.078602,0.833878,0.0,,,,0.0238764 -0.00614368 -0.00542903 0.00701766 0.0725607 0.0348799 0.00978873 0.0023387 0.0105778 0.00485296 0.0705403 0.00789844 0.0197981 0.0866229 0.0221808 0.0163558 -0.000206197 0.128957 0.0526166 0.0384514 0.022478 0.149592 0.00217386 0.0326971 0.0104076 0.0118864 -0.0248422 -0.0239226 0.00183461 0.013031 -0.0215248 9.12232e-05 -0.00460945 -0.00204326 0.00624613 -0.0144996 0.0120929 -0.0132616 0.00901493 -0.00788595 0.0115712 -0.00504408,800,0,cuda,1.76,8.36
test,3168,shiba_inu_8,shiba_inu,dog,correct,shiba_inu,kernel,31,0.999484,44,0.398637,0.992129,0.593492,0.106409,0.906614,0.0,,0.510571,0.547619,0.00288026 0.0177368 0.0170405 0.0272452 0.00106782 0.0223176 0.0218965 0.0225818 -0.0110866 0.0134188 0.0212854 0.173277 0.0296761 0.0113915 0.0217908 -0.0392293 -0.0478721 0.0337005 -0.0135657 0.0796147 -0.0294082 0.0121639 -0.0114028 0.317075 0.0131912 -0.00131463 -0.0210012 -0.0579493 0.0463869 0.0756091 0.139948 -0.00133875 0.04553 0.00488587 0.0411128 -0.0251689 0.0303899 0.0182412 -0.00800519 -0.023757 0.00398201 0.0214988 -0.0175767 -0.0145059,800,0,cuda,1.87,8.22
test,3168,shiba_inu_8,shiba_inu,dog,correct,shiba_inu,partition,31,0.999484,44,0.398637,0.869485,0.470848,0.160492,0.847075,0.0,,,,0.000810558 0.00350438 0.00611933 0.00149483 -0.000111544 -0.000239727 0.0283364 -0.000153499 0.00377576 0.00106599 0.0707514 0.105499 0.0285924 0.0093194 0.079352 0.00249295 -0.00514145 0.0612288 0.00251507 0.0478977 0.0111652 -0.00402092 -0.00812279 0.1331 0.00169551 -0.000182389 0.00416141 -0.00252215 0.0137913 0.0271769 0.123443 0.010059 0.00107152 0.00109996 0.145046 -0.0089242 0.00708011 0.00256089 0.00784929 -0.0022332 0.00423258 0.0436871 0.00472203 0.000707861,800,0,cuda,1.69,8.22
test,748,Bombay_62,Bombay,cat,correct,Bombay,kernel,7,0.999975,35,0.482422,0.871344,0.388922,0.337708,0.898076,0.0,,0.773109,0.547619,-0.0311716 -0.0166005 0.000574775 -0.00362655 -0.00698202 -0.00636844 0.0123519 -0.00487761 -0.00906907 0.291524 0.0107056 0.00215679 0.0188622 -0.0110829 0.00485091 0.00603684 0.0616087 0.018579 0.0209922 0.0541231 0.00705058 0.0610369 0.126281 0.0764997 0.075596 0.0230342 -0.00105701 0.0279438 0.00758497 0.071054 0.000148489 0.0336328 0.00590103 0.00301654 0.0203617,800,0,cuda,1.8,7.84
test,748,Bombay_62,Bombay,cat,correct,Bombay,partition,7,0.999975,35,0.482422,0.988832,0.506411,0.361585,0.910556,0.0,,,,-0.00719755 -0.0153615 -0.00263475 0.00172524 0.00525849 0.00137113 0.0234563 0.0133714 0.0273271 0.235977 0.0365436 0.0251623 0.0104756 -0.00269213 0.0489824 0.00362192 0.0516821 0.0205791 0.0371911 0.0334321 0.0427739 0.0376685 0.0727614 0.0473487 0.0565383 0.0431435 0.00127156 0.00650104 0.00168075 0.0517151 0.000301838 0.0223706 0.00344242 0.0102889 0.00459481,800,0,cuda,1.73,7.84
test,1785,keeshond_194,keeshond,dog,correct,keeshond,kernel,18,0.939254,43,0.577507,0.970665,0.393158,0.082111,0.631627,0.0,,0.772576,0.547619,0.0247661 0.0287678 0.0224353 0.0596433 0.0316122 0.00527163 0.0114934 -0.00600985 0.0709561 0.0456416 0.0440899 0.0321688 -0.0139993 -0.0330188 0.0172443 0.0323597 0.137632 0.0102563 0.00468706 -0.0108842 0.00918674 0.00604862 -0.0401305 0.0071926 0.00411125 0.0463756 -0.0132883 0.0726909 -0.00170597 0.0253013 0.0118169 0.0274572 -0.0299832 0.0475174 0.0933732 -0.0297987 0.00619089 0.0134955 0.0313527 0.0635753 -0.00735036 0.0390994 0.0116032,800,0,cuda,1.82,8.11
test,1785,keeshond_194,keeshond,dog,correct,keeshond,partition,18,0.939254,43,0.577507,0.901264,0.323757,0.150925,0.53382,0.0,,,,0.00438729 0.00821302 0.00905101 0.088017 0.0480236 0.0239455 0.0664019 0.00790313 0.0205969 -0.0215042 0.036914 0.0256665 -0.00624691 0.030726 0.00500805 -0.00169206 0.101178 0.00489452 0.0106547 0.00960849 0.0130354 0.00592716 -0.0113778 0.0155054 0.0027576 0.100255 0.00469048 0.045765 0.0333319 0.00499347 -0.00847578 0.0104164 -0.00912465 0.0558488 0.0911696 -0.0213177 0.0112862 0.0124137 0.0313559 0.0299913 0.0125755 0.00415658 0.00231897,800,0,cuda,1.61,8.11
test,88,Abyssinian_91,Abyssinian,cat,correct,Abyssinian,kernel,0,0.99985,40,0.484794,0.941289,0.456495,0.349449,0.93994,0.0,,0.714259,0.833333,0.0110482 -0.000742743 0.00728858 0.242329 0.019165 -0.00153212 0.0098856 0.00166703 0.0215127 0.0725382 0.0313278 0.00724589 -0.00448336 0.0152123 0.00179059 0.177213 0.0064204 0.0418791 0.0221682 -0.0125029 0.00659619 0.0204957 0.0368901 0.0285371 0.0235824 -0.00540322 0.00759199 0.0086348 0.0172256 0.0130476 0.014183 0.0077331 0.00729853 0.001039 0.00683883 0.0169882 0.0856543 0.0291708 -0.00709485 -0.0138714,800,0,cuda,1.95,8.33
test,88,Abyssinian_91,Abyssinian,cat,correct,Abyssinian,partition,0,0.99985,40,0.484794,0.834028,0.349235,0.394821,0.927962,0.0,,,,0.00228141 0.0110776 0.00714369 0.115292 0.00283092 0.00265672 0.00560243 0.0148521 0.00869448 0.079924 0.0302362 0.000631484 0.000801159 0.0280067 -0.0010948 0.100357 0.0176701 0.064169 0.0317947 -0.00845421 0.0229997 0.0255765 0.0852767 0.0905089 0.018217 0.000834387 0.00110615 0.0282305 0.0445244 0.00117075 0.0195757 0.0144384 0.0233908 0.0120635 0.0039444 0.00245609 0.0618085 0.000986817 -0.000490378 0.00347645,800,0,cuda,1.73,8.33
test,2577,pug_97,pug,dog,correct,pug,kernel,25,0.968093,31,0.517598,0.994776,0.477178,0.061977,0.83179,0.0,,0.681855,0.666667,0.00161712 0.0062387 -0.00638167 0.0237997 0.000554296 0.0147277 0.00350272 0.00525182 0.0547144 -4.48487e-05 0.157168 0.0104524 0.370446 0.00314767 -0.0437362 -0.00923353 -0.0329779 0.137216 0.250171 -0.00732503 0.000384093 -0.0224163 -0.00881267 -0.00440024 -0.00309766 -0.0225274 0.00154553 0.00398632 0.0622377 0.0208939 -0.0167509,800,0,cuda,1.92,8.06
test,2577,pug_97,pug,dog,correct,pug,partition,25,0.968093,31,0.517598,0.997872,0.480274,0.066819,0.781157,0.0,,,,0.00999796 0.00528078 0.0354135 0.00684685 0.00196076 0.00175969 0.0235381 0.00343915 0.0649549 0.00756625 0.191832 0.000827032 0.306066 0.0207607 0.032985 0.00219625 0.0472019 0.0125325 0.193146 0.00231967 0.000771828 0.00532465 -0.00667336 -0.00379292 -0.000249438 -0.00960179 -0.00319481 -0.00194498 0.00158819 -0.000325734 -0.00217536,800,0,cuda,1.6,8.06
test,2926,samoyed_50,samoyed,dog,correct,samoyed,kernel,29,0.998876,35,0.510603,0.965823,0.455221,0.195176,0.872286,0.0,,0.519608,0.666667,-0.00142726 0.0444554 0.0349172 0.0110195 -0.0302282 0.358505 0.0499722 -0.000911567 -0.000199693 0.0423981 0.00854714 0.013705 0.087536 -0.00553694 -0.00262495 0.200684 -0.0246922 0.017978 0.0562983 -0.0189677 0.00182193 0.00817967 0.02548 -0.00288324 -0.0419687 -0.0015521 0.00492712 0.0404738 0.0185116 0.0269887 0.0136494 0.00660734 -0.013273 0.0333734 0.0169312,800,0,cuda,2.08,8.09
test,2926,samoyed_50,samoyed,dog,correct,samoyed,partition,29,0.998876,35,0.510603,0.879723,0.369121,0.205294,0.863454,0.0,,,,0.00396169 0.00419906 0.0747177 0.0465651 0.0043904 0.31394 0.0423654 0.00168767 0.00104124 0.0803232 0.00182217 0.0706803 0.0719103 0.00157518 0.0017471 0.157926 0.000950671 0.01174 0.061821 -8.92848e-05 0.00873186 0.0020326 0.00116549 7.70308e-05 -0.000927216 -7.87738e-05 0.000307135 0.00716318 0.00223551 0.000108765 0.0028533 0.000585513 0.000260739 5.53629e-05 0.000847469,800,0,cuda,1.58,8.09
test,3131,shiba_inu_56,shiba_inu,dog,correct,shiba_inu,kernel,31,0.999717,38,0.47736,0.96572,0.48836,0.247513,0.932319,0.0,,0.38746,0.666667,0.0104779 0.0317003 0.0206437 -0.0156854 0.00908532 0.0500118 0.00960837 0.0662452 0.0140175 0.0407787 -0.00493178 0.0953254 0.166461 -0.0191007 -0.0147069 0.0624615 0.0234947 0.0233071 0.0983195 -0.00170564 0.0240034 -0.0135468 0.00378401 0.0259315 0.0570043 0.0173233 -0.00885064 0.0792489 0.015342 -0.00999002 0.00670693 0.00810099 0.00166737 0.0227854 0.01793 -0.0155021 0.0440974 0.0221434,800,0,cuda,2.0,8.17
test,3131,shiba_inu_56,shiba_inu,dog,correct,shiba_inu,partition,31,0.999717,38,0.47736,0.962697,0.485337,0.273024,0.931117,0.0,,,,0.00301577 0.00266144 0.00196768 0.0251238 0.0401251 0.00375765 0.0533771 0.0470243 0.00296965 0.0547402 0.00251542 0.0789568 0.0961108 0.00193742 0.00413315 0.0450653 0.00146047 0.0712473 0.100257 0.00313785 0.00954027 0.00348164 0.0379951 0.0135784 0.0327844 0.0344327 -0.00227522 0.0752164 0.0214159 0.0188082 0.00929513 0.0231546 0.000159929 0.00204563 0.00922778 0.00270186 0.0273385 0.00550101,800,0,cuda,1.69,8.17
test,45,Abyssinian_49,Abyssinian,cat,wrong,Egyptian_Mau,kernel,11,0.375363,38,0.822365,0.999155,0.17679,0.015465,0.415135,0.0,,0.697888,0.339286,-0.00890737 -0.000976885 -0.0240881 0.0159639 0.0115159 0.00163231 0.000790776 0.0259362 0.000664238 0.0214081 -0.00100815 -0.0030564 -0.0020548 0.0152491 0.0254499 0.0307634 -0.00888314 0.0320587 0.0171242 0.0334035 -0.0004406 0.0191703 -0.00211516 0.0125075 0.0113639 -0.00920434 0.0194609 0.0410707 0.0438674 0.0295234 -0.0384912 0.0231608 -0.0274302 0.0376541 -0.0155121 0.0210713 -0.0196102 -0.00988081,800,0,cuda,2.0,8.12
test,45,Abyssinian_49,Abyssinian,cat,wrong,Egyptian_Mau,partition,11,0.375363,38,0.822365,0.999252,0.176887,0.03136,0.419838,0.0,,,,-0.000879567 0.00212381 -0.00541277 2.05241e-05 0.00301156 0.00149718 -0.000742797 0.00180084 -4.17707e-05 -0.00114476 0.0019716 0.00608753 0.00287568 0.00182057 0.0331275 0.0182239 -3.1906e-05 0.0171765 0.018871 0.0517097 0.0167524 -0.00717886 -0.0131864 0.0130211 0.0149223 -0.0156583 0.0598305 0.0407602 0.0202466 0.0356224 -0.047477 0.00417328 0.00603439 0.0154913 -0.00991072 0.0293463 -0.000124179 0.00442124,800,0,cuda,1.56,8.12
test,1501,great_pyrenees_27,great_pyrenees,dog,correct,great_pyrenees,kernel,15,0.996361,33,0.381736,0.713093,0.331357,0.236367,0.905309,0.0,,0.304813,0.428571,0.00353428 -0.00671583 -0.00212854 0.00484346 -0.0158325 0.022743 0.0644142 0.031303 0.0199388 0.0957563 -0.0114803 0.0204191 0.0426859 0.000108146 -0.00735326 0.0319473 0.371367 0.0185746 0.105871 0.0387343 0.0248646 0.0299699 0.021532 -0.0311382 0.0441755 -0.0225857 -0.000197658 0.00370486 0.0163969 -0.00382169 -0.00818704 0.0151593 0.0170921,800,0,cuda,2.12,8.33
test,1501,great_pyrenees_27,great_pyrenees,dog,correct,great_pyrenees,partition,15,0.996361,33,0.381736,0.982056,0.600319,0.203339,0.910642,0.0,,,,-0.00870067 -0.00304619 -0.00144222 0.00216193 0.00128809 0.0055817 -0.00388021 0.00478687 0.00296211 0.121594 0.003311 0.0107068 0.108422 0.0115619 0.00781424 0.03851 0.433257 0.0190416 0.0399693 0.0319246 0.00676493 0.00263115 0.0326694 0.0136751 0.011982 0.00843325 0.00498706 0.00305939 0.00415374 0.0100962 0.00334001 0.00785681 0.000220861,800,0,cuda,1.69,8.33
test,3427,staffordshire_bull_terrier_62,staffordshire_bull_terrier,dog,wrong,american_pit_bull_terrier,kernel,2,0.868118,37,0.304668,0.571519,0.266852,0.026889,0.740868,0.0,,0.736486,0.547619,0.0078507 0.000453719 0.0145944 0.00756863 0.0673916 -0.000540935 0.0245171 0.00491178 0.129013 0.272596 0.0449752 -0.00457783 0.0404797 0.0051414 0.0493464 -0.0072661 0.00784884 0.0565259 0.102972 0.00165566 -0.00685576 -0.00704508 -0.0134949 -0.00119557 -0.00853992 -0.00391747 -0.0202348 -0.0206467 0.0285441 0.0345216 -0.000410343 0.017623 0.0148555 -0.00762038 -0.00478297 0.0212139 0.0011624,800,0,cuda,1.96,7.86
test,3427,staffordshire_bull_terrier_62,staffordshire_bull_terrier,dog,wrong,american_pit_bull_terrier,partition,2,0.868118,37,0.304668,0.419197,0.114529,0.108995,0.627719,0.0,,,,0.00659243 -0.000569254 0.0156704 -0.000479776 0.241386 -0.00268065 0.138255 -0.000989068 0.200751 0.0260828 -0.00884768 -0.00296183 0.0433978 0.0104605 0.00316232 0.00989799 -0.000872968 0.0534397 0.106642 -0.00159276 0.0103 -0.00166572 -0.000688011 0.00373004 0.00991585 -0.000873329 -0.00184375 -0.00362946 0.000930682 0.00264444 0.000405607 0.00100705 -0.00439102 -0.00471018 -0.000665028 0.000221763 0.00119989,800,0,cuda,1.62,7.86
test,3016,scottish_terrier_42,scottish_terrier,dog,correct,scottish_terrier,kernel,30,0.999873,35,0.557637,0.972343,0.414706,0.404088,0.898952,0.0,,0.879832,0.833333,0.0195461 0.00586158 0.0105656 -0.00371261 0.00481731 0.0900578 0.00156734 -0.00336547 0.0297089 -0.0110008 0.0787888 0.0230789 -0.0080592 0.0828622 0.00425956 0.109547 0.0141943 0.0151973 0.0238138 0.0253027 0.0717044 0.0844166 0.0174553 0.0553453 0.043182 0.00753101 0.017423 0.0183372 0.0481129 0.0166559 0.0229556 0.0132847 0.0203578 0.0282128 0.00778828,800,0,cuda,1.84,7.79
test,3016,scottish_terrier_42,scottish_terrier,dog,correct,scottish_terrier,partition,30,0.999873,35,0.557637,0.918982,0.361345,0.45064,0.919168,0.0,,,,0.0364368 0.000780031 0.00666832 0.00129541 0.00507133 0.0764967 0.0122676 0.00101003 0.0241257 0.00698041 0.0788728 0.0143647 0.0188246 0.029905 0.00134784 0.126801 0.0100261 0.00186696 0.047608 0.0529729 0.107506 0.0423181 0.00707634 0.0425931 0.0874351 0.0252948 -0.000372947 0.0148953 0.0807312 0.0113716 -0.00245298 0.000611872 0.00306667 0.00845975 0.00353764,800,0,cuda,1.69,7.79
test,1771,japanese_chin_90,japanese_chin,dog,correct,japanese_chin,kernel,17,0.999982,34,0.651268,0.804554,0.153287,0.287027,0.856713,0.0,,0.418335,0.666667,0.00813982 0.029229 0.0175536 0.0239515 -0.0328989 0.0790279 0.0680896 -0.00616806 -0.0252355 0.0597005 0.153401 0.0436612 0.131881 0.0197332 0.00676279 0.0225981 0.0141634 -0.0239456 0.0113876 -0.0142875 0.0284115 0.0883331 0.0370472 0.109844 -0.0189275 0.00568353 0.0770584 0.0129292 0.0249401 -0.0030287 0.00336317 0.0228096 0.00494214 0.00330332,800,0,cuda,1.88,7.95
test,1771,japanese_chin_90,japanese_chin,dog,correct,japanese_chin,partition,17,0.999982,34,0.651268,0.820292,0.169024,0.298546,0.883126,0.0,,,,0.0250899 0.0386753 0.00312985 0.0324814 0.00279099 0.0395297 0.0438203 0.00872245 0.00885915 0.0329497 0.103561 0.00778764 0.158517 0.022396 0.00702607 0.0227523 0.0748889 -0.00605273 0.0253098 0.0148222 0.00920842 0.043283 0.0558564 0.0682059 0.00494083 0.0256983 0.0442375 0.0330649 0.0128071 0.00109238 0.0109549 0.00534669 0.000516562 0.0011837,800,0,cuda,1.75,7.95
test,2241,newfoundland_64,newfoundland,dog,correct,newfoundland,kernel,22,0.999301,33,0.598174,0.994207,0.396032,0.268359,0.901832,0.0,,0.750836,0.833333,-0.000510502 0.0394539 0.00862571 0.00639061 0.108816 0.183868 0.0380354 0.0123769 0.0441332 0.0246354 0.0127139 -0.0596425 0.0841172 0.0160197 0.0186458 -0.0105052 0.20267 0.023199 0.0359936 6.41515e-05 0.0494349 -0.0194591 0.0565605 0.0409363 0.0230496 0.0268277 0.00829849 -0.00209578 -0.00897738 -0.00467343 0.000384328 0.0186438 -0.0148331,800,0,cuda,1.89,8.08
test,2241,newfoundland_64,newfoundland,dog,correct,newfoundland,partition,22,0.999301,33,0.598174,0.750365,0.152191,0.306146,0.895937,0.0,,,,0.00224848 0.05058 0.0164161 0.0850909 0.134391 0.143135 0.0198005 0.0095328 0.0103794 -0.0033954 -0.000804737 0.0018538 0.0262298 -0.000644762 0.0102939 0.0231019 0.131979 0.0227923 0.0239722 0.00359388 0.0621569 0.0226057 0.0704752 0.0575148 0.00426304 0.0272759 -0.000678463 0.00516855 0.0014317 0.00266288 -0.000775074 -0.000289594 0.000838287,800,0,cuda,1.79,8.08
test,1387,german_shorthaired_196,german_shorthaired,dog,correct,german_shorthaired,kernel,14,0.999979,27,0.42048,0.620131,0.199651,0.466488,0.887745,0.0,,0.74359,0.666667,0.0048963 -0.00702146 0.0483606 0.0958818 0.0213234 0.0177298 0.0695407 0.0464055 0.195224 0.00308285 0.029427 0.0136458 0.0154884 -0.0179279 -0.0173231 0.0204243 0.118064 0.00784642 0.0333564 0.0338331 0.106683 0.00750786 -0.001362 0.0542029 0.0524427 -0.00680759 0.0150476,800,0,cuda,1.99,7.89
test,1387,german_shorthaired_196,german_shorthaired,dog,correct,german_shorthaired,partition,14,0.999979,27,0.42048,0.616003,0.195523,0.5765,0.822931,0.0,,,,-0.00254825 0.00392473 0.0637704 0.0867092 0.0681484 0.0523662 0.104692 0.0501457 0.0945988 0.0035769 0.0252774 0.0161056 0.0124247 0.00108833 0.00171266 0.05756 0.0697064 0.00270213 0.0634354 0.0220182 0.0609341 0.011246 0.0035056 0.0119591 0.0629253 0.00361987 0.00836687,800,0,cuda,1.71,7.89
test,565,Bengal_70,Bengal,cat,wrong,Maine_Coon,kernel,5,0.98119,33,0.354492,0.811893,0.457401,0.152543,0.957538,0.0,,0.826203,0.666667,0.000306567 0.00497403 0.0102791 0.0281866 -0.0344962 -0.00642945 0.0270875 0.0924892 0.0288894 -0.00481209 0.478761 -0.0113921 -0.0154284 -0.00853293 -0.0175698 0.0284455 -0.0794021 0.0863046 0.00131168 0.126803 0.0334649 -0.0192319 0.0334634 0.113883 0.0146373 -0.00996294 0.0157903 0.017292 0.00849954 0.0107732 0.00425196 -0.00259716 0.00194642,800,0,cuda,1.97,8.04
test,565,Bengal_70,Bengal,cat,wrong,Maine_Coon,partition,5,0.98119,33,0.354492,0.638101,0.283609,0.393418,0.948274,0.0,,,,-0.000335534 0.00863526 -0.00129366 0.049244 -0.00587156 -0.0036504 0.0583721 0.0558521 0.124822 -0.0177795 0.286192 -0.00257941 -0.00277126 0.00203274 0.0155617 0.0166797 0.0305438 0.0112907 0.00453318 0.0679752 0.0456812 0.0812762 0.0433622 0.0540244 0.00108893 0.0174339 -0.000781444 0.000346568 0.000952819 0.00790415 0.00426979 0.00474931 0.000223024,800,0,cuda,1.62,8.04
test,3538,wheaten_terrier_72,wheaten_terrier,dog,correct,wheaten_terrier,kernel,35,0.99597,44,0.101762,0.700262,0.5985,0.113537,0.906197,0.0,,0.465046,0.666667,0.000649018 -0.00429564 -0.0253796 0.0283184 0.00424148 0.0179294 0.00147653 0.00640336 0.00575699 0.0195075 0.00271958 0.0256135 0.010545 -0.0204981 0.383424 0.0381143 -0.00587876 -0.0224824 0.0147622 -0.0153591 -0.0191966 0.0708714 0.00711411 0.00318717 0.0188926 0.115618 0.00536379 0.0100423 0.0487882 0.0340056 0.0119862 -0.0102953 0.129806 0.0149745 0.00990211 0.0281288 0.00215988 0.0151787 -0.00866418 0.00531507 -0.0150712 0.0194745 -0.0161668 0.020888,800,0,cuda,1.95,8.13
test,3538,wheaten_terrier_72,wheaten_terrier,dog,correct,wheaten_terrier,partition,35,0.99597,44,0.101762,0.389277,0.287515,0.124252,0.854222,0.0,,,,0.00189396 0.000732375 0.00115459 0.00180074 0.000876499 0.0247775 0.00199973 0.0106473 0.0128204 0.0020704 0.000925187 0.00261933 0.00325949 0.002738 0.121007 0.0283903 0.00759618 0.0378393 0.00797428 0.00349501 0.000670179 0.0439572 0.00387926 0.0460883 0.0753264 0.113384 0.028637 0.0635312 0.0335891 0.00942854 0.00424559 0.0112461 0.160827 0.0217805 0.0330516 0.0188493 0.00230547 0.00305021 -0.000149802 0.0100731 -0.000119538 0.00355022 0.0049235 0.00112899,800,0,cuda,1.63,8.13
test,3643,yorkshire_terrier_77,yorkshire_terrier,dog,wrong,wheaten_terrier,kernel,36,0.96172,42,0.215482,0.634331,0.41885,0.092509,0.917146,0.0,,0.614618,0.833333,0.0150248 0.0216501 -0.0103883 -0.0141055 -0.0214774 -0.00367035 -0.00866791 0.00448615 0.00266646 0.0731091 -0.0184368 -0.00771379 0.00566106 -0.014056 0.154609 0.0531249 -0.00718691 -0.0057653 0.0654614 -0.0224357 0.0041827 -0.0226314 0.00836501 0.301501 0.0171211 -0.0158249 -0.00641393 0.0418943 0.27978 -0.0103078 0.0151725 0.00715374 0.0284891 -0.0206023 0.0442025 0.00292423 -0.00904983 0.00188691 -0.000797632 0.0123447 0.0158732 -0.0365279,800,0,cuda,1.79,8.08
test,3643,yorkshire_terrier_77,yorkshire_terrier,dog,wrong,wheaten_terrier,partition,36,0.96172,42,0.215482,0.637522,0.42204,0.083871,0.880531,0.0,,,,-0.00310858 -0.00238058 -5.35867e-05 -0.0102206 -0.00566203 -0.000230128 -0.00348602 -0.000660741 -0.00108628 0.0144791 -0.00629748 -0.0026605 0.000710821 0.00659752 0.124155 0.134049 0.00310443 0.000660004 0.0327677 0.0478831 -0.00398883 0.00149949 0.0060051 0.268398 0.0211259 0.0179329 0.0136909 0.0398968 0.175693 0.00107137 0.0753358 0.017786 -0.00544756 -0.0311545 -0.00582288 0.0136474 -0.0094827 -0.00206628 0.011819 -0.0114509 -0.000352928 -0.00207141,800,0,cuda,1.61,8.08
test,1989,Maine_Coon_242,Maine_Coon,cat,wrong,Abyssinian,kernel,5,0.595943,42,0.549446,0.975514,0.426068,0.063297,0.825462,0.0,,0.81841,0.833333,0.0495065 -0.000958713 -0.0113231 0.0459857 -0.0227664 0.015648 -0.00160305 0.133653 -0.00837766 0.132305 0.0185261 0.0387948 -0.0161497 0.0153531 0.107859 -0.00657332 0.0189392 0.0378266 0.114949 0.0152082 0.0130871 0.0030448 -0.00777 -0.0697631 -0.032232 -0.104546 -0.00351701 0.00943534 -0.00780249 0.028695 -0.039156 0.0135525 0.117847 0.0694322 -0.00277679 -0.0318805 -0.0214241 -0.0297161 -0.014179 0.0108507 0.014344 -0.0195904,800,0,cuda,2.0,8.17
test,1989,Maine_Coon_242,Maine_Coon,cat,wrong,Abyssinian,partition,5,0.595943,42,0.549446,0.676626,0.12718,0.092243,0.789618,0.0,,,,0.00718422 0.0140836 0.0073008 0.0333904 -0.00247288 -0.00641784 0.00445208 0.0481419 -0.00481969 0.0625596 -0.0048365 0.0329034 0.0467794 0.00956571 0.0649734 0.00280867 0.0383872 0.0496788 0.079515 0.0105996 0.0715178 0.0191705 0.019175 -0.0311454 -0.00176527 -0.131294 -0.0188405 0.0411205 0.0295984 0.0265398 -0.0385321 0.0197481 0.0447698 0.0423297 -0.0120766 -0.0145784 0.00255983 0.00489068 -0.00655664 0.00921087 0.00901336 -0.00589477,800,0,cuda,1.64,8.17
test,1359,english_setter_7,english_setter,dog,correct,english_setter,kernel,13,0.99943,39,0.73581,0.995048,0.259238,0.13187,0.769462,0.0,,0.466296,0.547619,-0.0131448 0.0122923 0.0192854 0.00524877 0.049888 0.150283 0.0314379 -0.0329013 0.00408157 0.0231181 0.0363555 0.165319 0.0357371 0.0916777 0.000858896 0.0460048 -0.00929626 0.00497614 0.0241442 0.016264 0.140782 0.0462697 0.0358005 0.024609 0.0338655 0.0104764 0.00217724 0.0205248 -0.0072671 0.0183174 -0.0507618 0.0518242 -0.0246926 -0.00441982 -0.0171599 0.0225236 0.00463906 0.0163479 -0.000732526,800,0,cuda,1.99,8.11
test,1359,english_setter_7,english_setter,dog,correct,english_setter,partition,13,0.99943,39,0.73581,0.998886,0.263076,0.187172,0.745673,0.0,,,,0.000817414 0.00254463 0.0011596 0.00960547 0.0276146 0.0289779 0.0042709 0.00196086 0.00354312 0.0316001 0.0205788 0.234573 0.0749587 0.0829961 0.001896 0.00478321 0.00436782 0.0635302 0.021391 0.0214279 0.108264 0.0135179 0.0536476 0.0259015 -0.000488983 0.0107519 0.0458697 0.0291657 0.00125183 0.00401249 0.00220247 0.00547916 0.000215101 0.0134436 0.0193208 0.0045303 0.00409537 0.000976183 3.96578e-07,800,0,cuda,1.63,8.11
test,1981,Maine_Coon_21,Maine_Coon,cat,correct,Maine_Coon,kernel,26,0.993431,42,0.419822,0.511198,0.091376,0.140008,0.625067,0.0,,0.716149,0.547619,-0.00330111 -0.0183499 -0.0141545 0.0184907 -0.0158334 0.0477542 0.0106119 0.0587255 0.00357527 0.00708439 0.0663014 -0.00543842 0.0175929 0.0603288 0.0152109 -0.0236595 0.0894582 -0.0114428 0.0438089 0.0407285 0.0489751 0.0723266 -0.00759688 0.080673 0.0460688 0.043086 0.0171228 0.00588754 0.0154001 0.0410762 0.0474154 0.0205435 0.07888 0.0525681 0.0152656 0.0132279 -0.00389997 0.0108782 -0.000169029 0.0191851 0.00269525 -0.0221801,800,0,cuda,1.85,8.08
test,1981,Maine_Coon_21,Maine_Coon,cat,correct,Maine_Coon,partition,26,0.993431,42,0.419822,0.960879,0.541057,0.179645,0.55517,0.0,,,,0.0116455 0.0556329 0.0309191 0.00777961 0.00593121 0.0180288 0.010626 0.0437459 0.0111733 0.0198002 0.0426089 0.0305049 0.019441 0.0174268 0.0124662 0.00273748 0.0635494 0.00439227 0.034069 0.0659273 0.0567998 0.0732425 0.0156587 0.0797134 0.0233723 0.0116745 0.0321758 0.00855937 0.0127401 0.0230927 0.0153179 0.0218356 0.0462689 0.0183868 0.0103292 0.00493296 0.00702552 0.00499002 -0.00155152 0.00941969 0.00219907 0.000332141,800,0,cuda,1.66,8.08
test,572,Bengal_77,Bengal,cat,correct,Bengal,kernel,5,0.803476,38,0.304448,0.437059,0.132611,0.229137,0.941679,0.0,,0.679287,0.339286,-0.00173699 -0.00896737 -0.00228088 0.0484459 -0.00695677 1.52643e-05 -0.00328583 -0.0180978 0.109484 0.117092 0.0222397 0.0129202 0.0360537 -0.00747923 0.054391 -0.00416314 0.0586607 0.0221024 -0.0149085 0.0195372 0.0761905 -0.0431656 -0.0223149 0.066844 0.00369892 0.000939578 -0.0311986 -0.00829683 -0.00742825 0.00394681 0.288839 0.0157596 -0.0253965 0.0105602 0.00532312 -0.0178115 0.012203 0.0185121,800,0,cuda,1.94,8.15
test,572,Bengal_77,Bengal,cat,correct,Bengal,partition,5,0.803476,38,0.304448,0.580873,0.276425,0.359047,0.854358,0.0,,,,0.00332313 -0.00104115 0.00598129 0.0190731 0.00382722 0.00440069 0.0427041 0.00682963 0.0473734 0.0277773 -0.000126788 0.0056128 0.0057583 0.118216 0.0327762 0.000799562 0.118855 -0.0113066 0.0102804 -0.00076001 0.058804 0.018074 0.00108838 0.0260271 -0.00399134 0.000824177 0.00723443 -0.00189289 0.00162762 0.000381497 0.111485 0.0156545 0.00126743 0.000564513 0.0158748 -0.000583879 0.0838951 0.0035829,800,0,cuda,1.73,8.15
test,793,boxer_198,boxer,dog,wrong,american_bulldog,kernel,1,0.995821,38,0.576192,0.996243,0.420051,0.219062,0.87695,0.0,,0.493489,1.0,0.00875766 0.0118577 0.044039 -0.00925408 0.0247711 -0.00606859 -0.0212106 -0.0211505 0.025113 0.0526739 0.146298 0.0126627 0.035264 -0.0294132 0.03452 0.0066254 0.0989093 -0.00497784 0.31544 0.105786 0.00766838 0.0142673 0.0246185 0.0167776 0.0164855 0.0299814 -0.00778063 0.0080316 0.0116368 0.0145722 -0.0199608 0.000429649 0.00595028 0.0189843 0.013173 -0.00302219 0.00719616 -0.00328914,800,0,cuda,1.97,8.23
test,793,boxer_198,boxer,dog,wrong,american_bulldog,partition,1,0.995821,38,0.576192,0.996243,0.420051,0.16807,0.875567,0.0,,,,-0.000790504 -0.00530826 0.0038222 0.0147414 0.0241341 0.0154325 -0.000802115 -0.0042203 0.00267204 0.117748 0.236248 0.00696829 0.00232678 -0.00456194 0.0211714 0.0147764 0.0795748 0.00789668 0.180544 0.0920571 0.010229 0.0549135 0.00886248 0.00753503 0.0117524 0.0131232 0.000595679 0.00178366 0.0108697 0.00796208 0.00824415 0.00554457 0.00149195 0.00106338 0.00401449 0.0200489 0.00504181 0.00885536,800,0,cuda,1.78,8.23
test,304,basset_hound_197,basset_hound,dog,wrong,beagle,kernel,4,0.775261,35,0.038126,0.204841,0.166715,0.01517,0.591259,0.0,,0.567087,0.833333,0.0156112 -0.0276386 -0.00465573 0.00667056 0.00453822 -0.0168932 -0.0192875 0.0197955 -0.0172891 -0.0245316 -0.0033999 -0.0136923 0.0201751 0.0096287 -0.00805864 0.00623235 0.0320515 0.17753 0.00224867 0.0188279 0.0275126 0.00495172 0.1864 -0.0251562 -0.00460186 0.193168 0.004261 0.00830729 0.00552712 0.0347557 -0.00395688 0.0739524 -0.00198453 0.0224498 0.0139254,800,0,cuda,2.03,8.15
test,304,basset_hound_197,basset_hound,dog,wrong,beagle,partition,4,0.775261,35,0.038126,0.219442,0.181317,0.032544,0.655695,0.0,,,,-0.00243827 -0.00264699 -0.00332458 -0.003269 -0.000640129 -0.00869314 -0.00239455 -0.00384176 -0.00350243 -0.00554939 -0.00194923 -0.00963146 0.00411457 -0.000322717 -0.00658004 0.00356376 -0.0041056 0.135472 -0.00155488 -0.00089469 -0.015347 -0.00229526 0.299361 -0.000713789 -0.00102245 0.167853 0.00849812 -0.00621215 0.00572264 0.0173252 0.00604686 0.118766 -0.0011044 -0.000873567 0.0395596,800,0,cuda,1.67,8.15
test,3475,wheaten_terrier_197,wheaten_terrier,dog,correct,wheaten_terrier,kernel,35,0.999493,35,0.2102,0.892106,0.681906,0.224051,0.914104,0.0,,0.609384,0.666667,-0.000990804 -0.00186735 0.0343475 0.00127669 -0.000514573 -0.0104538 0.03322 -0.00181988 -0.00426441 0.00392351 0.0146105 -0.00226059 0.0121423 0.0295714 0.0108416 0.0223478 -0.0185754 0.0182774 0.00936622 -0.0241472 0.040888 0.114889 0.00800083 0.0619114 0.114186 0.303379 0.00943163 0.0834038 0.048173 0.0153915 0.0259909 -0.0111756 -0.00661081 0.032241 0.00626343,800,0,cuda,1.84,7.91
test,3475,wheaten_terrier_197,wheaten_terrier,dog,correct,wheaten_terrier,partition,35,0.999493,35,0.2102,0.552663,0.342462,0.35525,0.912629,0.0,,,,0.00346735 0.000987843 0.00684509 0.00464459 0.00203351 0.000185251 0.012006 0.0118741 -0.000720716 -0.000390081 0.00627416 0.00141904 -0.000158542 0.0104949 -0.000551171 0.0429458 0.0126989 0.0370956 -0.00059822 0.000581959 0.0213875 0.0886595 0.0702212 0.0384873 0.10197 0.296898 0.0406471 0.0644548 0.00566435 0.00137633 0.00824274 0.0188894 0.0147042 0.0453969 0.00325848,800,0,cuda,1.72,7.91
test,682,Birman_86,Birman,cat,correct,Birman,kernel,6,0.731788,39,0.385882,0.906457,0.520576,0.032609,0.939366,0.0,,0.575709,0.833333,0.0111533 0.00715902 -0.0300836 -0.0320067 -0.013834 0.0122876 -0.0303723 -0.0223532 -0.0113631 -0.0181171 -0.0237535 -0.0241018 -0.00893457 0.366731 0.0308337 0.0343005 -0.00589335 -0.0223507 0.00600717 0.13042 0.312213 -0.0375022 0.0273669 -0.00105758 0.0044019 0.0865144 0.0613666 -0.0206184 0.0187684 -0.0186428 0.000404498 -0.00318549 -0.00825774 -0.020235 -0.0193843 -0.00409494 -0.031915 0.00750283 0.00369021,800,0,cuda,2.0,8.05
test,682,Birman_86,Birman,cat,correct,Birman,partition,6,0.731788,39,0.385882,0.906457,0.520576,0.051984,0.933692,0.0,,,,-0.0109489 -0.0216998 -0.00761358 -0.034849 -0.00483227 -0.00473476 -0.00314894 -0.00727635 -0.018322 -0.00205471 0.0020357 -0.00942085 0.00736798 0.231676 -0.0137036 0.00778207 -0.0153202 -0.0159926 -0.00307508 0.269444 0.236589 -0.0120642 -0.00354666 -0.0093728 0.0612704 0.0613167 0.159535 -0.0230471 -0.0121782 -0.0265315 0.0401491 -0.0301593 -0.021897 0.000378995 -0.00903638 0.00110047 -0.0198468 -0.0168149 -0.00809394,800,0,cuda,1.66,8.05
test,1846,keeshond_69,keeshond,dog,correct,keeshond,kernel,18,0.997428,40,0.415617,0.994883,0.579266,0.226175,0.924359,0.0,,0.612008,0.547619,-0.0234107 -0.00336843 -0.020094 -0.0095269 0.00293106 0.0026105 0.0215091 -0.00805325 0.0156144 0.0140544 0.0147374 0.0324764 0.004178 0.000103488 0.00435045 0.0632308 0.0500626 0.00740127 0.0422002 0.143198 0.0080359 -0.0108527 0.000801128 0.0486813 0.0196349 0.229174 0.017046 0.0746081 0.0135962 0.0798226 -0.0154087 -0.0235864 0.0132365 0.0382526 -0.00865326 -0.00396218 0.0418719 0.030834 0.0345723 0.0255097,800,0,cuda,1.97,8.07
test,1846,keeshond_69,keeshond,dog,correct,keeshond,partition,18,0.997428,40,0.415617,0.989907,0.574289,0.231093,0.894358,0.0,,,,0.00303294 0.0137922 0.00106039 0.00161245 0.00598771 0.00315196 0.00281178 0.00397427 0.033954 0.00537731 -0.000364334 0.028728 0.00154434 0.00896522 0.00255357 0.0645402 0.101793 0.0591427 0.0411318 0.122929 0.00478592 0.0012723 -0.00103982 0.0290483 0.00308782 0.149259 -0.001032 0.050248 0.00539023 0.050556 -0.00513149 -0.001772 0.0225539 0.0430794 -0.0102991 -0.00913775 0.0826983 0.0291553 -0.0125336 0.0315123,800,0,cuda,1.75,8.07
test,326,basset_hound_35,basset_hound,dog,correct,basset_hound,kernel,4,0.930103,42,0.103675,0.554251,0.450576,0.026028,0.960289,0.0,,0.637469,0.666667,-0.0085862 -0.0268756 -0.00417872 -0.0279963 -0.00803062 0.0084854 0.035596 0.00781811 0.0101879 0.0186593 0.00824548 0.00143165 -0.00784217 0.00080745 -0.00621568 0.0425418 -0.0115898 -0.0205625 0.0126539 -0.0362789 -0.0266834 0.0232617 0.432011 -0.0116753 0.311783 -0.0052788 0.00101515 0.0100802 0.0110458 0.171688 -0.000104766 0.00339801 0.00768636 -0.00850158 -0.0116279 -0.0096771 -0.00239755 -0.00058797 0.0102312 0.000843744 -0.00184195 -0.0207206,800,0,cuda,1.77,7.81
test,326,basset_hound_35,basset_hound,dog,correct,basset_hound,partition,4,0.930103,42,0.103675,0.744775,0.6411,0.028071,0.941499,0.0,,,,-0.00815252 -0.010266 -0.00259985 -0.0161614 -0.00165223 -0.0058075 0.0070843 0.00279445 -0.00701552 0.00747191 -0.00321465 -0.00299001 -0.00328159 -0.00219229 0.0169696 0.0591295 0.0125271 0.0535847 -0.00269407 -0.00714625 -0.0151659 0.0798514 0.306454 0.000200333 0.191855 0.00121287 -0.00555724 0.0436408 0.00359481 0.140719 0.00117514 -0.00166586 0.0237406 0.0193191 -0.000788074 -0.000596181 0.000449515 -0.00252501 -0.00546492 0.00194894 0.0032554 0.000176514,800,0,cuda,1.76,7.81
test,3200,Siamese_247,Siamese,cat,correct,Siamese,kernel,32,0.99969,40,0.640924,0.990189,0.349266,0.190657,0.878472,0.0,,0.497373,0.428571,-0.011561 0.00642425 -0.013084 0.000445431 0.00832177 0.0564948 0.00650027 1.33067e-05 -0.0100215 -0.0224703 0.108144 0.00817976 -0.00141135 0.224117 0.0074935 0.150837 0.0530233 -0.0127492 -0.0360755 0.128509 0.0648249 -0.0212941 0.0192243 0.0425916 0.0758474 0.0211693 0.0066545 0.0558085 0.0164465 0.0425971 0.00637996 -0.0225076 0.00507024 -0.0077402 -0.03191 -0.00585886 0.0268168 0.0700736 0.00771969 -0.0352336,800,0,cuda,1.7,7.63
test,3200,Siamese_247,Siamese,cat,correct,Siamese,partition,32,0.99969,40,0.640924,0.868133,0.227209,0.133258,0.862451,0.0,,,,0.0156198 0.0105482 0.00141487 0.00660423 0.0157145 0.0710692 0.0108346 0.0136355 0.000290644 0.0117726 0.131439 0.0368611 0.000451524 0.194146 0.047378 0.0604612 0.0838713 0.00411239 0.00256666 0.126197 0.0433017 0.00311883 -0.000714104 0.0395395 0.0129284 0.0048449 -0.00093926 0.00951363 2.26373e-05 0.00197947 0.00141978 0.00325606 0.00250813 0.0024484 0.00334768 0.00417713 0.000358046 0.00771926 0.00226257 0.0017298,800,0,cuda,1.73,7.63
test,1861,keeshond_82,keeshond,dog,correct,keeshond,kernel,18,0.99987,33,0.54267,0.59389,0.05122,0.483787,0.911324,0.0,,0.542781,0.547619,0.00281649 0.0176057 0.0182373 0.025768 0.0317468 0.0237726 0.00254225 -0.00762516 0.0615905 0.0150765 0.00438383 0.0290557 0.0563352 0.00518095 0.0448045 0.365663 0.00533978 0.0269601 -0.00922525 -0.0154628 0.10648 0.00628065 0.0204671 -1.11468e-05 0.0399338 0.0165115 -0.000719387 -0.0141731 0.032444 0.0181722 0.0155268 0.0249288 -0.000546183,800,0,cuda,2.0,7.98
test,1861,keeshond_82,keeshond,dog,correct,keeshond,partition,18,0.99987,33,0.54267,0.622742,0.080072,0.550702,0.856841,0.0,,,,-0.00185151 0.00141848 0.00830438 0.0248102 0.0273664 0.00325435 -0.00108219 0.0115062 0.0487449 -9.42866e-06 0.00174085 0.066505 0.0696069 9.9524e-05 0.0623502 0.15794 0.00720675 0.0197974 0.0140254 0.0199354 0.0275928 0.0488505 0.0334954 0.0424919 0.0679909 0.0135761 0.0133971 0.0321962 0.0155594 0.0732086 0.0354549 0.0119201 0.0124577,800,0,cuda,1.82,7.98
test,2252,newfoundland_74,newfoundland,dog,correct,newfoundland,kernel,22,0.999849,41,0.600666,0.87911,0.278444,0.437523,0.921065,0.0,,0.779791,0.666667,0.0105256 -0.00303004 0.0165158 0.00276818 0.0337601 -0.0116403 0.0152428 0.00723726 -0.0131434 0.01811 0.18116 -0.000735813 0.01042 0.0521818 0.0155917 0.00714951 0.0309171 0.0348643 0.050915 0.0364787 0.10951 -0.00607968 0.0265283 0.0159522 0.00742456 0.00839955 0.0345834 -0.013888 0.0192819 0.00089266 0.243161 0.000544833 0.0177708 -0.0201167 -0.00509495 0.0213346 0.019379 0.0160346 -0.013223 0.00189026 -0.0158284,800,0,cuda,1.78,8.07
test,2252,newfoundland_74,newfoundland,dog,correct,newfoundland,partition,22,0.999849,41,0.600666,0.912515,0.311849,0.409179,0.921504,0.0,,,,0.000137046 -0.000306317 0.00686554 0.000368728 0.00430345 0.000546988 0.00180784 -5.42034e-05 0.000158054 0.0380524 0.0964548 0.000414308 0.000480512 0.0598248 0.0281983 0.00736007 0.015939 0.0220151 0.0695363 0.0888274 0.118743 0.00091397 0.0375306 0.0134593 0.00513222 0.0544812 0.0336539 0.039258 0.0376292 0.0110834 0.108717 0.00224365 0.0098497 0.00841496 0.00353065 0.00514222 0.00798923 0.0182357 0.00133682 0.00149946 0.00397091,800,0,cuda,1.85,8.07
test,1047,chihuahua_66,chihuahua,dog,correct,chihuahua,kernel,10,0.998685,48,0.415577,0.975199,0.559622,0.084933,0.916098,0.0,,0.474815,0.666667,0.0107685 0.022156 -0.00557993 0.0127929 0.0518252 -0.00395646 -0.00344527 0.0040157 0.0632908 0.0307555 0.0364158 0.0414934 0.115979 0.0913637 0.0106268 0.024455 -0.0422831 -0.0294124 0.256242 -0.0517084 0.155753 -0.01307 0.0285022 0.0522931 0.0256557 -0.000421435 0.0449181 0.0298793 -0.0244467 0.0294813 0.0240961 0.0122559 0.0302194 -0.0154288 0.00380284 -0.0424423 0.00832486 0.0131136 0.0640252 0.00191465 -0.00439738 0.00810198 -0.0135047 -0.0211974 -0.039722 -0.0138955 -0.013298 -0.0101212,800,0,cuda,1.97,8.34
test,1047,chihuahua_66,chihuahua,dog,correct,chihuahua,partition,10,0.998685,48,0.415577,0.574306,0.158728,0.112332,0.845681,0.0,,,,0.00279165 0.000658837 0.000562638 0.00123641 0.0126116 0.00316925 0.032296 0.015614 0.00243144 -0.000312853 0.117806 0.0102827 0.157094 0.119979 0.00378913 0.0282213 0.00927084 0.00252997 0.207548 0.00542933 0.0983662 0.0208315 0.0359203 0.0374488 -0.000560052 0.00448786 0.00151582 0.000543072 0.00300111 0.00258983 0.000484587 0.00363389 -0.000416552 0.000251905 -0.000374104 0.00198684 0.00167694 0.00169006 0.000154728 7.94924e-05 0.000347883 0.00199481 0.00307064 0.0012433 0.00281132 -0.00010417 0.000695141 -0.000194789,800,0,cuda,1.83,8.34
test,710,Bombay_23,Bombay,cat,correct,Bombay,kernel,7,0.999887,29,0.540597,0.638104,0.097507,0.281273,0.856683,0.0,,0.692118,0.666667,0.00650116 0.120133 0.0888388 0.000130692 0.00586016 -0.00841491 0.021727 0.00293813 0.0576139 0.237118 0.0133692 0.0241872 0.0260066 0.235303 0.0546586 0.0308443 0.0197683 0.0158025 0.00611457 0.00677295 -0.0231557 0.0156741 -0.0118417 -0.00905563 -0.0292819 0.0362795 0.0205251 -0.00851264 -0.00531921,800,0,cuda,1.98,8.04
test,710,Bombay_23,Bombay,cat,correct,Bombay,partition,7,0.999887,29,0.540597,0.682721,0.142124,0.29019,0.831831,0.0,,,,-0.0147947 0.0731708 0.0916327 0.00979416 0.00193724 0.00222034 0.0520952 0.0170627 0.0921643 0.306091 0.0304722 0.0851788 0.0058822 0.13403 0.0504967 0.0178662 -0.00419889 0.000439846 0.001284 0.0055881 -0.00105868 0.000113108 -0.000271097 -0.000785133 -0.00162004 -0.00294678 -0.000799304 -0.000426792 -3.37483e-05,800,0,cuda,1.8,8.04
test,3459,staffordshire_bull_terrier_91,staffordshire_bull_terrier,dog,correct,staffordshire_bull_terrier,kernel,34,0.967359,35,0.195273,0.566528,0.371256,0.163703,0.79615,0.0,,0.535434,0.339286,-0.00161383 0.0153156 -0.00413363 0.00861515 0.00543383 -0.00183894 0.0394566 -0.0212816 0.0454211 0.32772 0.0210532 0.0085351 0.0148359 0.015723 -0.00815936 0.0646765 0.0374922 0.0527401 0.0361594 -0.0280301 -0.0064887 0.0418014 0.0311725 0.0793642 0.020894 0.0116948 0.0239943 0.0260136 0.0413154 -0.00950848 0.0114606 0.0097119 0.0160167 0.0101722 0.0255998,800,0,cuda,1.88,7.99
test,3459,staffordshire_bull_terrier_91,staffordshire_bull_terrier,dog,correct,staffordshire_bull_terrier,partition,34,0.967359,35,0.195273,0.851215,0.655942,0.139153,0.764139,0.0,,,,0.0303258 0.00139886 0.00731146 0.0208787 0.0222299 0.00249126 0.0778529 0.00408983 0.0265468 0.208357 0.0084202 0.00420394 0.0100311 0.0189278 0.0168331 0.0410004 0.0501587 0.0737576 0.0165538 0.00287861 0.00894764 0.0505207 0.035306 0.0776622 0.0191574 0.00714577 0.025739 0.0245478 0.0189199 0.0027688 0.00348531 0.0148197 0.0184743 0.00663116 0.00296156,800,0,cuda,1.73,7.99
test,1496,great_pyrenees_22,great_pyrenees,dog,correct,great_pyrenees,kernel,15,0.997836,30,0.651148,0.883079,0.231931,0.165455,0.905463,0.0,,0.782425,0.666667,-0.00538337 0.00829583 -0.00847318 -0.0164285 -0.0209714 0.0116653 0.0229623 -0.00713609 -0.00839179 0.00443814 -0.000597853 0.0697223 0.0626878 0.00635385 0.340767 0.0327955 0.0349636 0.0139262 -0.0130524 0.109398 0.223592 -0.000535472 -0.0108472 0.0461046 0.0596351 -0.0253532 0.0390053 -0.00321841 -0.0022345 -0.0265201,800,0,cuda,2.03,7.82
test,1496,great_pyrenees_22,great_pyrenees,dog,correct,great_pyrenees,partition,15,0.997836,30,0.651148,0.877549,0.226401,0.164421,0.881675,0.0,,,,-0.00192437 0.0013425 0.00848862 -0.00117372 -0.0150073 0.00501654 0.0123951 0.00714048 0.00728115 0.00426294 0.0100213 0.0447023 0.0258894 0.0104056 0.0759223 0.0318077 0.031594 0.0107871 0.00214573 0.206964 0.393688 0.00345217 0.0022309 0.0444551 0.0361675 -0.00836692 -0.00858397 -0.00317721 0.00470196 -0.00545954,800,0,cuda,1.76,7.82
test,2327,Persian_45,Persian,cat,correct,Persian,kernel,23,0.997514,31,0.6762,0.978458,0.302258,0.220498,0.892422,0.0,,0.757056,1.0,0.0144445 0.00274545 0.115573 0.284398 0.0619854 0.0370561 0.100348 -0.00419319 -0.00111436 0.1243 0.185681 -0.0447041 -0.00235521 -0.0359042 -0.00781729 0.0178042 0.0445768 0.00203711 0.00334023 -0.0224265 0.00991405 0.0246168 -0.0165971 0.0226258 0.000636843 0.0326156 0.0156052 0.00234933 0.00791701 -0.0199796 0.0268095,800,0,cuda,1.97,8.18
test,2327,Persian_45,Persian,cat,correct,Persian,partition,23,0.997514,31,0.6762,0.978458,0.302258,0.201246,0.878639,0.0,,,,0.0136227 0.0148126 0.1423 0.223918 0.0622512 0.00461279 0.121506 -0.00273956 -0.00651798 0.111223 0.0798087 0.0501489 0.00435867 -0.00486132 0.00170953 0.00876298 0.0202506 -0.00099877 0.0108746 -0.00157768 0.0147461 0.0274875 0.01179 0.0131386 0.00184022 0.0251402 0.0061119 0.00219313 0.0135065 0.00655321 0.00631476,800,0,cuda,1.78,8.18
test,465,beagle_70,beagle,dog,correct,beagle,kernel,4,0.453086,41,0.328364,0.838156,0.509791,0.111811,0.899241,0.0,,0.728571,1.0,-0.001834 -0.00192302 -0.0181409 0.0108952 -0.0834827 0.0571273 -0.100873 -0.0838602 -0.00912714 0.0175737 0.21156 0.177623 0.0221672 0.0175315 0.000854776 0.00268994 0.00639836 -0.0032959 0.0191949 0.109797 -0.0908068 0.00248674 0.00132608 0.0645845 0.0299784 0.0541727 -0.0112316 -0.0402816 0.0167065 0.0060189 0.0188537 0.00685255 0.0109848 -0.00299723 0.00982582 -0.010843 -0.00371629 -0.00400909 -0.000758091 -0.012818 -5.01324e-06,800,0,cuda,1.92,7.94
test,465,beagle_70,beagle,dog,correct,beagle,partition,4,0.453086,41,0.328364,0.654957,0.326593,0.116664,0.734331,0.0,,,,-0.00764649 -0.00307834 -0.0032175 -0.00185068 -0.0938252 0.0417653 -0.0252216 -0.0270646 -0.00259925 -0.00243403 0.0999382 0.120443 -0.00252113 -0.0117574 0.00357614 0.000583553 -0.000894437 -0.0043163 0.00826455 -0.00827679 -0.0278023 0.00186759 0.0185241 0.0516359 0.086406 0.0648373 0.0455766 0.00341989 0.0027927 0.0130036 0.0213436 0.00487002 0.0115399 0.00111076 0.00340969 0.00216164 0.00605185 -0.00201974 -0.00281697 0.00562194 0.00379925,800,0,cuda,1.76,7.94
test,1581,great_pyrenees_9,great_pyrenees,dog,correct,great_pyrenees,kernel,15,0.998372,46,0.462851,0.928515,0.465664,0.25927,0.757954,0.0,,0.476102,0.428571,-0.0150634 -0.0319797 -0.020356 0.0213497 0.0221991 -0.0358541 0.00738977 0.0169428 0.0405248 -0.0109619 0.00289766 0.0190067 0.106385 -0.00776075 0.0461905 0.124181 0.0279517 0.000105847 0.041019 0.00645489 0.0693319 0.163567 0.0217745 -0.00436776 0.0263084 0.0119287 0.0750867 -0.00188333 0.01555 0.0114336 0.00025279 0.00168279 -0.0274746 0.0128091 0.0637274 0.0120886 0.0127276 0.0404174 0.0422046 -0.0203981 -0.0274666 0.0129228 0.000169878 0.0353695 0.0189328 0.010388,800,0,cuda,1.99,8.14
test,1581,great_pyrenees_9,great_pyrenees,dog,correct,great_pyrenees,partition,15,0.998372,46,0.462851,0.917419,0.454568,0.234319,0.897845,0.0,,,,-0.00101949 -0.00197733 -0.00199378 -0.0012938 -0.00200616 -0.00285555 -0.000878493 0.00844214 0.0221497 0.002237 0.00665468 0.0156608 0.103303 0.0140405 0.0241257 0.284311 0.0429066 0.0365256 0.0110104 0.0797936 0.0621811 0.051275 0.00315586 -0.0103922 0.014257 0.011759 0.0475772 0.00166978 0.0137 0.00841223 0.0084294 0.00338793 0.00196495 0.00825219 0.0110086 0.00408738 0.00646797 0.0115283 0.00479066 0.00477619 0.00280726 0.00332745 0.00912012 0.000832275 0.00301681 0.0111776,800,0,cuda,1.77,8.14
test,566,Bengal_71,Bengal,cat,correct,Bengal,kernel,5,0.998231,38,0.594009,0.956893,0.362884,0.318545,0.947501,0.0,,0.667141,0.666667,0.0302963 0.0146031 0.013183 -0.0023113 0.00783587 0.00207566 0.00109666 -0.00567789 -0.00404765 0.049864 -0.0142868 0.0615566 0.0521957 0.0591491 0.118607 -0.0135604 0.0525672 0.105364 -0.00667551 0.0152962 -0.020796 -0.0105794 0.0675138 0.31387 -0.00224426 0.033058 0.00647753 -0.0178929 0.00974011 0.015849 0.0180194 -0.0244429 0.00156988 -0.0256037 0.0637217 -0.00531169 0.0090285 0.00591715,800,0,cuda,1.81,8.08
test,566,Bengal_71,Bengal,cat,correct,Bengal,partition,5,0.998231,38,0.594009,0.709906,0.115897,0.441366,0.934136,0.0,,,,0.0168654 -0.00312437 0.001668 0.00350536 -0.0021573 0.0130892 0.0147737 0.00562064 0.0317666 0.0269997 0.00628213 0.0223064 0.0226577 0.0480902 0.0766785 0.00216181 0.0567468 0.0359399 0.0279016 0.0248964 0.0143572 0.0128275 0.022073 0.24484 0.0203222 0.0212268 -0.000445153 -0.0001107 0.0419877 0.0869226 0.0075324 0.00813991 0.00119634 0.0073193 0.0485633 0.00499138 0.000152235 0.000460424,800,0,cuda,1.83,8.08
test,1487,great_pyrenees_196,great_pyrenees,dog,correct,great_pyrenees,kernel,15,0.977032,37,0.40623,0.790111,0.383881,0.147998,0.789483,0.0,,0.65825,0.666667,-0.00928041 0.0218917 -0.00296906 -0.000192605 -0.00942014 0.0108573 0.00946687 0.00627907 0.04629 0.358232 0.00585315 0.0175793 -0.0128242 0.232037 -0.0252793 0.0309511 0.0474029 0.0792076 0.00934119 0.0228895 0.0320474 -0.00690632 0.0214822 0.0413006 -0.0302093 0.00211294 -0.00401323 -0.00166286 0.00265199 0.0200894 -0.00987917 -0.0103373 0.00321397 -0.00408347 0.0196623 0.00520716 -0.00262405,800,0,cuda,1.95,8.13
test,1487,great_pyrenees_196,great_pyrenees,dog,correct,great_pyrenees,partition,15,0.977032,37,0.40623,0.790111,0.383881,0.142442,0.794083,0.0,,,,0.00236235 0.00273087 0.0053317 0.00171475 0.00408143 0.0169323 0.00187027 0.0315616 0.0600962 0.314219 -0.000228369 0.0103905 -0.00144239 0.262099 -0.00101722 0.0233532 0.0478163 0.0781319 0.000140064 0.0306966 0.00662123 0.000312798 0.000914235 0.0031881 0.000605354 0.0039385 0.000638606 0.000323415 5.26717e-05 0.000142539 0.00154647 0.000150575 0.00213168 0.00109834 0.00230219 0.00127689 0.000282874,800,0,cuda,1.81,8.13
test,1831,keeshond_54,keeshond,dog,correct,keeshond,kernel,18,0.998026,44,0.269432,0.981775,0.712344,0.103097,0.920952,0.0,,0.586751,0.666667,0.00908218 0.0120318 0.0535285 0.00731134 0.0223172 0.0543919 -0.00687788 0.0177657 -0.00756546 0.130189 -0.0116528 0.3259 0.0186533 0.0150268 0.0945869 0.0478364 -0.0193302 0.079073 -0.0218763 0.0353501 -0.0211908 0.0593511 -0.0141435 0.0285805 0.00280592 -0.0252245 -0.0305596 -0.0340991 0.0144212 0.0246244 0.0202543 0.0300007 0.0321864 -0.00294793 0.00801195 0.00977278 0.0422791 0.0312631 -0.015065 -0.021954 -0.0327581 0.0111416 -0.0116511 0.00717613,800,0,cuda,1.93,8.12
test,1831,keeshond_54,keeshond,dog,correct,keeshond,partition,18,0.998026,44,0.269432,0.97197,0.702538,0.08501,0.874649,0.0,,,,-0.0111344 0.000956324 0.031194 -0.00705207 0.0225368 0.0213823 0.01583 -0.000220766 0.0156704 0.0688732 0.00272022 0.37247 -0.000324718 3.93412e-05 0.0890571 0.0892353 -0.000340268 0.16262 -3.64543e-05 0.0444813 8.17773e-05 0.0119643 -0.000278211 0.0258493 0.00332398 -0.000227188 0.00250859 0.000991763 0.00154146 0.00206804 0.000351861 -0.000392315 -0.000401472 0.00305056 -0.000200604 0.00238832 -0.000269347 -0.000693754 3.95462e-05 -0.000204266 -0.000180098 -0.000842666 -0.000280258 -0.000129903,800,0,cuda,1.67,8.12
test,3477,wheaten_terrier_199,wheaten_terrier,dog,correct,wheaten_terrier,kernel,35,0.997943,43,0.202288,0.560192,0.357904,0.134993,0.864041,0.0,,0.47765,0.428571,-0.0175147 0.0214779 -0.000414451 -0.00909936 -0.00706369 0.060383 -0.0258127 -0.0360765 0.0333274 0.0432066 0.0166929 0.0264255 0.0290359 -0.0258917 0.0396498 0.0176654 0.00449805 0.0557975 -0.0139577 0.0515802 -0.00523506 0.043 0.194327 0.00893861 0.122491 -0.0117608 -0.000531368 0.035115 -0.0155722 -0.00832618 0.321918 0.0196603 0.000228557 -0.0111937 -0.0418613 0.0113618 -0.023542 0.00939588 0.0384712 -0.012184 0.0436996 -0.00472697 -0.00773969,800,0,cuda,1.8,8.11
test,3477,wheaten_terrier_199,wheaten_terrier,dog,correct,wheaten_terrier,partition,35,0.997943,43,0.202288,0.537002,0.334714,0.12343,0.895193,0.0,,,,-0.000966588 -0.00349766 0.00262923 -0.00123169 0.000696752 -0.000167056 -0.00368283 0.000250223 0.00694016 0.00893679 0.00189511 0.0141796 0.0342546 -0.000112047 -0.000716346 -4.17225e-05 0.00230129 0.0432737 0.00623361 0.053451 -0.00265743 -0.000596017 0.256472 0.0415636 0.179966 -0.00045732 0.000605683 0.00653154 -0.00106521 0.0165167 0.246168 -0.00255341 -0.00197084 0.00266534 0.0336495 -0.000231328 -0.00142937 0.0066492 0.00903454 0.00495121 0.0115628 0.000500908 -0.000658443,800,0,cuda,1.77,8.11
test,2473,pomeranian_93,pomeranian,dog,correct,pomeranian,kernel,24,0.997151,33,0.796676,0.994219,0.197543,0.164151,0.824463,0.0,,0.364305,0.547619,-0.000921518 0.0014376 -0.00651161 -0.0194201 0.00302287 0.0182381 0.0649481 -0.00230826 0.0501373 0.0348767 -0.0120453 0.0423762 -0.00342102 0.249644 -0.012265 0.0351337 0.0107318 0.050795 0.190772 0.106159 0.0512062 0.0337828 -0.0302308 0.00316719 0.0395296 0.0347404 0.0197327 -0.0444558 0.00869569 -0.0395421 -0.0217036 0.0613793 0.0598366,800,0,cuda,1.78,8.24
test,2473,pomeranian_93,pomeranian,dog,correct,pomeranian,partition,24,0.997151,33,0.796676,0.995408,0.198732,0.203684,0.843321,0.0,,,,0.0160944 0.0378187 -0.0184004 0.0157857 -0.000570944 0.0115823 0.0222467 0.00918002 0.0180177 0.0113945 -0.00319455 0.0766019 0.0514492 0.228586 0.00322285 0.0513701 0.00317846 0.0117686 0.180433 0.0392991 0.100483 -3.49829e-06 0.0373478 0.0156777 -0.000412611 0.0399313 -0.00171915 0.00209246 0.00470478 -0.00735176 0.00254667 -0.00130586 0.0196631,800,0,cuda,1.83,8.24
test,2530,pug_53,pug,dog,correct,pug,kernel,25,0.999841,37,0.660296,0.980487,0.320191,0.305022,0.82211,0.0,,0.49514,0.428571,-0.00107749 0.012825 0.00241428 0.0337562 -0.0108594 0.0682798 0.0352197 -0.00209502 0.0643655 0.059598 0.012035 0.112819 -0.0231141 0.0823818 0.162037 0.0207445 -0.00319243 0.198822 -0.0141555 0.0237736 0.0209967 0.0207581 -0.000403891 0.0220494 -0.0193291 -0.0231832 -0.0193159 -0.01251 0.0120145 0.0245065 0.0357562 0.0107069 0.00695584 -0.00928301 0.0544252 0.0328174 -0.00944088,800,0,cuda,1.93,8.2
test,2530,pug_53,pug,dog,correct,pug,partition,25,0.999841,37,0.660296,0.961982,0.301686,0.304827,0.823912,0.0,,,,0.0192639 0.0164893 0.0280305 0.00652148 0.0224511 0.0506196 0.0495805 0.0227839 0.0597373 0.0394604 0.0182396 0.0751103 0.0118572 0.0612975 0.158842 0.00680022 0.00541643 0.0783733 0.0018186 0.040413 -0.0196524 0.00494649 0.0216622 0.0303209 -0.00387135 0.00745044 0.0159995 0.0261191 0.0100272 0.00729454 0.0145539 0.00952861 0.0161297 0.0134251 0.00985092 0.0232052 0.0220021,800,0,cuda,1.66,8.2
test,713,Bombay_26,Bombay,cat,correct,Bombay,kernel,7,0.996533,30,0.286033,0.859803,0.57377,0.19465,0.878482,0.0,,0.934372,0.833333,0.0108632 -0.0151149 0.0452831 0.0540502 0.035423 0.0708928 -0.00142709 0.00645188 -0.0114792 0.0461103 0.21856 0.0374413 0.174979 0.071822 0.0080885 0.175391 0.0215792 0.0655907 -0.00757128 -0.006237 0.0402182 -0.00426423 0.0118394 0.0132606 -0.019418 -0.0239593 0.000156332 -0.0305807 -0.018586 -0.0221323,800,0,cuda,1.83,8.07
test,713,Bombay_26,Bombay,cat,correct,Bombay,partition,7,0.996533,30,0.286033,0.881404,0.59537,0.205226,0.86559,0.0,,,,0.000460267 0.0217849 0.0788172 0.0411501 0.0801168 0.0824871 -0.00287039 -0.0029433 -0.00608371 0.043573 0.17418 0.0424318 0.151649 0.0541874 0.0157472 0.10657 0.000209336 0.0363338 0.00893725 0.0030322 0.0100767 0.00634621 -0.000583372 0.0145734 -0.00414417 0.000242708 -0.000102976 -0.00525732 -0.000193798 -0.00349851,800,0,cuda,1.85,8.07
test,1,Abyssinian_202,Abyssinian,cat,correct,Abyssinian,kernel,0,0.999103,40,0.300821,0.936985,0.636163,0.195152,0.909006,0.0,,0.573358,0.833333,0.00408803 0.0271108 0.00982088 0.109837 0.0155614 0.0293057 -0.000885927 0.0301632 -0.00302088 0.0957666 0.0106806 -0.00813135 0.000503892 -0.0150244 0.0504134 0.0222211 -0.00953253 0.288116 -0.0167633 -0.00973798 0.00623869 0.052844 -0.00919878 -0.0027744 0.0928485 0.00795192 0.134967 0.0543877 0.00868012 0.0166302 -0.0120506 0.00152427 0.0024224 0.00573315 -0.0134422 -0.0121226 -0.0172533 0.00605852 0.0105175 0.00936687,800,0,cuda,2.0,8.73
test,1,Abyssinian_202,Abyssinian,cat,correct,Abyssinian,partition,0,0.999103,40,0.300821,0.94418,0.643359,0.236017,0.898124,0.0,,,,0.00061928 0.0366232 0.0075777 0.0787097 0.00300624 0.00320616 0.00269102 0.0544611 0.00250936 0.0268875 0.0149985 0.000365209 0.000547908 0.0205551 0.0297552 0.00399271 0.00489343 0.184828 0.000191393 0.0041592 0.0620421 0.0798693 0.00398242 0.012563 0.0866562 0.00179635 0.168066 0.0286943 0.00928535 0.00860801 0.0112689 0.00199697 0.00298599 0.00703743 0.00391042 0.000498042 0.00133617 0.0014573 -0.000175763 0.00136451,800,0,cuda,1.87,8.73
test,1077,chihuahua_93,chihuahua,dog,correct,chihuahua,kernel,10,0.998097,36,0.424685,0.798559,0.373874,0.090536,0.92426,0.0,,0.485071,0.666667,0.00375878 -0.00587705 -0.00927747 0.0101982 -0.023874 -0.00516343 -0.00979616 -0.00869604 0.000644614 -0.0358567 0.0296095 0.00098756 0.0400425 -0.00282374 0.00944086 0.0901072 0.0157024 0.0305776 0.00323723 -0.011588 0.086744 -0.00502633 0.566971 0.176746 0.0123922 0.010262 0.0080554 -0.000261113 -0.00119792 0.0376267 0.0215152 -0.0482878 0.0225335 -0.024435 -0.0113509 -0.0180426,800,0,cuda,1.75,8.23
test,1077,chihuahua_93,chihuahua,dog,correct,chihuahua,partition,10,0.998097,36,0.424685,0.798559,0.373874,0.087773,0.901329,0.0,,,,-0.00199213 0.000609466 0.00569247 0.0220394 -0.00333993 0.000152758 0.00021457 -0.000708274 -0.0162339 -0.000494066 0.0633073 0.00462587 0.111602 -0.000114519 0.0132605 0.213379 -8.89564e-05 0.0066238 -6.48899e-05 0.000708895 0.0640003 -0.00196225 0.424899 0.104249 4.23967e-05 0.00443182 -0.0108319 0.00648438 -0.0145622 -0.00578051 -0.00808907 0.0125708 -0.00739627 -0.0225045 0.00025287 -0.00938576,800,0,cuda,1.91,8.23
test,2483,pug_195,pug,dog,correct,pug,kernel,25,0.99401,41,0.38359,0.970007,0.586417,0.087614,0.879513,0.0,,0.518815,0.666667,0.00492684 0.0112595 -0.00671087 0.00976971 0.0233739 0.093969 0.00750078 0.0150057 -0.000295231 0.0702097 0.0369796 0.0247189 0.00990048 0.00464181 0.528066 -0.0035455 -0.00638087 0.0755939 0.0223551 -0.00166248 0.0173068 0.00846751 -0.00794342 -0.00403634 -0.0251428 0.0384615 -0.00344522 0.0306403 -0.0253596 0.0131062 -0.0163598 0.00519747 -0.00809139 -0.00272353 0.0116977 -0.00983068 0.0139289 0.00413233 0.0173356 -0.00149229 0.00074302,800,0,cuda,1.96,8.39
test,2483,pug_195,pug,dog,correct,pug,partition,25,0.99401,41,0.38359,0.452147,0.068557,0.122978,0.880929,0.0,,,,0.0317219 0.0679984 0.00073979 0.0272659 0.05701 0.131285 0.033093 0.0117971 0.0112092 0.0350896 0.031327 0.0055019 0.000860443 0.0644501 0.352929 0.0134851 0.00306357 0.052268 0.00346448 0.0106348 0.00635501 0.00611089 0.000815279 0.0115453 -0.000341898 -0.0222885 0.00102301 0.00704568 -0.00388023 0.00162245 0.00135415 0.00366691 0.000166876 0.00220471 0.00478104 0.00288536 0.00025287 0.000820293 0.00230366 0.00134451 0.00328652,800,0,cuda,1.84,8.39
test,1732,japanese_chin_55,japanese_chin,dog,correct,japanese_chin,kernel,17,0.999768,32,0.493005,0.859637,0.366633,0.163482,0.886148,0.0,,0.475257,0.833333,0.000939171 -0.00243151 -0.00333245 0.0181665 -0.00152366 0.0274715 0.055449 0.0144316 -0.0159376 0.0105165 0.243723 -0.00908949 0.1317 0.236503 -0.0110442 0.0197966 -0.025491 0.0070385 0.188639 -0.0125861 0.00636809 0.0861497 -0.0227969 -0.0127629 0.00941892 -0.0123906 0.0050479 0.00537013 0.00305936 0.0228338 0.0134365 0.00656706,800,0,cuda,1.89,8.08
test,1732,japanese_chin_55,japanese_chin,dog,correct,japanese_chin,partition,17,0.999768,32,0.493005,0.859637,0.366633,0.156324,0.895853,0.0,,,,-0.0173907 0.00872671 -0.00793635 0.0261662 -0.0103604 -0.00390708 0.0181789 0.000131575 -0.00149998 0.00609214 0.203632 -0.0111883 0.26318 0.153807 -0.0186401 -0.00274201 -0.0232713 0.0183778 0.366225 0.0307949 0.00528888 0.125961 -0.070259 -0.0178976 -0.00327098 -0.0143361 -0.0266199 -0.000681126 0.00145804 -0.00519245 -0.00886005 -0.000725758,800,0,cuda,1.86,8.08
test,1829,keeshond_52,keeshond,dog,correct,keeshond,kernel,18,0.997035,41,0.791295,1.0,0.208705,0.10955,0.85962,0.0,,0.719948,0.714286,0.0100204 -0.00776811 -0.0331975 -0.00248341 -0.00480732 -0.0154907 -0.006923 -0.00295481 0.00670224 -0.00920753 0.0282917 0.0285932 -0.0382889 -0.0305625 0.140361 -0.00877608 0.0392069 0.0267103 0.0847194 -0.0188949 -0.0135618 -0.0378576 0.148555 0.013713 0.0805743 0.0260056 0.10146 0.023596 -0.00984222 0.0785668 0.0423662 0.0578326 0.0738009 -0.00473396 0.0139185 0.013863 0.029763 0.0552071 0.11312 -0.0144791 -0.010091,800,0,cuda,1.89,8.14
test,1829,keeshond_52,keeshond,dog,correct,keeshond,partition,18,0.997035,41,0.791295,0.985061,0.193767,0.232795,0.789156,0.0,,,,-0.00196604 -0.00165076 0.00929444 0.00204579 -0.00518575 -0.0017829 0.0101525 -0.002597 -0.0114863 -0.0259323 0.00671836 0.0256193 0.0590052 0.0236187 0.0515958 -0.00315373 0.0399988 0.0426374 0.0649302 0.00857775 0.0296187 -0.0125158 0.104824 0.0151583 0.0440869 0.0235147 0.0550729 0.0114675 0.00937523 0.0113201 0.0275539 0.031915 0.113497 0.00591638 0.00856921 0.0683908 0.053328 0.0141834 0.0514343 0.00534452 0.00453148,800,0,cuda,1.88,8.14
test,2994,scottish_terrier_22,scottish_terrier,dog,correct,scottish_terrier,kernel,30,0.999554,41,0.520966,0.993196,0.47223,0.503641,0.890655,0.0,,0.64939,0.547619,0.0166203 0.00723323 -0.0056805 0.024105 0.00752431 0.0163329 0.0060627 -0.00452767 0.0232575 0.0247246 0.0214341 0.0254529 0.0265814 0.0266373 -0.0101526 0.000957294 0.000724633 -0.00548386 0.0321808 -0.00605948 0.00239153 0.0398774 0.0206657 0.0265584 0.0128347 -0.00943242 0.00475999 0.0329316 0.246046 0.0208644 0.018417 0.054649 0.137249 0.000552414 0.0370627 0.0423746 0.0230854 0.0339131 0.0291344 -0.0224444 0.00605899,800,0,cuda,1.81,8.24
test,2994,scottish_terrier_22,scottish_terrier,dog,correct,scottish_terrier,partition,30,0.999554,41,0.520966,0.858893,0.337927,0.395763,0.888597,0.0,,,,-0.000273588 -0.00227371 4.71934e-05 0.000629435 -0.0010392 -0.00227066 0.00250639 0.00293343 0.00759298 0.0582377 -0.000219173 0.0463205 0.0100641 0.0773372 0.0237127 0.00447127 0.00109842 0.00681655 0.0610272 0.0111316 0.00736411 0.0438645 0.101424 0.0380879 0.0148903 0.0180453 0.00662109 0.0219386 0.109981 0.0147436 0.0268828 0.0374046 0.126314 0.0106377 0.0166088 0.0220161 0.0146706 0.013802 0.0207722 0.00605966 0.00549503,800,0,cuda,1.92,8.24
test,501,Bengal_195,Bengal,cat,correct,Bengal,kernel,5,0.997226,48,0.26997,0.751768,0.481798,0.291908,0.961194,0.0,,0.57246,1.0,-0.0025482 0.0192742 0.0175896 0.0118383 -0.00252128 -0.0217971 0.0141487 -0.00583547 0.00149806 0.0127613 -0.0256489 -0.0138532 -0.0248692 0.00501869 0.0211245 0.0238606 0.0063396 0.153677 0.0168169 -0.0258887 -0.0209991 0.0251374 0.162644 -0.0128461 -0.025794 0.0131994 0.274797 -0.000130456 -0.0105152 0.00982601 0.0761859 0.00183325 0.101294 0.087309 0.00173667 0.0385461 0.0162047 0.00141383 0.00660118 -0.001018 0.00830281 -0.00139354 0.00883103 0.00735915 -0.00375112 -0.00322627 0.0123133 0.0191736,800,0,cuda,1.79,8.04
test,501,Bengal_195,Bengal,cat,correct,Bengal,partition,5,0.997226,48,0.26997,0.898846,0.628876,0.207605,0.926263,0.0,,,,-0.000621656 0.00129787 -0.000869558 0.00132434 -0.00166274 0.00259712 -0.00228208 0.00857792 -0.00142044 0.00230903 0.00051094 0.000841787 0.00381935 0.00352306 0.00954529 0.00390421 0.0319693 0.220256 0.00814447 0.0110754 0.0134995 0.0249968 0.109461 0.045487 0.00216358 0.0183711 0.143379 0.00490091 0.00176817 0.00132116 0.0536658 0.0140705 0.0417836 0.138345 0.00218486 0.0267144 0.00334147 0.000462685 0.00144732 0.0115742 0.00106585 0.00281681 0.000508268 0.00133663 -4.18887e-05 0.000460294 0.00160207 0.00449483,800,0,cuda,1.78,8.04
test,2953,samoyed_75,samoyed,dog,correct,samoyed,kernel,29,0.99901,31,0.704301,0.95472,0.250419,0.225026,0.889857,0.0,,0.589516,0.833333,0.00403015 -0.032273 -0.00797913 -0.0202272 -0.00691156 0.0199338 0.0327362 0.084748 0.138719 0.0021032 0.0764588 0.00351514 -0.0136641 0.0465278 0.0937506 0.295277 0.0341371 0.0391361 0.0345585 -0.0224017 -0.0307189 0.0736809 -0.0211431 0.0264195 0.0266611 -0.00128974 0.0244899 0.0217307 0.0144847 0.0361802 0.0061576,800,0,cuda,1.68,7.82
test,2953,samoyed_75,samoyed,dog,correct,samoyed,partition,29,0.99901,31,0.704301,0.971251,0.26695,0.169591,0.869817,0.0,,,,0.0021439 0.00167818 0.00230873 0.0178102 0.00373023 0.0129322 0.0166326 0.0720225 0.0974101 0.0106355 0.080199 0.00208031 -0.00424793 0.119557 0.0926134 0.29479 0.0533959 0.00765812 0.00244197 0.00260918 0.00367746 0.0470825 0.00177768 0.00478468 0.00381975 0.00194806 0.00785236 0.0113619 0.00546564 0.000969701 0.00168749,800,0,cuda,1.7,7.82
test,2100,miniature_pinscher_27,miniature_pinscher,dog,correct,miniature_pinscher,kernel,21,0.993755,35,0.468033,0.803283,0.33525,0.253573,0.939421,0.0,,0.820868,0.666667,0.00247371 0.0106043 0.244007 -0.0189455 -0.00138916 0.150421 0.0738742 -0.00926558 -0.00807888 0.0182105 0.00683866 0.0451695 0.0809537 -0.000721562 -0.0185067 -0.00430986 0.0367949 0.0012696 0.024776 -0.00965637 0.00268643 0.0341204 0.127972 -0.0153432 0.0615973 0.0261719 -0.0215609 0.0147571 0.00262882 -0.00453599 0.0533137 0.0219779 -0.00556986 0.011754 0.0205132,800,0,cuda,1.99,8.26
test,2100,miniature_pinscher_27,miniature_pinscher,dog,correct,miniature_pinscher,partition,21,0.993755,35,0.468033,0.835853,0.36782,0.292603,0.917232,0.0,,,,0.0137733 0.0168193 0.138218 0.0101716 0.0026707 0.0837709 0.0311026 0.0186859 -0.000133287 0.000208431 0.0180737 0.0488682 0.0815883 -0.000679334 0.00566266 0.00539107 0.023021 -0.00149377 0.0272831 0.00299949 -0.0014203 0.0582871 0.0580457 -0.00370309 0.109591 0.0490505 0.00291589 0.00616921 0.00616233 0.0130728 0.0760782 0.0294481 0.016742 0.00793427 0.000626791,800,0,cuda,1.82,8.26
test,453,beagle_5,beagle,dog,correct,beagle,kernel,4,0.999206,29,0.223075,0.402727,0.179652,0.137541,0.953734,0.0,,0.800739,0.547619,0.00303687 -0.0034786 0.000961378 0.0108907 -0.0030468 0.00503308 -0.0048542 0.0251157 -0.00813608 -0.00175572 0.0022207 0.016791 0.00116157 0.849461 0.0144124 -0.00206915 0.00898079 -0.000318947 0.00386956 0.0106056 0.0052748 0.00151821 -0.000133545 0.00861656 0.00397972 -0.00336335 -0.00184857 0.00129078 -0.00289497,800,0,cuda,1.95,8.03
test,453,beagle_5,beagle,dog,correct,beagle,partition,4,0.999206,29,0.223075,0.404636,0.181561,0.191917,0.954289,0.0,,,,-0.013094 -3.20547e-05 0.0039689 0.00410567 -0.00729794 -0.00254197 -0.000617473 0.122084 0.254911 0.00116239 0.000891249 0.00519042 0.0914141 0.428945 0.00612913 0.00130156 0.00080385 0.00268329 0.00285017 0.00370313 0.00305543 0.00397659 0.00732691 0.00810632 0.00687274 0.00206194 0.000973024 0.00114357 0.00124399,800,0,cuda,1.7,8.03
test,1109,Egyptian_Mau_25,Egyptian_Mau,cat,correct,Egyptian_Mau,kernel,11,0.893144,36,0.821329,0.91588,0.094552,0.218521,0.935652,0.0,,0.810425,0.666667,0.00532773 -0.0090445 0.14466 0.0154536 -0.103452 0.0895807 0.0752032 0.00425968 0.0727226 0.00378407 -0.0564753 -0.0140392 0.000553465 0.0254206 -0.00303399 0.0200272 0.149772 -0.0336425 -0.00663082 0.0061536 0.0944602 0.0583612 0.225087 -0.0282508 -0.106037 0.00226605 0.0276406 -0.00999456 0.00376764 -0.0232702 0.0108399 0.168004 0.0563527 0.0147315 -0.0307863 -0.0128408,800,0,cuda,1.73,7.94
test,1109,Egyptian_Mau_25,Egyptian_Mau,cat,correct,Egyptian_Mau,partition,11,0.893144,36,0.821329,0.986185,0.164856,0.181039,0.840981,0.0,,,,-0.00618474 0.0160177 0.0787199 -0.00202863 -0.017797 0.0656116 0.0928694 -0.00251229 0.154371 0.000956248 -0.00798619 0.042105 0.00113949 -0.00502161 -0.00414376 -0.00232296 0.0815578 -0.0151207 -0.00846483 0.0177027 0.0634917 0.06464 0.0849896 -0.00218144 -0.0331328 0.000369433 0.0933155 -0.0134927 0.0118723 -0.000670418 -0.00641709 0.0579078 0.0388441 -0.00184249 0.00271756 -0.00294724,800,0,cuda,1.72,7.94
test,485,beagle_89,beagle,dog,correct,beagle,kernel,4,0.999784,34,0.259048,0.957106,0.698058,0.049009,0.974372,0.0,,0.58686,1.0,0.0192295 -0.0050169 0.0073558 0.0129868 -0.0222097 -0.00717715 0.0125606 -0.00655908 -0.0245701 0.0148416 -0.0359033 0.0117822 0.0638018 -0.00661403 0.0294812 0.0231539 0.135356 -0.0138738 0.595435 -0.0170639 0.095039 -0.0335326 0.0253624 0.0110985 0.0493306 0.0181629 0.0336245 -0.00235869 -0.0111679 -0.026181 0.0077624 -0.0198767 0.0217503 -0.0141119,800,0,cuda,1.93,8.25
test,485,beagle_89,beagle,dog,correct,beagle,partition,4,0.999784,34,0.259048,0.957106,0.698058,0.044635,0.974768,0.0,,,,0.000136083 -0.00133739 0.0028137 -0.00235989 -0.00331577 0.0187557 -0.00495575 0.000224453 -0.00134907 8.32183e-05 -0.000872333 -0.00447842 0.10373 -0.00149606 0.0284963 0.0290752 0.127213 -0.00679872 0.35396 -0.00295304 0.0681252 0.0342066 0.0317132 -0.00141027 0.0870867 -0.00325588 0.0219789 0.00797848 0.00472801 -0.00947622 0.00745081 0.0189205 0.0403906 -0.00110801,800,0,cuda,1.84,8.25
test,410,beagle_20,beagle,dog,correct,beagle,kernel,4,0.999914,36,0.454281,0.984564,0.530284,0.21357,0.958903,0.0,,0.604118,0.547619,-0.0147404 0.0089465 0.0150606 0.0166704 0.19234 0.0455634 0.00518519 0.00104622 0.0144716 0.0127455 -0.0157708 0.119248 0.0174689 0.00669275 0.274887 0.0187448 0.0579688 0.0788417 0.017617 0.00984536 0.0370014 0.0282956 -0.00761672 0.0212161 0.0346654 0.00583768 0.0157404 -0.0122135 -0.0232393 -0.00182986 -0.0269776 -0.0126629 0.00663768 0.00796363 -0.0195067 0.00588452,800,0,cuda,1.74,8.12
test,410,beagle_20,beagle,dog,correct,beagle,partition,4,0.999914,36,0.454281,0.981567,0.527286,0.278081,0.959006,0.0,,,,-0.00107746 -0.000608998 0.00284974 0.00698605 0.133217 0.0151023 0.0182979 0.00329242 0.0037056 0.0230221 0.000484446 0.0902397 0.0164997 0.00832092 0.145858 0.0348683 0.0444686 0.0642519 0.0439799 0.00386089 0.0617552 0.034547 0.0171874 0.00300582 0.0112713 0.00296497 0.0806 0.000103643 -0.0035375 0.0359399 0.00469314 -0.00865216 -0.00303155 0.0378677 0.00436137 0.00533324,800,0,cuda,1.86,8.12
test,1100,Egyptian_Mau_219,Egyptian_Mau,cat,wrong,Bengal,kernel,11,0.969147,36,0.546177,0.839763,0.293585,0.230746,0.841474,0.0,,0.854698,0.666667,0.0176457 -8.49397e-06 -0.00267185 0.0145349 0.0137939 0.000791082 -0.0119075 0.0737898 0.0234261 0.022247 0.0100155 0.0389742 0.0297389 0.0508234 0.0475258 0.0102783 0.0355257 0.0357944 0.0108147 0.158073 0.0560074 0.0300423 0.0739932 0.208251 0.000512483 0.00176332 -0.0282814 -0.0203056 0.0308822 -0.0388162 -0.0117395 -0.0148962 0.00271299 0.0282658 0.0203134 -0.00497479,800,0,cuda,1.88,8.28
test,1100,Egyptian_Mau_219,Egyptian_Mau,cat,wrong,Bengal,partition,11,0.969147,36,0.546177,0.815087,0.268909,0.233723,0.787782,0.0,,,,0.01191 -0.00630586 0.00307309 0.0180173 0.00881622 0.00373289 0.0134995 0.120816 0.0431652 0.0104443 0.0115434 0.017733 0.0419294 0.0479769 0.0593232 0.0760809 0.050595 0.0166908 0.0126707 0.148621 0.0990987 0.00350669 0.0484597 0.100302 -0.0111783 -0.0100243 -0.0155972 -0.00580834 -0.000659309 0.0127764 -0.0105698 -0.00120139 -0.00295338 -0.00134809 -0.000793337 -0.00140877,800,0,cuda,1.76,8.28
test,311,basset_hound_21,basset_hound,dog,correct,basset_hound,kernel,3,0.982065,34,0.540099,0.750901,0.210802,0.226558,0.84418,0.0,,0.731092,0.547619,0.0026414 0.00273439 0.01401 0.0179171 0.0323627 0.078486 0.0393703 -0.0324944 -0.0357315 0.0827942 -0.00336943 0.247836 0.0522211 0.0624092 0.0725023 0.107005 0.0848774 0.00045715 0.00083868 0.030197 0.0107518 -0.00650986 -0.0298898 -0.0132077 0.0121819 0.0101675 0.0259984 0.054654 0.00680184 0.00243564 -0.0128643 0.00697703 0.0131089 0.0164261,800,0,cuda,1.8,8.24
test,311,basset_hound_21,basset_hound,dog,correct,basset_hound,partition,3,0.982065,34,0.540099,0.994189,0.45409,0.356742,0.915329,0.0,,,,-0.00831929 -0.00739893 -0.00239659 0.00301131 0.0284978 0.0212182 0.0158404 -0.00576288 -0.00298203 0.053297 0.0052573 0.161255 0.160556 0.0456062 0.0403477 0.142396 0.138598 -0.00323341 -0.00865851 0.0683379 -0.0146211 0.0103544 -0.0120386 0.023854 0.0220704 0.00143029 0.00766049 0.0287362 0.0171764 0.000418751 -0.00103325 -3.23165e-05 0.014423 0.0102307,800,0,cuda,1.71,8.24
test,2519,pug_43,pug,dog,correct,pug,kernel,25,0.999247,36,0.455118,0.917635,0.462517,0.177762,0.945769,0.0,,0.538481,0.547619,0.0117187 -0.000184253 0.0143045 0.0355622 -0.00665458 0.0471462 -0.0159288 0.0279656 -0.0152168 0.0331163 -0.00123478 0.222765 0.00210501 0.061397 -0.00789822 0.415516 0.0223989 0.0239133 -0.0142994 0.0203454 -0.0162726 0.0252108 0.0136504 0.014929 0.0124361 -0.005157 0.0345471 0.0154766 0.0099404 0.00816845 -0.0056493 -0.00253045 0.014689 -0.0059262 -0.00718479 -0.00166043,800,0,cuda,1.71,8.04
test,2519,pug_43,pug,dog,correct,pug,partition,25,0.999247,36,0.455118,0.732304,0.277186,0.311383,0.91672,0.0,,,,0.00866166 0.00435652 0.00479145 0.0103337 0.000679726 0.0391763 0.00212731 0.0523375 0.00295335 0.0225307 -0.00613941 0.304035 -0.0036818 0.0639111 0.00973522 0.296115 0.00866485 -0.000542122 -0.00286289 0.0241951 0.00154329 0.0128768 0.0849993 0.00362752 -0.00141636 0.00301132 0.00673765 0.0119876 0.00182892 0.00111286 0.000491079 0.00338086 0.00249831 -0.000223923 0.00487056 0.00280048,800,0,cuda,1.8,8.04
test,2450,pomeranian_72,pomeranian,dog,correct,pomeranian,kernel,24,0.995538,41,0.910096,0.999796,0.089699,0.100613,0.772207,0.0,,0.42169,0.547619,0.0419167 0.0264487 -0.0180943 0.0354442 0.0097508 0.00840048 0.02023 0.00522454 -0.0198997 0.0161097 0.0615506 -0.0129086 0.0275118 -0.0072846 0.0648586 0.0156415 0.00150615 0.0620927 -0.0109975 -0.0119146 0.00344359 0.0233967 0.0610484 0.104289 0.173927 0.170728 0.0225739 0.0457297 -6.94747e-05 -0.0335502 0.023547 0.0110063 -0.00576209 -0.0409747 0.0057004 0.00121282 0.0146884 0.0353682 0.0801096 -0.040972 0.00487684,800,0,cuda,1.7,8.0
test,2450,pomeranian_72,pomeranian,dog,correct,pomeranian,partition,24,0.995538,41,0.910096,1.0,0.089904,0.084374,0.677441,0.0,,,,-0.00909025 -0.00400456 -0.00493851 0.00122911 0.00202855 0.00251136 0.00320814 0.00264736 -0.00367342 -0.00107228 0.0256545 0.0150416 -0.00474073 0.000389498 0.0494926 0.0179714 0.0439772 0.0960018 0.0331464 0.0647956 0.0310599 0.00980275 0.0623717 0.0237558 0.197108 0.154918 0.00341781 0.000632174 -0.00123893 -0.0195224 0.0367974 0.00418519 0.0209458 0.0489974 0.0219313 0.0272681 -0.000678403 -0.000224815 0.0400919 -0.0148239 -0.00146555,800,0,cuda,1.79,8.0
test,2927,samoyed_51,samoyed,dog,correct,samoyed,kernel,29,0.996762,39,0.557597,0.990627,0.43303,0.239249,0.927555,0.0,,0.395648,0.833333,0.0122022 0.0186967 0.00564098 -0.00758286 0.028278 0.0178568 -0.0261647 -0.0270913 0.0170048 0.0858939 0.0231297 0.05773 0.0801367 0.0173694 0.188626 0.0475867 0.03052 -0.0141225 0.053214 0.177885 0.0435511 0.0321943 0.0905418 0.000971969 -0.0241463 0.0455471 0.0141016 0.0264464 -0.0369373 0.0297724 -0.0408018 0.0422983 -0.0275032 0.00616066 -0.0274214 0.00204178 -0.0122125 0.0221601 0.00300434,800,0,cuda,1.91,8.15
test,2927,samoyed_51,samoyed,dog,correct,samoyed,partition,29,0.996762,39,0.557597,0.993457,0.43586,0.265914,0.890258,0.0,,,,0.00135038 0.00554595 0.0161161 0.00360932 0.00660884 0.00702147 0.00250782 0.0103036 0.0912983 0.0366093 0.0209761 0.0806858 0.073423 0.00509183 0.114929 0.0127767 0.0355676 0.00299122 0.0750294 0.0933142 0.0254237 0.0124175 0.119705 0.000895272 0.0148396 0.0196973 0.0154396 0.0221918 0.00237023 0.0136295 -0.000761941 -0.00123978 0.00278451 0.0051464 0.0295232 0.00152803 -0.00149032 -0.000296323 -0.000979837,800,0,cuda,1.79,8.15
test,2730,Russian_Blue_47,Russian_Blue,cat,correct,Russian_Blue,kernel,27,0.913367,32,0.36661,0.818655,0.452046,0.034426,0.76597,0.0,,0.778226,0.666667,-0.0071069 0.159257 0.0036819 0.0280108 -0.0159052 0.124549 0.0296817 -0.0148171 0.0280451 0.112103 -0.0212825 0.045531 -0.00308115 0.177311 0.036935 -0.0123169 -0.00696462 0.0912891 0.00680459 0.0128041 0.0135569 -0.0301514 0.00268279 0.00271574 0.0559565 -0.00486724 0.0108363 0.0123334 0.0219873 0.0130976 0.0100084 0.0231469,800,0,cuda,1.74,7.99
test,2730,Russian_Blue_47,Russian_Blue,cat,correct,Russian_Blue,partition,27,0.913367,32,0.36661,0.838035,0.471425,0.048592,0.749428,0.0,,,,-0.00143878 0.114501 0.0126185 -0.00380136 0.0357888 0.134976 0.0397253 -0.00249865 0.0769967 0.115619 -0.00321451 0.0550421 0.00108945 0.133391 0.0250719 0.0128318 0.0345478 0.0328037 0.0192376 0.011155 0.00889519 -0.00452404 0.0242584 0.00882677 0.0377795 0.00374941 -0.00102513 0.00103795 -0.00217443 -0.00184787 -0.0112825 -0.00230217,800,0,cuda,1.75,7.99
test,526,Bengal_35,Bengal,cat,correct,Bengal,kernel,5,0.998304,44,0.331533,0.947322,0.615789,0.182843,0.946551,0.0,,0.605567,1.0,0.00551355 -0.00836122 0.00616899 -0.00735415 -0.0278729 -0.0036625 -0.000579253 -0.00993011 0.00413452 -0.0261384 0.00340574 0.0860525 -0.00358545 0.00381174 0.00737795 0.00618612 0.10752 0.0405028 0.0702559 0.0152549 0.00155896 0.0050112 0.23892 0.00161236 0.00272539 0.0348803 0.258776 0.0100381 -0.0201031 0.187241 -0.0262043 0.0297994 0.0662378 -0.0190633 -0.0203676 0.00605204 0.00117921 -0.0288302 -0.000887804 0.0177543 0.00281801 -0.0165252 -0.00646269 -0.0197621,800,0,cuda,1.66,7.91
test,526,Bengal_35,Bengal,cat,correct,Bengal,partition,5,0.998304,44,0.331533,0.950156,0.618623,0.251936,0.936676,0.0,,,,0.00535607 -0.00999246 -0.000407687 0.0026741 -0.00488689 0.0146808 0.00344202 0.0170009 0.0118001 -0.00268663 0.0137996 0.0668924 0.0307612 0.0017708 0.0094233 0.00353012 0.0974385 0.0172487 0.133006 0.00675418 0.00367988 0.00939846 0.0804871 0.00143978 0.00553303 0.0030825 0.128072 0.000629024 0.000623539 0.134417 0.00142457 0.00461799 0.0499902 0.0670416 -0.000367723 -0.000961537 0.0673737 0.00193935 -0.00153317 -0.00190763 0.000198784 0.000747216 0.0022727 -0.000704467,800,0,cuda,1.83,7.91
test,538,Bengal_46,Bengal,cat,correct,Bengal,kernel,5,0.993476,40,0.59385,0.712139,0.118289,0.520216,0.924844,0.0,,0.586867,0.666667,0.000969979 -0.00996681 0.00850681 0.00809392 0.0274703 -0.00119713 0.0139636 0.00589272 0.0314155 0.0188227 -0.0376589 0.0322287 -0.0142869 0.104085 0.0733524 -0.00652949 0.0397872 0.0222466 0.0447465 0.0225419 -0.0032387 0.0287686 -0.011819 0.0171355 0.00323669 0.0604892 -0.00181336 0.12087 0.0343234 0.0191527 0.0627169 0.0793769 0.0279908 0.00662153 0.0499604 0.0678069 0.0076905 -0.00159285 -0.0206006 0.0387108,800,0,cuda,1.81,8.18
test,538,Bengal_46,Bengal,cat,correct,Bengal,partition,5,0.993476,40,0.59385,0.973063,0.379213,0.662911,0.896717,0.0,,,,0.00137501 0.000909387 -0.00137753 0.019401 -0.00104037 0.00599815 -0.000188605 -0.00591682 0.00452689 0.0257501 0.01658 0.0392329 0.0101022 0.111038 0.0730115 -0.00289169 0.0640306 0.0177666 0.0460337 0.0191655 0.00671883 0.0430868 0.0172453 0.0247928 0.0252868 0.0353061 0.0191191 0.0400924 0.0142028 0.0356618 0.0127261 0.0169106 0.0188973 0.00601021 0.0793948 0.0392188 0.030383 0.0439766 0.00561837 0.012116,800,0,cuda,1.94,8.18
test,841,boxer_5,boxer,dog,correct,boxer,kernel,8,0.724808,37,0.373924,0.598233,0.22431,0.230788,0.832083,0.0,,0.522997,0.428571,0.0857581 0.0259509 0.0203842 0.0116156 -0.0155112 -0.0206014 -0.0399486 0.0350661 0.0140948 0.110178 0.024678 -0.00317013 0.184131 0.0469973 0.0415788 0.00313856 0.0216176 0.0307456 -0.00547417 0.00637861 -0.0183398 0.0229165 0.0344145 0.0216 -0.00193195 -0.00555304 0.00969394 -0.014407 -0.0176986 0.018944 0.014216 0.00648358 0.0189998 -0.00497496 0.0422183 0.0256519 -0.0190712,800,0,cuda,1.68,7.7
test,841,boxer_5,boxer,dog,correct,boxer,partition,8,0.724808,37,0.373924,0.4634,0.089476,0.444853,0.762654,0.0,,,,0.0412949 -0.00192297 0.0109964 0.00383973 -0.00453271 0.0291972 0.0116692 0.029299 0.00133526 0.043807 0.00341098 0.0115059 0.153016 0.0524026 0.0803159 0.00753765 0.0140299 0.0304612 -0.000969727 0.00972192 -0.0515019 0.0255615 0.0188207 0.00570498 0.0298255 0.00395414 0.0482895 0.0102047 0.00644743 0.0251115 0.0103694 0.00800593 0.00996351 0.00522295 0.0117804 0.00536063 0.0112336,800,0,cuda,1.65,7.7
test,224,american_pit_bull_terrier_2,american_pit_bull_terrier,dog,wrong,staffordshire_bull_terrier,kernel,34,0.818767,28,0.621751,0.968946,0.347195,0.213077,0.572441,0.0,,0.713191,0.666667,0.0327492 0.0340337 0.0429065 0.032981 0.0389955 0.00338154 0.0171144 0.0224419 0.0370056 0.00017686 0.0969341 0.0537539 0.00734028 0.0104251 0.0307142 0.124348 0.000514155 -0.0483599 -0.0338823 -0.0138908 0.0441343 0.0971867 0.0890479 0.0165481 0.0350906 0.0414587 0.00146993 -0.00187615,800,0,cuda,1.82,8.19
test,224,american_pit_bull_terrier_2,american_pit_bull_terrier,dog,wrong,staffordshire_bull_terrier,partition,34,0.818767,28,0.621751,0.963862,0.342111,0.257763,0.651891,0.0,,,,0.0209469 0.0341453 0.0713175 0.0393182 0.0224663 0.0203925 0.0114502 0.0741024 0.0602824 0.00146552 0.00109635 0.029079 0.00374856 0.0136905 0.0250121 0.0556429 0.0200035 -0.00182545 0.0199772 0.0116419 -0.00656729 0.0859481 0.136916 0.00605255 0.0336464 0.0288519 -0.0027786 -0.00328082,800,0,cuda,1.77,8.19
test,581,Bengal_85,Bengal,cat,correct,Bengal,kernel,5,0.997846,38,0.449019,0.793607,0.344587,0.300082,0.953546,0.0,,0.596674,0.714286,0.0151116 0.0235284 0.0196522 0.00295655 0.0102756 0.0311479 0.0043583 -0.00439356 0.00665903 0.00666877 -0.0100267 -0.000791384 -0.013747 -0.0190545 -0.0180296 0.0143848 0.144815 -0.00332807 -0.000512458 0.236767 -0.00912314 0.00449528 0.038362 0.0766126 0.187734 0.013333 0.0316124 -0.00603672 0.0219879 0.00885899 0.0708525 0.0849214 0.00645414 -0.0300027 0.0119015 0.000937002 0.0222693 -0.00697011,800,0,cuda,1.7,7.8
test,581,Bengal_85,Bengal,cat,correct,Bengal,partition,5,0.997846,38,0.449019,0.98079,0.531771,0.324466,0.95017,0.0,,,,0.00318896 0.00403894 0.0131776 0.0392024 0.00654473 0.0418052 0.00272894 0.00395562 0.00681715 0.0094445 0.0233039 0.00135396 0.0140178 0.00428568 0.000716555 0.0124462 0.188465 0.0014739 0.029255 0.0821595 0.00668634 0.0364441 0.0223883 0.0610305 0.111163 0.0129377 -0.016391 0.00350314 0.0792436 0.0359159 0.0353184 0.0588055 0.000489693 0.0175897 0.00674527 0.0112576 0.00323653 -0.000105177,800,0,cuda,1.78,7.8
test,1051,chihuahua_6,chihuahua,dog,correct,chihuahua,kernel,10,0.97377,44,0.159598,0.652081,0.492483,0.024319,0.920738,0.0,,0.547851,1.0,0.0910777 0.168315 0.0621515 0.0152972 -0.0114996 -0.00732017 0.075599 0.0379122 0.412967 0.0303906 0.0121249 0.0299515 -0.0288192 0.0963594 0.00650902 0.0321717 -0.0179836 0.00184549 -0.0176127 -0.00526981 -0.00905702 -0.0663209 -0.00808522 -0.0189483 -0.00595997 0.00102509 0.00938828 -0.012238 -0.0174347 0.0168842 0.00446508 0.0016347 -0.0189254 0.0187774 -0.00564804 0.0179988 0.00870147 0.0120561 0.00993148 -0.0075251 -0.00742757 0.00723701 0.022523 -0.00595002,800,0,cuda,1.79,7.86
test,1051,chihuahua_6,chihuahua,dog,correct,chihuahua,partition,10,0.97377,44,0.159598,0.655232,0.495634,0.073728,0.884717,0.0,,,,0.080519 0.247914 0.0414442 -0.00307034 -0.00288178 0.000440417 0.0967078 0.0935294 0.239371 -0.00612158 -0.00753146 0.0304384 -0.00439371 0.077409 0.0116037 0.00195505 -0.00104694 0.00757822 -0.000788287 -0.00968669 0.000247734 0.0233566 -0.00238212 -0.00134075 0.00421405 0.00356155 0.000910325 -0.000422285 0.00224124 0.00266233 0.00146771 0.00385311 0.000631827 -0.000517217 0.000465467 0.00140636 0.000539878 -0.00201144 -0.000158713 -0.00034293 0.000221752 -0.00090906 7.64607e-05 0.00010828,800,0,cuda,1.72,7.86
test,192,american_bulldog_95,american_bulldog,dog,correct,american_bulldog,kernel,1,0.947946,38,0.740234,0.996143,0.255909,0.118831,0.86771,0.0,,0.668563,0.833333,0.0159453 0.0105676 0.0277863 -0.0668457 -0.0152317 -0.0220347 0.0570259 0.0158964 -0.0135665 0.0089629 0.0183127 0.0099347 0.0463305 -0.0355081 -0.0234245 0.29353 0.0084207 0.0281046 0.0994038 -0.0526833 0.00926936 -0.0228584 0.0609333 0.167288 0.015563 -0.0643963 0.0921859 0.102494 -0.00255317 0.00838732 -0.00280915 0.017076 0.00447314 0.0485294 0.00307278 0.0754197 -0.0093581 0.0248447,800,0,cuda,1.77,8.16
test,192,american_bulldog_95,american_bulldog,dog,correct,american_bulldog,partition,1,0.947946,38,0.740234,0.994983,0.254749,0.125693,0.870606,0.0,,,,0.00993389 0.0056614 0.00184925 -0.00318927 -0.00854177 0.0044083 0.0521649 0.00819206 -0.00296899 -0.000697884 0.019858 -0.0203643 -0.00796816 -0.024062 -0.00786899 0.147009 0.00207805 0.0104282 0.0689442 -0.00996443 0.000581375 -0.038473 0.0243524 0.198167 0.00236714 -0.0242706 0.165723 0.113189 0.00478548 0.00357852 0.0173333 0.00849607 0.0134834 0.0284756 0.0103999 0.14319 0.0184788 0.00372901,800,0,cuda,1.8,8.16
test,3260,Siamese_81,Siamese,cat,correct,Siamese,kernel,32,0.94889,42,0.600865,0.984597,0.383732,0.053214,0.821489,0.0,,0.740378,0.833333,0.0222389 0.000966755 0.0503606 0.0150638 0.0432064 0.00245278 0.0119881 0.0468656 0.0156462 0.00571945 -0.01388 -0.0200191 0.115666 0.0220907 0.253012 0.00442492 0.019637 0.100599 0.0200392 -0.104298 0.00718106 -0.00333425 0.0157465 0.0473225 0.000516045 -0.0927062 0.010651 -0.121786 -0.00191326 0.0471151 0.0257081 -0.0336689 0.0793205 0.0147578 0.0375102 0.0271439 -0.00559054 0.0387969 0.0851767 0.039314 0.0801718 0.0277984,800,0,cuda,1.79,7.89
test,3260,Siamese_81,Siamese,cat,correct,Siamese,partition,32,0.94889,42,0.600865,0.951533,0.350668,0.068042,0.831993,0.0,,,,0.00744069 0.0140013 0.0233702 0.0103034 0.0559416 0.0055018 0.00349686 0.0397758 0.00346554 0.00390509 -0.000684746 0.0151955 0.0614399 0.0119477 0.219836 0.0115429 0.0381768 0.0764573 0.0238796 -0.0340843 0.059678 0.0408318 0.0457481 0.0634539 0.0188412 -0.0473843 -0.00106334 -0.098151 -0.00131818 0.0245302 0.00131087 -0.00010528 0.0505293 -0.0079976 0.0173311 -0.00624733 0.000982197 0.00585342 0.076587 0.0122647 0.0864609 0.00396657,800,0,cuda,1.62,7.89
test,1069,chihuahua_86,chihuahua,dog,correct,chihuahua,kernel,10,0.999451,38,0.478276,0.65868,0.180403,0.119201,0.876909,0.0,,0.443922,1.0,-0.00642584 -0.041503 0.009529 0.114031 -0.0131248 0.00663035 0.0381392 -0.0118966 -0.01914 0.0409493 0.0364145 0.166667 0.00307876 0.0864556 0.145594 -0.0118239 0.0214417 0.0221899 0.00217247 0.0101487 0.025543 -0.00309644 0.183826 -0.0170729 0.0226589 0.0193143 0.0133356 -0.00770558 0.00511229 0.0152846 -0.0335836 0.0457791 0.0284986 0.0139009 -0.0544865 0.0154592 0.0621666 0.0224899,800,0,cuda,1.69,8.12
test,1069,chihuahua_86,chihuahua,dog,correct,chihuahua,partition,10,0.999451,38,0.478276,0.65868,0.180403,0.130729,0.887155,0.0,,,,0.0341725 -0.00698135 0.0251452 0.102012 0.0291926 -0.00276771 0.0199246 0.00495567 0.00365987 0.0774283 -0.00805549 0.164522 -0.00349072 0.195081 0.16108 -0.00219263 0.00280768 0.00828269 0.000823944 -0.00350559 0.00291506 0.00121851 0.11081 0.00279744 0.0379032 0.00101679 -0.00264291 0.000357656 0.000632491 -0.000434525 0.000850027 -5.57429e-05 -4.68532e-05 0.00061471 -0.00115641 -8.07533e-05 0.000361479 -0.00020319,800,0,cuda,1.82,8.12
test,1615,havanese_3,havanese,dog,correct,havanese,kernel,16,0.999609,36,0.691067,0.984898,0.293831,0.440066,0.819193,0.0,,0.556499,0.833333,-0.0137042 0.0261532 0.00125689 0.0587053 0.0130095 0.0244071 0.0448276 -0.0166877 0.00499484 0.0777841 0.00717109 0.141331 0.0944384 0.137396 -0.00397809 0.0456642 0.0204481 0.0501998 0.00611677 0.0196012 -0.00559069 0.0587286 -0.0373929 0.0817107 0.0233976 0.00951846 0.0271405 0.00634512 0.0209755 0.0307573 -0.0138239 -0.00408401 0.0382164 0.000595221 0.016001 0.00509246,800,0,cuda,1.8,7.8
test,1615,havanese_3,havanese,dog,correct,havanese,partition,16,0.999609,36,0.691067,0.985747,0.294679,0.360389,0.857247,0.0,,,,0.00399184 0.0471446 0.0170143 0.0346229 0.0127337 0.00940353 0.0399168 0.016639 0.0136701 0.00807827 0.00471878 0.0700698 0.0740733 0.108307 0.0126373 0.122568 0.00547788 0.00825495 0.010728 0.0231442 0.00779768 0.0512575 0.0100673 0.0718435 0.0266182 0.0211646 0.0189396 0.0375427 0.009515 0.00635933 0.0137502 0.020054 0.0396481 0.0045827 0.00717305 0.00721417,800,0,cuda,1.73,7.8
test,1604,havanese_2,havanese,dog,wrong,wheaten_terrier,kernel,16,0.796747,47,0.727659,0.96539,0.237731,0.071534,0.519537,0.0,,0.645698,0.833333,0.000978196 0.00881648 0.0178885 0.00459475 -0.0142071 0.097535 0.0107728 0.00319927 -0.00697718 -0.0318719 0.0027665 0.0115172 0.00584216 0.00190551 0.0749236 -0.00630479 0.0165967 0.178522 0.0245005 -0.0153299 0.0874858 0.0158884 0.00844593 0.193998 0.011213 -0.00285206 0.0666492 0.0269601 0.00587921 0.00251224 -0.0204171 0.0100319 0.0131043 0.013134 -0.0394265 0.00634543 0.017492 -0.0153661 0.00721731 0.0230445 -0.00113181 0.00056239 0.0148691 -0.0166559 -0.00274637 -0.0167498 -0.00129528,800,0,cuda,1.78,8.15
test,1604,havanese_2,havanese,dog,wrong,wheaten_terrier,partition,16,0.796747,47,0.727659,0.963203,0.235545,0.066064,0.479276,0.0,,,,0.00128235 -0.0032843 -0.00318889 0.0051565 0.00154876 0.0699523 -0.0320623 0.00313667 -0.00194295 -0.00224735 0.0211443 0.0221549 0.0251418 0.000277443 0.0613095 0.0162152 0.000758007 0.133847 0.0719707 0.00222115 0.0301724 0.0200088 0.0164174 0.158366 0.0123263 0.00521769 0.0326826 0.00847924 0.00350198 0.000903825 0.000964422 0.00529927 0.0111115 0.0339967 0.00842666 0.00795139 0.0060075 0.00752728 0.00408894 0.00379499 0.0102169 0.00229868 0.00269814 0.00212102 0.00110179 0.00387246 0.000915119,800,0,cuda,1.68,8.15
test,545,Bengal_52,Bengal,cat,correct,Bengal,kernel,5,0.993883,40,0.252491,0.627033,0.374542,0.335032,0.958591,0.0,,0.421295,1.0,0.0307988 -0.021151 0.00797791 0.0148243 0.00245394 0.00641059 0.000216202 0.0164385 0.0237013 -0.00266217 0.00672479 0.024358 -0.0130538 0.00290473 -0.00394384 -0.00491259 0.0456311 0.0162039 0.240797 0.227721 0.113583 0.0247457 0.00711948 0.0218246 -0.0101622 -0.0231315 -0.0153334 0.00436036 0.108233 0.025745 -0.0102352 0.0259226 -0.00383187 0.113033 -0.0158889 0.0142732 -0.022226 -0.00564942 -0.0233858 0.0202427,800,0,cuda,1.69,7.9
test,545,Bengal_52,Bengal,cat,correct,Bengal,partition,5,0.993883,40,0.252491,0.810276,0.557785,0.414205,0.935688,0.0,,,,0.00105026 0.000532785 0.000418985 0.000424593 0.000421269 0.0041115 0.0014777 0.000305774 0.00378258 0.00577055 0.0181579 0.00927024 0.0150265 0.00229835 0.000171948 0.0224183 0.0173093 0.0365244 0.14934 0.198622 0.107565 0.0117932 0.131311 0.00558793 0.00877441 0.0137738 0.00976532 0.0482013 0.0416611 0.0082692 0.00108387 0.0226835 0.00609114 0.0396651 -2.28075e-06 -3.49686e-06 0.00347112 0.00804018 0.0151041 0.000407678,800,0,cuda,1.86,7.9
test,3357,Sphynx_75,Sphynx,cat,correct,Sphynx,kernel,33,0.999964,33,0.543507,0.991311,0.447804,0.368498,0.820697,0.0,,0.815675,0.547619,0.0247537 0.0660066 0.0079637 0.0146051 -0.00268892 0.0057429 0.0292544 0.0575192 0.00253563 0.0846112 0.0234612 0.040397 0.023022 0.0856016 0.142366 0.000738977 0.00640059 0.00460749 -0.0075265 -0.00645463 0.103301 0.0285254 -0.00299367 -0.00637564 0.0854779 0.00825432 0.0476827 -0.037337 0.0817229 0.0269066 0.0169423 0.017075 0.0112129,800,0,cuda,1.73,7.98
test,3357,Sphynx_75,Sphynx,cat,correct,Sphynx,partition,33,0.999964,33,0.543507,0.991562,0.448055,0.36821,0.841441,0.0,,,,0.00448905 0.0220395 0.00670004 0.00614281 0.00807719 0.00110319 0.00294117 0.0385245 0.00858944 0.0370878 0.0157358 0.0405141 0.0144511 0.0796323 0.169408 0.0146189 0.0175975 0.0202966 0.0045304 0.035865 0.0963564 0.055689 0.00527828 0.00912124 0.132097 0.0214355 0.0252197 0.0152697 0.0340806 0.0291049 0.00631556 0.00424204 0.000757027,800,0,cuda,1.83,7.98
test,1663,havanese_83,havanese,dog,correct,havanese,kernel,16,0.732158,31,0.524972,0.659155,0.134183,0.086044,0.735797,0.0,,0.80504,1.0,0.0756058 -0.0103304 0.117596 -0.00939141 -0.031767 0.186367 0.0307246 0.198761 -0.0383548 -0.0732522 -0.0048709 0.0150591 0.00602624 0.112087 0.00250612 -0.0151885 -0.00877105 0.0262474 -0.0110771 0.0607013 0.0246703 0.000391331 0.0134264 0.0280981 0.0145222 0.016061 0.0217385 -0.00841192 0.00222744 0.0241518 -0.0362824,800,0,cuda,1.9,8.21
test,1663,havanese_83,havanese,dog,correct,havanese,partition,16,0.732158,31,0.524972,0.659155,0.134183,0.109494,0.667546,0.0,,,,0.0598015 0.00875239 0.135029 -0.00885073 0.0184969 0.185156 0.0151459 0.129849 -0.0270711 -0.0597621 -0.027626 0.0341439 0.0552942 0.12356 -0.00735137 0.0541173 -0.0301665 0.00724417 -0.0135192 0.0174628 0.00388624 0.000531396 0.0167954 0.0264533 0.00188864 0.00277302 0.00126334 0.000641757 0.00275752 0.00194358 0.000630437,800,0,cuda,1.76,8.21
test,2411,pomeranian_37,pomeranian,dog,correct,pomeranian,kernel,24,0.864352,44,0.33233,0.761815,0.429485,0.019202,0.910687,0.0,,0.76568,0.833333,0.0404126 0.0236927 0.315309 0.0962457 0.0237192 0.253191 0.0461376 -0.000633273 0.0183532 0.035601 -0.0588315 0.126453 0.12715 0.00335264 -0.014318 -0.00515233 -0.00609454 0.0040922 -0.024962 -0.024401 0.0135514 -0.0524425 -0.00609262 -0.0331553 -0.00209967 -0.0149745 -0.0265367 -0.00823713 -0.030098 -0.0502036 0.0270335 0.00944963 -0.00558037 0.0299394 0.0209078 0.00313648 0.0116052 0.0193954 -0.0111265 -0.00740125 -0.00533139 0.0131771 -0.0155137 -0.0140013,800,0,cuda,1.8,7.92
test,2411,pomeranian_37,pomeranian,dog,correct,pomeranian,partition,24,0.864352,44,0.33233,0.574283,0.241952,0.019639,0.817632,0.0,,,,0.0349277 0.0679734 0.251932 0.05328 0.0246691 0.116758 0.127787 0.00189016 0.00562366 0.0938512 0.0311804 0.121695 -0.00978192 0.0128841 -0.00555008 -0.00316197 0.0274527 0.00451146 0.000906895 -0.00447838 0.0039393 -0.0312687 -0.0249964 -0.0052564 -0.00460678 0.000558369 -0.000389873 -0.00446391 -0.00748932 -0.00991196 0.00134626 -0.00212804 0.000124446 -0.0003453 -0.00290489 -0.0019505 -0.00240419 -0.00209407 -0.00289475 -0.00461431 -0.00734457 0.0121159 -0.010979 -0.00167346,800,0,cuda,1.72,7.92
test,352,basset_hound_59,basset_hound,dog,correct,basset_hound,kernel,4,0.758072,35,0.388213,0.845725,0.457511,0.036913,0.918047,0.0,,0.823109,0.833333,-0.00561561 -0.00184465 -0.0471247 0.0111988 0.0013275 -0.0155981 0.00482792 0.127885 0.00164309 0.0530591 -0.0659893 0.00975183 0.00721263 -0.00793875 -0.0030884 0.38319 0.160691 -0.0025967 -0.0160515 0.15038 0.0117639 0.0126186 -0.190113 -0.00151788 0.0393321 0.0234605 -0.00079586 0.0469904 -0.0220328 -0.0362411 0.0246503 0.0149352 0.0400145 -0.00935077 0.0011544,800,0,cuda,1.87,8.19
test,352,basset_hound_59,basset_hound,dog,correct,basset_hound,partition,4,0.758072,35,0.388213,0.888405,0.500192,0.1181,0.823441,0.0,,,,-0.00620535 0.000916502 -0.00332383 -0.00772065 0.000587578 0.000397097 -0.000233607 0.0714996 0.0194284 0.0214476 0.0102446 -0.0010754 -0.000498479 0.000408397 -0.00519814 0.244186 0.0652304 0.017948 -0.000353421 0.0431412 -0.000428061 0.0155839 -0.0251362 -0.0101585 -0.0062082 0.28294 -0.0135782 0.0138566 -0.039244 -0.0191984 -0.0148808 0.0243407 0.0253412 -0.00139684 -0.00247286,800,0,cuda,1.75,8.19
test,2982,scottish_terrier_192,scottish_terrier,dog,correct,scottish_terrier,kernel,30,0.999708,35,0.513732,0.983992,0.47026,0.412088,0.882066,0.0,,0.655602,0.833333,-0.0206227 0.0158066 0.0584584 -0.0139006 -0.0135908 0.0367972 0.0207209 0.0217227 0.0150581 0.0219999 0.0181953 0.020699 0.021209 -0.0061394 0.0779615 0.0869984 0.0344838 0.0962116 0.0225844 0.00470992 0.022668 0.00448235 0.124454 0.0410014 0.139133 0.0182077 0.0135086 0.0118153 0.0201903 0.0269333 0.0218268 -0.00490448 -0.0170503 -9.09832e-05 0.0440901,800,0,cuda,1.95,8.24
test,2982,scottish_terrier_192,scottish_terrier,dog,correct,scottish_terrier,partition,30,0.999708,35,0.513732,0.986068,0.472336,0.392055,0.88788,0.0,,,,-0.00163 0.00360548 0.0462283 0.0167009 -0.000304369 0.0131399 0.00588947 0.0321523 0.00911013 0.0440393 0.0100313 0.0119605 0.0142158 0.0103383 0.0612028 0.0906151 0.0216195 0.0938957 0.0263969 0.00998548 0.0289924 0.0120348 0.0961466 0.0232586 0.0560594 0.00439083 0.0252584 0.101387 0.0576537 -0.00238069 0.0320584 0.00328945 0.00365939 0.0091437 0.0154835,800,0,cuda,1.77,8.24
test,871,boxer_88,boxer,dog,correct,boxer,kernel,8,0.999165,41,0.271066,0.97524,0.704175,0.162346,0.965317,0.0,,0.464983,1.0,-0.0125349 0.0227259 -0.010333 -0.0126079 0.00765428 0.0307834 0.00219632 -0.0159532 -0.0117649 0.0088082 0.0154537 -0.0273603 0.0288355 0.0112707 -0.00982345 0.00166688 0.00319865 0.00185337 0.159324 0.0888095 -0.0185053 0.0144419 0.0158129 0.0260533 0.234867 -0.0113917 0.130789 0.160095 0.00297593 0.018426 0.0569944 0.0269005 -0.0181952 -0.00397935 0.0161553 -0.0102039 0.0308386 0.0399972 0.00753328 0.0035811 -0.0202622,800,0,cuda,1.78,7.99
test,871,boxer_88,boxer,dog,correct,boxer,partition,8,0.999165,41,0.271066,0.97524,0.704175,0.260358,0.964277,0.0,,,,0.0018204 0.00407409 0.00265465 0.00318754 0.0116443 0.0110588 0.00197899 0.00384126 0.00393173 0.0010654 0.0206138 0.00111131 -0.002457 0.00532079 0.00197197 0.0238373 -0.00109135 0.0192782 0.0800918 0.0801988 0.0330571 0.039432 0.00862381 0.00836637 0.19584 0.00102797 0.12218 0.190646 0.0105445 0.00148417 0.040467 0.012305 0.000463849 0.0204916 0.00101955 0.00367553 0.00536463 0.00560934 0.000237055 0.00901017 0.00114866,800,0,cuda,1.75,7.99
test,558,Bengal_64,Bengal,cat,correct,Bengal,kernel,5,0.998978,39,0.493603,0.730856,0.237254,0.689587,0.945941,0.0,,0.485324,1.0,0.00698637 0.020916 0.150632 0.0150101 0.0115392 0.0025416 0.153857 0.0783881 -0.0059527 0.0279688 0.00818084 -0.00452907 0.00866615 0.01499 -0.00506335 -0.0103023 0.156149 0.0031687 -0.0210121 0.0153819 -0.0173247 -0.0168422 0.112788 0.0141224 0.00816799 -0.00566542 0.0188927 0.00798779 0.00526814 -0.0172329 0.0326271 0.0199336 -0.013067 0.15314 0.0322031 -0.0271258 0.0295371 0.0168176 -0.00597223,800,0,cuda,1.68,8.21
test,558,Bengal_64,Bengal,cat,correct,Bengal,partition,5,0.998978,39,0.493603,0.694908,0.201306,0.572469,0.94529,0.0,,,,0.00269299 0.018594 0.0431686 0.0208598 0.00893513 0.0214116 0.123822 0.0110187 -0.00362042 0.0113697 0.0167239 0.00478101 0.00201916 0.0169799 0.0183062 0.0442837 0.134837 0.0375393 0.0104629 0.0251086 0.00030047 0.0084404 0.0190791 0.0654982 0.00110219 0.00607764 0.0174049 0.0205862 0.00974022 0.0383671 0.00504123 0.02509 0.0124135 0.0922873 0.00435694 0.0551671 0.00078211 0.0203859 0.00435838,800,0,cuda,1.96,8.21
test,1032,chihuahua_52,chihuahua,dog,correct,chihuahua,kernel,10,0.998565,35,0.431621,0.989364,0.557743,0.10463,0.880834,0.0,,0.634174,0.547619,-0.0222623 0.012556 0.0366272 -0.00833896 -0.0235334 0.0171581 0.0258349 0.00686413 0.0539434 0.207766 0.0549079 -0.0257893 0.0121707 -0.0144363 -0.019054 0.0226022 -0.0127003 -0.0161175 0.0253057 0.0790203 -0.0251139 0.00330028 0.391792 0.0164581 0.00304701 0.0151527 0.00593713 0.0239311 0.0142764 0.0301346 -0.00748971 -0.00475741 0.0214176 0.0139368 0.0415175,800,0,cuda,1.8,7.72
test,1032,chihuahua_52,chihuahua,dog,correct,chihuahua,partition,10,0.998565,35,0.431621,0.792507,0.360887,0.1156,0.852566,0.0,,,,0.00210557 0.0183235 0.0434869 0.0172773 0.0080804 0.00174036 0.00482558 0.0247239 0.0395487 0.12735 0.0879621 0.00192191 0.0187011 0.00111783 0.0339535 0.029169 0.00137224 0.00497055 0.00283874 0.0424427 0.00282557 -0.00124596 0.323911 0.00133955 0.00301591 0.0263584 -0.000388848 0.0168181 0.00087 0.0291925 -0.00168717 0.00862597 0.025508 0.00345359 0.00555626,800,0,cuda,1.74,7.72
test,2846,saint_bernard_69,saint_bernard,dog,correct,saint_bernard,kernel,28,0.996396,44,0.318878,0.793908,0.475031,0.171388,0.910399,0.0,,0.523961,0.666667,0.00184036 0.0120228 0.128097 0.000599214 0.0101538 0.0155874 -0.0362361 0.0030802 0.0283594 0.0896252 0.0745054 0.0294705 0.0472086 0.152568 0.00192785 0.02065 -0.0483801 0.0038614 0.283926 -0.0425898 0.00355291 -0.00812385 0.0392714 -0.00730155 0.0174925 -0.0211643 -0.0170593 0.0456731 0.0399429 -0.0074249 0.00797314 0.0345832 0.00719676 0.0366768 0.0197758 0.0122786 0.00562119 -0.0184332 -0.00505148 -0.0143153 -0.0154188 0.0336145 -0.0261208 -0.0133709,800,0,cuda,1.7,7.96
test,2846,saint_bernard_69,saint_bernard,dog,correct,saint_bernard,partition,28,0.996396,44,0.318878,0.807838,0.48896,0.14987,0.911796,0.0,,,,0.0111285 0.0176455 0.121059 0.00113663 -0.00158739 0.022039 -0.000913912 -0.00229281 0.0327349 0.0989768 0.044156 0.0118515 -0.000497806 0.240486 -0.000183639 -0.000223514 -0.0072491 0.0166899 0.21548 -0.0042571 0.0398667 -0.000978131 0.0676687 -0.00205353 0.00488724 -0.0016048 0.00216513 0.00106839 -0.00011449 0.000798841 -0.00027434 0.00101208 -0.00186529 0.000531126 0.00123848 0.000338612 -0.00276131 0.000560882 0.000795572 0.00120175 -0.00129618 -0.000715232 -0.00022945 -0.000273952,800,0,cuda,1.73,7.96
test,3424,staffordshire_bull_terrier_5,staffordshire_bull_terrier,dog,wrong,american_pit_bull_terrier,kernel,34,0.596799,39,0.746532,0.75155,0.005018,0.121333,0.467303,0.0,,0.536437,0.547619,0.00521892 -0.0304809 0.0110918 -0.0101174 -0.0151488 0.0167775 0.0131479 0.0362092 0.00337057 0.0468871 0.0794882 0.0198404 0.00606102 0.0195463 0.0310549 0.030458 -0.0199558 0.0214589 0.0567544 0.000915728 0.0375437 0.0150648 0.024811 0.0247082 0.00751097 0.0663288 0.0258928 0.00879552 -0.00142132 0.0473378 -0.00892566 0.0466587 -0.00249514 0.0194182 -0.0207544 -0.00166807 0.00952368 -0.00178299 -0.0283505,800,0,cuda,1.76,8.17
test,3424,staffordshire_bull_terrier_5,staffordshire_bull_terrier,dog,wrong,american_pit_bull_terrier,partition,34,0.596799,39,0.746532,0.736848,-0.009684,0.140363,0.420046,0.0,,,,0.00147613 -0.00017824 0.0153653 0.0296897 0.00579327 0.00460768 0.0186192 0.0668734 0.0313745 0.0939594 0.0249067 0.0302492 0.00727193 0.034256 0.0271991 0.0300784 0.0116981 0.0208637 0.0690872 0.00981433 0.0127403 0.00513313 -0.00323441 -0.00744553 0.00885589 0.0059842 0.0177456 0.000892456 -0.00150075 0.0396144 -0.00606307 0.00235484 -0.00902141 -0.00977345 -0.00368957 -0.00444125 0.00233141 0.0163233 -0.00903709,800,0,cuda,1.67,8.17
test,2328,Persian_46,Persian,cat,correct,Persian,kernel,23,0.999105,41,0.971979,0.999755,0.027776,0.250239,0.787595,0.0,,0.553049,0.666667,0.0155882 0.0547906 -0.0107466 0.0215438 0.0130269 0.0201601 0.0621113 0.143596 0.00204006 0.0124691 0.0413453 -0.00738934 0.0683415 0.0483809 0.012164 0.00177615 0.090579 0.0129201 0.0327327 -0.00491176 0.00255756 0.0237062 0.0548505 0.0711363 0.000839087 0.063911 0.0289273 0.0297307 0.0254356 0.00496141 0.00856987 0.0437867 -0.000597006 0.00427822 0.0173938 -0.0110547 0.00915507 0.0255982 0.0170054 -0.0404235 -0.0264068,800,0,cuda,1.75,8.22
test,2328,Persian_46,Persian,cat,correct,Persian,partition,23,0.999105,41,0.971979,0.999712,0.027734,0.285427,0.788853,0.0,,,,0.000129564 0.00885084 0.00859243 0.00270036 0.0269882 0.0104272 0.0464983 0.103663 0.0027442 0.0019897 0.00576387 0.00462221 0.116967 0.0394983 0.0956617 0.0153653 0.0733747 0.0174611 0.00791798 0.0405373 0.00544486 0.0564835 0.0575713 0.0359387 0.00200286 0.0629249 0.0111153 0.0101049 0.00373473 0.00704541 0.0035282 0.0146536 0.00866048 0.0323517 0.0109944 0.00211837 0.0154365 0.00250083 0.00222503 0.00251281 0.0067779,800,0,cuda,1.74,8.22
test,2829,saint_bernard_53,saint_bernard,dog,correct,saint_bernard,kernel,28,0.999222,44,0.720006,0.995874,0.275869,0.234662,0.917793,0.0,,0.474137,0.428571,0.00418821 0.0061645 -0.0198135 0.0481788 0.0702407 0.0232241 0.0106916 0.00295288 -0.0252059 0.0262557 0.0222788 0.0564511 0.0326286 0.00275846 0.000506885 -0.00158689 -0.0308605 0.0115448 0.00856405 -0.0302447 0.0294639 0.142792 -0.0026271 0.0141681 0.175764 0.0483616 -0.0204781 0.0217754 0.0268444 0.0533375 0.0633101 0.0603503 0.0553264 0.0516957 0.050578 -0.0385025 -0.0271557 0.00684402 -0.00288636 -0.0286661 -0.000961147 0.00373552 -0.0165539 0.0435388,800,0,cuda,1.72,8.27
test,2829,saint_bernard_53,saint_bernard,dog,correct,saint_bernard,partition,28,0.999222,44,0.720006,0.999339,0.279334,0.348315,0.911778,0.0,,,,0.00992101 0.0264034 0.00748397 0.0116329 0.0772925 -0.000357154 0.0354688 -0.00326669 0.0235632 0.0237509 0.0608644 0.0403948 -0.00119999 0.0284668 0.0504022 0.0151749 0.00475902 0.0308806 0.042368 0.0100918 0.0241323 0.0616591 0.00581032 0.00138779 0.151478 0.0357882 0.0344409 0.0130273 0.00958499 0.0168241 -0.0200294 0.020244 0.00348847 0.0075945 0.0444354 0.00322433 0.00186942 0.0185654 0.00731265 0.00330223 -0.00676632 -0.00397498 0.000787743 0.000689918,800,0,cuda,1.8,8.27
test,2318,Persian_37,Persian,cat,correct,Persian,kernel,23,0.999749,37,0.342674,0.975398,0.632725,0.162072,0.94295,0.0,,0.454007,0.833333,-0.00236521 0.0211491 0.0142901 -0.00887002 -0.0199518 0.0157652 -0.0192871 -0.0250066 0.0236077 0.0409279 0.0118639 0.0106785 -0.00465281 0.0439857 0.00959358 0.0209382 0.0336452 0.172847 0.0802786 0.00930029 -0.0050449 -0.00877401 0.124179 0.0496887 -0.0306383 0.00700473 -0.00315844 -0.000413458 0.301855 0.00612775 0.0322006 -0.0309239 0.0288794 0.0233903 0.0286288 0.0485679 -0.0157843,800,0,cuda,1.81,7.92
test,2318,Persian_37,Persian,cat,correct,Persian,partition,23,0.999749,37,0.342674,0.975398,0.632725,0.120794,0.937352,0.0,,,,0.000551081 0.000912887 0.00101694 0.000330056 0.000900484 0.000334915 0.000514652 0.00148219 0.00349725 0.0039993 0.00103041 0.00973761 0.000265721 0.00403035 -0.00118478 0.00848582 0.00136658 0.0705024 0.100405 0.0041964 -0.00706851 0.0197864 0.187277 0.171374 0.0110641 0.060668 0.020985 0.0164046 0.187017 0.0054816 0.00331372 -6.67887e-05 0.0639812 -0.00024762 -2.93971e-05 0.00231009 0.0298964,800,0,cuda,1.68,7.92
test,489,beagle_92,beagle,dog,correct,beagle,kernel,4,0.999931,41,0.21875,0.971938,0.753188,0.121159,0.976642,0.0,,0.57622,0.666667,0.0263628 -0.0166332 -0.0153277 0.0398282 0.0570715 -0.0278956 -0.00230341 -0.0136281 0.0208422 0.0123703 0.164082 0.0290948 0.0313845 0.185095 -0.00122248 0.0858106 -0.00880747 0.19206 0.0102231 -0.00620258 0.0702105 0.045142 -0.0377062 0.00690471 0.0233856 -0.0638032 -0.00824742 0.0378915 0.0583652 0.0023684 0.0382319 0.0152949 0.00881812 0.00344861 -0.0177975 -0.0290763 -0.0191618 0.00352415 0.0605602 -0.0229613 0.00444772,800,0,cuda,1.9,8.25
test,489,beagle_92,beagle,dog,correct,beagle,partition,4,0.999931,41,0.21875,0.965275,0.746525,0.140273,0.939535,0.0,,,,-0.000185228 -0.000701589 0.000211414 -0.000156335 0.0416701 -0.000110391 3.06525e-05 -0.000346955 0.00626468 -9.08532e-05 0.150107 0.000721189 0.0342675 0.106458 0.00297219 0.0844914 0.000174004 0.0793287 0.00764613 0.00335457 0.12837 0.0191348 0.000838641 0.00945577 0.036782 0.00202563 0.00354173 -0.000433132 0.132007 0.00191329 0.0859424 -0.002651 -0.000559054 0.0117852 -0.00320017 0.000129227 -0.000791337 -0.00239201 6.49581e-05 0.00171907 0.00225676,800,0,cuda,1.74,8.25
test,3054,scottish_terrier_77,scottish_terrier,dog,correct,scottish_terrier,kernel,30,0.999694,31,0.450853,0.929155,0.478302,0.268982,0.920774,0.0,,0.691734,0.666667,0.020981 0.0475621 0.025162 0.000749239 -0.00126135 0.0179512 0.0139759 0.0100163 -0.017842 -0.00169219 0.00761979 0.0228891 0.235396 0.154662 0.00104652 -0.000496044 0.0449072 0.0123596 0.0451123 0.00959132 0.0119417 0.000953917 0.0460204 0.0312449 0.00459786 0.0793649 0.0391496 0.0796576 0.0130864 0.0507835 -0.0198761,800,0,cuda,1.97,8.11
test,3054,scottish_terrier_77,scottish_terrier,dog,correct,scottish_terrier,partition,30,0.999694,31,0.450853,0.99136,0.540507,0.496177,0.924375,0.0,,,,0.00342936 0.0258343 0.0138482 -0.00569321 0.00812634 0.0288047 0.019086 0.00159577 0.00563368 -0.00138846 0.0203436 0.0499793 0.100646 0.169377 0.0219836 0.00170423 0.0780017 0.00588114 0.0762885 0.0555136 0.0494792 0.0296871 0.0575586 0.00970691 0.00601233 0.0421306 0.0708602 0.017876 0.00518515 0.0133973 0.00472515,800,0,cuda,1.77,8.11
test,295,american_pit_bull_terrier_98,american_pit_bull_terrier,dog,wrong,staffordshire_bull_terrier,kernel,1,0.481956,44,0.384208,0.977002,0.592794,0.052928,0.870493,0.0,,0.677097,0.833333,-0.0241301 0.00170761 0.0177795 0.00110703 -0.00115371 0.00172605 -0.0394817 0.0131028 0.00744011 -0.0164894 -0.189364 0.0214695 0.00598605 0.184044 -0.00498476 -0.0487904 0.0567659 -0.025544 0.0248929 0.0217089 -0.019811 -0.00790389 0.0240799 0.136527 0.00179854 0.163707 0.119043 0.0216285 0.00503299 -0.000896888 0.0310603 0.0200317 0.0451068 0.0236792 -0.00922764 -0.0428434 -0.00832766 -0.012472 -0.029518 2.2212e-05 -0.00834728 0.0143832 -0.0161995 0.0141509,800,0,cuda,1.98,8.29
test,295,american_pit_bull_terrier_98,american_pit_bull_terrier,dog,wrong,staffordshire_bull_terrier,partition,1,0.481956,44,0.384208,0.973892,0.589685,0.09974,0.815015,0.0,,,,-0.00249147 0.00535877 0.0084047 0.000525044 -0.00616058 -0.0150708 0.00109434 -0.00443444 0.00316756 -0.0147323 -0.0578258 0.000350866 -0.0212006 -0.0121863 0.00713801 -0.0164907 0.0333257 0.0267845 -0.0207727 0.0264756 -0.00658836 -0.00285541 0.0442696 0.0995675 0.0187137 0.0903148 0.132608 0.00286709 0.0229275 -0.00406026 0.0205781 0.00693355 0.0138178 0.0168126 0.00673527 0.0144073 0.0011364 0.00841736 0.00374847 0.000887527 0.000896264 0.0254178 0.00996676 0.00371836,800,0,cuda,1.81,8.29
test,1317,english_setter_41,english_setter,dog,correct,english_setter,kernel,13,0.99954,34,0.505002,0.94965,0.444647,0.365804,0.918213,0.0,,0.535218,1.0,0.0108256 0.00194346 0.0217567 0.0208116 0.00228294 0.0526711 0.145498 0.12184 -0.015058 0.0300586 0.00222474 0.00451666 0.0398147 0.0166656 -0.0200033 -0.00983142 0.017084 0.206442 0.0118078 0.075605 -0.00373953 0.107966 0.0296836 -0.00794774 -0.0214707 0.018715 0.00930482 0.00782047 0.0204171 -0.018127 0.0144571 0.0865614 0.00318525 0.00108267,800,0,cuda,1.73,8.1
test,1317,english_setter_41,english_setter,dog,correct,english_setter,partition,13,0.99954,34,0.505002,0.983317,0.478315,0.432909,0.902198,0.0,,,,0.00755076 0.00168582 0.0351776 0.0092259 0.00314014 0.00229094 0.159362 0.12797 0.00847476 0.0849032 0.00661714 6.79946e-05 0.030913 0.00163835 -0.000807919 0.019024 0.0356478 0.0981541 0.00521498 0.0197356 -0.000113351 0.221986 0.048514 6.7965e-05 0.011792 0.00101699 0.0102156 0.00118315 0.00321748 0.00383852 -0.00414581 0.030459 0.000238424 0.000607277,800,0,cuda,1.81,8.1
test,991,chihuahua_197,chihuahua,dog,correct,chihuahua,kernel,10,0.973411,37,0.375438,0.623149,0.247711,0.059669,0.892075,0.0,,0.79303,0.833333,-0.0093969 0.0315772 0.0706506 -0.00137684 0.0631031 0.0535981 0.0116335 0.11025 0.406067 -0.00388613 0.0153728 0.0364443 -0.00493456 0.0784302 0.00349407 0.041848 0.00545864 0.0022409 -0.00953261 -0.00843974 0.0188447 -0.011154 0.00700826 0.00533024 -0.0137066 -0.0169489 -0.0140458 -0.00220214 0.0103742 0.0354656 -0.019089 -0.00354832 0.00462121 0.0221194 0.00356169 0.0166462 -0.00496739,800,0,cuda,1.82,7.76
test,991,chihuahua_197,chihuahua,dog,correct,chihuahua,partition,10,0.973411,37,0.375438,0.913273,0.537834,0.089261,0.877308,0.0,,,,0.0110144 0.0127073 0.0974574 0.00622754 0.0319742 0.112202 0.0127531 0.0863734 0.348936 -0.00801865 -0.00189387 0.0531557 0.00586145 0.0787202 0.0112236 -0.00851232 0.0117925 0.0408131 -0.00948446 -0.000135316 0.00154503 -0.0014785 0.00277022 -0.00423204 0.0001981 0.00195007 0.000538598 -0.00193325 -0.00180047 0.00830308 -0.00373208 0.00164433 0.0111391 0.00542039 0.00576342 0.008274 0.00337415,800,0,cuda,1.59,7.76
test,298,basset_hound_191,basset_hound,dog,correct,basset_hound,kernel,3,0.987395,32,0.396425,0.755808,0.359383,0.069967,0.563755,0.0,,0.789956,0.666667,-0.0108711 0.0259644 -0.00608136 0.0151863 -0.0084758 -0.0286258 -0.00924497 -0.0163026 -0.00412693 0.021849 -0.0100424 0.0532439 0.206616 0.0222287 0.151604 0.0171299 0.0832917 0.0691117 0.197378 0.0167529 0.0448914 0.0278261 0.0413049 0.00525888 -0.005125 0.00490885 0.0083821 0.0054022 0.00295542 0.0316891 0.0100263 -0.00468011,800,0,cuda,1.92,7.89
test,298,basset_hound_191,basset_hound,dog,correct,basset_hound,partition,3,0.987395,32,0.396425,0.988203,0.591778,0.097611,0.521339,0.0,,,,-0.00492403 0.0133603 0.00369972 0.00185904 -0.0011652 -0.00126969 0.000690857 -0.0023937 -0.000777508 -0.000730582 0.0223254 0.00524117 0.0736139 0.0744173 0.0676858 0.0186996 0.127135 0.132379 0.191015 0.0239568 0.0053024 0.0461877 0.0321356 0.0197304 0.0103867 0.011412 0.016335 0.0144175 0.0054919 0.0165745 0.0134271 0.0232066,800,0,cuda,1.58,7.89
test,2662,Ragdoll_83,Ragdoll,cat,correct,Ragdoll,kernel,26,0.964595,35,0.366191,0.884873,0.518682,0.028103,0.70819,0.0,,0.794258,0.666667,0.045368 0.0110881 0.00643432 0.0208495 0.038001 0.0238039 -0.0380971 0.0173147 0.027452 -0.00513023 0.0329756 0.00813941 0.0148083 -0.000949533 -0.0916431 0.0528263 -0.0355523 0.164212 -0.0789032 0.0643464 0.0614431 0.283548 0.105129 -0.00324257 0.0251368 0.119443 -0.00459588 0.00856024 -0.00802701 0.0753406 0.0226889 -0.00268876 -0.00191983 0.021745 -0.0238194,800,0,cuda,1.78,7.63
test,2662,Ragdoll_83,Ragdoll,cat,correct,Ragdoll,partition,26,0.964595,35,0.366191,0.876567,0.510376,0.028256,0.625735,0.0,,,,-0.00739325 0.00150971 0.00399913 -0.000161937 -0.000950837 0.00118692 -0.00031537 5.51926e-05 -0.00241833 -0.00057802 0.00384098 0.00150055 0.00039136 0.00111346 -0.024175 0.00549705 -0.0115983 0.00810098 -0.0111536 0.0224301 0.0364926 0.461192 0.0421589 0.00792166 0.0842635 0.125559 0.0280657 0.00846452 0.0319527 0.0480126 0.0374161 0.0100187 0.0182248 0.0199528 0.00550887,800,0,cuda,1.6,7.63
test,1428,german_shorthaired_51,german_shorthaired,dog,correct,german_shorthaired,kernel,14,0.999994,35,0.300363,0.577474,0.277111,0.277372,0.844497,0.0,,0.50084,0.547619,-0.00690682 0.00743174 0.0697724 -0.000383427 -0.00614744 0.0162205 0.141918 0.00403092 0.0303323 -0.00766734 0.0105639 0.00839766 0.03412 -0.0150709 0.0680102 0.0235773 0.138636 0.0655859 0.0103682 0.0251253 0.0694402 0.0735486 -0.0118573 0.0194098 0.0327658 0.0238583 0.0531721 0.030381 0.0346368 0.0154849 0.00979669 -0.0323621 -0.00296896 0.0236116 0.00315546,800,0,cuda,2.02,8.17
test,1428,german_shorthaired_51,german_shorthaired,dog,correct,german_shorthaired,partition,14,0.999994,35,0.300363,0.665775,0.365412,0.265116,0.830737,0.0,,,,0.0095626 0.00103854 0.0254404 -0.00174896 0.0080962 0.0027981 0.119285 0.0466447 0.0101095 0.00100255 0.02821 0.0313161 0.0275923 0.00694364 0.0376132 0.000435328 0.0961408 0.0789342 0.0158595 0.0271931 0.0941159 0.0765231 0.0157078 0.00266774 0.0585558 0.00859768 0.029625 0.00690217 0.0410847 0.0326352 0.0124246 -0.000322011 0.00413507 0.000138136 0.00472945,800,0,cuda,1.67,8.17
test,2005,Maine_Coon_268,Maine_Coon,cat,correct,Maine_Coon,kernel,26,0.753727,30,0.196169,0.015048,-0.181122,0.04202,0.617141,0.0,,0.848498,0.547619,0.00827351 0.0531086 0.112979 0.0140899 -0.00358211 -0.0100455 -0.0215796 -0.0207809 -0.0142241 0.0559306 -0.000609488 -0.051335 0.0740061 0.0484239 0.00606011 0.0571599 0.228677 0.0467891 0.00791584 0.00313713 0.0180265 0.0295498 0.0109594 0.000629577 0.0377641 0.0474242 0.0105729 0.00120883 0.0146143 -0.0199262,800,0,cuda,1.81,7.73
test,2005,Maine_Coon_268,Maine_Coon,cat,correct,Maine_Coon,partition,26,0.753727,30,0.196169,0.012929,-0.183241,0.043809,0.536415,0.0,,,,0.0282158 0.0723182 0.0873911 0.00443986 0.0175964 0.00175264 0.00946601 0.000944924 -0.0241268 0.0200143 0.00419791 -0.0214351 0.0829598 0.0391894 -0.0284312 0.0213736 0.221531 0.0665367 -0.00360553 -0.0130238 0.0642344 0.00437342 -0.0108392 -0.0055307 0.0395994 0.0391354 -0.00257971 0.00713435 0.0149907 0.00739346,800,0,cuda,1.71,7.73
test,3661,yorkshire_terrier_93,yorkshire_terrier,dog,wrong,havanese,kernel,36,0.87323,38,0.400351,0.985155,0.584804,0.065576,0.911495,0.0,,0.422803,0.666667,-0.00933155 -0.0188725 -0.0276601 -0.0363284 -0.01324 0.0106217 -0.0348447 0.0107163 0.0296351 0.022575 0.0188924 0.0190472 0.00730327 0.0120075 -0.010335 0.0707492 0.145019 0.278933 0.0417608 0.0864217 0.0832502 -0.013202 0.00316166 0.0344344 0.0473775 -0.0261157 -0.0071717 0.0206386 0.016654 -0.0107154 -0.0155606 -0.0122577 0.0310284 0.00565637 0.021451 0.005927 0.0021183 0.04239,800,0,cuda,1.84,8.07
test,3661,yorkshire_terrier_93,yorkshire_terrier,dog,wrong,havanese,partition,36,0.87323,38,0.400351,0.952664,0.552313,0.114663,0.870809,0.0,,,,-0.0067723 -0.00253154 -0.04285 -0.0331911 -0.00503413 -0.00729105 0.00062209 -0.00383468 0.0422466 0.0114708 0.0451416 0.0268902 0.00610852 0.0106551 0.00663243 0.0351984 0.144834 0.206569 0.0662181 0.156677 0.0534349 -0.004945 0.153941 0.000553535 0.0100701 -0.00242202 0.000785991 2.63779e-05 -0.00223998 -0.00110281 -0.000958574 -0.00427194 -0.0069785 -0.00132754 -0.00268122 -0.00946369 -0.00552365 -0.00252026,800,0,cuda,1.75,8.07
test,1313,english_setter_38,english_setter,dog,correct,english_setter,kernel,13,0.99864,38,0.131577,0.505225,0.373649,0.045606,0.933434,0.0,,0.485939,0.666667,0.00341272 0.000241533 0.00449992 0.00609104 -0.00344462 -0.00994427 0.0054159 0.00625039 0.00545246 0.0244212 0.00126271 -0.000306059 0.0216644 -0.000752006 -0.0222255 0.865955 -1.73368e-06 -0.00228918 0.0362695 -0.0133239 -0.00163418 0.00207035 -0.00115651 0.0171989 -0.0119115 -0.000188995 0.0067778 0.0201913 -0.00068844 0.0145852 -0.00714104 0.000353073 -0.000304139 0.00315819 0.00484527 0.00224721 0.000128739 0.00678309,800,0,cuda,2.05,8.12
test,1313,english_setter_38,english_setter,dog,correct,english_setter,partition,13,0.99864,38,0.131577,0.445833,0.314256,0.045687,0.932941,0.0,,,,-0.00144909 -0.00084225 -0.00340004 -0.00132901 0.00212729 0.000200002 -0.00168226 0.000314351 0.000114248 0.0269114 0.00113987 0.0021607 0.00985489 0.00471671 0.00737935 0.55636 0.000565991 0.00339444 0.0792551 0.00856858 0.000795153 0.000298952 0.000572958 0.0679209 0.0317094 0.00113609 0.0339151 0.0718891 0.00781565 0.00371369 0.00795187 0.0344167 0.00980159 0.00515784 0.00721601 0.000786641 0.00139851 0.00310762,800,0,cuda,1.63,8.12
test,528,Bengal_37,Bengal,cat,correct,Bengal,kernel,5,0.993107,32,0.179648,0.68996,0.510312,0.151326,0.959977,0.0,,0.569648,1.0,0.0225852 -0.00457229 -0.0143869 -0.0232686 -0.0273681 0.0094838 0.00398347 0.00970437 -0.0267462 -0.0168324 0.0133063 -0.0308241 0.00617075 0.027041 0.235052 0.293733 0.202043 -0.0293826 0.0923698 0.09148 0.0133141 0.00171694 0.00286597 0.0352341 0.00518549 -0.00889998 0.0176679 0.0775103 0.00429774 -0.0160216 -0.00276045 0.00621916,800,0,cuda,2.01,8.28
test,528,Bengal_37,Bengal,cat,correct,Bengal,partition,5,0.993107,32,0.179648,0.661493,0.481846,0.191702,0.95514,0.0,,,,0.000543338 -0.000832989 -0.00197156 0.00334742 -0.00178888 0.0133625 0.00289546 0.00864436 -0.000540611 0.008629 0.00028333 -0.00413773 0.0206986 0.0676084 0.150269 0.174193 0.0935869 0.0104786 0.110251 0.122785 0.0054094 0.00928102 0.0144665 0.0219368 0.00272513 0.000620347 0.00457529 0.130333 0.00131096 0.000372013 0.000247782 0.000318758,800,0,cuda,1.78,8.28
test,2123,miniature_pinscher_48,miniature_pinscher,dog,correct,miniature_pinscher,kernel,21,0.986715,43,0.538265,0.982213,0.443948,0.379345,0.9047,0.0,,0.476367,0.666667,0.0243965 -0.00242269 0.00213469 -0.0408839 -0.00924058 0.131661 -0.0128332 0.0621568 0.095106 0.034525 0.110324 -0.0210027 0.000170012 -0.0257567 0.0426989 0.0235411 -0.0104031 0.0377668 0.0140503 -0.0118057 0.146592 0.0226892 0.00104351 0.012146 0.0702607 -0.00382948 0.0141975 0.015368 0.029501 0.0178456 0.0328564 0.0444707 0.0337417 0.0365332 0.0201173 -0.00397686 0.00221588 0.0123679 -0.00547513 0.0131872 -0.0212849 -0.005513 0.0187248,800,0,cuda,1.84,8.2
test,2123,miniature_pinscher_48,miniature_pinscher,dog,correct,miniature_pinscher,partition,21,0.986715,43,0.538265,0.976696,0.438431,0.350049,0.918062,0.0,,,,0.0207193 -0.0026506 0.00496954 0.0167271 0.00646091 0.0869902 0.00753928 0.0331726 0.071487 0.00455657 0.0851634 -0.00126804 0.0414989 -0.00129635 0.0428174 0.00995451 0.00226552 0.0383211 -0.000405454 0.0202577 0.0729463 0.00648885 0.0563703 0.0163066 0.0214799 0.0109702 0.0387561 0.00455195 0.024211 0.00470163 0.0168464 0.0276813 0.0189107 0.015806 0.0679357 0.0160439 0.0100141 0.00335594 0.0060023 0.00954832 0.00162181 0.00339552 0.00673704,800,0,cuda,1.65,8.2
test,582,Bengal_86,Bengal,cat,correct,Bengal,kernel,5,0.999996,31,0.580098,0.770334,0.190236,0.748572,0.966964,0.0,,0.633266,1.0,-0.00376433 0.133826 0.026977 -0.0223312 0.181153 -0.0296893 0.046114 0.0222527 0.0131259 0.0939575 0.054468 0.028232 0.015767 0.144764 0.0233642 0.130171 0.00137266 -0.0283925 0.00434295 0.00907296 -0.0141528 0.0113633 0.011681 0.0160672 -0.018678 0.0513274 -0.00623263 0.0625129 0.023978 -0.0150217 0.0091613,800,0,cuda,1.84,8.27
test,582,Bengal_86,Bengal,cat,correct,Bengal,partition,5,0.999996,31,0.580098,0.660832,0.080733,0.594222,0.95805,0.0,,,,0.00214348 0.0756924 0.00461562 0.000204628 0.0714643 -0.000233556 0.0875996 0.0164063 0.00238146 0.14491 0.0193151 0.0144971 0.00344455 0.0757798 0.0626254 0.05844 0.0678985 0.0100811 0.0116537 0.0139209 0.0370039 0.0065813 0.0201434 0.0422971 0.00994361 0.042154 0.00522324 0.041704 0.0100608 0.00145394 0.0173845,800,0,cuda,1.79,8.27
test,725,Bombay_3,Bombay,cat,correct,Bombay,kernel,7,0.99993,22,0.493622,0.855008,0.361385,0.49994,0.900932,0.0,,0.920949,1.0,-0.0168134 0.0349041 0.10871 -0.0111461 0.00545446 0.0192822 0.018038 0.0758754 0.0112076 0.0259137 0.0135192 -0.0050541 0.049532 0.0435748 0.243995 0.0138683 0.149671 0.0126778 0.026384 0.0724834 0.0204782 0.0380717,800,0,cuda,1.98,8.26
test,725,Bombay_3,Bombay,cat,correct,Bombay,partition,7,0.99993,22,0.493622,0.730227,0.236604,0.551098,0.91153,0.0,,,,0.00112204 0.0163114 0.072778 0.00335196 0.0187252 0.0448397 0.0158962 0.118437 0.0177113 0.0128862 0.0261936 0.0182947 0.0780262 0.0711348 0.153103 0.0275997 0.106822 0.0476621 0.0289059 0.0268401 0.0191469 0.0248397,800,0,cuda,1.82,8.26
test,3500,wheaten_terrier_38,wheaten_terrier,dog,correct,wheaten_terrier,kernel,35,0.99887,36,0.078125,0.500159,0.422034,0.080751,0.940868,0.0,,0.448906,0.547619,-0.0235817 -0.0131802 0.0341672 0.0298705 -0.0111027 0.00809938 -0.00599519 -0.0190388 0.00179585 0.000109018 0.000191957 0.0104653 0.0156423 -0.0203862 0.144214 0.0100935 -0.0210754 0.0754803 0.000326801 0.361239 -0.0145744 0.024344 0.0531889 0.0361556 0.0117832 -0.010254 0.167412 0.00188605 0.0171233 0.0462148 -0.0175007 0.0150061 0.0614431 0.0277109 -0.00609564 -0.0204076,800,0,cuda,1.97,8.27
test,3500,wheaten_terrier_38,wheaten_terrier,dog,correct,wheaten_terrier,partition,35,0.99887,36,0.078125,0.690312,0.612187,0.068538,0.946838,0.0,,,,0.00426124 -8.9615e-05 0.000301093 0.0140487 0.00686629 0.00513836 -7.60869e-05 -0.000925585 0.0186235 0.000594883 0.0339529 -0.00286196 0.00376174 0.0112424 0.145089 0.0367499 0.00469572 0.0530781 0.00563706 0.263724 0.0534012 0.00032572 0.0970075 0.00339967 0.000476558 0.0010654 0.077978 0.0150889 0.00863964 0.0156135 0.0258443 0.0123675 0.0440252 0.00516563 0.00519502 0.00136518,800,0,cuda,1.79,8.27
test,1837,keeshond_60,keeshond,dog,correct,keeshond,kernel,18,0.999217,32,0.763851,0.991004,0.227153,0.444357,0.85663,0.0,,0.78574,0.547619,0.0228099 0.0057787 0.0100043 0.121934 0.0148605 0.0464996 -0.00368819 0.0599168 0.00899716 0.107967 0.0672787 0.0308785 0.0160488 0.0540072 -0.0217923 0.0498204 0.0245499 0.0579218 0.0606848 0.0269209 0.0179394 0.00717218 0.029679 -0.0268109 0.0379785 0.0460554 0.0857669 -0.0181404 0.00571393 0.00739776 -0.00462727 0.0196852,800,0,cuda,1.97,8.1
test,1837,keeshond_60,keeshond,dog,correct,keeshond,partition,18,0.999217,32,0.763851,0.99332,0.229469,0.46271,0.844549,0.0,,,,0.00199766 0.0364077 0.0347422 0.0686643 0.0229853 0.00133787 0.00102546 0.0530686 0.00628087 0.0772711 0.0559188 0.0496724 0.00416824 0.0483154 0.00186698 0.0221988 0.0142391 0.049086 0.055467 0.0197631 0.031641 0.0290085 0.0258462 0.0131395 0.0344986 0.0583297 0.0483907 0.0236839 0.0216874 0.0282384 0.0118732 0.0183941,800,0,cuda,1.9,8.1
test,1708,japanese_chin_33,japanese_chin,dog,correct,japanese_chin,kernel,17,0.9848,35,0.235172,0.557207,0.322034,0.080778,0.890485,0.0,,0.54902,1.0,0.00819011 -0.00997702 0.00721069 0.0163669 -0.0261668 0.00984313 0.0208572 -0.0138775 0.0877459 0.00645104 0.0112366 0.00734836 0.0167803 0.0251769 0.414551 0.0157871 0.00385007 0.141705 0.0812249 -0.0313739 0.0334622 0.109166 0.00270741 0.00198992 0.0226645 -0.0322942 0.00113793 0.000680832 -0.00307427 -0.00801365 0.016003 0.00288866 -0.000861816 0.00397693 0.0249084,800,0,cuda,1.96,8.07
test,1708,japanese_chin_33,japanese_chin,dog,correct,japanese_chin,partition,17,0.9848,35,0.235172,0.433399,0.198227,0.072992,0.867543,0.0,,,,0.0114618 -0.000193255 0.00271606 0.00174849 0.00780112 -0.000418419 0.00551124 -0.00454264 0.0632201 0.0145089 0.00470074 0.0119757 0.0446768 0.0411668 0.393321 -0.000381567 -0.00778037 0.241868 0.0127706 -0.00095062 0.0766917 0.0627649 -0.00628714 -0.00348673 0.00379674 -0.00127347 0.00451316 -0.00391755 -0.00032688 0.000772591 -0.00185086 -0.000916551 0.000579984 -0.00520681 -0.000761306,800,0,cuda,1.7,8.07
test,452,beagle_59,beagle,dog,correct,beagle,kernel,4,0.999558,33,0.288425,0.7083,0.419875,0.150528,0.943083,0.0,,0.369485,0.428571,-0.0279912 -0.00231054 -0.00372943 -0.00281439 -0.000758276 0.0051054 -0.0101374 0.000812994 -0.00139558 -0.0220955 -0.0032842 0.00433088 0.0209936 0.00874514 -0.0331514 -0.00878222 0.487867 0.00364838 0.441424 -0.029956 0.104004 -0.00289198 0.0266711 -0.00664538 -0.00398862 0.00107893 0.00323162 -0.000594305 -0.00379117 -0.0122174 0.00730046 0.0107341 -0.00774,800,0,cuda,1.9,8.18
test,452,beagle_59,beagle,dog,correct,beagle,partition,4,0.999558,33,0.288425,0.795655,0.50723,0.165831,0.942621,0.0,,,,0.00309439 -0.000255053 -0.000317023 0.000888898 0.00549037 -0.000983032 0.00508322 -0.000480753 0.00518475 0.00280773 -0.000338208 0.0246429 0.125515 0.0089998 -0.000645735 0.0077695 0.302476 -0.0066464 0.290551 0.089518 0.0427822 0.00969137 0.0374652 -0.000179046 -0.000655408 -0.000529355 0.000304049 0.000532755 -0.000966873 -0.00338904 -0.00297399 0.000391965 -0.00315726,800,0,cuda,1.85,8.18
test,2521,pug_45,pug,dog,correct,pug,kernel,25,0.996266,32,0.756178,0.958866,0.202687,0.230258,0.754684,0.0,,0.689883,0.547619,0.0605503 -0.00817932 -0.00835752 0.0129671 0.00744544 0.0573827 0.0160258 -0.00363689 0.122779 0.0244799 0.0191436 0.0560207 0.0910401 0.0338601 0.093853 0.0477008 0.0105131 0.0402151 0.041692 0.0110417 0.0207191 -0.016229 0.0496219 0.0124922 0.0949873 0.0479462 0.00568296 -0.0095354 -0.00792089 0.0166638 0.00596474 0.0315943,800,0,cuda,1.95,8.23
test,2521,pug_45,pug,dog,correct,pug,partition,25,0.996266,32,0.756178,0.99855,0.242371,0.227112,0.750942,0.0,,,,0.0403418 -0.000735464 -0.000746262 0.00973645 0.0197742 0.0528629 0.0403788 0.0180352 0.0789889 0.0149619 0.0316248 0.063527 0.0945241 -0.00631595 0.129912 0.0202061 0.0156026 0.0432787 0.0281069 -0.000844774 0.0404767 0.0124096 0.013808 0.00877751 0.0857839 0.0476665 0.0128923 0.0054415 0.0176889 0.00354156 0.00181636 0.0350003,800,0,cuda,1.79,8.23
test,33,Abyssinian_32,Abyssinian,cat,correct,Abyssinian,kernel,0,0.997067,29,0.216498,0.645415,0.428917,0.102543,0.903017,0.0,,0.666502,0.666667,0.00772816 0.0105308 0.0139001 0.00629738 0.00503099 0.00034605 0.00895416 0.0859117 0.0210618 -0.000807488 0.0892498 -0.00240624 0.0577137 -0.00158543 -0.00315479 0.429176 -0.0191415 0.214062 0.0166379 -0.0123882 -0.000909567 0.0501426 -0.000538207 0.00713439 -0.0117248 0.00882807 0.010901 -0.0170401 -0.00212488,800,0,cuda,1.93,8.08
test,33,Abyssinian_32,Abyssinian,cat,correct,Abyssinian,partition,0,0.997067,29,0.216498,0.710939,0.494441,0.122218,0.906582,0.0,,,,0.0160281 0.00940414 0.000180739 0.000454454 -0.00110328 0.00558394 -0.00410982 0.0845524 0.0194215 0.0194546 0.11429 0.00997843 0.0869536 -0.00329583 -4.85705e-05 0.224232 -0.00130409 0.173649 0.097205 0.00553165 0.0393709 0.0679713 0.00239055 0.00638049 -0.00252305 -0.00185037 -0.00207394 0.00109614 0.00396439,800,0,cuda,1.87,8.08
test,868,boxer_85,boxer,dog,wrong,english_setter,kernel,1,0.557656,33,0.121632,0.307636,0.186004,0.036915,0.722273,0.0,,0.584726,0.833333,-0.00853567 0.00622573 -0.00221728 0.0344919 -0.0104902 -0.00514607 -0.00697479 0.067765 0.00943391 -0.0176507 -0.00152392 -0.0571692 0.06847 -0.00988862 0.0442867 0.358988 -0.0151557 -0.00807124 0.0103547 -0.00603581 0.0407916 0.0146917 0.00226151 0.0470268 0.0166053 -0.00231812 -0.00973283 -0.0102026 0.00761473 -0.0245684 -0.019873 0.026342 0.00840184,800,0,cuda,1.91,8.2
test,868,boxer_85,boxer,dog,wrong,english_setter,partition,1,0.557656,33,0.121632,0.370428,0.248796,0.029761,0.633805,0.0,,,,0.00163325 0.00600136 -0.117354 -0.0584034 -0.0108199 0.0499306 0.00694791 -0.0234698 -0.013639 -0.0144598 0.119357 -0.00192781 0.0519719 0.0236177 0.0846447 0.302749 -0.0237485 0.00574124 0.0522248 0.0457931 0.0678444 0.0118406 -0.00496366 0.0340075 -0.00970776 -0.00379712 -0.00354679 -0.00126464 -0.0129521 -0.00551342 -0.0057214 -0.00189603 -0.00292234,800,0,cuda,1.63,8.2
test,3470,wheaten_terrier_192,wheaten_terrier,dog,correct,wheaten_terrier,kernel,35,0.999173,35,0.23591,0.824818,0.588908,0.149475,0.959628,0.0,,0.581513,0.666667,-0.00152174 0.000658924 0.00575744 0.00177304 -0.0167691 0.0406599 0.0295993 -0.0391672 0.0202778 -0.00851334 -0.00245376 0.010197 0.0284818 0.0159507 -0.00427128 0.0201097 -0.0154427 0.0351861 0.0319148 0.0582144 0.0857932 0.230479 0.0236704 0.0330482 0.0293929 0.00455117 0.0691253 0.0306598 0.0408986 0.0277674 0.173002 -0.02106 -0.00357659 -0.00967007 0.0463504,800,0,cuda,1.8,8.26
test,3470,wheaten_terrier_192,wheaten_terrier,dog,correct,wheaten_terrier,partition,35,0.999173,35,0.23591,0.824818,0.588908,0.165224,0.959947,0.0,,,,0.000803406 -0.000496516 0.000636083 -0.000370678 -0.000436454 0.00234567 -0.000258826 -2.74506e-05 -0.000184496 0.000691594 0.00540493 0.00692431 0.00115005 0.0374538 0.00258631 0.0199654 0.00459572 0.00239593 0.00297074 0.0685435 0.0832052 0.308833 0.00223908 0.0107618 0.00146926 0.0114439 0.0892747 0.000433605 0.0544381 0.0568927 0.149389 0.00135707 0.00271015 0.0014797 0.042453,800,0,cuda,1.9,8.26
test,39,Abyssinian_43,Abyssinian,cat,correct,Abyssinian,kernel,0,0.767994,36,0.245914,0.65693,0.411016,0.066917,0.881877,0.0,,0.773616,0.666667,0.0199408 -0.0126979 -0.0101027 -0.0127093 0.00939264 -0.0269458 0.0263831 -0.042575 0.120618 -0.0107719 -0.0159964 0.00629954 -0.0102177 0.0604137 0.0126575 0.0713306 -0.0446167 0.0706921 -0.0287544 -0.0131688 0.0207113 0.448266 0.129523 -0.0408659 0.00763661 0.0101467 0.0741211 -9.66575e-05 -0.0104714 -0.0266348 0.0250711 -0.0239712 -0.00316447 0.000884879 0.00514363 -0.04276,800,0,cuda,2.06,7.97
test,39,Abyssinian_43,Abyssinian,cat,correct,Abyssinian,partition,0,0.767994,36,0.245914,0.690934,0.44502,0.083976,0.76841,0.0,,,,-0.000788286 -0.00536623 -0.00572019 -0.00634883 -0.00873433 -0.00518299 -0.000298608 0.0254649 0.141427 -0.000474138 -0.00455373 0.00700243 0.000357211 0.0105904 0.000371254 0.0433569 0.0205652 0.0992562 0.0568366 0.00395797 0.0115121 0.248999 0.127179 0.026741 0.0286644 0.00337591 0.00132279 -0.0219913 0.00172827 0.000835305 -0.000914283 -0.0102232 -0.00318307 -0.0191012 -2.94814e-06 -0.0239481,800,0,cuda,1.69,7.97
test,2566,pug_87,pug,dog,correct,pug,kernel,25,0.999299,32,0.280792,0.762725,0.481934,0.108475,0.927282,0.0,,0.396444,1.0,0.0118784 -0.0213651 0.00309903 -0.0353296 -0.00276594 0.0230941 0.0246917 0.0735166 0.00964823 0.013393 0.0446403 0.000152582 0.0304536 0.0103271 -0.0133609 0.00340214 0.0533614 0.0168875 0.0224227 0.0685493 -0.00785046 0.665682 0.0139411 -0.0322225 -0.0125491 0.0154311 0.0293271 0.00333156 -0.0222456 0.0111776 0.00395197 -0.0231138,800,0,cuda,1.8,7.93
test,2566,pug_87,pug,dog,correct,pug,partition,25,0.999299,32,0.280792,0.762725,0.481934,0.08259,0.932071,0.0,,,,-0.0001887 0.0022309 0.00307596 0.00328095 0.00710724 0.00110497 -0.00264779 0.0698185 0.00213643 0.0153963 0.117639 0.00836635 0.0305313 0.00385247 0.0127185 -0.000947878 0.123032 0.00436374 -0.00192658 0.0952943 0.0376666 0.424195 0.000816251 -0.000440537 0.00168648 0.0013579 0.00815297 0.00731564 -0.000341289 0.00434806 0.0014592 0.00110236,800,0,cuda,1.86,7.93
test,634,Birman_42,Birman,cat,correct,Birman,kernel,6,0.99957,33,0.791574,0.947982,0.156409,0.315642,0.883156,0.0,,0.614472,0.547619,0.0360365 0.0870843 0.0301583 0.031361 0.0154494 -0.0100261 0.0365519 0.0475137 0.0426686 0.0903446 0.0211364 0.0206615 0.384383 -0.00450651 0.0404645 -0.0333101 0.0716297 0.00419347 0.0148933 -1.7506e-05 0.0264816 0.00898707 -0.0183255 -0.0165502 0.0296496 -0.00712494 -0.0102743 0.0055605 0.0198311 -0.010357 0.00573611 0.0412728 -0.0207105,800,0,cuda,1.87,8.07
test,634,Birman_42,Birman,cat,correct,Birman,partition,6,0.99957,33,0.791574,0.9543,0.162727,0.279325,0.83515,0.0,,,,0.00568765 0.0550458 0.0302148 0.0408057 0.0487497 0.0152343 0.0367234 0.0216432 0.0109564 0.109696 0.0275663 0.0521211 0.190029 0.0411796 0.135961 0.0281819 0.0405708 0.00928632 0.00619275 -0.000492643 0.00388857 -0.00305008 -0.000393235 0.00352255 0.000843456 0.00313727 0.00329543 0.0440109 -9.74534e-05 0.00490442 0.00869486 0.00175539 0.00498103,800,0,cuda,1.74,8.07
test,1070,chihuahua_87,chihuahua,dog,correct,chihuahua,kernel,10,0.999934,44,0.294005,0.788356,0.494351,0.151205,0.871418,0.0,,0.4926,1.0,-0.0164751 -0.0133244 -0.00883235 0.125109 0.117977 0.0828334 0.0485116 0.0324055 0.114898 -0.00274373 0.13423 0.077857 0.0186802 0.0220321 0.00136428 0.00518137 0.0956921 -0.0184318 0.00136968 0.0164259 0.000228956 0.0284132 -0.0214198 0.0108844 0.000492954 0.0299574 -0.0494186 -0.00479434 0.0286455 0.0137088 0.083514 -0.00634613 -0.00578583 0.0490025 0.00444361 -0.0129904 -0.00621935 0.0393843 -0.0253459 -0.0307786 -0.0358135 0.00374189 0.00318734 0.0259814,800,0,cuda,1.96,8.02
test,1070,chihuahua_87,chihuahua,dog,correct,chihuahua,partition,10,0.999934,44,0.294005,0.799168,0.505163,0.177693,0.883418,0.0,,,,8.83873e-05 0.000112075 0.0333926 0.0818882 0.0480884 0.0440031 0.027795 0.0025894 0.0960414 0.0482009 0.101186 0.113899 0.000512295 0.0341441 0.0169184 0.00839082 0.0810874 0.0133437 0.0245168 0.0604813 -0.00219914 0.000125633 -0.000472114 0.0410955 0.0260945 0.015506 0.00610854 0.010758 -0.000470505 0.00123031 0.00703426 0.00252526 -0.00625978 0.00237266 0.000388999 0.00400644 0.00735282 0.0045554 0.0057879 -0.00608839 0.000555092 -0.000170073 0.000408181 0.000510099,800,0,cuda,1.67,8.02
test,2876,saint_bernard_96,saint_bernard,dog,correct,saint_bernard,kernel,28,0.999739,35,0.328663,0.821343,0.49268,0.251021,0.904967,0.0,,0.591457,1.0,-0.02986 0.00571544 0.0211452 -0.00249593 0.0179202 0.0151217 0.0253054 0.00122121 0.0371012 -0.0147581 0.0385037 0.121138 0.00284166 0.00286969 0.202197 0.227387 0.0245606 -0.0251066 0.10035 0.0120533 -0.0138551 0.0120064 0.0169128 0.0118243 -0.01677 0.0150744 0.037907 -0.000238201 0.023298 0.0064335 0.00718757 0.00192882 -0.00337782 0.0241163 0.02383,800,0,cuda,1.78,8.15
test,2876,saint_bernard_96,saint_bernard,dog,correct,saint_bernard,partition,28,0.999739,35,0.328663,0.734346,0.405683,0.329141,0.887139,0.0,,,,0.0023475 -0.00426931 0.00301063 0.00712844 0.0146852 0.0154645 0.0162732 0.0097214 0.0135831 0.0163941 0.0195258 0.0644794 -0.00440491 0.018949 0.190735 0.10586 0.0553655 0.0133655 0.133596 0.0146866 0.00604108 0.00979115 0.0921555 0.00254617 0.00275367 0.0217978 0.00242497 -0.000295214 0.00932645 0.0487273 -0.000353148 0.00131319 0.00329113 0.0161942 0.00727735,800,0,cuda,1.87,8.15
test,253,american_pit_bull_terrier_58,american_pit_bull_terrier,dog,correct,american_pit_bull_terrier,kernel,2,0.611843,40,0.872509,0.998438,0.12593,0.037729,0.621309,0.0,,0.779081,0.666667,-0.0360851 0.0169586 -0.0387639 -0.0297127 -0.0205458 -0.0164096 -0.0737982 -0.0144525 -0.0331321 0.00563957 0.0339653 0.0304008 0.0368892 -0.0205094 0.0100558 0.0817216 -0.0424796 0.0310818 -0.00528848 0.0562581 0.151985 0.1123 0.107504 0.00298239 0.0273914 0.037623 0.0017236 -0.0136946 0.00360939 0.0069099 -0.0158879 0.00185432 0.09722 0.0652999 0.00876615 -0.0161498 0.016471 0.000498137 0.0124473 0.0117123,800,0,cuda,1.95,8.23
test,253,american_pit_bull_terrier_58,american_pit_bull_terrier,dog,correct,american_pit_bull_terrier,partition,2,0.611843,40,0.872509,0.998714,0.126205,0.058551,0.62249,0.0,,,,-0.00765883 -0.00759371 -0.00841567 -0.0099771 -0.00295702 -0.016248 -0.0467977 -0.0221769 -0.0235575 -0.00740007 -0.000480531 0.000960275 0.00761679 -0.0118987 0.00743178 0.019629 -0.0308007 0.0281864 -0.000154572 0.0571449 0.0742538 0.0881293 0.161937 0.00525425 0.0554834 0.0277478 0.00569728 -0.011163 -0.00541475 0.020114 -0.00434698 -0.00897108 0.0918682 0.12993 0.0258439 -0.0100875 0.00667717 0.00790516 -0.00745263 0.0141005,800,0,cuda,1.75,8.23
test,2962,samoyed_83,samoyed,dog,correct,samoyed,kernel,29,0.843724,34,0.13347,0.299273,0.165803,0.040908,0.887919,0.0,,0.689228,0.666667,0.511628 -0.00470493 0.0117115 0.117581 0.282183 -0.0441118 -0.0104691 -0.00114798 0.00220215 -0.0227323 0.0333785 -0.062934 -0.000426199 -0.0253108 0.00137745 0.00943374 0.00340922 0.00496083 -0.00801937 0.00687823 -0.00611709 -0.00565981 0.00447917 -0.019108 0.0175003 -0.00837978 0.019375 0.00831349 0.0140812 -0.00386778 -0.00420216 -0.000790136 0.000674582 0.0023555,800,0,cuda,1.71,8.04
test,2962,samoyed_83,samoyed,dog,correct,samoyed,partition,29,0.843724,34,0.13347,0.242265,0.108795,0.076996,0.851297,0.0,,,,0.253067 0.00119864 0.00516028 0.155499 0.258877 0.0661427 0.133824 0.00230307 0.0208272 -0.0117287 -0.00903158 -0.0426383 0.0033403 -0.0172822 0.000464609 0.00710356 -0.000868891 -0.00296978 -0.0187749 -0.00145191 0.00665734 0.00324694 0.000128833 0.000576181 -7.75151e-05 0.00283521 -0.000428479 0.00198053 0.000122917 0.000959866 0.00203323 -0.000426553 0.001478 0.00139372,800,0,cuda,1.65,8.04
test,2946,samoyed_69,samoyed,dog,correct,samoyed,kernel,29,0.996455,42,0.270607,0.973714,0.703106,0.251449,0.946546,0.0,,0.428652,1.0,0.0170001 0.00283142 -0.00847842 -0.00331441 0.00677013 0.0299695 0.00793287 0.0176063 -0.00308896 0.0125298 0.0555545 0.0106626 -0.000187834 0.0230742 0.00162413 0.00161889 0.235301 0.010993 0.00486473 0.118486 0.0166809 0.100515 0.00390594 0.0705563 0.123377 -0.00609685 0.0181741 -0.0242452 0.0275565 -0.0133564 0.0113002 0.00489759 0.0231187 -0.0019149 0.0135369 -0.0193233 0.0262584 -0.000258912 0.0251715 0.016905 -0.00815777 0.0259217,800,0,cuda,1.9,8.02
test,2946,samoyed_69,samoyed,dog,correct,samoyed,partition,29,0.996455,42,0.270607,0.768388,0.49778,0.283472,0.949596,0.0,,,,0.00875108 0.0014454 0.00152785 0.000227001 0.00221943 0.00204415 0.0112862 0.00398229 0.00160524 0.00193458 0.0247903 0.000684535 0.00766509 0.00731172 0.0156588 0.00587266 0.125488 0.00165499 0.0210209 0.160732 0.0405591 0.0819361 0.00709047 0.0526176 0.125234 0.00264122 0.00433332 0.0160791 0.0200893 0.00776004 0.0456609 0.0361654 0.058608 0.00630843 0.00510607 0.00230643 0.0131874 0.00251774 0.019284 0.0160145 0.00413883 0.0027313,800,0,cuda,1.71,8.02
test,148,american_bulldog_54,american_bulldog,dog,wrong,boxer,kernel,8,0.99262,36,0.523457,0.803331,0.279873,0.327416,0.935915,0.0,,0.718275,0.547619,0.0309711 0.0373533 0.0165347 0.0224778 0.00448822 0.0405491 0.0298622 0.000876972 0.00899573 0.0364192 0.0398418 0.370117 -0.00546735 0.0533723 0.00794706 -0.0084687 0.00923875 0.0142297 0.0156528 0.104965 -0.000580022 0.00228184 0.00267455 0.0611703 0.0210931 0.00941063 0.0412927 -0.00812485 -0.015252 -0.00129146 0.00356531 0.007519 0.00659705 0.0413035 -0.0133568 -0.00967676,800,0,cuda,1.89,8.19
test,148,american_bulldog_54,american_bulldog,dog,wrong,boxer,partition,8,0.99262,36,0.523457,0.826527,0.303069,0.368614,0.929207,0.0,,,,0.0186387 0.0560784 0.0148606 0.0146047 0.00250262 0.0450009 0.0668484 0.0259376 -0.0059336 0.0235952 0.0443597 0.333164 0.00995873 -0.00098937 -0.000464651 0.0159067 0.00399467 0.0110335 0.0265632 0.0490956 0.0296607 0.0309921 0.0325254 0.0529203 0.0182403 0.00959468 0.0178045 0.00562975 0.00126895 0.00976631 -0.00413973 0.00361332 -0.00605395 0.0116396 0.00224215 0.00812178,800,0,cuda,1.95,8.19
test,302,basset_hound_195,basset_hound,dog,correct,basset_hound,kernel,3,0.99409,41,0.702427,0.980534,0.278106,0.323868,0.673044,0.0,,0.622997,0.428571,0.0217441 0.0757781 -0.0357824 0.065353 -0.0174744 0.0273277 0.0321336 0.0468779 -0.0257073 -5.18695e-05 0.0513031 0.0353576 0.0408798 0.0117905 0.015536 0.103062 0.0275029 0.0765543 0.0168167 -0.0343595 0.0699201 0.0552205 0.0124441 0.0675697 -0.0172683 -0.0244888 0.0179688 0.0494184 0.0199786 -0.0168252 0.0620979 0.0287924 0.0121718 -0.0242141 0.0249673 -0.00337805 0.0522652 0.0320671 0.0815359 -0.0326911 -0.0360731,800,0,cuda,1.97,8.23
test,302,basset_hound_195,basset_hound,dog,correct,basset_hound,partition,3,0.99409,41,0.702427,0.760522,0.058094,0.429646,0.571045,0.0,,,,0.0283221 0.0103828 0.00222974 0.0450028 0.000900316 -0.0155513 0.0376792 0.0166637 -0.0136215 0.0137121 0.0184893 0.0309106 0.0178544 0.00839301 0.018556 0.148759 0.0136844 0.152708 0.0243507 0.068937 0.0363436 0.0376299 -0.00311874 0.0162128 0.000374398 0.00423436 0.0384509 0.027571 -0.001354 0.00199716 0.0283924 0.00169583 -0.0166377 -0.000534819 0.00525974 0.0563369 0.0107408 0.0334629 0.0558516 0.00277137 0.00207764,800,0,cuda,1.67,8.23
test,134,american_bulldog_40,american_bulldog,dog,correct,american_bulldog,kernel,1,0.999638,44,0.263074,0.754928,0.491854,0.179967,0.945691,0.0,,0.376533,0.833333,0.0178149 0.00570465 0.00730235 -0.0165646 0.012217 0.000242054 0.00538673 0.0346577 -0.0161008 -0.0103175 -0.0341977 0.028526 0.0474351 0.390186 0.0401178 -0.00618459 -0.00921696 0.101284 0.000568283 0.0322044 0.0932106 0.0219771 -0.00457904 0.0649092 -0.0101332 0.0346957 -0.011817 0.015713 0.0462939 0.0309535 0.0188184 0.0263955 0.0309933 0.00982873 0.0181475 -0.0185735 0.0128923 -0.00248772 -0.00337222 -0.0237534 -0.0133352 0.00531332 -0.000328086 0.0173512,800,0,cuda,1.93,8.22
test,134,american_bulldog_40,american_bulldog,dog,correct,american_bulldog,partition,1,0.999638,44,0.263074,0.974865,0.711791,0.235498,0.953955,0.0,,,,-0.000570359 -0.000198853 0.00384813 -0.00124125 0.000657124 -0.000185828 0.00131524 0.00314521 -0.00308298 -0.00118253 -3.41019e-05 0.00288033 0.0126417 0.25937 0.00638569 0.00201143 0.0405925 0.0991636 0.0100212 0.0133428 0.160286 0.00131678 0.02329 0.0744296 0.0101292 0.0341696 0.00872194 0.0790265 0.0146577 0.00931147 0.00991165 0.0166205 0.00809257 0.00363925 0.0106291 0.00566644 0.00856359 0.00911216 0.00607773 0.039332 0.00361793 0.00237801 0.00146959 0.000850294,800,0,cuda,1.65,8.22
test,3635,yorkshire_terrier_6,yorkshire_terrier,dog,correct,yorkshire_terrier,kernel,36,0.984876,35,0.18192,0.628294,0.446374,0.05445,0.943707,0.0,,0.864566,0.833333,0.0131397 0.000920459 0.0016436 0.0112948 -0.0135889 0.00595188 -0.00687684 0.00388393 0.000932686 0.00284267 -0.00232408 0.00654528 0.0270902 0.00605887 0.00282266 0.013293 0.0507953 0.000895955 0.00902366 0.878428 -0.016288 -0.0040345 -0.00442877 -0.00668008 -0.000670895 0.00684939 -0.00948527 0.000552287 -0.0109797 -0.0087555 -0.00468707 -0.00647898 0.00217001 -0.00699185 0.000915977,800,0,cuda,1.85,8.23
test,3635,yorkshire_terrier_6,yorkshire_terrier,dog,correct,yorkshire_terrier,partition,36,0.984876,35,0.18192,0.67703,0.49511,0.05719,0.941676,0.0,,,,-0.000305691 -0.00064383 -0.000904226 -0.000817432 -0.00613157 0.014411 0.0140104 0.000217229 -0.000792127 0.00823512 -0.000392498 -0.000127801 0.102838 0.045448 0.00120014 0.00782099 0.234201 -0.000709691 0.0350417 0.505931 -0.00276688 -0.00246891 -0.00121789 -0.00236154 -0.000534495 -0.00167019 -0.00112933 -4.73251e-05 -0.00131091 -0.000192729 -0.000240233 -0.0003199 -0.000206532 -3.99661e-05 -0.000242472,800,0,cuda,1.81,8.23
test,2625,Ragdoll_43,Ragdoll,cat,correct,Ragdoll,kernel,26,0.999934,39,0.446449,0.914329,0.46788,0.245184,0.839289,0.0,,0.459514,0.666667,-0.0181755 0.0205704 0.0341125 -0.00278723 0.0485093 0.0425022 0.0254393 -0.00206015 -0.00032748 -0.0147224 0.01291 0.10332 0.0104821 0.0288552 0.10404 0.0896361 -0.0161114 0.00961647 0.234107 0.0355369 0.0776377 0.0426274 0.114445 0.00765034 -0.000764033 0.0576136 0.02831 0.0314883 -0.00193406 0.0121144 -0.0315718 0.0303048 -0.0236815 -0.0107416 -0.0547314 -0.00770547 0.00328286 -0.0436874 0.0153137,800,0,cuda,1.82,7.89
test,2625,Ragdoll_43,Ragdoll,cat,correct,Ragdoll,partition,26,0.999934,39,0.446449,0.911713,0.465264,0.299896,0.81499,0.0,,,,0.00111336 0.0128978 0.0034567 0.00903819 0.0569604 0.00200004 -0.000512454 0.00364687 0.00261492 0.00135627 0.0740288 0.0641922 0.00290612 0.00126336 0.0413905 0.129009 0.0300563 0.0442405 0.202231 0.0582645 0.0344302 0.00734901 0.0917583 0.00446287 0.0116995 0.0160427 0.0230242 0.00185424 0.00242623 0.00961477 0.0166385 0.0155676 0.00624307 -2.3806e-05 0.00482864 0.00277557 0.00104532 -3.23858e-05 0.00156663,800,0,cuda,1.77,7.89
test,880,boxer_96,boxer,dog,correct,boxer,kernel,8,0.999956,34,0.886519,0.993751,0.107232,0.592122,0.926823,0.0,,0.625821,0.547619,-0.0047856 0.0284158 0.0292107 0.0238551 0.0134632 0.137461 0.000422424 0.0476727 0.00851813 0.0149739 -0.000737372 0.0112258 0.0177674 0.0654967 0.204514 0.16873 0.0249029 0.0172423 0.0335049 0.0333531 -0.0125405 0.00663438 0.0176672 0.00859196 -0.00437822 0.00849782 -0.00949894 0.0367185 0.0038618 -0.00402431 0.0256579 0.025668 0.00739048 0.000464863,800,0,cuda,2.0,8.11
test,880,boxer_96,boxer,dog,correct,boxer,partition,8,0.999956,34,0.886519,0.99174,0.105221,0.596687,0.925952,0.0,,,,0.000866349 0.00352297 0.0079052 0.00193606 0.0049978 0.043358 0.0119752 0.00741784 0.00617368 0.0142085 0.00481038 0.0335041 0.053591 0.0452661 0.180285 0.145892 0.0407501 0.0085364 0.0302769 0.05398 0.0286854 0.0157898 0.0310049 0.00497391 0.0230465 0.0126836 0.015014 0.0706005 0.0193868 0.0253908 0.0195077 0.00534538 0.00576704 0.00946742,800,0,cuda,1.82,8.11
test,3058,scottish_terrier_80,scottish_terrier,dog,correct,scottish_terrier,kernel,30,0.99983,40,0.525351,0.755023,0.229672,0.43953,0.954046,0.0,,0.647561,0.547619,0.00211788 -0.0305764 0.00228687 -0.00779655 0.0134867 -0.00593121 0.108781 -0.00481032 0.0427485 0.00317388 -0.00251193 0.0395154 -0.00254145 0.0453456 0.0048196 0.00863516 0.0125002 0.0258275 0.0108637 0.0419759 0.0152637 -0.0138492 0.289406 0.0225294 0.00514619 0.0484191 0.0169684 -0.011806 0.0218937 0.0168319 -0.00650058 0.0245319 0.11727 0.0134367 0.0159841 0.0223956 0.0256297 0.0234147 0.0121572 0.0187178,800,0,cuda,1.85,8.07
test,3058,scottish_terrier_80,scottish_terrier,dog,correct,scottish_terrier,partition,30,0.99983,40,0.525351,0.847166,0.321816,0.447476,0.953548,0.0,,,,0.00293526 0.00172619 0.00737225 0.00472759 0.00291901 0.00100724 0.0382314 0.00314809 0.0153829 0.0006778 0.0127851 0.05449 0.00368124 0.0842042 0.00296363 0.00748789 0.00501533 0.0279241 0.00809538 0.0403192 0.00750075 0.00481535 0.285013 0.0188792 0.0330796 0.0317343 0.0156951 0.00243842 0.00961628 0.0674738 0.00180488 0.0160262 0.0923872 0.0253585 0.00722397 0.00798777 0.00826511 0.00516746 0.0141239 0.00606587,800,0,cuda,1.89,8.07
test,2190,newfoundland_19,newfoundland,dog,correct,newfoundland,kernel,22,0.999951,35,0.779357,0.991852,0.212495,0.611153,0.927355,0.0,,0.714146,0.547619,0.0107383 0.0101415 -0.00555561 0.00651966 0.0154378 0.0277015 0.00367761 0.0286146 -0.0207464 0.026222 0.0813421 -0.00439439 -0.0195627 0.0383281 0.0223815 0.142703 0.0532507 0.0451115 0.0242275 0.0501853 0.0114285 -0.0112389 0.0650892 0.0286083 0.0101515 -0.0120917 0.119026 0.0143718 0.0295468 0.0334532 0.00698073 0.0397368 0.0183063 0.0406311 0.0335232,800,0,cuda,2.01,8.32
test,2190,newfoundland_19,newfoundland,dog,correct,newfoundland,partition,22,0.999951,35,0.779357,0.812349,0.032992,0.668277,0.665283,0.0,,,,0.00318932 0.019751 0.000230105 0.0175532 0.0181048 0.0115482 0.00195503 0.0286179 0.00136735 0.0383617 0.0538956 0.00769983 0.00382818 0.015895 0.0188398 0.0442996 0.069002 0.0319887 0.0153498 0.0494246 0.00922842 0.0179804 0.0391511 0.0253465 0.0242936 0.0175809 0.0416652 0.0435379 0.0598106 0.0501681 0.0146745 0.0996261 0.0053429 0.0541963 0.0103425,800,0,cuda,1.95,8.32
test,1436,german_shorthaired_59,german_shorthaired,dog,correct,german_shorthaired,kernel,14,0.999761,42,0.204939,0.650413,0.445474,0.344074,0.941261,0.0,,0.462523,0.666667,0.0193168 0.00384324 -0.0050847 0.00817047 0.00483476 0.0244799 0.0189333 0.0306378 0.0142 0.000477443 0.00631453 0.0161087 -0.00059438 0.0108185 0.197917 0.00485245 0.0468263 0.00585305 0.102238 -0.00635338 0.152044 0.0301637 0.0232287 0.0132164 0.0568513 0.0966917 -0.00665853 0.0376768 0.00455318 0.0485878 0.0204885 -0.0318005 -0.0126617 -0.000475295 0.00759718 -0.0195755 -0.00157746 -0.000939322 0.00916145 0.0167362 -0.0075868 0.0202421,800,0,cuda,1.79,7.87
test,1436,german_shorthaired_59,german_shorthaired,dog,correct,german_shorthaired,partition,14,0.999761,42,0.204939,0.73244,0.527502,0.311049,0.906697,0.0,,,,0.000977872 0.00121817 0.00218456 0.0036647 0.000202008 0.00021628 0.00214477 0.00306496 0.00725728 0.00456929 0.00591093 0.0259231 0.00549903 0.00478988 0.132268 0.0353374 0.0597097 0.0270168 0.16036 0.0228041 0.103792 0.0434293 0.00200967 0.00353191 0.0222266 0.0678256 0.00239999 0.0348348 0.00422104 0.0645743 0.0499745 0.00160337 0.00144374 0.0097019 0.00436529 0.00573739 0.00810549 0.0172352 0.000487296 0.00395287 0.00226894 0.000914264,800,0,cuda,1.85,7.87
test,1765,japanese_chin_85,japanese_chin,dog,correct,japanese_chin,kernel,17,0.999893,50,0.119938,0.529678,0.40974,0.12496,0.913531,0.0,,0.279232,0.339286,-0.0489718 0.00632977 0.00589888 -0.026008 -0.0714941 0.0325587 -0.0480698 -0.00558038 -0.00115704 -0.0647471 0.0345327 0.0438338 0.0363752 -0.0394485 0.0109051 0.0248359 0.0224186 0.0127601 0.0115236 -0.0229407 0.0378496 0.00438014 0.0615404 0.0792676 0.0728837 0.00363481 0.00674565 0.0144264 0.0437215 -0.00172958 0.104486 0.494464 0.00543335 0.0267491 0.00456795 -0.0273526 0.0105832 0.00812234 0.076226 -0.0248953 0.0228946 -0.00141463 0.0207382 0.00916537 -0.0438654 -0.00208179 0.0243121 0.00577823 0.00435112 0.0288286,800,0,cuda,1.71,8.05
test,1765,japanese_chin_85,japanese_chin,dog,correct,japanese_chin,partition,17,0.999893,50,0.119938,0.502259,0.382321,0.12328,0.927034,0.0,,,,0.00457923 0.0014785 0.00188344 0.00163232 0.00106125 0.00120409 0.00132163 0.00116668 0.00070475 0.000678811 0.00208622 0.00091641 0.00156382 0.00101079 0.00252292 0.00474962 0.00826899 0.00528472 0.0745646 0.000470479 0.00411389 0.00786782 0.0135722 0.0344002 -0.00363068 0.000182338 0.000714528 0.00237916 0.0413339 0.00296064 0.0922837 0.432013 0.00205272 0.097928 0.0211514 0.00347219 0.003915 0.0167995 0.0353449 0.000511958 0.00313694 0.00928037 0.0100322 0.000605755 0.00664622 0.000918491 0.000811973 0.0226832 0.00125765 0.0014767,800,0,cuda,1.64,8.05
test,2968,samoyed_89,samoyed,dog,correct,samoyed,kernel,29,0.995443,27,0.740135,0.983277,0.243142,0.209795,0.873799,0.0,,0.7442,0.666667,0.0157305 0.044199 0.0692288 0.0838903 0.0215986 0.0154546 0.0924493 0.0516749 0.1828 0.0302578 -0.0093593 0.00754736 0.0264686 0.0482467 -0.0100018 -0.022659 0.252904 0.0281492 0.00180943 0.000707083 0.0143714 -0.011156 -0.000236992 0.0188466 0.00242018 0.00382755 0.016092,800,0,cuda,2.0,8.2
test,2968,samoyed_89,samoyed,dog,correct,samoyed,partition,29,0.995443,27,0.740135,0.979549,0.239414,0.336846,0.852067,0.0,,,,0.0050767 0.0572161 0.057732 0.0679683 0.00676227 4.40411e-05 0.0439082 0.0385679 0.24621 0.0142387 0.00335887 0.0111877 0.00327072 0.0840745 0.0159036 0.0036335 0.201463 0.0629802 0.0107057 0.00381359 0.00746999 0.0134677 0.00313261 0.00332276 0.00313965 0.004156 0.00245581,800,0,cuda,1.78,8.2
test,776,Bombay_8,Bombay,cat,wrong,Russian_Blue,kernel,7,0.752925,40,0.228735,0.825803,0.597068,0.093631,0.794505,0.0,,0.859662,0.833333,-0.0231316 0.0071574 -0.00536725 0.0618403 0.0158508 0.0117115 0.0020693 -0.00235042 0.00232453 0.091195 0.178725 0.0148995 -0.0196354 0.0666352 0.0923103 0.0208778 0.0876098 -0.00175398 0.0225943 0.00482101 0.0321138 0.00855636 0.0964489 0.0856595 0.00473326 0.0166944 -0.0148823 0.0154077 -0.00451135 -0.0263161 -0.00791157 -0.0595675 -0.00954648 -0.0157094 -0.00890616 -0.00981373 0.00771438 -0.0121778 -0.0106092 -0.0121378,800,0,cuda,1.74,7.89
test,776,Bombay_8,Bombay,cat,wrong,Russian_Blue,partition,7,0.752925,40,0.228735,0.774157,0.545423,0.098919,0.633813,0.0,,,,-0.02345 -0.0128153 -0.00907659 0.0596502 0.0318508 0.020852 0.0181867 -0.00746221 -0.00315431 0.0485247 0.168774 -0.00448549 0.0199337 0.0826583 0.114534 0.105274 0.063633 0.0055646 0.0518293 0.000163319 0.0051322 0.00113788 0.0203892 -0.012374 0.00022023 -0.00109717 0.0126737 -0.000208684 -0.00302091 -0.00512219 -0.00239649 -0.00819878 -0.00290497 -0.00612084 -0.00610117 -0.00704933 -0.0034745 -0.00757081 -0.000622439 -0.000653802,800,0,cuda,1.66,7.89
test,1052,chihuahua_70,chihuahua,dog,correct,chihuahua,kernel,10,0.999948,35,0.651128,0.992589,0.341461,0.194898,0.791255,0.0,,0.577591,0.428571,-0.00816803 0.0167112 0.0382421 0.011046 -0.00810569 0.0532704 0.0762507 -0.0690267 0.0811136 0.0601635 0.0331028 -0.00365035 0.0370659 0.0252636 -0.020945 0.0466003 -0.0335959 0.123828 -0.00124785 0.00226037 0.0910362 0.0717278 0.0450311 0.0422256 0.0683228 0.0137117 0.010759 0.0118685 0.0131564 -0.00116179 -0.0012991 0.0454667 0.0296841 0.0218869 0.0348533,800,0,cuda,1.93,7.99
test,1052,chihuahua_70,chihuahua,dog,correct,chihuahua,partition,10,0.999948,35,0.651128,0.993414,0.342286,0.278476,0.800505,0.0,,,,0.000489259 0.00151212 -0.000140774 0.00181783 0.00746698 -0.000161639 0.0634226 -2.08859e-05 0.105122 0.109032 -0.000208023 -0.00025186 0.0371737 0.0608959 -0.00167869 0.0211827 0.0136933 0.0873745 7.00896e-05 0.0370919 0.0272401 0.0500244 0.0377735 0.0135982 0.118967 0.0213991 0.00173885 0.00404178 -0.000626054 -0.000436688 0.00738658 0.0534855 0.0559856 0.0193499 0.003638,800,0,cuda,1.7,7.99
test,3362,Sphynx_82,Sphynx,cat,correct,Sphynx,kernel,33,0.999998,36,0.737703,0.986841,0.249138,0.382633,0.834831,0.0,,0.633076,0.547619,-0.0175805 0.0100794 0.0012447 -0.00427812 -0.0228135 0.00422305 0.000935315 0.00925633 0.0234884 0.0741122 0.0584471 0.187601 -0.000821192 0.0234314 -0.00456751 0.143051 0.0306407 0.0328232 0.027245 -0.00295091 -0.0139332 0.0379862 0.0310744 0.0744088 0.0435631 0.00676208 0.0327039 0.0412948 0.0267264 0.0198336 -0.00595948 0.0143694 0.0533122 0.00883115 0.0248921 0.0139141,800,0,cuda,2.05,8.24
test,3362,Sphynx_82,Sphynx,cat,correct,Sphynx,partition,33,0.999998,36,0.737703,0.936626,0.198923,0.510289,0.882927,0.0,,,,0.00470041 0.00756025 0.00459793 0.00965368 0.00384287 0.00246528 0.0148304 0.0394817 0.0717134 0.0740795 0.0680143 0.109203 0.00543505 0.0257849 0.0132299 0.0968847 0.011654 0.0288449 0.0315121 0.00571617 0.00987251 0.0187568 0.0377546 0.0119598 0.028638 0.024518 0.036598 0.0143982 0.0195605 0.0118668 0.0342042 0.0140649 0.0520978 0.00560101 0.0331917 0.00105949,800,0,cuda,1.82,8.24
test,1892,leonberger_200,leonberger,dog,correct,leonberger,kernel,19,0.984411,38,0.217534,0.504523,0.286989,0.091482,0.89414,0.0,,0.696137,0.833333,-0.00242675 -0.0319507 0.0187722 0.0180306 0.0275383 0.0171923 0.00422009 0.0227525 -0.00736845 -0.0205877 -0.00170745 0.0534213 -0.0421307 -0.0173457 0.116328 0.0191253 0.00869865 0.0207922 0.0214933 0.170609 0.0581259 0.407193 0.0369226 -0.00969877 0.0261719 0.00742317 -0.0104737 -0.0312079 0.0035922 0.00731277 -0.0120269 0.0496351 0.0214355 0.000677813 0.0117425 0.010784 -0.00435801 -0.00748754,800,0,cuda,1.82,8.08
test,1892,leonberger_200,leonberger,dog,correct,leonberger,partition,19,0.984411,38,0.217534,0.760651,0.543117,0.098859,0.894896,0.0,,,,0.004478 0.00128512 0.00834111 0.00262949 0.0266086 0.000667386 0.0153325 0.0113306 0.00104071 0.00180623 0.00357556 0.0507788 0.0340473 0.00123097 0.0514796 0.00648042 0.0106121 0.0104106 0.0527251 0.116431 0.0219234 0.414535 0.0319282 -0.00057872 0.0641872 -0.000999658 -0.00422906 -0.00339554 -0.00324781 0.0263828 -0.00465495 0.00937178 -0.000153375 -0.000498763 -0.00071989 -0.000258173 -0.000295635 0.00063192,800,0,cuda,1.75,8.08
test,2034,Maine_Coon_50,Maine_Coon,cat,correct,Maine_Coon,kernel,20,0.904717,36,0.14493,0.650389,0.50546,0.129398,0.892715,0.0,,0.547362,0.666667,-0.00964253 0.0946512 0.00998349 0.00117241 0.00647874 0.0239041 0.128987 -0.00994638 0.0926621 -0.0106294 0.33539 0.0737532 0.0735679 0.0195482 -0.0171575 -0.053634 0.00796702 0.0246007 -0.00780073 -0.0224093 0.0142626 0.0283503 0.00500416 0.0166625 0.0110702 -0.0109782 0.00424491 0.0116184 0.0138808 0.0219258 -0.0131496 -0.00587196 -0.00136128 0.0158069 -0.00454453 -0.0182136,800,0,cuda,1.96,8.03
test,2034,Maine_Coon_50,Maine_Coon,cat,correct,Maine_Coon,partition,20,0.904717,36,0.14493,0.650389,0.50546,0.118879,0.799212,0.0,,,,0.0116974 0.059809 0.0020241 0.0166741 0.0122322 0.00933734 0.21978 0.0240411 0.106481 0.00213539 0.180039 0.0804386 0.0498805 0.0143391 0.0480335 -0.000115067 0.000185403 -0.0001492 0.000692784 0.00744463 -0.0010654 -0.000433403 0.00103455 -0.000729203 0.00224166 -0.000147595 0.00070651 -3.58347e-05 0.000144892 0.000818925 0.000380638 8.53087e-05 6.4882e-05 0.000928177 0.000790496 0.000366424,800,0,cuda,1.71,8.03
test,1934,leonberger_58,leonberger,dog,correct,leonberger,kernel,19,0.998792,45,0.532007,0.983275,0.451268,0.401098,0.871297,0.0,,0.407049,0.666667,0.0350946 0.0178038 -0.0235664 0.0095103 -0.00654738 0.03402 0.0386808 0.00175873 0.0487435 0.0111547 0.000814986 0.0366207 0.00752181 -0.0107899 0.00807682 -0.00419651 -0.00445853 0.00266186 0.00788372 0.109248 0.00293755 0.114365 0.0168906 0.0500396 0.0099266 0.0278831 0.0219965 0.00203158 -0.00527825 -0.0241179 0.00999725 0.0314858 0.0240599 -0.00634615 0.0224779 0.0676924 0.142722 0.00601194 0.0203391 0.00220637 0.0400888 0.0466781 0.0110225 -0.00275686 0.0232115,800,0,cuda,1.99,8.31
test,1934,leonberger_58,leonberger,dog,correct,leonberger,partition,19,0.998792,45,0.532007,0.983139,0.451132,0.358899,0.852366,0.0,,,,0.00216694 0.00166956 0.00241098 0.00111996 0.0165162 0.000890931 0.023407 0.0115249 0.00828286 0.00653372 0.065366 0.0371862 0.00192106 0.00312281 0.00236457 0.0194517 0.0153698 0.0146946 0.0224523 0.156155 0.000253183 0.114083 0.00946343 0.00766629 0.00380035 0.0120087 0.0113806 0.0130207 0.0126399 0.0239262 0.0421278 0.0367509 0.00746853 0.0252282 0.0173145 0.0667954 0.0750374 0.00996214 0.00982245 0.00361693 0.0250128 0.00719694 0.00827504 0.0122822 0.00785971,800,0,cuda,1.8,8.31
test,1503,great_pyrenees_29,great_pyrenees,dog,correct,great_pyrenees,kernel,15,0.870647,31,0.785914,0.859642,0.073728,0.070968,0.599783,0.0,,0.894556,0.666667,0.0592702 0.0674624 0.0712589 0.198564 0.0735676 -0.0225185 0.0579425 0.121709 -0.000229564 -0.0402173 0.0497554 5.97029e-05 0.0133859 -0.0109717 0.00997278 -0.0358389 0.00730787 -0.00783369 -0.00492004 0.00420362 0.0135388 0.0122736 0.0275436 0.0551089 0.0380904 0.0160639 0.0187339 0.00674827 -0.00421989 0.00214334 0.0120254,800,0,cuda,1.85,7.84
test,1503,great_pyrenees_29,great_pyrenees,dog,correct,great_pyrenees,partition,15,0.870647,31,0.785914,0.988472,0.202558,0.088637,0.591114,0.0,,,,0.0175815 0.0224117 0.0441325 0.142017 0.0497818 -0.0589096 0.0878264 0.0874228 0.00188762 0.030746 0.145396 0.0270414 0.0111713 -0.00820436 0.00846121 -0.00411421 0.0293859 0.0185425 -0.0183298 0.011176 -0.00941382 0.0226374 0.0142964 0.0237311 0.0406497 0.0130961 0.0127088 0.0255275 0.00452709 0.00847708 0.00831978,800,0,cuda,1.72,7.84
test,3496,wheaten_terrier_34,wheaten_terrier,dog,wrong,havanese,kernel,16,0.874845,45,0.286771,0.646122,0.359352,0.032794,0.513691,0.0,,0.567194,0.428571,0.0785217 0.0369526 0.0169601 0.0431529 0.0182295 0.0325419 0.00894959 0.146239 0.00229848 0.0343548 -0.012604 0.00695093 -0.0144385 0.184967 0.103773 0.0134088 0.0304545 0.0180173 0.0308296 0.0305459 0.013735 0.0140054 -0.00241109 0.0143323 0.000224709 -0.0286069 -0.0153734 -0.00611472 -0.00807427 0.0229385 -0.00404385 0.00079548 -0.00936831 0.00129956 0.0349152 0.0282062 -0.0151249 0.00607372 -0.0119613 0.0041944 0.00836401 -0.00337655 0.0157642 -0.00480108 0.00626081,800,0,cuda,1.96,7.93
test,3496,wheaten_terrier_34,wheaten_terrier,dog,wrong,havanese,partition,16,0.874845,45,0.286771,0.646122,0.359352,0.03307,0.494932,0.0,,,,0.0821361 0.0395525 0.0173977 0.0675561 0.00391804 0.0383173 0.0568196 0.150131 -0.0088979 0.0646242 -0.0192284 0.0110298 0.000248722 0.175964 0.0741108 0.0025434 0.00220112 0.00795416 0.0131152 -0.000441498 0.0143703 0.000239118 0.0145593 -0.00218735 0.00119585 0.00760524 0.00915877 0.00196 -0.00391303 0.0057447 0.00304398 0.00370318 0.00184356 -0.00375683 0.00850279 0.00421545 0.00127132 0.0082858 0.00287555 0.00631419 -0.00683737 0.00494482 0.001059 0.0067953 0.00191352,800,0,cuda,1.61,7.93
test,2454,pomeranian_76,pomeranian,dog,correct,pomeranian,kernel,24,0.998214,39,0.65045,0.991975,0.341524,0.125758,0.918206,0.0,,0.379453,1.0,-0.0282775 0.0149318 0.0385708 0.0174662 0.0151678 0.0191378 -0.0190498 -0.019585 0.0222359 -0.0261499 0.32499 0.027388 0.144196 0.0233986 0.14138 0.0237946 -0.0223445 0.000525871 0.148498 0.130834 0.0119881 -0.00363693 -0.00311458 0.0136524 0.0193695 0.0131308 -0.0268053 0.0117768 -0.00181301 -0.00456971 -0.0294212 -0.00839473 0.0284326 0.0111385 -0.0237998 -0.0229743 0.022636 -0.0167994 0.0106775,800,0,cuda,2.03,8.07
test,2454,pomeranian_76,pomeranian,dog,correct,pomeranian,partition,24,0.998214,39,0.65045,0.991975,0.341524,0.125622,0.896796,0.0,,,,0.00295535 0.00335506 0.0208843 -5.1938e-05 0.00470679 0.014286 0.010674 0.00215748 0.00566392 -0.00790329 0.225967 0.0574688 0.114769 0.00945209 0.152737 0.00883471 -0.0058227 0.00290987 0.17734 0.177452 -0.000568092 -0.00503313 0.00105163 -0.000595196 -0.00105969 0.000663469 -0.000362853 0.000445516 0.00875546 -0.00190745 -0.0010126 0.000280079 0.000355921 -0.000177718 -0.000350944 4.46277e-05 -0.000236867 0.000524042 -7.01063e-05,800,0,cuda,1.71,8.07
test,1427,german_shorthaired_50,german_shorthaired,dog,correct,german_shorthaired,kernel,14,0.999518,34,0.191247,0.693971,0.502725,0.203532,0.963306,0.0,,0.552177,0.833333,0.0441883 0.0392089 0.0166093 0.015103 -0.00556407 0.00797714 0.00745213 0.00512892 0.0964959 0.0243254 0.0159996 0.12169 0.000223224 0.0369513 -0.0264737 0.399697 0.0432429 0.031001 0.00124958 -0.0110229 0.0644938 0.00962673 -0.00863694 -0.00814852 -0.0134429 0.00632125 -0.00893234 0.0252555 0.0085809 0.00808122 0.00429452 0.00442977 0.00205119 0.00205402,800,0,cuda,1.94,8.17
test,1427,german_shorthaired_50,german_shorthaired,dog,correct,german_shorthaired,partition,14,0.999518,34,0.191247,0.528588,0.337341,0.242043,0.956007,0.0,,,,0.0944071 0.0775704 0.00491675 0.000456999 0.000320491 0.0511574 0.00345286 0.0103388 0.0843362 0.00103493 0.0296695 0.083309 0.00335969 0.00926752 0.00106599 0.304567 0.078212 0.00846141 0.0098287 0.00297604 0.0546503 0.00520833 0.0033936 0.000573444 0.00214649 0.0154277 1.08362e-06 0.00217325 0.00483777 0.00593348 0.000908297 0.00427271 -2.85143e-05 0.00130471,800,0,cuda,1.8,8.17
test,836,boxer_55,boxer,dog,correct,boxer,kernel,8,0.985489,36,0.582809,0.988551,0.405743,0.214579,0.931277,0.0,,0.564736,0.666667,0.0126627 0.0129559 0.0271806 0.024327 0.00799055 0.181718 -0.00331748 0.0201366 0.0238777 0.0163682 0.10272 0.0394416 0.0119839 0.0866804 -0.0192526 -0.0165578 0.377617 0.0667969 -0.025942 -0.0232991 0.0531688 0.015563 -0.0202515 0.00445843 0.0188373 -0.00479295 0.0156094 -0.00539686 -0.00462328 0.0133427 -0.0139257 -0.0057942 0.0219884 -0.0220703 -0.021958 0.00320762,800,0,cuda,1.82,8.09
test,836,boxer_55,boxer,dog,correct,boxer,partition,8,0.985489,36,0.582809,0.983134,0.400326,0.186549,0.938455,0.0,,,,0.0355896 0.000646442 0.0221758 0.0092306 0.000922319 0.126424 0.00545702 -0.000664387 0.0456859 0.0426335 0.129985 0.0268297 -0.00587156 0.0386163 -0.0026674 0.0251812 0.288716 0.0275736 -0.00291514 -0.00344519 0.0322723 -0.00166529 0.000493195 0.00303493 0.0039368 0.00505469 0.00579169 0.001731 0.0131584 0.0242952 0.00887336 0.00127857 0.0250019 0.0176393 0.012584 0.00786708,800,0,cuda,1.77,8.09
test,2909,samoyed_35,samoyed,dog,correct,samoyed,kernel,29,0.99961,45,0.813297,0.990937,0.17764,0.307941,0.880378,0.0,,0.399736,0.666667,-0.00528075 -0.0225698 -0.0268137 -0.00366303 -0.0315789 0.0700541 0.0157297 -0.0158461 0.0461364 0.0777977 0.0364341 0.0884974 0.147082 0.0931785 0.0204606 0.0201649 0.0257104 -0.00302174 0.0279523 0.0487801 0.117545 0.0281882 0.0666818 -0.0191221 0.0286166 0.0244092 0.034683 0.00817643 0.0195896 -0.0164626 0.0137388 -0.00742773 -0.000784454 -0.00210065 -0.0101287 -0.00277194 0.0258853 -0.0159582 0.0438061 -0.0149062 0.0196942 0.00896573 0.00907695 -0.00717926 0.0180089,800,0,cuda,1.84,8.09
test,2909,samoyed_35,samoyed,dog,correct,samoyed,partition,29,0.99961,45,0.813297,0.996173,0.182876,0.278689,0.834021,0.0,,,,0.00093792 0.000500457 0.000577342 0.000821406 0.00215923 0.00217641 0.0118251 0.00382213 0.00978672 0.0215393 0.00419147 0.0357268 0.13031 0.0758457 0.00804918 0.011499 0.0311633 0.0223428 0.0287927 0.0385945 0.206323 0.0268995 0.0313126 0.026007 0.00599832 0.0494651 0.00973585 0.00255188 0.00447301 0.0325504 0.0081517 0.00382156 0.00868913 0.0134413 0.00134463 0.0371992 0.003642 0.00304704 0.00711566 0.0225536 0.0189295 0.00245909 0.00355132 0.00506693 0.00443625,800,0,cuda,1.8,8.09
test,3252,Siamese_73,Siamese,cat,correct,Siamese,kernel,32,0.999492,32,0.534319,0.901226,0.366907,0.276253,0.937329,0.0,,0.57643,0.833333,0.091329 0.0144752 -0.00264887 -0.00712752 0.0448362 0.411796 -0.0107045 0.0134315 0.00673147 0.0127067 0.00620393 -0.010428 0.0514724 0.011007 -0.00423302 0.00581611 0.0252458 0.00121518 -0.00159387 0.0125361 0.00562471 0.008848 0.0255891 0.173498 0.0137811 0.0381522 0.0334673 -0.00475313 -0.0175925 0.0119003 0.0167838 0.0102475,800,0,cuda,1.78,8.06
test,3252,Siamese_73,Siamese,cat,correct,Siamese,partition,32,0.999492,32,0.534319,0.901226,0.366907,0.279743,0.927518,0.0,,,,0.0745619 0.0264996 0.00241077 0.00846993 0.0745933 0.193482 0.0142952 0.00389813 0.00588992 0.0140238 0.000550258 0.00295667 0.0988927 0.00962286 0.00660011 0.0117837 0.0157784 0.0115812 0.0158738 0.0111421 0.0291909 0.0622251 0.0213369 0.113629 0.00514064 0.0380607 0.0296515 0.0206658 0.0161362 0.0117371 0.022924 0.0140087,800,0,cuda,1.77,8.06
test,1990,Maine_Coon_244,Maine_Coon,cat,wrong,Ragdoll,kernel,26,0.939675,33,0.834821,0.998737,0.163915,0.09684,0.559821,0.0,,0.678309,0.666667,-0.0116559 0.0385283 0.00360779 0.00627346 0.0162591 0.023242 -0.0135157 0.0166525 -0.0137782 0.0412687 0.00534768 0.0310779 0.0145415 0.0234539 0.0475845 0.00917634 0.0154098 -0.00605625 0.050096 0.0155945 0.00517372 0.0178942 0.10782 0.152041 -0.0104256 0.199303 0.016685 0.00628161 0.0313908 0.0208604 0.0642968 0.00831878 -0.0015826,800,0,cuda,1.69,6.48
test,1990,Maine_Coon_244,Maine_Coon,cat,wrong,Ragdoll,partition,26,0.939675,33,0.834821,0.998737,0.163915,0.104584,0.549798,0.0,,,,-0.00228335 0.0241576 0.00870034 0.012186 -0.00372856 0.00273132 -0.00170804 0.004119 -0.00067186 0.00814764 0.000565834 0.00545422 0.00251464 -0.00708779 0.0178235 0.0141632 0.030481 0.00655572 0.0433117 0.0172645 0.000397159 0.0108137 0.0978866 0.202167 -0.000414426 0.32208 -0.000940733 -0.00202134 0.0243705 -0.014001 0.104812 0.0036236 -0.000303192,800,0,cuda,1.24,6.48
test,3524,wheaten_terrier_5,wheaten_terrier,dog,correct,wheaten_terrier,kernel,35,0.984058,29,0.519412,0.806573,0.287161,0.332632,0.887256,0.0,,0.849507,0.666667,0.014846 0.155241 0.0140373 0.0117267 0.0132962 0.0459355 0.0304533 0.00410289 0.0813285 0.0931255 0.0772981 0.0546949 0.114257 0.0789976 0.0499786 0.0148028 0.0181615 0.00191149 0.0647173 0.00296158 -0.0286627 0.014484 0.0165818 0.0352547 -0.00998507 0.00638894 -0.0082567 0.00179745 -0.0135178,800,0,cuda,1.44,6.31
test,3524,wheaten_terrier_5,wheaten_terrier,dog,correct,wheaten_terrier,partition,35,0.984058,29,0.519412,0.742767,0.223356,0.468585,0.893717,0.0,,,,0.00301452 0.0928337 0.00654217 0.0232893 0.000952163 0.0273008 0.00687701 0.006349 0.0537619 0.0227899 0.0369643 0.0531127 0.0427856 0.0657804 0.10081 0.0372575 0.0286805 0.0073424 0.132315 0.00517537 0.0128995 0.082986 0.040232 0.0520094 0.00233762 0.00664156 0.0021746 0.00228475 0.000459659,800,0,cuda,1.39,6.31
test,2287,Persian_239,Persian,cat,correct,Persian,kernel,23,0.992618,41,0.790019,0.99608,0.206061,0.086299,0.925479,0.0,,0.566899,0.666667,0.0944289 0.0124743 0.0267715 0.00541338 -0.0306677 0.00780427 0.0289484 0.0169951 0.100801 -0.00145187 -0.0169965 0.0048047 0.0159121 0.270515 0.00294131 0.358388 0.0258178 0.0297965 0.0219925 -0.0113485 -0.0017429 0.00897253 0.00950259 -0.00803868 0.00773948 0.0199629 0.022119 -0.00510115 -0.00153336 0.00653534 0.0110683 -0.00603355 -0.00349906 0.0083325 -0.00621793 -0.021444 0.0172822 -0.00897556 -0.0200019 -0.0183287 0.00345312,800,0,cuda,1.49,6.36
test,2287,Persian_239,Persian,cat,correct,Persian,partition,23,0.992618,41,0.790019,0.997933,0.207914,0.115287,0.920312,0.0,,,,0.102958 0.00571666 0.000822348 0.00341437 0.00483204 -9.38978e-06 0.0502668 0.00431711 0.0749734 0.0032822 -6.80567e-06 0.0386831 0.00222338 0.313689 0.00111567 0.290214 0.00338019 0.0103544 0.0189491 0.0147992 0.0083778 0.00882797 0.00408483 0.00238558 0.00129706 0.00344509 0.0029133 0.00208945 0.00418849 0.00107826 0.00189905 -0.000273226 -0.000240613 -0.000483959 -0.00154849 0.000682315 -0.00150264 -0.0017023 6.54139e-05 -0.00163066 -0.000535547,800,0,cuda,1.29,6.36
test,1898,leonberger_25,leonberger,dog,correct,leonberger,kernel,19,0.999666,37,0.728695,0.99817,0.269475,0.345724,0.92634,0.0,,0.610242,0.833333,0.0060253 -0.0155107 -0.0103565 0.00644394 -0.012702 0.0167942 -0.00123678 0.0114466 0.144779 -0.0073279 0.0700389 -0.00273356 0.0973484 0.105618 0.0512387 0.00245053 0.00339026 0.172946 0.0116516 0.0392228 0.0938556 -0.00751813 -0.031247 -0.0100131 0.00515366 0.0411857 0.0105388 -0.00290296 0.0227317 0.0459461 0.0269904 0.00610612 0.0201415 -0.0059417 0.0227632 0.0372944 0.0118644,800,0,cuda,1.46,6.36
test,1898,leonberger_25,leonberger,dog,correct,leonberger,partition,19,0.999666,37,0.728695,0.998078,0.269383,0.386061,0.868909,0.0,,,,0.00165198 0.00367311 0.0136825 0.00604285 0.00145489 0.00510878 0.0218937 0.00164726 0.0627189 0.00341583 0.0504511 0.00238955 0.0515089 0.071739 0.0293729 0.00148302 0.0110703 0.122918 0.0476325 0.0386186 0.0354656 0.00868267 0.00697485 0.00098634 0.0328132 0.0610931 0.0686228 0.00861874 0.00436534 0.0657043 0.0267204 0.0482229 0.00784031 0.00187893 0.0220488 0.00797291 0.0199902,800,0,cuda,1.42,6.36
