split,image,position,true_label,true_breed,species,probability,predicted_label,predicted_breed,correct
test,Abyssinian_201,0,0,Abyssinian,cat,0.9962,0,Abyssinian,True
test,Abyssinian_202,1,0,Abyssinian,cat,1.0,0,Abyssinian,True
test,Abyssinian_204,2,0,Abyssinian,cat,0.9799,0,Abyssinian,True
test,Abyssinian_205,3,0,Abyssinian,cat,0.4452,21,miniature_pinscher,False
test,Abyssinian_206,4,0,Abyssinian,cat,0.408,5,Bengal,False
test,Abyssinian_207,5,0,Abyssinian,cat,0.9848,0,Abyssinian,True
test,Abyssinian_20,6,0,Abyssinian,cat,0.9571,0,Abyssinian,True
test,Abyssinian_210,7,0,Abyssinian,cat,0.947,0,Abyssinian,True
test,Abyssinian_212,8,0,Abyssinian,cat,0.8866,0,Abyssinian,True
test,Abyssinian_213,9,0,Abyssinian,cat,0.9995,0,Abyssinian,True
test,Abyssinian_215,10,0,Abyssinian,cat,0.7418,5,Bengal,False
test,Abyssinian_216,11,0,Abyssinian,cat,0.9782,0,Abyssinian,True
test,Abyssinian_217,12,0,Abyssinian,cat,0.8567,0,Abyssinian,True
test,Abyssinian_219,13,0,Abyssinian,cat,0.9972,0,Abyssinian,True
test,Abyssinian_21,14,0,Abyssinian,cat,0.4262,9,British_Shorthair,False
test,Abyssinian_220,15,0,Abyssinian,cat,0.5724,0,Abyssinian,True
test,Abyssinian_221,16,0,Abyssinian,cat,0.5084,5,Bengal,False
test,Abyssinian_223,17,0,Abyssinian,cat,0.9967,0,Abyssinian,True
test,Abyssinian_224,18,0,Abyssinian,cat,0.987,0,Abyssinian,True
test,Abyssinian_225,19,0,Abyssinian,cat,0.9245,0,Abyssinian,True
test,Abyssinian_226,20,0,Abyssinian,cat,0.4414,0,Abyssinian,True
test,Abyssinian_228,21,0,Abyssinian,cat,0.8367,0,Abyssinian,True
test,Abyssinian_22,22,0,Abyssinian,cat,0.9998,0,Abyssinian,True
test,Abyssinian_230,23,0,Abyssinian,cat,0.993,0,Abyssinian,True
test,Abyssinian_232,24,0,Abyssinian,cat,0.9939,0,Abyssinian,True
test,Abyssinian_24,25,0,Abyssinian,cat,0.9957,0,Abyssinian,True
test,Abyssinian_25,26,0,Abyssinian,cat,0.9974,0,Abyssinian,True
test,Abyssinian_26,27,0,Abyssinian,cat,0.9583,0,Abyssinian,True
test,Abyssinian_27,28,0,Abyssinian,cat,0.9986,0,Abyssinian,True
test,Abyssinian_29,29,0,Abyssinian,cat,0.9985,0,Abyssinian,True
test,Abyssinian_2,30,0,Abyssinian,cat,0.9994,0,Abyssinian,True
test,Abyssinian_30,31,0,Abyssinian,cat,0.9624,0,Abyssinian,True
test,Abyssinian_31,32,0,Abyssinian,cat,0.8733,0,Abyssinian,True
test,Abyssinian_32,33,0,Abyssinian,cat,0.9868,0,Abyssinian,True
test,Abyssinian_33,34,0,Abyssinian,cat,0.8233,0,Abyssinian,True
test,Abyssinian_36,35,0,Abyssinian,cat,0.992,0,Abyssinian,True
test,Abyssinian_37,36,0,Abyssinian,cat,0.9681,0,Abyssinian,True
test,Abyssinian_3,37,0,Abyssinian,cat,0.9999,0,Abyssinian,True
test,Abyssinian_40,38,0,Abyssinian,cat,0.9591,0,Abyssinian,True
test,Abyssinian_43,39,0,Abyssinian,cat,0.8273,0,Abyssinian,True
test,Abyssinian_44,40,0,Abyssinian,cat,0.9998,0,Abyssinian,True
test,Abyssinian_45,41,0,Abyssinian,cat,0.9999,0,Abyssinian,True
test,Abyssinian_46,42,0,Abyssinian,cat,0.9817,0,Abyssinian,True
test,Abyssinian_47,43,0,Abyssinian,cat,0.9961,0,Abyssinian,True
test,Abyssinian_48,44,0,Abyssinian,cat,0.9935,0,Abyssinian,True
test,Abyssinian_49,45,0,Abyssinian,cat,0.9373,0,Abyssinian,True
test,Abyssinian_4,46,0,Abyssinian,cat,0.983,0,Abyssinian,True
test,Abyssinian_50,47,0,Abyssinian,cat,0.9907,0,Abyssinian,True
test,Abyssinian_51,48,0,Abyssinian,cat,0.9978,0,Abyssinian,True
test,Abyssinian_52,49,0,Abyssinian,cat,0.5195,0,Abyssinian,True
test,Abyssinian_54,50,0,Abyssinian,cat,0.9632,0,Abyssinian,True
test,Abyssinian_55,51,0,Abyssinian,cat,0.8482,0,Abyssinian,True
test,Abyssinian_56,52,0,Abyssinian,cat,0.9928,0,Abyssinian,True
test,Abyssinian_57,53,0,Abyssinian,cat,0.5744,0,Abyssinian,True
test,Abyssinian_58,54,0,Abyssinian,cat,0.9397,0,Abyssinian,True
test,Abyssinian_5,55,0,Abyssinian,cat,0.9474,0,Abyssinian,True
test,Abyssinian_60,56,0,Abyssinian,cat,0.9932,0,Abyssinian,True
test,Abyssinian_61,57,0,Abyssinian,cat,0.7109,0,Abyssinian,True
test,Abyssinian_62,58,0,Abyssinian,cat,0.998,0,Abyssinian,True
test,Abyssinian_63,59,0,Abyssinian,cat,0.9902,0,Abyssinian,True
test,Abyssinian_65,60,0,Abyssinian,cat,0.9983,0,Abyssinian,True
test,Abyssinian_66,61,0,Abyssinian,cat,0.9991,0,Abyssinian,True
test,Abyssinian_67,62,0,Abyssinian,cat,0.8295,0,Abyssinian,True
test,Abyssinian_68,63,0,Abyssinian,cat,0.9962,0,Abyssinian,True
test,Abyssinian_69,64,0,Abyssinian,cat,0.998,0,Abyssinian,True
test,Abyssinian_6,65,0,Abyssinian,cat,0.9953,0,Abyssinian,True
test,Abyssinian_70,66,0,Abyssinian,cat,0.9642,0,Abyssinian,True
test,Abyssinian_71,67,0,Abyssinian,cat,0.9934,0,Abyssinian,True
test,Abyssinian_72,68,0,Abyssinian,cat,0.9976,0,Abyssinian,True
test,Abyssinian_73,69,0,Abyssinian,cat,0.9612,0,Abyssinian,True
test,Abyssinian_74,70,0,Abyssinian,cat,0.9909,0,Abyssinian,True
test,Abyssinian_75,71,0,Abyssinian,cat,0.9715,0,Abyssinian,True
test,Abyssinian_76,72,0,Abyssinian,cat,0.8639,0,Abyssinian,True
test,Abyssinian_77,73,0,Abyssinian,cat,0.869,0,Abyssinian,True
test,Abyssinian_78,74,0,Abyssinian,cat,0.9989,0,Abyssinian,True
test,Abyssinian_79,75,0,Abyssinian,cat,0.9079,0,Abyssinian,True
test,Abyssinian_7,76,0,Abyssinian,cat,0.9996,0,Abyssinian,True
test,Abyssinian_80,77,0,Abyssinian,cat,0.9976,0,Abyssinian,True
test,Abyssinian_81,78,0,Abyssinian,cat,0.9978,0,Abyssinian,True
test,Abyssinian_83,79,0,Abyssinian,cat,0.9993,0,Abyssinian,True
test,Abyssinian_84,80,0,Abyssinian,cat,0.9963,0,Abyssinian,True
test,Abyssinian_85,81,0,Abyssinian,cat,0.9997,0,Abyssinian,True
test,Abyssinian_86,82,0,Abyssinian,cat,0.9991,0,Abyssinian,True
test,Abyssinian_87,83,0,Abyssinian,cat,0.5338,5,Bengal,False
test,Abyssinian_88,84,0,Abyssinian,cat,0.9989,0,Abyssinian,True
test,Abyssinian_89,85,0,Abyssinian,cat,0.8394,0,Abyssinian,True
test,Abyssinian_8,86,0,Abyssinian,cat,0.7429,0,Abyssinian,True
test,Abyssinian_90,87,0,Abyssinian,cat,0.8581,0,Abyssinian,True
test,Abyssinian_91,88,0,Abyssinian,cat,1.0,0,Abyssinian,True
test,Abyssinian_92,89,0,Abyssinian,cat,0.9998,0,Abyssinian,True
test,Abyssinian_93,90,0,Abyssinian,cat,0.9965,0,Abyssinian,True
test,Abyssinian_94,91,0,Abyssinian,cat,0.6696,0,Abyssinian,True
test,Abyssinian_95,92,0,Abyssinian,cat,0.8816,0,Abyssinian,True
test,Abyssinian_96,93,0,Abyssinian,cat,0.9998,0,Abyssinian,True
test,Abyssinian_97,94,0,Abyssinian,cat,0.8277,0,Abyssinian,True
test,Abyssinian_98,95,0,Abyssinian,cat,0.9999,0,Abyssinian,True
test,Abyssinian_99,96,0,Abyssinian,cat,0.9919,0,Abyssinian,True
test,Abyssinian_9,97,0,Abyssinian,cat,0.9933,0,Abyssinian,True
test,american_bulldog_203,98,1,american_bulldog,dog,0.8758,1,american_bulldog,True
test,american_bulldog_205,99,1,american_bulldog,dog,0.9487,1,american_bulldog,True
test,american_bulldog_207,100,1,american_bulldog,dog,0.478,1,american_bulldog,True
test,american_bulldog_208,101,1,american_bulldog,dog,0.8292,1,american_bulldog,True
test,american_bulldog_209,102,1,american_bulldog,dog,0.8605,1,american_bulldog,True
test,american_bulldog_20,103,1,american_bulldog,dog,0.8431,25,pug,False
test,american_bulldog_211,104,1,american_bulldog,dog,0.9741,1,american_bulldog,True
test,american_bulldog_212,105,1,american_bulldog,dog,0.9928,1,american_bulldog,True
test,american_bulldog_214,106,1,american_bulldog,dog,0.6659,1,american_bulldog,True
test,american_bulldog_216,107,1,american_bulldog,dog,0.988,1,american_bulldog,True
test,american_bulldog_217,108,1,american_bulldog,dog,0.2807,1,american_bulldog,True
test,american_bulldog_218,109,1,american_bulldog,dog,0.9004,1,american_bulldog,True
test,american_bulldog_21,110,1,american_bulldog,dog,0.9372,1,american_bulldog,True
test,american_bulldog_220,111,1,american_bulldog,dog,0.9882,1,american_bulldog,True
test,american_bulldog_221,112,1,american_bulldog,dog,0.7337,1,american_bulldog,True
test,american_bulldog_224,113,1,american_bulldog,dog,0.5753,34,staffordshire_bull_terrier,False
test,american_bulldog_22,114,1,american_bulldog,dog,0.5749,2,american_pit_bull_terrier,False
test,american_bulldog_23,115,1,american_bulldog,dog,0.5409,1,american_bulldog,True
test,american_bulldog_24,116,1,american_bulldog,dog,0.9769,1,american_bulldog,True
test,american_bulldog_25,117,1,american_bulldog,dog,0.9742,1,american_bulldog,True
test,american_bulldog_26,118,1,american_bulldog,dog,0.6892,1,american_bulldog,True
test,american_bulldog_27,119,1,american_bulldog,dog,0.5779,8,boxer,False
test,american_bulldog_28,120,1,american_bulldog,dog,0.5473,14,german_shorthaired,False
test,american_bulldog_29,121,1,american_bulldog,dog,0.4792,34,staffordshire_bull_terrier,False
test,american_bulldog_2,122,1,american_bulldog,dog,0.5018,2,american_pit_bull_terrier,False
test,american_bulldog_30,123,1,american_bulldog,dog,0.6163,1,american_bulldog,True
test,american_bulldog_31,124,1,american_bulldog,dog,0.9613,1,american_bulldog,True
test,american_bulldog_32,125,1,american_bulldog,dog,0.3361,1,american_bulldog,True
test,american_bulldog_33,126,1,american_bulldog,dog,0.8961,1,american_bulldog,True
test,american_bulldog_34,127,1,american_bulldog,dog,0.7863,2,american_pit_bull_terrier,False
test,american_bulldog_35,128,1,american_bulldog,dog,0.9693,28,saint_bernard,False
test,american_bulldog_36,129,1,american_bulldog,dog,0.4444,14,german_shorthaired,False
test,american_bulldog_37,130,1,american_bulldog,dog,0.983,1,american_bulldog,True
test,american_bulldog_38,131,1,american_bulldog,dog,0.415,1,american_bulldog,True
test,american_bulldog_39,132,1,american_bulldog,dog,0.8459,1,american_bulldog,True
test,american_bulldog_3,133,1,american_bulldog,dog,0.32,29,samoyed,False
test,american_bulldog_40,134,1,american_bulldog,dog,0.8366,1,american_bulldog,True
test,american_bulldog_41,135,1,american_bulldog,dog,0.6774,1,american_bulldog,True
test,american_bulldog_42,136,1,american_bulldog,dog,0.6068,2,american_pit_bull_terrier,False
test,american_bulldog_43,137,1,american_bulldog,dog,0.9937,2,american_pit_bull_terrier,False
test,american_bulldog_44,138,1,american_bulldog,dog,0.9955,1,american_bulldog,True
test,american_bulldog_45,139,1,american_bulldog,dog,0.8989,2,american_pit_bull_terrier,False
test,american_bulldog_46,140,1,american_bulldog,dog,0.6656,1,american_bulldog,True
test,american_bulldog_47,141,1,american_bulldog,dog,0.916,1,american_bulldog,True
test,american_bulldog_48,142,1,american_bulldog,dog,0.5525,8,boxer,False
test,american_bulldog_49,143,1,american_bulldog,dog,0.6119,28,saint_bernard,False
test,american_bulldog_50,144,1,american_bulldog,dog,0.9944,2,american_pit_bull_terrier,False
test,american_bulldog_51,145,1,american_bulldog,dog,0.8411,2,american_pit_bull_terrier,False
test,american_bulldog_52,146,1,american_bulldog,dog,0.8879,2,american_pit_bull_terrier,False
test,american_bulldog_53,147,1,american_bulldog,dog,0.6255,2,american_pit_bull_terrier,False
test,american_bulldog_54,148,1,american_bulldog,dog,0.9659,8,boxer,False
test,american_bulldog_55,149,1,american_bulldog,dog,0.9959,1,american_bulldog,True
test,american_bulldog_56,150,1,american_bulldog,dog,0.5452,1,american_bulldog,True
test,american_bulldog_57,151,1,american_bulldog,dog,0.9667,1,american_bulldog,True
test,american_bulldog_58,152,1,american_bulldog,dog,0.9963,1,american_bulldog,True
test,american_bulldog_59,153,1,american_bulldog,dog,0.9024,1,american_bulldog,True
test,american_bulldog_5,154,1,american_bulldog,dog,0.8944,1,american_bulldog,True
test,american_bulldog_60,155,1,american_bulldog,dog,0.7739,1,american_bulldog,True
test,american_bulldog_61,156,1,american_bulldog,dog,0.4982,1,american_bulldog,True
test,american_bulldog_62,157,1,american_bulldog,dog,0.4196,2,american_pit_bull_terrier,False
test,american_bulldog_63,158,1,american_bulldog,dog,0.5265,1,american_bulldog,True
test,american_bulldog_64,159,1,american_bulldog,dog,0.975,1,american_bulldog,True
test,american_bulldog_65,160,1,american_bulldog,dog,0.9995,28,saint_bernard,False
test,american_bulldog_66,161,1,american_bulldog,dog,0.9494,1,american_bulldog,True
test,american_bulldog_67,162,1,american_bulldog,dog,0.2195,1,american_bulldog,True
test,american_bulldog_68,163,1,american_bulldog,dog,0.9527,28,saint_bernard,False
test,american_bulldog_69,164,1,american_bulldog,dog,0.5151,28,saint_bernard,False
test,american_bulldog_6,165,1,american_bulldog,dog,0.7135,8,boxer,False
test,american_bulldog_70,166,1,american_bulldog,dog,0.7469,8,boxer,False
test,american_bulldog_71,167,1,american_bulldog,dog,0.8386,2,american_pit_bull_terrier,False
test,american_bulldog_72,168,1,american_bulldog,dog,0.9938,1,american_bulldog,True
test,american_bulldog_73,169,1,american_bulldog,dog,0.8602,2,american_pit_bull_terrier,False
test,american_bulldog_74,170,1,american_bulldog,dog,0.6835,1,american_bulldog,True
test,american_bulldog_75,171,1,american_bulldog,dog,0.9942,2,american_pit_bull_terrier,False
test,american_bulldog_76,172,1,american_bulldog,dog,0.4799,28,saint_bernard,False
test,american_bulldog_77,173,1,american_bulldog,dog,0.9028,1,american_bulldog,True
test,american_bulldog_78,174,1,american_bulldog,dog,0.5471,1,american_bulldog,True
test,american_bulldog_79,175,1,american_bulldog,dog,0.738,1,american_bulldog,True
test,american_bulldog_7,176,1,american_bulldog,dog,0.9196,1,american_bulldog,True
test,american_bulldog_80,177,1,american_bulldog,dog,0.502,1,american_bulldog,True
test,american_bulldog_81,178,1,american_bulldog,dog,0.9152,1,american_bulldog,True
test,american_bulldog_82,179,1,american_bulldog,dog,0.8992,1,american_bulldog,True
test,american_bulldog_83,180,1,american_bulldog,dog,0.9268,2,american_pit_bull_terrier,False
test,american_bulldog_84,181,1,american_bulldog,dog,0.9125,1,american_bulldog,True
test,american_bulldog_85,182,1,american_bulldog,dog,0.8021,1,american_bulldog,True
test,american_bulldog_86,183,1,american_bulldog,dog,0.7185,1,american_bulldog,True
test,american_bulldog_87,184,1,american_bulldog,dog,0.9968,1,american_bulldog,True
test,american_bulldog_89,185,1,american_bulldog,dog,0.2773,2,american_pit_bull_terrier,False
test,american_bulldog_8,186,1,american_bulldog,dog,0.8913,1,american_bulldog,True
test,american_bulldog_90,187,1,american_bulldog,dog,0.9979,2,american_pit_bull_terrier,False
test,american_bulldog_91,188,1,american_bulldog,dog,0.8877,34,staffordshire_bull_terrier,False
test,american_bulldog_92,189,1,american_bulldog,dog,0.9494,1,american_bulldog,True
test,american_bulldog_93,190,1,american_bulldog,dog,0.9849,1,american_bulldog,True
test,american_bulldog_94,191,1,american_bulldog,dog,0.9069,1,american_bulldog,True
test,american_bulldog_95,192,1,american_bulldog,dog,0.6225,1,american_bulldog,True
test,american_bulldog_96,193,1,american_bulldog,dog,0.5408,2,american_pit_bull_terrier,False
test,american_bulldog_97,194,1,american_bulldog,dog,0.3908,28,saint_bernard,False
test,american_bulldog_98,195,1,american_bulldog,dog,0.6622,2,american_pit_bull_terrier,False
test,american_bulldog_99,196,1,american_bulldog,dog,0.9169,1,american_bulldog,True
test,american_bulldog_9,197,1,american_bulldog,dog,0.9867,1,american_bulldog,True
test,american_pit_bull_terrier_191,198,2,american_pit_bull_terrier,dog,0.676,2,american_pit_bull_terrier,True
test,american_pit_bull_terrier_192,199,2,american_pit_bull_terrier,dog,1.0,2,american_pit_bull_terrier,True
test,american_pit_bull_terrier_193,200,2,american_pit_bull_terrier,dog,1.0,2,american_pit_bull_terrier,True
test,american_pit_bull_terrier_194,201,2,american_pit_bull_terrier,dog,0.9994,2,american_pit_bull_terrier,True
test,american_pit_bull_terrier_195,202,2,american_pit_bull_terrier,dog,0.7335,2,american_pit_bull_terrier,True
test,american_pit_bull_terrier_196,203,2,american_pit_bull_terrier,dog,0.999,2,american_pit_bull_terrier,True
test,american_pit_bull_terrier_197,204,2,american_pit_bull_terrier,dog,0.92,2,american_pit_bull_terrier,True
test,american_pit_bull_terrier_198,205,2,american_pit_bull_terrier,dog,0.9998,2,american_pit_bull_terrier,True
test,american_pit_bull_terrier_199,206,2,american_pit_bull_terrier,dog,0.9997,2,american_pit_bull_terrier,True
test,american_pit_bull_terrier_19,207,2,american_pit_bull_terrier,dog,0.991,2,american_pit_bull_terrier,True
test,american_pit_bull_terrier_1,208,2,american_pit_bull_terrier,dog,0.375,14,german_shorthaired,False
test,american_pit_bull_terrier_200,209,2,american_pit_bull_terrier,dog,0.9198,2,american_pit_bull_terrier,True
test,american_pit_bull_terrier_201,210,2,american_pit_bull_terrier,dog,0.9999,2,american_pit_bull_terrier,True
test,american_pit_bull_terrier_202,211,2,american_pit_bull_terrier,dog,0.4126,21,miniature_pinscher,False
test,american_pit_bull_terrier_203,212,2,american_pit_bull_terrier,dog,0.9902,2,american_pit_bull_terrier,True
test,american_pit_bull_terrier_204,213,2,american_pit_bull_terrier,dog,0.5739,2,american_pit_bull_terrier,True
test,american_pit_bull_terrier_20,214,2,american_pit_bull_terrier,dog,0.9994,2,american_pit_bull_terrier,True
test,american_pit_bull_terrier_21,215,2,american_pit_bull_terrier,dog,0.8647,21,miniature_pinscher,False
test,american_pit_bull_terrier_22,216,2,american_pit_bull_terrier,dog,0.8947,21,miniature_pinscher,False
test,american_pit_bull_terrier_23,217,2,american_pit_bull_terrier,dog,0.8916,34,staffordshire_bull_terrier,False
test,american_pit_bull_terrier_24,218,2,american_pit_bull_terrier,dog,0.7097,2,american_pit_bull_terrier,True
test,american_pit_bull_terrier_25,219,2,american_pit_bull_terrier,dog,0.6243,2,american_pit_bull_terrier,True
test,american_pit_bull_terrier_26,220,2,american_pit_bull_terrier,dog,0.9274,34,staffordshire_bull_terrier,False
test,american_pit_bull_terrier_27,221,2,american_pit_bull_terrier,dog,0.5628,1,american_bulldog,False
test,american_pit_bull_terrier_28,222,2,american_pit_bull_terrier,dog,0.5342,1,american_bulldog,False
test,american_pit_bull_terrier_29,223,2,american_pit_bull_terrier,dog,0.9965,2,american_pit_bull_terrier,True
test,american_pit_bull_terrier_2,224,2,american_pit_bull_terrier,dog,0.8553,34,staffordshire_bull_terrier,False
test,american_pit_bull_terrier_30,225,2,american_pit_bull_terrier,dog,0.7445,14,german_shorthaired,False
test,american_pit_bull_terrier_31,226,2,american_pit_bull_terrier,dog,0.8743,2,american_pit_bull_terrier,True
test,american_pit_bull_terrier_32,227,2,american_pit_bull_terrier,dog,0.9878,34,staffordshire_bull_terrier,False
test,american_pit_bull_terrier_33,228,2,american_pit_bull_terrier,dog,0.7112,2,american_pit_bull_terrier,True
test,american_pit_bull_terrier_35,229,2,american_pit_bull_terrier,dog,0.7511,2,american_pit_bull_terrier,True
test,american_pit_bull_terrier_36,230,2,american_pit_bull_terrier,dog,0.8613,2,american_pit_bull_terrier,True
test,american_pit_bull_terrier_37,231,2,american_pit_bull_terrier,dog,0.686,14,german_shorthaired,False
test,american_pit_bull_terrier_38,232,2,american_pit_bull_terrier,dog,0.4399,1,american_bulldog,False
test,american_pit_bull_terrier_39,233,2,american_pit_bull_terrier,dog,0.9165,2,american_pit_bull_terrier,True
test,american_pit_bull_terrier_40,234,2,american_pit_bull_terrier,dog,0.7997,1,american_bulldog,False
test,american_pit_bull_terrier_41,235,2,american_pit_bull_terrier,dog,0.9429,2,american_pit_bull_terrier,True
test,american_pit_bull_terrier_42,236,2,american_pit_bull_terrier,dog,0.9271,34,staffordshire_bull_terrier,False
test,american_pit_bull_terrier_43,237,2,american_pit_bull_terrier,dog,0.9376,2,american_pit_bull_terrier,True
test,american_pit_bull_terrier_44,238,2,american_pit_bull_terrier,dog,0.3216,1,american_bulldog,False
test,american_pit_bull_terrier_45,239,2,american_pit_bull_terrier,dog,0.9154,2,american_pit_bull_terrier,True
test,american_pit_bull_terrier_46,240,2,american_pit_bull_terrier,dog,0.6864,34,staffordshire_bull_terrier,False
test,american_pit_bull_terrier_47,241,2,american_pit_bull_terrier,dog,0.9915,2,american_pit_bull_terrier,True
test,american_pit_bull_terrier_48,242,2,american_pit_bull_terrier,dog,0.6783,2,american_pit_bull_terrier,True
test,american_pit_bull_terrier_49,243,2,american_pit_bull_terrier,dog,0.8817,34,staffordshire_bull_terrier,False
test,american_pit_bull_terrier_4,244,2,american_pit_bull_terrier,dog,0.8393,2,american_pit_bull_terrier,True
test,american_pit_bull_terrier_50,245,2,american_pit_bull_terrier,dog,0.6408,2,american_pit_bull_terrier,True
test,american_pit_bull_terrier_51,246,2,american_pit_bull_terrier,dog,0.9912,2,american_pit_bull_terrier,True
test,american_pit_bull_terrier_52,247,2,american_pit_bull_terrier,dog,0.818,2,american_pit_bull_terrier,True
test,american_pit_bull_terrier_53,248,2,american_pit_bull_terrier,dog,0.9016,34,staffordshire_bull_terrier,False
test,american_pit_bull_terrier_54,249,2,american_pit_bull_terrier,dog,0.472,8,boxer,False
test,american_pit_bull_terrier_55,250,2,american_pit_bull_terrier,dog,0.9191,2,american_pit_bull_terrier,True
test,american_pit_bull_terrier_56,251,2,american_pit_bull_terrier,dog,0.9123,2,american_pit_bull_terrier,True
test,american_pit_bull_terrier_57,252,2,american_pit_bull_terrier,dog,0.9736,2,american_pit_bull_terrier,True
test,american_pit_bull_terrier_58,253,2,american_pit_bull_terrier,dog,0.9987,2,american_pit_bull_terrier,True
test,american_pit_bull_terrier_59,254,2,american_pit_bull_terrier,dog,0.9364,2,american_pit_bull_terrier,True
test,american_pit_bull_terrier_5,255,2,american_pit_bull_terrier,dog,0.7245,2,american_pit_bull_terrier,True
test,american_pit_bull_terrier_60,256,2,american_pit_bull_terrier,dog,0.9788,2,american_pit_bull_terrier,True
test,american_pit_bull_terrier_61,257,2,american_pit_bull_terrier,dog,0.6407,1,american_bulldog,False
test,american_pit_bull_terrier_62,258,2,american_pit_bull_terrier,dog,0.9909,2,american_pit_bull_terrier,True
test,american_pit_bull_terrier_63,259,2,american_pit_bull_terrier,dog,0.5143,2,american_pit_bull_terrier,True
test,american_pit_bull_terrier_64,260,2,american_pit_bull_terrier,dog,0.7846,34,staffordshire_bull_terrier,False
test,american_pit_bull_terrier_65,261,2,american_pit_bull_terrier,dog,0.7448,2,american_pit_bull_terrier,True
test,american_pit_bull_terrier_66,262,2,american_pit_bull_terrier,dog,0.5329,34,staffordshire_bull_terrier,False
test,american_pit_bull_terrier_67,263,2,american_pit_bull_terrier,dog,0.9576,2,american_pit_bull_terrier,True
test,american_pit_bull_terrier_68,264,2,american_pit_bull_terrier,dog,0.5093,2,american_pit_bull_terrier,True
test,american_pit_bull_terrier_69,265,2,american_pit_bull_terrier,dog,0.8283,34,staffordshire_bull_terrier,False
test,american_pit_bull_terrier_6,266,2,american_pit_bull_terrier,dog,0.3072,8,boxer,False
test,american_pit_bull_terrier_70,267,2,american_pit_bull_terrier,dog,0.9451,2,american_pit_bull_terrier,True
test,american_pit_bull_terrier_71,268,2,american_pit_bull_terrier,dog,0.9903,2,american_pit_bull_terrier,True
test,american_pit_bull_terrier_72,269,2,american_pit_bull_terrier,dog,0.6803,2,american_pit_bull_terrier,True
test,american_pit_bull_terrier_73,270,2,american_pit_bull_terrier,dog,0.808,2,american_pit_bull_terrier,True
test,american_pit_bull_terrier_74,271,2,american_pit_bull_terrier,dog,0.9889,2,american_pit_bull_terrier,True
test,american_pit_bull_terrier_75,272,2,american_pit_bull_terrier,dog,0.986,2,american_pit_bull_terrier,True
test,american_pit_bull_terrier_76,273,2,american_pit_bull_terrier,dog,0.7391,2,american_pit_bull_terrier,True
test,american_pit_bull_terrier_77,274,2,american_pit_bull_terrier,dog,0.9998,2,american_pit_bull_terrier,True
test,american_pit_bull_terrier_78,275,2,american_pit_bull_terrier,dog,0.998,2,american_pit_bull_terrier,True
test,american_pit_bull_terrier_79,276,2,american_pit_bull_terrier,dog,0.9662,2,american_pit_bull_terrier,True
test,american_pit_bull_terrier_7,277,2,american_pit_bull_terrier,dog,0.9831,2,american_pit_bull_terrier,True
test,american_pit_bull_terrier_80,278,2,american_pit_bull_terrier,dog,0.9239,2,american_pit_bull_terrier,True
test,american_pit_bull_terrier_81,279,2,american_pit_bull_terrier,dog,0.5776,2,american_pit_bull_terrier,True
test,american_pit_bull_terrier_82,280,2,american_pit_bull_terrier,dog,0.7702,14,german_shorthaired,False
test,american_pit_bull_terrier_84,281,2,american_pit_bull_terrier,dog,0.9889,2,american_pit_bull_terrier,True
test,american_pit_bull_terrier_86,282,2,american_pit_bull_terrier,dog,0.9999,2,american_pit_bull_terrier,True
test,american_pit_bull_terrier_87,283,2,american_pit_bull_terrier,dog,0.7227,27,Russian_Blue,False
test,american_pit_bull_terrier_88,284,2,american_pit_bull_terrier,dog,0.5798,14,german_shorthaired,False
test,american_pit_bull_terrier_89,285,2,american_pit_bull_terrier,dog,0.7963,14,german_shorthaired,False
test,american_pit_bull_terrier_8,286,2,american_pit_bull_terrier,dog,0.6789,34,staffordshire_bull_terrier,False
test,american_pit_bull_terrier_90,287,2,american_pit_bull_terrier,dog,0.8532,34,staffordshire_bull_terrier,False
test,american_pit_bull_terrier_91,288,2,american_pit_bull_terrier,dog,0.8376,2,american_pit_bull_terrier,True
test,american_pit_bull_terrier_92,289,2,american_pit_bull_terrier,dog,0.8984,2,american_pit_bull_terrier,True
test,american_pit_bull_terrier_93,290,2,american_pit_bull_terrier,dog,0.3999,14,german_shorthaired,False
test,american_pit_bull_terrier_94,291,2,american_pit_bull_terrier,dog,0.3923,28,saint_bernard,False
test,american_pit_bull_terrier_95,292,2,american_pit_bull_terrier,dog,0.4969,2,american_pit_bull_terrier,True
test,american_pit_bull_terrier_96,293,2,american_pit_bull_terrier,dog,0.9638,2,american_pit_bull_terrier,True
test,american_pit_bull_terrier_97,294,2,american_pit_bull_terrier,dog,0.998,2,american_pit_bull_terrier,True
test,american_pit_bull_terrier_98,295,2,american_pit_bull_terrier,dog,0.8012,2,american_pit_bull_terrier,True
test,american_pit_bull_terrier_99,296,2,american_pit_bull_terrier,dog,0.7085,2,american_pit_bull_terrier,True
test,american_pit_bull_terrier_9,297,2,american_pit_bull_terrier,dog,0.9849,2,american_pit_bull_terrier,True
test,basset_hound_191,298,3,basset_hound,dog,0.551,3,basset_hound,True
test,basset_hound_192,299,3,basset_hound,dog,0.8641,3,basset_hound,True
test,basset_hound_193,300,3,basset_hound,dog,0.8559,3,basset_hound,True
test,basset_hound_194,301,3,basset_hound,dog,0.9821,3,basset_hound,True
test,basset_hound_195,302,3,basset_hound,dog,0.9405,3,basset_hound,True
test,basset_hound_196,303,3,basset_hound,dog,0.2937,4,beagle,False
test,basset_hound_197,304,3,basset_hound,dog,0.299,1,american_bulldog,False
test,basset_hound_198,305,3,basset_hound,dog,0.5594,31,shiba_inu,False
test,basset_hound_199,306,3,basset_hound,dog,0.9911,3,basset_hound,True
test,basset_hound_19,307,3,basset_hound,dog,0.9981,3,basset_hound,True
test,basset_hound_1,308,3,basset_hound,dog,0.9999,3,basset_hound,True
test,basset_hound_200,309,3,basset_hound,dog,0.9995,4,beagle,False
test,basset_hound_20,310,3,basset_hound,dog,0.9962,3,basset_hound,True
test,basset_hound_21,311,3,basset_hound,dog,0.6345,3,basset_hound,True
test,basset_hound_22,312,3,basset_hound,dog,0.9974,3,basset_hound,True
test,basset_hound_23,313,3,basset_hound,dog,0.99,3,basset_hound,True
test,basset_hound_24,314,3,basset_hound,dog,0.9992,3,basset_hound,True
test,basset_hound_25,315,3,basset_hound,dog,0.8937,3,basset_hound,True
test,basset_hound_26,316,3,basset_hound,dog,0.9976,3,basset_hound,True
test,basset_hound_27,317,3,basset_hound,dog,0.9986,3,basset_hound,True
test,basset_hound_28,318,3,basset_hound,dog,0.9991,3,basset_hound,True
test,basset_hound_29,319,3,basset_hound,dog,0.9896,3,basset_hound,True
test,basset_hound_2,320,3,basset_hound,dog,0.9999,3,basset_hound,True
test,basset_hound_30,321,3,basset_hound,dog,0.9703,3,basset_hound,True
test,basset_hound_31,322,3,basset_hound,dog,0.9998,3,basset_hound,True
test,basset_hound_32,323,3,basset_hound,dog,0.9871,3,basset_hound,True
test,basset_hound_33,324,3,basset_hound,dog,1.0,3,basset_hound,True
test,basset_hound_34,325,3,basset_hound,dog,0.9988,3,basset_hound,True
test,basset_hound_35,326,3,basset_hound,dog,0.9164,3,basset_hound,True
test,basset_hound_36,327,3,basset_hound,dog,0.9845,3,basset_hound,True
test,basset_hound_37,328,3,basset_hound,dog,0.9996,3,basset_hound,True
test,basset_hound_38,329,3,basset_hound,dog,0.9999,3,basset_hound,True
test,basset_hound_39,330,3,basset_hound,dog,0.9907,3,basset_hound,True
test,basset_hound_3,331,3,basset_hound,dog,0.9991,3,basset_hound,True
test,basset_hound_40,332,3,basset_hound,dog,0.9949,3,basset_hound,True
test,basset_hound_41,333,3,basset_hound,dog,0.9925,3,basset_hound,True
test,basset_hound_42,334,3,basset_hound,dog,0.9911,3,basset_hound,True
test,basset_hound_43,335,3,basset_hound,dog,0.9987,3,basset_hound,True
test,basset_hound_44,336,3,basset_hound,dog,0.9977,3,basset_hound,True
test,basset_hound_45,337,3,basset_hound,dog,0.996,3,basset_hound,True
test,basset_hound_46,338,3,basset_hound,dog,0.9972,3,basset_hound,True
test,basset_hound_47,339,3,basset_hound,dog,0.9999,3,basset_hound,True
test,basset_hound_48,340,3,basset_hound,dog,0.9996,3,basset_hound,True
test,basset_hound_49,341,3,basset_hound,dog,0.9951,3,basset_hound,True
test,basset_hound_4,342,3,basset_hound,dog,0.7585,3,basset_hound,True
test,basset_hound_50,343,3,basset_hound,dog,0.86,3,basset_hound,True
test,basset_hound_51,344,3,basset_hound,dog,0.9996,3,basset_hound,True
test,basset_hound_52,345,3,basset_hound,dog,0.9996,3,basset_hound,True
test,basset_hound_53,346,3,basset_hound,dog,0.9999,3,basset_hound,True
test,basset_hound_54,347,3,basset_hound,dog,0.9984,3,basset_hound,True
test,basset_hound_55,348,3,basset_hound,dog,0.9999,3,basset_hound,True
test,basset_hound_56,349,3,basset_hound,dog,0.9944,3,basset_hound,True
test,basset_hound_57,350,3,basset_hound,dog,0.9992,3,basset_hound,True
test,basset_hound_58,351,3,basset_hound,dog,0.825,3,basset_hound,True
test,basset_hound_59,352,3,basset_hound,dog,0.9993,3,basset_hound,True
test,basset_hound_5,353,3,basset_hound,dog,0.9933,3,basset_hound,True
test,basset_hound_60,354,3,basset_hound,dog,0.9906,3,basset_hound,True
test,basset_hound_61,355,3,basset_hound,dog,0.998,3,basset_hound,True
test,basset_hound_62,356,3,basset_hound,dog,0.9999,3,basset_hound,True
test,basset_hound_63,357,3,basset_hound,dog,0.9982,3,basset_hound,True
test,basset_hound_64,358,3,basset_hound,dog,0.6176,3,basset_hound,True
test,basset_hound_65,359,3,basset_hound,dog,0.9794,3,basset_hound,True
test,basset_hound_66,360,3,basset_hound,dog,0.9671,3,basset_hound,True
test,basset_hound_67,361,3,basset_hound,dog,0.9997,3,basset_hound,True
test,basset_hound_68,362,3,basset_hound,dog,0.9646,3,basset_hound,True
test,basset_hound_69,363,3,basset_hound,dog,0.9983,3,basset_hound,True
test,basset_hound_6,364,3,basset_hound,dog,0.9936,3,basset_hound,True
test,basset_hound_70,365,3,basset_hound,dog,0.9985,3,basset_hound,True
test,basset_hound_71,366,3,basset_hound,dog,0.7551,4,beagle,False
test,basset_hound_72,367,3,basset_hound,dog,0.994,3,basset_hound,True
test,basset_hound_73,368,3,basset_hound,dog,0.7616,3,basset_hound,True
test,basset_hound_74,369,3,basset_hound,dog,0.9832,3,basset_hound,True
test,basset_hound_75,370,3,basset_hound,dog,0.7647,3,basset_hound,True
test,basset_hound_76,371,3,basset_hound,dog,0.9398,3,basset_hound,True
test,basset_hound_77,372,3,basset_hound,dog,0.9516,3,basset_hound,True
test,basset_hound_78,373,3,basset_hound,dog,0.9996,3,basset_hound,True
test,basset_hound_79,374,3,basset_hound,dog,0.998,3,basset_hound,True
test,basset_hound_7,375,3,basset_hound,dog,0.7493,4,beagle,False
test,basset_hound_80,376,3,basset_hound,dog,0.997,3,basset_hound,True
test,basset_hound_81,377,3,basset_hound,dog,0.9976,3,basset_hound,True
test,basset_hound_82,378,3,basset_hound,dog,1.0,3,basset_hound,True
test,basset_hound_83,379,3,basset_hound,dog,0.991,3,basset_hound,True
test,basset_hound_84,380,3,basset_hound,dog,0.9966,3,basset_hound,True
test,basset_hound_85,381,3,basset_hound,dog,0.9997,3,basset_hound,True
test,basset_hound_86,382,3,basset_hound,dog,0.9991,3,basset_hound,True
test,basset_hound_87,383,3,basset_hound,dog,0.9998,3,basset_hound,True
test,basset_hound_88,384,3,basset_hound,dog,0.9989,3,basset_hound,True
test,basset_hound_89,385,3,basset_hound,dog,0.9991,3,basset_hound,True
test,basset_hound_8,386,3,basset_hound,dog,0.8241,3,basset_hound,True
test,basset_hound_90,387,3,basset_hound,dog,0.9817,3,basset_hound,True
test,basset_hound_91,388,3,basset_hound,dog,0.9997,3,basset_hound,True
test,basset_hound_92,389,3,basset_hound,dog,0.9974,3,basset_hound,True
test,basset_hound_93,390,3,basset_hound,dog,1.0,3,basset_hound,True
test,basset_hound_94,391,3,basset_hound,dog,0.9995,3,basset_hound,True
test,basset_hound_95,392,3,basset_hound,dog,0.9998,3,basset_hound,True
test,basset_hound_96,393,3,basset_hound,dog,0.994,3,basset_hound,True
test,basset_hound_97,394,3,basset_hound,dog,0.9812,3,basset_hound,True
test,basset_hound_98,395,3,basset_hound,dog,0.9994,3,basset_hound,True
test,basset_hound_99,396,3,basset_hound,dog,0.9281,3,basset_hound,True
test,basset_hound_9,397,3,basset_hound,dog,0.9987,3,basset_hound,True
test,beagle_195,398,4,beagle,dog,0.828,4,beagle,True
test,beagle_196,399,4,beagle,dog,0.9963,4,beagle,True
test,beagle_197,400,4,beagle,dog,0.9674,4,beagle,True
test,beagle_198,401,4,beagle,dog,0.8968,14,german_shorthaired,False
test,beagle_199,402,4,beagle,dog,0.9281,4,beagle,True
test,beagle_19,403,4,beagle,dog,1.0,4,beagle,True
test,beagle_1,404,4,beagle,dog,0.8588,4,beagle,True
test,beagle_200,405,4,beagle,dog,0.9839,4,beagle,True
test,beagle_201,406,4,beagle,dog,1.0,4,beagle,True
test,beagle_202,407,4,beagle,dog,0.9867,4,beagle,True
test,beagle_203,408,4,beagle,dog,0.9953,4,beagle,True
test,beagle_204,409,4,beagle,dog,0.8673,4,beagle,True
test,beagle_20,410,4,beagle,dog,0.9998,4,beagle,True
test,beagle_21,411,4,beagle,dog,0.9958,4,beagle,True
test,beagle_22,412,4,beagle,dog,1.0,4,beagle,True
test,beagle_23,413,4,beagle,dog,0.9999,4,beagle,True
test,beagle_24,414,4,beagle,dog,0.9863,4,beagle,True
test,beagle_25,415,4,beagle,dog,0.9834,4,beagle,True
test,beagle_26,416,4,beagle,dog,0.9915,4,beagle,True
test,beagle_27,417,4,beagle,dog,0.961,4,beagle,True
test,beagle_28,418,4,beagle,dog,0.9541,4,beagle,True
test,beagle_29,419,4,beagle,dog,0.89,4,beagle,True
test,beagle_2,420,4,beagle,dog,0.9907,4,beagle,True
test,beagle_30,421,4,beagle,dog,0.6565,4,beagle,True
test,beagle_31,422,4,beagle,dog,0.9998,4,beagle,True
test,beagle_32,423,4,beagle,dog,0.9552,4,beagle,True
test,beagle_33,424,4,beagle,dog,0.9756,4,beagle,True
test,beagle_34,425,4,beagle,dog,0.3778,34,staffordshire_bull_terrier,False
test,beagle_35,426,4,beagle,dog,0.4764,4,beagle,True
test,beagle_36,427,4,beagle,dog,0.9955,4,beagle,True
test,beagle_37,428,4,beagle,dog,0.9983,4,beagle,True
test,beagle_38,429,4,beagle,dog,0.9898,4,beagle,True
test,beagle_39,430,4,beagle,dog,0.9978,4,beagle,True
test,beagle_3,431,4,beagle,dog,0.977,4,beagle,True
test,beagle_40,432,4,beagle,dog,0.9996,4,beagle,True
test,beagle_41,433,4,beagle,dog,0.7514,3,basset_hound,False
test,beagle_42,434,4,beagle,dog,0.6907,4,beagle,True
test,beagle_43,435,4,beagle,dog,0.9931,4,beagle,True
test,beagle_44,436,4,beagle,dog,0.9426,4,beagle,True
test,beagle_45,437,4,beagle,dog,0.9993,4,beagle,True
test,beagle_46,438,4,beagle,dog,0.9961,4,beagle,True
test,beagle_47,439,4,beagle,dog,0.6861,4,beagle,True
test,beagle_48,440,4,beagle,dog,0.9657,4,beagle,True
test,beagle_49,441,4,beagle,dog,0.5122,3,basset_hound,False
test,beagle_4,442,4,beagle,dog,0.972,4,beagle,True
test,beagle_50,443,4,beagle,dog,0.3199,3,basset_hound,False
test,beagle_51,444,4,beagle,dog,0.9999,4,beagle,True
test,beagle_52,445,4,beagle,dog,0.9518,4,beagle,True
test,beagle_53,446,4,beagle,dog,0.994,4,beagle,True
test,beagle_54,447,4,beagle,dog,0.9955,4,beagle,True
test,beagle_55,448,4,beagle,dog,0.9941,4,beagle,True
test,beagle_56,449,4,beagle,dog,0.9984,4,beagle,True
test,beagle_57,450,4,beagle,dog,0.9991,4,beagle,True
test,beagle_58,451,4,beagle,dog,0.9857,4,beagle,True
test,beagle_59,452,4,beagle,dog,0.9872,4,beagle,True
test,beagle_5,453,4,beagle,dog,0.9993,4,beagle,True
test,beagle_60,454,4,beagle,dog,0.9994,4,beagle,True
test,beagle_61,455,4,beagle,dog,0.8238,4,beagle,True
test,beagle_62,456,4,beagle,dog,0.9896,4,beagle,True
test,beagle_63,457,4,beagle,dog,0.9954,4,beagle,True
test,beagle_64,458,4,beagle,dog,0.9953,4,beagle,True
test,beagle_65,459,4,beagle,dog,0.9985,4,beagle,True
test,beagle_66,460,4,beagle,dog,0.9994,4,beagle,True
test,beagle_67,461,4,beagle,dog,0.9592,4,beagle,True
test,beagle_68,462,4,beagle,dog,0.9889,4,beagle,True
test,beagle_69,463,4,beagle,dog,0.4937,3,basset_hound,False
test,beagle_6,464,4,beagle,dog,0.9991,4,beagle,True
test,beagle_70,465,4,beagle,dog,0.5,10,chihuahua,False
test,beagle_71,466,4,beagle,dog,0.9931,4,beagle,True
test,beagle_72,467,4,beagle,dog,0.9984,4,beagle,True
test,beagle_73,468,4,beagle,dog,0.9993,4,beagle,True
test,beagle_74,469,4,beagle,dog,0.9031,4,beagle,True
test,beagle_75,470,4,beagle,dog,0.9993,4,beagle,True
test,beagle_76,471,4,beagle,dog,0.9992,4,beagle,True
test,beagle_77,472,4,beagle,dog,0.8577,4,beagle,True
test,beagle_78,473,4,beagle,dog,0.9999,4,beagle,True
test,beagle_79,474,4,beagle,dog,0.9987,4,beagle,True
test,beagle_7,475,4,beagle,dog,0.9998,4,beagle,True
test,beagle_80,476,4,beagle,dog,0.9931,4,beagle,True
test,beagle_81,477,4,beagle,dog,0.9999,4,beagle,True
test,beagle_82,478,4,beagle,dog,0.9222,4,beagle,True
test,beagle_83,479,4,beagle,dog,0.8739,3,basset_hound,False
test,beagle_84,480,4,beagle,dog,0.9761,4,beagle,True
test,beagle_85,481,4,beagle,dog,1.0,4,beagle,True
test,beagle_86,482,4,beagle,dog,0.9904,4,beagle,True
test,beagle_87,483,4,beagle,dog,0.9784,3,basset_hound,False
test,beagle_88,484,4,beagle,dog,0.4814,3,basset_hound,False
test,beagle_89,485,4,beagle,dog,0.9995,4,beagle,True
test,beagle_8,486,4,beagle,dog,0.9272,4,beagle,True
test,beagle_90,487,4,beagle,dog,0.9979,4,beagle,True
test,beagle_91,488,4,beagle,dog,0.995,4,beagle,True
test,beagle_92,489,4,beagle,dog,0.9989,4,beagle,True
test,beagle_93,490,4,beagle,dog,1.0,4,beagle,True
test,beagle_94,491,4,beagle,dog,0.9251,4,beagle,True
test,beagle_95,492,4,beagle,dog,0.8585,3,basset_hound,False
test,beagle_96,493,4,beagle,dog,0.9999,4,beagle,True
test,beagle_97,494,4,beagle,dog,0.8792,3,basset_hound,False
test,beagle_98,495,4,beagle,dog,0.9999,4,beagle,True
test,beagle_99,496,4,beagle,dog,0.9912,4,beagle,True
test,beagle_9,497,4,beagle,dog,1.0,4,beagle,True
test,Bengal_192,498,5,Bengal,cat,0.814,11,Egyptian_Mau,False
test,Bengal_193,499,5,Bengal,cat,0.8837,5,Bengal,True
test,Bengal_194,500,5,Bengal,cat,0.8055,5,Bengal,True
test,Bengal_195,501,5,Bengal,cat,0.9792,5,Bengal,True
test,Bengal_196,502,5,Bengal,cat,0.854,5,Bengal,True
test,Bengal_197,503,5,Bengal,cat,0.8749,5,Bengal,True
test,Bengal_198,504,5,Bengal,cat,0.9442,11,Egyptian_Mau,False
test,Bengal_199,505,5,Bengal,cat,0.975,5,Bengal,True
test,Bengal_19,506,5,Bengal,cat,0.7922,11,Egyptian_Mau,False
test,Bengal_1,507,5,Bengal,cat,0.5891,11,Egyptian_Mau,False
test,Bengal_200,508,5,Bengal,cat,0.9,5,Bengal,True
test,Bengal_201,509,5,Bengal,cat,0.9468,5,Bengal,True
test,Bengal_20,510,5,Bengal,cat,0.7401,5,Bengal,True
test,Bengal_21,511,5,Bengal,cat,0.9975,5,Bengal,True
test,Bengal_22,512,5,Bengal,cat,0.8927,5,Bengal,True
test,Bengal_23,513,5,Bengal,cat,0.9906,5,Bengal,True
test,Bengal_24,514,5,Bengal,cat,0.9181,5,Bengal,True
test,Bengal_25,515,5,Bengal,cat,0.9712,5,Bengal,True
test,Bengal_26,516,5,Bengal,cat,0.9925,11,Egyptian_Mau,False
test,Bengal_27,517,5,Bengal,cat,0.6544,5,Bengal,True
test,Bengal_28,518,5,Bengal,cat,0.8249,11,Egyptian_Mau,False
test,Bengal_29,519,5,Bengal,cat,0.8855,5,Bengal,True
test,Bengal_2,520,5,Bengal,cat,0.942,11,Egyptian_Mau,False
test,Bengal_30,521,5,Bengal,cat,0.4133,5,Bengal,True
test,Bengal_31,522,5,Bengal,cat,0.5303,5,Bengal,True
test,Bengal_32,523,5,Bengal,cat,0.9983,5,Bengal,True
test,Bengal_33,524,5,Bengal,cat,0.9081,5,Bengal,True
test,Bengal_34,525,5,Bengal,cat,0.3326,0,Abyssinian,False
test,Bengal_35,526,5,Bengal,cat,0.9857,5,Bengal,True
test,Bengal_36,527,5,Bengal,cat,0.8878,5,Bengal,True
test,Bengal_37,528,5,Bengal,cat,0.9791,5,Bengal,True
test,Bengal_38,529,5,Bengal,cat,0.982,5,Bengal,True
test,Bengal_39,530,5,Bengal,cat,0.9991,5,Bengal,True
test,Bengal_3,531,5,Bengal,cat,0.8043,5,Bengal,True
test,Bengal_40,532,5,Bengal,cat,0.9359,5,Bengal,True
test,Bengal_41,533,5,Bengal,cat,0.8106,5,Bengal,True
test,Bengal_42,534,5,Bengal,cat,0.3176,11,Egyptian_Mau,False
test,Bengal_43,535,5,Bengal,cat,0.9947,5,Bengal,True
test,Bengal_44,536,5,Bengal,cat,0.969,5,Bengal,True
test,Bengal_45,537,5,Bengal,cat,0.9103,5,Bengal,True
test,Bengal_46,538,5,Bengal,cat,0.963,5,Bengal,True
test,Bengal_47,539,5,Bengal,cat,0.9329,5,Bengal,True
test,Bengal_48,540,5,Bengal,cat,0.8775,11,Egyptian_Mau,False
test,Bengal_49,541,5,Bengal,cat,0.8812,5,Bengal,True
test,Bengal_4,542,5,Bengal,cat,0.5444,5,Bengal,True
test,Bengal_50,543,5,Bengal,cat,0.7305,5,Bengal,True
test,Bengal_51,544,5,Bengal,cat,0.3177,11,Egyptian_Mau,False
test,Bengal_52,545,5,Bengal,cat,0.9899,5,Bengal,True
test,Bengal_53,546,5,Bengal,cat,0.929,5,Bengal,True
test,Bengal_54,547,5,Bengal,cat,0.735,5,Bengal,True
test,Bengal_55,548,5,Bengal,cat,0.8642,5,Bengal,True
test,Bengal_56,549,5,Bengal,cat,0.5637,5,Bengal,True
test,Bengal_57,550,5,Bengal,cat,0.8636,5,Bengal,True
test,Bengal_58,551,5,Bengal,cat,0.5038,31,shiba_inu,False
test,Bengal_59,552,5,Bengal,cat,0.9719,5,Bengal,True
test,Bengal_5,553,5,Bengal,cat,0.712,5,Bengal,True
test,Bengal_60,554,5,Bengal,cat,0.4802,5,Bengal,True
test,Bengal_61,555,5,Bengal,cat,0.9215,5,Bengal,True
test,Bengal_62,556,5,Bengal,cat,0.9865,5,Bengal,True
test,Bengal_63,557,5,Bengal,cat,0.9521,5,Bengal,True
test,Bengal_64,558,5,Bengal,cat,0.9631,5,Bengal,True
test,Bengal_65,559,5,Bengal,cat,0.9964,5,Bengal,True
test,Bengal_66,560,5,Bengal,cat,0.4722,0,Abyssinian,False
test,Bengal_67,561,5,Bengal,cat,0.954,5,Bengal,True
test,Bengal_68,562,5,Bengal,cat,0.2419,20,Maine_Coon,False
test,Bengal_69,563,5,Bengal,cat,0.5771,5,Bengal,True
test,Bengal_6,564,5,Bengal,cat,0.8667,5,Bengal,True
test,Bengal_70,565,5,Bengal,cat,0.965,5,Bengal,True
test,Bengal_71,566,5,Bengal,cat,0.9655,5,Bengal,True
test,Bengal_72,567,5,Bengal,cat,0.9779,0,Abyssinian,False
test,Bengal_73,568,5,Bengal,cat,0.6754,5,Bengal,True
test,Bengal_74,569,5,Bengal,cat,0.6534,11,Egyptian_Mau,False
test,Bengal_75,570,5,Bengal,cat,0.9957,5,Bengal,True
test,Bengal_76,571,5,Bengal,cat,0.6907,5,Bengal,True
test,Bengal_77,572,5,Bengal,cat,0.9301,5,Bengal,True
test,Bengal_78,573,5,Bengal,cat,0.9953,5,Bengal,True
test,Bengal_79,574,5,Bengal,cat,0.5096,11,Egyptian_Mau,False
test,Bengal_7,575,5,Bengal,cat,0.9875,5,Bengal,True
test,Bengal_80,576,5,Bengal,cat,0.9329,11,Egyptian_Mau,False
test,Bengal_81,577,5,Bengal,cat,0.6947,5,Bengal,True
test,Bengal_82,578,5,Bengal,cat,0.5307,5,Bengal,True
test,Bengal_83,579,5,Bengal,cat,0.6757,11,Egyptian_Mau,False
test,Bengal_84,580,5,Bengal,cat,0.3537,5,Bengal,True
test,Bengal_85,581,5,Bengal,cat,0.7574,11,Egyptian_Mau,False
test,Bengal_86,582,5,Bengal,cat,0.9909,5,Bengal,True
test,Bengal_87,583,5,Bengal,cat,0.933,0,Abyssinian,False
test,Bengal_88,584,5,Bengal,cat,0.9777,5,Bengal,True
test,Bengal_89,585,5,Bengal,cat,0.9607,5,Bengal,True
test,Bengal_8,586,5,Bengal,cat,0.7557,31,shiba_inu,False
test,Bengal_90,587,5,Bengal,cat,0.9858,5,Bengal,True
test,Bengal_91,588,5,Bengal,cat,0.8939,5,Bengal,True
test,Bengal_92,589,5,Bengal,cat,0.89,5,Bengal,True
test,Bengal_93,590,5,Bengal,cat,0.9813,5,Bengal,True
test,Bengal_94,591,5,Bengal,cat,0.9624,5,Bengal,True
test,Bengal_95,592,5,Bengal,cat,0.9973,5,Bengal,True
test,Bengal_96,593,5,Bengal,cat,0.9248,5,Bengal,True
test,Bengal_97,594,5,Bengal,cat,0.9648,5,Bengal,True
test,Bengal_98,595,5,Bengal,cat,0.547,11,Egyptian_Mau,False
test,Bengal_99,596,5,Bengal,cat,0.9962,5,Bengal,True
test,Bengal_9,597,5,Bengal,cat,0.8697,0,Abyssinian,False
test,Birman_191,598,6,Birman,cat,0.9957,6,Birman,True
test,Birman_192,599,6,Birman,cat,0.5724,6,Birman,True
test,Birman_193,600,6,Birman,cat,0.9178,6,Birman,True
test,Birman_194,601,6,Birman,cat,0.6371,6,Birman,True
test,Birman_196,602,6,Birman,cat,0.5194,6,Birman,True
test,Birman_197,603,6,Birman,cat,0.5352,6,Birman,True
test,Birman_198,604,6,Birman,cat,0.6101,26,Ragdoll,False
test,Birman_199,605,6,Birman,cat,0.9895,6,Birman,True
test,Birman_19,606,6,Birman,cat,0.9486,6,Birman,True
test,Birman_1,607,6,Birman,cat,0.9362,6,Birman,True
test,Birman_200,608,6,Birman,cat,0.7933,6,Birman,True
test,Birman_201,609,6,Birman,cat,0.6783,26,Ragdoll,False
test,Birman_20,610,6,Birman,cat,0.9626,26,Ragdoll,False
test,Birman_21,611,6,Birman,cat,0.9961,6,Birman,True
test,Birman_22,612,6,Birman,cat,0.9839,6,Birman,True
test,Birman_23,613,6,Birman,cat,0.536,6,Birman,True
test,Birman_24,614,6,Birman,cat,0.9641,6,Birman,True
test,Birman_25,615,6,Birman,cat,0.9904,6,Birman,True
test,Birman_26,616,6,Birman,cat,0.9872,6,Birman,True
test,Birman_27,617,6,Birman,cat,0.9687,6,Birman,True
test,Birman_28,618,6,Birman,cat,0.9682,26,Ragdoll,False
test,Birman_29,619,6,Birman,cat,0.9724,6,Birman,True
test,Birman_2,620,6,Birman,cat,0.9978,6,Birman,True
test,Birman_30,621,6,Birman,cat,0.6591,6,Birman,True
test,Birman_31,622,6,Birman,cat,0.5837,6,Birman,True
test,Birman_32,623,6,Birman,cat,0.9998,6,Birman,True
test,Birman_33,624,6,Birman,cat,0.9101,6,Birman,True
test,Birman_34,625,6,Birman,cat,0.9414,6,Birman,True
test,Birman_35,626,6,Birman,cat,0.8546,6,Birman,True
test,Birman_36,627,6,Birman,cat,0.9754,26,Ragdoll,False
test,Birman_37,628,6,Birman,cat,0.9918,26,Ragdoll,False
test,Birman_38,629,6,Birman,cat,0.9373,26,Ragdoll,False
test,Birman_39,630,6,Birman,cat,0.5033,6,Birman,True
test,Birman_3,631,6,Birman,cat,0.823,26,Ragdoll,False
test,Birman_40,632,6,Birman,cat,0.8118,6,Birman,True
test,Birman_41,633,6,Birman,cat,0.6421,6,Birman,True
test,Birman_42,634,6,Birman,cat,0.9952,6,Birman,True
test,Birman_43,635,6,Birman,cat,0.8965,6,Birman,True
test,Birman_44,636,6,Birman,cat,0.5607,6,Birman,True
test,Birman_45,637,6,Birman,cat,0.9792,6,Birman,True
test,Birman_46,638,6,Birman,cat,0.812,26,Ragdoll,False
test,Birman_47,639,6,Birman,cat,0.8242,6,Birman,True
test,Birman_48,640,6,Birman,cat,0.9923,6,Birman,True
test,Birman_49,641,6,Birman,cat,0.6276,6,Birman,True
test,Birman_4,642,6,Birman,cat,0.9816,6,Birman,True
test,Birman_50,643,6,Birman,cat,0.7017,32,Siamese,False
test,Birman_51,644,6,Birman,cat,0.9995,6,Birman,True
test,Birman_52,645,6,Birman,cat,0.989,32,Siamese,False
test,Birman_53,646,6,Birman,cat,0.9048,6,Birman,True
test,Birman_54,647,6,Birman,cat,0.7925,26,Ragdoll,False
test,Birman_55,648,6,Birman,cat,0.869,6,Birman,True
test,Birman_56,649,6,Birman,cat,0.902,32,Siamese,False
test,Birman_57,650,6,Birman,cat,0.9352,32,Siamese,False
test,Birman_58,651,6,Birman,cat,0.9698,6,Birman,True
test,Birman_59,652,6,Birman,cat,0.6986,26,Ragdoll,False
test,Birman_5,653,6,Birman,cat,0.998,6,Birman,True
test,Birman_60,654,6,Birman,cat,0.971,6,Birman,True
test,Birman_61,655,6,Birman,cat,0.9906,6,Birman,True
test,Birman_62,656,6,Birman,cat,0.7291,32,Siamese,False
test,Birman_63,657,6,Birman,cat,0.9919,6,Birman,True
test,Birman_64,658,6,Birman,cat,0.923,6,Birman,True
test,Birman_65,659,6,Birman,cat,0.927,6,Birman,True
test,Birman_66,660,6,Birman,cat,0.997,6,Birman,True
test,Birman_67,661,6,Birman,cat,0.869,26,Ragdoll,False
test,Birman_68,662,6,Birman,cat,0.9998,6,Birman,True
test,Birman_69,663,6,Birman,cat,0.9954,6,Birman,True
test,Birman_6,664,6,Birman,cat,0.9919,6,Birman,True
test,Birman_70,665,6,Birman,cat,0.9356,6,Birman,True
test,Birman_71,666,6,Birman,cat,0.9895,6,Birman,True
test,Birman_72,667,6,Birman,cat,0.5095,6,Birman,True
test,Birman_73,668,6,Birman,cat,0.9356,6,Birman,True
test,Birman_74,669,6,Birman,cat,0.9582,6,Birman,True
test,Birman_75,670,6,Birman,cat,0.8419,6,Birman,True
test,Birman_76,671,6,Birman,cat,0.8934,6,Birman,True
test,Birman_77,672,6,Birman,cat,0.9436,6,Birman,True
test,Birman_78,673,6,Birman,cat,0.999,6,Birman,True
test,Birman_79,674,6,Birman,cat,0.8557,6,Birman,True
test,Birman_7,675,6,Birman,cat,0.9859,6,Birman,True
test,Birman_80,676,6,Birman,cat,0.7876,26,Ragdoll,False
test,Birman_81,677,6,Birman,cat,0.8843,26,Ragdoll,False
test,Birman_82,678,6,Birman,cat,0.975,26,Ragdoll,False
test,Birman_83,679,6,Birman,cat,0.9973,6,Birman,True
test,Birman_84,680,6,Birman,cat,0.5439,6,Birman,True
test,Birman_85,681,6,Birman,cat,0.9243,26,Ragdoll,False
test,Birman_86,682,6,Birman,cat,0.7589,6,Birman,True
test,Birman_87,683,6,Birman,cat,0.5044,26,Ragdoll,False
test,Birman_88,684,6,Birman,cat,0.8641,6,Birman,True
test,Birman_89,685,6,Birman,cat,0.977,6,Birman,True
test,Birman_8,686,6,Birman,cat,0.997,6,Birman,True
test,Birman_90,687,6,Birman,cat,0.5185,6,Birman,True
test,Birman_91,688,6,Birman,cat,0.8738,6,Birman,True
test,Birman_92,689,6,Birman,cat,0.8176,6,Birman,True
test,Birman_93,690,6,Birman,cat,0.9976,6,Birman,True
test,Birman_94,691,6,Birman,cat,0.623,27,Russian_Blue,False
test,Birman_95,692,6,Birman,cat,0.9907,6,Birman,True
test,Birman_96,693,6,Birman,cat,0.9441,6,Birman,True
test,Birman_97,694,6,Birman,cat,0.9996,6,Birman,True
test,Birman_98,695,6,Birman,cat,0.8945,6,Birman,True
test,Birman_99,696,6,Birman,cat,0.7327,6,Birman,True
test,Birman_9,697,6,Birman,cat,0.9286,6,Birman,True
test,Bombay_200,698,7,Bombay,cat,0.7615,7,Bombay,True
test,Bombay_201,699,7,Bombay,cat,0.9813,7,Bombay,True
test,Bombay_202,700,7,Bombay,cat,0.8084,7,Bombay,True
test,Bombay_204,701,7,Bombay,cat,0.2913,30,scottish_terrier,False
test,Bombay_205,702,7,Bombay,cat,0.9949,7,Bombay,True
test,Bombay_208,703,7,Bombay,cat,0.8755,5,Bengal,False
test,Bombay_20,704,7,Bombay,cat,0.9177,7,Bombay,True
test,Bombay_213,705,7,Bombay,cat,0.905,7,Bombay,True
test,Bombay_214,706,7,Bombay,cat,0.9648,7,Bombay,True
test,Bombay_215,707,7,Bombay,cat,0.6389,7,Bombay,True
test,Bombay_21,708,7,Bombay,cat,0.9634,7,Bombay,True
test,Bombay_221,709,7,Bombay,cat,0.4393,7,Bombay,True
test,Bombay_23,710,7,Bombay,cat,0.4021,7,Bombay,True
test,Bombay_24,711,7,Bombay,cat,0.9913,7,Bombay,True
test,Bombay_25,712,7,Bombay,cat,0.9969,7,Bombay,True
test,Bombay_26,713,7,Bombay,cat,0.5967,7,Bombay,True
test,Bombay_27,714,7,Bombay,cat,0.5423,9,British_Shorthair,False
test,Bombay_29,715,7,Bombay,cat,0.4623,22,newfoundland,False
test,Bombay_2,716,7,Bombay,cat,0.9948,7,Bombay,True
test,Bombay_30,717,7,Bombay,cat,0.9486,7,Bombay,True
test,Bombay_31,718,7,Bombay,cat,0.9989,7,Bombay,True
test,Bombay_33,719,7,Bombay,cat,0.9731,7,Bombay,True
test,Bombay_34,720,7,Bombay,cat,0.9975,7,Bombay,True
test,Bombay_36,721,7,Bombay,cat,0.7624,7,Bombay,True
test,Bombay_37,722,7,Bombay,cat,0.9829,7,Bombay,True
test,Bombay_38,723,7,Bombay,cat,0.9725,7,Bombay,True
test,Bombay_39,724,7,Bombay,cat,0.4731,7,Bombay,True
test,Bombay_3,725,7,Bombay,cat,0.9962,7,Bombay,True
test,Bombay_40,726,7,Bombay,cat,0.4675,30,scottish_terrier,False
test,Bombay_41,727,7,Bombay,cat,0.9894,7,Bombay,True
test,Bombay_42,728,7,Bombay,cat,0.3324,7,Bombay,True
test,Bombay_43,729,7,Bombay,cat,0.858,7,Bombay,True
test,Bombay_45,730,7,Bombay,cat,0.9882,7,Bombay,True
test,Bombay_46,731,7,Bombay,cat,0.7959,30,scottish_terrier,False
test,Bombay_47,732,7,Bombay,cat,0.9123,7,Bombay,True
test,Bombay_48,733,7,Bombay,cat,0.5879,7,Bombay,True
test,Bombay_49,734,7,Bombay,cat,0.8813,7,Bombay,True
test,Bombay_4,735,7,Bombay,cat,0.9986,7,Bombay,True
test,Bombay_50,736,7,Bombay,cat,0.8435,7,Bombay,True
test,Bombay_52,737,7,Bombay,cat,0.9949,7,Bombay,True
test,Bombay_53,738,7,Bombay,cat,0.9832,7,Bombay,True
test,Bombay_54,739,7,Bombay,cat,0.9966,7,Bombay,True
test,Bombay_55,740,7,Bombay,cat,0.7478,7,Bombay,True
test,Bombay_56,741,7,Bombay,cat,0.961,7,Bombay,True
test,Bombay_57,742,7,Bombay,cat,0.9706,7,Bombay,True
test,Bombay_58,743,7,Bombay,cat,0.7355,7,Bombay,True
test,Bombay_59,744,7,Bombay,cat,0.993,7,Bombay,True
test,Bombay_5,745,7,Bombay,cat,0.9938,7,Bombay,True
test,Bombay_60,746,7,Bombay,cat,0.8411,7,Bombay,True
test,Bombay_61,747,7,Bombay,cat,0.97,7,Bombay,True
test,Bombay_62,748,7,Bombay,cat,0.9709,7,Bombay,True
test,Bombay_63,749,7,Bombay,cat,0.9941,7,Bombay,True
test,Bombay_64,750,7,Bombay,cat,0.9829,7,Bombay,True
test,Bombay_65,751,7,Bombay,cat,0.9737,7,Bombay,True
test,Bombay_66,752,7,Bombay,cat,0.9949,7,Bombay,True
test,Bombay_67,753,7,Bombay,cat,0.5306,30,scottish_terrier,False
test,Bombay_68,754,7,Bombay,cat,0.9632,7,Bombay,True
test,Bombay_6,755,7,Bombay,cat,0.5869,27,Russian_Blue,False
test,Bombay_70,756,7,Bombay,cat,0.7344,7,Bombay,True
test,Bombay_71,757,7,Bombay,cat,0.9953,7,Bombay,True
test,Bombay_72,758,7,Bombay,cat,0.99,7,Bombay,True
test,Bombay_73,759,7,Bombay,cat,0.736,7,Bombay,True
test,Bombay_74,760,7,Bombay,cat,0.9959,7,Bombay,True
test,Bombay_75,761,7,Bombay,cat,0.9986,7,Bombay,True
test,Bombay_76,762,7,Bombay,cat,0.982,7,Bombay,True
test,Bombay_77,763,7,Bombay,cat,0.9777,7,Bombay,True
test,Bombay_78,764,7,Bombay,cat,0.9749,7,Bombay,True
test,Bombay_79,765,7,Bombay,cat,0.99,7,Bombay,True
test,Bombay_7,766,7,Bombay,cat,0.9895,7,Bombay,True
test,Bombay_80,767,7,Bombay,cat,0.9936,7,Bombay,True
test,Bombay_81,768,7,Bombay,cat,0.8834,7,Bombay,True
test,Bombay_82,769,7,Bombay,cat,0.3899,7,Bombay,True
test,Bombay_83,770,7,Bombay,cat,0.961,7,Bombay,True
test,Bombay_84,771,7,Bombay,cat,0.9208,7,Bombay,True
test,Bombay_86,772,7,Bombay,cat,0.99,7,Bombay,True
test,Bombay_87,773,7,Bombay,cat,0.9736,7,Bombay,True
test,Bombay_88,774,7,Bombay,cat,0.9262,7,Bombay,True
test,Bombay_89,775,7,Bombay,cat,0.9476,7,Bombay,True
test,Bombay_8,776,7,Bombay,cat,0.8061,7,Bombay,True
test,Bombay_90,777,7,Bombay,cat,0.687,30,scottish_terrier,False
test,Bombay_91,778,7,Bombay,cat,0.8139,7,Bombay,True
test,Bombay_93,779,7,Bombay,cat,0.9689,7,Bombay,True
test,Bombay_94,780,7,Bombay,cat,0.504,7,Bombay,True
test,Bombay_95,781,7,Bombay,cat,0.9776,7,Bombay,True
test,Bombay_96,782,7,Bombay,cat,0.6094,7,Bombay,True
test,Bombay_97,783,7,Bombay,cat,0.9916,7,Bombay,True
test,Bombay_98,784,7,Bombay,cat,0.7201,7,Bombay,True
test,Bombay_9,785,7,Bombay,cat,0.947,7,Bombay,True
test,boxer_191,786,8,boxer,dog,0.9838,8,boxer,True
test,boxer_192,787,8,boxer,dog,0.9996,8,boxer,True
test,boxer_193,788,8,boxer,dog,0.9104,25,pug,False
test,boxer_194,789,8,boxer,dog,0.4662,8,boxer,True
test,boxer_195,790,8,boxer,dog,0.5779,8,boxer,True
test,boxer_196,791,8,boxer,dog,0.9996,8,boxer,True
test,boxer_197,792,8,boxer,dog,0.9976,8,boxer,True
test,boxer_198,793,8,boxer,dog,0.9888,1,american_bulldog,False
test,boxer_199,794,8,boxer,dog,0.9663,8,boxer,True
test,boxer_19,795,8,boxer,dog,0.9999,8,boxer,True
test,boxer_1,796,8,boxer,dog,0.9994,8,boxer,True
test,boxer_200,797,8,boxer,dog,0.9966,1,american_bulldog,False
test,boxer_20,798,8,boxer,dog,0.9949,8,boxer,True
test,boxer_21,799,8,boxer,dog,0.6172,8,boxer,True
test,boxer_22,800,8,boxer,dog,0.4096,8,boxer,True
test,boxer_23,801,8,boxer,dog,0.9256,8,boxer,True
test,boxer_24,802,8,boxer,dog,0.8288,8,boxer,True
test,boxer_25,803,8,boxer,dog,0.5226,34,staffordshire_bull_terrier,False
test,boxer_26,804,8,boxer,dog,0.9988,8,boxer,True
test,boxer_27,805,8,boxer,dog,0.9214,8,boxer,True
test,boxer_28,806,8,boxer,dog,0.9918,8,boxer,True
test,boxer_29,807,8,boxer,dog,0.9953,8,boxer,True
test,boxer_2,808,8,boxer,dog,0.9048,1,american_bulldog,False
test,boxer_30,809,8,boxer,dog,0.9933,8,boxer,True
test,boxer_31,810,8,boxer,dog,0.9997,8,boxer,True
test,boxer_32,811,8,boxer,dog,0.9956,8,boxer,True
test,boxer_33,812,8,boxer,dog,0.9158,8,boxer,True
test,boxer_34,813,8,boxer,dog,0.9996,8,boxer,True
test,boxer_35,814,8,boxer,dog,0.9586,8,boxer,True
test,boxer_36,815,8,boxer,dog,0.5834,34,staffordshire_bull_terrier,False
test,boxer_37,816,8,boxer,dog,0.7982,28,saint_bernard,False
test,boxer_38,817,8,boxer,dog,0.9983,8,boxer,True
test,boxer_39,818,8,boxer,dog,0.9994,8,boxer,True
test,boxer_3,819,8,boxer,dog,0.9906,8,boxer,True
test,boxer_40,820,8,boxer,dog,0.9988,8,boxer,True
test,boxer_41,821,8,boxer,dog,0.7035,28,saint_bernard,False
test,boxer_42,822,8,boxer,dog,0.9418,8,boxer,True
test,boxer_43,823,8,boxer,dog,0.9948,8,boxer,True
test,boxer_44,824,8,boxer,dog,0.9958,8,boxer,True
test,boxer_45,825,8,boxer,dog,0.9478,8,boxer,True
test,boxer_46,826,8,boxer,dog,0.9063,8,boxer,True
test,boxer_47,827,8,boxer,dog,0.8874,8,boxer,True
test,boxer_48,828,8,boxer,dog,0.9322,8,boxer,True
test,boxer_49,829,8,boxer,dog,0.7072,8,boxer,True
test,boxer_4,830,8,boxer,dog,0.6081,8,boxer,True
test,boxer_50,831,8,boxer,dog,0.9754,8,boxer,True
test,boxer_51,832,8,boxer,dog,0.9992,8,boxer,True
test,boxer_52,833,8,boxer,dog,0.9983,8,boxer,True
test,boxer_53,834,8,boxer,dog,0.9666,8,boxer,True
test,boxer_54,835,8,boxer,dog,0.87,8,boxer,True
test,boxer_55,836,8,boxer,dog,0.9193,8,boxer,True
test,boxer_56,837,8,boxer,dog,0.8564,8,boxer,True
test,boxer_57,838,8,boxer,dog,0.5534,8,boxer,True
test,boxer_58,839,8,boxer,dog,0.9993,8,boxer,True
test,boxer_59,840,8,boxer,dog,0.9319,1,american_bulldog,False
test,boxer_5,841,8,boxer,dog,0.9992,8,boxer,True
test,boxer_60,842,8,boxer,dog,0.9844,8,boxer,True
test,boxer_61,843,8,boxer,dog,0.9997,8,boxer,True
test,boxer_62,844,8,boxer,dog,0.4878,34,staffordshire_bull_terrier,False
test,boxer_63,845,8,boxer,dog,0.9991,8,boxer,True
test,boxer_64,846,8,boxer,dog,0.995,8,boxer,True
test,boxer_65,847,8,boxer,dog,0.7997,8,boxer,True
test,boxer_66,848,8,boxer,dog,0.9713,8,boxer,True
test,boxer_67,849,8,boxer,dog,0.897,8,boxer,True
test,boxer_68,850,8,boxer,dog,0.9995,8,boxer,True
test,boxer_69,851,8,boxer,dog,1.0,8,boxer,True
test,boxer_6,852,8,boxer,dog,0.7568,8,boxer,True
test,boxer_70,853,8,boxer,dog,0.9967,8,boxer,True
test,boxer_71,854,8,boxer,dog,0.8806,8,boxer,True
test,boxer_72,855,8,boxer,dog,0.973,8,boxer,True
test,boxer_73,856,8,boxer,dog,0.9985,8,boxer,True
test,boxer_74,857,8,boxer,dog,0.9912,8,boxer,True
test,boxer_75,858,8,boxer,dog,0.5256,8,boxer,True
test,boxer_76,859,8,boxer,dog,0.9709,8,boxer,True
test,boxer_77,860,8,boxer,dog,0.987,8,boxer,True
test,boxer_78,861,8,boxer,dog,0.9828,8,boxer,True
test,boxer_79,862,8,boxer,dog,0.9819,8,boxer,True
test,boxer_7,863,8,boxer,dog,0.9847,8,boxer,True
test,boxer_80,864,8,boxer,dog,0.9999,8,boxer,True
test,boxer_81,865,8,boxer,dog,0.9999,8,boxer,True
test,boxer_83,866,8,boxer,dog,0.9893,8,boxer,True
test,boxer_84,867,8,boxer,dog,0.9012,8,boxer,True
test,boxer_85,868,8,boxer,dog,0.467,10,chihuahua,False
test,boxer_86,869,8,boxer,dog,0.9996,8,boxer,True
test,boxer_87,870,8,boxer,dog,0.9899,8,boxer,True
test,boxer_88,871,8,boxer,dog,0.9992,8,boxer,True
test,boxer_89,872,8,boxer,dog,0.9998,8,boxer,True
test,boxer_8,873,8,boxer,dog,0.9589,8,boxer,True
test,boxer_90,874,8,boxer,dog,0.9238,8,boxer,True
test,boxer_91,875,8,boxer,dog,0.9879,8,boxer,True
test,boxer_92,876,8,boxer,dog,0.9999,8,boxer,True
test,boxer_93,877,8,boxer,dog,0.9987,8,boxer,True
test,boxer_94,878,8,boxer,dog,0.883,8,boxer,True
test,boxer_95,879,8,boxer,dog,0.5103,8,boxer,True
test,boxer_96,880,8,boxer,dog,0.858,8,boxer,True
test,boxer_97,881,8,boxer,dog,0.9966,8,boxer,True
test,boxer_98,882,8,boxer,dog,0.6326,34,staffordshire_bull_terrier,False
test,boxer_99,883,8,boxer,dog,0.999,8,boxer,True
test,boxer_9,884,8,boxer,dog,0.9001,8,boxer,True
test,British_Shorthair_212,885,9,British_Shorthair,cat,0.9994,9,British_Shorthair,True
test,British_Shorthair_213,886,9,British_Shorthair,cat,0.9995,9,British_Shorthair,True
test,British_Shorthair_218,887,9,British_Shorthair,cat,0.9984,9,British_Shorthair,True
test,British_Shorthair_21,888,9,British_Shorthair,cat,0.9866,26,Ragdoll,False
test,British_Shorthair_223,889,9,British_Shorthair,cat,0.4313,0,Abyssinian,False
test,British_Shorthair_22,890,9,British_Shorthair,cat,0.9928,9,British_Shorthair,True
test,British_Shorthair_230,891,9,British_Shorthair,cat,0.5474,0,Abyssinian,False
test,British_Shorthair_239,892,9,British_Shorthair,cat,0.8861,11,Egyptian_Mau,False
test,British_Shorthair_241,893,9,British_Shorthair,cat,0.4109,27,Russian_Blue,False
test,British_Shorthair_248,894,9,British_Shorthair,cat,0.5074,7,Bombay,False
test,British_Shorthair_258,895,9,British_Shorthair,cat,0.9041,7,Bombay,False
test,British_Shorthair_25,896,9,British_Shorthair,cat,0.9998,9,British_Shorthair,True
test,British_Shorthair_263,897,9,British_Shorthair,cat,0.8332,9,British_Shorthair,True
test,British_Shorthair_265,898,9,British_Shorthair,cat,0.304,27,Russian_Blue,False
test,British_Shorthair_266,899,9,British_Shorthair,cat,0.5981,9,British_Shorthair,True
test,British_Shorthair_267,900,9,British_Shorthair,cat,0.7585,9,British_Shorthair,True
test,British_Shorthair_268,901,9,British_Shorthair,cat,0.999,9,British_Shorthair,True
test,British_Shorthair_269,902,9,British_Shorthair,cat,0.6169,27,Russian_Blue,False
test,British_Shorthair_26,903,9,British_Shorthair,cat,0.9652,9,British_Shorthair,True
test,British_Shorthair_270,904,9,British_Shorthair,cat,0.9937,9,British_Shorthair,True
test,British_Shorthair_271,905,9,British_Shorthair,cat,0.9998,9,British_Shorthair,True
test,British_Shorthair_272,906,9,British_Shorthair,cat,0.9359,9,British_Shorthair,True
test,British_Shorthair_273,907,9,British_Shorthair,cat,0.9991,9,British_Shorthair,True
test,British_Shorthair_274,908,9,British_Shorthair,cat,0.6759,0,Abyssinian,False
test,British_Shorthair_275,909,9,British_Shorthair,cat,0.82,9,British_Shorthair,True
test,British_Shorthair_276,910,9,British_Shorthair,cat,0.7134,9,British_Shorthair,True
test,British_Shorthair_277,911,9,British_Shorthair,cat,0.9997,9,British_Shorthair,True
test,British_Shorthair_278,912,9,British_Shorthair,cat,0.9988,9,British_Shorthair,True
test,British_Shorthair_27,913,9,British_Shorthair,cat,0.96,9,British_Shorthair,True
test,British_Shorthair_28,914,9,British_Shorthair,cat,0.8121,9,British_Shorthair,True
test,British_Shorthair_29,915,9,British_Shorthair,cat,0.9999,9,British_Shorthair,True
test,British_Shorthair_2,916,9,British_Shorthair,cat,0.9972,9,British_Shorthair,True
test,British_Shorthair_30,917,9,British_Shorthair,cat,0.9895,9,British_Shorthair,True
test,British_Shorthair_31,918,9,British_Shorthair,cat,0.4915,27,Russian_Blue,False
test,British_Shorthair_32,919,9,British_Shorthair,cat,0.9073,9,British_Shorthair,True
test,British_Shorthair_33,920,9,British_Shorthair,cat,0.8957,9,British_Shorthair,True
test,British_Shorthair_34,921,9,British_Shorthair,cat,0.8367,27,Russian_Blue,False
test,British_Shorthair_36,922,9,British_Shorthair,cat,0.8409,9,British_Shorthair,True
test,British_Shorthair_37,923,9,British_Shorthair,cat,0.8634,9,British_Shorthair,True
test,British_Shorthair_38,924,9,British_Shorthair,cat,0.7381,27,Russian_Blue,False
test,British_Shorthair_39,925,9,British_Shorthair,cat,0.9641,9,British_Shorthair,True
test,British_Shorthair_3,926,9,British_Shorthair,cat,0.9721,9,British_Shorthair,True
test,British_Shorthair_40,927,9,British_Shorthair,cat,0.9937,9,British_Shorthair,True
test,British_Shorthair_41,928,9,British_Shorthair,cat,0.3468,0,Abyssinian,False
test,British_Shorthair_42,929,9,British_Shorthair,cat,0.6109,9,British_Shorthair,True
test,British_Shorthair_43,930,9,British_Shorthair,cat,0.9911,9,British_Shorthair,True
test,British_Shorthair_44,931,9,British_Shorthair,cat,0.9396,9,British_Shorthair,True
test,British_Shorthair_45,932,9,British_Shorthair,cat,0.999,9,British_Shorthair,True
test,British_Shorthair_46,933,9,British_Shorthair,cat,0.9017,9,British_Shorthair,True
test,British_Shorthair_47,934,9,British_Shorthair,cat,0.6634,26,Ragdoll,False
test,British_Shorthair_48,935,9,British_Shorthair,cat,0.7857,9,British_Shorthair,True
test,British_Shorthair_49,936,9,British_Shorthair,cat,0.9786,9,British_Shorthair,True
test,British_Shorthair_50,937,9,British_Shorthair,cat,0.7474,9,British_Shorthair,True
test,British_Shorthair_51,938,9,British_Shorthair,cat,0.9989,9,British_Shorthair,True
test,British_Shorthair_52,939,9,British_Shorthair,cat,0.9939,9,British_Shorthair,True
test,British_Shorthair_53,940,9,British_Shorthair,cat,0.8707,26,Ragdoll,False
test,British_Shorthair_54,941,9,British_Shorthair,cat,0.8258,26,Ragdoll,False
test,British_Shorthair_55,942,9,British_Shorthair,cat,0.9976,9,British_Shorthair,True
test,British_Shorthair_56,943,9,British_Shorthair,cat,0.9616,27,Russian_Blue,False
test,British_Shorthair_57,944,9,British_Shorthair,cat,0.9998,9,British_Shorthair,True
test,British_Shorthair_58,945,9,British_Shorthair,cat,0.9993,9,British_Shorthair,True
test,British_Shorthair_59,946,9,British_Shorthair,cat,0.9998,9,British_Shorthair,True
test,British_Shorthair_60,947,9,British_Shorthair,cat,1.0,9,British_Shorthair,True
test,British_Shorthair_61,948,9,British_Shorthair,cat,0.8536,27,Russian_Blue,False
test,British_Shorthair_62,949,9,British_Shorthair,cat,0.999,9,British_Shorthair,True
test,British_Shorthair_63,950,9,British_Shorthair,cat,0.9856,9,British_Shorthair,True
test,British_Shorthair_64,951,9,British_Shorthair,cat,0.6742,27,Russian_Blue,False
test,British_Shorthair_65,952,9,British_Shorthair,cat,0.7152,27,Russian_Blue,False
test,British_Shorthair_66,953,9,British_Shorthair,cat,0.969,9,British_Shorthair,True
test,British_Shorthair_67,954,9,British_Shorthair,cat,0.9999,9,British_Shorthair,True
test,British_Shorthair_68,955,9,British_Shorthair,cat,0.992,9,British_Shorthair,True
test,British_Shorthair_6,956,9,British_Shorthair,cat,0.9885,9,British_Shorthair,True
test,British_Shorthair_70,957,9,British_Shorthair,cat,0.9917,9,British_Shorthair,True
test,British_Shorthair_71,958,9,British_Shorthair,cat,0.9982,9,British_Shorthair,True
test,British_Shorthair_72,959,9,British_Shorthair,cat,0.9835,9,British_Shorthair,True
test,British_Shorthair_74,960,9,British_Shorthair,cat,0.3508,0,Abyssinian,False
test,British_Shorthair_75,961,9,British_Shorthair,cat,0.9923,9,British_Shorthair,True
test,British_Shorthair_77,962,9,British_Shorthair,cat,0.9693,27,Russian_Blue,False
test,British_Shorthair_78,963,9,British_Shorthair,cat,0.8561,0,Abyssinian,False
test,British_Shorthair_79,964,9,British_Shorthair,cat,0.7154,9,British_Shorthair,True
test,British_Shorthair_82,965,9,British_Shorthair,cat,0.7412,9,British_Shorthair,True
test,British_Shorthair_83,966,9,British_Shorthair,cat,0.9975,9,British_Shorthair,True
test,British_Shorthair_84,967,9,British_Shorthair,cat,0.995,9,British_Shorthair,True
test,British_Shorthair_85,968,9,British_Shorthair,cat,0.2858,32,Siamese,False
test,British_Shorthair_86,969,9,British_Shorthair,cat,0.9991,9,British_Shorthair,True
test,British_Shorthair_87,970,9,British_Shorthair,cat,0.3154,0,Abyssinian,False
test,British_Shorthair_88,971,9,British_Shorthair,cat,0.9975,9,British_Shorthair,True
test,British_Shorthair_89,972,9,British_Shorthair,cat,0.9994,9,British_Shorthair,True
test,British_Shorthair_8,973,9,British_Shorthair,cat,0.5585,7,Bombay,False
test,British_Shorthair_90,974,9,British_Shorthair,cat,0.9999,9,British_Shorthair,True
test,British_Shorthair_91,975,9,British_Shorthair,cat,0.8763,0,Abyssinian,False
test,British_Shorthair_92,976,9,British_Shorthair,cat,0.9881,27,Russian_Blue,False
test,British_Shorthair_93,977,9,British_Shorthair,cat,0.9535,9,British_Shorthair,True
test,British_Shorthair_94,978,9,British_Shorthair,cat,0.9998,9,British_Shorthair,True
test,British_Shorthair_95,979,9,British_Shorthair,cat,0.9996,9,British_Shorthair,True
test,British_Shorthair_96,980,9,British_Shorthair,cat,0.9735,9,British_Shorthair,True
test,British_Shorthair_97,981,9,British_Shorthair,cat,0.7567,9,British_Shorthair,True
test,British_Shorthair_98,982,9,British_Shorthair,cat,0.9557,9,British_Shorthair,True
test,British_Shorthair_99,983,9,British_Shorthair,cat,0.9544,9,British_Shorthair,True
test,British_Shorthair_9,984,9,British_Shorthair,cat,0.6289,0,Abyssinian,False
test,chihuahua_191,985,10,chihuahua,dog,0.9999,10,chihuahua,True
test,chihuahua_192,986,10,chihuahua,dog,0.9985,10,chihuahua,True
test,chihuahua_193,987,10,chihuahua,dog,0.968,10,chihuahua,True
test,chihuahua_194,988,10,chihuahua,dog,0.9989,10,chihuahua,True
test,chihuahua_195,989,10,chihuahua,dog,0.9999,10,chihuahua,True
test,chihuahua_196,990,10,chihuahua,dog,0.8955,24,pomeranian,False
test,chihuahua_197,991,10,chihuahua,dog,0.7635,10,chihuahua,True
test,chihuahua_198,992,10,chihuahua,dog,1.0,10,chihuahua,True
test,chihuahua_199,993,10,chihuahua,dog,1.0,10,chihuahua,True
test,chihuahua_19,994,10,chihuahua,dog,0.9999,10,chihuahua,True
test,chihuahua_1,995,10,chihuahua,dog,0.9459,10,chihuahua,True
test,chihuahua_200,996,10,chihuahua,dog,0.999,10,chihuahua,True
test,chihuahua_20,997,10,chihuahua,dog,1.0,10,chihuahua,True
test,chihuahua_21,998,10,chihuahua,dog,1.0,10,chihuahua,True
test,chihuahua_22,999,10,chihuahua,dog,0.9703,10,chihuahua,True
test,chihuahua_23,1000,10,chihuahua,dog,0.9986,10,chihuahua,True
test,chihuahua_24,1001,10,chihuahua,dog,0.5465,27,Russian_Blue,False
test,chihuahua_25,1002,10,chihuahua,dog,0.9999,10,chihuahua,True
test,chihuahua_26,1003,10,chihuahua,dog,0.997,10,chihuahua,True
test,chihuahua_27,1004,10,chihuahua,dog,1.0,10,chihuahua,True
test,chihuahua_28,1005,10,chihuahua,dog,0.489,10,chihuahua,True
test,chihuahua_29,1006,10,chihuahua,dog,0.9986,10,chihuahua,True
test,chihuahua_2,1007,10,chihuahua,dog,0.9756,31,shiba_inu,False
test,chihuahua_30,1008,10,chihuahua,dog,0.9995,10,chihuahua,True
test,chihuahua_31,1009,10,chihuahua,dog,0.9788,10,chihuahua,True
test,chihuahua_32,1010,10,chihuahua,dog,1.0,10,chihuahua,True
test,chihuahua_33,1011,10,chihuahua,dog,0.9999,10,chihuahua,True
test,chihuahua_34,1012,10,chihuahua,dog,0.9906,10,chihuahua,True
test,chihuahua_35,1013,10,chihuahua,dog,1.0,10,chihuahua,True
test,chihuahua_36,1014,10,chihuahua,dog,0.9997,10,chihuahua,True
test,chihuahua_37,1015,10,chihuahua,dog,0.9998,10,chihuahua,True
test,chihuahua_38,1016,10,chihuahua,dog,1.0,10,chihuahua,True
test,chihuahua_39,1017,10,chihuahua,dog,0.9996,10,chihuahua,True
test,chihuahua_3,1018,10,chihuahua,dog,0.883,10,chihuahua,True
test,chihuahua_40,1019,10,chihuahua,dog,0.9958,10,chihuahua,True
test,chihuahua_41,1020,10,chihuahua,dog,1.0,10,chihuahua,True
test,chihuahua_42,1021,10,chihuahua,dog,0.8889,10,chihuahua,True
test,chihuahua_43,1022,10,chihuahua,dog,0.9999,10,chihuahua,True
test,chihuahua_44,1023,10,chihuahua,dog,0.9994,10,chihuahua,True
test,chihuahua_45,1024,10,chihuahua,dog,0.9997,10,chihuahua,True
test,chihuahua_46,1025,10,chihuahua,dog,0.9989,10,chihuahua,True
test,chihuahua_47,1026,10,chihuahua,dog,1.0,10,chihuahua,True
test,chihuahua_48,1027,10,chihuahua,dog,0.9997,10,chihuahua,True
test,chihuahua_49,1028,10,chihuahua,dog,0.9999,10,chihuahua,True
test,chihuahua_4,1029,10,chihuahua,dog,0.9969,10,chihuahua,True
test,chihuahua_50,1030,10,chihuahua,dog,0.9998,10,chihuahua,True
test,chihuahua_51,1031,10,chihuahua,dog,0.993,10,chihuahua,True
test,chihuahua_52,1032,10,chihuahua,dog,0.9994,10,chihuahua,True
test,chihuahua_53,1033,10,chihuahua,dog,0.9994,10,chihuahua,True
test,chihuahua_54,1034,10,chihuahua,dog,0.9454,10,chihuahua,True
test,chihuahua_55,1035,10,chihuahua,dog,0.9493,10,chihuahua,True
test,chihuahua_56,1036,10,chihuahua,dog,0.9998,10,chihuahua,True
test,chihuahua_57,1037,10,chihuahua,dog,0.9991,10,chihuahua,True
test,chihuahua_58,1038,10,chihuahua,dog,0.6333,10,chihuahua,True
test,chihuahua_59,1039,10,chihuahua,dog,0.9997,10,chihuahua,True
test,chihuahua_5,1040,10,chihuahua,dog,0.9978,10,chihuahua,True
test,chihuahua_60,1041,10,chihuahua,dog,0.6566,10,chihuahua,True
test,chihuahua_61,1042,10,chihuahua,dog,0.9999,10,chihuahua,True
test,chihuahua_62,1043,10,chihuahua,dog,0.9998,10,chihuahua,True
test,chihuahua_63,1044,10,chihuahua,dog,0.9931,10,chihuahua,True
test,chihuahua_64,1045,10,chihuahua,dog,0.9999,10,chihuahua,True
test,chihuahua_65,1046,10,chihuahua,dog,0.9996,10,chihuahua,True
test,chihuahua_66,1047,10,chihuahua,dog,1.0,10,chihuahua,True
test,chihuahua_67,1048,10,chihuahua,dog,0.9999,10,chihuahua,True
test,chihuahua_68,1049,10,chihuahua,dog,1.0,10,chihuahua,True
test,chihuahua_69,1050,10,chihuahua,dog,1.0,10,chihuahua,True
test,chihuahua_6,1051,10,chihuahua,dog,0.5166,10,chihuahua,True
test,chihuahua_70,1052,10,chihuahua,dog,1.0,10,chihuahua,True
test,chihuahua_71,1053,10,chihuahua,dog,0.9996,10,chihuahua,True
test,chihuahua_72,1054,10,chihuahua,dog,0.9981,10,chihuahua,True
test,chihuahua_73,1055,10,chihuahua,dog,0.9994,10,chihuahua,True
test,chihuahua_74,1056,10,chihuahua,dog,0.9999,10,chihuahua,True
test,chihuahua_75,1057,10,chihuahua,dog,0.9997,10,chihuahua,True
test,chihuahua_76,1058,10,chihuahua,dog,0.9999,10,chihuahua,True
test,chihuahua_77,1059,10,chihuahua,dog,0.9996,10,chihuahua,True
test,chihuahua_78,1060,10,chihuahua,dog,0.9978,10,chihuahua,True
test,chihuahua_79,1061,10,chihuahua,dog,0.9998,10,chihuahua,True
test,chihuahua_7,1062,10,chihuahua,dog,0.9478,10,chihuahua,True
test,chihuahua_80,1063,10,chihuahua,dog,0.9999,10,chihuahua,True
test,chihuahua_81,1064,10,chihuahua,dog,0.9992,10,chihuahua,True
test,chihuahua_82,1065,10,chihuahua,dog,0.9993,10,chihuahua,True
test,chihuahua_83,1066,10,chihuahua,dog,0.9999,10,chihuahua,True
test,chihuahua_84,1067,10,chihuahua,dog,0.7726,10,chihuahua,True
test,chihuahua_85,1068,10,chihuahua,dog,0.6997,14,german_shorthaired,False
test,chihuahua_86,1069,10,chihuahua,dog,0.9967,10,chihuahua,True
test,chihuahua_87,1070,10,chihuahua,dog,0.9915,10,chihuahua,True
test,chihuahua_88,1071,10,chihuahua,dog,0.9986,10,chihuahua,True
test,chihuahua_89,1072,10,chihuahua,dog,0.886,10,chihuahua,True
test,chihuahua_8,1073,10,chihuahua,dog,0.9999,10,chihuahua,True
test,chihuahua_90,1074,10,chihuahua,dog,0.4483,31,shiba_inu,False
test,chihuahua_91,1075,10,chihuahua,dog,0.9679,10,chihuahua,True
test,chihuahua_92,1076,10,chihuahua,dog,1.0,10,chihuahua,True
test,chihuahua_93,1077,10,chihuahua,dog,0.9998,10,chihuahua,True
test,chihuahua_94,1078,10,chihuahua,dog,0.9996,10,chihuahua,True
test,chihuahua_95,1079,10,chihuahua,dog,0.9981,10,chihuahua,True
test,chihuahua_96,1080,10,chihuahua,dog,0.9991,10,chihuahua,True
test,chihuahua_97,1081,10,chihuahua,dog,1.0,10,chihuahua,True
test,chihuahua_98,1082,10,chihuahua,dog,0.996,10,chihuahua,True
test,chihuahua_99,1083,10,chihuahua,dog,1.0,10,chihuahua,True
test,chihuahua_9,1084,10,chihuahua,dog,1.0,10,chihuahua,True
test,Egyptian_Mau_198,1085,11,Egyptian_Mau,cat,0.9913,11,Egyptian_Mau,True
test,Egyptian_Mau_199,1086,11,Egyptian_Mau,cat,0.9956,11,Egyptian_Mau,True
test,Egyptian_Mau_19,1087,11,Egyptian_Mau,cat,0.9856,11,Egyptian_Mau,True
test,Egyptian_Mau_1,1088,11,Egyptian_Mau,cat,0.9973,11,Egyptian_Mau,True
test,Egyptian_Mau_201,1089,11,Egyptian_Mau,cat,0.7014,11,Egyptian_Mau,True
test,Egyptian_Mau_204,1090,11,Egyptian_Mau,cat,0.8881,11,Egyptian_Mau,True
test,Egyptian_Mau_207,1091,11,Egyptian_Mau,cat,0.8604,11,Egyptian_Mau,True
test,Egyptian_Mau_209,1092,11,Egyptian_Mau,cat,0.3473,0,Abyssinian,False
test,Egyptian_Mau_20,1093,11,Egyptian_Mau,cat,0.9985,11,Egyptian_Mau,True
test,Egyptian_Mau_210,1094,11,Egyptian_Mau,cat,0.6576,11,Egyptian_Mau,True
test,Egyptian_Mau_212,1095,11,Egyptian_Mau,cat,0.9025,11,Egyptian_Mau,True
test,Egyptian_Mau_213,1096,11,Egyptian_Mau,cat,0.5527,0,Abyssinian,False
test,Egyptian_Mau_214,1097,11,Egyptian_Mau,cat,0.9781,5,Bengal,False
test,Egyptian_Mau_215,1098,11,Egyptian_Mau,cat,0.756,11,Egyptian_Mau,True
test,Egyptian_Mau_218,1099,11,Egyptian_Mau,cat,0.9844,11,Egyptian_Mau,True
test,Egyptian_Mau_219,1100,11,Egyptian_Mau,cat,0.9827,11,Egyptian_Mau,True
test,Egyptian_Mau_21,1101,11,Egyptian_Mau,cat,0.9962,11,Egyptian_Mau,True
test,Egyptian_Mau_220,1102,11,Egyptian_Mau,cat,0.9918,11,Egyptian_Mau,True
test,Egyptian_Mau_221,1103,11,Egyptian_Mau,cat,0.9921,11,Egyptian_Mau,True
test,Egyptian_Mau_222,1104,11,Egyptian_Mau,cat,0.8038,11,Egyptian_Mau,True
test,Egyptian_Mau_223,1105,11,Egyptian_Mau,cat,0.9152,11,Egyptian_Mau,True
test,Egyptian_Mau_224,1106,11,Egyptian_Mau,cat,0.9988,11,Egyptian_Mau,True
test,Egyptian_Mau_22,1107,11,Egyptian_Mau,cat,0.9526,11,Egyptian_Mau,True
test,Egyptian_Mau_23,1108,11,Egyptian_Mau,cat,0.988,11,Egyptian_Mau,True
test,Egyptian_Mau_25,1109,11,Egyptian_Mau,cat,0.9943,11,Egyptian_Mau,True
test,Egyptian_Mau_26,1110,11,Egyptian_Mau,cat,0.9988,11,Egyptian_Mau,True
test,Egyptian_Mau_27,1111,11,Egyptian_Mau,cat,0.9979,11,Egyptian_Mau,True
test,Egyptian_Mau_28,1112,11,Egyptian_Mau,cat,0.3724,5,Bengal,False
test,Egyptian_Mau_29,1113,11,Egyptian_Mau,cat,0.9444,11,Egyptian_Mau,True
test,Egyptian_Mau_2,1114,11,Egyptian_Mau,cat,0.9902,11,Egyptian_Mau,True
test,Egyptian_Mau_30,1115,11,Egyptian_Mau,cat,0.9994,11,Egyptian_Mau,True
test,Egyptian_Mau_31,1116,11,Egyptian_Mau,cat,0.9997,11,Egyptian_Mau,True
test,Egyptian_Mau_33,1117,11,Egyptian_Mau,cat,0.9991,11,Egyptian_Mau,True
test,Egyptian_Mau_34,1118,11,Egyptian_Mau,cat,0.9735,11,Egyptian_Mau,True
test,Egyptian_Mau_35,1119,11,Egyptian_Mau,cat,0.6526,11,Egyptian_Mau,True
test,Egyptian_Mau_36,1120,11,Egyptian_Mau,cat,0.9964,11,Egyptian_Mau,True
test,Egyptian_Mau_39,1121,11,Egyptian_Mau,cat,0.986,11,Egyptian_Mau,True
test,Egyptian_Mau_3,1122,11,Egyptian_Mau,cat,0.9995,11,Egyptian_Mau,True
test,Egyptian_Mau_40,1123,11,Egyptian_Mau,cat,0.9721,11,Egyptian_Mau,True
test,Egyptian_Mau_42,1124,11,Egyptian_Mau,cat,0.9995,11,Egyptian_Mau,True
test,Egyptian_Mau_43,1125,11,Egyptian_Mau,cat,0.9992,11,Egyptian_Mau,True
test,Egyptian_Mau_44,1126,11,Egyptian_Mau,cat,0.9494,11,Egyptian_Mau,True
test,Egyptian_Mau_45,1127,11,Egyptian_Mau,cat,0.9833,11,Egyptian_Mau,True
test,Egyptian_Mau_46,1128,11,Egyptian_Mau,cat,0.9985,11,Egyptian_Mau,True
test,Egyptian_Mau_47,1129,11,Egyptian_Mau,cat,0.9362,11,Egyptian_Mau,True
test,Egyptian_Mau_48,1130,11,Egyptian_Mau,cat,0.9995,11,Egyptian_Mau,True
test,Egyptian_Mau_49,1131,11,Egyptian_Mau,cat,0.9832,11,Egyptian_Mau,True
test,Egyptian_Mau_4,1132,11,Egyptian_Mau,cat,0.9392,11,Egyptian_Mau,True
test,Egyptian_Mau_50,1133,11,Egyptian_Mau,cat,0.9979,11,Egyptian_Mau,True
test,Egyptian_Mau_51,1134,11,Egyptian_Mau,cat,0.6463,11,Egyptian_Mau,True
test,Egyptian_Mau_52,1135,11,Egyptian_Mau,cat,0.9874,11,Egyptian_Mau,True
test,Egyptian_Mau_53,1136,11,Egyptian_Mau,cat,0.9508,11,Egyptian_Mau,True
test,Egyptian_Mau_54,1137,11,Egyptian_Mau,cat,0.9775,11,Egyptian_Mau,True
test,Egyptian_Mau_56,1138,11,Egyptian_Mau,cat,0.9984,11,Egyptian_Mau,True
test,Egyptian_Mau_57,1139,11,Egyptian_Mau,cat,0.9761,11,Egyptian_Mau,True
test,Egyptian_Mau_58,1140,11,Egyptian_Mau,cat,0.9892,11,Egyptian_Mau,True
test,Egyptian_Mau_59,1141,11,Egyptian_Mau,cat,0.9743,11,Egyptian_Mau,True
test,Egyptian_Mau_5,1142,11,Egyptian_Mau,cat,0.9927,11,Egyptian_Mau,True
test,Egyptian_Mau_60,1143,11,Egyptian_Mau,cat,0.9999,11,Egyptian_Mau,True
test,Egyptian_Mau_61,1144,11,Egyptian_Mau,cat,0.9964,11,Egyptian_Mau,True
test,Egyptian_Mau_62,1145,11,Egyptian_Mau,cat,0.9961,11,Egyptian_Mau,True
test,Egyptian_Mau_63,1146,11,Egyptian_Mau,cat,0.9792,11,Egyptian_Mau,True
test,Egyptian_Mau_67,1147,11,Egyptian_Mau,cat,0.8717,27,Russian_Blue,False
test,Egyptian_Mau_68,1148,11,Egyptian_Mau,cat,0.9968,11,Egyptian_Mau,True
test,Egyptian_Mau_69,1149,11,Egyptian_Mau,cat,0.5933,11,Egyptian_Mau,True
test,Egyptian_Mau_6,1150,11,Egyptian_Mau,cat,0.9993,11,Egyptian_Mau,True
test,Egyptian_Mau_70,1151,11,Egyptian_Mau,cat,0.8337,11,Egyptian_Mau,True
test,Egyptian_Mau_73,1152,11,Egyptian_Mau,cat,0.9957,11,Egyptian_Mau,True
test,Egyptian_Mau_74,1153,11,Egyptian_Mau,cat,0.4142,11,Egyptian_Mau,True
test,Egyptian_Mau_75,1154,11,Egyptian_Mau,cat,0.986,11,Egyptian_Mau,True
test,Egyptian_Mau_76,1155,11,Egyptian_Mau,cat,0.9958,11,Egyptian_Mau,True
test,Egyptian_Mau_77,1156,11,Egyptian_Mau,cat,0.969,11,Egyptian_Mau,True
test,Egyptian_Mau_78,1157,11,Egyptian_Mau,cat,0.9996,11,Egyptian_Mau,True
test,Egyptian_Mau_79,1158,11,Egyptian_Mau,cat,0.9803,11,Egyptian_Mau,True
test,Egyptian_Mau_7,1159,11,Egyptian_Mau,cat,0.9979,11,Egyptian_Mau,True
test,Egyptian_Mau_80,1160,11,Egyptian_Mau,cat,0.8932,11,Egyptian_Mau,True
test,Egyptian_Mau_81,1161,11,Egyptian_Mau,cat,0.6419,11,Egyptian_Mau,True
test,Egyptian_Mau_82,1162,11,Egyptian_Mau,cat,0.9629,11,Egyptian_Mau,True
test,Egyptian_Mau_83,1163,11,Egyptian_Mau,cat,0.9842,11,Egyptian_Mau,True
test,Egyptian_Mau_84,1164,11,Egyptian_Mau,cat,0.8831,5,Bengal,False
test,Egyptian_Mau_85,1165,11,Egyptian_Mau,cat,0.7794,11,Egyptian_Mau,True
test,Egyptian_Mau_86,1166,11,Egyptian_Mau,cat,0.992,11,Egyptian_Mau,True
test,Egyptian_Mau_87,1167,11,Egyptian_Mau,cat,0.9969,11,Egyptian_Mau,True
test,Egyptian_Mau_88,1168,11,Egyptian_Mau,cat,0.9996,11,Egyptian_Mau,True
test,Egyptian_Mau_89,1169,11,Egyptian_Mau,cat,0.8707,11,Egyptian_Mau,True
test,Egyptian_Mau_8,1170,11,Egyptian_Mau,cat,0.9993,11,Egyptian_Mau,True
test,Egyptian_Mau_90,1171,11,Egyptian_Mau,cat,0.9992,11,Egyptian_Mau,True
test,Egyptian_Mau_91,1172,11,Egyptian_Mau,cat,0.9976,11,Egyptian_Mau,True
test,Egyptian_Mau_92,1173,11,Egyptian_Mau,cat,0.9988,11,Egyptian_Mau,True
test,Egyptian_Mau_93,1174,11,Egyptian_Mau,cat,0.9931,11,Egyptian_Mau,True
test,Egyptian_Mau_94,1175,11,Egyptian_Mau,cat,0.9971,11,Egyptian_Mau,True
test,Egyptian_Mau_95,1176,11,Egyptian_Mau,cat,0.9944,11,Egyptian_Mau,True
test,Egyptian_Mau_96,1177,11,Egyptian_Mau,cat,0.992,11,Egyptian_Mau,True
test,Egyptian_Mau_97,1178,11,Egyptian_Mau,cat,0.9993,11,Egyptian_Mau,True
test,Egyptian_Mau_98,1179,11,Egyptian_Mau,cat,0.9937,11,Egyptian_Mau,True
test,Egyptian_Mau_99,1180,11,Egyptian_Mau,cat,0.9905,11,Egyptian_Mau,True
test,Egyptian_Mau_9,1181,11,Egyptian_Mau,cat,0.9997,11,Egyptian_Mau,True
test,english_cocker_spaniel_191,1182,12,english_cocker_spaniel,dog,0.9997,12,english_cocker_spaniel,True
test,english_cocker_spaniel_192,1183,12,english_cocker_spaniel,dog,0.9957,12,english_cocker_spaniel,True
test,english_cocker_spaniel_193,1184,12,english_cocker_spaniel,dog,0.7542,12,english_cocker_spaniel,True
test,english_cocker_spaniel_194,1185,12,english_cocker_spaniel,dog,0.9969,16,havanese,False
test,english_cocker_spaniel_195,1186,12,english_cocker_spaniel,dog,0.9986,16,havanese,False
test,english_cocker_spaniel_196,1187,12,english_cocker_spaniel,dog,0.9989,12,english_cocker_spaniel,True
test,english_cocker_spaniel_197,1188,12,english_cocker_spaniel,dog,0.9948,12,english_cocker_spaniel,True
test,english_cocker_spaniel_198,1189,12,english_cocker_spaniel,dog,0.9927,12,english_cocker_spaniel,True
test,english_cocker_spaniel_199,1190,12,english_cocker_spaniel,dog,0.9995,12,english_cocker_spaniel,True
test,english_cocker_spaniel_19,1191,12,english_cocker_spaniel,dog,0.9977,12,english_cocker_spaniel,True
test,english_cocker_spaniel_1,1192,12,english_cocker_spaniel,dog,0.859,12,english_cocker_spaniel,True
test,english_cocker_spaniel_200,1193,12,english_cocker_spaniel,dog,0.9232,12,english_cocker_spaniel,True
test,english_cocker_spaniel_20,1194,12,english_cocker_spaniel,dog,0.9976,12,english_cocker_spaniel,True
test,english_cocker_spaniel_21,1195,12,english_cocker_spaniel,dog,0.9983,12,english_cocker_spaniel,True
test,english_cocker_spaniel_22,1196,12,english_cocker_spaniel,dog,0.9999,12,english_cocker_spaniel,True
test,english_cocker_spaniel_23,1197,12,english_cocker_spaniel,dog,0.9988,12,english_cocker_spaniel,True
test,english_cocker_spaniel_24,1198,12,english_cocker_spaniel,dog,0.8829,12,english_cocker_spaniel,True
test,english_cocker_spaniel_25,1199,12,english_cocker_spaniel,dog,0.474,12,english_cocker_spaniel,True
test,english_cocker_spaniel_26,1200,12,english_cocker_spaniel,dog,0.4794,12,english_cocker_spaniel,True
test,english_cocker_spaniel_27,1201,12,english_cocker_spaniel,dog,0.6032,12,english_cocker_spaniel,True
test,english_cocker_spaniel_28,1202,12,english_cocker_spaniel,dog,0.7153,13,english_setter,False
test,english_cocker_spaniel_29,1203,12,english_cocker_spaniel,dog,0.9972,12,english_cocker_spaniel,True
test,english_cocker_spaniel_2,1204,12,english_cocker_spaniel,dog,0.5831,22,newfoundland,False
test,english_cocker_spaniel_30,1205,12,english_cocker_spaniel,dog,0.8389,12,english_cocker_spaniel,True
test,english_cocker_spaniel_31,1206,12,english_cocker_spaniel,dog,0.6819,12,english_cocker_spaniel,True
test,english_cocker_spaniel_32,1207,12,english_cocker_spaniel,dog,0.9831,12,english_cocker_spaniel,True
test,english_cocker_spaniel_33,1208,12,english_cocker_spaniel,dog,0.9496,12,english_cocker_spaniel,True
test,english_cocker_spaniel_34,1209,12,english_cocker_spaniel,dog,0.887,12,english_cocker_spaniel,True
test,english_cocker_spaniel_35,1210,12,english_cocker_spaniel,dog,0.5549,12,english_cocker_spaniel,True
test,english_cocker_spaniel_36,1211,12,english_cocker_spaniel,dog,0.9764,12,english_cocker_spaniel,True
test,english_cocker_spaniel_37,1212,12,english_cocker_spaniel,dog,0.9405,12,english_cocker_spaniel,True
test,english_cocker_spaniel_38,1213,12,english_cocker_spaniel,dog,0.9701,12,english_cocker_spaniel,True
test,english_cocker_spaniel_39,1214,12,english_cocker_spaniel,dog,0.8358,12,english_cocker_spaniel,True
test,english_cocker_spaniel_3,1215,12,english_cocker_spaniel,dog,0.9993,12,english_cocker_spaniel,True
test,english_cocker_spaniel_40,1216,12,english_cocker_spaniel,dog,0.9421,12,english_cocker_spaniel,True
test,english_cocker_spaniel_41,1217,12,english_cocker_spaniel,dog,0.9608,12,english_cocker_spaniel,True
test,english_cocker_spaniel_42,1218,12,english_cocker_spaniel,dog,0.9093,12,english_cocker_spaniel,True
test,english_cocker_spaniel_43,1219,12,english_cocker_spaniel,dog,0.999,12,english_cocker_spaniel,True
test,english_cocker_spaniel_44,1220,12,english_cocker_spaniel,dog,0.6604,12,english_cocker_spaniel,True
test,english_cocker_spaniel_45,1221,12,english_cocker_spaniel,dog,0.9796,12,english_cocker_spaniel,True
test,english_cocker_spaniel_46,1222,12,english_cocker_spaniel,dog,0.994,12,english_cocker_spaniel,True
test,english_cocker_spaniel_47,1223,12,english_cocker_spaniel,dog,0.4921,16,havanese,False
test,english_cocker_spaniel_48,1224,12,english_cocker_spaniel,dog,0.5773,22,newfoundland,False
test,english_cocker_spaniel_49,1225,12,english_cocker_spaniel,dog,0.9953,12,english_cocker_spaniel,True
test,english_cocker_spaniel_4,1226,12,english_cocker_spaniel,dog,0.9178,12,english_cocker_spaniel,True
test,english_cocker_spaniel_50,1227,12,english_cocker_spaniel,dog,0.9967,12,english_cocker_spaniel,True
test,english_cocker_spaniel_51,1228,12,english_cocker_spaniel,dog,0.7889,12,english_cocker_spaniel,True
test,english_cocker_spaniel_52,1229,12,english_cocker_spaniel,dog,0.8043,13,english_setter,False
test,english_cocker_spaniel_53,1230,12,english_cocker_spaniel,dog,0.4746,12,english_cocker_spaniel,True
test,english_cocker_spaniel_54,1231,12,english_cocker_spaniel,dog,0.9909,12,english_cocker_spaniel,True
test,english_cocker_spaniel_55,1232,12,english_cocker_spaniel,dog,0.9963,12,english_cocker_spaniel,True
test,english_cocker_spaniel_56,1233,12,english_cocker_spaniel,dog,0.974,12,english_cocker_spaniel,True
test,english_cocker_spaniel_57,1234,12,english_cocker_spaniel,dog,0.6043,12,english_cocker_spaniel,True
test,english_cocker_spaniel_58,1235,12,english_cocker_spaniel,dog,0.9647,12,english_cocker_spaniel,True
test,english_cocker_spaniel_59,1236,12,english_cocker_spaniel,dog,0.9693,12,english_cocker_spaniel,True
test,english_cocker_spaniel_5,1237,12,english_cocker_spaniel,dog,0.9972,12,english_cocker_spaniel,True
test,english_cocker_spaniel_60,1238,12,english_cocker_spaniel,dog,0.9867,12,english_cocker_spaniel,True
test,english_cocker_spaniel_61,1239,12,english_cocker_spaniel,dog,0.9872,12,english_cocker_spaniel,True
test,english_cocker_spaniel_62,1240,12,english_cocker_spaniel,dog,0.999,12,english_cocker_spaniel,True
test,english_cocker_spaniel_63,1241,12,english_cocker_spaniel,dog,0.6886,12,english_cocker_spaniel,True
test,english_cocker_spaniel_64,1242,12,english_cocker_spaniel,dog,0.9913,12,english_cocker_spaniel,True
test,english_cocker_spaniel_65,1243,12,english_cocker_spaniel,dog,0.9367,12,english_cocker_spaniel,True
test,english_cocker_spaniel_66,1244,12,english_cocker_spaniel,dog,0.9966,12,english_cocker_spaniel,True
test,english_cocker_spaniel_67,1245,12,english_cocker_spaniel,dog,0.9977,12,english_cocker_spaniel,True
test,english_cocker_spaniel_68,1246,12,english_cocker_spaniel,dog,0.7758,12,english_cocker_spaniel,True
test,english_cocker_spaniel_69,1247,12,english_cocker_spaniel,dog,0.9999,12,english_cocker_spaniel,True
test,english_cocker_spaniel_6,1248,12,english_cocker_spaniel,dog,0.9991,12,english_cocker_spaniel,True
test,english_cocker_spaniel_70,1249,12,english_cocker_spaniel,dog,0.9995,12,english_cocker_spaniel,True
test,english_cocker_spaniel_71,1250,12,english_cocker_spaniel,dog,0.9997,12,english_cocker_spaniel,True
test,english_cocker_spaniel_72,1251,12,english_cocker_spaniel,dog,0.9853,12,english_cocker_spaniel,True
test,english_cocker_spaniel_73,1252,12,english_cocker_spaniel,dog,0.9889,12,english_cocker_spaniel,True
test,english_cocker_spaniel_74,1253,12,english_cocker_spaniel,dog,0.988,12,english_cocker_spaniel,True
test,english_cocker_spaniel_75,1254,12,english_cocker_spaniel,dog,0.9981,12,english_cocker_spaniel,True
test,english_cocker_spaniel_76,1255,12,english_cocker_spaniel,dog,0.9695,12,english_cocker_spaniel,True
test,english_cocker_spaniel_77,1256,12,english_cocker_spaniel,dog,0.9962,12,english_cocker_spaniel,True
test,english_cocker_spaniel_78,1257,12,english_cocker_spaniel,dog,0.984,12,english_cocker_spaniel,True
test,english_cocker_spaniel_79,1258,12,english_cocker_spaniel,dog,0.9972,12,english_cocker_spaniel,True
test,english_cocker_spaniel_7,1259,12,english_cocker_spaniel,dog,0.9995,12,english_cocker_spaniel,True
test,english_cocker_spaniel_80,1260,12,english_cocker_spaniel,dog,0.9817,12,english_cocker_spaniel,True
test,english_cocker_spaniel_81,1261,12,english_cocker_spaniel,dog,0.9997,12,english_cocker_spaniel,True
test,english_cocker_spaniel_82,1262,12,english_cocker_spaniel,dog,1.0,12,english_cocker_spaniel,True
test,english_cocker_spaniel_83,1263,12,english_cocker_spaniel,dog,0.6693,13,english_setter,False
test,english_cocker_spaniel_84,1264,12,english_cocker_spaniel,dog,0.9992,12,english_cocker_spaniel,True
test,english_cocker_spaniel_85,1265,12,english_cocker_spaniel,dog,0.9981,12,english_cocker_spaniel,True
test,english_cocker_spaniel_86,1266,12,english_cocker_spaniel,dog,0.9865,12,english_cocker_spaniel,True
test,english_cocker_spaniel_87,1267,12,english_cocker_spaniel,dog,0.9993,12,english_cocker_spaniel,True
test,english_cocker_spaniel_88,1268,12,english_cocker_spaniel,dog,0.9799,12,english_cocker_spaniel,True
test,english_cocker_spaniel_89,1269,12,english_cocker_spaniel,dog,0.9667,12,english_cocker_spaniel,True
test,english_cocker_spaniel_8,1270,12,english_cocker_spaniel,dog,0.5029,13,english_setter,False
test,english_cocker_spaniel_90,1271,12,english_cocker_spaniel,dog,0.9983,12,english_cocker_spaniel,True
test,english_cocker_spaniel_91,1272,12,english_cocker_spaniel,dog,0.9946,12,english_cocker_spaniel,True
test,english_cocker_spaniel_92,1273,12,english_cocker_spaniel,dog,0.9887,12,english_cocker_spaniel,True
test,english_cocker_spaniel_93,1274,12,english_cocker_spaniel,dog,0.6745,12,english_cocker_spaniel,True
test,english_cocker_spaniel_94,1275,12,english_cocker_spaniel,dog,0.9995,12,english_cocker_spaniel,True
test,english_cocker_spaniel_95,1276,12,english_cocker_spaniel,dog,1.0,12,english_cocker_spaniel,True
test,english_cocker_spaniel_96,1277,12,english_cocker_spaniel,dog,0.9962,12,english_cocker_spaniel,True
test,english_cocker_spaniel_97,1278,12,english_cocker_spaniel,dog,0.9807,12,english_cocker_spaniel,True
test,english_cocker_spaniel_98,1279,12,english_cocker_spaniel,dog,0.9999,12,english_cocker_spaniel,True
test,english_cocker_spaniel_99,1280,12,english_cocker_spaniel,dog,0.9511,12,english_cocker_spaniel,True
test,english_cocker_spaniel_9,1281,12,english_cocker_spaniel,dog,0.9921,12,english_cocker_spaniel,True
test,english_setter_191,1282,13,english_setter,dog,0.9959,13,english_setter,True
test,english_setter_192,1283,13,english_setter,dog,0.9959,13,english_setter,True
test,english_setter_193,1284,13,english_setter,dog,0.8635,13,english_setter,True
test,english_setter_194,1285,13,english_setter,dog,0.9807,28,saint_bernard,False
test,english_setter_195,1286,13,english_setter,dog,0.4805,28,saint_bernard,False
test,english_setter_196,1287,13,english_setter,dog,0.5952,28,saint_bernard,False
test,english_setter_197,1288,13,english_setter,dog,0.9775,13,english_setter,True
test,english_setter_198,1289,13,english_setter,dog,0.9953,13,english_setter,True
test,english_setter_199,1290,13,english_setter,dog,0.944,13,english_setter,True
test,english_setter_19,1291,13,english_setter,dog,0.9509,13,english_setter,True
test,english_setter_1,1292,13,english_setter,dog,0.7517,13,english_setter,True
test,english_setter_200,1293,13,english_setter,dog,0.9987,13,english_setter,True
test,english_setter_20,1294,13,english_setter,dog,0.9586,28,saint_bernard,False
test,english_setter_21,1295,13,english_setter,dog,0.9863,13,english_setter,True
test,english_setter_22,1296,13,english_setter,dog,0.5502,35,wheaten_terrier,False
test,english_setter_23,1297,13,english_setter,dog,0.9997,13,english_setter,True
test,english_setter_24,1298,13,english_setter,dog,0.6887,13,english_setter,True
test,english_setter_25,1299,13,english_setter,dog,0.9952,13,english_setter,True
test,english_setter_26,1300,13,english_setter,dog,0.8614,13,english_setter,True
test,english_setter_27,1301,13,english_setter,dog,0.9752,13,english_setter,True
test,english_setter_28,1302,13,english_setter,dog,0.8791,13,english_setter,True
test,english_setter_29,1303,13,english_setter,dog,0.9999,13,english_setter,True
test,english_setter_2,1304,13,english_setter,dog,0.4669,13,english_setter,True
test,english_setter_30,1305,13,english_setter,dog,0.9675,13,english_setter,True
test,english_setter_31,1306,13,english_setter,dog,0.9788,13,english_setter,True
test,english_setter_32,1307,13,english_setter,dog,0.9969,13,english_setter,True
test,english_setter_33,1308,13,english_setter,dog,0.7675,28,saint_bernard,False
test,english_setter_34,1309,13,english_setter,dog,0.9857,13,english_setter,True
test,english_setter_35,1310,13,english_setter,dog,0.3474,1,american_bulldog,False
test,english_setter_36,1311,13,english_setter,dog,0.9422,13,english_setter,True
test,english_setter_37,1312,13,english_setter,dog,0.6442,13,english_setter,True
test,english_setter_38,1313,13,english_setter,dog,0.3734,28,saint_bernard,False
test,english_setter_39,1314,13,english_setter,dog,0.36,19,leonberger,False
test,english_setter_3,1315,13,english_setter,dog,0.8703,13,english_setter,True
test,english_setter_40,1316,13,english_setter,dog,0.6745,13,english_setter,True
test,english_setter_41,1317,13,english_setter,dog,0.9181,13,english_setter,True
test,english_setter_42,1318,13,english_setter,dog,0.998,13,english_setter,True
test,english_setter_43,1319,13,english_setter,dog,0.9625,13,english_setter,True
test,english_setter_44,1320,13,english_setter,dog,0.9941,13,english_setter,True
test,english_setter_45,1321,13,english_setter,dog,0.9057,13,english_setter,True
test,english_setter_46,1322,13,english_setter,dog,0.9954,13,english_setter,True
test,english_setter_47,1323,13,english_setter,dog,0.962,13,english_setter,True
test,english_setter_48,1324,13,english_setter,dog,0.9685,13,english_setter,True
test,english_setter_49,1325,13,english_setter,dog,0.8495,13,english_setter,True
test,english_setter_4,1326,13,english_setter,dog,0.6079,13,english_setter,True
test,english_setter_50,1327,13,english_setter,dog,0.9957,13,english_setter,True
test,english_setter_51,1328,13,english_setter,dog,0.831,13,english_setter,True
test,english_setter_52,1329,13,english_setter,dog,0.3594,13,english_setter,True
test,english_setter_53,1330,13,english_setter,dog,0.3798,18,keeshond,False
test,english_setter_54,1331,13,english_setter,dog,0.9996,13,english_setter,True
test,english_setter_55,1332,13,english_setter,dog,0.7486,13,english_setter,True
test,english_setter_56,1333,13,english_setter,dog,0.9998,13,english_setter,True
test,english_setter_57,1334,13,english_setter,dog,0.983,13,english_setter,True
test,english_setter_58,1335,13,english_setter,dog,0.9993,13,english_setter,True
test,english_setter_59,1336,13,english_setter,dog,0.9917,13,english_setter,True
test,english_setter_5,1337,13,english_setter,dog,0.9586,12,english_cocker_spaniel,False
test,english_setter_60,1338,13,english_setter,dog,0.7997,12,english_cocker_spaniel,False
test,english_setter_61,1339,13,english_setter,dog,0.274,11,Egyptian_Mau,False
test,english_setter_62,1340,13,english_setter,dog,0.9952,13,english_setter,True
test,english_setter_63,1341,13,english_setter,dog,0.8505,13,english_setter,True
test,english_setter_64,1342,13,english_setter,dog,0.9065,13,english_setter,True
test,english_setter_65,1343,13,english_setter,dog,0.4376,13,english_setter,True
test,english_setter_66,1344,13,english_setter,dog,1.0,13,english_setter,True
test,english_setter_67,1345,13,english_setter,dog,0.7298,13,english_setter,True
test,english_setter_68,1346,13,english_setter,dog,0.9753,13,english_setter,True
test,english_setter_69,1347,13,english_setter,dog,0.9977,13,english_setter,True
test,english_setter_6,1348,13,english_setter,dog,0.8642,13,english_setter,True
test,english_setter_70,1349,13,english_setter,dog,0.6863,28,saint_bernard,False
test,english_setter_71,1350,13,english_setter,dog,0.9606,13,english_setter,True
test,english_setter_72,1351,13,english_setter,dog,0.5949,12,english_cocker_spaniel,False
test,english_setter_73,1352,13,english_setter,dog,0.8716,13,english_setter,True
test,english_setter_74,1353,13,english_setter,dog,0.9033,13,english_setter,True
test,english_setter_75,1354,13,english_setter,dog,0.7037,13,english_setter,True
test,english_setter_76,1355,13,english_setter,dog,0.9575,13,english_setter,True
test,english_setter_77,1356,13,english_setter,dog,0.9558,13,english_setter,True
test,english_setter_78,1357,13,english_setter,dog,0.9795,13,english_setter,True
test,english_setter_79,1358,13,english_setter,dog,0.9891,13,english_setter,True
test,english_setter_7,1359,13,english_setter,dog,0.9069,13,english_setter,True
test,english_setter_80,1360,13,english_setter,dog,0.522,12,english_cocker_spaniel,False
test,english_setter_81,1361,13,english_setter,dog,0.9678,13,english_setter,True
test,english_setter_82,1362,13,english_setter,dog,0.7408,13,english_setter,True
test,english_setter_83,1363,13,english_setter,dog,0.9367,13,english_setter,True
test,english_setter_84,1364,13,english_setter,dog,0.9986,13,english_setter,True
test,english_setter_85,1365,13,english_setter,dog,0.6186,13,english_setter,True
test,english_setter_86,1366,13,english_setter,dog,0.9759,13,english_setter,True
test,english_setter_87,1367,13,english_setter,dog,0.4593,13,english_setter,True
test,english_setter_88,1368,13,english_setter,dog,0.8477,13,english_setter,True
test,english_setter_89,1369,13,english_setter,dog,0.9997,13,english_setter,True
test,english_setter_8,1370,13,english_setter,dog,0.4697,4,beagle,False
test,english_setter_90,1371,13,english_setter,dog,0.9599,13,english_setter,True
test,english_setter_91,1372,13,english_setter,dog,0.3535,13,english_setter,True
test,english_setter_92,1373,13,english_setter,dog,0.7794,13,english_setter,True
test,english_setter_93,1374,13,english_setter,dog,0.9247,13,english_setter,True
test,english_setter_94,1375,13,english_setter,dog,0.9317,13,english_setter,True
test,english_setter_95,1376,13,english_setter,dog,0.8876,13,english_setter,True
test,english_setter_96,1377,13,english_setter,dog,0.9944,13,english_setter,True
test,english_setter_97,1378,13,english_setter,dog,0.336,35,wheaten_terrier,False
test,english_setter_98,1379,13,english_setter,dog,0.9958,13,english_setter,True
test,english_setter_99,1380,13,english_setter,dog,0.4225,12,english_cocker_spaniel,False
test,english_setter_9,1381,13,english_setter,dog,0.9324,13,english_setter,True
test,german_shorthaired_191,1382,14,german_shorthaired,dog,0.907,14,german_shorthaired,True
test,german_shorthaired_192,1383,14,german_shorthaired,dog,0.5688,3,basset_hound,False
test,german_shorthaired_193,1384,14,german_shorthaired,dog,0.991,14,german_shorthaired,True
test,german_shorthaired_194,1385,14,german_shorthaired,dog,0.9791,14,german_shorthaired,True
test,german_shorthaired_195,1386,14,german_shorthaired,dog,0.9926,14,german_shorthaired,True
test,german_shorthaired_196,1387,14,german_shorthaired,dog,0.9791,14,german_shorthaired,True
test,german_shorthaired_197,1388,14,german_shorthaired,dog,0.9985,14,german_shorthaired,True
test,german_shorthaired_198,1389,14,german_shorthaired,dog,0.9989,14,german_shorthaired,True
test,german_shorthaired_199,1390,14,german_shorthaired,dog,0.94,14,german_shorthaired,True
test,german_shorthaired_19,1391,14,german_shorthaired,dog,0.9988,14,german_shorthaired,True
test,german_shorthaired_1,1392,14,german_shorthaired,dog,0.9987,14,german_shorthaired,True
test,german_shorthaired_200,1393,14,german_shorthaired,dog,0.9955,14,german_shorthaired,True
test,german_shorthaired_20,1394,14,german_shorthaired,dog,0.9993,14,german_shorthaired,True
test,german_shorthaired_21,1395,14,german_shorthaired,dog,0.9995,14,german_shorthaired,True
test,german_shorthaired_22,1396,14,german_shorthaired,dog,0.9997,14,german_shorthaired,True
test,german_shorthaired_23,1397,14,german_shorthaired,dog,0.9999,14,german_shorthaired,True
test,german_shorthaired_24,1398,14,german_shorthaired,dog,0.9955,14,german_shorthaired,True
test,german_shorthaired_25,1399,14,german_shorthaired,dog,0.9998,14,german_shorthaired,True
test,german_shorthaired_26,1400,14,german_shorthaired,dog,0.8047,14,german_shorthaired,True
test,german_shorthaired_27,1401,14,german_shorthaired,dog,0.9783,14,german_shorthaired,True
test,german_shorthaired_28,1402,14,german_shorthaired,dog,0.9996,14,german_shorthaired,True
test,german_shorthaired_29,1403,14,german_shorthaired,dog,0.9996,14,german_shorthaired,True
test,german_shorthaired_2,1404,14,german_shorthaired,dog,0.6358,14,german_shorthaired,True
test,german_shorthaired_30,1405,14,german_shorthaired,dog,0.9994,14,german_shorthaired,True
test,german_shorthaired_31,1406,14,german_shorthaired,dog,0.9731,14,german_shorthaired,True
test,german_shorthaired_32,1407,14,german_shorthaired,dog,0.9995,14,german_shorthaired,True
test,german_shorthaired_33,1408,14,german_shorthaired,dog,0.9998,14,german_shorthaired,True
test,german_shorthaired_34,1409,14,german_shorthaired,dog,0.9979,14,german_shorthaired,True
test,german_shorthaired_35,1410,14,german_shorthaired,dog,0.9996,14,german_shorthaired,True
test,german_shorthaired_36,1411,14,german_shorthaired,dog,1.0,14,german_shorthaired,True
test,german_shorthaired_37,1412,14,german_shorthaired,dog,0.9975,14,german_shorthaired,True
test,german_shorthaired_38,1413,14,german_shorthaired,dog,0.9998,14,german_shorthaired,True
test,german_shorthaired_39,1414,14,german_shorthaired,dog,0.9784,14,german_shorthaired,True
test,german_shorthaired_3,1415,14,german_shorthaired,dog,0.8834,14,german_shorthaired,True
test,german_shorthaired_40,1416,14,german_shorthaired,dog,0.3334,10,chihuahua,False
test,german_shorthaired_41,1417,14,german_shorthaired,dog,0.9954,14,german_shorthaired,True
test,german_shorthaired_42,1418,14,german_shorthaired,dog,0.9999,14,german_shorthaired,True
test,german_shorthaired_43,1419,14,german_shorthaired,dog,0.9997,14,german_shorthaired,True
test,german_shorthaired_44,1420,14,german_shorthaired,dog,0.9996,14,german_shorthaired,True
test,german_shorthaired_45,1421,14,german_shorthaired,dog,0.9999,14,german_shorthaired,True
test,german_shorthaired_46,1422,14,german_shorthaired,dog,0.7852,14,german_shorthaired,True
test,german_shorthaired_47,1423,14,german_shorthaired,dog,0.9999,14,german_shorthaired,True
test,german_shorthaired_48,1424,14,german_shorthaired,dog,0.8949,14,german_shorthaired,True
test,german_shorthaired_49,1425,14,german_shorthaired,dog,0.9995,14,german_shorthaired,True
test,german_shorthaired_4,1426,14,german_shorthaired,dog,0.6364,14,german_shorthaired,True
test,german_shorthaired_50,1427,14,german_shorthaired,dog,0.9997,14,german_shorthaired,True
test,german_shorthaired_51,1428,14,german_shorthaired,dog,0.9993,14,german_shorthaired,True
test,german_shorthaired_52,1429,14,german_shorthaired,dog,0.9984,14,german_shorthaired,True
test,german_shorthaired_53,1430,14,german_shorthaired,dog,0.9997,14,german_shorthaired,True
test,german_shorthaired_54,1431,14,german_shorthaired,dog,0.9985,14,german_shorthaired,True
test,german_shorthaired_55,1432,14,german_shorthaired,dog,0.9869,14,german_shorthaired,True
test,german_shorthaired_56,1433,14,german_shorthaired,dog,0.9988,14,german_shorthaired,True
test,german_shorthaired_57,1434,14,german_shorthaired,dog,0.9999,14,german_shorthaired,True
test,german_shorthaired_58,1435,14,german_shorthaired,dog,0.9976,14,german_shorthaired,True
test,german_shorthaired_59,1436,14,german_shorthaired,dog,0.9995,14,german_shorthaired,True
test,german_shorthaired_5,1437,14,german_shorthaired,dog,0.8696,8,boxer,False
test,german_shorthaired_60,1438,14,german_shorthaired,dog,0.9984,14,german_shorthaired,True
test,german_shorthaired_61,1439,14,german_shorthaired,dog,0.9994,14,german_shorthaired,True
test,german_shorthaired_62,1440,14,german_shorthaired,dog,0.9996,14,german_shorthaired,True
test,german_shorthaired_63,1441,14,german_shorthaired,dog,0.9479,14,german_shorthaired,True
test,german_shorthaired_64,1442,14,german_shorthaired,dog,0.9995,14,german_shorthaired,True
test,german_shorthaired_65,1443,14,german_shorthaired,dog,0.9988,14,german_shorthaired,True
test,german_shorthaired_66,1444,14,german_shorthaired,dog,1.0,14,german_shorthaired,True
test,german_shorthaired_67,1445,14,german_shorthaired,dog,0.9998,14,german_shorthaired,True
test,german_shorthaired_68,1446,14,german_shorthaired,dog,0.9992,14,german_shorthaired,True
test,german_shorthaired_69,1447,14,german_shorthaired,dog,0.9997,14,german_shorthaired,True
test,german_shorthaired_6,1448,14,german_shorthaired,dog,0.9991,14,german_shorthaired,True
test,german_shorthaired_70,1449,14,german_shorthaired,dog,0.9956,14,german_shorthaired,True
test,german_shorthaired_71,1450,14,german_shorthaired,dog,0.9718,14,german_shorthaired,True
test,german_shorthaired_72,1451,14,german_shorthaired,dog,0.9893,14,german_shorthaired,True
test,german_shorthaired_73,1452,14,german_shorthaired,dog,0.9645,14,german_shorthaired,True
test,german_shorthaired_74,1453,14,german_shorthaired,dog,0.7869,14,german_shorthaired,True
test,german_shorthaired_75,1454,14,german_shorthaired,dog,0.9584,14,german_shorthaired,True
test,german_shorthaired_76,1455,14,german_shorthaired,dog,0.9999,14,german_shorthaired,True
test,german_shorthaired_77,1456,14,german_shorthaired,dog,0.9976,14,german_shorthaired,True
test,german_shorthaired_78,1457,14,german_shorthaired,dog,1.0,14,german_shorthaired,True
test,german_shorthaired_79,1458,14,german_shorthaired,dog,0.9995,14,german_shorthaired,True
test,german_shorthaired_7,1459,14,german_shorthaired,dog,0.9973,14,german_shorthaired,True
test,german_shorthaired_80,1460,14,german_shorthaired,dog,0.9991,14,german_shorthaired,True
test,german_shorthaired_81,1461,14,german_shorthaired,dog,1.0,14,german_shorthaired,True
test,german_shorthaired_82,1462,14,german_shorthaired,dog,0.9997,14,german_shorthaired,True
test,german_shorthaired_83,1463,14,german_shorthaired,dog,0.9999,14,german_shorthaired,True
test,german_shorthaired_84,1464,14,german_shorthaired,dog,0.9998,14,german_shorthaired,True
test,german_shorthaired_85,1465,14,german_shorthaired,dog,0.9996,14,german_shorthaired,True
test,german_shorthaired_86,1466,14,german_shorthaired,dog,1.0,14,german_shorthaired,True
test,german_shorthaired_87,1467,14,german_shorthaired,dog,0.9999,14,german_shorthaired,True
test,german_shorthaired_88,1468,14,german_shorthaired,dog,0.9958,14,german_shorthaired,True
test,german_shorthaired_89,1469,14,german_shorthaired,dog,0.9855,14,german_shorthaired,True
test,german_shorthaired_8,1470,14,german_shorthaired,dog,0.8903,14,german_shorthaired,True
test,german_shorthaired_90,1471,14,german_shorthaired,dog,0.9964,14,german_shorthaired,True
test,german_shorthaired_91,1472,14,german_shorthaired,dog,0.9999,14,german_shorthaired,True
test,german_shorthaired_92,1473,14,german_shorthaired,dog,0.9999,14,german_shorthaired,True
test,german_shorthaired_93,1474,14,german_shorthaired,dog,0.9998,14,german_shorthaired,True
test,german_shorthaired_94,1475,14,german_shorthaired,dog,0.9999,14,german_shorthaired,True
test,german_shorthaired_95,1476,14,german_shorthaired,dog,0.9957,14,german_shorthaired,True
test,german_shorthaired_96,1477,14,german_shorthaired,dog,0.9999,14,german_shorthaired,True
test,german_shorthaired_97,1478,14,german_shorthaired,dog,0.9847,14,german_shorthaired,True
test,german_shorthaired_98,1479,14,german_shorthaired,dog,0.9995,14,german_shorthaired,True
test,german_shorthaired_99,1480,14,german_shorthaired,dog,0.9987,14,german_shorthaired,True
test,german_shorthaired_9,1481,14,german_shorthaired,dog,0.9999,14,german_shorthaired,True
test,great_pyrenees_191,1482,15,great_pyrenees,dog,0.9711,15,great_pyrenees,True
test,great_pyrenees_192,1483,15,great_pyrenees,dog,0.7598,15,great_pyrenees,True
test,great_pyrenees_193,1484,15,great_pyrenees,dog,0.981,15,great_pyrenees,True
test,great_pyrenees_194,1485,15,great_pyrenees,dog,0.7937,31,shiba_inu,False
test,great_pyrenees_195,1486,15,great_pyrenees,dog,0.3521,28,saint_bernard,False
test,great_pyrenees_196,1487,15,great_pyrenees,dog,0.8654,15,great_pyrenees,True
test,great_pyrenees_197,1488,15,great_pyrenees,dog,0.9938,15,great_pyrenees,True
test,great_pyrenees_198,1489,15,great_pyrenees,dog,0.9823,15,great_pyrenees,True
test,great_pyrenees_199,1490,15,great_pyrenees,dog,0.917,15,great_pyrenees,True
test,great_pyrenees_19,1491,15,great_pyrenees,dog,0.9989,15,great_pyrenees,True
test,great_pyrenees_1,1492,15,great_pyrenees,dog,0.9836,15,great_pyrenees,True
test,great_pyrenees_200,1493,15,great_pyrenees,dog,0.9767,15,great_pyrenees,True
test,great_pyrenees_20,1494,15,great_pyrenees,dog,0.991,15,great_pyrenees,True
test,great_pyrenees_21,1495,15,great_pyrenees,dog,0.9723,15,great_pyrenees,True
test,great_pyrenees_22,1496,15,great_pyrenees,dog,0.9913,15,great_pyrenees,True
test,great_pyrenees_23,1497,15,great_pyrenees,dog,0.9979,15,great_pyrenees,True
test,great_pyrenees_24,1498,15,great_pyrenees,dog,0.9544,15,great_pyrenees,True
test,great_pyrenees_25,1499,15,great_pyrenees,dog,0.948,15,great_pyrenees,True
test,great_pyrenees_26,1500,15,great_pyrenees,dog,0.9774,15,great_pyrenees,True
test,great_pyrenees_27,1501,15,great_pyrenees,dog,0.9571,15,great_pyrenees,True
test,great_pyrenees_28,1502,15,great_pyrenees,dog,0.8292,15,great_pyrenees,True
test,great_pyrenees_29,1503,15,great_pyrenees,dog,0.9057,15,great_pyrenees,True
test,great_pyrenees_2,1504,15,great_pyrenees,dog,0.66,15,great_pyrenees,True
test,great_pyrenees_30,1505,15,great_pyrenees,dog,0.975,15,great_pyrenees,True
test,great_pyrenees_31,1506,15,great_pyrenees,dog,0.9981,15,great_pyrenees,True
test,great_pyrenees_32,1507,15,great_pyrenees,dog,0.9858,15,great_pyrenees,True
test,great_pyrenees_33,1508,15,great_pyrenees,dog,0.7288,15,great_pyrenees,True
test,great_pyrenees_34,1509,15,great_pyrenees,dog,0.9583,15,great_pyrenees,True
test,great_pyrenees_35,1510,15,great_pyrenees,dog,0.997,15,great_pyrenees,True
test,great_pyrenees_36,1511,15,great_pyrenees,dog,0.7407,15,great_pyrenees,True
test,great_pyrenees_37,1512,15,great_pyrenees,dog,0.761,15,great_pyrenees,True
test,great_pyrenees_38,1513,15,great_pyrenees,dog,0.4428,29,samoyed,False
test,great_pyrenees_39,1514,15,great_pyrenees,dog,0.8893,15,great_pyrenees,True
test,great_pyrenees_3,1515,15,great_pyrenees,dog,0.6395,15,great_pyrenees,True
test,great_pyrenees_40,1516,15,great_pyrenees,dog,0.8989,15,great_pyrenees,True
test,great_pyrenees_41,1517,15,great_pyrenees,dog,0.9991,15,great_pyrenees,True
test,great_pyrenees_42,1518,15,great_pyrenees,dog,0.807,15,great_pyrenees,True
test,great_pyrenees_43,1519,15,great_pyrenees,dog,0.4644,35,wheaten_terrier,False
test,great_pyrenees_44,1520,15,great_pyrenees,dog,0.965,15,great_pyrenees,True
test,great_pyrenees_45,1521,15,great_pyrenees,dog,0.9957,15,great_pyrenees,True
test,great_pyrenees_46,1522,15,great_pyrenees,dog,0.9927,15,great_pyrenees,True
test,great_pyrenees_47,1523,15,great_pyrenees,dog,0.9627,15,great_pyrenees,True
test,great_pyrenees_48,1524,15,great_pyrenees,dog,0.998,15,great_pyrenees,True
test,great_pyrenees_49,1525,15,great_pyrenees,dog,0.9406,15,great_pyrenees,True
test,great_pyrenees_4,1526,15,great_pyrenees,dog,0.9927,15,great_pyrenees,True
test,great_pyrenees_50,1527,15,great_pyrenees,dog,0.9912,15,great_pyrenees,True
test,great_pyrenees_51,1528,15,great_pyrenees,dog,0.9906,15,great_pyrenees,True
test,great_pyrenees_52,1529,15,great_pyrenees,dog,0.9921,15,great_pyrenees,True
test,great_pyrenees_53,1530,15,great_pyrenees,dog,0.9981,15,great_pyrenees,True
test,great_pyrenees_54,1531,15,great_pyrenees,dog,0.9898,29,samoyed,False
test,great_pyrenees_55,1532,15,great_pyrenees,dog,0.9726,15,great_pyrenees,True
test,great_pyrenees_56,1533,15,great_pyrenees,dog,0.9897,15,great_pyrenees,True
test,great_pyrenees_57,1534,15,great_pyrenees,dog,0.9663,15,great_pyrenees,True
test,great_pyrenees_58,1535,15,great_pyrenees,dog,0.6534,15,great_pyrenees,True
test,great_pyrenees_59,1536,15,great_pyrenees,dog,0.9798,15,great_pyrenees,True
test,great_pyrenees_5,1537,15,great_pyrenees,dog,0.9705,15,great_pyrenees,True
test,great_pyrenees_60,1538,15,great_pyrenees,dog,0.6012,29,samoyed,False
test,great_pyrenees_61,1539,15,great_pyrenees,dog,0.9119,15,great_pyrenees,True
test,great_pyrenees_62,1540,15,great_pyrenees,dog,0.996,15,great_pyrenees,True
test,great_pyrenees_63,1541,15,great_pyrenees,dog,0.6249,15,great_pyrenees,True
test,great_pyrenees_64,1542,15,great_pyrenees,dog,0.8704,15,great_pyrenees,True
test,great_pyrenees_65,1543,15,great_pyrenees,dog,0.9823,15,great_pyrenees,True
test,great_pyrenees_66,1544,15,great_pyrenees,dog,0.999,15,great_pyrenees,True
test,great_pyrenees_67,1545,15,great_pyrenees,dog,0.98,15,great_pyrenees,True
test,great_pyrenees_68,1546,15,great_pyrenees,dog,0.9987,15,great_pyrenees,True
test,great_pyrenees_69,1547,15,great_pyrenees,dog,0.9997,15,great_pyrenees,True
test,great_pyrenees_6,1548,15,great_pyrenees,dog,0.7657,15,great_pyrenees,True
test,great_pyrenees_70,1549,15,great_pyrenees,dog,0.99,15,great_pyrenees,True
test,great_pyrenees_71,1550,15,great_pyrenees,dog,0.9991,15,great_pyrenees,True
test,great_pyrenees_72,1551,15,great_pyrenees,dog,0.9863,15,great_pyrenees,True
test,great_pyrenees_73,1552,15,great_pyrenees,dog,0.966,15,great_pyrenees,True
test,great_pyrenees_74,1553,15,great_pyrenees,dog,0.96,15,great_pyrenees,True
test,great_pyrenees_75,1554,15,great_pyrenees,dog,0.9395,15,great_pyrenees,True
test,great_pyrenees_76,1555,15,great_pyrenees,dog,0.9997,15,great_pyrenees,True
test,great_pyrenees_77,1556,15,great_pyrenees,dog,0.9872,15,great_pyrenees,True
test,great_pyrenees_78,1557,15,great_pyrenees,dog,0.9935,15,great_pyrenees,True
test,great_pyrenees_79,1558,15,great_pyrenees,dog,0.9218,15,great_pyrenees,True
test,great_pyrenees_7,1559,15,great_pyrenees,dog,0.6097,15,great_pyrenees,True
test,great_pyrenees_80,1560,15,great_pyrenees,dog,0.9762,15,great_pyrenees,True
test,great_pyrenees_81,1561,15,great_pyrenees,dog,0.558,28,saint_bernard,False
test,great_pyrenees_82,1562,15,great_pyrenees,dog,0.9669,15,great_pyrenees,True
test,great_pyrenees_83,1563,15,great_pyrenees,dog,0.7089,15,great_pyrenees,True
test,great_pyrenees_84,1564,15,great_pyrenees,dog,0.9981,15,great_pyrenees,True
test,great_pyrenees_85,1565,15,great_pyrenees,dog,0.8539,28,saint_bernard,False
test,great_pyrenees_86,1566,15,great_pyrenees,dog,0.9955,15,great_pyrenees,True
test,great_pyrenees_87,1567,15,great_pyrenees,dog,0.9974,15,great_pyrenees,True
test,great_pyrenees_88,1568,15,great_pyrenees,dog,0.9962,15,great_pyrenees,True
test,great_pyrenees_89,1569,15,great_pyrenees,dog,0.9736,15,great_pyrenees,True
test,great_pyrenees_8,1570,15,great_pyrenees,dog,0.9985,15,great_pyrenees,True
test,great_pyrenees_90,1571,15,great_pyrenees,dog,0.9803,15,great_pyrenees,True
test,great_pyrenees_91,1572,15,great_pyrenees,dog,0.6095,15,great_pyrenees,True
test,great_pyrenees_92,1573,15,great_pyrenees,dog,0.999,15,great_pyrenees,True
test,great_pyrenees_93,1574,15,great_pyrenees,dog,0.995,15,great_pyrenees,True
test,great_pyrenees_94,1575,15,great_pyrenees,dog,0.9437,15,great_pyrenees,True
test,great_pyrenees_95,1576,15,great_pyrenees,dog,0.6976,15,great_pyrenees,True
test,great_pyrenees_96,1577,15,great_pyrenees,dog,0.8912,28,saint_bernard,False
test,great_pyrenees_97,1578,15,great_pyrenees,dog,0.9775,15,great_pyrenees,True
test,great_pyrenees_98,1579,15,great_pyrenees,dog,0.9287,15,great_pyrenees,True
test,great_pyrenees_99,1580,15,great_pyrenees,dog,0.9944,15,great_pyrenees,True
test,great_pyrenees_9,1581,15,great_pyrenees,dog,0.9947,15,great_pyrenees,True
test,havanese_191,1582,16,havanese,dog,0.9109,16,havanese,True
test,havanese_192,1583,16,havanese,dog,1.0,16,havanese,True
test,havanese_193,1584,16,havanese,dog,0.9997,16,havanese,True
test,havanese_194,1585,16,havanese,dog,1.0,16,havanese,True
test,havanese_195,1586,16,havanese,dog,0.991,16,havanese,True
test,havanese_196,1587,16,havanese,dog,0.9999,16,havanese,True
test,havanese_197,1588,16,havanese,dog,0.9971,16,havanese,True
test,havanese_198,1589,16,havanese,dog,0.9948,16,havanese,True
test,havanese_199,1590,16,havanese,dog,0.9062,30,scottish_terrier,False
test,havanese_19,1591,16,havanese,dog,0.9991,16,havanese,True
test,havanese_1,1592,16,havanese,dog,0.9992,16,havanese,True
test,havanese_200,1593,16,havanese,dog,0.998,16,havanese,True
test,havanese_20,1594,16,havanese,dog,0.9929,16,havanese,True
test,havanese_21,1595,16,havanese,dog,0.7724,29,samoyed,False
test,havanese_22,1596,16,havanese,dog,0.966,16,havanese,True
test,havanese_23,1597,16,havanese,dog,0.9947,16,havanese,True
test,havanese_24,1598,16,havanese,dog,0.9907,16,havanese,True
test,havanese_25,1599,16,havanese,dog,0.9984,16,havanese,True
test,havanese_26,1600,16,havanese,dog,0.9996,16,havanese,True
test,havanese_27,1601,16,havanese,dog,0.9999,16,havanese,True
test,havanese_28,1602,16,havanese,dog,0.9904,16,havanese,True
test,havanese_29,1603,16,havanese,dog,0.9863,16,havanese,True
test,havanese_2,1604,16,havanese,dog,0.979,16,havanese,True
test,havanese_30,1605,16,havanese,dog,0.9993,16,havanese,True
test,havanese_31,1606,16,havanese,dog,0.998,16,havanese,True
test,havanese_32,1607,16,havanese,dog,0.9988,16,havanese,True
test,havanese_33,1608,16,havanese,dog,0.9656,16,havanese,True
test,havanese_34,1609,16,havanese,dog,0.9979,16,havanese,True
test,havanese_35,1610,16,havanese,dog,0.996,16,havanese,True
test,havanese_36,1611,16,havanese,dog,0.937,16,havanese,True
test,havanese_37,1612,16,havanese,dog,0.9988,16,havanese,True
test,havanese_38,1613,16,havanese,dog,0.9993,16,havanese,True
test,havanese_39,1614,16,havanese,dog,0.9964,16,havanese,True
test,havanese_3,1615,16,havanese,dog,0.9998,16,havanese,True
test,havanese_40,1616,16,havanese,dog,0.9931,16,havanese,True
test,havanese_41,1617,16,havanese,dog,0.9856,16,havanese,True
test,havanese_42,1618,16,havanese,dog,0.9921,16,havanese,True
test,havanese_43,1619,16,havanese,dog,0.9918,16,havanese,True
test,havanese_44,1620,16,havanese,dog,0.999,16,havanese,True
test,havanese_45,1621,16,havanese,dog,0.9924,16,havanese,True
test,havanese_46,1622,16,havanese,dog,0.996,16,havanese,True
test,havanese_47,1623,16,havanese,dog,0.9822,16,havanese,True
test,havanese_48,1624,16,havanese,dog,0.5659,35,wheaten_terrier,False
test,havanese_49,1625,16,havanese,dog,0.9996,16,havanese,True
test,havanese_4,1626,16,havanese,dog,0.9979,16,havanese,True
test,havanese_50,1627,16,havanese,dog,0.9935,16,havanese,True
test,havanese_51,1628,16,havanese,dog,0.999,16,havanese,True
test,havanese_52,1629,16,havanese,dog,0.9595,16,havanese,True
test,havanese_53,1630,16,havanese,dog,0.9997,16,havanese,True
test,havanese_54,1631,16,havanese,dog,0.9985,16,havanese,True
test,havanese_55,1632,16,havanese,dog,0.9994,16,havanese,True
test,havanese_56,1633,16,havanese,dog,0.9999,16,havanese,True
test,havanese_57,1634,16,havanese,dog,0.99,16,havanese,True
test,havanese_58,1635,16,havanese,dog,0.9951,16,havanese,True
test,havanese_59,1636,16,havanese,dog,0.9989,16,havanese,True
test,havanese_5,1637,16,havanese,dog,1.0,16,havanese,True
test,havanese_60,1638,16,havanese,dog,0.54,16,havanese,True
test,havanese_61,1639,16,havanese,dog,0.9997,16,havanese,True
test,havanese_62,1640,16,havanese,dog,0.9999,16,havanese,True
test,havanese_63,1641,16,havanese,dog,0.9993,16,havanese,True
test,havanese_64,1642,16,havanese,dog,0.9987,16,havanese,True
test,havanese_65,1643,16,havanese,dog,0.9996,16,havanese,True
test,havanese_66,1644,16,havanese,dog,0.9652,16,havanese,True
test,havanese_67,1645,16,havanese,dog,0.9932,16,havanese,True
test,havanese_68,1646,16,havanese,dog,0.9681,16,havanese,True
test,havanese_69,1647,16,havanese,dog,0.3348,16,havanese,True
test,havanese_6,1648,16,havanese,dog,0.9862,16,havanese,True
test,havanese_70,1649,16,havanese,dog,0.9892,16,havanese,True
test,havanese_71,1650,16,havanese,dog,0.9008,16,havanese,True
test,havanese_72,1651,16,havanese,dog,0.9133,16,havanese,True
test,havanese_73,1652,16,havanese,dog,0.9968,16,havanese,True
test,havanese_74,1653,16,havanese,dog,0.7424,16,havanese,True
test,havanese_75,1654,16,havanese,dog,0.5612,16,havanese,True
test,havanese_76,1655,16,havanese,dog,0.9952,16,havanese,True
test,havanese_77,1656,16,havanese,dog,0.999,16,havanese,True
test,havanese_78,1657,16,havanese,dog,0.9993,16,havanese,True
test,havanese_79,1658,16,havanese,dog,0.9999,16,havanese,True
test,havanese_7,1659,16,havanese,dog,0.9998,16,havanese,True
test,havanese_80,1660,16,havanese,dog,0.7291,16,havanese,True
test,havanese_81,1661,16,havanese,dog,0.9781,16,havanese,True
test,havanese_82,1662,16,havanese,dog,0.9997,16,havanese,True
test,havanese_83,1663,16,havanese,dog,0.846,16,havanese,True
test,havanese_84,1664,16,havanese,dog,0.9999,16,havanese,True
test,havanese_85,1665,16,havanese,dog,1.0,16,havanese,True
test,havanese_86,1666,16,havanese,dog,0.9998,16,havanese,True
test,havanese_87,1667,16,havanese,dog,0.9993,16,havanese,True
test,havanese_88,1668,16,havanese,dog,1.0,16,havanese,True
test,havanese_89,1669,16,havanese,dog,1.0,16,havanese,True
test,havanese_8,1670,16,havanese,dog,0.9991,16,havanese,True
test,havanese_90,1671,16,havanese,dog,0.498,16,havanese,True
test,havanese_91,1672,16,havanese,dog,0.9994,16,havanese,True
test,havanese_92,1673,16,havanese,dog,0.9999,16,havanese,True
test,havanese_93,1674,16,havanese,dog,0.9995,16,havanese,True
test,havanese_94,1675,16,havanese,dog,0.9363,16,havanese,True
test,havanese_95,1676,16,havanese,dog,0.9998,16,havanese,True
test,havanese_96,1677,16,havanese,dog,0.9998,16,havanese,True
test,havanese_97,1678,16,havanese,dog,0.9999,16,havanese,True
test,havanese_98,1679,16,havanese,dog,0.9994,16,havanese,True
test,havanese_99,1680,16,havanese,dog,0.9995,16,havanese,True
test,havanese_9,1681,16,havanese,dog,0.9995,16,havanese,True
test,japanese_chin_191,1682,17,japanese_chin,dog,0.999,17,japanese_chin,True
test,japanese_chin_192,1683,17,japanese_chin,dog,0.9955,17,japanese_chin,True
test,japanese_chin_193,1684,17,japanese_chin,dog,0.6249,13,english_setter,False
test,japanese_chin_194,1685,17,japanese_chin,dog,0.4999,17,japanese_chin,True
test,japanese_chin_195,1686,17,japanese_chin,dog,0.9995,17,japanese_chin,True
test,japanese_chin_196,1687,17,japanese_chin,dog,0.9011,17,japanese_chin,True
test,japanese_chin_197,1688,17,japanese_chin,dog,0.9992,17,japanese_chin,True
test,japanese_chin_198,1689,17,japanese_chin,dog,0.9967,17,japanese_chin,True
test,japanese_chin_199,1690,17,japanese_chin,dog,0.9997,17,japanese_chin,True
test,japanese_chin_19,1691,17,japanese_chin,dog,0.9986,17,japanese_chin,True
test,japanese_chin_1,1692,17,japanese_chin,dog,0.9995,17,japanese_chin,True
test,japanese_chin_200,1693,17,japanese_chin,dog,0.999,17,japanese_chin,True
test,japanese_chin_20,1694,17,japanese_chin,dog,0.9973,17,japanese_chin,True
test,japanese_chin_21,1695,17,japanese_chin,dog,0.9993,17,japanese_chin,True
test,japanese_chin_22,1696,17,japanese_chin,dog,0.9754,17,japanese_chin,True
test,japanese_chin_23,1697,17,japanese_chin,dog,0.9872,17,japanese_chin,True
test,japanese_chin_24,1698,17,japanese_chin,dog,0.9486,17,japanese_chin,True
test,japanese_chin_25,1699,17,japanese_chin,dog,0.9647,17,japanese_chin,True
test,japanese_chin_26,1700,17,japanese_chin,dog,0.9984,17,japanese_chin,True
test,japanese_chin_27,1701,17,japanese_chin,dog,0.9998,17,japanese_chin,True
test,japanese_chin_28,1702,17,japanese_chin,dog,0.9987,17,japanese_chin,True
test,japanese_chin_29,1703,17,japanese_chin,dog,0.7747,17,japanese_chin,True
test,japanese_chin_2,1704,17,japanese_chin,dog,0.9999,17,japanese_chin,True
test,japanese_chin_30,1705,17,japanese_chin,dog,0.9978,17,japanese_chin,True
test,japanese_chin_31,1706,17,japanese_chin,dog,0.9986,17,japanese_chin,True
test,japanese_chin_32,1707,17,japanese_chin,dog,0.9797,17,japanese_chin,True
test,japanese_chin_33,1708,17,japanese_chin,dog,0.8156,28,saint_bernard,False
test,japanese_chin_34,1709,17,japanese_chin,dog,0.7581,17,japanese_chin,True
test,japanese_chin_35,1710,17,japanese_chin,dog,0.5379,28,saint_bernard,False
test,japanese_chin_36,1711,17,japanese_chin,dog,0.9795,17,japanese_chin,True
test,japanese_chin_37,1712,17,japanese_chin,dog,0.9716,17,japanese_chin,True
test,japanese_chin_38,1713,17,japanese_chin,dog,0.9765,17,japanese_chin,True
test,japanese_chin_39,1714,17,japanese_chin,dog,0.9529,17,japanese_chin,True
test,japanese_chin_3,1715,17,japanese_chin,dog,0.9998,17,japanese_chin,True
test,japanese_chin_40,1716,17,japanese_chin,dog,0.949,17,japanese_chin,True
test,japanese_chin_41,1717,17,japanese_chin,dog,0.999,17,japanese_chin,True
test,japanese_chin_42,1718,17,japanese_chin,dog,0.9949,17,japanese_chin,True
test,japanese_chin_43,1719,17,japanese_chin,dog,0.9969,17,japanese_chin,True
test,japanese_chin_44,1720,17,japanese_chin,dog,0.9863,17,japanese_chin,True
test,japanese_chin_45,1721,17,japanese_chin,dog,0.9747,17,japanese_chin,True
test,japanese_chin_46,1722,17,japanese_chin,dog,0.9996,17,japanese_chin,True
test,japanese_chin_47,1723,17,japanese_chin,dog,0.99,17,japanese_chin,True
test,japanese_chin_48,1724,17,japanese_chin,dog,0.8936,17,japanese_chin,True
test,japanese_chin_49,1725,17,japanese_chin,dog,0.9951,17,japanese_chin,True
test,japanese_chin_4,1726,17,japanese_chin,dog,0.9972,17,japanese_chin,True
test,japanese_chin_50,1727,17,japanese_chin,dog,0.9285,17,japanese_chin,True
test,japanese_chin_51,1728,17,japanese_chin,dog,0.9985,17,japanese_chin,True
test,japanese_chin_52,1729,17,japanese_chin,dog,0.9993,17,japanese_chin,True
test,japanese_chin_53,1730,17,japanese_chin,dog,0.998,17,japanese_chin,True
test,japanese_chin_54,1731,17,japanese_chin,dog,0.9959,17,japanese_chin,True
test,japanese_chin_55,1732,17,japanese_chin,dog,0.9913,17,japanese_chin,True
test,japanese_chin_56,1733,17,japanese_chin,dog,0.9965,17,japanese_chin,True
test,japanese_chin_57,1734,17,japanese_chin,dog,0.9576,17,japanese_chin,True
test,japanese_chin_58,1735,17,japanese_chin,dog,0.9948,17,japanese_chin,True
test,japanese_chin_59,1736,17,japanese_chin,dog,0.9971,17,japanese_chin,True
test,japanese_chin_5,1737,17,japanese_chin,dog,0.9916,17,japanese_chin,True
test,japanese_chin_60,1738,17,japanese_chin,dog,0.9806,17,japanese_chin,True
test,japanese_chin_61,1739,17,japanese_chin,dog,0.6063,28,saint_bernard,False
test,japanese_chin_62,1740,17,japanese_chin,dog,0.9998,17,japanese_chin,True
test,japanese_chin_63,1741,17,japanese_chin,dog,0.9996,17,japanese_chin,True
test,japanese_chin_64,1742,17,japanese_chin,dog,0.9984,17,japanese_chin,True
test,japanese_chin_65,1743,17,japanese_chin,dog,0.9965,17,japanese_chin,True
test,japanese_chin_66,1744,17,japanese_chin,dog,0.9997,17,japanese_chin,True
test,japanese_chin_67,1745,17,japanese_chin,dog,0.7415,17,japanese_chin,True
test,japanese_chin_68,1746,17,japanese_chin,dog,0.998,17,japanese_chin,True
test,japanese_chin_69,1747,17,japanese_chin,dog,0.9918,17,japanese_chin,True
test,japanese_chin_6,1748,17,japanese_chin,dog,0.9768,17,japanese_chin,True
test,japanese_chin_70,1749,17,japanese_chin,dog,0.9846,17,japanese_chin,True
test,japanese_chin_71,1750,17,japanese_chin,dog,0.9995,17,japanese_chin,True
test,japanese_chin_72,1751,17,japanese_chin,dog,0.9996,17,japanese_chin,True
test,japanese_chin_73,1752,17,japanese_chin,dog,0.9958,17,japanese_chin,True
test,japanese_chin_74,1753,17,japanese_chin,dog,0.9995,17,japanese_chin,True
test,japanese_chin_75,1754,17,japanese_chin,dog,0.9798,17,japanese_chin,True
test,japanese_chin_76,1755,17,japanese_chin,dog,0.9996,17,japanese_chin,True
test,japanese_chin_77,1756,17,japanese_chin,dog,0.9963,17,japanese_chin,True
test,japanese_chin_78,1757,17,japanese_chin,dog,0.9943,17,japanese_chin,True
test,japanese_chin_79,1758,17,japanese_chin,dog,0.5146,17,japanese_chin,True
test,japanese_chin_7,1759,17,japanese_chin,dog,0.9994,17,japanese_chin,True
test,japanese_chin_80,1760,17,japanese_chin,dog,0.873,17,japanese_chin,True
test,japanese_chin_81,1761,17,japanese_chin,dog,0.9988,17,japanese_chin,True
test,japanese_chin_82,1762,17,japanese_chin,dog,0.8669,17,japanese_chin,True
test,japanese_chin_83,1763,17,japanese_chin,dog,0.9944,17,japanese_chin,True
test,japanese_chin_84,1764,17,japanese_chin,dog,0.9961,17,japanese_chin,True
test,japanese_chin_85,1765,17,japanese_chin,dog,0.9936,17,japanese_chin,True
test,japanese_chin_86,1766,17,japanese_chin,dog,0.9996,17,japanese_chin,True
test,japanese_chin_87,1767,17,japanese_chin,dog,0.9964,17,japanese_chin,True
test,japanese_chin_88,1768,17,japanese_chin,dog,0.9776,17,japanese_chin,True
test,japanese_chin_89,1769,17,japanese_chin,dog,0.8936,16,havanese,False
test,japanese_chin_8,1770,17,japanese_chin,dog,0.9569,17,japanese_chin,True
test,japanese_chin_90,1771,17,japanese_chin,dog,0.9981,17,japanese_chin,True
test,japanese_chin_91,1772,17,japanese_chin,dog,0.9995,17,japanese_chin,True
test,japanese_chin_92,1773,17,japanese_chin,dog,0.9897,17,japanese_chin,True
test,japanese_chin_93,1774,17,japanese_chin,dog,0.7616,28,saint_bernard,False
test,japanese_chin_94,1775,17,japanese_chin,dog,0.9952,17,japanese_chin,True
test,japanese_chin_95,1776,17,japanese_chin,dog,0.9995,17,japanese_chin,True
test,japanese_chin_96,1777,17,japanese_chin,dog,0.9871,17,japanese_chin,True
test,japanese_chin_97,1778,17,japanese_chin,dog,0.9959,17,japanese_chin,True
test,japanese_chin_98,1779,17,japanese_chin,dog,0.9911,17,japanese_chin,True
test,japanese_chin_99,1780,17,japanese_chin,dog,0.9985,17,japanese_chin,True
test,japanese_chin_9,1781,17,japanese_chin,dog,0.9989,17,japanese_chin,True
test,keeshond_191,1782,18,keeshond,dog,0.9997,18,keeshond,True
test,keeshond_192,1783,18,keeshond,dog,0.9999,18,keeshond,True
test,keeshond_193,1784,18,keeshond,dog,0.9019,18,keeshond,True
test,keeshond_194,1785,18,keeshond,dog,0.8916,18,keeshond,True
test,keeshond_195,1786,18,keeshond,dog,0.8681,18,keeshond,True
test,keeshond_196,1787,18,keeshond,dog,0.9998,18,keeshond,True
test,keeshond_197,1788,18,keeshond,dog,0.9997,18,keeshond,True
test,keeshond_198,1789,18,keeshond,dog,0.9964,18,keeshond,True
test,keeshond_199,1790,18,keeshond,dog,1.0,18,keeshond,True
test,keeshond_19,1791,18,keeshond,dog,0.9839,18,keeshond,True
test,keeshond_1,1792,18,keeshond,dog,0.99,18,keeshond,True
test,keeshond_200,1793,18,keeshond,dog,0.9989,18,keeshond,True
test,keeshond_20,1794,18,keeshond,dog,0.9977,18,keeshond,True
test,keeshond_21,1795,18,keeshond,dog,0.9927,18,keeshond,True
test,keeshond_22,1796,18,keeshond,dog,0.9997,18,keeshond,True
test,keeshond_23,1797,18,keeshond,dog,1.0,18,keeshond,True
test,keeshond_24,1798,18,keeshond,dog,0.9848,18,keeshond,True
test,keeshond_25,1799,18,keeshond,dog,0.9924,18,keeshond,True
test,keeshond_26,1800,18,keeshond,dog,0.7292,18,keeshond,True
test,keeshond_27,1801,18,keeshond,dog,0.9992,18,keeshond,True
test,keeshond_28,1802,18,keeshond,dog,0.9938,18,keeshond,True
test,keeshond_29,1803,18,keeshond,dog,0.9997,18,keeshond,True
test,keeshond_2,1804,18,keeshond,dog,0.9988,18,keeshond,True
test,keeshond_30,1805,18,keeshond,dog,0.9998,18,keeshond,True
test,keeshond_31,1806,18,keeshond,dog,0.781,18,keeshond,True
test,keeshond_32,1807,18,keeshond,dog,0.9273,18,keeshond,True
test,keeshond_33,1808,18,keeshond,dog,0.9865,18,keeshond,True
test,keeshond_34,1809,18,keeshond,dog,1.0,18,keeshond,True
test,keeshond_35,1810,18,keeshond,dog,0.9966,18,keeshond,True
test,keeshond_36,1811,18,keeshond,dog,0.9991,18,keeshond,True
test,keeshond_37,1812,18,keeshond,dog,0.9985,18,keeshond,True
test,keeshond_38,1813,18,keeshond,dog,0.9917,18,keeshond,True
test,keeshond_39,1814,18,keeshond,dog,0.9998,18,keeshond,True
test,keeshond_3,1815,18,keeshond,dog,1.0,18,keeshond,True
test,keeshond_40,1816,18,keeshond,dog,0.9928,18,keeshond,True
test,keeshond_41,1817,18,keeshond,dog,0.9458,18,keeshond,True
test,keeshond_42,1818,18,keeshond,dog,0.9946,18,keeshond,True
test,keeshond_43,1819,18,keeshond,dog,0.9903,18,keeshond,True
test,keeshond_44,1820,18,keeshond,dog,0.9407,18,keeshond,True
test,keeshond_45,1821,18,keeshond,dog,0.9988,18,keeshond,True
test,keeshond_46,1822,18,keeshond,dog,0.9992,18,keeshond,True
test,keeshond_47,1823,18,keeshond,dog,0.9965,18,keeshond,True
test,keeshond_48,1824,18,keeshond,dog,0.9999,18,keeshond,True
test,keeshond_49,1825,18,keeshond,dog,0.9984,18,keeshond,True
test,keeshond_4,1826,18,keeshond,dog,0.9986,18,keeshond,True
test,keeshond_50,1827,18,keeshond,dog,0.8587,18,keeshond,True
test,keeshond_51,1828,18,keeshond,dog,1.0,18,keeshond,True
test,keeshond_52,1829,18,keeshond,dog,0.9977,18,keeshond,True
test,keeshond_53,1830,18,keeshond,dog,0.9998,18,keeshond,True
test,keeshond_54,1831,18,keeshond,dog,0.9847,18,keeshond,True
test,keeshond_55,1832,18,keeshond,dog,0.9997,18,keeshond,True
test,keeshond_56,1833,18,keeshond,dog,0.9938,18,keeshond,True
test,keeshond_57,1834,18,keeshond,dog,0.9986,18,keeshond,True
test,keeshond_58,1835,18,keeshond,dog,0.9983,18,keeshond,True
test,keeshond_5,1836,18,keeshond,dog,0.9994,18,keeshond,True
test,keeshond_60,1837,18,keeshond,dog,0.997,18,keeshond,True
test,keeshond_61,1838,18,keeshond,dog,0.9997,18,keeshond,True
test,keeshond_62,1839,18,keeshond,dog,1.0,18,keeshond,True
test,keeshond_63,1840,18,keeshond,dog,0.9989,18,keeshond,True
test,keeshond_64,1841,18,keeshond,dog,0.9916,18,keeshond,True
test,keeshond_65,1842,18,keeshond,dog,0.9978,18,keeshond,True
test,keeshond_66,1843,18,keeshond,dog,0.9982,18,keeshond,True
test,keeshond_67,1844,18,keeshond,dog,0.9999,18,keeshond,True
test,keeshond_68,1845,18,keeshond,dog,0.9984,18,keeshond,True
test,keeshond_69,1846,18,keeshond,dog,0.9974,18,keeshond,True
test,keeshond_6,1847,18,keeshond,dog,0.9999,18,keeshond,True
test,keeshond_70,1848,18,keeshond,dog,0.9988,18,keeshond,True
test,keeshond_71,1849,18,keeshond,dog,0.9776,18,keeshond,True
test,keeshond_72,1850,18,keeshond,dog,0.999,18,keeshond,True
test,keeshond_73,1851,18,keeshond,dog,0.998,18,keeshond,True
test,keeshond_74,1852,18,keeshond,dog,0.7806,18,keeshond,True
test,keeshond_75,1853,18,keeshond,dog,0.6036,18,keeshond,True
test,keeshond_76,1854,18,keeshond,dog,0.9992,18,keeshond,True
test,keeshond_77,1855,18,keeshond,dog,0.9965,18,keeshond,True
test,keeshond_78,1856,18,keeshond,dog,0.9935,18,keeshond,True
test,keeshond_79,1857,18,keeshond,dog,0.9978,18,keeshond,True
test,keeshond_7,1858,18,keeshond,dog,1.0,18,keeshond,True
test,keeshond_80,1859,18,keeshond,dog,0.7425,18,keeshond,True
test,keeshond_81,1860,18,keeshond,dog,0.9995,18,keeshond,True
test,keeshond_82,1861,18,keeshond,dog,1.0,18,keeshond,True
test,keeshond_83,1862,18,keeshond,dog,0.995,18,keeshond,True
test,keeshond_84,1863,18,keeshond,dog,0.9567,18,keeshond,True
test,keeshond_85,1864,18,keeshond,dog,0.9937,18,keeshond,True
test,keeshond_86,1865,18,keeshond,dog,0.9941,18,keeshond,True
test,keeshond_87,1866,18,keeshond,dog,0.9983,18,keeshond,True
test,keeshond_88,1867,18,keeshond,dog,0.9999,18,keeshond,True
test,keeshond_89,1868,18,keeshond,dog,0.9981,18,keeshond,True
test,keeshond_8,1869,18,keeshond,dog,0.9999,18,keeshond,True
test,keeshond_90,1870,18,keeshond,dog,0.9997,18,keeshond,True
test,keeshond_91,1871,18,keeshond,dog,0.9928,18,keeshond,True
test,keeshond_92,1872,18,keeshond,dog,0.9982,18,keeshond,True
test,keeshond_93,1873,18,keeshond,dog,0.9987,18,keeshond,True
test,keeshond_94,1874,18,keeshond,dog,1.0,18,keeshond,True
test,keeshond_95,1875,18,keeshond,dog,0.9988,18,keeshond,True
test,keeshond_96,1876,18,keeshond,dog,0.9974,18,keeshond,True
test,keeshond_97,1877,18,keeshond,dog,0.9998,18,keeshond,True
test,keeshond_98,1878,18,keeshond,dog,0.9993,18,keeshond,True
test,keeshond_99,1879,18,keeshond,dog,0.9999,18,keeshond,True
test,keeshond_9,1880,18,keeshond,dog,0.9998,18,keeshond,True
test,leonberger_191,1881,19,leonberger,dog,0.993,19,leonberger,True
test,leonberger_192,1882,19,leonberger,dog,0.9834,19,leonberger,True
test,leonberger_193,1883,19,leonberger,dog,0.571,19,leonberger,True
test,leonberger_194,1884,19,leonberger,dog,0.9079,19,leonberger,True
test,leonberger_195,1885,19,leonberger,dog,0.9864,19,leonberger,True
test,leonberger_196,1886,19,leonberger,dog,0.9877,19,leonberger,True
test,leonberger_197,1887,19,leonberger,dog,0.9972,19,leonberger,True
test,leonberger_198,1888,19,leonberger,dog,0.9805,19,leonberger,True
test,leonberger_199,1889,19,leonberger,dog,0.9968,19,leonberger,True
test,leonberger_19,1890,19,leonberger,dog,0.9817,19,leonberger,True
test,leonberger_1,1891,19,leonberger,dog,0.9978,19,leonberger,True
test,leonberger_200,1892,19,leonberger,dog,0.5219,19,leonberger,True
test,leonberger_20,1893,19,leonberger,dog,0.9994,19,leonberger,True
test,leonberger_21,1894,19,leonberger,dog,0.9946,19,leonberger,True
test,leonberger_22,1895,19,leonberger,dog,0.9908,19,leonberger,True
test,leonberger_23,1896,19,leonberger,dog,0.8461,19,leonberger,True
test,leonberger_24,1897,19,leonberger,dog,0.9993,19,leonberger,True
test,leonberger_25,1898,19,leonberger,dog,0.9603,19,leonberger,True
test,leonberger_26,1899,19,leonberger,dog,0.9991,19,leonberger,True
test,leonberger_27,1900,19,leonberger,dog,0.9705,19,leonberger,True
test,leonberger_28,1901,19,leonberger,dog,0.9995,19,leonberger,True
test,leonberger_29,1902,19,leonberger,dog,0.9957,19,leonberger,True
test,leonberger_2,1903,19,leonberger,dog,0.9662,19,leonberger,True
test,leonberger_30,1904,19,leonberger,dog,0.5735,8,boxer,False
test,leonberger_31,1905,19,leonberger,dog,0.8574,19,leonberger,True
test,leonberger_32,1906,19,leonberger,dog,0.9457,19,leonberger,True
test,leonberger_33,1907,19,leonberger,dog,0.9958,19,leonberger,True
test,leonberger_34,1908,19,leonberger,dog,0.9938,19,leonberger,True
test,leonberger_35,1909,19,leonberger,dog,0.9953,19,leonberger,True
test,leonberger_36,1910,19,leonberger,dog,0.9971,19,leonberger,True
test,leonberger_37,1911,19,leonberger,dog,0.9809,19,leonberger,True
test,leonberger_38,1912,19,leonberger,dog,0.9514,19,leonberger,True
test,leonberger_39,1913,19,leonberger,dog,0.9384,19,leonberger,True
test,leonberger_3,1914,19,leonberger,dog,0.9317,19,leonberger,True
test,leonberger_40,1915,19,leonberger,dog,0.999,19,leonberger,True
test,leonberger_41,1916,19,leonberger,dog,0.9987,19,leonberger,True
test,leonberger_42,1917,19,leonberger,dog,0.7785,19,leonberger,True
test,leonberger_43,1918,19,leonberger,dog,0.9996,19,leonberger,True
test,leonberger_44,1919,19,leonberger,dog,0.9633,19,leonberger,True
test,leonberger_45,1920,19,leonberger,dog,0.9699,19,leonberger,True
test,leonberger_46,1921,19,leonberger,dog,0.9199,19,leonberger,True
test,leonberger_47,1922,19,leonberger,dog,0.5133,19,leonberger,True
test,leonberger_48,1923,19,leonberger,dog,0.9925,19,leonberger,True
test,leonberger_49,1924,19,leonberger,dog,0.9991,19,leonberger,True
test,leonberger_4,1925,19,leonberger,dog,0.9996,19,leonberger,True
test,leonberger_50,1926,19,leonberger,dog,0.9955,19,leonberger,True
test,leonberger_51,1927,19,leonberger,dog,0.686,22,newfoundland,False
test,leonberger_52,1928,19,leonberger,dog,0.9742,19,leonberger,True
test,leonberger_53,1929,19,leonberger,dog,0.99,19,leonberger,True
test,leonberger_54,1930,19,leonberger,dog,0.9475,19,leonberger,True
test,leonberger_55,1931,19,leonberger,dog,0.9832,19,leonberger,True
test,leonberger_56,1932,19,leonberger,dog,0.9837,19,leonberger,True
test,leonberger_57,1933,19,leonberger,dog,0.9895,19,leonberger,True
test,leonberger_58,1934,19,leonberger,dog,0.9802,19,leonberger,True
test,leonberger_59,1935,19,leonberger,dog,0.9993,19,leonberger,True
test,leonberger_5,1936,19,leonberger,dog,0.9981,19,leonberger,True
test,leonberger_60,1937,19,leonberger,dog,0.9986,19,leonberger,True
test,leonberger_61,1938,19,leonberger,dog,0.9881,19,leonberger,True
test,leonberger_62,1939,19,leonberger,dog,0.9951,19,leonberger,True
test,leonberger_63,1940,19,leonberger,dog,0.9977,19,leonberger,True
test,leonberger_64,1941,19,leonberger,dog,0.9953,19,leonberger,True
test,leonberger_65,1942,19,leonberger,dog,0.9983,19,leonberger,True
test,leonberger_66,1943,19,leonberger,dog,0.9992,19,leonberger,True
test,leonberger_67,1944,19,leonberger,dog,0.9685,19,leonberger,True
test,leonberger_68,1945,19,leonberger,dog,0.9943,19,leonberger,True
test,leonberger_69,1946,19,leonberger,dog,0.9649,19,leonberger,True
test,leonberger_6,1947,19,leonberger,dog,0.9887,19,leonberger,True
test,leonberger_70,1948,19,leonberger,dog,0.9638,19,leonberger,True
test,leonberger_71,1949,19,leonberger,dog,0.9934,19,leonberger,True
test,leonberger_72,1950,19,leonberger,dog,0.928,19,leonberger,True
test,leonberger_73,1951,19,leonberger,dog,0.9759,19,leonberger,True
test,leonberger_74,1952,19,leonberger,dog,0.9987,19,leonberger,True
test,leonberger_75,1953,19,leonberger,dog,0.9041,19,leonberger,True
test,leonberger_76,1954,19,leonberger,dog,0.8675,19,leonberger,True
test,leonberger_77,1955,19,leonberger,dog,0.9992,19,leonberger,True
test,leonberger_78,1956,19,leonberger,dog,0.997,19,leonberger,True
test,leonberger_79,1957,19,leonberger,dog,0.7636,28,saint_bernard,False
test,leonberger_7,1958,19,leonberger,dog,0.9994,19,leonberger,True
test,leonberger_80,1959,19,leonberger,dog,0.5643,0,Abyssinian,False
test,leonberger_81,1960,19,leonberger,dog,0.9925,19,leonberger,True
test,leonberger_82,1961,19,leonberger,dog,0.995,19,leonberger,True
test,leonberger_83,1962,19,leonberger,dog,0.9847,19,leonberger,True
test,leonberger_84,1963,19,leonberger,dog,0.9961,19,leonberger,True
test,leonberger_85,1964,19,leonberger,dog,0.9827,19,leonberger,True
test,leonberger_86,1965,19,leonberger,dog,0.9687,19,leonberger,True
test,leonberger_87,1966,19,leonberger,dog,0.9852,19,leonberger,True
test,leonberger_88,1967,19,leonberger,dog,0.999,19,leonberger,True
test,leonberger_89,1968,19,leonberger,dog,0.9097,19,leonberger,True
test,leonberger_8,1969,19,leonberger,dog,0.9967,19,leonberger,True
test,leonberger_90,1970,19,leonberger,dog,0.7798,18,keeshond,False
test,leonberger_91,1971,19,leonberger,dog,0.565,22,newfoundland,False
test,leonberger_92,1972,19,leonberger,dog,0.9995,19,leonberger,True
test,leonberger_93,1973,19,leonberger,dog,0.9879,19,leonberger,True
test,leonberger_94,1974,19,leonberger,dog,0.9298,19,leonberger,True
test,leonberger_95,1975,19,leonberger,dog,0.9968,19,leonberger,True
test,leonberger_96,1976,19,leonberger,dog,0.9788,19,leonberger,True
test,leonberger_97,1977,19,leonberger,dog,0.9772,19,leonberger,True
test,leonberger_98,1978,19,leonberger,dog,0.9992,19,leonberger,True
test,leonberger_99,1979,19,leonberger,dog,0.9703,19,leonberger,True
test,leonberger_9,1980,19,leonberger,dog,0.9667,19,leonberger,True
test,Maine_Coon_21,1981,20,Maine_Coon,cat,0.9978,26,Ragdoll,False
test,Maine_Coon_222,1982,20,Maine_Coon,cat,0.8683,20,Maine_Coon,True
test,Maine_Coon_227,1983,20,Maine_Coon,cat,0.5446,5,Bengal,False
test,Maine_Coon_231,1984,20,Maine_Coon,cat,0.8771,20,Maine_Coon,True
test,Maine_Coon_238,1985,20,Maine_Coon,cat,0.47,26,Ragdoll,False
test,Maine_Coon_239,1986,20,Maine_Coon,cat,0.5623,5,Bengal,False
test,Maine_Coon_23,1987,20,Maine_Coon,cat,0.9967,20,Maine_Coon,True
test,Maine_Coon_241,1988,20,Maine_Coon,cat,0.7736,20,Maine_Coon,True
test,Maine_Coon_242,1989,20,Maine_Coon,cat,0.9284,5,Bengal,False
test,Maine_Coon_244,1990,20,Maine_Coon,cat,0.7609,26,Ragdoll,False
test,Maine_Coon_245,1991,20,Maine_Coon,cat,0.9705,20,Maine_Coon,True
test,Maine_Coon_246,1992,20,Maine_Coon,cat,0.6547,20,Maine_Coon,True
test,Maine_Coon_247,1993,20,Maine_Coon,cat,0.9532,5,Bengal,False
test,Maine_Coon_249,1994,20,Maine_Coon,cat,0.6331,7,Bombay,False
test,Maine_Coon_24,1995,20,Maine_Coon,cat,0.9784,20,Maine_Coon,True
test,Maine_Coon_253,1996,20,Maine_Coon,cat,0.8373,5,Bengal,False
test,Maine_Coon_254,1997,20,Maine_Coon,cat,0.9169,5,Bengal,False
test,Maine_Coon_25,1998,20,Maine_Coon,cat,0.9964,20,Maine_Coon,True
test,Maine_Coon_262,1999,20,Maine_Coon,cat,0.9287,26,Ragdoll,False
test,Maine_Coon_263,2000,20,Maine_Coon,cat,0.7406,26,Ragdoll,False
test,Maine_Coon_264,2001,20,Maine_Coon,cat,0.9735,20,Maine_Coon,True
test,Maine_Coon_265,2002,20,Maine_Coon,cat,0.8237,20,Maine_Coon,True
test,Maine_Coon_266,2003,20,Maine_Coon,cat,0.6674,20,Maine_Coon,True
test,Maine_Coon_267,2004,20,Maine_Coon,cat,0.9822,0,Abyssinian,False
test,Maine_Coon_268,2005,20,Maine_Coon,cat,0.9201,20,Maine_Coon,True
test,Maine_Coon_269,2006,20,Maine_Coon,cat,0.9897,20,Maine_Coon,True
test,Maine_Coon_26,2007,20,Maine_Coon,cat,0.9985,20,Maine_Coon,True
test,Maine_Coon_270,2008,20,Maine_Coon,cat,0.6505,20,Maine_Coon,True
test,Maine_Coon_271,2009,20,Maine_Coon,cat,0.9454,20,Maine_Coon,True
test,Maine_Coon_272,2010,20,Maine_Coon,cat,0.9998,20,Maine_Coon,True
test,Maine_Coon_27,2011,20,Maine_Coon,cat,0.9852,20,Maine_Coon,True
test,Maine_Coon_28,2012,20,Maine_Coon,cat,0.9989,20,Maine_Coon,True
test,Maine_Coon_29,2013,20,Maine_Coon,cat,0.9979,20,Maine_Coon,True
test,Maine_Coon_2,2014,20,Maine_Coon,cat,0.8342,20,Maine_Coon,True
test,Maine_Coon_30,2015,20,Maine_Coon,cat,0.9969,26,Ragdoll,False
test,Maine_Coon_31,2016,20,Maine_Coon,cat,0.9974,20,Maine_Coon,True
test,Maine_Coon_32,2017,20,Maine_Coon,cat,0.9874,20,Maine_Coon,True
test,Maine_Coon_33,2018,20,Maine_Coon,cat,0.9729,20,Maine_Coon,True
test,Maine_Coon_34,2019,20,Maine_Coon,cat,0.9961,20,Maine_Coon,True
test,Maine_Coon_35,2020,20,Maine_Coon,cat,0.4533,11,Egyptian_Mau,False
test,Maine_Coon_36,2021,20,Maine_Coon,cat,0.918,20,Maine_Coon,True
test,Maine_Coon_37,2022,20,Maine_Coon,cat,0.898,20,Maine_Coon,True
test,Maine_Coon_38,2023,20,Maine_Coon,cat,0.5437,26,Ragdoll,False
test,Maine_Coon_39,2024,20,Maine_Coon,cat,0.9985,20,Maine_Coon,True
test,Maine_Coon_3,2025,20,Maine_Coon,cat,0.765,20,Maine_Coon,True
test,Maine_Coon_41,2026,20,Maine_Coon,cat,0.9999,20,Maine_Coon,True
test,Maine_Coon_42,2027,20,Maine_Coon,cat,0.9891,20,Maine_Coon,True
test,Maine_Coon_43,2028,20,Maine_Coon,cat,0.9985,20,Maine_Coon,True
test,Maine_Coon_44,2029,20,Maine_Coon,cat,0.2414,20,Maine_Coon,True
test,Maine_Coon_46,2030,20,Maine_Coon,cat,0.9815,26,Ragdoll,False
test,Maine_Coon_47,2031,20,Maine_Coon,cat,0.9288,26,Ragdoll,False
test,Maine_Coon_48,2032,20,Maine_Coon,cat,0.9202,26,Ragdoll,False
test,Maine_Coon_49,2033,20,Maine_Coon,cat,0.9113,26,Ragdoll,False
test,Maine_Coon_50,2034,20,Maine_Coon,cat,0.9673,20,Maine_Coon,True
test,Maine_Coon_51,2035,20,Maine_Coon,cat,0.9882,20,Maine_Coon,True
test,Maine_Coon_52,2036,20,Maine_Coon,cat,0.9926,20,Maine_Coon,True
test,Maine_Coon_53,2037,20,Maine_Coon,cat,0.9867,0,Abyssinian,False
test,Maine_Coon_54,2038,20,Maine_Coon,cat,0.6751,20,Maine_Coon,True
test,Maine_Coon_55,2039,20,Maine_Coon,cat,0.9994,20,Maine_Coon,True
test,Maine_Coon_56,2040,20,Maine_Coon,cat,0.9996,20,Maine_Coon,True
test,Maine_Coon_57,2041,20,Maine_Coon,cat,0.9992,20,Maine_Coon,True
test,Maine_Coon_58,2042,20,Maine_Coon,cat,0.866,20,Maine_Coon,True
test,Maine_Coon_5,2043,20,Maine_Coon,cat,0.8,20,Maine_Coon,True
test,Maine_Coon_60,2044,20,Maine_Coon,cat,0.4639,26,Ragdoll,False
test,Maine_Coon_61,2045,20,Maine_Coon,cat,0.9214,0,Abyssinian,False
test,Maine_Coon_63,2046,20,Maine_Coon,cat,0.9971,20,Maine_Coon,True
test,Maine_Coon_64,2047,20,Maine_Coon,cat,0.9982,20,Maine_Coon,True
test,Maine_Coon_66,2048,20,Maine_Coon,cat,0.9877,20,Maine_Coon,True
test,Maine_Coon_67,2049,20,Maine_Coon,cat,0.9922,20,Maine_Coon,True
test,Maine_Coon_68,2050,20,Maine_Coon,cat,0.9963,20,Maine_Coon,True
test,Maine_Coon_69,2051,20,Maine_Coon,cat,0.9733,0,Abyssinian,False
test,Maine_Coon_6,2052,20,Maine_Coon,cat,0.3321,20,Maine_Coon,True
test,Maine_Coon_70,2053,20,Maine_Coon,cat,0.9695,20,Maine_Coon,True
test,Maine_Coon_71,2054,20,Maine_Coon,cat,0.9769,20,Maine_Coon,True
test,Maine_Coon_72,2055,20,Maine_Coon,cat,0.621,20,Maine_Coon,True
test,Maine_Coon_75,2056,20,Maine_Coon,cat,0.9999,20,Maine_Coon,True
test,Maine_Coon_76,2057,20,Maine_Coon,cat,0.9955,20,Maine_Coon,True
test,Maine_Coon_77,2058,20,Maine_Coon,cat,0.7321,20,Maine_Coon,True
test,Maine_Coon_78,2059,20,Maine_Coon,cat,0.915,26,Ragdoll,False
test,Maine_Coon_79,2060,20,Maine_Coon,cat,1.0,20,Maine_Coon,True
test,Maine_Coon_7,2061,20,Maine_Coon,cat,0.7553,0,Abyssinian,False
test,Maine_Coon_80,2062,20,Maine_Coon,cat,0.995,20,Maine_Coon,True
test,Maine_Coon_81,2063,20,Maine_Coon,cat,0.9995,20,Maine_Coon,True
test,Maine_Coon_82,2064,20,Maine_Coon,cat,0.9322,20,Maine_Coon,True
test,Maine_Coon_83,2065,20,Maine_Coon,cat,0.997,20,Maine_Coon,True
test,Maine_Coon_84,2066,20,Maine_Coon,cat,0.4292,23,Persian,False
test,Maine_Coon_85,2067,20,Maine_Coon,cat,0.6205,20,Maine_Coon,True
test,Maine_Coon_87,2068,20,Maine_Coon,cat,0.4651,16,havanese,False
test,Maine_Coon_89,2069,20,Maine_Coon,cat,0.998,20,Maine_Coon,True
test,Maine_Coon_8,2070,20,Maine_Coon,cat,0.9156,26,Ragdoll,False
test,Maine_Coon_91,2071,20,Maine_Coon,cat,0.9929,20,Maine_Coon,True
test,Maine_Coon_92,2072,20,Maine_Coon,cat,0.6413,0,Abyssinian,False
test,Maine_Coon_93,2073,20,Maine_Coon,cat,0.9918,20,Maine_Coon,True
test,Maine_Coon_94,2074,20,Maine_Coon,cat,0.7973,0,Abyssinian,False
test,Maine_Coon_95,2075,20,Maine_Coon,cat,0.716,26,Ragdoll,False
test,Maine_Coon_96,2076,20,Maine_Coon,cat,0.9511,26,Ragdoll,False
test,Maine_Coon_97,2077,20,Maine_Coon,cat,0.8264,0,Abyssinian,False
test,Maine_Coon_98,2078,20,Maine_Coon,cat,0.8151,26,Ragdoll,False
test,Maine_Coon_99,2079,20,Maine_Coon,cat,0.9997,20,Maine_Coon,True
test,Maine_Coon_9,2080,20,Maine_Coon,cat,0.9992,20,Maine_Coon,True
test,miniature_pinscher_191,2081,21,miniature_pinscher,dog,0.999,21,miniature_pinscher,True
test,miniature_pinscher_192,2082,21,miniature_pinscher,dog,0.9993,10,chihuahua,False
test,miniature_pinscher_193,2083,21,miniature_pinscher,dog,0.7948,21,miniature_pinscher,True
test,miniature_pinscher_194,2084,21,miniature_pinscher,dog,0.9462,10,chihuahua,False
test,miniature_pinscher_195,2085,21,miniature_pinscher,dog,0.8502,21,miniature_pinscher,True
test,miniature_pinscher_196,2086,21,miniature_pinscher,dog,0.9481,21,miniature_pinscher,True
test,miniature_pinscher_197,2087,21,miniature_pinscher,dog,0.9499,21,miniature_pinscher,True
test,miniature_pinscher_198,2088,21,miniature_pinscher,dog,0.7851,2,american_pit_bull_terrier,False
test,miniature_pinscher_199,2089,21,miniature_pinscher,dog,0.999,21,miniature_pinscher,True
test,miniature_pinscher_19,2090,21,miniature_pinscher,dog,0.9737,21,miniature_pinscher,True
test,miniature_pinscher_1,2091,21,miniature_pinscher,dog,0.708,21,miniature_pinscher,True
test,miniature_pinscher_200,2092,21,miniature_pinscher,dog,0.9973,21,miniature_pinscher,True
test,miniature_pinscher_20,2093,21,miniature_pinscher,dog,0.8871,21,miniature_pinscher,True
test,miniature_pinscher_21,2094,21,miniature_pinscher,dog,0.9929,10,chihuahua,False
test,miniature_pinscher_22,2095,21,miniature_pinscher,dog,0.751,10,chihuahua,False
test,miniature_pinscher_23,2096,21,miniature_pinscher,dog,0.9739,21,miniature_pinscher,True
test,miniature_pinscher_24,2097,21,miniature_pinscher,dog,0.9997,21,miniature_pinscher,True
test,miniature_pinscher_25,2098,21,miniature_pinscher,dog,0.9989,21,miniature_pinscher,True
test,miniature_pinscher_26,2099,21,miniature_pinscher,dog,0.9999,21,miniature_pinscher,True
test,miniature_pinscher_27,2100,21,miniature_pinscher,dog,0.9966,21,miniature_pinscher,True
test,miniature_pinscher_28,2101,21,miniature_pinscher,dog,0.9811,21,miniature_pinscher,True
test,miniature_pinscher_29,2102,21,miniature_pinscher,dog,0.9434,21,miniature_pinscher,True
test,miniature_pinscher_2,2103,21,miniature_pinscher,dog,0.998,21,miniature_pinscher,True
test,miniature_pinscher_30,2104,21,miniature_pinscher,dog,0.9851,21,miniature_pinscher,True
test,miniature_pinscher_31,2105,21,miniature_pinscher,dog,0.8551,21,miniature_pinscher,True
test,miniature_pinscher_32,2106,21,miniature_pinscher,dog,0.9533,21,miniature_pinscher,True
test,miniature_pinscher_33,2107,21,miniature_pinscher,dog,0.8818,21,miniature_pinscher,True
test,miniature_pinscher_34,2108,21,miniature_pinscher,dog,0.999,21,miniature_pinscher,True
test,miniature_pinscher_35,2109,21,miniature_pinscher,dog,0.9984,21,miniature_pinscher,True
test,miniature_pinscher_36,2110,21,miniature_pinscher,dog,0.9982,21,miniature_pinscher,True
test,miniature_pinscher_37,2111,21,miniature_pinscher,dog,0.9982,21,miniature_pinscher,True
test,miniature_pinscher_38,2112,21,miniature_pinscher,dog,0.4954,10,chihuahua,False
test,miniature_pinscher_39,2113,21,miniature_pinscher,dog,0.9791,21,miniature_pinscher,True
test,miniature_pinscher_3,2114,21,miniature_pinscher,dog,0.8701,21,miniature_pinscher,True
test,miniature_pinscher_40,2115,21,miniature_pinscher,dog,0.9983,21,miniature_pinscher,True
test,miniature_pinscher_41,2116,21,miniature_pinscher,dog,0.9982,21,miniature_pinscher,True
test,miniature_pinscher_42,2117,21,miniature_pinscher,dog,0.9542,10,chihuahua,False
test,miniature_pinscher_43,2118,21,miniature_pinscher,dog,0.9249,0,Abyssinian,False
test,miniature_pinscher_44,2119,21,miniature_pinscher,dog,0.6009,21,miniature_pinscher,True
test,miniature_pinscher_45,2120,21,miniature_pinscher,dog,0.9955,10,chihuahua,False
test,miniature_pinscher_46,2121,21,miniature_pinscher,dog,0.9174,21,miniature_pinscher,True
test,miniature_pinscher_47,2122,21,miniature_pinscher,dog,0.9098,21,miniature_pinscher,True
test,miniature_pinscher_48,2123,21,miniature_pinscher,dog,0.9439,21,miniature_pinscher,True
test,miniature_pinscher_49,2124,21,miniature_pinscher,dog,0.7018,21,miniature_pinscher,True
test,miniature_pinscher_4,2125,21,miniature_pinscher,dog,0.9977,21,miniature_pinscher,True
test,miniature_pinscher_50,2126,21,miniature_pinscher,dog,0.9975,21,miniature_pinscher,True
test,miniature_pinscher_51,2127,21,miniature_pinscher,dog,0.9978,21,miniature_pinscher,True
test,miniature_pinscher_52,2128,21,miniature_pinscher,dog,0.6124,31,shiba_inu,False
test,miniature_pinscher_53,2129,21,miniature_pinscher,dog,0.9987,21,miniature_pinscher,True
test,miniature_pinscher_54,2130,21,miniature_pinscher,dog,0.9995,21,miniature_pinscher,True
test,miniature_pinscher_55,2131,21,miniature_pinscher,dog,0.9846,21,miniature_pinscher,True
test,miniature_pinscher_56,2132,21,miniature_pinscher,dog,0.9975,21,miniature_pinscher,True
test,miniature_pinscher_57,2133,21,miniature_pinscher,dog,0.9905,21,miniature_pinscher,True
test,miniature_pinscher_58,2134,21,miniature_pinscher,dog,0.5476,21,miniature_pinscher,True
test,miniature_pinscher_59,2135,21,miniature_pinscher,dog,0.6251,10,chihuahua,False
test,miniature_pinscher_5,2136,21,miniature_pinscher,dog,0.4458,21,miniature_pinscher,True
test,miniature_pinscher_60,2137,21,miniature_pinscher,dog,0.9033,21,miniature_pinscher,True
test,miniature_pinscher_61,2138,21,miniature_pinscher,dog,0.9997,21,miniature_pinscher,True
test,miniature_pinscher_62,2139,21,miniature_pinscher,dog,0.975,21,miniature_pinscher,True
test,miniature_pinscher_63,2140,21,miniature_pinscher,dog,0.9942,21,miniature_pinscher,True
test,miniature_pinscher_64,2141,21,miniature_pinscher,dog,0.9996,21,miniature_pinscher,True
test,miniature_pinscher_65,2142,21,miniature_pinscher,dog,0.9914,21,miniature_pinscher,True
test,miniature_pinscher_66,2143,21,miniature_pinscher,dog,0.9992,21,miniature_pinscher,True
test,miniature_pinscher_67,2144,21,miniature_pinscher,dog,0.8532,21,miniature_pinscher,True
test,miniature_pinscher_68,2145,21,miniature_pinscher,dog,0.2567,21,miniature_pinscher,True
test,miniature_pinscher_69,2146,21,miniature_pinscher,dog,0.694,10,chihuahua,False
test,miniature_pinscher_6,2147,21,miniature_pinscher,dog,0.973,21,miniature_pinscher,True
test,miniature_pinscher_70,2148,21,miniature_pinscher,dog,0.7572,21,miniature_pinscher,True
test,miniature_pinscher_71,2149,21,miniature_pinscher,dog,0.7946,10,chihuahua,False
test,miniature_pinscher_72,2150,21,miniature_pinscher,dog,0.9653,21,miniature_pinscher,True
test,miniature_pinscher_73,2151,21,miniature_pinscher,dog,0.9732,21,miniature_pinscher,True
test,miniature_pinscher_74,2152,21,miniature_pinscher,dog,0.7886,21,miniature_pinscher,True
test,miniature_pinscher_75,2153,21,miniature_pinscher,dog,0.911,21,miniature_pinscher,True
test,miniature_pinscher_76,2154,21,miniature_pinscher,dog,0.572,31,shiba_inu,False
test,miniature_pinscher_77,2155,21,miniature_pinscher,dog,0.9459,21,miniature_pinscher,True
test,miniature_pinscher_78,2156,21,miniature_pinscher,dog,0.5371,7,Bombay,False
test,miniature_pinscher_79,2157,21,miniature_pinscher,dog,0.7747,21,miniature_pinscher,True
test,miniature_pinscher_7,2158,21,miniature_pinscher,dog,0.8098,0,Abyssinian,False
test,miniature_pinscher_80,2159,21,miniature_pinscher,dog,0.9908,21,miniature_pinscher,True
test,miniature_pinscher_81,2160,21,miniature_pinscher,dog,0.4753,31,shiba_inu,False
test,miniature_pinscher_82,2161,21,miniature_pinscher,dog,0.669,21,miniature_pinscher,True
test,miniature_pinscher_83,2162,21,miniature_pinscher,dog,0.9694,21,miniature_pinscher,True
test,miniature_pinscher_84,2163,21,miniature_pinscher,dog,0.5354,21,miniature_pinscher,True
test,miniature_pinscher_85,2164,21,miniature_pinscher,dog,0.3788,2,american_pit_bull_terrier,False
test,miniature_pinscher_86,2165,21,miniature_pinscher,dog,0.9807,31,shiba_inu,False
test,miniature_pinscher_87,2166,21,miniature_pinscher,dog,0.4624,32,Siamese,False
test,miniature_pinscher_88,2167,21,miniature_pinscher,dog,0.9525,21,miniature_pinscher,True
test,miniature_pinscher_89,2168,21,miniature_pinscher,dog,0.9568,10,chihuahua,False
test,miniature_pinscher_8,2169,21,miniature_pinscher,dog,0.9994,21,miniature_pinscher,True
test,miniature_pinscher_90,2170,21,miniature_pinscher,dog,0.8087,21,miniature_pinscher,True
test,miniature_pinscher_91,2171,21,miniature_pinscher,dog,0.6186,10,chihuahua,False
test,miniature_pinscher_92,2172,21,miniature_pinscher,dog,0.8932,21,miniature_pinscher,True
test,miniature_pinscher_93,2173,21,miniature_pinscher,dog,0.7542,10,chihuahua,False
test,miniature_pinscher_94,2174,21,miniature_pinscher,dog,0.6586,31,shiba_inu,False
test,miniature_pinscher_95,2175,21,miniature_pinscher,dog,0.807,21,miniature_pinscher,True
test,miniature_pinscher_96,2176,21,miniature_pinscher,dog,0.7692,21,miniature_pinscher,True
test,miniature_pinscher_97,2177,21,miniature_pinscher,dog,0.9989,21,miniature_pinscher,True
test,miniature_pinscher_98,2178,21,miniature_pinscher,dog,0.9466,21,miniature_pinscher,True
test,miniature_pinscher_99,2179,21,miniature_pinscher,dog,0.5191,21,miniature_pinscher,True
test,miniature_pinscher_9,2180,21,miniature_pinscher,dog,0.7932,10,chihuahua,False
test,newfoundland_191,2181,22,newfoundland,dog,0.9995,22,newfoundland,True
test,newfoundland_192,2182,22,newfoundland,dog,0.9993,22,newfoundland,True
test,newfoundland_193,2183,22,newfoundland,dog,0.927,22,newfoundland,True
test,newfoundland_194,2184,22,newfoundland,dog,0.9969,22,newfoundland,True
test,newfoundland_195,2185,22,newfoundland,dog,1.0,22,newfoundland,True
test,newfoundland_196,2186,22,newfoundland,dog,0.9993,22,newfoundland,True
test,newfoundland_197,2187,22,newfoundland,dog,0.6991,14,german_shorthaired,False
test,newfoundland_198,2188,22,newfoundland,dog,0.9996,22,newfoundland,True
test,newfoundland_199,2189,22,newfoundland,dog,0.9766,22,newfoundland,True
test,newfoundland_19,2190,22,newfoundland,dog,0.9999,22,newfoundland,True
test,newfoundland_1,2191,22,newfoundland,dog,0.9961,22,newfoundland,True
test,newfoundland_200,2192,22,newfoundland,dog,0.9925,22,newfoundland,True
test,newfoundland_20,2193,22,newfoundland,dog,0.9924,22,newfoundland,True
test,newfoundland_21,2194,22,newfoundland,dog,0.8758,22,newfoundland,True
test,newfoundland_22,2195,22,newfoundland,dog,0.9018,22,newfoundland,True
test,newfoundland_23,2196,22,newfoundland,dog,0.8,22,newfoundland,True
test,newfoundland_24,2197,22,newfoundland,dog,0.9989,22,newfoundland,True
test,newfoundland_25,2198,22,newfoundland,dog,0.9985,22,newfoundland,True
test,newfoundland_26,2199,22,newfoundland,dog,0.9481,22,newfoundland,True
test,newfoundland_27,2200,22,newfoundland,dog,0.992,22,newfoundland,True
test,newfoundland_28,2201,22,newfoundland,dog,0.9956,22,newfoundland,True
test,newfoundland_29,2202,22,newfoundland,dog,0.9416,22,newfoundland,True
test,newfoundland_2,2203,22,newfoundland,dog,0.9996,22,newfoundland,True
test,newfoundland_30,2204,22,newfoundland,dog,0.9554,22,newfoundland,True
test,newfoundland_31,2205,22,newfoundland,dog,1.0,22,newfoundland,True
test,newfoundland_32,2206,22,newfoundland,dog,0.9979,22,newfoundland,True
test,newfoundland_33,2207,22,newfoundland,dog,0.9936,22,newfoundland,True
test,newfoundland_34,2208,22,newfoundland,dog,1.0,22,newfoundland,True
test,newfoundland_35,2209,22,newfoundland,dog,0.9996,22,newfoundland,True
test,newfoundland_36,2210,22,newfoundland,dog,0.9986,22,newfoundland,True
test,newfoundland_37,2211,22,newfoundland,dog,0.9764,22,newfoundland,True
test,newfoundland_38,2212,22,newfoundland,dog,0.9994,22,newfoundland,True
test,newfoundland_39,2213,22,newfoundland,dog,0.9999,22,newfoundland,True
test,newfoundland_3,2214,22,newfoundland,dog,0.9743,22,newfoundland,True
test,newfoundland_40,2215,22,newfoundland,dog,1.0,22,newfoundland,True
test,newfoundland_41,2216,22,newfoundland,dog,0.9986,22,newfoundland,True
test,newfoundland_42,2217,22,newfoundland,dog,0.9333,22,newfoundland,True
test,newfoundland_43,2218,22,newfoundland,dog,0.998,22,newfoundland,True
test,newfoundland_44,2219,22,newfoundland,dog,0.9907,22,newfoundland,True
test,newfoundland_45,2220,22,newfoundland,dog,0.9945,22,newfoundland,True
test,newfoundland_46,2221,22,newfoundland,dog,0.9759,22,newfoundland,True
test,newfoundland_47,2222,22,newfoundland,dog,0.9999,22,newfoundland,True
test,newfoundland_48,2223,22,newfoundland,dog,0.9983,22,newfoundland,True
test,newfoundland_49,2224,22,newfoundland,dog,0.9961,22,newfoundland,True
test,newfoundland_4,2225,22,newfoundland,dog,0.9993,22,newfoundland,True
test,newfoundland_50,2226,22,newfoundland,dog,0.9988,22,newfoundland,True
test,newfoundland_51,2227,22,newfoundland,dog,0.7386,22,newfoundland,True
test,newfoundland_52,2228,22,newfoundland,dog,0.9985,22,newfoundland,True
test,newfoundland_53,2229,22,newfoundland,dog,0.9998,22,newfoundland,True
test,newfoundland_54,2230,22,newfoundland,dog,0.8481,22,newfoundland,True
test,newfoundland_55,2231,22,newfoundland,dog,0.9746,22,newfoundland,True
test,newfoundland_56,2232,22,newfoundland,dog,0.9983,22,newfoundland,True
test,newfoundland_57,2233,22,newfoundland,dog,0.997,22,newfoundland,True
test,newfoundland_58,2234,22,newfoundland,dog,0.9994,22,newfoundland,True
test,newfoundland_59,2235,22,newfoundland,dog,0.9989,22,newfoundland,True
test,newfoundland_5,2236,22,newfoundland,dog,0.9997,22,newfoundland,True
test,newfoundland_60,2237,22,newfoundland,dog,0.9999,22,newfoundland,True
test,newfoundland_61,2238,22,newfoundland,dog,0.9999,22,newfoundland,True
test,newfoundland_62,2239,22,newfoundland,dog,0.6477,22,newfoundland,True
test,newfoundland_63,2240,22,newfoundland,dog,0.9971,22,newfoundland,True
test,newfoundland_64,2241,22,newfoundland,dog,0.9817,22,newfoundland,True
test,newfoundland_65,2242,22,newfoundland,dog,0.9998,22,newfoundland,True
test,newfoundland_66,2243,22,newfoundland,dog,0.9979,22,newfoundland,True
test,newfoundland_67,2244,22,newfoundland,dog,0.9989,22,newfoundland,True
test,newfoundland_68,2245,22,newfoundland,dog,0.7104,22,newfoundland,True
test,newfoundland_69,2246,22,newfoundland,dog,0.9946,22,newfoundland,True
test,newfoundland_6,2247,22,newfoundland,dog,0.9999,22,newfoundland,True
test,newfoundland_70,2248,22,newfoundland,dog,0.9899,22,newfoundland,True
test,newfoundland_71,2249,22,newfoundland,dog,0.9994,22,newfoundland,True
test,newfoundland_72,2250,22,newfoundland,dog,0.9654,22,newfoundland,True
test,newfoundland_73,2251,22,newfoundland,dog,0.9998,22,newfoundland,True
test,newfoundland_74,2252,22,newfoundland,dog,0.9996,22,newfoundland,True
test,newfoundland_75,2253,22,newfoundland,dog,0.9995,22,newfoundland,True
test,newfoundland_76,2254,22,newfoundland,dog,0.6465,12,english_cocker_spaniel,False
test,newfoundland_77,2255,22,newfoundland,dog,0.9995,22,newfoundland,True
test,newfoundland_78,2256,22,newfoundland,dog,0.9935,22,newfoundland,True
test,newfoundland_79,2257,22,newfoundland,dog,0.9603,22,newfoundland,True
test,newfoundland_7,2258,22,newfoundland,dog,0.9991,22,newfoundland,True
test,newfoundland_80,2259,22,newfoundland,dog,0.9999,22,newfoundland,True
test,newfoundland_81,2260,22,newfoundland,dog,1.0,22,newfoundland,True
test,newfoundland_82,2261,22,newfoundland,dog,1.0,22,newfoundland,True
test,newfoundland_83,2262,22,newfoundland,dog,0.9988,22,newfoundland,True
test,newfoundland_84,2263,22,newfoundland,dog,0.9983,22,newfoundland,True
test,newfoundland_85,2264,22,newfoundland,dog,0.9755,22,newfoundland,True
test,newfoundland_86,2265,22,newfoundland,dog,0.9998,22,newfoundland,True
test,newfoundland_87,2266,22,newfoundland,dog,0.9976,22,newfoundland,True
test,newfoundland_88,2267,22,newfoundland,dog,0.9883,22,newfoundland,True
test,newfoundland_89,2268,22,newfoundland,dog,0.5385,22,newfoundland,True
test,newfoundland_8,2269,22,newfoundland,dog,0.994,22,newfoundland,True
test,newfoundland_90,2270,22,newfoundland,dog,0.9655,22,newfoundland,True
test,newfoundland_91,2271,22,newfoundland,dog,0.9883,22,newfoundland,True
test,newfoundland_92,2272,22,newfoundland,dog,0.8832,22,newfoundland,True
test,newfoundland_93,2273,22,newfoundland,dog,0.9992,22,newfoundland,True
test,newfoundland_94,2274,22,newfoundland,dog,0.9997,22,newfoundland,True
test,newfoundland_95,2275,22,newfoundland,dog,0.9973,22,newfoundland,True
test,newfoundland_96,2276,22,newfoundland,dog,0.9999,22,newfoundland,True
test,newfoundland_97,2277,22,newfoundland,dog,0.9951,22,newfoundland,True
test,newfoundland_98,2278,22,newfoundland,dog,0.9962,22,newfoundland,True
test,newfoundland_99,2279,22,newfoundland,dog,0.9924,22,newfoundland,True
test,newfoundland_9,2280,22,newfoundland,dog,0.9997,22,newfoundland,True
test,Persian_21,2281,23,Persian,cat,0.9787,23,Persian,True
test,Persian_221,2282,23,Persian,cat,0.945,26,Ragdoll,False
test,Persian_224,2283,23,Persian,cat,0.3622,30,scottish_terrier,False
test,Persian_228,2284,23,Persian,cat,0.8343,30,scottish_terrier,False
test,Persian_22,2285,23,Persian,cat,0.999,23,Persian,True
test,Persian_233,2286,23,Persian,cat,0.7519,26,Ragdoll,False
test,Persian_239,2287,23,Persian,cat,0.9803,23,Persian,True
test,Persian_255,2288,23,Persian,cat,0.6492,23,Persian,True
test,Persian_256,2289,23,Persian,cat,0.9116,23,Persian,True
test,Persian_257,2290,23,Persian,cat,0.956,23,Persian,True
test,Persian_258,2291,23,Persian,cat,0.533,23,Persian,True
test,Persian_259,2292,23,Persian,cat,0.9988,23,Persian,True
test,Persian_25,2293,23,Persian,cat,0.8805,23,Persian,True
test,Persian_260,2294,23,Persian,cat,0.9989,23,Persian,True
test,Persian_261,2295,23,Persian,cat,0.8837,26,Ragdoll,False
test,Persian_262,2296,23,Persian,cat,0.8449,23,Persian,True
test,Persian_263,2297,23,Persian,cat,0.4346,23,Persian,True
test,Persian_264,2298,23,Persian,cat,0.8477,26,Ragdoll,False
test,Persian_265,2299,23,Persian,cat,0.9997,23,Persian,True
test,Persian_266,2300,23,Persian,cat,0.9606,26,Ragdoll,False
test,Persian_267,2301,23,Persian,cat,0.7704,20,Maine_Coon,False
test,Persian_268,2302,23,Persian,cat,0.9852,23,Persian,True
test,Persian_269,2303,23,Persian,cat,0.9888,23,Persian,True
test,Persian_26,2304,23,Persian,cat,0.9985,23,Persian,True
test,Persian_270,2305,23,Persian,cat,0.8681,26,Ragdoll,False
test,Persian_271,2306,23,Persian,cat,0.9835,23,Persian,True
test,Persian_272,2307,23,Persian,cat,0.991,23,Persian,True
test,Persian_273,2308,23,Persian,cat,0.9873,23,Persian,True
test,Persian_27,2309,23,Persian,cat,0.8629,23,Persian,True
test,Persian_28,2310,23,Persian,cat,0.9861,23,Persian,True
test,Persian_29,2311,23,Persian,cat,0.3772,20,Maine_Coon,False
test,Persian_2,2312,23,Persian,cat,0.9692,23,Persian,True
test,Persian_30,2313,23,Persian,cat,0.9987,23,Persian,True
test,Persian_31,2314,23,Persian,cat,0.9975,23,Persian,True
test,Persian_32,2315,23,Persian,cat,0.9988,23,Persian,True
test,Persian_34,2316,23,Persian,cat,0.9969,23,Persian,True
test,Persian_36,2317,23,Persian,cat,0.9935,23,Persian,True
test,Persian_37,2318,23,Persian,cat,0.9961,23,Persian,True
test,Persian_38,2319,23,Persian,cat,0.9665,23,Persian,True
test,Persian_39,2320,23,Persian,cat,0.9452,23,Persian,True
test,Persian_3,2321,23,Persian,cat,0.9994,23,Persian,True
test,Persian_40,2322,23,Persian,cat,0.9994,23,Persian,True
test,Persian_41,2323,23,Persian,cat,0.7954,23,Persian,True
test,Persian_42,2324,23,Persian,cat,0.9988,23,Persian,True
test,Persian_43,2325,23,Persian,cat,0.9992,23,Persian,True
test,Persian_44,2326,23,Persian,cat,0.9992,23,Persian,True
test,Persian_45,2327,23,Persian,cat,0.9975,23,Persian,True
test,Persian_46,2328,23,Persian,cat,0.9923,23,Persian,True
test,Persian_47,2329,23,Persian,cat,0.9941,23,Persian,True
test,Persian_49,2330,23,Persian,cat,0.9567,23,Persian,True
test,Persian_4,2331,23,Persian,cat,0.899,23,Persian,True
test,Persian_51,2332,23,Persian,cat,0.8899,23,Persian,True
test,Persian_52,2333,23,Persian,cat,0.6569,23,Persian,True
test,Persian_53,2334,23,Persian,cat,0.9957,23,Persian,True
test,Persian_54,2335,23,Persian,cat,0.9856,23,Persian,True
test,Persian_55,2336,23,Persian,cat,0.9992,23,Persian,True
test,Persian_56,2337,23,Persian,cat,0.9997,23,Persian,True
test,Persian_58,2338,23,Persian,cat,0.9969,23,Persian,True
test,Persian_59,2339,23,Persian,cat,0.9983,23,Persian,True
test,Persian_5,2340,23,Persian,cat,0.9935,23,Persian,True
test,Persian_60,2341,23,Persian,cat,0.9566,23,Persian,True
test,Persian_61,2342,23,Persian,cat,0.9977,23,Persian,True
test,Persian_62,2343,23,Persian,cat,0.7679,23,Persian,True
test,Persian_63,2344,23,Persian,cat,0.8686,23,Persian,True
test,Persian_64,2345,23,Persian,cat,0.999,23,Persian,True
test,Persian_65,2346,23,Persian,cat,0.9966,23,Persian,True
test,Persian_66,2347,23,Persian,cat,0.997,23,Persian,True
test,Persian_67,2348,23,Persian,cat,0.9981,23,Persian,True
test,Persian_68,2349,23,Persian,cat,0.9788,23,Persian,True
test,Persian_69,2350,23,Persian,cat,0.9968,23,Persian,True
test,Persian_6,2351,23,Persian,cat,0.7372,23,Persian,True
test,Persian_70,2352,23,Persian,cat,0.9996,23,Persian,True
test,Persian_71,2353,23,Persian,cat,0.7355,23,Persian,True
test,Persian_72,2354,23,Persian,cat,0.898,23,Persian,True
test,Persian_74,2355,23,Persian,cat,0.9997,23,Persian,True
test,Persian_75,2356,23,Persian,cat,0.988,23,Persian,True
test,Persian_76,2357,23,Persian,cat,0.9987,23,Persian,True
test,Persian_77,2358,23,Persian,cat,0.8706,26,Ragdoll,False
test,Persian_78,2359,23,Persian,cat,0.4554,23,Persian,True
test,Persian_79,2360,23,Persian,cat,0.743,23,Persian,True
test,Persian_7,2361,23,Persian,cat,0.9992,23,Persian,True
test,Persian_80,2362,23,Persian,cat,0.9975,23,Persian,True
test,Persian_81,2363,23,Persian,cat,0.9956,23,Persian,True
test,Persian_82,2364,23,Persian,cat,0.9951,23,Persian,True
test,Persian_83,2365,23,Persian,cat,0.9999,23,Persian,True
test,Persian_84,2366,23,Persian,cat,0.9813,23,Persian,True
test,Persian_85,2367,23,Persian,cat,0.9994,23,Persian,True
test,Persian_86,2368,23,Persian,cat,0.8452,23,Persian,True
test,Persian_87,2369,23,Persian,cat,0.9985,23,Persian,True
test,Persian_88,2370,23,Persian,cat,0.9975,23,Persian,True
test,Persian_89,2371,23,Persian,cat,0.6605,6,Birman,False
test,Persian_8,2372,23,Persian,cat,0.9992,23,Persian,True
test,Persian_90,2373,23,Persian,cat,0.9956,23,Persian,True
test,Persian_91,2374,23,Persian,cat,0.6743,26,Ragdoll,False
test,Persian_94,2375,23,Persian,cat,0.9631,23,Persian,True
test,Persian_95,2376,23,Persian,cat,0.9911,23,Persian,True
test,Persian_97,2377,23,Persian,cat,0.9909,23,Persian,True
test,Persian_98,2378,23,Persian,cat,0.8905,26,Ragdoll,False
test,Persian_99,2379,23,Persian,cat,0.9898,23,Persian,True
test,Persian_9,2380,23,Persian,cat,0.7884,6,Birman,False
test,pomeranian_191,2381,24,pomeranian,dog,0.8996,24,pomeranian,True
test,pomeranian_192,2382,24,pomeranian,dog,0.9999,24,pomeranian,True
test,pomeranian_193,2383,24,pomeranian,dog,0.9988,24,pomeranian,True
test,pomeranian_194,2384,24,pomeranian,dog,0.9872,24,pomeranian,True
test,pomeranian_195,2385,24,pomeranian,dog,0.9959,24,pomeranian,True
test,pomeranian_196,2386,24,pomeranian,dog,0.9933,24,pomeranian,True
test,pomeranian_197,2387,24,pomeranian,dog,0.621,24,pomeranian,True
test,pomeranian_198,2388,24,pomeranian,dog,0.9998,24,pomeranian,True
test,pomeranian_199,2389,24,pomeranian,dog,0.7719,24,pomeranian,True
test,pomeranian_19,2390,24,pomeranian,dog,0.9605,24,pomeranian,True
test,pomeranian_1,2391,24,pomeranian,dog,0.9988,24,pomeranian,True
test,pomeranian_200,2392,24,pomeranian,dog,0.6438,29,samoyed,False
test,pomeranian_20,2393,24,pomeranian,dog,0.9926,24,pomeranian,True
test,pomeranian_21,2394,24,pomeranian,dog,0.9683,24,pomeranian,True
test,pomeranian_22,2395,24,pomeranian,dog,0.9696,24,pomeranian,True
test,pomeranian_23,2396,24,pomeranian,dog,0.9304,24,pomeranian,True
test,pomeranian_24,2397,24,pomeranian,dog,0.9826,24,pomeranian,True
test,pomeranian_25,2398,24,pomeranian,dog,0.9988,24,pomeranian,True
test,pomeranian_26,2399,24,pomeranian,dog,0.6183,31,shiba_inu,False
test,pomeranian_27,2400,24,pomeranian,dog,0.7189,23,Persian,False
test,pomeranian_28,2401,24,pomeranian,dog,0.9988,24,pomeranian,True
test,pomeranian_29,2402,24,pomeranian,dog,0.9975,24,pomeranian,True
test,pomeranian_2,2403,24,pomeranian,dog,0.9952,24,pomeranian,True
test,pomeranian_30,2404,24,pomeranian,dog,0.8777,24,pomeranian,True
test,pomeranian_31,2405,24,pomeranian,dog,0.9612,24,pomeranian,True
test,pomeranian_32,2406,24,pomeranian,dog,0.9967,24,pomeranian,True
test,pomeranian_33,2407,24,pomeranian,dog,0.9919,24,pomeranian,True
test,pomeranian_34,2408,24,pomeranian,dog,0.383,23,Persian,False
test,pomeranian_35,2409,24,pomeranian,dog,0.6092,17,japanese_chin,False
test,pomeranian_36,2410,24,pomeranian,dog,0.9129,24,pomeranian,True
test,pomeranian_37,2411,24,pomeranian,dog,0.5439,24,pomeranian,True
test,pomeranian_38,2412,24,pomeranian,dog,0.867,22,newfoundland,False
test,pomeranian_39,2413,24,pomeranian,dog,0.7882,24,pomeranian,True
test,pomeranian_3,2414,24,pomeranian,dog,0.999,24,pomeranian,True
test,pomeranian_40,2415,24,pomeranian,dog,0.9181,24,pomeranian,True
test,pomeranian_41,2416,24,pomeranian,dog,0.531,24,pomeranian,True
test,pomeranian_42,2417,24,pomeranian,dog,0.8739,24,pomeranian,True
test,pomeranian_43,2418,24,pomeranian,dog,0.9709,24,pomeranian,True
test,pomeranian_44,2419,24,pomeranian,dog,0.9923,24,pomeranian,True
test,pomeranian_45,2420,24,pomeranian,dog,0.9931,24,pomeranian,True
test,pomeranian_46,2421,24,pomeranian,dog,0.9949,24,pomeranian,True
test,pomeranian_47,2422,24,pomeranian,dog,0.4892,17,japanese_chin,False
test,pomeranian_48,2423,24,pomeranian,dog,0.8277,24,pomeranian,True
test,pomeranian_49,2424,24,pomeranian,dog,0.9919,24,pomeranian,True
test,pomeranian_4,2425,24,pomeranian,dog,0.9738,24,pomeranian,True
test,pomeranian_50,2426,24,pomeranian,dog,0.9971,24,pomeranian,True
test,pomeranian_51,2427,24,pomeranian,dog,0.9964,24,pomeranian,True
test,pomeranian_52,2428,24,pomeranian,dog,0.9998,24,pomeranian,True
test,pomeranian_53,2429,24,pomeranian,dog,0.9608,24,pomeranian,True
test,pomeranian_54,2430,24,pomeranian,dog,0.996,24,pomeranian,True
test,pomeranian_55,2431,24,pomeranian,dog,0.9954,24,pomeranian,True
test,pomeranian_56,2432,24,pomeranian,dog,0.9991,24,pomeranian,True
test,pomeranian_57,2433,24,pomeranian,dog,0.9983,24,pomeranian,True
test,pomeranian_58,2434,24,pomeranian,dog,0.9999,24,pomeranian,True
test,pomeranian_59,2435,24,pomeranian,dog,0.9987,24,pomeranian,True
test,pomeranian_5,2436,24,pomeranian,dog,0.9992,24,pomeranian,True
test,pomeranian_60,2437,24,pomeranian,dog,0.7761,24,pomeranian,True
test,pomeranian_61,2438,24,pomeranian,dog,0.8635,24,pomeranian,True
test,pomeranian_62,2439,24,pomeranian,dog,0.9963,24,pomeranian,True
test,pomeranian_63,2440,24,pomeranian,dog,0.9981,24,pomeranian,True
test,pomeranian_64,2441,24,pomeranian,dog,0.8934,24,pomeranian,True
test,pomeranian_65,2442,24,pomeranian,dog,0.9652,24,pomeranian,True
test,pomeranian_66,2443,24,pomeranian,dog,0.9964,24,pomeranian,True
test,pomeranian_67,2444,24,pomeranian,dog,0.9881,24,pomeranian,True
test,pomeranian_68,2445,24,pomeranian,dog,0.9984,24,pomeranian,True
test,pomeranian_69,2446,24,pomeranian,dog,0.9995,24,pomeranian,True
test,pomeranian_6,2447,24,pomeranian,dog,0.9973,24,pomeranian,True
test,pomeranian_70,2448,24,pomeranian,dog,0.9896,24,pomeranian,True
test,pomeranian_71,2449,24,pomeranian,dog,0.7968,24,pomeranian,True
test,pomeranian_72,2450,24,pomeranian,dog,0.6551,24,pomeranian,True
test,pomeranian_73,2451,24,pomeranian,dog,0.9348,24,pomeranian,True
test,pomeranian_74,2452,24,pomeranian,dog,0.9952,24,pomeranian,True
test,pomeranian_75,2453,24,pomeranian,dog,0.7063,24,pomeranian,True
test,pomeranian_76,2454,24,pomeranian,dog,0.9992,24,pomeranian,True
test,pomeranian_77,2455,24,pomeranian,dog,0.9134,24,pomeranian,True
test,pomeranian_78,2456,24,pomeranian,dog,0.4864,24,pomeranian,True
test,pomeranian_79,2457,24,pomeranian,dog,0.9916,24,pomeranian,True
test,pomeranian_7,2458,24,pomeranian,dog,0.9804,24,pomeranian,True
test,pomeranian_80,2459,24,pomeranian,dog,0.9442,17,japanese_chin,False
test,pomeranian_81,2460,24,pomeranian,dog,0.9992,24,pomeranian,True
test,pomeranian_82,2461,24,pomeranian,dog,0.9994,24,pomeranian,True
test,pomeranian_83,2462,24,pomeranian,dog,0.9871,24,pomeranian,True
test,pomeranian_84,2463,24,pomeranian,dog,0.993,24,pomeranian,True
test,pomeranian_85,2464,24,pomeranian,dog,0.9979,24,pomeranian,True
test,pomeranian_86,2465,24,pomeranian,dog,0.9519,24,pomeranian,True
test,pomeranian_87,2466,24,pomeranian,dog,0.7514,24,pomeranian,True
test,pomeranian_88,2467,24,pomeranian,dog,0.9963,24,pomeranian,True
test,pomeranian_89,2468,24,pomeranian,dog,0.9519,24,pomeranian,True
test,pomeranian_8,2469,24,pomeranian,dog,0.9998,24,pomeranian,True
test,pomeranian_90,2470,24,pomeranian,dog,0.9991,24,pomeranian,True
test,pomeranian_91,2471,24,pomeranian,dog,0.9856,24,pomeranian,True
test,pomeranian_92,2472,24,pomeranian,dog,0.9928,24,pomeranian,True
test,pomeranian_93,2473,24,pomeranian,dog,0.9965,24,pomeranian,True
test,pomeranian_94,2474,24,pomeranian,dog,0.9939,24,pomeranian,True
test,pomeranian_95,2475,24,pomeranian,dog,0.9978,24,pomeranian,True
test,pomeranian_96,2476,24,pomeranian,dog,0.8949,24,pomeranian,True
test,pomeranian_97,2477,24,pomeranian,dog,0.4581,29,samoyed,False
test,pomeranian_98,2478,24,pomeranian,dog,0.9958,24,pomeranian,True
test,pomeranian_99,2479,24,pomeranian,dog,0.9986,24,pomeranian,True
test,pomeranian_9,2480,24,pomeranian,dog,0.7576,24,pomeranian,True
test,pug_193,2481,25,pug,dog,0.997,25,pug,True
test,pug_194,2482,25,pug,dog,0.9997,25,pug,True
test,pug_195,2483,25,pug,dog,0.9742,25,pug,True
test,pug_196,2484,25,pug,dog,0.9958,25,pug,True
test,pug_197,2485,25,pug,dog,0.9996,25,pug,True
test,pug_198,2486,25,pug,dog,0.9998,25,pug,True
test,pug_199,2487,25,pug,dog,0.9997,25,pug,True
test,pug_19,2488,25,pug,dog,0.9975,25,pug,True
test,pug_1,2489,25,pug,dog,0.9985,25,pug,True
test,pug_200,2490,25,pug,dog,0.9999,25,pug,True
test,pug_201,2491,25,pug,dog,0.9907,25,pug,True
test,pug_202,2492,25,pug,dog,0.9997,25,pug,True
test,pug_203,2493,25,pug,dog,0.9995,25,pug,True
test,pug_20,2494,25,pug,dog,0.9972,25,pug,True
test,pug_21,2495,25,pug,dog,0.9998,25,pug,True
test,pug_22,2496,25,pug,dog,0.5602,25,pug,True
test,pug_23,2497,25,pug,dog,0.9987,25,pug,True
test,pug_24,2498,25,pug,dog,0.485,28,saint_bernard,False
test,pug_25,2499,25,pug,dog,0.9956,25,pug,True
test,pug_26,2500,25,pug,dog,0.9952,25,pug,True
test,pug_27,2501,25,pug,dog,0.9923,25,pug,True
test,pug_28,2502,25,pug,dog,0.9988,25,pug,True
test,pug_29,2503,25,pug,dog,0.9995,25,pug,True
test,pug_2,2504,25,pug,dog,0.9991,25,pug,True
test,pug_30,2505,25,pug,dog,0.9997,25,pug,True
test,pug_31,2506,25,pug,dog,0.9811,25,pug,True
test,pug_32,2507,25,pug,dog,0.9839,25,pug,True
test,pug_33,2508,25,pug,dog,0.9977,25,pug,True
test,pug_34,2509,25,pug,dog,0.9998,25,pug,True
test,pug_35,2510,25,pug,dog,0.7534,25,pug,True
test,pug_36,2511,25,pug,dog,0.9956,25,pug,True
test,pug_37,2512,25,pug,dog,0.987,25,pug,True
test,pug_38,2513,25,pug,dog,0.9999,25,pug,True
test,pug_39,2514,25,pug,dog,0.9988,25,pug,True
test,pug_3,2515,25,pug,dog,0.9995,25,pug,True
test,pug_40,2516,25,pug,dog,0.9907,25,pug,True
test,pug_41,2517,25,pug,dog,0.9904,25,pug,True
test,pug_42,2518,25,pug,dog,0.9991,25,pug,True
test,pug_43,2519,25,pug,dog,0.9998,25,pug,True
test,pug_44,2520,25,pug,dog,0.9998,25,pug,True
test,pug_45,2521,25,pug,dog,0.8046,25,pug,True
test,pug_46,2522,25,pug,dog,0.9856,25,pug,True
test,pug_47,2523,25,pug,dog,0.9992,25,pug,True
test,pug_48,2524,25,pug,dog,0.9992,25,pug,True
test,pug_49,2525,25,pug,dog,0.966,25,pug,True
test,pug_4,2526,25,pug,dog,0.9975,25,pug,True
test,pug_50,2527,25,pug,dog,0.9482,25,pug,True
test,pug_51,2528,25,pug,dog,0.9993,25,pug,True
test,pug_52,2529,25,pug,dog,0.9983,25,pug,True
test,pug_53,2530,25,pug,dog,0.9999,25,pug,True
test,pug_54,2531,25,pug,dog,0.998,25,pug,True
test,pug_55,2532,25,pug,dog,0.9993,25,pug,True
test,pug_56,2533,25,pug,dog,0.999,25,pug,True
test,pug_57,2534,25,pug,dog,0.9997,25,pug,True
test,pug_58,2535,25,pug,dog,0.9514,25,pug,True
test,pug_59,2536,25,pug,dog,0.9988,25,pug,True
test,pug_5,2537,25,pug,dog,0.698,25,pug,True
test,pug_60,2538,25,pug,dog,0.9818,25,pug,True
test,pug_61,2539,25,pug,dog,0.9985,25,pug,True
test,pug_62,2540,25,pug,dog,0.9986,25,pug,True
test,pug_63,2541,25,pug,dog,0.9912,25,pug,True
test,pug_64,2542,25,pug,dog,0.9923,25,pug,True
test,pug_65,2543,25,pug,dog,0.9998,25,pug,True
test,pug_66,2544,25,pug,dog,0.9995,25,pug,True
test,pug_67,2545,25,pug,dog,0.9853,25,pug,True
test,pug_68,2546,25,pug,dog,0.9431,25,pug,True
test,pug_69,2547,25,pug,dog,0.9458,25,pug,True
test,pug_6,2548,25,pug,dog,0.9058,25,pug,True
test,pug_70,2549,25,pug,dog,0.8612,25,pug,True
test,pug_71,2550,25,pug,dog,0.9986,25,pug,True
test,pug_72,2551,25,pug,dog,0.9998,25,pug,True
test,pug_73,2552,25,pug,dog,0.9903,25,pug,True
test,pug_74,2553,25,pug,dog,0.9723,8,boxer,False
test,pug_75,2554,25,pug,dog,0.9997,25,pug,True
test,pug_76,2555,25,pug,dog,0.8613,25,pug,True
test,pug_77,2556,25,pug,dog,0.9913,25,pug,True
test,pug_78,2557,25,pug,dog,0.9873,25,pug,True
test,pug_79,2558,25,pug,dog,0.9977,25,pug,True
test,pug_7,2559,25,pug,dog,0.8177,25,pug,True
test,pug_80,2560,25,pug,dog,0.9998,25,pug,True
test,pug_81,2561,25,pug,dog,0.9054,25,pug,True
test,pug_82,2562,25,pug,dog,0.9989,25,pug,True
test,pug_84,2563,25,pug,dog,0.5883,25,pug,True
test,pug_85,2564,25,pug,dog,0.9608,25,pug,True
test,pug_86,2565,25,pug,dog,0.9921,25,pug,True
test,pug_87,2566,25,pug,dog,0.9903,25,pug,True
test,pug_88,2567,25,pug,dog,0.9998,25,pug,True
test,pug_89,2568,25,pug,dog,0.9243,25,pug,True
test,pug_8,2569,25,pug,dog,0.9973,25,pug,True
test,pug_90,2570,25,pug,dog,0.9967,25,pug,True
test,pug_91,2571,25,pug,dog,0.9948,25,pug,True
test,pug_92,2572,25,pug,dog,0.9928,25,pug,True
test,pug_93,2573,25,pug,dog,0.945,25,pug,True
test,pug_94,2574,25,pug,dog,0.9964,25,pug,True
test,pug_95,2575,25,pug,dog,0.996,25,pug,True
test,pug_96,2576,25,pug,dog,0.9877,25,pug,True
test,pug_97,2577,25,pug,dog,0.9849,25,pug,True
test,pug_98,2578,25,pug,dog,0.9982,25,pug,True
test,pug_99,2579,25,pug,dog,0.9932,25,pug,True
test,pug_9,2580,25,pug,dog,0.895,25,pug,True
test,Ragdoll_203,2581,26,Ragdoll,cat,0.8227,26,Ragdoll,True
test,Ragdoll_204,2582,26,Ragdoll,cat,0.9563,26,Ragdoll,True
test,Ragdoll_205,2583,26,Ragdoll,cat,0.9988,26,Ragdoll,True
test,Ragdoll_208,2584,26,Ragdoll,cat,0.8652,6,Birman,False
test,Ragdoll_20,2585,26,Ragdoll,cat,0.998,26,Ragdoll,True
test,Ragdoll_210,2586,26,Ragdoll,cat,0.9913,26,Ragdoll,True
test,Ragdoll_219,2587,26,Ragdoll,cat,0.4542,6,Birman,False
test,Ragdoll_224,2588,26,Ragdoll,cat,0.9951,26,Ragdoll,True
test,Ragdoll_227,2589,26,Ragdoll,cat,0.7527,26,Ragdoll,True
test,Ragdoll_228,2590,26,Ragdoll,cat,0.988,6,Birman,False
test,Ragdoll_234,2591,26,Ragdoll,cat,0.9997,26,Ragdoll,True
test,Ragdoll_235,2592,26,Ragdoll,cat,0.6862,26,Ragdoll,True
test,Ragdoll_245,2593,26,Ragdoll,cat,0.9113,6,Birman,False
test,Ragdoll_24,2594,26,Ragdoll,cat,0.9201,6,Birman,False
test,Ragdoll_250,2595,26,Ragdoll,cat,0.8501,26,Ragdoll,True
test,Ragdoll_252,2596,26,Ragdoll,cat,0.9861,6,Birman,False
test,Ragdoll_254,2597,26,Ragdoll,cat,0.9487,26,Ragdoll,True
test,Ragdoll_255,2598,26,Ragdoll,cat,0.8521,26,Ragdoll,True
test,Ragdoll_257,2599,26,Ragdoll,cat,0.7578,26,Ragdoll,True
test,Ragdoll_258,2600,26,Ragdoll,cat,0.994,26,Ragdoll,True
test,Ragdoll_259,2601,26,Ragdoll,cat,0.9972,26,Ragdoll,True
test,Ragdoll_25,2602,26,Ragdoll,cat,0.9297,26,Ragdoll,True
test,Ragdoll_260,2603,26,Ragdoll,cat,0.9995,26,Ragdoll,True
test,Ragdoll_261,2604,26,Ragdoll,cat,0.9992,26,Ragdoll,True
test,Ragdoll_262,2605,26,Ragdoll,cat,0.9999,26,Ragdoll,True
test,Ragdoll_263,2606,26,Ragdoll,cat,0.9999,26,Ragdoll,True
test,Ragdoll_264,2607,26,Ragdoll,cat,0.9467,26,Ragdoll,True
test,Ragdoll_265,2608,26,Ragdoll,cat,0.9589,26,Ragdoll,True
test,Ragdoll_26,2609,26,Ragdoll,cat,0.8842,26,Ragdoll,True
test,Ragdoll_27,2610,26,Ragdoll,cat,0.9964,26,Ragdoll,True
test,Ragdoll_29,2611,26,Ragdoll,cat,0.5536,26,Ragdoll,True
test,Ragdoll_2,2612,26,Ragdoll,cat,0.999,26,Ragdoll,True
test,Ragdoll_30,2613,26,Ragdoll,cat,0.7284,26,Ragdoll,True
test,Ragdoll_31,2614,26,Ragdoll,cat,0.9992,26,Ragdoll,True
test,Ragdoll_32,2615,26,Ragdoll,cat,0.9842,26,Ragdoll,True
test,Ragdoll_33,2616,26,Ragdoll,cat,0.9997,26,Ragdoll,True
test,Ragdoll_34,2617,26,Ragdoll,cat,0.9999,26,Ragdoll,True
test,Ragdoll_35,2618,26,Ragdoll,cat,0.7055,32,Siamese,False
test,Ragdoll_36,2619,26,Ragdoll,cat,0.8755,26,Ragdoll,True
test,Ragdoll_37,2620,26,Ragdoll,cat,0.9999,26,Ragdoll,True
test,Ragdoll_3,2621,26,Ragdoll,cat,0.9984,26,Ragdoll,True
test,Ragdoll_40,2622,26,Ragdoll,cat,0.983,26,Ragdoll,True
test,Ragdoll_41,2623,26,Ragdoll,cat,0.9995,26,Ragdoll,True
test,Ragdoll_42,2624,26,Ragdoll,cat,0.9998,26,Ragdoll,True
test,Ragdoll_43,2625,26,Ragdoll,cat,0.9995,26,Ragdoll,True
test,Ragdoll_44,2626,26,Ragdoll,cat,0.9994,26,Ragdoll,True
test,Ragdoll_45,2627,26,Ragdoll,cat,0.914,26,Ragdoll,True
test,Ragdoll_47,2628,26,Ragdoll,cat,0.9995,26,Ragdoll,True
test,Ragdoll_48,2629,26,Ragdoll,cat,0.9998,26,Ragdoll,True
test,Ragdoll_49,2630,26,Ragdoll,cat,0.9719,26,Ragdoll,True
test,Ragdoll_4,2631,26,Ragdoll,cat,0.9978,26,Ragdoll,True
test,Ragdoll_51,2632,26,Ragdoll,cat,0.9964,26,Ragdoll,True
test,Ragdoll_52,2633,26,Ragdoll,cat,0.6541,26,Ragdoll,True
test,Ragdoll_53,2634,26,Ragdoll,cat,0.6981,6,Birman,False
test,Ragdoll_54,2635,26,Ragdoll,cat,0.9874,26,Ragdoll,True
test,Ragdoll_56,2636,26,Ragdoll,cat,0.9001,26,Ragdoll,True
test,Ragdoll_57,2637,26,Ragdoll,cat,0.4637,6,Birman,False
test,Ragdoll_58,2638,26,Ragdoll,cat,0.9739,26,Ragdoll,True
test,Ragdoll_59,2639,26,Ragdoll,cat,0.9847,26,Ragdoll,True
test,Ragdoll_5,2640,26,Ragdoll,cat,0.9999,26,Ragdoll,True
test,Ragdoll_60,2641,26,Ragdoll,cat,0.8764,26,Ragdoll,True
test,Ragdoll_62,2642,26,Ragdoll,cat,0.5817,6,Birman,False
test,Ragdoll_63,2643,26,Ragdoll,cat,0.9981,26,Ragdoll,True
test,Ragdoll_64,2644,26,Ragdoll,cat,0.9985,26,Ragdoll,True
test,Ragdoll_67,2645,26,Ragdoll,cat,0.8138,6,Birman,False
test,Ragdoll_68,2646,26,Ragdoll,cat,0.9997,26,Ragdoll,True
test,Ragdoll_69,2647,26,Ragdoll,cat,0.9998,26,Ragdoll,True
test,Ragdoll_6,2648,26,Ragdoll,cat,0.8119,26,Ragdoll,True
test,Ragdoll_71,2649,26,Ragdoll,cat,0.9955,26,Ragdoll,True
test,Ragdoll_72,2650,26,Ragdoll,cat,0.9996,26,Ragdoll,True
test,Ragdoll_73,2651,26,Ragdoll,cat,0.9999,26,Ragdoll,True
test,Ragdoll_74,2652,26,Ragdoll,cat,0.9808,26,Ragdoll,True
test,Ragdoll_75,2653,26,Ragdoll,cat,0.9958,26,Ragdoll,True
test,Ragdoll_76,2654,26,Ragdoll,cat,0.9931,26,Ragdoll,True
test,Ragdoll_77,2655,26,Ragdoll,cat,0.9836,26,Ragdoll,True
test,Ragdoll_78,2656,26,Ragdoll,cat,0.9956,26,Ragdoll,True
test,Ragdoll_79,2657,26,Ragdoll,cat,0.8786,26,Ragdoll,True
test,Ragdoll_7,2658,26,Ragdoll,cat,0.5596,26,Ragdoll,True
test,Ragdoll_80,2659,26,Ragdoll,cat,0.9326,26,Ragdoll,True
test,Ragdoll_81,2660,26,Ragdoll,cat,0.9816,6,Birman,False
test,Ragdoll_82,2661,26,Ragdoll,cat,0.9535,26,Ragdoll,True
test,Ragdoll_83,2662,26,Ragdoll,cat,0.987,26,Ragdoll,True
test,Ragdoll_84,2663,26,Ragdoll,cat,0.7312,26,Ragdoll,True
test,Ragdoll_85,2664,26,Ragdoll,cat,0.6971,26,Ragdoll,True
test,Ragdoll_86,2665,26,Ragdoll,cat,0.9959,26,Ragdoll,True
test,Ragdoll_87,2666,26,Ragdoll,cat,0.9944,26,Ragdoll,True
test,Ragdoll_88,2667,26,Ragdoll,cat,0.9971,26,Ragdoll,True
test,Ragdoll_89,2668,26,Ragdoll,cat,0.9998,26,Ragdoll,True
test,Ragdoll_8,2669,26,Ragdoll,cat,0.9722,26,Ragdoll,True
test,Ragdoll_90,2670,26,Ragdoll,cat,0.9997,26,Ragdoll,True
test,Ragdoll_91,2671,26,Ragdoll,cat,0.8755,6,Birman,False
test,Ragdoll_92,2672,26,Ragdoll,cat,0.7294,26,Ragdoll,True
test,Ragdoll_93,2673,26,Ragdoll,cat,0.3892,31,shiba_inu,False
test,Ragdoll_94,2674,26,Ragdoll,cat,0.9551,26,Ragdoll,True
test,Ragdoll_95,2675,26,Ragdoll,cat,0.7097,6,Birman,False
test,Ragdoll_96,2676,26,Ragdoll,cat,0.9619,26,Ragdoll,True
test,Ragdoll_97,2677,26,Ragdoll,cat,0.9952,26,Ragdoll,True
test,Ragdoll_98,2678,26,Ragdoll,cat,0.9987,26,Ragdoll,True
test,Ragdoll_99,2679,26,Ragdoll,cat,0.9997,26,Ragdoll,True
test,Ragdoll_9,2680,26,Ragdoll,cat,0.9987,26,Ragdoll,True
test,Russian_Blue_201,2681,27,Russian_Blue,cat,0.9914,27,Russian_Blue,True
test,Russian_Blue_202,2682,27,Russian_Blue,cat,0.9994,27,Russian_Blue,True
test,Russian_Blue_203,2683,27,Russian_Blue,cat,0.9997,27,Russian_Blue,True
test,Russian_Blue_204,2684,27,Russian_Blue,cat,0.9988,27,Russian_Blue,True
test,Russian_Blue_205,2685,27,Russian_Blue,cat,0.8888,27,Russian_Blue,True
test,Russian_Blue_206,2686,27,Russian_Blue,cat,0.9988,27,Russian_Blue,True
test,Russian_Blue_207,2687,27,Russian_Blue,cat,0.9999,27,Russian_Blue,True
test,Russian_Blue_208,2688,27,Russian_Blue,cat,0.997,27,Russian_Blue,True
test,Russian_Blue_209,2689,27,Russian_Blue,cat,0.9951,27,Russian_Blue,True
test,Russian_Blue_20,2690,27,Russian_Blue,cat,0.9628,27,Russian_Blue,True
test,Russian_Blue_211,2691,27,Russian_Blue,cat,0.9543,27,Russian_Blue,True
test,Russian_Blue_212,2692,27,Russian_Blue,cat,0.9902,27,Russian_Blue,True
test,Russian_Blue_215,2693,27,Russian_Blue,cat,0.6047,0,Abyssinian,False
test,Russian_Blue_216,2694,27,Russian_Blue,cat,0.7729,0,Abyssinian,False
test,Russian_Blue_21,2695,27,Russian_Blue,cat,0.9962,27,Russian_Blue,True
test,Russian_Blue_220,2696,27,Russian_Blue,cat,0.7308,27,Russian_Blue,True
test,Russian_Blue_221,2697,27,Russian_Blue,cat,0.4867,7,Bombay,False
test,Russian_Blue_222,2698,27,Russian_Blue,cat,0.5109,7,Bombay,False
test,Russian_Blue_226,2699,27,Russian_Blue,cat,0.7781,7,Bombay,False
test,Russian_Blue_228,2700,27,Russian_Blue,cat,0.7476,5,Bengal,False
test,Russian_Blue_232,2701,27,Russian_Blue,cat,0.7704,7,Bombay,False
test,Russian_Blue_236,2702,27,Russian_Blue,cat,0.943,27,Russian_Blue,True
test,Russian_Blue_237,2703,27,Russian_Blue,cat,0.4447,9,British_Shorthair,False
test,Russian_Blue_239,2704,27,Russian_Blue,cat,0.554,27,Russian_Blue,True
test,Russian_Blue_240,2705,27,Russian_Blue,cat,0.4501,7,Bombay,False
test,Russian_Blue_242,2706,27,Russian_Blue,cat,0.7002,7,Bombay,False
test,Russian_Blue_244,2707,27,Russian_Blue,cat,0.5652,7,Bombay,False
test,Russian_Blue_24,2708,27,Russian_Blue,cat,0.9967,27,Russian_Blue,True
test,Russian_Blue_253,2709,27,Russian_Blue,cat,0.6345,27,Russian_Blue,True
test,Russian_Blue_258,2710,27,Russian_Blue,cat,0.3485,27,Russian_Blue,True
test,Russian_Blue_262,2711,27,Russian_Blue,cat,0.6698,27,Russian_Blue,True
test,Russian_Blue_263,2712,27,Russian_Blue,cat,0.9799,27,Russian_Blue,True
test,Russian_Blue_264,2713,27,Russian_Blue,cat,0.5138,9,British_Shorthair,False
test,Russian_Blue_27,2714,27,Russian_Blue,cat,0.9995,27,Russian_Blue,True
test,Russian_Blue_28,2715,27,Russian_Blue,cat,0.9744,27,Russian_Blue,True
test,Russian_Blue_29,2716,27,Russian_Blue,cat,0.8251,9,British_Shorthair,False
test,Russian_Blue_30,2717,27,Russian_Blue,cat,0.9953,27,Russian_Blue,True
test,Russian_Blue_31,2718,27,Russian_Blue,cat,0.9991,27,Russian_Blue,True
test,Russian_Blue_32,2719,27,Russian_Blue,cat,0.9984,27,Russian_Blue,True
test,Russian_Blue_33,2720,27,Russian_Blue,cat,0.9099,27,Russian_Blue,True
test,Russian_Blue_34,2721,27,Russian_Blue,cat,0.9991,27,Russian_Blue,True
test,Russian_Blue_35,2722,27,Russian_Blue,cat,0.9996,27,Russian_Blue,True
test,Russian_Blue_36,2723,27,Russian_Blue,cat,0.9951,27,Russian_Blue,True
test,Russian_Blue_38,2724,27,Russian_Blue,cat,1.0,27,Russian_Blue,True
test,Russian_Blue_40,2725,27,Russian_Blue,cat,0.9197,27,Russian_Blue,True
test,Russian_Blue_41,2726,27,Russian_Blue,cat,0.9999,27,Russian_Blue,True
test,Russian_Blue_43,2727,27,Russian_Blue,cat,0.9988,27,Russian_Blue,True
test,Russian_Blue_44,2728,27,Russian_Blue,cat,0.9997,27,Russian_Blue,True
test,Russian_Blue_45,2729,27,Russian_Blue,cat,0.995,27,Russian_Blue,True
test,Russian_Blue_47,2730,27,Russian_Blue,cat,0.9925,27,Russian_Blue,True
test,Russian_Blue_48,2731,27,Russian_Blue,cat,0.9986,27,Russian_Blue,True
test,Russian_Blue_49,2732,27,Russian_Blue,cat,0.9797,27,Russian_Blue,True
test,Russian_Blue_50,2733,27,Russian_Blue,cat,0.9939,27,Russian_Blue,True
test,Russian_Blue_51,2734,27,Russian_Blue,cat,0.9963,27,Russian_Blue,True
test,Russian_Blue_53,2735,27,Russian_Blue,cat,0.952,27,Russian_Blue,True
test,Russian_Blue_54,2736,27,Russian_Blue,cat,0.9919,27,Russian_Blue,True
test,Russian_Blue_55,2737,27,Russian_Blue,cat,0.9994,27,Russian_Blue,True
test,Russian_Blue_57,2738,27,Russian_Blue,cat,0.8965,27,Russian_Blue,True
test,Russian_Blue_59,2739,27,Russian_Blue,cat,0.9947,27,Russian_Blue,True
test,Russian_Blue_60,2740,27,Russian_Blue,cat,0.9986,27,Russian_Blue,True
test,Russian_Blue_61,2741,27,Russian_Blue,cat,0.7157,27,Russian_Blue,True
test,Russian_Blue_62,2742,27,Russian_Blue,cat,0.9938,27,Russian_Blue,True
test,Russian_Blue_63,2743,27,Russian_Blue,cat,0.9961,27,Russian_Blue,True
test,Russian_Blue_64,2744,27,Russian_Blue,cat,0.9933,27,Russian_Blue,True
test,Russian_Blue_66,2745,27,Russian_Blue,cat,0.9686,27,Russian_Blue,True
test,Russian_Blue_67,2746,27,Russian_Blue,cat,0.7182,27,Russian_Blue,True
test,Russian_Blue_68,2747,27,Russian_Blue,cat,0.9999,27,Russian_Blue,True
test,Russian_Blue_69,2748,27,Russian_Blue,cat,0.9983,27,Russian_Blue,True
test,Russian_Blue_70,2749,27,Russian_Blue,cat,0.9998,27,Russian_Blue,True
test,Russian_Blue_71,2750,27,Russian_Blue,cat,0.9999,27,Russian_Blue,True
test,Russian_Blue_72,2751,27,Russian_Blue,cat,0.9543,27,Russian_Blue,True
test,Russian_Blue_73,2752,27,Russian_Blue,cat,0.9996,27,Russian_Blue,True
test,Russian_Blue_74,2753,27,Russian_Blue,cat,0.9941,27,Russian_Blue,True
test,Russian_Blue_75,2754,27,Russian_Blue,cat,0.9999,27,Russian_Blue,True
test,Russian_Blue_76,2755,27,Russian_Blue,cat,0.9999,27,Russian_Blue,True
test,Russian_Blue_77,2756,27,Russian_Blue,cat,0.9992,27,Russian_Blue,True
test,Russian_Blue_78,2757,27,Russian_Blue,cat,0.9741,27,Russian_Blue,True
test,Russian_Blue_79,2758,27,Russian_Blue,cat,0.9782,27,Russian_Blue,True
test,Russian_Blue_80,2759,27,Russian_Blue,cat,0.9912,27,Russian_Blue,True
test,Russian_Blue_81,2760,27,Russian_Blue,cat,0.9953,27,Russian_Blue,True
test,Russian_Blue_82,2761,27,Russian_Blue,cat,0.968,27,Russian_Blue,True
test,Russian_Blue_83,2762,27,Russian_Blue,cat,0.965,27,Russian_Blue,True
test,Russian_Blue_84,2763,27,Russian_Blue,cat,0.8991,9,British_Shorthair,False
test,Russian_Blue_85,2764,27,Russian_Blue,cat,0.9989,27,Russian_Blue,True
test,Russian_Blue_86,2765,27,Russian_Blue,cat,0.9924,27,Russian_Blue,True
test,Russian_Blue_87,2766,27,Russian_Blue,cat,0.9837,27,Russian_Blue,True
test,Russian_Blue_88,2767,27,Russian_Blue,cat,0.9996,27,Russian_Blue,True
test,Russian_Blue_89,2768,27,Russian_Blue,cat,0.9984,27,Russian_Blue,True
test,Russian_Blue_8,2769,27,Russian_Blue,cat,0.8771,0,Abyssinian,False
test,Russian_Blue_90,2770,27,Russian_Blue,cat,0.9973,27,Russian_Blue,True
test,Russian_Blue_91,2771,27,Russian_Blue,cat,0.9989,27,Russian_Blue,True
test,Russian_Blue_92,2772,27,Russian_Blue,cat,0.9999,27,Russian_Blue,True
test,Russian_Blue_93,2773,27,Russian_Blue,cat,0.9999,27,Russian_Blue,True
test,Russian_Blue_94,2774,27,Russian_Blue,cat,0.9279,27,Russian_Blue,True
test,Russian_Blue_95,2775,27,Russian_Blue,cat,0.9957,27,Russian_Blue,True
test,Russian_Blue_96,2776,27,Russian_Blue,cat,0.9998,27,Russian_Blue,True
test,Russian_Blue_97,2777,27,Russian_Blue,cat,0.9919,27,Russian_Blue,True
test,Russian_Blue_98,2778,27,Russian_Blue,cat,0.9919,27,Russian_Blue,True
test,Russian_Blue_99,2779,27,Russian_Blue,cat,0.9842,27,Russian_Blue,True
test,Russian_Blue_9,2780,27,Russian_Blue,cat,0.5615,27,Russian_Blue,True
test,saint_bernard_191,2781,28,saint_bernard,dog,0.9998,28,saint_bernard,True
test,saint_bernard_192,2782,28,saint_bernard,dog,0.9993,28,saint_bernard,True
test,saint_bernard_193,2783,28,saint_bernard,dog,0.9536,28,saint_bernard,True
test,saint_bernard_194,2784,28,saint_bernard,dog,0.9998,28,saint_bernard,True
test,saint_bernard_195,2785,28,saint_bernard,dog,0.9788,28,saint_bernard,True
test,saint_bernard_196,2786,28,saint_bernard,dog,0.8375,10,chihuahua,False
test,saint_bernard_197,2787,28,saint_bernard,dog,0.99,28,saint_bernard,True
test,saint_bernard_198,2788,28,saint_bernard,dog,0.9998,28,saint_bernard,True
test,saint_bernard_199,2789,28,saint_bernard,dog,0.9987,28,saint_bernard,True
test,saint_bernard_19,2790,28,saint_bernard,dog,0.9981,28,saint_bernard,True
test,saint_bernard_1,2791,28,saint_bernard,dog,0.9999,28,saint_bernard,True
test,saint_bernard_200,2792,28,saint_bernard,dog,0.9998,28,saint_bernard,True
test,saint_bernard_20,2793,28,saint_bernard,dog,0.9949,28,saint_bernard,True
test,saint_bernard_21,2794,28,saint_bernard,dog,0.9975,28,saint_bernard,True
test,saint_bernard_22,2795,28,saint_bernard,dog,0.9995,28,saint_bernard,True
test,saint_bernard_23,2796,28,saint_bernard,dog,0.9944,28,saint_bernard,True
test,saint_bernard_24,2797,28,saint_bernard,dog,0.9605,28,saint_bernard,True
test,saint_bernard_25,2798,28,saint_bernard,dog,0.9825,28,saint_bernard,True
test,saint_bernard_26,2799,28,saint_bernard,dog,0.9999,28,saint_bernard,True
test,saint_bernard_27,2800,28,saint_bernard,dog,0.9998,28,saint_bernard,True
test,saint_bernard_28,2801,28,saint_bernard,dog,1.0,28,saint_bernard,True
test,saint_bernard_29,2802,28,saint_bernard,dog,0.9978,28,saint_bernard,True
test,saint_bernard_2,2803,28,saint_bernard,dog,0.9998,28,saint_bernard,True
test,saint_bernard_30,2804,28,saint_bernard,dog,0.941,28,saint_bernard,True
test,saint_bernard_31,2805,28,saint_bernard,dog,0.9512,28,saint_bernard,True
test,saint_bernard_32,2806,28,saint_bernard,dog,1.0,28,saint_bernard,True
test,saint_bernard_33,2807,28,saint_bernard,dog,0.9899,28,saint_bernard,True
test,saint_bernard_34,2808,28,saint_bernard,dog,0.9955,28,saint_bernard,True
test,saint_bernard_35,2809,28,saint_bernard,dog,0.9997,28,saint_bernard,True
test,saint_bernard_36,2810,28,saint_bernard,dog,0.9999,28,saint_bernard,True
test,saint_bernard_37,2811,28,saint_bernard,dog,0.9992,28,saint_bernard,True
test,saint_bernard_38,2812,28,saint_bernard,dog,0.97,28,saint_bernard,True
test,saint_bernard_39,2813,28,saint_bernard,dog,0.9999,28,saint_bernard,True
test,saint_bernard_3,2814,28,saint_bernard,dog,0.9999,28,saint_bernard,True
test,saint_bernard_40,2815,28,saint_bernard,dog,0.9999,28,saint_bernard,True
test,saint_bernard_41,2816,28,saint_bernard,dog,0.997,28,saint_bernard,True
test,saint_bernard_42,2817,28,saint_bernard,dog,0.9985,28,saint_bernard,True
test,saint_bernard_43,2818,28,saint_bernard,dog,0.8629,1,american_bulldog,False
test,saint_bernard_44,2819,28,saint_bernard,dog,0.9822,28,saint_bernard,True
test,saint_bernard_45,2820,28,saint_bernard,dog,0.9999,28,saint_bernard,True
test,saint_bernard_46,2821,28,saint_bernard,dog,0.999,28,saint_bernard,True
test,saint_bernard_47,2822,28,saint_bernard,dog,0.9995,28,saint_bernard,True
test,saint_bernard_48,2823,28,saint_bernard,dog,0.999,28,saint_bernard,True
test,saint_bernard_49,2824,28,saint_bernard,dog,1.0,28,saint_bernard,True
test,saint_bernard_4,2825,28,saint_bernard,dog,0.9999,28,saint_bernard,True
test,saint_bernard_50,2826,28,saint_bernard,dog,0.9999,28,saint_bernard,True
test,saint_bernard_51,2827,28,saint_bernard,dog,0.9995,28,saint_bernard,True
test,saint_bernard_52,2828,28,saint_bernard,dog,0.9999,28,saint_bernard,True
test,saint_bernard_53,2829,28,saint_bernard,dog,0.9999,28,saint_bernard,True
test,saint_bernard_54,2830,28,saint_bernard,dog,0.9999,28,saint_bernard,True
test,saint_bernard_55,2831,28,saint_bernard,dog,0.9998,28,saint_bernard,True
test,saint_bernard_56,2832,28,saint_bernard,dog,0.9992,28,saint_bernard,True
test,saint_bernard_57,2833,28,saint_bernard,dog,0.9521,28,saint_bernard,True
test,saint_bernard_58,2834,28,saint_bernard,dog,0.9998,28,saint_bernard,True
test,saint_bernard_59,2835,28,saint_bernard,dog,0.9995,28,saint_bernard,True
test,saint_bernard_5,2836,28,saint_bernard,dog,1.0,28,saint_bernard,True
test,saint_bernard_60,2837,28,saint_bernard,dog,0.9998,28,saint_bernard,True
test,saint_bernard_61,2838,28,saint_bernard,dog,0.9999,28,saint_bernard,True
test,saint_bernard_62,2839,28,saint_bernard,dog,0.9985,28,saint_bernard,True
test,saint_bernard_63,2840,28,saint_bernard,dog,1.0,28,saint_bernard,True
test,saint_bernard_64,2841,28,saint_bernard,dog,0.9992,28,saint_bernard,True
test,saint_bernard_65,2842,28,saint_bernard,dog,0.999,28,saint_bernard,True
test,saint_bernard_66,2843,28,saint_bernard,dog,0.9999,28,saint_bernard,True
test,saint_bernard_67,2844,28,saint_bernard,dog,0.9983,28,saint_bernard,True
test,saint_bernard_68,2845,28,saint_bernard,dog,1.0,28,saint_bernard,True
test,saint_bernard_69,2846,28,saint_bernard,dog,0.9954,28,saint_bernard,True
test,saint_bernard_6,2847,28,saint_bernard,dog,0.9999,28,saint_bernard,True
test,saint_bernard_70,2848,28,saint_bernard,dog,0.9988,28,saint_bernard,True
test,saint_bernard_71,2849,28,saint_bernard,dog,0.9991,28,saint_bernard,True
test,saint_bernard_72,2850,28,saint_bernard,dog,0.999,28,saint_bernard,True
test,saint_bernard_73,2851,28,saint_bernard,dog,0.9992,28,saint_bernard,True
test,saint_bernard_74,2852,28,saint_bernard,dog,0.9997,28,saint_bernard,True
test,saint_bernard_75,2853,28,saint_bernard,dog,0.9919,28,saint_bernard,True
test,saint_bernard_76,2854,28,saint_bernard,dog,1.0,28,saint_bernard,True
test,saint_bernard_77,2855,28,saint_bernard,dog,0.9999,28,saint_bernard,True
test,saint_bernard_78,2856,28,saint_bernard,dog,0.9999,28,saint_bernard,True
test,saint_bernard_79,2857,28,saint_bernard,dog,0.9998,28,saint_bernard,True
test,saint_bernard_7,2858,28,saint_bernard,dog,0.9961,28,saint_bernard,True
test,saint_bernard_80,2859,28,saint_bernard,dog,0.9998,28,saint_bernard,True
test,saint_bernard_81,2860,28,saint_bernard,dog,0.9988,28,saint_bernard,True
test,saint_bernard_82,2861,28,saint_bernard,dog,0.9982,28,saint_bernard,True
test,saint_bernard_83,2862,28,saint_bernard,dog,0.998,28,saint_bernard,True
test,saint_bernard_84,2863,28,saint_bernard,dog,1.0,28,saint_bernard,True
test,saint_bernard_85,2864,28,saint_bernard,dog,0.9953,28,saint_bernard,True
test,saint_bernard_86,2865,28,saint_bernard,dog,0.9999,28,saint_bernard,True
test,saint_bernard_87,2866,28,saint_bernard,dog,0.9996,28,saint_bernard,True
test,saint_bernard_88,2867,28,saint_bernard,dog,0.9967,28,saint_bernard,True
test,saint_bernard_89,2868,28,saint_bernard,dog,0.9906,28,saint_bernard,True
test,saint_bernard_8,2869,28,saint_bernard,dog,0.9759,28,saint_bernard,True
test,saint_bernard_90,2870,28,saint_bernard,dog,1.0,28,saint_bernard,True
test,saint_bernard_91,2871,28,saint_bernard,dog,0.9996,28,saint_bernard,True
test,saint_bernard_92,2872,28,saint_bernard,dog,0.9991,28,saint_bernard,True
test,saint_bernard_93,2873,28,saint_bernard,dog,0.9985,28,saint_bernard,True
test,saint_bernard_94,2874,28,saint_bernard,dog,0.9997,28,saint_bernard,True
test,saint_bernard_95,2875,28,saint_bernard,dog,0.9999,28,saint_bernard,True
test,saint_bernard_96,2876,28,saint_bernard,dog,0.9994,28,saint_bernard,True
test,saint_bernard_97,2877,28,saint_bernard,dog,0.926,28,saint_bernard,True
test,saint_bernard_98,2878,28,saint_bernard,dog,0.9969,28,saint_bernard,True
test,saint_bernard_99,2879,28,saint_bernard,dog,0.9981,28,saint_bernard,True
test,saint_bernard_9,2880,28,saint_bernard,dog,0.9996,28,saint_bernard,True
test,samoyed_191,2881,29,samoyed,dog,0.9858,29,samoyed,True
test,samoyed_192,2882,29,samoyed,dog,0.5847,29,samoyed,True
test,samoyed_194,2883,29,samoyed,dog,0.9861,29,samoyed,True
test,samoyed_195,2884,29,samoyed,dog,0.9961,29,samoyed,True
test,samoyed_196,2885,29,samoyed,dog,0.9995,29,samoyed,True
test,samoyed_197,2886,29,samoyed,dog,0.9997,29,samoyed,True
test,samoyed_198,2887,29,samoyed,dog,0.9989,29,samoyed,True
test,samoyed_199,2888,29,samoyed,dog,0.999,29,samoyed,True
test,samoyed_19,2889,29,samoyed,dog,0.994,29,samoyed,True
test,samoyed_1,2890,29,samoyed,dog,0.982,29,samoyed,True
test,samoyed_200,2891,29,samoyed,dog,0.9995,29,samoyed,True
test,samoyed_202,2892,29,samoyed,dog,0.9998,29,samoyed,True
test,samoyed_20,2893,29,samoyed,dog,0.9997,29,samoyed,True
test,samoyed_21,2894,29,samoyed,dog,0.9997,29,samoyed,True
test,samoyed_22,2895,29,samoyed,dog,0.9996,29,samoyed,True
test,samoyed_23,2896,29,samoyed,dog,0.998,29,samoyed,True
test,samoyed_24,2897,29,samoyed,dog,0.9559,29,samoyed,True
test,samoyed_25,2898,29,samoyed,dog,0.5862,29,samoyed,True
test,samoyed_26,2899,29,samoyed,dog,0.9997,29,samoyed,True
test,samoyed_27,2900,29,samoyed,dog,0.9793,29,samoyed,True
test,samoyed_28,2901,29,samoyed,dog,0.9998,29,samoyed,True
test,samoyed_29,2902,29,samoyed,dog,0.9998,29,samoyed,True
test,samoyed_2,2903,29,samoyed,dog,0.9977,29,samoyed,True
test,samoyed_30,2904,29,samoyed,dog,0.9997,29,samoyed,True
test,samoyed_31,2905,29,samoyed,dog,0.9987,29,samoyed,True
test,samoyed_32,2906,29,samoyed,dog,0.9888,29,samoyed,True
test,samoyed_33,2907,29,samoyed,dog,0.9988,29,samoyed,True
test,samoyed_34,2908,29,samoyed,dog,0.9464,15,great_pyrenees,False
test,samoyed_35,2909,29,samoyed,dog,0.9997,29,samoyed,True
test,samoyed_36,2910,29,samoyed,dog,0.9984,29,samoyed,True
test,samoyed_37,2911,29,samoyed,dog,0.9911,29,samoyed,True
test,samoyed_38,2912,29,samoyed,dog,0.9898,29,samoyed,True
test,samoyed_39,2913,29,samoyed,dog,0.9911,29,samoyed,True
test,samoyed_3,2914,29,samoyed,dog,0.9978,29,samoyed,True
test,samoyed_40,2915,29,samoyed,dog,1.0,29,samoyed,True
test,samoyed_41,2916,29,samoyed,dog,0.9911,29,samoyed,True
test,samoyed_42,2917,29,samoyed,dog,0.998,29,samoyed,True
test,samoyed_43,2918,29,samoyed,dog,0.9971,29,samoyed,True
test,samoyed_44,2919,29,samoyed,dog,0.9995,29,samoyed,True
test,samoyed_45,2920,29,samoyed,dog,0.9965,29,samoyed,True
test,samoyed_46,2921,29,samoyed,dog,0.9998,29,samoyed,True
test,samoyed_47,2922,29,samoyed,dog,0.9981,29,samoyed,True
test,samoyed_48,2923,29,samoyed,dog,0.9683,29,samoyed,True
test,samoyed_49,2924,29,samoyed,dog,0.9997,29,samoyed,True
test,samoyed_4,2925,29,samoyed,dog,0.9987,29,samoyed,True
test,samoyed_50,2926,29,samoyed,dog,0.997,29,samoyed,True
test,samoyed_51,2927,29,samoyed,dog,0.9993,29,samoyed,True
test,samoyed_52,2928,29,samoyed,dog,0.9992,29,samoyed,True
test,samoyed_53,2929,29,samoyed,dog,0.9991,29,samoyed,True
test,samoyed_54,2930,29,samoyed,dog,0.9981,29,samoyed,True
test,samoyed_55,2931,29,samoyed,dog,0.9998,29,samoyed,True
test,samoyed_56,2932,29,samoyed,dog,0.9993,29,samoyed,True
test,samoyed_57,2933,29,samoyed,dog,0.9983,29,samoyed,True
test,samoyed_58,2934,29,samoyed,dog,0.9985,29,samoyed,True
test,samoyed_59,2935,29,samoyed,dog,0.9961,29,samoyed,True
test,samoyed_5,2936,29,samoyed,dog,0.9025,29,samoyed,True
test,samoyed_60,2937,29,samoyed,dog,0.9641,29,samoyed,True
test,samoyed_61,2938,29,samoyed,dog,0.9704,29,samoyed,True
test,samoyed_62,2939,29,samoyed,dog,0.9943,29,samoyed,True
test,samoyed_63,2940,29,samoyed,dog,0.9878,29,samoyed,True
test,samoyed_64,2941,29,samoyed,dog,0.9971,29,samoyed,True
test,samoyed_65,2942,29,samoyed,dog,0.9987,29,samoyed,True
test,samoyed_66,2943,29,samoyed,dog,0.9992,29,samoyed,True
test,samoyed_67,2944,29,samoyed,dog,0.9978,29,samoyed,True
test,samoyed_68,2945,29,samoyed,dog,0.9997,29,samoyed,True
test,samoyed_69,2946,29,samoyed,dog,0.998,29,samoyed,True
test,samoyed_6,2947,29,samoyed,dog,0.9961,29,samoyed,True
test,samoyed_70,2948,29,samoyed,dog,0.9998,29,samoyed,True
test,samoyed_71,2949,29,samoyed,dog,0.9934,29,samoyed,True
test,samoyed_72,2950,29,samoyed,dog,0.8752,29,samoyed,True
test,samoyed_73,2951,29,samoyed,dog,0.9975,29,samoyed,True
test,samoyed_74,2952,29,samoyed,dog,0.9972,29,samoyed,True
test,samoyed_75,2953,29,samoyed,dog,0.9949,29,samoyed,True
test,samoyed_76,2954,29,samoyed,dog,0.9008,29,samoyed,True
test,samoyed_77,2955,29,samoyed,dog,0.9994,29,samoyed,True
test,samoyed_78,2956,29,samoyed,dog,0.9993,29,samoyed,True
test,samoyed_79,2957,29,samoyed,dog,0.9994,29,samoyed,True
test,samoyed_7,2958,29,samoyed,dog,0.9992,29,samoyed,True
test,samoyed_80,2959,29,samoyed,dog,0.9994,29,samoyed,True
test,samoyed_81,2960,29,samoyed,dog,0.9994,29,samoyed,True
test,samoyed_82,2961,29,samoyed,dog,0.9839,29,samoyed,True
test,samoyed_83,2962,29,samoyed,dog,0.9239,29,samoyed,True
test,samoyed_84,2963,29,samoyed,dog,0.9994,29,samoyed,True
test,samoyed_85,2964,29,samoyed,dog,0.9894,29,samoyed,True
test,samoyed_86,2965,29,samoyed,dog,0.9988,29,samoyed,True
test,samoyed_87,2966,29,samoyed,dog,0.997,29,samoyed,True
test,samoyed_88,2967,29,samoyed,dog,0.9998,29,samoyed,True
test,samoyed_89,2968,29,samoyed,dog,0.9621,29,samoyed,True
test,samoyed_8,2969,29,samoyed,dog,0.9983,29,samoyed,True
test,samoyed_90,2970,29,samoyed,dog,0.997,29,samoyed,True
test,samoyed_91,2971,29,samoyed,dog,0.3206,29,samoyed,True
test,samoyed_92,2972,29,samoyed,dog,0.9917,29,samoyed,True
test,samoyed_93,2973,29,samoyed,dog,0.9976,29,samoyed,True
test,samoyed_94,2974,29,samoyed,dog,0.9963,29,samoyed,True
test,samoyed_95,2975,29,samoyed,dog,0.9932,29,samoyed,True
test,samoyed_96,2976,29,samoyed,dog,0.9999,29,samoyed,True
test,samoyed_97,2977,29,samoyed,dog,0.9993,29,samoyed,True
test,samoyed_98,2978,29,samoyed,dog,0.9993,29,samoyed,True
test,samoyed_99,2979,29,samoyed,dog,0.9981,29,samoyed,True
test,samoyed_9,2980,29,samoyed,dog,0.9997,29,samoyed,True
test,scottish_terrier_191,2981,30,scottish_terrier,dog,0.9999,30,scottish_terrier,True
test,scottish_terrier_192,2982,30,scottish_terrier,dog,0.9996,30,scottish_terrier,True
test,scottish_terrier_193,2983,30,scottish_terrier,dog,0.9999,30,scottish_terrier,True
test,scottish_terrier_194,2984,30,scottish_terrier,dog,0.9995,30,scottish_terrier,True
test,scottish_terrier_195,2985,30,scottish_terrier,dog,0.9707,30,scottish_terrier,True
test,scottish_terrier_196,2986,30,scottish_terrier,dog,0.9999,30,scottish_terrier,True
test,scottish_terrier_197,2987,30,scottish_terrier,dog,0.6823,30,scottish_terrier,True
test,scottish_terrier_198,2988,30,scottish_terrier,dog,0.9831,30,scottish_terrier,True
test,scottish_terrier_199,2989,30,scottish_terrier,dog,0.99,30,scottish_terrier,True
test,scottish_terrier_19,2990,30,scottish_terrier,dog,0.9478,30,scottish_terrier,True
test,scottish_terrier_1,2991,30,scottish_terrier,dog,0.9999,30,scottish_terrier,True
test,scottish_terrier_20,2992,30,scottish_terrier,dog,0.9955,30,scottish_terrier,True
test,scottish_terrier_21,2993,30,scottish_terrier,dog,0.9984,30,scottish_terrier,True
test,scottish_terrier_22,2994,30,scottish_terrier,dog,0.9996,30,scottish_terrier,True
test,scottish_terrier_23,2995,30,scottish_terrier,dog,0.9956,30,scottish_terrier,True
test,scottish_terrier_24,2996,30,scottish_terrier,dog,0.9972,30,scottish_terrier,True
test,scottish_terrier_25,2997,30,scottish_terrier,dog,0.9997,30,scottish_terrier,True
test,scottish_terrier_26,2998,30,scottish_terrier,dog,0.9999,30,scottish_terrier,True
test,scottish_terrier_27,2999,30,scottish_terrier,dog,0.9991,30,scottish_terrier,True
test,scottish_terrier_28,3000,30,scottish_terrier,dog,0.9999,30,scottish_terrier,True
test,scottish_terrier_29,3001,30,scottish_terrier,dog,0.9959,30,scottish_terrier,True
test,scottish_terrier_2,3002,30,scottish_terrier,dog,0.9994,30,scottish_terrier,True
test,scottish_terrier_30,3003,30,scottish_terrier,dog,1.0,30,scottish_terrier,True
test,scottish_terrier_31,3004,30,scottish_terrier,dog,0.9983,30,scottish_terrier,True
test,scottish_terrier_32,3005,30,scottish_terrier,dog,0.9986,30,scottish_terrier,True
test,scottish_terrier_33,3006,30,scottish_terrier,dog,0.9956,30,scottish_terrier,True
test,scottish_terrier_34,3007,30,scottish_terrier,dog,0.9999,30,scottish_terrier,True
test,scottish_terrier_35,3008,30,scottish_terrier,dog,0.9999,30,scottish_terrier,True
test,scottish_terrier_36,3009,30,scottish_terrier,dog,1.0,30,scottish_terrier,True
test,scottish_terrier_37,3010,30,scottish_terrier,dog,0.9734,30,scottish_terrier,True
test,scottish_terrier_38,3011,30,scottish_terrier,dog,0.9981,30,scottish_terrier,True
test,scottish_terrier_39,3012,30,scottish_terrier,dog,0.9961,30,scottish_terrier,True
test,scottish_terrier_3,3013,30,scottish_terrier,dog,0.9229,30,scottish_terrier,True
test,scottish_terrier_40,3014,30,scottish_terrier,dog,0.9997,30,scottish_terrier,True
test,scottish_terrier_41,3015,30,scottish_terrier,dog,0.9999,30,scottish_terrier,True
test,scottish_terrier_42,3016,30,scottish_terrier,dog,1.0,30,scottish_terrier,True
test,scottish_terrier_43,3017,30,scottish_terrier,dog,0.9981,30,scottish_terrier,True
test,scottish_terrier_44,3018,30,scottish_terrier,dog,0.9999,30,scottish_terrier,True
test,scottish_terrier_45,3019,30,scottish_terrier,dog,0.9997,30,scottish_terrier,True
test,scottish_terrier_46,3020,30,scottish_terrier,dog,0.9999,30,scottish_terrier,True
test,scottish_terrier_47,3021,30,scottish_terrier,dog,0.9981,30,scottish_terrier,True
test,scottish_terrier_48,3022,30,scottish_terrier,dog,0.9997,30,scottish_terrier,True
test,scottish_terrier_49,3023,30,scottish_terrier,dog,0.9998,30,scottish_terrier,True
test,scottish_terrier_4,3024,30,scottish_terrier,dog,0.9998,30,scottish_terrier,True
test,scottish_terrier_50,3025,30,scottish_terrier,dog,0.9999,30,scottish_terrier,True
test,scottish_terrier_51,3026,30,scottish_terrier,dog,0.9995,30,scottish_terrier,True
test,scottish_terrier_52,3027,30,scottish_terrier,dog,1.0,30,scottish_terrier,True
test,scottish_terrier_53,3028,30,scottish_terrier,dog,0.9999,30,scottish_terrier,True
test,scottish_terrier_54,3029,30,scottish_terrier,dog,0.9941,30,scottish_terrier,True
test,scottish_terrier_55,3030,30,scottish_terrier,dog,0.999,30,scottish_terrier,True
test,scottish_terrier_56,3031,30,scottish_terrier,dog,0.9998,30,scottish_terrier,True
test,scottish_terrier_57,3032,30,scottish_terrier,dog,1.0,30,scottish_terrier,True
test,scottish_terrier_58,3033,30,scottish_terrier,dog,0.9916,30,scottish_terrier,True
test,scottish_terrier_59,3034,30,scottish_terrier,dog,0.9995,30,scottish_terrier,True
test,scottish_terrier_5,3035,30,scottish_terrier,dog,0.9997,30,scottish_terrier,True
test,scottish_terrier_60,3036,30,scottish_terrier,dog,0.9985,30,scottish_terrier,True
test,scottish_terrier_61,3037,30,scottish_terrier,dog,0.9995,30,scottish_terrier,True
test,scottish_terrier_62,3038,30,scottish_terrier,dog,0.9994,30,scottish_terrier,True
test,scottish_terrier_63,3039,30,scottish_terrier,dog,0.9999,30,scottish_terrier,True
test,scottish_terrier_64,3040,30,scottish_terrier,dog,0.9985,30,scottish_terrier,True
test,scottish_terrier_65,3041,30,scottish_terrier,dog,0.9992,30,scottish_terrier,True
test,scottish_terrier_66,3042,30,scottish_terrier,dog,0.9998,30,scottish_terrier,True
test,scottish_terrier_67,3043,30,scottish_terrier,dog,1.0,30,scottish_terrier,True
test,scottish_terrier_68,3044,30,scottish_terrier,dog,0.577,30,scottish_terrier,True
test,scottish_terrier_69,3045,30,scottish_terrier,dog,0.9998,30,scottish_terrier,True
test,scottish_terrier_6,3046,30,scottish_terrier,dog,0.9995,30,scottish_terrier,True
test,scottish_terrier_70,3047,30,scottish_terrier,dog,0.9974,30,scottish_terrier,True
test,scottish_terrier_71,3048,30,scottish_terrier,dog,0.9999,30,scottish_terrier,True
test,scottish_terrier_72,3049,30,scottish_terrier,dog,1.0,30,scottish_terrier,True
test,scottish_terrier_73,3050,30,scottish_terrier,dog,0.9994,30,scottish_terrier,True
test,scottish_terrier_74,3051,30,scottish_terrier,dog,0.9896,30,scottish_terrier,True
test,scottish_terrier_75,3052,30,scottish_terrier,dog,0.9197,30,scottish_terrier,True
test,scottish_terrier_76,3053,30,scottish_terrier,dog,0.9907,30,scottish_terrier,True
test,scottish_terrier_77,3054,30,scottish_terrier,dog,0.9999,30,scottish_terrier,True
test,scottish_terrier_78,3055,30,scottish_terrier,dog,0.9999,30,scottish_terrier,True
test,scottish_terrier_79,3056,30,scottish_terrier,dog,0.9976,30,scottish_terrier,True
test,scottish_terrier_7,3057,30,scottish_terrier,dog,0.9998,30,scottish_terrier,True
test,scottish_terrier_80,3058,30,scottish_terrier,dog,0.9998,30,scottish_terrier,True
test,scottish_terrier_81,3059,30,scottish_terrier,dog,0.9997,30,scottish_terrier,True
test,scottish_terrier_82,3060,30,scottish_terrier,dog,0.9997,30,scottish_terrier,True
test,scottish_terrier_83,3061,30,scottish_terrier,dog,0.9995,30,scottish_terrier,True
test,scottish_terrier_84,3062,30,scottish_terrier,dog,0.9993,30,scottish_terrier,True
test,scottish_terrier_85,3063,30,scottish_terrier,dog,0.9997,30,scottish_terrier,True
test,scottish_terrier_86,3064,30,scottish_terrier,dog,0.9984,30,scottish_terrier,True
test,scottish_terrier_87,3065,30,scottish_terrier,dog,0.9999,30,scottish_terrier,True
test,scottish_terrier_88,3066,30,scottish_terrier,dog,1.0,30,scottish_terrier,True
test,scottish_terrier_89,3067,30,scottish_terrier,dog,0.9998,30,scottish_terrier,True
test,scottish_terrier_8,3068,30,scottish_terrier,dog,0.9997,30,scottish_terrier,True
test,scottish_terrier_90,3069,30,scottish_terrier,dog,0.9999,30,scottish_terrier,True
test,scottish_terrier_91,3070,30,scottish_terrier,dog,0.9989,30,scottish_terrier,True
test,scottish_terrier_92,3071,30,scottish_terrier,dog,0.5883,31,shiba_inu,False
test,scottish_terrier_93,3072,30,scottish_terrier,dog,0.9998,30,scottish_terrier,True
test,scottish_terrier_94,3073,30,scottish_terrier,dog,0.9999,30,scottish_terrier,True
test,scottish_terrier_95,3074,30,scottish_terrier,dog,0.9991,30,scottish_terrier,True
test,scottish_terrier_96,3075,30,scottish_terrier,dog,0.9993,30,scottish_terrier,True
test,scottish_terrier_97,3076,30,scottish_terrier,dog,1.0,30,scottish_terrier,True
test,scottish_terrier_98,3077,30,scottish_terrier,dog,0.9952,30,scottish_terrier,True
test,scottish_terrier_99,3078,30,scottish_terrier,dog,0.9917,30,scottish_terrier,True
test,scottish_terrier_9,3079,30,scottish_terrier,dog,0.9997,30,scottish_terrier,True
test,shiba_inu_1,3080,31,shiba_inu,dog,0.9841,31,shiba_inu,True
test,shiba_inu_200,3081,31,shiba_inu,dog,0.9996,31,shiba_inu,True
test,shiba_inu_201,3082,31,shiba_inu,dog,0.9998,31,shiba_inu,True
test,shiba_inu_202,3083,31,shiba_inu,dog,0.9999,31,shiba_inu,True
test,shiba_inu_203,3084,31,shiba_inu,dog,0.9995,31,shiba_inu,True
test,shiba_inu_204,3085,31,shiba_inu,dog,0.9539,31,shiba_inu,True
test,shiba_inu_205,3086,31,shiba_inu,dog,0.6807,27,Russian_Blue,False
test,shiba_inu_206,3087,31,shiba_inu,dog,0.998,31,shiba_inu,True
test,shiba_inu_207,3088,31,shiba_inu,dog,1.0,31,shiba_inu,True
test,shiba_inu_208,3089,31,shiba_inu,dog,0.9987,31,shiba_inu,True
test,shiba_inu_209,3090,31,shiba_inu,dog,1.0,31,shiba_inu,True
test,shiba_inu_20,3091,31,shiba_inu,dog,0.9999,31,shiba_inu,True
test,shiba_inu_210,3092,31,shiba_inu,dog,0.8405,31,shiba_inu,True
test,shiba_inu_212,3093,31,shiba_inu,dog,0.9902,31,shiba_inu,True
test,shiba_inu_21,3094,31,shiba_inu,dog,0.9951,31,shiba_inu,True
test,shiba_inu_22,3095,31,shiba_inu,dog,0.8852,31,shiba_inu,True
test,shiba_inu_23,3096,31,shiba_inu,dog,0.9998,31,shiba_inu,True
test,shiba_inu_24,3097,31,shiba_inu,dog,0.9999,31,shiba_inu,True
test,shiba_inu_25,3098,31,shiba_inu,dog,0.8501,31,shiba_inu,True
test,shiba_inu_26,3099,31,shiba_inu,dog,0.9968,31,shiba_inu,True
test,shiba_inu_27,3100,31,shiba_inu,dog,1.0,31,shiba_inu,True
test,shiba_inu_28,3101,31,shiba_inu,dog,0.8959,31,shiba_inu,True
test,shiba_inu_29,3102,31,shiba_inu,dog,0.9996,31,shiba_inu,True
test,shiba_inu_30,3103,31,shiba_inu,dog,0.7057,31,shiba_inu,True
test,shiba_inu_31,3104,31,shiba_inu,dog,0.9995,31,shiba_inu,True
test,shiba_inu_32,3105,31,shiba_inu,dog,0.9995,31,shiba_inu,True
test,shiba_inu_33,3106,31,shiba_inu,dog,0.9999,31,shiba_inu,True
test,shiba_inu_34,3107,31,shiba_inu,dog,0.9996,31,shiba_inu,True
test,shiba_inu_35,3108,31,shiba_inu,dog,0.9995,31,shiba_inu,True
test,shiba_inu_36,3109,31,shiba_inu,dog,0.9997,31,shiba_inu,True
test,shiba_inu_37,3110,31,shiba_inu,dog,0.9958,31,shiba_inu,True
test,shiba_inu_38,3111,31,shiba_inu,dog,0.9987,31,shiba_inu,True
test,shiba_inu_39,3112,31,shiba_inu,dog,0.996,31,shiba_inu,True
test,shiba_inu_3,3113,31,shiba_inu,dog,0.9997,31,shiba_inu,True
test,shiba_inu_40,3114,31,shiba_inu,dog,0.9996,31,shiba_inu,True
test,shiba_inu_41,3115,31,shiba_inu,dog,0.9998,31,shiba_inu,True
test,shiba_inu_42,3116,31,shiba_inu,dog,0.9923,31,shiba_inu,True
test,shiba_inu_43,3117,31,shiba_inu,dog,0.9998,31,shiba_inu,True
test,shiba_inu_44,3118,31,shiba_inu,dog,0.9996,31,shiba_inu,True
test,shiba_inu_45,3119,31,shiba_inu,dog,0.9983,31,shiba_inu,True
test,shiba_inu_46,3120,31,shiba_inu,dog,0.9999,31,shiba_inu,True
test,shiba_inu_47,3121,31,shiba_inu,dog,0.9999,31,shiba_inu,True
test,shiba_inu_48,3122,31,shiba_inu,dog,0.9983,31,shiba_inu,True
test,shiba_inu_49,3123,31,shiba_inu,dog,0.9859,31,shiba_inu,True
test,shiba_inu_4,3124,31,shiba_inu,dog,0.9998,31,shiba_inu,True
test,shiba_inu_50,3125,31,shiba_inu,dog,0.9995,31,shiba_inu,True
test,shiba_inu_51,3126,31,shiba_inu,dog,1.0,31,shiba_inu,True
test,shiba_inu_52,3127,31,shiba_inu,dog,0.9995,31,shiba_inu,True
test,shiba_inu_53,3128,31,shiba_inu,dog,0.9998,31,shiba_inu,True
test,shiba_inu_54,3129,31,shiba_inu,dog,0.3854,31,shiba_inu,True
test,shiba_inu_55,3130,31,shiba_inu,dog,0.9997,31,shiba_inu,True
test,shiba_inu_56,3131,31,shiba_inu,dog,0.9992,31,shiba_inu,True
test,shiba_inu_57,3132,31,shiba_inu,dog,0.9993,31,shiba_inu,True
test,shiba_inu_58,3133,31,shiba_inu,dog,0.9998,31,shiba_inu,True
test,shiba_inu_59,3134,31,shiba_inu,dog,0.9998,31,shiba_inu,True
test,shiba_inu_5,3135,31,shiba_inu,dog,0.9995,31,shiba_inu,True
test,shiba_inu_60,3136,31,shiba_inu,dog,0.9996,31,shiba_inu,True
test,shiba_inu_61,3137,31,shiba_inu,dog,0.4213,31,shiba_inu,True
test,shiba_inu_62,3138,31,shiba_inu,dog,0.916,31,shiba_inu,True
test,shiba_inu_63,3139,31,shiba_inu,dog,0.9993,31,shiba_inu,True
test,shiba_inu_64,3140,31,shiba_inu,dog,0.9994,31,shiba_inu,True
test,shiba_inu_65,3141,31,shiba_inu,dog,0.9999,31,shiba_inu,True
test,shiba_inu_66,3142,31,shiba_inu,dog,0.9977,31,shiba_inu,True
test,shiba_inu_67,3143,31,shiba_inu,dog,0.9993,31,shiba_inu,True
test,shiba_inu_68,3144,31,shiba_inu,dog,0.9995,31,shiba_inu,True
test,shiba_inu_69,3145,31,shiba_inu,dog,0.6513,31,shiba_inu,True
test,shiba_inu_6,3146,31,shiba_inu,dog,0.9975,31,shiba_inu,True
test,shiba_inu_70,3147,31,shiba_inu,dog,0.9995,31,shiba_inu,True
test,shiba_inu_71,3148,31,shiba_inu,dog,0.9999,31,shiba_inu,True
test,shiba_inu_72,3149,31,shiba_inu,dog,1.0,31,shiba_inu,True
test,shiba_inu_73,3150,31,shiba_inu,dog,0.9823,31,shiba_inu,True
test,shiba_inu_74,3151,31,shiba_inu,dog,0.9975,31,shiba_inu,True
test,shiba_inu_75,3152,31,shiba_inu,dog,0.9999,31,shiba_inu,True
test,shiba_inu_76,3153,31,shiba_inu,dog,0.9955,31,shiba_inu,True
test,shiba_inu_77,3154,31,shiba_inu,dog,1.0,31,shiba_inu,True
test,shiba_inu_78,3155,31,shiba_inu,dog,0.9997,31,shiba_inu,True
test,shiba_inu_79,3156,31,shiba_inu,dog,0.998,31,shiba_inu,True
test,shiba_inu_7,3157,31,shiba_inu,dog,0.9979,31,shiba_inu,True
test,shiba_inu_80,3158,31,shiba_inu,dog,0.9999,31,shiba_inu,True
test,shiba_inu_81,3159,31,shiba_inu,dog,0.4902,29,samoyed,False
test,shiba_inu_82,3160,31,shiba_inu,dog,0.993,31,shiba_inu,True
test,shiba_inu_83,3161,31,shiba_inu,dog,0.9998,31,shiba_inu,True
test,shiba_inu_84,3162,31,shiba_inu,dog,0.9995,31,shiba_inu,True
test,shiba_inu_85,3163,31,shiba_inu,dog,0.9998,31,shiba_inu,True
test,shiba_inu_86,3164,31,shiba_inu,dog,0.9949,31,shiba_inu,True
test,shiba_inu_87,3165,31,shiba_inu,dog,0.9992,31,shiba_inu,True
test,shiba_inu_88,3166,31,shiba_inu,dog,0.9931,31,shiba_inu,True
test,shiba_inu_89,3167,31,shiba_inu,dog,0.9994,31,shiba_inu,True
test,shiba_inu_8,3168,31,shiba_inu,dog,0.9999,31,shiba_inu,True
test,shiba_inu_90,3169,31,shiba_inu,dog,0.9827,31,shiba_inu,True
test,shiba_inu_91,3170,31,shiba_inu,dog,0.9999,31,shiba_inu,True
test,shiba_inu_92,3171,31,shiba_inu,dog,0.9979,31,shiba_inu,True
test,shiba_inu_93,3172,31,shiba_inu,dog,0.993,31,shiba_inu,True
test,shiba_inu_94,3173,31,shiba_inu,dog,0.9999,31,shiba_inu,True
test,shiba_inu_95,3174,31,shiba_inu,dog,0.9999,31,shiba_inu,True
test,shiba_inu_96,3175,31,shiba_inu,dog,0.8871,31,shiba_inu,True
test,shiba_inu_97,3176,31,shiba_inu,dog,0.9946,31,shiba_inu,True
test,shiba_inu_98,3177,31,shiba_inu,dog,0.9999,31,shiba_inu,True
test,shiba_inu_99,3178,31,shiba_inu,dog,0.9999,31,shiba_inu,True
test,shiba_inu_9,3179,31,shiba_inu,dog,0.9965,31,shiba_inu,True
test,Siamese_209,3180,32,Siamese,cat,0.9997,32,Siamese,True
test,Siamese_20,3181,32,Siamese,cat,0.9988,32,Siamese,True
test,Siamese_210,3182,32,Siamese,cat,0.9995,32,Siamese,True
test,Siamese_216,3183,32,Siamese,cat,0.9977,32,Siamese,True
test,Siamese_218,3184,32,Siamese,cat,0.9636,32,Siamese,True
test,Siamese_21,3185,32,Siamese,cat,0.9948,32,Siamese,True
test,Siamese_222,3186,32,Siamese,cat,0.5702,10,chihuahua,False
test,Siamese_224,3187,32,Siamese,cat,0.8709,32,Siamese,True
test,Siamese_225,3188,32,Siamese,cat,0.8022,32,Siamese,True
test,Siamese_227,3189,32,Siamese,cat,0.8989,32,Siamese,True
test,Siamese_228,3190,32,Siamese,cat,0.5861,6,Birman,False
test,Siamese_22,3191,32,Siamese,cat,0.2239,6,Birman,False
test,Siamese_231,3192,32,Siamese,cat,0.8655,5,Bengal,False
test,Siamese_232,3193,32,Siamese,cat,0.7649,32,Siamese,True
test,Siamese_233,3194,32,Siamese,cat,0.9216,32,Siamese,True
test,Siamese_234,3195,32,Siamese,cat,0.775,10,chihuahua,False
test,Siamese_237,3196,32,Siamese,cat,0.4732,32,Siamese,True
test,Siamese_238,3197,32,Siamese,cat,0.968,32,Siamese,True
test,Siamese_23,3198,32,Siamese,cat,0.9997,32,Siamese,True
test,Siamese_240,3199,32,Siamese,cat,0.71,6,Birman,False
test,Siamese_247,3200,32,Siamese,cat,0.9968,32,Siamese,True
test,Siamese_249,3201,32,Siamese,cat,0.972,32,Siamese,True
test,Siamese_24,3202,32,Siamese,cat,0.8614,32,Siamese,True
test,Siamese_250,3203,32,Siamese,cat,0.9888,32,Siamese,True
test,Siamese_254,3204,32,Siamese,cat,0.4851,6,Birman,False
test,Siamese_257,3205,32,Siamese,cat,0.7263,26,Ragdoll,False
test,Siamese_25,3206,32,Siamese,cat,0.9999,32,Siamese,True
test,Siamese_26,3207,32,Siamese,cat,0.9988,32,Siamese,True
test,Siamese_27,3208,32,Siamese,cat,0.9979,32,Siamese,True
test,Siamese_28,3209,32,Siamese,cat,0.8251,32,Siamese,True
test,Siamese_29,3210,32,Siamese,cat,0.9978,32,Siamese,True
test,Siamese_30,3211,32,Siamese,cat,0.9997,32,Siamese,True
test,Siamese_31,3212,32,Siamese,cat,0.9998,32,Siamese,True
test,Siamese_32,3213,32,Siamese,cat,0.9988,32,Siamese,True
test,Siamese_33,3214,32,Siamese,cat,0.9989,32,Siamese,True
test,Siamese_34,3215,32,Siamese,cat,0.9997,32,Siamese,True
test,Siamese_35,3216,32,Siamese,cat,0.9982,32,Siamese,True
test,Siamese_36,3217,32,Siamese,cat,0.8494,32,Siamese,True
test,Siamese_37,3218,32,Siamese,cat,0.9676,32,Siamese,True
test,Siamese_39,3219,32,Siamese,cat,0.7347,32,Siamese,True
test,Siamese_40,3220,32,Siamese,cat,0.9764,32,Siamese,True
test,Siamese_41,3221,32,Siamese,cat,0.9928,32,Siamese,True
test,Siamese_42,3222,32,Siamese,cat,0.9983,32,Siamese,True
test,Siamese_43,3223,32,Siamese,cat,0.9992,32,Siamese,True
test,Siamese_44,3224,32,Siamese,cat,0.9936,32,Siamese,True
test,Siamese_46,3225,32,Siamese,cat,0.9996,32,Siamese,True
test,Siamese_47,3226,32,Siamese,cat,0.9997,32,Siamese,True
test,Siamese_48,3227,32,Siamese,cat,0.9997,32,Siamese,True
test,Siamese_49,3228,32,Siamese,cat,0.9942,32,Siamese,True
test,Siamese_50,3229,32,Siamese,cat,0.9899,32,Siamese,True
test,Siamese_51,3230,32,Siamese,cat,0.664,32,Siamese,True
test,Siamese_52,3231,32,Siamese,cat,0.8966,32,Siamese,True
test,Siamese_53,3232,32,Siamese,cat,0.9873,32,Siamese,True
test,Siamese_54,3233,32,Siamese,cat,0.8148,32,Siamese,True
test,Siamese_55,3234,32,Siamese,cat,0.5352,6,Birman,False
test,Siamese_56,3235,32,Siamese,cat,0.8486,6,Birman,False
test,Siamese_57,3236,32,Siamese,cat,0.8725,32,Siamese,True
test,Siamese_58,3237,32,Siamese,cat,0.9989,32,Siamese,True
test,Siamese_59,3238,32,Siamese,cat,0.5899,32,Siamese,True
test,Siamese_5,3239,32,Siamese,cat,0.9908,32,Siamese,True
test,Siamese_60,3240,32,Siamese,cat,0.9917,32,Siamese,True
test,Siamese_61,3241,32,Siamese,cat,0.991,32,Siamese,True
test,Siamese_63,3242,32,Siamese,cat,0.8352,32,Siamese,True
test,Siamese_64,3243,32,Siamese,cat,0.9966,32,Siamese,True
test,Siamese_65,3244,32,Siamese,cat,0.9081,32,Siamese,True
test,Siamese_66,3245,32,Siamese,cat,0.9919,32,Siamese,True
test,Siamese_67,3246,32,Siamese,cat,0.9941,32,Siamese,True
test,Siamese_69,3247,32,Siamese,cat,0.9994,32,Siamese,True
test,Siamese_6,3248,32,Siamese,cat,0.9632,32,Siamese,True
test,Siamese_70,3249,32,Siamese,cat,0.9997,32,Siamese,True
test,Siamese_71,3250,32,Siamese,cat,0.9999,32,Siamese,True
test,Siamese_72,3251,32,Siamese,cat,0.9977,32,Siamese,True
test,Siamese_73,3252,32,Siamese,cat,0.9984,32,Siamese,True
test,Siamese_74,3253,32,Siamese,cat,0.9946,32,Siamese,True
test,Siamese_75,3254,32,Siamese,cat,0.6068,32,Siamese,True
test,Siamese_76,3255,32,Siamese,cat,0.9998,32,Siamese,True
test,Siamese_77,3256,32,Siamese,cat,0.9997,32,Siamese,True
test,Siamese_78,3257,32,Siamese,cat,0.995,32,Siamese,True
test,Siamese_79,3258,32,Siamese,cat,0.9997,32,Siamese,True
test,Siamese_80,3259,32,Siamese,cat,0.9997,32,Siamese,True
test,Siamese_81,3260,32,Siamese,cat,0.8094,32,Siamese,True
test,Siamese_82,3261,32,Siamese,cat,0.9867,32,Siamese,True
test,Siamese_83,3262,32,Siamese,cat,0.9925,32,Siamese,True
test,Siamese_84,3263,32,Siamese,cat,0.9621,32,Siamese,True
test,Siamese_85,3264,32,Siamese,cat,0.9967,32,Siamese,True
test,Siamese_86,3265,32,Siamese,cat,0.9993,32,Siamese,True
test,Siamese_87,3266,32,Siamese,cat,0.9991,32,Siamese,True
test,Siamese_88,3267,32,Siamese,cat,0.7568,32,Siamese,True
test,Siamese_89,3268,32,Siamese,cat,0.9972,32,Siamese,True
test,Siamese_90,3269,32,Siamese,cat,0.9983,32,Siamese,True
test,Siamese_91,3270,32,Siamese,cat,0.9853,32,Siamese,True
test,Siamese_92,3271,32,Siamese,cat,0.9906,32,Siamese,True
test,Siamese_93,3272,32,Siamese,cat,0.9986,32,Siamese,True
test,Siamese_94,3273,32,Siamese,cat,0.9992,32,Siamese,True
test,Siamese_95,3274,32,Siamese,cat,0.9908,32,Siamese,True
test,Siamese_96,3275,32,Siamese,cat,0.9985,32,Siamese,True
test,Siamese_97,3276,32,Siamese,cat,0.9993,32,Siamese,True
test,Siamese_98,3277,32,Siamese,cat,0.9549,32,Siamese,True
test,Siamese_99,3278,32,Siamese,cat,0.9998,32,Siamese,True
test,Siamese_9,3279,32,Siamese,cat,0.5482,32,Siamese,True
test,Sphynx_20,3280,33,Sphynx,cat,0.9996,33,Sphynx,True
test,Sphynx_211,3281,33,Sphynx,cat,0.9129,10,chihuahua,False
test,Sphynx_212,3282,33,Sphynx,cat,0.6912,10,chihuahua,False
test,Sphynx_213,3283,33,Sphynx,cat,0.5297,0,Abyssinian,False
test,Sphynx_21,3284,33,Sphynx,cat,0.99,33,Sphynx,True
test,Sphynx_222,3285,33,Sphynx,cat,0.7948,10,chihuahua,False
test,Sphynx_223,3286,33,Sphynx,cat,0.8052,10,chihuahua,False
test,Sphynx_228,3287,33,Sphynx,cat,0.8533,33,Sphynx,True
test,Sphynx_229,3288,33,Sphynx,cat,0.7734,33,Sphynx,True
test,Sphynx_230,3289,33,Sphynx,cat,0.7039,10,chihuahua,False
test,Sphynx_231,3290,33,Sphynx,cat,0.9927,33,Sphynx,True
test,Sphynx_232,3291,33,Sphynx,cat,0.6271,33,Sphynx,True
test,Sphynx_233,3292,33,Sphynx,cat,0.3475,33,Sphynx,True
test,Sphynx_234,3293,33,Sphynx,cat,0.6956,27,Russian_Blue,False
test,Sphynx_235,3294,33,Sphynx,cat,0.9991,33,Sphynx,True
test,Sphynx_236,3295,33,Sphynx,cat,0.8213,33,Sphynx,True
test,Sphynx_237,3296,33,Sphynx,cat,0.8483,10,chihuahua,False
test,Sphynx_238,3297,33,Sphynx,cat,0.6771,10,chihuahua,False
test,Sphynx_239,3298,33,Sphynx,cat,0.9586,33,Sphynx,True
test,Sphynx_23,3299,33,Sphynx,cat,0.9991,33,Sphynx,True
test,Sphynx_240,3300,33,Sphynx,cat,0.924,10,chihuahua,False
test,Sphynx_241,3301,33,Sphynx,cat,0.9371,33,Sphynx,True
test,Sphynx_242,3302,33,Sphynx,cat,0.8934,33,Sphynx,True
test,Sphynx_243,3303,33,Sphynx,cat,0.7203,33,Sphynx,True
test,Sphynx_244,3304,33,Sphynx,cat,0.4444,33,Sphynx,True
test,Sphynx_245,3305,33,Sphynx,cat,0.9965,33,Sphynx,True
test,Sphynx_246,3306,33,Sphynx,cat,0.618,27,Russian_Blue,False
test,Sphynx_247,3307,33,Sphynx,cat,0.9786,10,chihuahua,False
test,Sphynx_248,3308,33,Sphynx,cat,0.886,33,Sphynx,True
test,Sphynx_249,3309,33,Sphynx,cat,0.7735,0,Abyssinian,False
test,Sphynx_24,3310,33,Sphynx,cat,0.8641,33,Sphynx,True
test,Sphynx_250,3311,33,Sphynx,cat,0.7312,0,Abyssinian,False
test,Sphynx_251,3312,33,Sphynx,cat,0.5164,0,Abyssinian,False
test,Sphynx_252,3313,33,Sphynx,cat,0.9926,33,Sphynx,True
test,Sphynx_25,3314,33,Sphynx,cat,0.9993,33,Sphynx,True
test,Sphynx_27,3315,33,Sphynx,cat,0.6814,33,Sphynx,True
test,Sphynx_28,3316,33,Sphynx,cat,0.9587,33,Sphynx,True
test,Sphynx_29,3317,33,Sphynx,cat,0.9916,33,Sphynx,True
test,Sphynx_2,3318,33,Sphynx,cat,0.49,33,Sphynx,True
test,Sphynx_30,3319,33,Sphynx,cat,0.9857,33,Sphynx,True
test,Sphynx_31,3320,33,Sphynx,cat,0.9867,33,Sphynx,True
test,Sphynx_33,3321,33,Sphynx,cat,0.9886,33,Sphynx,True
test,Sphynx_34,3322,33,Sphynx,cat,0.7952,33,Sphynx,True
test,Sphynx_36,3323,33,Sphynx,cat,0.9895,33,Sphynx,True
test,Sphynx_37,3324,33,Sphynx,cat,0.9914,33,Sphynx,True
test,Sphynx_38,3325,33,Sphynx,cat,0.9744,33,Sphynx,True
test,Sphynx_39,3326,33,Sphynx,cat,0.9533,33,Sphynx,True
test,Sphynx_3,3327,33,Sphynx,cat,0.8248,10,chihuahua,False
test,Sphynx_40,3328,33,Sphynx,cat,0.9603,33,Sphynx,True
test,Sphynx_41,3329,33,Sphynx,cat,0.988,33,Sphynx,True
test,Sphynx_42,3330,33,Sphynx,cat,0.9812,33,Sphynx,True
test,Sphynx_43,3331,33,Sphynx,cat,0.9726,33,Sphynx,True
test,Sphynx_44,3332,33,Sphynx,cat,0.995,33,Sphynx,True
test,Sphynx_45,3333,33,Sphynx,cat,0.6643,33,Sphynx,True
test,Sphynx_46,3334,33,Sphynx,cat,0.8561,33,Sphynx,True
test,Sphynx_47,3335,33,Sphynx,cat,0.9866,33,Sphynx,True
test,Sphynx_48,3336,33,Sphynx,cat,0.6078,10,chihuahua,False
test,Sphynx_49,3337,33,Sphynx,cat,0.9815,33,Sphynx,True
test,Sphynx_4,3338,33,Sphynx,cat,0.8514,33,Sphynx,True
test,Sphynx_51,3339,33,Sphynx,cat,0.7669,33,Sphynx,True
test,Sphynx_53,3340,33,Sphynx,cat,0.974,33,Sphynx,True
test,Sphynx_54,3341,33,Sphynx,cat,0.9902,33,Sphynx,True
test,Sphynx_55,3342,33,Sphynx,cat,0.9989,33,Sphynx,True
test,Sphynx_56,3343,33,Sphynx,cat,0.3901,27,Russian_Blue,False
test,Sphynx_57,3344,33,Sphynx,cat,0.8006,0,Abyssinian,False
test,Sphynx_58,3345,33,Sphynx,cat,0.5224,0,Abyssinian,False
test,Sphynx_59,3346,33,Sphynx,cat,0.553,33,Sphynx,True
test,Sphynx_5,3347,33,Sphynx,cat,0.5776,33,Sphynx,True
test,Sphynx_61,3348,33,Sphynx,cat,0.5008,33,Sphynx,True
test,Sphynx_65,3349,33,Sphynx,cat,0.9252,33,Sphynx,True
test,Sphynx_66,3350,33,Sphynx,cat,0.9987,33,Sphynx,True
test,Sphynx_67,3351,33,Sphynx,cat,0.806,33,Sphynx,True
test,Sphynx_70,3352,33,Sphynx,cat,0.9474,33,Sphynx,True
test,Sphynx_71,3353,33,Sphynx,cat,0.4944,10,chihuahua,False
test,Sphynx_72,3354,33,Sphynx,cat,0.9876,33,Sphynx,True
test,Sphynx_73,3355,33,Sphynx,cat,0.8419,27,Russian_Blue,False
test,Sphynx_74,3356,33,Sphynx,cat,0.6251,33,Sphynx,True
test,Sphynx_75,3357,33,Sphynx,cat,0.9996,33,Sphynx,True
test,Sphynx_76,3358,33,Sphynx,cat,0.9996,33,Sphynx,True
test,Sphynx_77,3359,33,Sphynx,cat,0.9994,33,Sphynx,True
test,Sphynx_78,3360,33,Sphynx,cat,0.9636,33,Sphynx,True
test,Sphynx_80,3361,33,Sphynx,cat,0.9975,33,Sphynx,True
test,Sphynx_82,3362,33,Sphynx,cat,0.9987,33,Sphynx,True
test,Sphynx_83,3363,33,Sphynx,cat,0.977,33,Sphynx,True
test,Sphynx_84,3364,33,Sphynx,cat,0.8325,33,Sphynx,True
test,Sphynx_85,3365,33,Sphynx,cat,0.9507,33,Sphynx,True
test,Sphynx_87,3366,33,Sphynx,cat,0.9964,33,Sphynx,True
test,Sphynx_88,3367,33,Sphynx,cat,0.8744,33,Sphynx,True
test,Sphynx_89,3368,33,Sphynx,cat,0.9788,33,Sphynx,True
test,Sphynx_8,3369,33,Sphynx,cat,0.9495,10,chihuahua,False
test,Sphynx_90,3370,33,Sphynx,cat,0.4316,27,Russian_Blue,False
test,Sphynx_91,3371,33,Sphynx,cat,0.8553,33,Sphynx,True
test,Sphynx_92,3372,33,Sphynx,cat,0.6765,33,Sphynx,True
test,Sphynx_93,3373,33,Sphynx,cat,0.6381,33,Sphynx,True
test,Sphynx_94,3374,33,Sphynx,cat,0.9669,33,Sphynx,True
test,Sphynx_95,3375,33,Sphynx,cat,0.9986,33,Sphynx,True
test,Sphynx_96,3376,33,Sphynx,cat,0.9941,33,Sphynx,True
test,Sphynx_98,3377,33,Sphynx,cat,0.9921,33,Sphynx,True
test,Sphynx_99,3378,33,Sphynx,cat,0.6223,33,Sphynx,True
test,Sphynx_9,3379,33,Sphynx,cat,0.5943,27,Russian_Blue,False
test,staffordshire_bull_terrier_200,3380,34,staffordshire_bull_terrier,dog,0.9951,34,staffordshire_bull_terrier,True
test,staffordshire_bull_terrier_201,3381,34,staffordshire_bull_terrier,dog,0.9785,34,staffordshire_bull_terrier,True
test,staffordshire_bull_terrier_202,3382,34,staffordshire_bull_terrier,dog,0.9648,34,staffordshire_bull_terrier,True
test,staffordshire_bull_terrier_20,3383,34,staffordshire_bull_terrier,dog,0.6628,34,staffordshire_bull_terrier,True
test,staffordshire_bull_terrier_21,3384,34,staffordshire_bull_terrier,dog,0.4426,8,boxer,False
test,staffordshire_bull_terrier_23,3385,34,staffordshire_bull_terrier,dog,0.8311,34,staffordshire_bull_terrier,True
test,staffordshire_bull_terrier_24,3386,34,staffordshire_bull_terrier,dog,0.6146,2,american_pit_bull_terrier,False
test,staffordshire_bull_terrier_25,3387,34,staffordshire_bull_terrier,dog,0.4147,34,staffordshire_bull_terrier,True
test,staffordshire_bull_terrier_26,3388,34,staffordshire_bull_terrier,dog,0.739,2,american_pit_bull_terrier,False
test,staffordshire_bull_terrier_27,3389,34,staffordshire_bull_terrier,dog,0.921,2,american_pit_bull_terrier,False
test,staffordshire_bull_terrier_28,3390,34,staffordshire_bull_terrier,dog,0.7976,2,american_pit_bull_terrier,False
test,staffordshire_bull_terrier_29,3391,34,staffordshire_bull_terrier,dog,0.6781,31,shiba_inu,False
test,staffordshire_bull_terrier_30,3392,34,staffordshire_bull_terrier,dog,0.5745,14,german_shorthaired,False
test,staffordshire_bull_terrier_31,3393,34,staffordshire_bull_terrier,dog,0.8405,34,staffordshire_bull_terrier,True
test,staffordshire_bull_terrier_32,3394,34,staffordshire_bull_terrier,dog,0.2716,34,staffordshire_bull_terrier,True
test,staffordshire_bull_terrier_33,3395,34,staffordshire_bull_terrier,dog,0.5101,2,american_pit_bull_terrier,False
test,staffordshire_bull_terrier_34,3396,34,staffordshire_bull_terrier,dog,0.7727,34,staffordshire_bull_terrier,True
test,staffordshire_bull_terrier_35,3397,34,staffordshire_bull_terrier,dog,0.839,14,german_shorthaired,False
test,staffordshire_bull_terrier_36,3398,34,staffordshire_bull_terrier,dog,0.8485,34,staffordshire_bull_terrier,True
test,staffordshire_bull_terrier_37,3399,34,staffordshire_bull_terrier,dog,0.6822,34,staffordshire_bull_terrier,True
test,staffordshire_bull_terrier_38,3400,34,staffordshire_bull_terrier,dog,0.7593,2,american_pit_bull_terrier,False
test,staffordshire_bull_terrier_39,3401,34,staffordshire_bull_terrier,dog,0.963,34,staffordshire_bull_terrier,True
test,staffordshire_bull_terrier_3,3402,34,staffordshire_bull_terrier,dog,0.932,2,american_pit_bull_terrier,False
test,staffordshire_bull_terrier_40,3403,34,staffordshire_bull_terrier,dog,0.599,34,staffordshire_bull_terrier,True
test,staffordshire_bull_terrier_41,3404,34,staffordshire_bull_terrier,dog,0.99,34,staffordshire_bull_terrier,True
test,staffordshire_bull_terrier_42,3405,34,staffordshire_bull_terrier,dog,0.9916,34,staffordshire_bull_terrier,True
test,staffordshire_bull_terrier_43,3406,34,staffordshire_bull_terrier,dog,0.8734,34,staffordshire_bull_terrier,True
test,staffordshire_bull_terrier_44,3407,34,staffordshire_bull_terrier,dog,0.9758,34,staffordshire_bull_terrier,True
test,staffordshire_bull_terrier_45,3408,34,staffordshire_bull_terrier,dog,0.3141,4,beagle,False
test,staffordshire_bull_terrier_46,3409,34,staffordshire_bull_terrier,dog,0.9915,34,staffordshire_bull_terrier,True
test,staffordshire_bull_terrier_47,3410,34,staffordshire_bull_terrier,dog,0.8442,34,staffordshire_bull_terrier,True
test,staffordshire_bull_terrier_48,3411,34,staffordshire_bull_terrier,dog,0.5878,2,american_pit_bull_terrier,False
test,staffordshire_bull_terrier_49,3412,34,staffordshire_bull_terrier,dog,0.9569,2,american_pit_bull_terrier,False
test,staffordshire_bull_terrier_4,3413,34,staffordshire_bull_terrier,dog,0.9905,34,staffordshire_bull_terrier,True
test,staffordshire_bull_terrier_50,3414,34,staffordshire_bull_terrier,dog,0.9958,34,staffordshire_bull_terrier,True
test,staffordshire_bull_terrier_51,3415,34,staffordshire_bull_terrier,dog,0.9619,3,basset_hound,False
test,staffordshire_bull_terrier_52,3416,34,staffordshire_bull_terrier,dog,0.7815,8,boxer,False
test,staffordshire_bull_terrier_53,3417,34,staffordshire_bull_terrier,dog,0.5513,14,german_shorthaired,False
test,staffordshire_bull_terrier_54,3418,34,staffordshire_bull_terrier,dog,0.7475,2,american_pit_bull_terrier,False
test,staffordshire_bull_terrier_55,3419,34,staffordshire_bull_terrier,dog,0.6361,14,german_shorthaired,False
test,staffordshire_bull_terrier_56,3420,34,staffordshire_bull_terrier,dog,0.9783,34,staffordshire_bull_terrier,True
test,staffordshire_bull_terrier_57,3421,34,staffordshire_bull_terrier,dog,0.9991,34,staffordshire_bull_terrier,True
test,staffordshire_bull_terrier_58,3422,34,staffordshire_bull_terrier,dog,0.8426,34,staffordshire_bull_terrier,True
test,staffordshire_bull_terrier_59,3423,34,staffordshire_bull_terrier,dog,0.2581,34,staffordshire_bull_terrier,True
test,staffordshire_bull_terrier_5,3424,34,staffordshire_bull_terrier,dog,0.9674,34,staffordshire_bull_terrier,True
test,staffordshire_bull_terrier_60,3425,34,staffordshire_bull_terrier,dog,0.9964,2,american_pit_bull_terrier,False
test,staffordshire_bull_terrier_61,3426,34,staffordshire_bull_terrier,dog,0.4567,14,german_shorthaired,False
test,staffordshire_bull_terrier_62,3427,34,staffordshire_bull_terrier,dog,0.8983,2,american_pit_bull_terrier,False
test,staffordshire_bull_terrier_63,3428,34,staffordshire_bull_terrier,dog,0.9735,34,staffordshire_bull_terrier,True
test,staffordshire_bull_terrier_64,3429,34,staffordshire_bull_terrier,dog,0.9975,34,staffordshire_bull_terrier,True
test,staffordshire_bull_terrier_65,3430,34,staffordshire_bull_terrier,dog,0.7167,34,staffordshire_bull_terrier,True
test,staffordshire_bull_terrier_66,3431,34,staffordshire_bull_terrier,dog,0.734,34,staffordshire_bull_terrier,True
test,staffordshire_bull_terrier_67,3432,34,staffordshire_bull_terrier,dog,0.975,34,staffordshire_bull_terrier,True
test,staffordshire_bull_terrier_68,3433,34,staffordshire_bull_terrier,dog,0.9826,34,staffordshire_bull_terrier,True
test,staffordshire_bull_terrier_69,3434,34,staffordshire_bull_terrier,dog,0.8037,34,staffordshire_bull_terrier,True
test,staffordshire_bull_terrier_6,3435,34,staffordshire_bull_terrier,dog,0.8774,34,staffordshire_bull_terrier,True
test,staffordshire_bull_terrier_70,3436,34,staffordshire_bull_terrier,dog,0.9974,2,american_pit_bull_terrier,False
test,staffordshire_bull_terrier_71,3437,34,staffordshire_bull_terrier,dog,0.9863,2,american_pit_bull_terrier,False
test,staffordshire_bull_terrier_72,3438,34,staffordshire_bull_terrier,dog,0.8744,34,staffordshire_bull_terrier,True
test,staffordshire_bull_terrier_73,3439,34,staffordshire_bull_terrier,dog,0.9111,2,american_pit_bull_terrier,False
test,staffordshire_bull_terrier_74,3440,34,staffordshire_bull_terrier,dog,0.9912,34,staffordshire_bull_terrier,True
test,staffordshire_bull_terrier_75,3441,34,staffordshire_bull_terrier,dog,0.715,2,american_pit_bull_terrier,False
test,staffordshire_bull_terrier_76,3442,34,staffordshire_bull_terrier,dog,0.6694,34,staffordshire_bull_terrier,True
test,staffordshire_bull_terrier_77,3443,34,staffordshire_bull_terrier,dog,0.4306,1,american_bulldog,False
test,staffordshire_bull_terrier_78,3444,34,staffordshire_bull_terrier,dog,0.9801,29,samoyed,False
test,staffordshire_bull_terrier_79,3445,34,staffordshire_bull_terrier,dog,0.9277,34,staffordshire_bull_terrier,True
test,staffordshire_bull_terrier_7,3446,34,staffordshire_bull_terrier,dog,0.8319,34,staffordshire_bull_terrier,True
test,staffordshire_bull_terrier_80,3447,34,staffordshire_bull_terrier,dog,0.9297,31,shiba_inu,False
test,staffordshire_bull_terrier_81,3448,34,staffordshire_bull_terrier,dog,0.999,34,staffordshire_bull_terrier,True
test,staffordshire_bull_terrier_82,3449,34,staffordshire_bull_terrier,dog,0.9144,2,american_pit_bull_terrier,False
test,staffordshire_bull_terrier_83,3450,34,staffordshire_bull_terrier,dog,0.7072,34,staffordshire_bull_terrier,True
test,staffordshire_bull_terrier_84,3451,34,staffordshire_bull_terrier,dog,0.7322,14,german_shorthaired,False
test,staffordshire_bull_terrier_85,3452,34,staffordshire_bull_terrier,dog,0.7532,34,staffordshire_bull_terrier,True
test,staffordshire_bull_terrier_86,3453,34,staffordshire_bull_terrier,dog,0.8125,1,american_bulldog,False
test,staffordshire_bull_terrier_87,3454,34,staffordshire_bull_terrier,dog,0.9872,34,staffordshire_bull_terrier,True
test,staffordshire_bull_terrier_88,3455,34,staffordshire_bull_terrier,dog,0.9998,34,staffordshire_bull_terrier,True
test,staffordshire_bull_terrier_89,3456,34,staffordshire_bull_terrier,dog,0.7907,34,staffordshire_bull_terrier,True
test,staffordshire_bull_terrier_8,3457,34,staffordshire_bull_terrier,dog,0.9835,34,staffordshire_bull_terrier,True
test,staffordshire_bull_terrier_90,3458,34,staffordshire_bull_terrier,dog,0.8477,2,american_pit_bull_terrier,False
test,staffordshire_bull_terrier_91,3459,34,staffordshire_bull_terrier,dog,0.7558,34,staffordshire_bull_terrier,True
test,staffordshire_bull_terrier_92,3460,34,staffordshire_bull_terrier,dog,0.9397,2,american_pit_bull_terrier,False
test,staffordshire_bull_terrier_93,3461,34,staffordshire_bull_terrier,dog,0.8854,2,american_pit_bull_terrier,False
test,staffordshire_bull_terrier_94,3462,34,staffordshire_bull_terrier,dog,0.7092,2,american_pit_bull_terrier,False
test,staffordshire_bull_terrier_95,3463,34,staffordshire_bull_terrier,dog,0.6819,2,american_pit_bull_terrier,False
test,staffordshire_bull_terrier_96,3464,34,staffordshire_bull_terrier,dog,0.796,2,american_pit_bull_terrier,False
test,staffordshire_bull_terrier_97,3465,34,staffordshire_bull_terrier,dog,0.6757,2,american_pit_bull_terrier,False
test,staffordshire_bull_terrier_98,3466,34,staffordshire_bull_terrier,dog,0.8907,34,staffordshire_bull_terrier,True
test,staffordshire_bull_terrier_99,3467,34,staffordshire_bull_terrier,dog,0.4235,34,staffordshire_bull_terrier,True
test,staffordshire_bull_terrier_9,3468,34,staffordshire_bull_terrier,dog,0.9998,2,american_pit_bull_terrier,False
test,wheaten_terrier_191,3469,35,wheaten_terrier,dog,0.9996,35,wheaten_terrier,True
test,wheaten_terrier_192,3470,35,wheaten_terrier,dog,0.9999,35,wheaten_terrier,True
test,wheaten_terrier_193,3471,35,wheaten_terrier,dog,0.9969,35,wheaten_terrier,True
test,wheaten_terrier_194,3472,35,wheaten_terrier,dog,0.8473,35,wheaten_terrier,True
test,wheaten_terrier_195,3473,35,wheaten_terrier,dog,0.4951,29,samoyed,False
test,wheaten_terrier_196,3474,35,wheaten_terrier,dog,0.9982,35,wheaten_terrier,True
test,wheaten_terrier_197,3475,35,wheaten_terrier,dog,0.9994,35,wheaten_terrier,True
test,wheaten_terrier_198,3476,35,wheaten_terrier,dog,0.9997,35,wheaten_terrier,True
test,wheaten_terrier_199,3477,35,wheaten_terrier,dog,0.4541,35,wheaten_terrier,True
test,wheaten_terrier_19,3478,35,wheaten_terrier,dog,0.9998,35,wheaten_terrier,True
test,wheaten_terrier_1,3479,35,wheaten_terrier,dog,0.7675,35,wheaten_terrier,True
test,wheaten_terrier_200,3480,35,wheaten_terrier,dog,0.9998,35,wheaten_terrier,True
test,wheaten_terrier_20,3481,35,wheaten_terrier,dog,0.994,35,wheaten_terrier,True
test,wheaten_terrier_21,3482,35,wheaten_terrier,dog,0.9999,35,wheaten_terrier,True
test,wheaten_terrier_22,3483,35,wheaten_terrier,dog,0.9647,35,wheaten_terrier,True
test,wheaten_terrier_23,3484,35,wheaten_terrier,dog,0.9928,35,wheaten_terrier,True
test,wheaten_terrier_24,3485,35,wheaten_terrier,dog,0.9997,35,wheaten_terrier,True
test,wheaten_terrier_25,3486,35,wheaten_terrier,dog,0.9967,35,wheaten_terrier,True
test,wheaten_terrier_26,3487,35,wheaten_terrier,dog,0.9978,35,wheaten_terrier,True
test,wheaten_terrier_27,3488,35,wheaten_terrier,dog,0.9968,35,wheaten_terrier,True
test,wheaten_terrier_28,3489,35,wheaten_terrier,dog,0.9951,35,wheaten_terrier,True
test,wheaten_terrier_29,3490,35,wheaten_terrier,dog,0.9876,35,wheaten_terrier,True
test,wheaten_terrier_2,3491,35,wheaten_terrier,dog,0.9991,35,wheaten_terrier,True
test,wheaten_terrier_30,3492,35,wheaten_terrier,dog,0.9997,35,wheaten_terrier,True
test,wheaten_terrier_31,3493,35,wheaten_terrier,dog,0.9957,35,wheaten_terrier,True
test,wheaten_terrier_32,3494,35,wheaten_terrier,dog,0.681,35,wheaten_terrier,True
test,wheaten_terrier_33,3495,35,wheaten_terrier,dog,1.0,35,wheaten_terrier,True
test,wheaten_terrier_34,3496,35,wheaten_terrier,dog,0.7525,30,scottish_terrier,False
test,wheaten_terrier_35,3497,35,wheaten_terrier,dog,0.4196,16,havanese,False
test,wheaten_terrier_36,3498,35,wheaten_terrier,dog,0.6931,16,havanese,False
test,wheaten_terrier_37,3499,35,wheaten_terrier,dog,0.9951,35,wheaten_terrier,True
test,wheaten_terrier_38,3500,35,wheaten_terrier,dog,0.9107,35,wheaten_terrier,True
test,wheaten_terrier_39,3501,35,wheaten_terrier,dog,0.8758,35,wheaten_terrier,True
test,wheaten_terrier_3,3502,35,wheaten_terrier,dog,0.9906,35,wheaten_terrier,True
test,wheaten_terrier_40,3503,35,wheaten_terrier,dog,0.9909,35,wheaten_terrier,True
test,wheaten_terrier_41,3504,35,wheaten_terrier,dog,0.9605,35,wheaten_terrier,True
test,wheaten_terrier_42,3505,35,wheaten_terrier,dog,0.9954,35,wheaten_terrier,True
test,wheaten_terrier_43,3506,35,wheaten_terrier,dog,0.9917,35,wheaten_terrier,True
test,wheaten_terrier_44,3507,35,wheaten_terrier,dog,0.9972,35,wheaten_terrier,True
test,wheaten_terrier_45,3508,35,wheaten_terrier,dog,0.9854,35,wheaten_terrier,True
test,wheaten_terrier_46,3509,35,wheaten_terrier,dog,0.9907,35,wheaten_terrier,True
test,wheaten_terrier_47,3510,35,wheaten_terrier,dog,0.4995,35,wheaten_terrier,True
test,wheaten_terrier_48,3511,35,wheaten_terrier,dog,0.9923,35,wheaten_terrier,True
test,wheaten_terrier_49,3512,35,wheaten_terrier,dog,0.9993,35,wheaten_terrier,True
test,wheaten_terrier_4,3513,35,wheaten_terrier,dog,0.6688,35,wheaten_terrier,True
test,wheaten_terrier_50,3514,35,wheaten_terrier,dog,0.9998,35,wheaten_terrier,True
test,wheaten_terrier_51,3515,35,wheaten_terrier,dog,0.9997,35,wheaten_terrier,True
test,wheaten_terrier_52,3516,35,wheaten_terrier,dog,0.8702,35,wheaten_terrier,True
test,wheaten_terrier_53,3517,35,wheaten_terrier,dog,0.8997,30,scottish_terrier,False
test,wheaten_terrier_54,3518,35,wheaten_terrier,dog,0.9977,35,wheaten_terrier,True
test,wheaten_terrier_55,3519,35,wheaten_terrier,dog,0.9723,35,wheaten_terrier,True
test,wheaten_terrier_56,3520,35,wheaten_terrier,dog,0.516,16,havanese,False
test,wheaten_terrier_57,3521,35,wheaten_terrier,dog,0.9997,35,wheaten_terrier,True
test,wheaten_terrier_58,3522,35,wheaten_terrier,dog,0.9999,35,wheaten_terrier,True
test,wheaten_terrier_59,3523,35,wheaten_terrier,dog,0.9815,35,wheaten_terrier,True
test,wheaten_terrier_5,3524,35,wheaten_terrier,dog,0.9957,35,wheaten_terrier,True
test,wheaten_terrier_60,3525,35,wheaten_terrier,dog,0.999,35,wheaten_terrier,True
test,wheaten_terrier_61,3526,35,wheaten_terrier,dog,0.9364,35,wheaten_terrier,True
test,wheaten_terrier_62,3527,35,wheaten_terrier,dog,0.9997,35,wheaten_terrier,True
test,wheaten_terrier_63,3528,35,wheaten_terrier,dog,0.9992,35,wheaten_terrier,True
test,wheaten_terrier_64,3529,35,wheaten_terrier,dog,0.8068,35,wheaten_terrier,True
test,wheaten_terrier_65,3530,35,wheaten_terrier,dog,0.9978,35,wheaten_terrier,True
test,wheaten_terrier_66,3531,35,wheaten_terrier,dog,1.0,35,wheaten_terrier,True
test,wheaten_terrier_67,3532,35,wheaten_terrier,dog,0.9875,35,wheaten_terrier,True
test,wheaten_terrier_68,3533,35,wheaten_terrier,dog,0.998,35,wheaten_terrier,True
test,wheaten_terrier_69,3534,35,wheaten_terrier,dog,0.6736,35,wheaten_terrier,True
test,wheaten_terrier_6,3535,35,wheaten_terrier,dog,0.9895,35,wheaten_terrier,True
test,wheaten_terrier_70,3536,35,wheaten_terrier,dog,0.9911,35,wheaten_terrier,True
test,wheaten_terrier_71,3537,35,wheaten_terrier,dog,0.9996,35,wheaten_terrier,True
test,wheaten_terrier_72,3538,35,wheaten_terrier,dog,0.9992,35,wheaten_terrier,True
test,wheaten_terrier_73,3539,35,wheaten_terrier,dog,0.9964,35,wheaten_terrier,True
test,wheaten_terrier_74,3540,35,wheaten_terrier,dog,0.9827,35,wheaten_terrier,True
test,wheaten_terrier_75,3541,35,wheaten_terrier,dog,0.9061,35,wheaten_terrier,True
test,wheaten_terrier_76,3542,35,wheaten_terrier,dog,0.8811,35,wheaten_terrier,True
test,wheaten_terrier_77,3543,35,wheaten_terrier,dog,0.9755,35,wheaten_terrier,True
test,wheaten_terrier_78,3544,35,wheaten_terrier,dog,0.9834,35,wheaten_terrier,True
test,wheaten_terrier_79,3545,35,wheaten_terrier,dog,0.9968,35,wheaten_terrier,True
test,wheaten_terrier_7,3546,35,wheaten_terrier,dog,0.9719,35,wheaten_terrier,True
test,wheaten_terrier_80,3547,35,wheaten_terrier,dog,0.9703,35,wheaten_terrier,True
test,wheaten_terrier_81,3548,35,wheaten_terrier,dog,0.9946,35,wheaten_terrier,True
test,wheaten_terrier_82,3549,35,wheaten_terrier,dog,0.9976,35,wheaten_terrier,True
test,wheaten_terrier_83,3550,35,wheaten_terrier,dog,0.9998,35,wheaten_terrier,True
test,wheaten_terrier_84,3551,35,wheaten_terrier,dog,0.9998,35,wheaten_terrier,True
test,wheaten_terrier_85,3552,35,wheaten_terrier,dog,0.7857,35,wheaten_terrier,True
test,wheaten_terrier_86,3553,35,wheaten_terrier,dog,0.9261,35,wheaten_terrier,True
test,wheaten_terrier_87,3554,35,wheaten_terrier,dog,0.9585,35,wheaten_terrier,True
test,wheaten_terrier_88,3555,35,wheaten_terrier,dog,0.3698,0,Abyssinian,False
test,wheaten_terrier_89,3556,35,wheaten_terrier,dog,0.9987,35,wheaten_terrier,True
test,wheaten_terrier_8,3557,35,wheaten_terrier,dog,0.9893,35,wheaten_terrier,True
test,wheaten_terrier_90,3558,35,wheaten_terrier,dog,0.89,35,wheaten_terrier,True
test,wheaten_terrier_91,3559,35,wheaten_terrier,dog,0.5272,16,havanese,False
test,wheaten_terrier_92,3560,35,wheaten_terrier,dog,0.5801,35,wheaten_terrier,True
test,wheaten_terrier_93,3561,35,wheaten_terrier,dog,0.992,35,wheaten_terrier,True
test,wheaten_terrier_94,3562,35,wheaten_terrier,dog,1.0,35,wheaten_terrier,True
test,wheaten_terrier_95,3563,35,wheaten_terrier,dog,0.9997,35,wheaten_terrier,True
test,wheaten_terrier_96,3564,35,wheaten_terrier,dog,0.9999,35,wheaten_terrier,True
test,wheaten_terrier_97,3565,35,wheaten_terrier,dog,0.9976,35,wheaten_terrier,True
test,wheaten_terrier_98,3566,35,wheaten_terrier,dog,0.9926,35,wheaten_terrier,True
test,wheaten_terrier_99,3567,35,wheaten_terrier,dog,0.9991,35,wheaten_terrier,True
test,wheaten_terrier_9,3568,35,wheaten_terrier,dog,0.9988,35,wheaten_terrier,True
test,yorkshire_terrier_191,3569,36,yorkshire_terrier,dog,0.6255,16,havanese,False
test,yorkshire_terrier_192,3570,36,yorkshire_terrier,dog,0.7433,36,yorkshire_terrier,True
test,yorkshire_terrier_193,3571,36,yorkshire_terrier,dog,0.9814,10,chihuahua,False
test,yorkshire_terrier_194,3572,36,yorkshire_terrier,dog,0.9636,16,havanese,False
test,yorkshire_terrier_195,3573,36,yorkshire_terrier,dog,0.4748,16,havanese,False
test,yorkshire_terrier_196,3574,36,yorkshire_terrier,dog,0.7171,36,yorkshire_terrier,True
test,yorkshire_terrier_197,3575,36,yorkshire_terrier,dog,0.5528,36,yorkshire_terrier,True
test,yorkshire_terrier_198,3576,36,yorkshire_terrier,dog,0.9973,36,yorkshire_terrier,True
test,yorkshire_terrier_199,3577,36,yorkshire_terrier,dog,0.5895,36,yorkshire_terrier,True
test,yorkshire_terrier_19,3578,36,yorkshire_terrier,dog,0.9982,16,havanese,False
test,yorkshire_terrier_1,3579,36,yorkshire_terrier,dog,0.8908,36,yorkshire_terrier,True
test,yorkshire_terrier_200,3580,36,yorkshire_terrier,dog,0.9973,36,yorkshire_terrier,True
test,yorkshire_terrier_20,3581,36,yorkshire_terrier,dog,0.9911,36,yorkshire_terrier,True
test,yorkshire_terrier_21,3582,36,yorkshire_terrier,dog,0.9955,36,yorkshire_terrier,True
test,yorkshire_terrier_22,3583,36,yorkshire_terrier,dog,0.7821,36,yorkshire_terrier,True
test,yorkshire_terrier_23,3584,36,yorkshire_terrier,dog,0.9673,36,yorkshire_terrier,True
test,yorkshire_terrier_24,3585,36,yorkshire_terrier,dog,0.9917,36,yorkshire_terrier,True
test,yorkshire_terrier_25,3586,36,yorkshire_terrier,dog,0.7075,36,yorkshire_terrier,True
test,yorkshire_terrier_26,3587,36,yorkshire_terrier,dog,0.9814,36,yorkshire_terrier,True
test,yorkshire_terrier_27,3588,36,yorkshire_terrier,dog,0.9258,36,yorkshire_terrier,True
test,yorkshire_terrier_28,3589,36,yorkshire_terrier,dog,0.7897,36,yorkshire_terrier,True
test,yorkshire_terrier_29,3590,36,yorkshire_terrier,dog,0.9828,36,yorkshire_terrier,True
test,yorkshire_terrier_2,3591,36,yorkshire_terrier,dog,0.6991,16,havanese,False
test,yorkshire_terrier_30,3592,36,yorkshire_terrier,dog,0.8127,36,yorkshire_terrier,True
test,yorkshire_terrier_31,3593,36,yorkshire_terrier,dog,0.9372,36,yorkshire_terrier,True
test,yorkshire_terrier_32,3594,36,yorkshire_terrier,dog,0.9163,36,yorkshire_terrier,True
test,yorkshire_terrier_33,3595,36,yorkshire_terrier,dog,0.9704,16,havanese,False
test,yorkshire_terrier_34,3596,36,yorkshire_terrier,dog,0.9833,36,yorkshire_terrier,True
test,yorkshire_terrier_35,3597,36,yorkshire_terrier,dog,0.9996,36,yorkshire_terrier,True
test,yorkshire_terrier_36,3598,36,yorkshire_terrier,dog,0.9784,36,yorkshire_terrier,True
test,yorkshire_terrier_37,3599,36,yorkshire_terrier,dog,0.8099,30,scottish_terrier,False
test,yorkshire_terrier_38,3600,36,yorkshire_terrier,dog,0.9942,36,yorkshire_terrier,True
test,yorkshire_terrier_39,3601,36,yorkshire_terrier,dog,0.995,36,yorkshire_terrier,True
test,yorkshire_terrier_3,3602,36,yorkshire_terrier,dog,0.5272,36,yorkshire_terrier,True
test,yorkshire_terrier_40,3603,36,yorkshire_terrier,dog,0.9634,36,yorkshire_terrier,True
test,yorkshire_terrier_41,3604,36,yorkshire_terrier,dog,0.939,36,yorkshire_terrier,True
test,yorkshire_terrier_42,3605,36,yorkshire_terrier,dog,0.9504,36,yorkshire_terrier,True
test,yorkshire_terrier_43,3606,36,yorkshire_terrier,dog,0.9983,36,yorkshire_terrier,True
test,yorkshire_terrier_44,3607,36,yorkshire_terrier,dog,0.9766,36,yorkshire_terrier,True
test,yorkshire_terrier_45,3608,36,yorkshire_terrier,dog,0.9299,36,yorkshire_terrier,True
test,yorkshire_terrier_46,3609,36,yorkshire_terrier,dog,0.7651,16,havanese,False
test,yorkshire_terrier_47,3610,36,yorkshire_terrier,dog,0.9962,36,yorkshire_terrier,True
test,yorkshire_terrier_48,3611,36,yorkshire_terrier,dog,0.9509,16,havanese,False
test,yorkshire_terrier_49,3612,36,yorkshire_terrier,dog,0.9865,36,yorkshire_terrier,True
test,yorkshire_terrier_4,3613,36,yorkshire_terrier,dog,0.8567,36,yorkshire_terrier,True
test,yorkshire_terrier_50,3614,36,yorkshire_terrier,dog,0.8495,36,yorkshire_terrier,True
test,yorkshire_terrier_51,3615,36,yorkshire_terrier,dog,0.7389,16,havanese,False
test,yorkshire_terrier_52,3616,36,yorkshire_terrier,dog,0.9401,36,yorkshire_terrier,True
test,yorkshire_terrier_53,3617,36,yorkshire_terrier,dog,0.7987,36,yorkshire_terrier,True
test,yorkshire_terrier_54,3618,36,yorkshire_terrier,dog,0.5743,36,yorkshire_terrier,True
test,yorkshire_terrier_55,3619,36,yorkshire_terrier,dog,0.8872,36,yorkshire_terrier,True
test,yorkshire_terrier_56,3620,36,yorkshire_terrier,dog,0.8538,16,havanese,False
test,yorkshire_terrier_57,3621,36,yorkshire_terrier,dog,0.9955,36,yorkshire_terrier,True
test,yorkshire_terrier_58,3622,36,yorkshire_terrier,dog,0.952,36,yorkshire_terrier,True
test,yorkshire_terrier_59,3623,36,yorkshire_terrier,dog,0.9996,36,yorkshire_terrier,True
test,yorkshire_terrier_5,3624,36,yorkshire_terrier,dog,0.9988,30,scottish_terrier,False
test,yorkshire_terrier_60,3625,36,yorkshire_terrier,dog,0.5815,36,yorkshire_terrier,True
test,yorkshire_terrier_61,3626,36,yorkshire_terrier,dog,0.7397,16,havanese,False
test,yorkshire_terrier_62,3627,36,yorkshire_terrier,dog,0.985,36,yorkshire_terrier,True
test,yorkshire_terrier_63,3628,36,yorkshire_terrier,dog,0.9965,36,yorkshire_terrier,True
test,yorkshire_terrier_64,3629,36,yorkshire_terrier,dog,0.9921,36,yorkshire_terrier,True
test,yorkshire_terrier_65,3630,36,yorkshire_terrier,dog,0.9793,36,yorkshire_terrier,True
test,yorkshire_terrier_66,3631,36,yorkshire_terrier,dog,0.4254,36,yorkshire_terrier,True
test,yorkshire_terrier_67,3632,36,yorkshire_terrier,dog,0.988,36,yorkshire_terrier,True
test,yorkshire_terrier_68,3633,36,yorkshire_terrier,dog,0.998,36,yorkshire_terrier,True
test,yorkshire_terrier_69,3634,36,yorkshire_terrier,dog,0.9914,36,yorkshire_terrier,True
test,yorkshire_terrier_6,3635,36,yorkshire_terrier,dog,0.4347,16,havanese,False
test,yorkshire_terrier_70,3636,36,yorkshire_terrier,dog,0.9915,36,yorkshire_terrier,True
test,yorkshire_terrier_71,3637,36,yorkshire_terrier,dog,0.8721,30,scottish_terrier,False
test,yorkshire_terrier_72,3638,36,yorkshire_terrier,dog,0.9935,36,yorkshire_terrier,True
test,yorkshire_terrier_73,3639,36,yorkshire_terrier,dog,0.9838,36,yorkshire_terrier,True
test,yorkshire_terrier_74,3640,36,yorkshire_terrier,dog,0.8312,36,yorkshire_terrier,True
test,yorkshire_terrier_75,3641,36,yorkshire_terrier,dog,0.9718,36,yorkshire_terrier,True
test,yorkshire_terrier_76,3642,36,yorkshire_terrier,dog,0.9838,36,yorkshire_terrier,True
test,yorkshire_terrier_77,3643,36,yorkshire_terrier,dog,0.9517,16,havanese,False
test,yorkshire_terrier_78,3644,36,yorkshire_terrier,dog,0.7894,36,yorkshire_terrier,True
test,yorkshire_terrier_79,3645,36,yorkshire_terrier,dog,0.9284,36,yorkshire_terrier,True
test,yorkshire_terrier_7,3646,36,yorkshire_terrier,dog,0.628,16,havanese,False
test,yorkshire_terrier_80,3647,36,yorkshire_terrier,dog,0.9591,36,yorkshire_terrier,True
test,yorkshire_terrier_81,3648,36,yorkshire_terrier,dog,0.9664,36,yorkshire_terrier,True
test,yorkshire_terrier_82,3649,36,yorkshire_terrier,dog,0.5193,16,havanese,False
test,yorkshire_terrier_83,3650,36,yorkshire_terrier,dog,0.9764,16,havanese,False
test,yorkshire_terrier_84,3651,36,yorkshire_terrier,dog,0.7001,30,scottish_terrier,False
test,yorkshire_terrier_85,3652,36,yorkshire_terrier,dog,0.994,36,yorkshire_terrier,True
test,yorkshire_terrier_86,3653,36,yorkshire_terrier,dog,0.9686,36,yorkshire_terrier,True
test,yorkshire_terrier_87,3654,36,yorkshire_terrier,dog,1.0,36,yorkshire_terrier,True
test,yorkshire_terrier_88,3655,36,yorkshire_terrier,dog,0.9915,36,yorkshire_terrier,True
test,yorkshire_terrier_89,3656,36,yorkshire_terrier,dog,0.9789,30,scottish_terrier,False
test,yorkshire_terrier_8,3657,36,yorkshire_terrier,dog,0.9766,36,yorkshire_terrier,True
test,yorkshire_terrier_90,3658,36,yorkshire_terrier,dog,0.4031,30,scottish_terrier,False
test,yorkshire_terrier_91,3659,36,yorkshire_terrier,dog,0.6816,36,yorkshire_terrier,True
test,yorkshire_terrier_92,3660,36,yorkshire_terrier,dog,0.8756,36,yorkshire_terrier,True
test,yorkshire_terrier_93,3661,36,yorkshire_terrier,dog,0.6654,16,havanese,False
test,yorkshire_terrier_94,3662,36,yorkshire_terrier,dog,0.8335,36,yorkshire_terrier,True
test,yorkshire_terrier_95,3663,36,yorkshire_terrier,dog,0.7627,36,yorkshire_terrier,True
test,yorkshire_terrier_96,3664,36,yorkshire_terrier,dog,0.7563,36,yorkshire_terrier,True
test,yorkshire_terrier_97,3665,36,yorkshire_terrier,dog,0.9557,36,yorkshire_terrier,True
test,yorkshire_terrier_98,3666,36,yorkshire_terrier,dog,0.9966,36,yorkshire_terrier,True
test,yorkshire_terrier_99,3667,36,yorkshire_terrier,dog,0.3812,36,yorkshire_terrier,True
test,yorkshire_terrier_9,3668,36,yorkshire_terrier,dog,0.8809,16,havanese,False
