image,position,true_label,true_breed,species,predicted_label,predicted_breed,probability,correct
Abyssinian_201,0,0,Abyssinian,cat,0,Abyssinian,0.9569,True
Abyssinian_202,1,0,Abyssinian,cat,0,Abyssinian,0.9938,True
Abyssinian_204,2,0,Abyssinian,cat,0,Abyssinian,0.9529,True
Abyssinian_205,3,0,Abyssinian,cat,0,Abyssinian,0.6825,True
Abyssinian_206,4,0,Abyssinian,cat,0,Abyssinian,0.7475,True
Abyssinian_207,5,0,Abyssinian,cat,0,Abyssinian,0.6357,True
Abyssinian_20,6,0,Abyssinian,cat,0,Abyssinian,0.9335,True
Abyssinian_210,7,0,Abyssinian,cat,0,Abyssinian,0.8728,True
Abyssinian_212,8,0,Abyssinian,cat,27,Russian_Blue,0.5244,False
Abyssinian_213,9,0,Abyssinian,cat,0,Abyssinian,0.9879,True
Abyssinian_215,10,0,Abyssinian,cat,24,pomeranian,0.4539,False
Abyssinian_216,11,0,Abyssinian,cat,0,Abyssinian,0.8127,True
Abyssinian_217,12,0,Abyssinian,cat,0,Abyssinian,0.6322,True
Abyssinian_219,13,0,Abyssinian,cat,0,Abyssinian,0.937,True
Abyssinian_21,14,0,Abyssinian,cat,9,British_Shorthair,0.3937,False
Abyssinian_220,15,0,Abyssinian,cat,0,Abyssinian,0.9624,True
Abyssinian_221,16,0,Abyssinian,cat,0,Abyssinian,0.4023,True
Abyssinian_223,17,0,Abyssinian,cat,0,Abyssinian,0.7302,True
Abyssinian_224,18,0,Abyssinian,cat,0,Abyssinian,0.9944,True
Abyssinian_225,19,0,Abyssinian,cat,0,Abyssinian,0.9419,True
Abyssinian_226,20,0,Abyssinian,cat,26,Ragdoll,0.2121,False
Abyssinian_228,21,0,Abyssinian,cat,0,Abyssinian,0.9319,True
Abyssinian_22,22,0,Abyssinian,cat,0,Abyssinian,0.9773,True
Abyssinian_230,23,0,Abyssinian,cat,0,Abyssinian,0.9858,True
Abyssinian_232,24,0,Abyssinian,cat,0,Abyssinian,0.9621,True
Abyssinian_24,25,0,Abyssinian,cat,0,Abyssinian,0.9898,True
Abyssinian_25,26,0,Abyssinian,cat,0,Abyssinian,0.9807,True
Abyssinian_26,27,0,Abyssinian,cat,0,Abyssinian,0.7714,True
Abyssinian_27,28,0,Abyssinian,cat,0,Abyssinian,0.9834,True
Abyssinian_29,29,0,Abyssinian,cat,0,Abyssinian,0.9755,True
Abyssinian_2,30,0,Abyssinian,cat,0,Abyssinian,0.9869,True
Abyssinian_30,31,0,Abyssinian,cat,0,Abyssinian,0.9762,True
Abyssinian_31,32,0,Abyssinian,cat,0,Abyssinian,0.9847,True
Abyssinian_32,33,0,Abyssinian,cat,0,Abyssinian,0.9446,True
Abyssinian_33,34,0,Abyssinian,cat,0,Abyssinian,0.7373,True
Abyssinian_36,35,0,Abyssinian,cat,0,Abyssinian,0.8513,True
Abyssinian_37,36,0,Abyssinian,cat,0,Abyssinian,0.9214,True
Abyssinian_3,37,0,Abyssinian,cat,0,Abyssinian,0.9486,True
Abyssinian_40,38,0,Abyssinian,cat,0,Abyssinian,0.6341,True
Abyssinian_43,39,0,Abyssinian,cat,0,Abyssinian,0.9237,True
Abyssinian_44,40,0,Abyssinian,cat,0,Abyssinian,0.9819,True
Abyssinian_45,41,0,Abyssinian,cat,0,Abyssinian,0.986,True
Abyssinian_46,42,0,Abyssinian,cat,0,Abyssinian,0.908,True
Abyssinian_47,43,0,Abyssinian,cat,0,Abyssinian,0.7816,True
Abyssinian_48,44,0,Abyssinian,cat,0,Abyssinian,0.6814,True
Abyssinian_49,45,0,Abyssinian,cat,11,Egyptian_Mau,0.4483,False
Abyssinian_4,46,0,Abyssinian,cat,0,Abyssinian,0.4085,True
Abyssinian_50,47,0,Abyssinian,cat,0,Abyssinian,0.7414,True
Abyssinian_51,48,0,Abyssinian,cat,0,Abyssinian,0.9519,True
Abyssinian_52,49,0,Abyssinian,cat,0,Abyssinian,0.773,True
Abyssinian_54,50,0,Abyssinian,cat,0,Abyssinian,0.8139,True
Abyssinian_55,51,0,Abyssinian,cat,0,Abyssinian,0.8993,True
Abyssinian_56,52,0,Abyssinian,cat,0,Abyssinian,0.9805,True
Abyssinian_57,53,0,Abyssinian,cat,0,Abyssinian,0.9799,True
Abyssinian_58,54,0,Abyssinian,cat,0,Abyssinian,0.9465,True
Abyssinian_5,55,0,Abyssinian,cat,0,Abyssinian,0.7314,True
Abyssinian_60,56,0,Abyssinian,cat,0,Abyssinian,0.8411,True
Abyssinian_61,57,0,Abyssinian,cat,0,Abyssinian,0.672,True
Abyssinian_62,58,0,Abyssinian,cat,0,Abyssinian,0.7587,True
Abyssinian_63,59,0,Abyssinian,cat,0,Abyssinian,0.6773,True
Abyssinian_65,60,0,Abyssinian,cat,0,Abyssinian,0.9847,True
Abyssinian_66,61,0,Abyssinian,cat,0,Abyssinian,0.9869,True
Abyssinian_67,62,0,Abyssinian,cat,0,Abyssinian,0.9202,True
Abyssinian_68,63,0,Abyssinian,cat,0,Abyssinian,0.9303,True
Abyssinian_69,64,0,Abyssinian,cat,0,Abyssinian,0.9593,True
Abyssinian_6,65,0,Abyssinian,cat,0,Abyssinian,0.3763,True
Abyssinian_70,66,0,Abyssinian,cat,0,Abyssinian,0.7477,True
Abyssinian_71,67,0,Abyssinian,cat,0,Abyssinian,0.9747,True
Abyssinian_72,68,0,Abyssinian,cat,0,Abyssinian,0.977,True
Abyssinian_73,69,0,Abyssinian,cat,0,Abyssinian,0.9528,True
Abyssinian_74,70,0,Abyssinian,cat,0,Abyssinian,0.9677,True
Abyssinian_75,71,0,Abyssinian,cat,0,Abyssinian,0.9147,True
Abyssinian_76,72,0,Abyssinian,cat,0,Abyssinian,0.7928,True
Abyssinian_77,73,0,Abyssinian,cat,0,Abyssinian,0.6043,True
Abyssinian_78,74,0,Abyssinian,cat,0,Abyssinian,0.9247,True
Abyssinian_79,75,0,Abyssinian,cat,0,Abyssinian,0.9581,True
Abyssinian_7,76,0,Abyssinian,cat,0,Abyssinian,0.9775,True
Abyssinian_80,77,0,Abyssinian,cat,0,Abyssinian,0.975,True
Abyssinian_81,78,0,Abyssinian,cat,0,Abyssinian,0.5009,True
Abyssinian_83,79,0,Abyssinian,cat,0,Abyssinian,0.9861,True
Abyssinian_84,80,0,Abyssinian,cat,0,Abyssinian,0.9892,True
Abyssinian_85,81,0,Abyssinian,cat,0,Abyssinian,0.9702,True
Abyssinian_86,82,0,Abyssinian,cat,0,Abyssinian,0.8963,True
Abyssinian_87,83,0,Abyssinian,cat,0,Abyssinian,0.6693,True
Abyssinian_88,84,0,Abyssinian,cat,0,Abyssinian,0.9841,True
Abyssinian_89,85,0,Abyssinian,cat,0,Abyssinian,0.9521,True
Abyssinian_8,86,0,Abyssinian,cat,27,Russian_Blue,0.5328,False
Abyssinian_90,87,0,Abyssinian,cat,0,Abyssinian,0.425,True
Abyssinian_91,88,0,Abyssinian,cat,0,Abyssinian,0.9963,True
Abyssinian_92,89,0,Abyssinian,cat,0,Abyssinian,0.9611,True
Abyssinian_93,90,0,Abyssinian,cat,0,Abyssinian,0.941,True
Abyssinian_94,91,0,Abyssinian,cat,0,Abyssinian,0.6051,True
Abyssinian_95,92,0,Abyssinian,cat,0,Abyssinian,0.6483,True
Abyssinian_96,93,0,Abyssinian,cat,0,Abyssinian,0.7954,True
Abyssinian_97,94,0,Abyssinian,cat,0,Abyssinian,0.8626,True
Abyssinian_98,95,0,Abyssinian,cat,0,Abyssinian,0.8496,True
Abyssinian_99,96,0,Abyssinian,cat,0,Abyssinian,0.9513,True
Abyssinian_9,97,0,Abyssinian,cat,0,Abyssinian,0.9662,True
american_bulldog_203,98,1,american_bulldog,dog,1,american_bulldog,0.7829,True
american_bulldog_205,99,1,american_bulldog,dog,1,american_bulldog,0.9848,True
american_bulldog_207,100,1,american_bulldog,dog,1,american_bulldog,0.9163,True
american_bulldog_208,101,1,american_bulldog,dog,1,american_bulldog,0.6866,True
american_bulldog_209,102,1,american_bulldog,dog,1,american_bulldog,0.9587,True
american_bulldog_20,103,1,american_bulldog,dog,1,american_bulldog,0.6792,True
american_bulldog_211,104,1,american_bulldog,dog,1,american_bulldog,0.884,True
american_bulldog_212,105,1,american_bulldog,dog,1,american_bulldog,0.9994,True
american_bulldog_214,106,1,american_bulldog,dog,1,american_bulldog,0.8582,True
american_bulldog_216,107,1,american_bulldog,dog,1,american_bulldog,0.9961,True
american_bulldog_217,108,1,american_bulldog,dog,1,american_bulldog,0.9716,True
american_bulldog_218,109,1,american_bulldog,dog,1,american_bulldog,0.998,True
american_bulldog_21,110,1,american_bulldog,dog,1,american_bulldog,0.9857,True
american_bulldog_220,111,1,american_bulldog,dog,1,american_bulldog,0.9831,True
american_bulldog_221,112,1,american_bulldog,dog,1,american_bulldog,0.9942,True
american_bulldog_224,113,1,american_bulldog,dog,1,american_bulldog,0.9603,True
american_bulldog_22,114,1,american_bulldog,dog,1,american_bulldog,0.9588,True
american_bulldog_23,115,1,american_bulldog,dog,1,american_bulldog,0.9264,True
american_bulldog_24,116,1,american_bulldog,dog,1,american_bulldog,0.9981,True
american_bulldog_25,117,1,american_bulldog,dog,1,american_bulldog,0.9972,True
american_bulldog_26,118,1,american_bulldog,dog,1,american_bulldog,0.9923,True
american_bulldog_27,119,1,american_bulldog,dog,1,american_bulldog,0.4598,True
american_bulldog_28,120,1,american_bulldog,dog,1,american_bulldog,0.8642,True
american_bulldog_29,121,1,american_bulldog,dog,1,american_bulldog,0.9102,True
american_bulldog_2,122,1,american_bulldog,dog,1,american_bulldog,0.995,True
american_bulldog_30,123,1,american_bulldog,dog,1,american_bulldog,0.9903,True
american_bulldog_31,124,1,american_bulldog,dog,1,american_bulldog,0.9948,True
american_bulldog_32,125,1,american_bulldog,dog,1,american_bulldog,0.7474,True
american_bulldog_33,126,1,american_bulldog,dog,1,american_bulldog,0.7039,True
american_bulldog_34,127,1,american_bulldog,dog,1,american_bulldog,0.9596,True
american_bulldog_35,128,1,american_bulldog,dog,8,boxer,0.6507,False
american_bulldog_36,129,1,american_bulldog,dog,1,american_bulldog,0.8581,True
american_bulldog_37,130,1,american_bulldog,dog,1,american_bulldog,0.9867,True
american_bulldog_38,131,1,american_bulldog,dog,1,american_bulldog,0.959,True
american_bulldog_39,132,1,american_bulldog,dog,1,american_bulldog,0.992,True
american_bulldog_3,133,1,american_bulldog,dog,1,american_bulldog,0.7952,True
american_bulldog_40,134,1,american_bulldog,dog,1,american_bulldog,0.8701,True
american_bulldog_41,135,1,american_bulldog,dog,1,american_bulldog,0.9861,True
american_bulldog_42,136,1,american_bulldog,dog,1,american_bulldog,0.9756,True
american_bulldog_43,137,1,american_bulldog,dog,1,american_bulldog,0.8211,True
american_bulldog_44,138,1,american_bulldog,dog,1,american_bulldog,0.9993,True
american_bulldog_45,139,1,american_bulldog,dog,1,american_bulldog,0.895,True
american_bulldog_46,140,1,american_bulldog,dog,1,american_bulldog,0.9869,True
american_bulldog_47,141,1,american_bulldog,dog,1,american_bulldog,0.9787,True
american_bulldog_48,142,1,american_bulldog,dog,1,american_bulldog,0.6821,True
american_bulldog_49,143,1,american_bulldog,dog,1,american_bulldog,0.8963,True
american_bulldog_50,144,1,american_bulldog,dog,2,american_pit_bull_terrier,0.6213,False
american_bulldog_51,145,1,american_bulldog,dog,1,american_bulldog,0.7157,True
american_bulldog_52,146,1,american_bulldog,dog,1,american_bulldog,0.7558,True
american_bulldog_53,147,1,american_bulldog,dog,1,american_bulldog,0.9896,True
american_bulldog_54,148,1,american_bulldog,dog,8,boxer,0.9889,False
american_bulldog_55,149,1,american_bulldog,dog,1,american_bulldog,0.9961,True
american_bulldog_56,150,1,american_bulldog,dog,1,american_bulldog,0.9618,True
american_bulldog_57,151,1,american_bulldog,dog,1,american_bulldog,0.907,True
american_bulldog_58,152,1,american_bulldog,dog,1,american_bulldog,0.978,True
american_bulldog_59,153,1,american_bulldog,dog,1,american_bulldog,0.7887,True
american_bulldog_5,154,1,american_bulldog,dog,1,american_bulldog,0.9869,True
american_bulldog_60,155,1,american_bulldog,dog,1,american_bulldog,0.9921,True
american_bulldog_61,156,1,american_bulldog,dog,1,american_bulldog,0.7254,True
american_bulldog_62,157,1,american_bulldog,dog,2,american_pit_bull_terrier,0.4104,False
american_bulldog_63,158,1,american_bulldog,dog,1,american_bulldog,0.888,True
american_bulldog_64,159,1,american_bulldog,dog,1,american_bulldog,0.952,True
american_bulldog_65,160,1,american_bulldog,dog,1,american_bulldog,0.3853,True
american_bulldog_66,161,1,american_bulldog,dog,1,american_bulldog,0.9969,True
american_bulldog_67,162,1,american_bulldog,dog,14,german_shorthaired,0.2492,False
american_bulldog_68,163,1,american_bulldog,dog,1,american_bulldog,0.4512,True
american_bulldog_69,164,1,american_bulldog,dog,1,american_bulldog,0.5901,True
american_bulldog_6,165,1,american_bulldog,dog,1,american_bulldog,0.9346,True
american_bulldog_70,166,1,american_bulldog,dog,1,american_bulldog,0.8023,True
american_bulldog_71,167,1,american_bulldog,dog,1,american_bulldog,0.9987,True
american_bulldog_72,168,1,american_bulldog,dog,1,american_bulldog,0.7724,True
american_bulldog_73,169,1,american_bulldog,dog,1,american_bulldog,0.9947,True
american_bulldog_74,170,1,american_bulldog,dog,1,american_bulldog,0.9985,True
american_bulldog_75,171,1,american_bulldog,dog,1,american_bulldog,0.604,True
american_bulldog_76,172,1,american_bulldog,dog,1,american_bulldog,0.8941,True
american_bulldog_77,173,1,american_bulldog,dog,1,american_bulldog,0.9981,True
american_bulldog_78,174,1,american_bulldog,dog,1,american_bulldog,0.97,True
american_bulldog_79,175,1,american_bulldog,dog,1,american_bulldog,0.9962,True
american_bulldog_7,176,1,american_bulldog,dog,1,american_bulldog,0.9794,True
american_bulldog_80,177,1,american_bulldog,dog,1,american_bulldog,0.9327,True
american_bulldog_81,178,1,american_bulldog,dog,1,american_bulldog,0.7479,True
american_bulldog_82,179,1,american_bulldog,dog,1,american_bulldog,0.8837,True
american_bulldog_83,180,1,american_bulldog,dog,34,staffordshire_bull_terrier,0.4527,False
american_bulldog_84,181,1,american_bulldog,dog,1,american_bulldog,0.9636,True
american_bulldog_85,182,1,american_bulldog,dog,1,american_bulldog,0.8287,True
american_bulldog_86,183,1,american_bulldog,dog,1,american_bulldog,0.9146,True
american_bulldog_87,184,1,american_bulldog,dog,1,american_bulldog,0.8945,True
american_bulldog_89,185,1,american_bulldog,dog,1,american_bulldog,0.9848,True
american_bulldog_8,186,1,american_bulldog,dog,1,american_bulldog,0.9893,True
american_bulldog_90,187,1,american_bulldog,dog,1,american_bulldog,0.9967,True
american_bulldog_91,188,1,american_bulldog,dog,34,staffordshire_bull_terrier,0.462,False
american_bulldog_92,189,1,american_bulldog,dog,1,american_bulldog,0.9932,True
american_bulldog_93,190,1,american_bulldog,dog,1,american_bulldog,0.9984,True
american_bulldog_94,191,1,american_bulldog,dog,1,american_bulldog,0.993,True
american_bulldog_95,192,1,american_bulldog,dog,1,american_bulldog,0.8491,True
american_bulldog_96,193,1,american_bulldog,dog,1,american_bulldog,0.6525,True
american_bulldog_97,194,1,american_bulldog,dog,1,american_bulldog,0.7317,True
american_bulldog_98,195,1,american_bulldog,dog,1,american_bulldog,0.9294,True
american_bulldog_99,196,1,american_bulldog,dog,1,american_bulldog,0.9867,True
american_bulldog_9,197,1,american_bulldog,dog,1,american_bulldog,0.9998,True
american_pit_bull_terrier_191,198,2,american_pit_bull_terrier,dog,14,german_shorthaired,0.2751,False
american_pit_bull_terrier_192,199,2,american_pit_bull_terrier,dog,2,american_pit_bull_terrier,0.9914,True
american_pit_bull_terrier_193,200,2,american_pit_bull_terrier,dog,2,american_pit_bull_terrier,0.9946,True
american_pit_bull_terrier_194,201,2,american_pit_bull_terrier,dog,2,american_pit_bull_terrier,0.9904,True
american_pit_bull_terrier_195,202,2,american_pit_bull_terrier,dog,2,american_pit_bull_terrier,0.9042,True
american_pit_bull_terrier_196,203,2,american_pit_bull_terrier,dog,2,american_pit_bull_terrier,0.9769,True
american_pit_bull_terrier_197,204,2,american_pit_bull_terrier,dog,2,american_pit_bull_terrier,0.7404,True
american_pit_bull_terrier_198,205,2,american_pit_bull_terrier,dog,2,american_pit_bull_terrier,0.9729,True
american_pit_bull_terrier_199,206,2,american_pit_bull_terrier,dog,2,american_pit_bull_terrier,0.9275,True
american_pit_bull_terrier_19,207,2,american_pit_bull_terrier,dog,34,staffordshire_bull_terrier,0.495,False
american_pit_bull_terrier_1,208,2,american_pit_bull_terrier,dog,34,staffordshire_bull_terrier,0.8801,False
american_pit_bull_terrier_200,209,2,american_pit_bull_terrier,dog,2,american_pit_bull_terrier,0.8138,True
american_pit_bull_terrier_201,210,2,american_pit_bull_terrier,dog,2,american_pit_bull_terrier,0.9963,True
american_pit_bull_terrier_202,211,2,american_pit_bull_terrier,dog,2,american_pit_bull_terrier,0.9064,True
american_pit_bull_terrier_203,212,2,american_pit_bull_terrier,dog,2,american_pit_bull_terrier,0.9802,True
american_pit_bull_terrier_204,213,2,american_pit_bull_terrier,dog,2,american_pit_bull_terrier,0.9661,True
american_pit_bull_terrier_20,214,2,american_pit_bull_terrier,dog,34,staffordshire_bull_terrier,0.6441,False
american_pit_bull_terrier_21,215,2,american_pit_bull_terrier,dog,14,german_shorthaired,0.3132,False
american_pit_bull_terrier_22,216,2,american_pit_bull_terrier,dog,2,american_pit_bull_terrier,0.6316,True
american_pit_bull_terrier_23,217,2,american_pit_bull_terrier,dog,2,american_pit_bull_terrier,0.6336,True
american_pit_bull_terrier_24,218,2,american_pit_bull_terrier,dog,2,american_pit_bull_terrier,0.4467,True
american_pit_bull_terrier_25,219,2,american_pit_bull_terrier,dog,2,american_pit_bull_terrier,0.7285,True
american_pit_bull_terrier_26,220,2,american_pit_bull_terrier,dog,1,american_bulldog,0.5755,False
american_pit_bull_terrier_27,221,2,american_pit_bull_terrier,dog,1,american_bulldog,0.7946,False
american_pit_bull_terrier_28,222,2,american_pit_bull_terrier,dog,1,american_bulldog,0.8929,False
american_pit_bull_terrier_29,223,2,american_pit_bull_terrier,dog,2,american_pit_bull_terrier,0.9005,True
american_pit_bull_terrier_2,224,2,american_pit_bull_terrier,dog,34,staffordshire_bull_terrier,0.7733,False
american_pit_bull_terrier_30,225,2,american_pit_bull_terrier,dog,34,staffordshire_bull_terrier,0.5046,False
american_pit_bull_terrier_31,226,2,american_pit_bull_terrier,dog,2,american_pit_bull_terrier,0.6394,True
american_pit_bull_terrier_32,227,2,american_pit_bull_terrier,dog,34,staffordshire_bull_terrier,0.7674,False
american_pit_bull_terrier_33,228,2,american_pit_bull_terrier,dog,1,american_bulldog,0.4545,False
american_pit_bull_terrier_35,229,2,american_pit_bull_terrier,dog,2,american_pit_bull_terrier,0.8388,True
american_pit_bull_terrier_36,230,2,american_pit_bull_terrier,dog,2,american_pit_bull_terrier,0.7424,True
american_pit_bull_terrier_37,231,2,american_pit_bull_terrier,dog,2,american_pit_bull_terrier,0.5039,True
american_pit_bull_terrier_38,232,2,american_pit_bull_terrier,dog,1,american_bulldog,0.8143,False
american_pit_bull_terrier_39,233,2,american_pit_bull_terrier,dog,2,american_pit_bull_terrier,0.8855,True
american_pit_bull_terrier_40,234,2,american_pit_bull_terrier,dog,1,american_bulldog,0.6125,False
american_pit_bull_terrier_41,235,2,american_pit_bull_terrier,dog,2,american_pit_bull_terrier,0.7022,True
american_pit_bull_terrier_42,236,2,american_pit_bull_terrier,dog,34,staffordshire_bull_terrier,0.6444,False
american_pit_bull_terrier_43,237,2,american_pit_bull_terrier,dog,34,staffordshire_bull_terrier,0.9192,False
american_pit_bull_terrier_44,238,2,american_pit_bull_terrier,dog,2,american_pit_bull_terrier,0.4474,True
american_pit_bull_terrier_45,239,2,american_pit_bull_terrier,dog,2,american_pit_bull_terrier,0.7128,True
american_pit_bull_terrier_46,240,2,american_pit_bull_terrier,dog,34,staffordshire_bull_terrier,0.9271,False
american_pit_bull_terrier_47,241,2,american_pit_bull_terrier,dog,2,american_pit_bull_terrier,0.8301,True
american_pit_bull_terrier_48,242,2,american_pit_bull_terrier,dog,2,american_pit_bull_terrier,0.4747,True
american_pit_bull_terrier_49,243,2,american_pit_bull_terrier,dog,34,staffordshire_bull_terrier,0.6965,False
american_pit_bull_terrier_4,244,2,american_pit_bull_terrier,dog,34,staffordshire_bull_terrier,0.5536,False
american_pit_bull_terrier_50,245,2,american_pit_bull_terrier,dog,34,staffordshire_bull_terrier,0.7926,False
american_pit_bull_terrier_51,246,2,american_pit_bull_terrier,dog,2,american_pit_bull_terrier,0.8235,True
american_pit_bull_terrier_52,247,2,american_pit_bull_terrier,dog,2,american_pit_bull_terrier,0.7164,True
american_pit_bull_terrier_53,248,2,american_pit_bull_terrier,dog,34,staffordshire_bull_terrier,0.6334,False
american_pit_bull_terrier_54,249,2,american_pit_bull_terrier,dog,34,staffordshire_bull_terrier,0.7509,False
american_pit_bull_terrier_55,250,2,american_pit_bull_terrier,dog,2,american_pit_bull_terrier,0.5784,True
american_pit_bull_terrier_56,251,2,american_pit_bull_terrier,dog,1,american_bulldog,0.273,False
american_pit_bull_terrier_57,252,2,american_pit_bull_terrier,dog,2,american_pit_bull_terrier,0.7884,True
american_pit_bull_terrier_58,253,2,american_pit_bull_terrier,dog,2,american_pit_bull_terrier,0.784,True
american_pit_bull_terrier_59,254,2,american_pit_bull_terrier,dog,2,american_pit_bull_terrier,0.6429,True
american_pit_bull_terrier_5,255,2,american_pit_bull_terrier,dog,2,american_pit_bull_terrier,0.778,True
american_pit_bull_terrier_60,256,2,american_pit_bull_terrier,dog,2,american_pit_bull_terrier,0.7756,True
american_pit_bull_terrier_61,257,2,american_pit_bull_terrier,dog,1,american_bulldog,0.9736,False
american_pit_bull_terrier_62,258,2,american_pit_bull_terrier,dog,1,american_bulldog,0.8875,False
american_pit_bull_terrier_63,259,2,american_pit_bull_terrier,dog,1,american_bulldog,0.8889,False
american_pit_bull_terrier_64,260,2,american_pit_bull_terrier,dog,34,staffordshire_bull_terrier,0.585,False
american_pit_bull_terrier_65,261,2,american_pit_bull_terrier,dog,34,staffordshire_bull_terrier,0.703,False
american_pit_bull_terrier_66,262,2,american_pit_bull_terrier,dog,1,american_bulldog,0.4817,False
american_pit_bull_terrier_67,263,2,american_pit_bull_terrier,dog,2,american_pit_bull_terrier,0.7375,True
american_pit_bull_terrier_68,264,2,american_pit_bull_terrier,dog,1,american_bulldog,0.5657,False
american_pit_bull_terrier_69,265,2,american_pit_bull_terrier,dog,2,american_pit_bull_terrier,0.8254,True
american_pit_bull_terrier_6,266,2,american_pit_bull_terrier,dog,8,boxer,0.5942,False
american_pit_bull_terrier_70,267,2,american_pit_bull_terrier,dog,2,american_pit_bull_terrier,0.9451,True
american_pit_bull_terrier_71,268,2,american_pit_bull_terrier,dog,2,american_pit_bull_terrier,0.8966,True
american_pit_bull_terrier_72,269,2,american_pit_bull_terrier,dog,2,american_pit_bull_terrier,0.8453,True
american_pit_bull_terrier_73,270,2,american_pit_bull_terrier,dog,2,american_pit_bull_terrier,0.9248,True
american_pit_bull_terrier_74,271,2,american_pit_bull_terrier,dog,2,american_pit_bull_terrier,0.8739,True
american_pit_bull_terrier_75,272,2,american_pit_bull_terrier,dog,2,american_pit_bull_terrier,0.8813,True
american_pit_bull_terrier_76,273,2,american_pit_bull_terrier,dog,2,american_pit_bull_terrier,0.8526,True
american_pit_bull_terrier_77,274,2,american_pit_bull_terrier,dog,2,american_pit_bull_terrier,0.8334,True
american_pit_bull_terrier_78,275,2,american_pit_bull_terrier,dog,2,american_pit_bull_terrier,0.8019,True
american_pit_bull_terrier_79,276,2,american_pit_bull_terrier,dog,34,staffordshire_bull_terrier,0.4878,False
american_pit_bull_terrier_7,277,2,american_pit_bull_terrier,dog,2,american_pit_bull_terrier,0.7594,True
american_pit_bull_terrier_80,278,2,american_pit_bull_terrier,dog,1,american_bulldog,0.8904,False
american_pit_bull_terrier_81,279,2,american_pit_bull_terrier,dog,2,american_pit_bull_terrier,0.4526,True
american_pit_bull_terrier_82,280,2,american_pit_bull_terrier,dog,14,german_shorthaired,0.8514,False
american_pit_bull_terrier_84,281,2,american_pit_bull_terrier,dog,14,german_shorthaired,0.4169,False
american_pit_bull_terrier_86,282,2,american_pit_bull_terrier,dog,2,american_pit_bull_terrier,0.9021,True
american_pit_bull_terrier_87,283,2,american_pit_bull_terrier,dog,34,staffordshire_bull_terrier,0.8203,False
american_pit_bull_terrier_88,284,2,american_pit_bull_terrier,dog,34,staffordshire_bull_terrier,0.5223,False
american_pit_bull_terrier_89,285,2,american_pit_bull_terrier,dog,34,staffordshire_bull_terrier,0.816,False
american_pit_bull_terrier_8,286,2,american_pit_bull_terrier,dog,34,staffordshire_bull_terrier,0.6698,False
american_pit_bull_terrier_90,287,2,american_pit_bull_terrier,dog,34,staffordshire_bull_terrier,0.5624,False
american_pit_bull_terrier_91,288,2,american_pit_bull_terrier,dog,34,staffordshire_bull_terrier,0.6743,False
american_pit_bull_terrier_92,289,2,american_pit_bull_terrier,dog,2,american_pit_bull_terrier,0.5582,True
american_pit_bull_terrier_93,290,2,american_pit_bull_terrier,dog,14,german_shorthaired,0.8941,False
american_pit_bull_terrier_94,291,2,american_pit_bull_terrier,dog,34,staffordshire_bull_terrier,0.8,False
american_pit_bull_terrier_95,292,2,american_pit_bull_terrier,dog,2,american_pit_bull_terrier,0.6148,True
american_pit_bull_terrier_96,293,2,american_pit_bull_terrier,dog,34,staffordshire_bull_terrier,0.461,False
american_pit_bull_terrier_97,294,2,american_pit_bull_terrier,dog,2,american_pit_bull_terrier,0.773,True
american_pit_bull_terrier_98,295,2,american_pit_bull_terrier,dog,34,staffordshire_bull_terrier,0.5966,False
american_pit_bull_terrier_99,296,2,american_pit_bull_terrier,dog,2,american_pit_bull_terrier,0.5315,True
american_pit_bull_terrier_9,297,2,american_pit_bull_terrier,dog,1,american_bulldog,0.9223,False
basset_hound_191,298,3,basset_hound,dog,3,basset_hound,0.4173,True
basset_hound_192,299,3,basset_hound,dog,3,basset_hound,0.638,True
basset_hound_193,300,3,basset_hound,dog,3,basset_hound,0.9539,True
basset_hound_194,301,3,basset_hound,dog,3,basset_hound,0.8526,True
basset_hound_195,302,3,basset_hound,dog,3,basset_hound,0.7557,True
basset_hound_196,303,3,basset_hound,dog,3,basset_hound,0.51,True
basset_hound_197,304,3,basset_hound,dog,4,beagle,0.7434,False
basset_hound_198,305,3,basset_hound,dog,3,basset_hound,0.9205,True
basset_hound_199,306,3,basset_hound,dog,3,basset_hound,0.9644,True
basset_hound_19,307,3,basset_hound,dog,3,basset_hound,0.9169,True
basset_hound_1,308,3,basset_hound,dog,3,basset_hound,0.9988,True
basset_hound_200,309,3,basset_hound,dog,4,beagle,0.9987,False
basset_hound_20,310,3,basset_hound,dog,3,basset_hound,0.9716,True
basset_hound_21,311,3,basset_hound,dog,3,basset_hound,0.917,True
basset_hound_22,312,3,basset_hound,dog,3,basset_hound,0.9599,True
basset_hound_23,313,3,basset_hound,dog,3,basset_hound,0.6173,True
basset_hound_24,314,3,basset_hound,dog,3,basset_hound,0.9982,True
basset_hound_25,315,3,basset_hound,dog,3,basset_hound,0.9905,True
basset_hound_26,316,3,basset_hound,dog,3,basset_hound,0.9439,True
basset_hound_27,317,3,basset_hound,dog,3,basset_hound,0.7992,True
basset_hound_28,318,3,basset_hound,dog,3,basset_hound,0.9963,True
basset_hound_29,319,3,basset_hound,dog,3,basset_hound,0.8617,True
basset_hound_2,320,3,basset_hound,dog,3,basset_hound,0.9976,True
basset_hound_30,321,3,basset_hound,dog,3,basset_hound,0.9698,True
basset_hound_31,322,3,basset_hound,dog,3,basset_hound,0.9974,True
basset_hound_32,323,3,basset_hound,dog,3,basset_hound,0.9873,True
basset_hound_33,324,3,basset_hound,dog,3,basset_hound,0.9982,True
basset_hound_34,325,3,basset_hound,dog,3,basset_hound,0.9986,True
basset_hound_35,326,3,basset_hound,dog,3,basset_hound,0.9707,True
basset_hound_36,327,3,basset_hound,dog,3,basset_hound,0.9853,True
basset_hound_37,328,3,basset_hound,dog,3,basset_hound,0.9962,True
basset_hound_38,329,3,basset_hound,dog,3,basset_hound,0.9746,True
basset_hound_39,330,3,basset_hound,dog,3,basset_hound,0.9914,True
basset_hound_3,331,3,basset_hound,dog,3,basset_hound,0.9985,True
basset_hound_40,332,3,basset_hound,dog,3,basset_hound,0.6122,True
basset_hound_41,333,3,basset_hound,dog,3,basset_hound,0.9925,True
basset_hound_42,334,3,basset_hound,dog,3,basset_hound,0.9774,True
basset_hound_43,335,3,basset_hound,dog,3,basset_hound,0.9931,True
basset_hound_44,336,3,basset_hound,dog,3,basset_hound,0.9979,True
basset_hound_45,337,3,basset_hound,dog,3,basset_hound,0.9336,True
basset_hound_46,338,3,basset_hound,dog,3,basset_hound,0.9891,True
basset_hound_47,339,3,basset_hound,dog,3,basset_hound,0.9958,True
basset_hound_48,340,3,basset_hound,dog,3,basset_hound,0.9988,True
basset_hound_49,341,3,basset_hound,dog,3,basset_hound,0.9945,True
basset_hound_4,342,3,basset_hound,dog,4,beagle,0.5685,False
basset_hound_50,343,3,basset_hound,dog,3,basset_hound,0.6035,True
basset_hound_51,344,3,basset_hound,dog,3,basset_hound,0.9913,True
basset_hound_52,345,3,basset_hound,dog,3,basset_hound,0.9875,True
basset_hound_53,346,3,basset_hound,dog,3,basset_hound,0.9911,True
basset_hound_54,347,3,basset_hound,dog,3,basset_hound,0.977,True
basset_hound_55,348,3,basset_hound,dog,3,basset_hound,0.9973,True
basset_hound_56,349,3,basset_hound,dog,3,basset_hound,0.9948,True
basset_hound_57,350,3,basset_hound,dog,3,basset_hound,0.9979,True
basset_hound_58,351,3,basset_hound,dog,3,basset_hound,0.9211,True
basset_hound_59,352,3,basset_hound,dog,3,basset_hound,0.9828,True
basset_hound_5,353,3,basset_hound,dog,3,basset_hound,0.9987,True
basset_hound_60,354,3,basset_hound,dog,3,basset_hound,0.9943,True
basset_hound_61,355,3,basset_hound,dog,3,basset_hound,0.9951,True
basset_hound_62,356,3,basset_hound,dog,3,basset_hound,0.9991,True
basset_hound_63,357,3,basset_hound,dog,3,basset_hound,0.9951,True
basset_hound_64,358,3,basset_hound,dog,4,beagle,0.5836,False
basset_hound_65,359,3,basset_hound,dog,3,basset_hound,0.9917,True
basset_hound_66,360,3,basset_hound,dog,3,basset_hound,0.9635,True
basset_hound_67,361,3,basset_hound,dog,3,basset_hound,0.9885,True
basset_hound_68,362,3,basset_hound,dog,3,basset_hound,0.8626,True
basset_hound_69,363,3,basset_hound,dog,3,basset_hound,0.9979,True
basset_hound_6,364,3,basset_hound,dog,3,basset_hound,0.9138,True
basset_hound_70,365,3,basset_hound,dog,3,basset_hound,0.953,True
basset_hound_71,366,3,basset_hound,dog,3,basset_hound,0.8636,True
basset_hound_72,367,3,basset_hound,dog,3,basset_hound,0.9373,True
basset_hound_73,368,3,basset_hound,dog,4,beagle,0.8214,False
basset_hound_74,369,3,basset_hound,dog,3,basset_hound,0.9836,True
basset_hound_75,370,3,basset_hound,dog,3,basset_hound,0.9627,True
basset_hound_76,371,3,basset_hound,dog,3,basset_hound,0.9777,True
basset_hound_77,372,3,basset_hound,dog,3,basset_hound,0.9709,True
basset_hound_78,373,3,basset_hound,dog,3,basset_hound,0.9948,True
basset_hound_79,374,3,basset_hound,dog,3,basset_hound,0.9961,True
basset_hound_7,375,3,basset_hound,dog,3,basset_hound,0.9008,True
basset_hound_80,376,3,basset_hound,dog,3,basset_hound,0.9891,True
basset_hound_81,377,3,basset_hound,dog,3,basset_hound,0.7751,True
basset_hound_82,378,3,basset_hound,dog,3,basset_hound,0.9839,True
basset_hound_83,379,3,basset_hound,dog,3,basset_hound,0.9954,True
basset_hound_84,380,3,basset_hound,dog,3,basset_hound,0.9884,True
basset_hound_85,381,3,basset_hound,dog,3,basset_hound,0.995,True
basset_hound_86,382,3,basset_hound,dog,3,basset_hound,0.99,True
basset_hound_87,383,3,basset_hound,dog,3,basset_hound,0.9826,True
basset_hound_88,384,3,basset_hound,dog,3,basset_hound,0.9974,True
basset_hound_89,385,3,basset_hound,dog,3,basset_hound,0.9277,True
basset_hound_8,386,3,basset_hound,dog,3,basset_hound,0.7207,True
basset_hound_90,387,3,basset_hound,dog,3,basset_hound,0.9888,True
basset_hound_91,388,3,basset_hound,dog,3,basset_hound,0.9987,True
basset_hound_92,389,3,basset_hound,dog,3,basset_hound,0.9917,True
basset_hound_93,390,3,basset_hound,dog,3,basset_hound,0.9974,True
basset_hound_94,391,3,basset_hound,dog,3,basset_hound,0.9977,True
basset_hound_95,392,3,basset_hound,dog,3,basset_hound,0.9984,True
basset_hound_96,393,3,basset_hound,dog,3,basset_hound,0.7749,True
basset_hound_97,394,3,basset_hound,dog,3,basset_hound,0.9145,True
basset_hound_98,395,3,basset_hound,dog,3,basset_hound,0.938,True
basset_hound_99,396,3,basset_hound,dog,3,basset_hound,0.9524,True
basset_hound_9,397,3,basset_hound,dog,3,basset_hound,0.999,True
beagle_195,398,4,beagle,dog,4,beagle,0.9689,True
beagle_196,399,4,beagle,dog,4,beagle,0.9936,True
beagle_197,400,4,beagle,dog,4,beagle,0.9944,True
beagle_198,401,4,beagle,dog,14,german_shorthaired,0.5769,False
beagle_199,402,4,beagle,dog,4,beagle,0.9948,True
beagle_19,403,4,beagle,dog,4,beagle,0.9983,True
beagle_1,404,4,beagle,dog,4,beagle,0.972,True
beagle_200,405,4,beagle,dog,4,beagle,0.9985,True
beagle_201,406,4,beagle,dog,4,beagle,0.9979,True
beagle_202,407,4,beagle,dog,4,beagle,0.6354,True
beagle_203,408,4,beagle,dog,4,beagle,0.9622,True
beagle_204,409,4,beagle,dog,4,beagle,0.9624,True
beagle_20,410,4,beagle,dog,4,beagle,0.9979,True
beagle_21,411,4,beagle,dog,4,beagle,0.9834,True
beagle_22,412,4,beagle,dog,4,beagle,0.9998,True
beagle_23,413,4,beagle,dog,4,beagle,0.999,True
beagle_24,414,4,beagle,dog,4,beagle,0.9308,True
beagle_25,415,4,beagle,dog,4,beagle,0.7334,True
beagle_26,416,4,beagle,dog,4,beagle,0.9994,True
beagle_27,417,4,beagle,dog,4,beagle,0.9681,True
beagle_28,418,4,beagle,dog,4,beagle,0.9793,True
beagle_29,419,4,beagle,dog,4,beagle,0.4915,True
beagle_2,420,4,beagle,dog,4,beagle,0.9883,True
beagle_30,421,4,beagle,dog,4,beagle,0.4225,True
beagle_31,422,4,beagle,dog,4,beagle,0.9875,True
beagle_32,423,4,beagle,dog,4,beagle,0.9972,True
beagle_33,424,4,beagle,dog,4,beagle,0.9247,True
beagle_34,425,4,beagle,dog,4,beagle,0.9567,True
beagle_35,426,4,beagle,dog,4,beagle,0.9918,True
beagle_36,427,4,beagle,dog,4,beagle,0.9961,True
beagle_37,428,4,beagle,dog,4,beagle,0.9992,True
beagle_38,429,4,beagle,dog,4,beagle,0.9969,True
beagle_39,430,4,beagle,dog,4,beagle,0.9551,True
beagle_3,431,4,beagle,dog,4,beagle,0.9986,True
beagle_40,432,4,beagle,dog,4,beagle,0.9993,True
beagle_41,433,4,beagle,dog,4,beagle,0.9725,True
beagle_42,434,4,beagle,dog,4,beagle,0.9346,True
beagle_43,435,4,beagle,dog,4,beagle,0.9829,True
beagle_44,436,4,beagle,dog,4,beagle,0.9995,True
beagle_45,437,4,beagle,dog,4,beagle,0.9035,True
beagle_46,438,4,beagle,dog,4,beagle,0.9864,True
beagle_47,439,4,beagle,dog,4,beagle,0.9944,True
beagle_48,440,4,beagle,dog,4,beagle,0.951,True
beagle_49,441,4,beagle,dog,4,beagle,0.7958,True
beagle_4,442,4,beagle,dog,3,basset_hound,0.6474,False
beagle_50,443,4,beagle,dog,4,beagle,0.8897,True
beagle_51,444,4,beagle,dog,4,beagle,0.9216,True
beagle_52,445,4,beagle,dog,3,basset_hound,0.9074,False
beagle_53,446,4,beagle,dog,4,beagle,0.9535,True
beagle_54,447,4,beagle,dog,4,beagle,0.8894,True
beagle_55,448,4,beagle,dog,4,beagle,0.9829,True
beagle_56,449,4,beagle,dog,4,beagle,0.6102,True
beagle_57,450,4,beagle,dog,4,beagle,0.9615,True
beagle_58,451,4,beagle,dog,4,beagle,0.9591,True
beagle_59,452,4,beagle,dog,4,beagle,0.9814,True
beagle_5,453,4,beagle,dog,4,beagle,0.9958,True
beagle_60,454,4,beagle,dog,4,beagle,0.9963,True
beagle_61,455,4,beagle,dog,3,basset_hound,0.6951,False
beagle_62,456,4,beagle,dog,4,beagle,0.9962,True
beagle_63,457,4,beagle,dog,4,beagle,0.9895,True
beagle_64,458,4,beagle,dog,4,beagle,0.9419,True
beagle_65,459,4,beagle,dog,4,beagle,0.8688,True
beagle_66,460,4,beagle,dog,4,beagle,0.9996,True
beagle_67,461,4,beagle,dog,4,beagle,0.9888,True
beagle_68,462,4,beagle,dog,4,beagle,0.9928,True
beagle_69,463,4,beagle,dog,3,basset_hound,0.7833,False
beagle_6,464,4,beagle,dog,4,beagle,0.974,True
beagle_70,465,4,beagle,dog,4,beagle,0.2811,True
beagle_71,466,4,beagle,dog,4,beagle,0.9855,True
beagle_72,467,4,beagle,dog,4,beagle,0.9914,True
beagle_73,468,4,beagle,dog,4,beagle,0.9997,True
beagle_74,469,4,beagle,dog,4,beagle,0.9993,True
beagle_75,470,4,beagle,dog,4,beagle,0.9874,True
beagle_76,471,4,beagle,dog,4,beagle,0.9966,True
beagle_77,472,4,beagle,dog,4,beagle,0.9869,True
beagle_78,473,4,beagle,dog,4,beagle,0.9662,True
beagle_79,474,4,beagle,dog,4,beagle,0.9868,True
beagle_7,475,4,beagle,dog,4,beagle,0.9976,True
beagle_80,476,4,beagle,dog,4,beagle,0.9989,True
beagle_81,477,4,beagle,dog,4,beagle,0.9861,True
beagle_82,478,4,beagle,dog,4,beagle,0.9957,True
beagle_83,479,4,beagle,dog,4,beagle,0.982,True
beagle_84,480,4,beagle,dog,4,beagle,0.9912,True
beagle_85,481,4,beagle,dog,4,beagle,0.9989,True
beagle_86,482,4,beagle,dog,4,beagle,0.9868,True
beagle_87,483,4,beagle,dog,4,beagle,0.6454,True
beagle_88,484,4,beagle,dog,3,basset_hound,0.6721,False
beagle_89,485,4,beagle,dog,4,beagle,0.9611,True
beagle_8,486,4,beagle,dog,4,beagle,0.9905,True
beagle_90,487,4,beagle,dog,4,beagle,0.9989,True
beagle_91,488,4,beagle,dog,4,beagle,0.9644,True
beagle_92,489,4,beagle,dog,4,beagle,0.9819,True
beagle_93,490,4,beagle,dog,4,beagle,0.9985,True
beagle_94,491,4,beagle,dog,4,beagle,0.8712,True
beagle_95,492,4,beagle,dog,4,beagle,0.9172,True
beagle_96,493,4,beagle,dog,4,beagle,0.9955,True
beagle_97,494,4,beagle,dog,4,beagle,0.9866,True
beagle_98,495,4,beagle,dog,4,beagle,0.9924,True
beagle_99,496,4,beagle,dog,4,beagle,0.9816,True
beagle_9,497,4,beagle,dog,4,beagle,0.9991,True
Bengal_192,498,5,Bengal,cat,11,Egyptian_Mau,0.5857,False
Bengal_193,499,5,Bengal,cat,11,Egyptian_Mau,0.4995,False
Bengal_194,500,5,Bengal,cat,11,Egyptian_Mau,0.6119,False
Bengal_195,501,5,Bengal,cat,5,Bengal,0.5415,True
Bengal_196,502,5,Bengal,cat,5,Bengal,0.7642,True
Bengal_197,503,5,Bengal,cat,5,Bengal,0.8976,True
Bengal_198,504,5,Bengal,cat,11,Egyptian_Mau,0.509,False
Bengal_199,505,5,Bengal,cat,5,Bengal,0.5319,True
Bengal_19,506,5,Bengal,cat,5,Bengal,0.4239,True
Bengal_1,507,5,Bengal,cat,5,Bengal,0.7294,True
Bengal_200,508,5,Bengal,cat,5,Bengal,0.5399,True
Bengal_201,509,5,Bengal,cat,5,Bengal,0.5345,True
Bengal_20,510,5,Bengal,cat,5,Bengal,0.6797,True
Bengal_21,511,5,Bengal,cat,5,Bengal,0.7936,True
Bengal_22,512,5,Bengal,cat,5,Bengal,0.7371,True
Bengal_23,513,5,Bengal,cat,5,Bengal,0.9315,True
Bengal_24,514,5,Bengal,cat,5,Bengal,0.6181,True
Bengal_25,515,5,Bengal,cat,5,Bengal,0.7492,True
Bengal_26,516,5,Bengal,cat,11,Egyptian_Mau,0.9078,False
Bengal_27,517,5,Bengal,cat,20,Maine_Coon,0.4225,False
Bengal_28,518,5,Bengal,cat,11,Egyptian_Mau,0.4773,False
Bengal_29,519,5,Bengal,cat,5,Bengal,0.6775,True
Bengal_2,520,5,Bengal,cat,11,Egyptian_Mau,0.8636,False
Bengal_30,521,5,Bengal,cat,5,Bengal,0.9323,True
Bengal_31,522,5,Bengal,cat,11,Egyptian_Mau,0.5307,False
Bengal_32,523,5,Bengal,cat,5,Bengal,0.8322,True
Bengal_33,524,5,Bengal,cat,5,Bengal,0.7138,True
Bengal_34,525,5,Bengal,cat,5,Bengal,0.5389,True
Bengal_35,526,5,Bengal,cat,5,Bengal,0.8578,True
Bengal_36,527,5,Bengal,cat,20,Maine_Coon,0.4548,False
Bengal_37,528,5,Bengal,cat,5,Bengal,0.6984,True
Bengal_38,529,5,Bengal,cat,5,Bengal,0.709,True
Bengal_39,530,5,Bengal,cat,5,Bengal,0.8975,True
Bengal_3,531,5,Bengal,cat,5,Bengal,0.6206,True
Bengal_40,532,5,Bengal,cat,5,Bengal,0.5294,True
Bengal_41,533,5,Bengal,cat,5,Bengal,0.7175,True
Bengal_42,534,5,Bengal,cat,11,Egyptian_Mau,0.4918,False
Bengal_43,535,5,Bengal,cat,5,Bengal,0.7271,True
Bengal_44,536,5,Bengal,cat,5,Bengal,0.9171,True
Bengal_45,537,5,Bengal,cat,5,Bengal,0.5358,True
Bengal_46,538,5,Bengal,cat,5,Bengal,0.6412,True
Bengal_47,539,5,Bengal,cat,5,Bengal,0.7498,True
Bengal_48,540,5,Bengal,cat,11,Egyptian_Mau,0.7929,False
Bengal_49,541,5,Bengal,cat,5,Bengal,0.7154,True
Bengal_4,542,5,Bengal,cat,11,Egyptian_Mau,0.4576,False
Bengal_50,543,5,Bengal,cat,5,Bengal,0.3506,True
Bengal_51,544,5,Bengal,cat,11,Egyptian_Mau,0.536,False
Bengal_52,545,5,Bengal,cat,5,Bengal,0.8897,True
Bengal_53,546,5,Bengal,cat,11,Egyptian_Mau,0.5,False
Bengal_54,547,5,Bengal,cat,5,Bengal,0.5888,True
Bengal_55,548,5,Bengal,cat,5,Bengal,0.9182,True
Bengal_56,549,5,Bengal,cat,11,Egyptian_Mau,0.3435,False
Bengal_57,550,5,Bengal,cat,5,Bengal,0.6705,True
Bengal_58,551,5,Bengal,cat,5,Bengal,0.6676,True
Bengal_59,552,5,Bengal,cat,5,Bengal,0.704,True
Bengal_5,553,5,Bengal,cat,5,Bengal,0.7275,True
Bengal_60,554,5,Bengal,cat,5,Bengal,0.3313,True
Bengal_61,555,5,Bengal,cat,5,Bengal,0.5575,True
Bengal_62,556,5,Bengal,cat,5,Bengal,0.7435,True
Bengal_63,557,5,Bengal,cat,5,Bengal,0.7278,True
Bengal_64,558,5,Bengal,cat,5,Bengal,0.9212,True
Bengal_65,559,5,Bengal,cat,5,Bengal,0.6857,True
Bengal_66,560,5,Bengal,cat,5,Bengal,0.4437,True
Bengal_67,561,5,Bengal,cat,5,Bengal,0.8368,True
Bengal_68,562,5,Bengal,cat,20,Maine_Coon,0.9803,False
Bengal_69,563,5,Bengal,cat,5,Bengal,0.7523,True
Bengal_6,564,5,Bengal,cat,5,Bengal,0.7932,True
Bengal_70,565,5,Bengal,cat,20,Maine_Coon,0.5644,False
Bengal_71,566,5,Bengal,cat,5,Bengal,0.7771,True
Bengal_72,567,5,Bengal,cat,20,Maine_Coon,0.63,False
Bengal_73,568,5,Bengal,cat,11,Egyptian_Mau,0.6651,False
Bengal_74,569,5,Bengal,cat,5,Bengal,0.6648,True
Bengal_75,570,5,Bengal,cat,20,Maine_Coon,0.6059,False
Bengal_76,571,5,Bengal,cat,20,Maine_Coon,0.9369,False
Bengal_77,572,5,Bengal,cat,5,Bengal,0.4748,True
Bengal_78,573,5,Bengal,cat,5,Bengal,0.7648,True
Bengal_79,574,5,Bengal,cat,20,Maine_Coon,0.6087,False
Bengal_7,575,5,Bengal,cat,5,Bengal,0.5602,True
Bengal_80,576,5,Bengal,cat,11,Egyptian_Mau,0.6531,False
Bengal_81,577,5,Bengal,cat,11,Egyptian_Mau,0.5135,False
Bengal_82,578,5,Bengal,cat,5,Bengal,0.7465,True
Bengal_83,579,5,Bengal,cat,5,Bengal,0.7891,True
Bengal_84,580,5,Bengal,cat,5,Bengal,0.7284,True
Bengal_85,581,5,Bengal,cat,5,Bengal,0.8576,True
Bengal_86,582,5,Bengal,cat,5,Bengal,0.9621,True
Bengal_87,583,5,Bengal,cat,0,Abyssinian,0.6937,False
Bengal_88,584,5,Bengal,cat,5,Bengal,0.8959,True
Bengal_89,585,5,Bengal,cat,5,Bengal,0.6681,True
Bengal_8,586,5,Bengal,cat,11,Egyptian_Mau,0.6156,False
Bengal_90,587,5,Bengal,cat,5,Bengal,0.9276,True
Bengal_91,588,5,Bengal,cat,11,Egyptian_Mau,0.547,False
Bengal_92,589,5,Bengal,cat,5,Bengal,0.397,True
Bengal_93,590,5,Bengal,cat,5,Bengal,0.9409,True
Bengal_94,591,5,Bengal,cat,20,Maine_Coon,0.6356,False
Bengal_95,592,5,Bengal,cat,5,Bengal,0.8316,True
Bengal_96,593,5,Bengal,cat,11,Egyptian_Mau,0.4405,False
Bengal_97,594,5,Bengal,cat,5,Bengal,0.6964,True
Bengal_98,595,5,Bengal,cat,5,Bengal,0.8114,True
Bengal_99,596,5,Bengal,cat,5,Bengal,0.8599,True
Bengal_9,597,5,Bengal,cat,5,Bengal,0.4736,True
Birman_191,598,6,Birman,cat,6,Birman,0.9972,True
Birman_192,599,6,Birman,cat,6,Birman,0.6873,True
Birman_193,600,6,Birman,cat,6,Birman,0.9885,True
Birman_194,601,6,Birman,cat,6,Birman,0.972,True
Birman_196,602,6,Birman,cat,6,Birman,0.7783,True
Birman_197,603,6,Birman,cat,6,Birman,0.6889,True
Birman_198,604,6,Birman,cat,6,Birman,0.8629,True
Birman_199,605,6,Birman,cat,6,Birman,0.9969,True
Birman_19,606,6,Birman,cat,6,Birman,0.9964,True
Birman_1,607,6,Birman,cat,26,Ragdoll,0.9775,False
Birman_200,608,6,Birman,cat,26,Ragdoll,0.5644,False
Birman_201,609,6,Birman,cat,23,Persian,0.6797,False
Birman_20,610,6,Birman,cat,6,Birman,0.8112,True
Birman_21,611,6,Birman,cat,6,Birman,0.9669,True
Birman_22,612,6,Birman,cat,6,Birman,0.9626,True
Birman_23,613,6,Birman,cat,6,Birman,0.9902,True
Birman_24,614,6,Birman,cat,6,Birman,0.7711,True
Birman_25,615,6,Birman,cat,6,Birman,0.9973,True
Birman_26,616,6,Birman,cat,6,Birman,0.934,True
Birman_27,617,6,Birman,cat,6,Birman,0.995,True
Birman_28,618,6,Birman,cat,6,Birman,0.8668,True
Birman_29,619,6,Birman,cat,6,Birman,0.9573,True
Birman_2,620,6,Birman,cat,6,Birman,0.9735,True
Birman_30,621,6,Birman,cat,6,Birman,0.9334,True
Birman_31,622,6,Birman,cat,6,Birman,0.9342,True
Birman_32,623,6,Birman,cat,6,Birman,0.995,True
Birman_33,624,6,Birman,cat,6,Birman,0.6919,True
Birman_34,625,6,Birman,cat,6,Birman,0.9747,True
Birman_35,626,6,Birman,cat,6,Birman,0.935,True
Birman_36,627,6,Birman,cat,26,Ragdoll,0.956,False
Birman_37,628,6,Birman,cat,26,Ragdoll,0.7664,False
Birman_38,629,6,Birman,cat,6,Birman,0.6817,True
Birman_39,630,6,Birman,cat,6,Birman,0.8433,True
Birman_3,631,6,Birman,cat,26,Ragdoll,0.8577,False
Birman_40,632,6,Birman,cat,26,Ragdoll,0.6746,False
Birman_41,633,6,Birman,cat,6,Birman,0.8095,True
Birman_42,634,6,Birman,cat,6,Birman,0.9931,True
Birman_43,635,6,Birman,cat,6,Birman,0.8268,True
Birman_44,636,6,Birman,cat,6,Birman,0.98,True
Birman_45,637,6,Birman,cat,6,Birman,0.9899,True
Birman_46,638,6,Birman,cat,6,Birman,0.8418,True
Birman_47,639,6,Birman,cat,6,Birman,0.9624,True
Birman_48,640,6,Birman,cat,6,Birman,0.9689,True
Birman_49,641,6,Birman,cat,6,Birman,0.945,True
Birman_4,642,6,Birman,cat,6,Birman,0.9809,True
Birman_50,643,6,Birman,cat,6,Birman,0.7899,True
Birman_51,644,6,Birman,cat,6,Birman,0.9736,True
Birman_52,645,6,Birman,cat,6,Birman,0.8842,True
Birman_53,646,6,Birman,cat,6,Birman,0.9191,True
Birman_54,647,6,Birman,cat,6,Birman,0.8943,True
Birman_55,648,6,Birman,cat,6,Birman,0.8702,True
Birman_56,649,6,Birman,cat,6,Birman,0.9801,True
Birman_57,650,6,Birman,cat,6,Birman,0.9771,True
Birman_58,651,6,Birman,cat,6,Birman,0.9835,True
Birman_59,652,6,Birman,cat,6,Birman,0.6947,True
Birman_5,653,6,Birman,cat,6,Birman,0.9919,True
Birman_60,654,6,Birman,cat,6,Birman,0.9947,True
Birman_61,655,6,Birman,cat,6,Birman,0.9654,True
Birman_62,656,6,Birman,cat,6,Birman,0.9571,True
Birman_63,657,6,Birman,cat,6,Birman,0.9971,True
Birman_64,658,6,Birman,cat,6,Birman,0.9873,True
Birman_65,659,6,Birman,cat,6,Birman,0.9506,True
Birman_66,660,6,Birman,cat,6,Birman,0.9598,True
Birman_67,661,6,Birman,cat,6,Birman,0.8707,True
Birman_68,662,6,Birman,cat,6,Birman,0.9902,True
Birman_69,663,6,Birman,cat,6,Birman,0.991,True
Birman_6,664,6,Birman,cat,6,Birman,0.9535,True
Birman_70,665,6,Birman,cat,6,Birman,0.9386,True
Birman_71,666,6,Birman,cat,6,Birman,0.9537,True
Birman_72,667,6,Birman,cat,6,Birman,0.9588,True
Birman_73,668,6,Birman,cat,6,Birman,0.9699,True
Birman_74,669,6,Birman,cat,6,Birman,0.8207,True
Birman_75,670,6,Birman,cat,6,Birman,0.9734,True
Birman_76,671,6,Birman,cat,6,Birman,0.9798,True
Birman_77,672,6,Birman,cat,6,Birman,0.9478,True
Birman_78,673,6,Birman,cat,6,Birman,0.9967,True
Birman_79,674,6,Birman,cat,23,Persian,0.4178,False
Birman_7,675,6,Birman,cat,6,Birman,0.9952,True
Birman_80,676,6,Birman,cat,26,Ragdoll,0.7996,False
Birman_81,677,6,Birman,cat,26,Ragdoll,0.5714,False
Birman_82,678,6,Birman,cat,26,Ragdoll,0.5595,False
Birman_83,679,6,Birman,cat,6,Birman,0.9982,True
Birman_84,680,6,Birman,cat,6,Birman,0.633,True
Birman_85,681,6,Birman,cat,6,Birman,0.6158,True
Birman_86,682,6,Birman,cat,6,Birman,0.8512,True
Birman_87,683,6,Birman,cat,6,Birman,0.9093,True
Birman_88,684,6,Birman,cat,6,Birman,0.9294,True
Birman_89,685,6,Birman,cat,6,Birman,0.9944,True
Birman_8,686,6,Birman,cat,6,Birman,0.9867,True
Birman_90,687,6,Birman,cat,6,Birman,0.9913,True
Birman_91,688,6,Birman,cat,6,Birman,0.7373,True
Birman_92,689,6,Birman,cat,6,Birman,0.4611,True
Birman_93,690,6,Birman,cat,6,Birman,0.9843,True
Birman_94,691,6,Birman,cat,27,Russian_Blue,0.9263,False
Birman_95,692,6,Birman,cat,6,Birman,0.9465,True
Birman_96,693,6,Birman,cat,6,Birman,0.9771,True
Birman_97,694,6,Birman,cat,6,Birman,0.9963,True
Birman_98,695,6,Birman,cat,6,Birman,0.897,True
Birman_99,696,6,Birman,cat,26,Ragdoll,0.5353,False
Birman_9,697,6,Birman,cat,6,Birman,0.8919,True
Bombay_200,698,7,Bombay,cat,7,Bombay,0.9998,True
Bombay_201,699,7,Bombay,cat,7,Bombay,0.9997,True
Bombay_202,700,7,Bombay,cat,7,Bombay,0.9959,True
Bombay_204,701,7,Bombay,cat,7,Bombay,0.6572,True
Bombay_205,702,7,Bombay,cat,7,Bombay,0.9997,True
Bombay_208,703,7,Bombay,cat,7,Bombay,0.8813,True
Bombay_20,704,7,Bombay,cat,7,Bombay,0.9974,True
Bombay_213,705,7,Bombay,cat,7,Bombay,0.987,True
Bombay_214,706,7,Bombay,cat,7,Bombay,0.9976,True
Bombay_215,707,7,Bombay,cat,7,Bombay,0.7295,True
Bombay_21,708,7,Bombay,cat,7,Bombay,0.9982,True
Bombay_221,709,7,Bombay,cat,7,Bombay,0.9849,True
Bombay_23,710,7,Bombay,cat,7,Bombay,0.9898,True
Bombay_24,711,7,Bombay,cat,7,Bombay,0.9988,True
Bombay_25,712,7,Bombay,cat,7,Bombay,0.9997,True
Bombay_26,713,7,Bombay,cat,7,Bombay,0.9597,True
Bombay_27,714,7,Bombay,cat,7,Bombay,0.566,True
Bombay_29,715,7,Bombay,cat,7,Bombay,0.5898,True
Bombay_2,716,7,Bombay,cat,7,Bombay,0.914,True
Bombay_30,717,7,Bombay,cat,7,Bombay,0.9946,True
Bombay_31,718,7,Bombay,cat,7,Bombay,0.9993,True
Bombay_33,719,7,Bombay,cat,7,Bombay,0.9921,True
Bombay_34,720,7,Bombay,cat,7,Bombay,0.9884,True
Bombay_36,721,7,Bombay,cat,7,Bombay,0.8849,True
Bombay_37,722,7,Bombay,cat,7,Bombay,0.9994,True
Bombay_38,723,7,Bombay,cat,7,Bombay,0.982,True
Bombay_39,724,7,Bombay,cat,7,Bombay,0.9293,True
Bombay_3,725,7,Bombay,cat,7,Bombay,0.9984,True
Bombay_40,726,7,Bombay,cat,7,Bombay,0.9886,True
Bombay_41,727,7,Bombay,cat,7,Bombay,0.9949,True
Bombay_42,728,7,Bombay,cat,7,Bombay,0.8275,True
Bombay_43,729,7,Bombay,cat,7,Bombay,0.9991,True
Bombay_45,730,7,Bombay,cat,7,Bombay,0.9976,True
Bombay_46,731,7,Bombay,cat,7,Bombay,0.9967,True
Bombay_47,732,7,Bombay,cat,7,Bombay,0.9598,True
Bombay_48,733,7,Bombay,cat,7,Bombay,0.9873,True
Bombay_49,734,7,Bombay,cat,7,Bombay,0.9948,True
Bombay_4,735,7,Bombay,cat,7,Bombay,0.9996,True
Bombay_50,736,7,Bombay,cat,7,Bombay,0.9998,True
Bombay_52,737,7,Bombay,cat,7,Bombay,0.9943,True
Bombay_53,738,7,Bombay,cat,7,Bombay,0.9998,True
Bombay_54,739,7,Bombay,cat,7,Bombay,0.9993,True
Bombay_55,740,7,Bombay,cat,7,Bombay,0.9745,True
Bombay_56,741,7,Bombay,cat,7,Bombay,0.9981,True
Bombay_57,742,7,Bombay,cat,7,Bombay,0.9904,True
Bombay_58,743,7,Bombay,cat,7,Bombay,0.9192,True
Bombay_59,744,7,Bombay,cat,7,Bombay,0.9975,True
Bombay_5,745,7,Bombay,cat,7,Bombay,0.9982,True
Bombay_60,746,7,Bombay,cat,7,Bombay,0.7897,True
Bombay_61,747,7,Bombay,cat,7,Bombay,0.9989,True
Bombay_62,748,7,Bombay,cat,7,Bombay,0.9983,True
Bombay_63,749,7,Bombay,cat,7,Bombay,0.9957,True
Bombay_64,750,7,Bombay,cat,7,Bombay,0.9989,True
Bombay_65,751,7,Bombay,cat,7,Bombay,0.9965,True
Bombay_66,752,7,Bombay,cat,7,Bombay,0.9905,True
Bombay_67,753,7,Bombay,cat,22,newfoundland,0.6841,False
Bombay_68,754,7,Bombay,cat,7,Bombay,0.9982,True
Bombay_6,755,7,Bombay,cat,7,Bombay,0.981,True
Bombay_70,756,7,Bombay,cat,7,Bombay,0.9507,True
Bombay_71,757,7,Bombay,cat,7,Bombay,0.9973,True
Bombay_72,758,7,Bombay,cat,7,Bombay,0.9971,True
Bombay_73,759,7,Bombay,cat,7,Bombay,0.9989,True
Bombay_74,760,7,Bombay,cat,7,Bombay,0.9983,True
Bombay_75,761,7,Bombay,cat,7,Bombay,0.9982,True
Bombay_76,762,7,Bombay,cat,7,Bombay,0.9995,True
Bombay_77,763,7,Bombay,cat,7,Bombay,0.9998,True
Bombay_78,764,7,Bombay,cat,7,Bombay,0.998,True
Bombay_79,765,7,Bombay,cat,7,Bombay,0.9964,True
Bombay_7,766,7,Bombay,cat,7,Bombay,0.9067,True
Bombay_80,767,7,Bombay,cat,7,Bombay,0.9998,True
Bombay_81,768,7,Bombay,cat,7,Bombay,0.9917,True
Bombay_82,769,7,Bombay,cat,7,Bombay,0.9949,True
Bombay_83,770,7,Bombay,cat,7,Bombay,0.9995,True
Bombay_84,771,7,Bombay,cat,7,Bombay,0.9953,True
Bombay_86,772,7,Bombay,cat,7,Bombay,0.9967,True
Bombay_87,773,7,Bombay,cat,7,Bombay,0.9758,True
Bombay_88,774,7,Bombay,cat,7,Bombay,0.9995,True
Bombay_89,775,7,Bombay,cat,7,Bombay,0.9759,True
Bombay_8,776,7,Bombay,cat,27,Russian_Blue,0.2841,False
Bombay_90,777,7,Bombay,cat,30,scottish_terrier,0.6226,False
Bombay_91,778,7,Bombay,cat,7,Bombay,0.9999,True
Bombay_93,779,7,Bombay,cat,7,Bombay,0.963,True
Bombay_94,780,7,Bombay,cat,7,Bombay,0.9956,True
Bombay_95,781,7,Bombay,cat,7,Bombay,0.9879,True
Bombay_96,782,7,Bombay,cat,7,Bombay,0.9588,True
Bombay_97,783,7,Bombay,cat,7,Bombay,0.9964,True
Bombay_98,784,7,Bombay,cat,7,Bombay,0.9983,True
Bombay_9,785,7,Bombay,cat,7,Bombay,0.9008,True
boxer_191,786,8,boxer,dog,8,boxer,0.9917,True
boxer_192,787,8,boxer,dog,8,boxer,0.9848,True
boxer_193,788,8,boxer,dog,8,boxer,0.9651,True
boxer_194,789,8,boxer,dog,1,american_bulldog,0.6898,False
boxer_195,790,8,boxer,dog,8,boxer,0.9727,True
boxer_196,791,8,boxer,dog,8,boxer,0.9972,True
boxer_197,792,8,boxer,dog,8,boxer,0.9793,True
boxer_198,793,8,boxer,dog,1,american_bulldog,0.9891,False
boxer_199,794,8,boxer,dog,8,boxer,0.8253,True
boxer_19,795,8,boxer,dog,8,boxer,0.9944,True
boxer_1,796,8,boxer,dog,8,boxer,0.8853,True
boxer_200,797,8,boxer,dog,1,american_bulldog,0.9945,False
boxer_20,798,8,boxer,dog,8,boxer,0.9872,True
boxer_21,799,8,boxer,dog,8,boxer,0.9608,True
boxer_22,800,8,boxer,dog,34,staffordshire_bull_terrier,0.4143,False
boxer_23,801,8,boxer,dog,8,boxer,0.9126,True
boxer_24,802,8,boxer,dog,8,boxer,0.9782,True
boxer_25,803,8,boxer,dog,8,boxer,0.9549,True
boxer_26,804,8,boxer,dog,8,boxer,0.9903,True
boxer_27,805,8,boxer,dog,8,boxer,0.9722,True
boxer_28,806,8,boxer,dog,8,boxer,0.9794,True
boxer_29,807,8,boxer,dog,8,boxer,0.9889,True
boxer_2,808,8,boxer,dog,1,american_bulldog,0.9908,False
boxer_30,809,8,boxer,dog,8,boxer,0.8433,True
boxer_31,810,8,boxer,dog,8,boxer,0.9943,True
boxer_32,811,8,boxer,dog,8,boxer,0.9651,True
boxer_33,812,8,boxer,dog,8,boxer,0.9816,True
boxer_34,813,8,boxer,dog,8,boxer,0.9888,True
boxer_35,814,8,boxer,dog,8,boxer,0.9539,True
boxer_36,815,8,boxer,dog,8,boxer,0.5646,True
boxer_37,816,8,boxer,dog,8,boxer,0.96,True
boxer_38,817,8,boxer,dog,8,boxer,0.9971,True
boxer_39,818,8,boxer,dog,8,boxer,0.9951,True
boxer_3,819,8,boxer,dog,8,boxer,0.9828,True
boxer_40,820,8,boxer,dog,8,boxer,0.9899,True
boxer_41,821,8,boxer,dog,8,boxer,0.9043,True
boxer_42,822,8,boxer,dog,8,boxer,0.9362,True
boxer_43,823,8,boxer,dog,8,boxer,0.9597,True
boxer_44,824,8,boxer,dog,8,boxer,0.9737,True
boxer_45,825,8,boxer,dog,8,boxer,0.995,True
boxer_46,826,8,boxer,dog,8,boxer,0.9869,True
boxer_47,827,8,boxer,dog,8,boxer,0.9101,True
boxer_48,828,8,boxer,dog,8,boxer,0.9812,True
boxer_49,829,8,boxer,dog,8,boxer,0.9848,True
boxer_4,830,8,boxer,dog,34,staffordshire_bull_terrier,0.6731,False
boxer_50,831,8,boxer,dog,8,boxer,0.9814,True
boxer_51,832,8,boxer,dog,8,boxer,0.9878,True
boxer_52,833,8,boxer,dog,8,boxer,0.9949,True
boxer_53,834,8,boxer,dog,8,boxer,0.9961,True
boxer_54,835,8,boxer,dog,8,boxer,0.9667,True
boxer_55,836,8,boxer,dog,8,boxer,0.9736,True
boxer_56,837,8,boxer,dog,8,boxer,0.3613,True
boxer_57,838,8,boxer,dog,8,boxer,0.9394,True
boxer_58,839,8,boxer,dog,8,boxer,0.9745,True
boxer_59,840,8,boxer,dog,1,american_bulldog,0.9997,False
boxer_5,841,8,boxer,dog,8,boxer,0.9429,True
boxer_60,842,8,boxer,dog,8,boxer,0.9891,True
boxer_61,843,8,boxer,dog,8,boxer,0.9756,True
boxer_62,844,8,boxer,dog,8,boxer,0.9085,True
boxer_63,845,8,boxer,dog,8,boxer,0.9816,True
boxer_64,846,8,boxer,dog,8,boxer,0.9978,True
boxer_65,847,8,boxer,dog,8,boxer,0.9298,True
boxer_66,848,8,boxer,dog,8,boxer,0.9835,True
boxer_67,849,8,boxer,dog,8,boxer,0.9121,True
boxer_68,850,8,boxer,dog,8,boxer,0.9535,True
boxer_69,851,8,boxer,dog,8,boxer,0.9883,True
boxer_6,852,8,boxer,dog,8,boxer,0.8823,True
boxer_70,853,8,boxer,dog,8,boxer,0.9827,True
boxer_71,854,8,boxer,dog,8,boxer,0.8597,True
boxer_72,855,8,boxer,dog,8,boxer,0.8231,True
boxer_73,856,8,boxer,dog,8,boxer,0.9981,True
boxer_74,857,8,boxer,dog,8,boxer,0.9963,True
boxer_75,858,8,boxer,dog,8,boxer,0.7646,True
boxer_76,859,8,boxer,dog,8,boxer,0.9586,True
boxer_77,860,8,boxer,dog,8,boxer,0.9341,True
boxer_78,861,8,boxer,dog,8,boxer,0.9776,True
boxer_79,862,8,boxer,dog,8,boxer,0.9628,True
boxer_7,863,8,boxer,dog,8,boxer,0.9517,True
boxer_80,864,8,boxer,dog,8,boxer,0.9887,True
boxer_81,865,8,boxer,dog,8,boxer,0.9967,True
boxer_83,866,8,boxer,dog,8,boxer,0.9933,True
boxer_84,867,8,boxer,dog,8,boxer,0.8943,True
boxer_85,868,8,boxer,dog,13,english_setter,0.6618,False
boxer_86,869,8,boxer,dog,8,boxer,0.9923,True
boxer_87,870,8,boxer,dog,8,boxer,0.9815,True
boxer_88,871,8,boxer,dog,8,boxer,0.9783,True
boxer_89,872,8,boxer,dog,8,boxer,0.9868,True
boxer_8,873,8,boxer,dog,8,boxer,0.9904,True
boxer_90,874,8,boxer,dog,8,boxer,0.916,True
boxer_91,875,8,boxer,dog,8,boxer,0.9452,True
boxer_92,876,8,boxer,dog,8,boxer,0.9843,True
boxer_93,877,8,boxer,dog,8,boxer,0.9718,True
boxer_94,878,8,boxer,dog,8,boxer,0.9486,True
boxer_95,879,8,boxer,dog,8,boxer,0.9559,True
boxer_96,880,8,boxer,dog,8,boxer,0.9983,True
boxer_97,881,8,boxer,dog,8,boxer,0.9907,True
boxer_98,882,8,boxer,dog,8,boxer,0.9532,True
boxer_99,883,8,boxer,dog,8,boxer,0.9912,True
boxer_9,884,8,boxer,dog,8,boxer,0.9732,True
British_Shorthair_212,885,9,British_Shorthair,cat,9,British_Shorthair,0.9916,True
British_Shorthair_213,886,9,British_Shorthair,cat,9,British_Shorthair,0.9973,True
British_Shorthair_218,887,9,British_Shorthair,cat,9,British_Shorthair,0.9915,True
British_Shorthair_21,888,9,British_Shorthair,cat,9,British_Shorthair,0.7136,True
British_Shorthair_223,889,9,British_Shorthair,cat,9,British_Shorthair,0.4245,True
British_Shorthair_22,890,9,British_Shorthair,cat,9,British_Shorthair,0.9875,True
British_Shorthair_230,891,9,British_Shorthair,cat,27,Russian_Blue,0.57,False
British_Shorthair_239,892,9,British_Shorthair,cat,9,British_Shorthair,0.4991,True
British_Shorthair_241,893,9,British_Shorthair,cat,9,British_Shorthair,0.7047,True
British_Shorthair_248,894,9,British_Shorthair,cat,9,British_Shorthair,0.8525,True
British_Shorthair_258,895,9,British_Shorthair,cat,7,Bombay,0.997,False
British_Shorthair_25,896,9,British_Shorthair,cat,9,British_Shorthair,0.9663,True
British_Shorthair_263,897,9,British_Shorthair,cat,7,Bombay,0.8311,False
British_Shorthair_265,898,9,British_Shorthair,cat,27,Russian_Blue,0.6455,False
British_Shorthair_266,899,9,British_Shorthair,cat,9,British_Shorthair,0.7393,True
British_Shorthair_267,900,9,British_Shorthair,cat,9,British_Shorthair,0.5752,True
British_Shorthair_268,901,9,British_Shorthair,cat,9,British_Shorthair,0.9924,True
British_Shorthair_269,902,9,British_Shorthair,cat,9,British_Shorthair,0.9925,True
British_Shorthair_26,903,9,British_Shorthair,cat,9,British_Shorthair,0.9534,True
British_Shorthair_270,904,9,British_Shorthair,cat,9,British_Shorthair,0.9333,True
British_Shorthair_271,905,9,British_Shorthair,cat,9,British_Shorthair,0.9982,True
British_Shorthair_272,906,9,British_Shorthair,cat,9,British_Shorthair,0.9588,True
British_Shorthair_273,907,9,British_Shorthair,cat,9,British_Shorthair,0.978,True
British_Shorthair_274,908,9,British_Shorthair,cat,9,British_Shorthair,0.9215,True
British_Shorthair_275,909,9,British_Shorthair,cat,9,British_Shorthair,0.8489,True
British_Shorthair_276,910,9,British_Shorthair,cat,9,British_Shorthair,0.9388,True
British_Shorthair_277,911,9,British_Shorthair,cat,9,British_Shorthair,0.9895,True
British_Shorthair_278,912,9,British_Shorthair,cat,9,British_Shorthair,0.992,True
British_Shorthair_27,913,9,British_Shorthair,cat,9,British_Shorthair,0.9578,True
British_Shorthair_28,914,9,British_Shorthair,cat,9,British_Shorthair,0.9754,True
British_Shorthair_29,915,9,British_Shorthair,cat,9,British_Shorthair,0.9367,True
British_Shorthair_2,916,9,British_Shorthair,cat,9,British_Shorthair,0.9793,True
British_Shorthair_30,917,9,British_Shorthair,cat,9,British_Shorthair,0.7483,True
British_Shorthair_31,918,9,British_Shorthair,cat,9,British_Shorthair,0.9801,True
British_Shorthair_32,919,9,British_Shorthair,cat,27,Russian_Blue,0.5257,False
British_Shorthair_33,920,9,British_Shorthair,cat,9,British_Shorthair,0.9924,True
British_Shorthair_34,921,9,British_Shorthair,cat,9,British_Shorthair,0.4961,True
British_Shorthair_36,922,9,British_Shorthair,cat,9,British_Shorthair,0.7675,True
British_Shorthair_37,923,9,British_Shorthair,cat,9,British_Shorthair,0.9505,True
British_Shorthair_38,924,9,British_Shorthair,cat,9,British_Shorthair,0.972,True
British_Shorthair_39,925,9,British_Shorthair,cat,9,British_Shorthair,0.9586,True
British_Shorthair_3,926,9,British_Shorthair,cat,9,British_Shorthair,0.9252,True
British_Shorthair_40,927,9,British_Shorthair,cat,9,British_Shorthair,0.9662,True
British_Shorthair_41,928,9,British_Shorthair,cat,9,British_Shorthair,0.9617,True
British_Shorthair_42,929,9,British_Shorthair,cat,9,British_Shorthair,0.8898,True
British_Shorthair_43,930,9,British_Shorthair,cat,9,British_Shorthair,0.9721,True
British_Shorthair_44,931,9,British_Shorthair,cat,9,British_Shorthair,0.7991,True
British_Shorthair_45,932,9,British_Shorthair,cat,9,British_Shorthair,0.9974,True
British_Shorthair_46,933,9,British_Shorthair,cat,9,British_Shorthair,0.8654,True
British_Shorthair_47,934,9,British_Shorthair,cat,23,Persian,0.5365,False
British_Shorthair_48,935,9,British_Shorthair,cat,9,British_Shorthair,0.5926,True
British_Shorthair_49,936,9,British_Shorthair,cat,9,British_Shorthair,0.9966,True
British_Shorthair_50,937,9,British_Shorthair,cat,9,British_Shorthair,0.9206,True
British_Shorthair_51,938,9,British_Shorthair,cat,9,British_Shorthair,0.5019,True
British_Shorthair_52,939,9,British_Shorthair,cat,9,British_Shorthair,0.9237,True
British_Shorthair_53,940,9,British_Shorthair,cat,26,Ragdoll,0.4241,False
British_Shorthair_54,941,9,British_Shorthair,cat,26,Ragdoll,0.7811,False
British_Shorthair_55,942,9,British_Shorthair,cat,9,British_Shorthair,0.9973,True
British_Shorthair_56,943,9,British_Shorthair,cat,7,Bombay,0.4647,False
British_Shorthair_57,944,9,British_Shorthair,cat,9,British_Shorthair,0.9557,True
British_Shorthair_58,945,9,British_Shorthair,cat,9,British_Shorthair,0.9793,True
British_Shorthair_59,946,9,British_Shorthair,cat,9,British_Shorthair,0.993,True
British_Shorthair_60,947,9,British_Shorthair,cat,9,British_Shorthair,0.998,True
British_Shorthair_61,948,9,British_Shorthair,cat,9,British_Shorthair,0.7717,True
British_Shorthair_62,949,9,British_Shorthair,cat,9,British_Shorthair,0.9203,True
British_Shorthair_63,950,9,British_Shorthair,cat,9,British_Shorthair,0.9926,True
British_Shorthair_64,951,9,British_Shorthair,cat,9,British_Shorthair,0.9767,True
British_Shorthair_65,952,9,British_Shorthair,cat,9,British_Shorthair,0.9821,True
British_Shorthair_66,953,9,British_Shorthair,cat,9,British_Shorthair,0.9435,True
British_Shorthair_67,954,9,British_Shorthair,cat,9,British_Shorthair,0.9942,True
British_Shorthair_68,955,9,British_Shorthair,cat,9,British_Shorthair,0.9843,True
British_Shorthair_6,956,9,British_Shorthair,cat,9,British_Shorthair,0.9623,True
British_Shorthair_70,957,9,British_Shorthair,cat,9,British_Shorthair,0.7052,True
British_Shorthair_71,958,9,British_Shorthair,cat,9,British_Shorthair,0.9854,True
British_Shorthair_72,959,9,British_Shorthair,cat,9,British_Shorthair,0.9814,True
British_Shorthair_74,960,9,British_Shorthair,cat,7,Bombay,0.825,False
British_Shorthair_75,961,9,British_Shorthair,cat,9,British_Shorthair,0.9911,True
British_Shorthair_77,962,9,British_Shorthair,cat,9,British_Shorthair,0.9232,True
British_Shorthair_78,963,9,British_Shorthair,cat,9,British_Shorthair,0.3014,True
British_Shorthair_79,964,9,British_Shorthair,cat,9,British_Shorthair,0.9195,True
British_Shorthair_82,965,9,British_Shorthair,cat,27,Russian_Blue,0.6042,False
British_Shorthair_83,966,9,British_Shorthair,cat,9,British_Shorthair,0.9972,True
British_Shorthair_84,967,9,British_Shorthair,cat,9,British_Shorthair,0.9963,True
British_Shorthair_85,968,9,British_Shorthair,cat,27,Russian_Blue,0.5616,False
British_Shorthair_86,969,9,British_Shorthair,cat,9,British_Shorthair,0.9856,True
British_Shorthair_87,970,9,British_Shorthair,cat,0,Abyssinian,0.5008,False
British_Shorthair_88,971,9,British_Shorthair,cat,9,British_Shorthair,0.9571,True
British_Shorthair_89,972,9,British_Shorthair,cat,9,British_Shorthair,0.9909,True
British_Shorthair_8,973,9,British_Shorthair,cat,9,British_Shorthair,0.9219,True
British_Shorthair_90,974,9,British_Shorthair,cat,9,British_Shorthair,0.9837,True
British_Shorthair_91,975,9,British_Shorthair,cat,9,British_Shorthair,0.9354,True
British_Shorthair_92,976,9,British_Shorthair,cat,27,Russian_Blue,0.8064,False
British_Shorthair_93,977,9,British_Shorthair,cat,9,British_Shorthair,0.8903,True
British_Shorthair_94,978,9,British_Shorthair,cat,9,British_Shorthair,0.9957,True
British_Shorthair_95,979,9,British_Shorthair,cat,9,British_Shorthair,0.9987,True
British_Shorthair_96,980,9,British_Shorthair,cat,9,British_Shorthair,0.8392,True
British_Shorthair_97,981,9,British_Shorthair,cat,9,British_Shorthair,0.9745,True
British_Shorthair_98,982,9,British_Shorthair,cat,9,British_Shorthair,0.9883,True
British_Shorthair_99,983,9,British_Shorthair,cat,9,British_Shorthair,0.9632,True
British_Shorthair_9,984,9,British_Shorthair,cat,0,Abyssinian,0.6373,False
chihuahua_191,985,10,chihuahua,dog,10,chihuahua,0.9893,True
chihuahua_192,986,10,chihuahua,dog,10,chihuahua,0.9516,True
chihuahua_193,987,10,chihuahua,dog,10,chihuahua,0.9036,True
chihuahua_194,988,10,chihuahua,dog,10,chihuahua,0.7386,True
chihuahua_195,989,10,chihuahua,dog,10,chihuahua,0.9973,True
chihuahua_196,990,10,chihuahua,dog,24,pomeranian,0.9634,False
chihuahua_197,991,10,chihuahua,dog,10,chihuahua,0.9707,True
chihuahua_198,992,10,chihuahua,dog,10,chihuahua,0.9989,True
chihuahua_199,993,10,chihuahua,dog,10,chihuahua,0.9949,True
chihuahua_19,994,10,chihuahua,dog,10,chihuahua,0.9883,True
chihuahua_1,995,10,chihuahua,dog,10,chihuahua,0.5354,True
chihuahua_200,996,10,chihuahua,dog,10,chihuahua,0.9018,True
chihuahua_20,997,10,chihuahua,dog,10,chihuahua,0.9877,True
chihuahua_21,998,10,chihuahua,dog,10,chihuahua,0.9707,True
chihuahua_22,999,10,chihuahua,dog,31,shiba_inu,0.4662,False
chihuahua_23,1000,10,chihuahua,dog,10,chihuahua,0.9332,True
chihuahua_24,1001,10,chihuahua,dog,34,staffordshire_bull_terrier,0.706,False
chihuahua_25,1002,10,chihuahua,dog,10,chihuahua,0.958,True
chihuahua_26,1003,10,chihuahua,dog,10,chihuahua,0.7464,True
chihuahua_27,1004,10,chihuahua,dog,10,chihuahua,0.9754,True
chihuahua_28,1005,10,chihuahua,dog,10,chihuahua,0.9017,True
chihuahua_29,1006,10,chihuahua,dog,10,chihuahua,0.8193,True
chihuahua_2,1007,10,chihuahua,dog,31,shiba_inu,0.6178,False
chihuahua_30,1008,10,chihuahua,dog,10,chihuahua,0.8012,True
chihuahua_31,1009,10,chihuahua,dog,10,chihuahua,0.9338,True
chihuahua_32,1010,10,chihuahua,dog,10,chihuahua,0.9908,True
chihuahua_33,1011,10,chihuahua,dog,10,chihuahua,0.9867,True
chihuahua_34,1012,10,chihuahua,dog,10,chihuahua,0.9226,True
chihuahua_35,1013,10,chihuahua,dog,10,chihuahua,0.9896,True
chihuahua_36,1014,10,chihuahua,dog,10,chihuahua,0.9796,True
chihuahua_37,1015,10,chihuahua,dog,10,chihuahua,0.9936,True
chihuahua_38,1016,10,chihuahua,dog,10,chihuahua,0.9878,True
chihuahua_39,1017,10,chihuahua,dog,10,chihuahua,0.9731,True
chihuahua_3,1018,10,chihuahua,dog,34,staffordshire_bull_terrier,0.6863,False
chihuahua_40,1019,10,chihuahua,dog,10,chihuahua,0.6224,True
chihuahua_41,1020,10,chihuahua,dog,10,chihuahua,0.9921,True
chihuahua_42,1021,10,chihuahua,dog,34,staffordshire_bull_terrier,0.3514,False
chihuahua_43,1022,10,chihuahua,dog,10,chihuahua,0.9823,True
chihuahua_44,1023,10,chihuahua,dog,10,chihuahua,0.992,True
chihuahua_45,1024,10,chihuahua,dog,10,chihuahua,0.9637,True
chihuahua_46,1025,10,chihuahua,dog,10,chihuahua,0.8965,True
chihuahua_47,1026,10,chihuahua,dog,10,chihuahua,0.9923,True
chihuahua_48,1027,10,chihuahua,dog,10,chihuahua,0.9903,True
chihuahua_49,1028,10,chihuahua,dog,10,chihuahua,0.9577,True
chihuahua_4,1029,10,chihuahua,dog,10,chihuahua,0.9357,True
chihuahua_50,1030,10,chihuahua,dog,10,chihuahua,0.9923,True
chihuahua_51,1031,10,chihuahua,dog,10,chihuahua,0.9573,True
chihuahua_52,1032,10,chihuahua,dog,10,chihuahua,0.9653,True
chihuahua_53,1033,10,chihuahua,dog,10,chihuahua,0.9868,True
chihuahua_54,1034,10,chihuahua,dog,10,chihuahua,0.8524,True
chihuahua_55,1035,10,chihuahua,dog,10,chihuahua,0.7488,True
chihuahua_56,1036,10,chihuahua,dog,10,chihuahua,0.9767,True
chihuahua_57,1037,10,chihuahua,dog,10,chihuahua,0.9662,True
chihuahua_58,1038,10,chihuahua,dog,31,shiba_inu,0.3657,False
chihuahua_59,1039,10,chihuahua,dog,10,chihuahua,0.9747,True
chihuahua_5,1040,10,chihuahua,dog,10,chihuahua,0.9312,True
chihuahua_60,1041,10,chihuahua,dog,10,chihuahua,0.7922,True
chihuahua_61,1042,10,chihuahua,dog,10,chihuahua,0.9913,True
chihuahua_62,1043,10,chihuahua,dog,10,chihuahua,0.9748,True
chihuahua_63,1044,10,chihuahua,dog,10,chihuahua,0.9418,True
chihuahua_64,1045,10,chihuahua,dog,10,chihuahua,0.9805,True
chihuahua_65,1046,10,chihuahua,dog,33,Sphynx,0.8551,False
chihuahua_66,1047,10,chihuahua,dog,10,chihuahua,0.9825,True
chihuahua_67,1048,10,chihuahua,dog,10,chihuahua,0.9648,True
chihuahua_68,1049,10,chihuahua,dog,10,chihuahua,0.9946,True
chihuahua_69,1050,10,chihuahua,dog,10,chihuahua,0.9883,True
chihuahua_6,1051,10,chihuahua,dog,10,chihuahua,0.7947,True
chihuahua_70,1052,10,chihuahua,dog,10,chihuahua,0.993,True
chihuahua_71,1053,10,chihuahua,dog,10,chihuahua,0.9727,True
chihuahua_72,1054,10,chihuahua,dog,10,chihuahua,0.9335,True
chihuahua_73,1055,10,chihuahua,dog,10,chihuahua,0.9786,True
chihuahua_74,1056,10,chihuahua,dog,10,chihuahua,0.802,True
chihuahua_75,1057,10,chihuahua,dog,10,chihuahua,0.974,True
chihuahua_76,1058,10,chihuahua,dog,10,chihuahua,0.9604,True
chihuahua_77,1059,10,chihuahua,dog,10,chihuahua,0.9616,True
chihuahua_78,1060,10,chihuahua,dog,10,chihuahua,0.806,True
chihuahua_79,1061,10,chihuahua,dog,10,chihuahua,0.9816,True
chihuahua_7,1062,10,chihuahua,dog,10,chihuahua,0.732,True
chihuahua_80,1063,10,chihuahua,dog,10,chihuahua,0.589,True
chihuahua_81,1064,10,chihuahua,dog,10,chihuahua,0.9812,True
chihuahua_82,1065,10,chihuahua,dog,10,chihuahua,0.8263,True
chihuahua_83,1066,10,chihuahua,dog,10,chihuahua,0.9819,True
chihuahua_84,1067,10,chihuahua,dog,31,shiba_inu,0.6765,False
chihuahua_85,1068,10,chihuahua,dog,21,miniature_pinscher,0.3968,False
chihuahua_86,1069,10,chihuahua,dog,10,chihuahua,0.9115,True
chihuahua_87,1070,10,chihuahua,dog,10,chihuahua,0.9874,True
chihuahua_88,1071,10,chihuahua,dog,10,chihuahua,0.9836,True
chihuahua_89,1072,10,chihuahua,dog,10,chihuahua,0.9012,True
chihuahua_8,1073,10,chihuahua,dog,10,chihuahua,0.9674,True
chihuahua_90,1074,10,chihuahua,dog,10,chihuahua,0.2687,True
chihuahua_91,1075,10,chihuahua,dog,10,chihuahua,0.9561,True
chihuahua_92,1076,10,chihuahua,dog,10,chihuahua,0.9857,True
chihuahua_93,1077,10,chihuahua,dog,10,chihuahua,0.948,True
chihuahua_94,1078,10,chihuahua,dog,10,chihuahua,0.9825,True
chihuahua_95,1079,10,chihuahua,dog,33,Sphynx,0.563,False
chihuahua_96,1080,10,chihuahua,dog,10,chihuahua,0.9749,True
chihuahua_97,1081,10,chihuahua,dog,10,chihuahua,0.9825,True
chihuahua_98,1082,10,chihuahua,dog,33,Sphynx,0.5805,False
chihuahua_99,1083,10,chihuahua,dog,10,chihuahua,0.9918,True
chihuahua_9,1084,10,chihuahua,dog,10,chihuahua,0.9662,True
Egyptian_Mau_198,1085,11,Egyptian_Mau,cat,11,Egyptian_Mau,0.9417,True
Egyptian_Mau_199,1086,11,Egyptian_Mau,cat,11,Egyptian_Mau,0.9569,True
Egyptian_Mau_19,1087,11,Egyptian_Mau,cat,11,Egyptian_Mau,0.6719,True
Egyptian_Mau_1,1088,11,Egyptian_Mau,cat,11,Egyptian_Mau,0.9949,True
Egyptian_Mau_201,1089,11,Egyptian_Mau,cat,7,Bombay,0.9509,False
Egyptian_Mau_204,1090,11,Egyptian_Mau,cat,11,Egyptian_Mau,0.8194,True
Egyptian_Mau_207,1091,11,Egyptian_Mau,cat,11,Egyptian_Mau,0.5159,True
Egyptian_Mau_209,1092,11,Egyptian_Mau,cat,27,Russian_Blue,0.2546,False
Egyptian_Mau_20,1093,11,Egyptian_Mau,cat,11,Egyptian_Mau,0.8529,True
Egyptian_Mau_210,1094,11,Egyptian_Mau,cat,11,Egyptian_Mau,0.7495,True
Egyptian_Mau_212,1095,11,Egyptian_Mau,cat,11,Egyptian_Mau,0.8607,True
Egyptian_Mau_213,1096,11,Egyptian_Mau,cat,5,Bengal,0.5146,False
Egyptian_Mau_214,1097,11,Egyptian_Mau,cat,5,Bengal,0.8152,False
Egyptian_Mau_215,1098,11,Egyptian_Mau,cat,5,Bengal,0.7175,False
Egyptian_Mau_218,1099,11,Egyptian_Mau,cat,20,Maine_Coon,0.4872,False
Egyptian_Mau_219,1100,11,Egyptian_Mau,cat,5,Bengal,0.5828,False
Egyptian_Mau_21,1101,11,Egyptian_Mau,cat,11,Egyptian_Mau,0.9865,True
Egyptian_Mau_220,1102,11,Egyptian_Mau,cat,11,Egyptian_Mau,0.8376,True
Egyptian_Mau_221,1103,11,Egyptian_Mau,cat,11,Egyptian_Mau,0.9797,True
Egyptian_Mau_222,1104,11,Egyptian_Mau,cat,11,Egyptian_Mau,0.969,True
Egyptian_Mau_223,1105,11,Egyptian_Mau,cat,11,Egyptian_Mau,0.9362,True
Egyptian_Mau_224,1106,11,Egyptian_Mau,cat,11,Egyptian_Mau,0.8967,True
Egyptian_Mau_22,1107,11,Egyptian_Mau,cat,11,Egyptian_Mau,0.9916,True
Egyptian_Mau_23,1108,11,Egyptian_Mau,cat,11,Egyptian_Mau,0.9816,True
Egyptian_Mau_25,1109,11,Egyptian_Mau,cat,11,Egyptian_Mau,0.5655,True
Egyptian_Mau_26,1110,11,Egyptian_Mau,cat,11,Egyptian_Mau,0.986,True
Egyptian_Mau_27,1111,11,Egyptian_Mau,cat,11,Egyptian_Mau,0.9857,True
Egyptian_Mau_28,1112,11,Egyptian_Mau,cat,11,Egyptian_Mau,0.6107,True
Egyptian_Mau_29,1113,11,Egyptian_Mau,cat,11,Egyptian_Mau,0.6391,True
Egyptian_Mau_2,1114,11,Egyptian_Mau,cat,11,Egyptian_Mau,0.998,True
Egyptian_Mau_30,1115,11,Egyptian_Mau,cat,11,Egyptian_Mau,0.9937,True
Egyptian_Mau_31,1116,11,Egyptian_Mau,cat,11,Egyptian_Mau,0.9491,True
Egyptian_Mau_33,1117,11,Egyptian_Mau,cat,11,Egyptian_Mau,0.9927,True
Egyptian_Mau_34,1118,11,Egyptian_Mau,cat,11,Egyptian_Mau,0.9721,True
Egyptian_Mau_35,1119,11,Egyptian_Mau,cat,5,Bengal,0.6053,False
Egyptian_Mau_36,1120,11,Egyptian_Mau,cat,11,Egyptian_Mau,0.9978,True
Egyptian_Mau_39,1121,11,Egyptian_Mau,cat,11,Egyptian_Mau,0.7934,True
Egyptian_Mau_3,1122,11,Egyptian_Mau,cat,11,Egyptian_Mau,0.9981,True
Egyptian_Mau_40,1123,11,Egyptian_Mau,cat,11,Egyptian_Mau,0.8191,True
Egyptian_Mau_42,1124,11,Egyptian_Mau,cat,11,Egyptian_Mau,0.9982,True
Egyptian_Mau_43,1125,11,Egyptian_Mau,cat,11,Egyptian_Mau,0.9677,True
Egyptian_Mau_44,1126,11,Egyptian_Mau,cat,11,Egyptian_Mau,0.9897,True
Egyptian_Mau_45,1127,11,Egyptian_Mau,cat,11,Egyptian_Mau,0.9305,True
Egyptian_Mau_46,1128,11,Egyptian_Mau,cat,11,Egyptian_Mau,0.9636,True
Egyptian_Mau_47,1129,11,Egyptian_Mau,cat,11,Egyptian_Mau,0.4412,True
Egyptian_Mau_48,1130,11,Egyptian_Mau,cat,11,Egyptian_Mau,0.9339,True
Egyptian_Mau_49,1131,11,Egyptian_Mau,cat,20,Maine_Coon,0.6245,False
Egyptian_Mau_4,1132,11,Egyptian_Mau,cat,11,Egyptian_Mau,0.9082,True
Egyptian_Mau_50,1133,11,Egyptian_Mau,cat,11,Egyptian_Mau,0.953,True
Egyptian_Mau_51,1134,11,Egyptian_Mau,cat,11,Egyptian_Mau,0.9037,True
Egyptian_Mau_52,1135,11,Egyptian_Mau,cat,11,Egyptian_Mau,0.8499,True
Egyptian_Mau_53,1136,11,Egyptian_Mau,cat,11,Egyptian_Mau,0.9934,True
Egyptian_Mau_54,1137,11,Egyptian_Mau,cat,11,Egyptian_Mau,0.8782,True
Egyptian_Mau_56,1138,11,Egyptian_Mau,cat,11,Egyptian_Mau,0.9815,True
Egyptian_Mau_57,1139,11,Egyptian_Mau,cat,11,Egyptian_Mau,0.8767,True
Egyptian_Mau_58,1140,11,Egyptian_Mau,cat,11,Egyptian_Mau,0.8503,True
Egyptian_Mau_59,1141,11,Egyptian_Mau,cat,11,Egyptian_Mau,0.9637,True
Egyptian_Mau_5,1142,11,Egyptian_Mau,cat,11,Egyptian_Mau,0.9909,True
Egyptian_Mau_60,1143,11,Egyptian_Mau,cat,11,Egyptian_Mau,0.995,True
Egyptian_Mau_61,1144,11,Egyptian_Mau,cat,11,Egyptian_Mau,0.9862,True
Egyptian_Mau_62,1145,11,Egyptian_Mau,cat,11,Egyptian_Mau,0.9874,True
Egyptian_Mau_63,1146,11,Egyptian_Mau,cat,11,Egyptian_Mau,0.653,True
Egyptian_Mau_67,1147,11,Egyptian_Mau,cat,11,Egyptian_Mau,0.9091,True
Egyptian_Mau_68,1148,11,Egyptian_Mau,cat,11,Egyptian_Mau,0.8772,True
Egyptian_Mau_69,1149,11,Egyptian_Mau,cat,11,Egyptian_Mau,0.5139,True
Egyptian_Mau_6,1150,11,Egyptian_Mau,cat,11,Egyptian_Mau,0.9956,True
Egyptian_Mau_70,1151,11,Egyptian_Mau,cat,11,Egyptian_Mau,0.8861,True
Egyptian_Mau_73,1152,11,Egyptian_Mau,cat,11,Egyptian_Mau,0.9601,True
Egyptian_Mau_74,1153,11,Egyptian_Mau,cat,11,Egyptian_Mau,0.9111,True
Egyptian_Mau_75,1154,11,Egyptian_Mau,cat,11,Egyptian_Mau,0.9903,True
Egyptian_Mau_76,1155,11,Egyptian_Mau,cat,11,Egyptian_Mau,0.9934,True
Egyptian_Mau_77,1156,11,Egyptian_Mau,cat,11,Egyptian_Mau,0.9583,True
Egyptian_Mau_78,1157,11,Egyptian_Mau,cat,11,Egyptian_Mau,0.9877,True
Egyptian_Mau_79,1158,11,Egyptian_Mau,cat,11,Egyptian_Mau,0.9767,True
Egyptian_Mau_7,1159,11,Egyptian_Mau,cat,11,Egyptian_Mau,0.9789,True
Egyptian_Mau_80,1160,11,Egyptian_Mau,cat,11,Egyptian_Mau,0.9299,True
Egyptian_Mau_81,1161,11,Egyptian_Mau,cat,11,Egyptian_Mau,0.9906,True
Egyptian_Mau_82,1162,11,Egyptian_Mau,cat,11,Egyptian_Mau,0.8287,True
Egyptian_Mau_83,1163,11,Egyptian_Mau,cat,11,Egyptian_Mau,0.9862,True
Egyptian_Mau_84,1164,11,Egyptian_Mau,cat,5,Bengal,0.9459,False
Egyptian_Mau_85,1165,11,Egyptian_Mau,cat,11,Egyptian_Mau,0.5629,True
Egyptian_Mau_86,1166,11,Egyptian_Mau,cat,11,Egyptian_Mau,0.9662,True
Egyptian_Mau_87,1167,11,Egyptian_Mau,cat,11,Egyptian_Mau,0.9581,True
Egyptian_Mau_88,1168,11,Egyptian_Mau,cat,11,Egyptian_Mau,0.9901,True
Egyptian_Mau_89,1169,11,Egyptian_Mau,cat,11,Egyptian_Mau,0.9834,True
Egyptian_Mau_8,1170,11,Egyptian_Mau,cat,11,Egyptian_Mau,0.996,True
Egyptian_Mau_90,1171,11,Egyptian_Mau,cat,11,Egyptian_Mau,0.9942,True
Egyptian_Mau_91,1172,11,Egyptian_Mau,cat,11,Egyptian_Mau,0.9946,True
Egyptian_Mau_92,1173,11,Egyptian_Mau,cat,11,Egyptian_Mau,0.9722,True
Egyptian_Mau_93,1174,11,Egyptian_Mau,cat,11,Egyptian_Mau,0.9922,True
Egyptian_Mau_94,1175,11,Egyptian_Mau,cat,11,Egyptian_Mau,0.9731,True
Egyptian_Mau_95,1176,11,Egyptian_Mau,cat,11,Egyptian_Mau,0.9751,True
Egyptian_Mau_96,1177,11,Egyptian_Mau,cat,11,Egyptian_Mau,0.9373,True
Egyptian_Mau_97,1178,11,Egyptian_Mau,cat,11,Egyptian_Mau,0.9615,True
Egyptian_Mau_98,1179,11,Egyptian_Mau,cat,11,Egyptian_Mau,0.9908,True
Egyptian_Mau_99,1180,11,Egyptian_Mau,cat,11,Egyptian_Mau,0.9317,True
Egyptian_Mau_9,1181,11,Egyptian_Mau,cat,11,Egyptian_Mau,0.9958,True
english_cocker_spaniel_191,1182,12,english_cocker_spaniel,dog,12,english_cocker_spaniel,0.995,True
english_cocker_spaniel_192,1183,12,english_cocker_spaniel,dog,12,english_cocker_spaniel,0.9691,True
english_cocker_spaniel_193,1184,12,english_cocker_spaniel,dog,22,newfoundland,0.6354,False
english_cocker_spaniel_194,1185,12,english_cocker_spaniel,dog,12,english_cocker_spaniel,0.4596,True
english_cocker_spaniel_195,1186,12,english_cocker_spaniel,dog,12,english_cocker_spaniel,0.7605,True
english_cocker_spaniel_196,1187,12,english_cocker_spaniel,dog,12,english_cocker_spaniel,0.9893,True
english_cocker_spaniel_197,1188,12,english_cocker_spaniel,dog,12,english_cocker_spaniel,0.9783,True
english_cocker_spaniel_198,1189,12,english_cocker_spaniel,dog,12,english_cocker_spaniel,0.9525,True
english_cocker_spaniel_199,1190,12,english_cocker_spaniel,dog,12,english_cocker_spaniel,0.9988,True
english_cocker_spaniel_19,1191,12,english_cocker_spaniel,dog,12,english_cocker_spaniel,0.9228,True
english_cocker_spaniel_1,1192,12,english_cocker_spaniel,dog,12,english_cocker_spaniel,0.8316,True
english_cocker_spaniel_200,1193,12,english_cocker_spaniel,dog,12,english_cocker_spaniel,0.7887,True
english_cocker_spaniel_20,1194,12,english_cocker_spaniel,dog,12,english_cocker_spaniel,0.995,True
english_cocker_spaniel_21,1195,12,english_cocker_spaniel,dog,12,english_cocker_spaniel,0.9857,True
english_cocker_spaniel_22,1196,12,english_cocker_spaniel,dog,12,english_cocker_spaniel,0.9848,True
english_cocker_spaniel_23,1197,12,english_cocker_spaniel,dog,12,english_cocker_spaniel,0.9877,True
english_cocker_spaniel_24,1198,12,english_cocker_spaniel,dog,12,english_cocker_spaniel,0.9881,True
english_cocker_spaniel_25,1199,12,english_cocker_spaniel,dog,12,english_cocker_spaniel,0.746,True
english_cocker_spaniel_26,1200,12,english_cocker_spaniel,dog,12,english_cocker_spaniel,0.9574,True
english_cocker_spaniel_27,1201,12,english_cocker_spaniel,dog,12,english_cocker_spaniel,0.8894,True
english_cocker_spaniel_28,1202,12,english_cocker_spaniel,dog,12,english_cocker_spaniel,0.8374,True
english_cocker_spaniel_29,1203,12,english_cocker_spaniel,dog,12,english_cocker_spaniel,0.8713,True
english_cocker_spaniel_2,1204,12,english_cocker_spaniel,dog,22,newfoundland,0.9004,False
english_cocker_spaniel_30,1205,12,english_cocker_spaniel,dog,12,english_cocker_spaniel,0.9794,True
english_cocker_spaniel_31,1206,12,english_cocker_spaniel,dog,12,english_cocker_spaniel,0.9936,True
english_cocker_spaniel_32,1207,12,english_cocker_spaniel,dog,12,english_cocker_spaniel,0.9444,True
english_cocker_spaniel_33,1208,12,english_cocker_spaniel,dog,12,english_cocker_spaniel,0.9486,True
english_cocker_spaniel_34,1209,12,english_cocker_spaniel,dog,12,english_cocker_spaniel,0.9755,True
english_cocker_spaniel_35,1210,12,english_cocker_spaniel,dog,22,newfoundland,0.8234,False
english_cocker_spaniel_36,1211,12,english_cocker_spaniel,dog,12,english_cocker_spaniel,0.9659,True
english_cocker_spaniel_37,1212,12,english_cocker_spaniel,dog,12,english_cocker_spaniel,0.9945,True
english_cocker_spaniel_38,1213,12,english_cocker_spaniel,dog,12,english_cocker_spaniel,0.997,True
english_cocker_spaniel_39,1214,12,english_cocker_spaniel,dog,12,english_cocker_spaniel,0.9804,True
english_cocker_spaniel_3,1215,12,english_cocker_spaniel,dog,12,english_cocker_spaniel,0.9907,True
english_cocker_spaniel_40,1216,12,english_cocker_spaniel,dog,12,english_cocker_spaniel,0.9873,True
english_cocker_spaniel_41,1217,12,english_cocker_spaniel,dog,12,english_cocker_spaniel,0.8228,True
english_cocker_spaniel_42,1218,12,english_cocker_spaniel,dog,12,english_cocker_spaniel,0.9645,True
english_cocker_spaniel_43,1219,12,english_cocker_spaniel,dog,12,english_cocker_spaniel,0.9934,True
english_cocker_spaniel_44,1220,12,english_cocker_spaniel,dog,12,english_cocker_spaniel,0.9886,True
english_cocker_spaniel_45,1221,12,english_cocker_spaniel,dog,12,english_cocker_spaniel,0.9933,True
english_cocker_spaniel_46,1222,12,english_cocker_spaniel,dog,12,english_cocker_spaniel,0.995,True
english_cocker_spaniel_47,1223,12,english_cocker_spaniel,dog,12,english_cocker_spaniel,0.9463,True
english_cocker_spaniel_48,1224,12,english_cocker_spaniel,dog,12,english_cocker_spaniel,0.7348,True
english_cocker_spaniel_49,1225,12,english_cocker_spaniel,dog,12,english_cocker_spaniel,0.9155,True
english_cocker_spaniel_4,1226,12,english_cocker_spaniel,dog,12,english_cocker_spaniel,0.9706,True
english_cocker_spaniel_50,1227,12,english_cocker_spaniel,dog,12,english_cocker_spaniel,0.9918,True
english_cocker_spaniel_51,1228,12,english_cocker_spaniel,dog,12,english_cocker_spaniel,0.9663,True
english_cocker_spaniel_52,1229,12,english_cocker_spaniel,dog,12,english_cocker_spaniel,0.4954,True
english_cocker_spaniel_53,1230,12,english_cocker_spaniel,dog,12,english_cocker_spaniel,0.6052,True
english_cocker_spaniel_54,1231,12,english_cocker_spaniel,dog,12,english_cocker_spaniel,0.574,True
english_cocker_spaniel_55,1232,12,english_cocker_spaniel,dog,12,english_cocker_spaniel,0.9176,True
english_cocker_spaniel_56,1233,12,english_cocker_spaniel,dog,12,english_cocker_spaniel,0.4702,True
english_cocker_spaniel_57,1234,12,english_cocker_spaniel,dog,12,english_cocker_spaniel,0.8566,True
english_cocker_spaniel_58,1235,12,english_cocker_spaniel,dog,22,newfoundland,0.4372,False
english_cocker_spaniel_59,1236,12,english_cocker_spaniel,dog,12,english_cocker_spaniel,0.5714,True
english_cocker_spaniel_5,1237,12,english_cocker_spaniel,dog,12,english_cocker_spaniel,0.9931,True
english_cocker_spaniel_60,1238,12,english_cocker_spaniel,dog,12,english_cocker_spaniel,0.9897,True
english_cocker_spaniel_61,1239,12,english_cocker_spaniel,dog,12,english_cocker_spaniel,0.996,True
english_cocker_spaniel_62,1240,12,english_cocker_spaniel,dog,12,english_cocker_spaniel,0.9977,True
english_cocker_spaniel_63,1241,12,english_cocker_spaniel,dog,12,english_cocker_spaniel,0.9885,True
english_cocker_spaniel_64,1242,12,english_cocker_spaniel,dog,12,english_cocker_spaniel,0.9947,True
english_cocker_spaniel_65,1243,12,english_cocker_spaniel,dog,12,english_cocker_spaniel,0.9554,True
english_cocker_spaniel_66,1244,12,english_cocker_spaniel,dog,12,english_cocker_spaniel,0.9698,True
english_cocker_spaniel_67,1245,12,english_cocker_spaniel,dog,12,english_cocker_spaniel,0.9869,True
english_cocker_spaniel_68,1246,12,english_cocker_spaniel,dog,12,english_cocker_spaniel,0.7269,True
english_cocker_spaniel_69,1247,12,english_cocker_spaniel,dog,12,english_cocker_spaniel,0.9967,True
english_cocker_spaniel_6,1248,12,english_cocker_spaniel,dog,12,english_cocker_spaniel,0.994,True
english_cocker_spaniel_70,1249,12,english_cocker_spaniel,dog,12,english_cocker_spaniel,0.9489,True
english_cocker_spaniel_71,1250,12,english_cocker_spaniel,dog,12,english_cocker_spaniel,0.9585,True
english_cocker_spaniel_72,1251,12,english_cocker_spaniel,dog,12,english_cocker_spaniel,0.9807,True
english_cocker_spaniel_73,1252,12,english_cocker_spaniel,dog,12,english_cocker_spaniel,0.9781,True
english_cocker_spaniel_74,1253,12,english_cocker_spaniel,dog,12,english_cocker_spaniel,0.976,True
english_cocker_spaniel_75,1254,12,english_cocker_spaniel,dog,12,english_cocker_spaniel,0.8913,True
english_cocker_spaniel_76,1255,12,english_cocker_spaniel,dog,12,english_cocker_spaniel,0.9721,True
english_cocker_spaniel_77,1256,12,english_cocker_spaniel,dog,12,english_cocker_spaniel,0.9558,True
english_cocker_spaniel_78,1257,12,english_cocker_spaniel,dog,12,english_cocker_spaniel,0.9794,True
english_cocker_spaniel_79,1258,12,english_cocker_spaniel,dog,12,english_cocker_spaniel,0.996,True
english_cocker_spaniel_7,1259,12,english_cocker_spaniel,dog,12,english_cocker_spaniel,0.9807,True
english_cocker_spaniel_80,1260,12,english_cocker_spaniel,dog,12,english_cocker_spaniel,0.9953,True
english_cocker_spaniel_81,1261,12,english_cocker_spaniel,dog,12,english_cocker_spaniel,0.999,True
english_cocker_spaniel_82,1262,12,english_cocker_spaniel,dog,12,english_cocker_spaniel,0.9934,True
english_cocker_spaniel_83,1263,12,english_cocker_spaniel,dog,12,english_cocker_spaniel,0.8754,True
english_cocker_spaniel_84,1264,12,english_cocker_spaniel,dog,12,english_cocker_spaniel,0.9962,True
english_cocker_spaniel_85,1265,12,english_cocker_spaniel,dog,12,english_cocker_spaniel,0.993,True
english_cocker_spaniel_86,1266,12,english_cocker_spaniel,dog,12,english_cocker_spaniel,0.9956,True
english_cocker_spaniel_87,1267,12,english_cocker_spaniel,dog,12,english_cocker_spaniel,0.9733,True
english_cocker_spaniel_88,1268,12,english_cocker_spaniel,dog,12,english_cocker_spaniel,0.984,True
english_cocker_spaniel_89,1269,12,english_cocker_spaniel,dog,12,english_cocker_spaniel,0.8502,True
english_cocker_spaniel_8,1270,12,english_cocker_spaniel,dog,12,english_cocker_spaniel,0.8859,True
english_cocker_spaniel_90,1271,12,english_cocker_spaniel,dog,12,english_cocker_spaniel,0.9588,True
english_cocker_spaniel_91,1272,12,english_cocker_spaniel,dog,12,english_cocker_spaniel,0.9879,True
english_cocker_spaniel_92,1273,12,english_cocker_spaniel,dog,12,english_cocker_spaniel,0.9738,True
english_cocker_spaniel_93,1274,12,english_cocker_spaniel,dog,12,english_cocker_spaniel,0.9788,True
english_cocker_spaniel_94,1275,12,english_cocker_spaniel,dog,12,english_cocker_spaniel,0.9688,True
english_cocker_spaniel_95,1276,12,english_cocker_spaniel,dog,12,english_cocker_spaniel,0.967,True
english_cocker_spaniel_96,1277,12,english_cocker_spaniel,dog,12,english_cocker_spaniel,0.976,True
english_cocker_spaniel_97,1278,12,english_cocker_spaniel,dog,12,english_cocker_spaniel,0.971,True
english_cocker_spaniel_98,1279,12,english_cocker_spaniel,dog,12,english_cocker_spaniel,0.9708,True
english_cocker_spaniel_99,1280,12,english_cocker_spaniel,dog,12,english_cocker_spaniel,0.7798,True
english_cocker_spaniel_9,1281,12,english_cocker_spaniel,dog,12,english_cocker_spaniel,0.6966,True
english_setter_191,1282,13,english_setter,dog,13,english_setter,0.9976,True
english_setter_192,1283,13,english_setter,dog,13,english_setter,0.9912,True
english_setter_193,1284,13,english_setter,dog,13,english_setter,0.9899,True
english_setter_194,1285,13,english_setter,dog,13,english_setter,0.5135,True
english_setter_195,1286,13,english_setter,dog,13,english_setter,0.9908,True
english_setter_196,1287,13,english_setter,dog,13,english_setter,0.9809,True
english_setter_197,1288,13,english_setter,dog,13,english_setter,0.986,True
english_setter_198,1289,13,english_setter,dog,13,english_setter,0.9944,True
english_setter_199,1290,13,english_setter,dog,13,english_setter,0.9829,True
english_setter_19,1291,13,english_setter,dog,13,english_setter,0.9978,True
english_setter_1,1292,13,english_setter,dog,13,english_setter,0.9937,True
english_setter_200,1293,13,english_setter,dog,13,english_setter,0.5626,True
english_setter_20,1294,13,english_setter,dog,13,english_setter,0.6535,True
english_setter_21,1295,13,english_setter,dog,13,english_setter,0.9943,True
english_setter_22,1296,13,english_setter,dog,13,english_setter,0.9544,True
english_setter_23,1297,13,english_setter,dog,13,english_setter,0.9921,True
english_setter_24,1298,13,english_setter,dog,13,english_setter,0.9904,True
english_setter_25,1299,13,english_setter,dog,13,english_setter,0.9569,True
english_setter_26,1300,13,english_setter,dog,13,english_setter,0.9926,True
english_setter_27,1301,13,english_setter,dog,13,english_setter,0.9375,True
english_setter_28,1302,13,english_setter,dog,13,english_setter,0.9634,True
english_setter_29,1303,13,english_setter,dog,13,english_setter,0.9944,True
english_setter_2,1304,13,english_setter,dog,13,english_setter,0.9866,True
english_setter_30,1305,13,english_setter,dog,13,english_setter,0.9771,True
english_setter_31,1306,13,english_setter,dog,13,english_setter,0.9895,True
english_setter_32,1307,13,english_setter,dog,13,english_setter,0.9959,True
english_setter_33,1308,13,english_setter,dog,14,german_shorthaired,0.5095,False
english_setter_34,1309,13,english_setter,dog,13,english_setter,0.9939,True
english_setter_35,1310,13,english_setter,dog,13,english_setter,0.9769,True
english_setter_36,1311,13,english_setter,dog,13,english_setter,0.9821,True
english_setter_37,1312,13,english_setter,dog,13,english_setter,0.5709,True
english_setter_38,1313,13,english_setter,dog,13,english_setter,0.982,True
english_setter_39,1314,13,english_setter,dog,13,english_setter,0.9968,True
english_setter_3,1315,13,english_setter,dog,13,english_setter,0.9859,True
english_setter_40,1316,13,english_setter,dog,13,english_setter,0.9886,True
english_setter_41,1317,13,english_setter,dog,13,english_setter,0.9937,True
english_setter_42,1318,13,english_setter,dog,13,english_setter,0.9984,True
english_setter_43,1319,13,english_setter,dog,13,english_setter,0.9959,True
english_setter_44,1320,13,english_setter,dog,13,english_setter,0.9967,True
english_setter_45,1321,13,english_setter,dog,13,english_setter,0.9961,True
english_setter_46,1322,13,english_setter,dog,13,english_setter,0.9993,True
english_setter_47,1323,13,english_setter,dog,13,english_setter,0.9884,True
english_setter_48,1324,13,english_setter,dog,13,english_setter,0.996,True
english_setter_49,1325,13,english_setter,dog,13,english_setter,0.9894,True
english_setter_4,1326,13,english_setter,dog,13,english_setter,0.973,True
english_setter_50,1327,13,english_setter,dog,13,english_setter,0.9933,True
english_setter_51,1328,13,english_setter,dog,13,english_setter,0.9315,True
english_setter_52,1329,13,english_setter,dog,13,english_setter,0.98,True
english_setter_53,1330,13,english_setter,dog,13,english_setter,0.9852,True
english_setter_54,1331,13,english_setter,dog,13,english_setter,0.9981,True
english_setter_55,1332,13,english_setter,dog,13,english_setter,0.9752,True
english_setter_56,1333,13,english_setter,dog,13,english_setter,0.9974,True
english_setter_57,1334,13,english_setter,dog,13,english_setter,0.9925,True
english_setter_58,1335,13,english_setter,dog,13,english_setter,0.9971,True
english_setter_59,1336,13,english_setter,dog,13,english_setter,0.9956,True
english_setter_5,1337,13,english_setter,dog,12,english_cocker_spaniel,0.9643,False
english_setter_60,1338,13,english_setter,dog,13,english_setter,0.8873,True
english_setter_61,1339,13,english_setter,dog,13,english_setter,0.9555,True
english_setter_62,1340,13,english_setter,dog,13,english_setter,0.9977,True
english_setter_63,1341,13,english_setter,dog,13,english_setter,0.996,True
english_setter_64,1342,13,english_setter,dog,13,english_setter,0.9727,True
english_setter_65,1343,13,english_setter,dog,13,english_setter,0.9911,True
english_setter_66,1344,13,english_setter,dog,13,english_setter,0.9941,True
english_setter_67,1345,13,english_setter,dog,13,english_setter,0.9888,True
english_setter_68,1346,13,english_setter,dog,13,english_setter,0.9837,True
english_setter_69,1347,13,english_setter,dog,13,english_setter,0.9936,True
english_setter_6,1348,13,english_setter,dog,13,english_setter,0.7695,True
english_setter_70,1349,13,english_setter,dog,13,english_setter,0.9688,True
english_setter_71,1350,13,english_setter,dog,13,english_setter,0.985,True
english_setter_72,1351,13,english_setter,dog,13,english_setter,0.9902,True
english_setter_73,1352,13,english_setter,dog,13,english_setter,0.9506,True
english_setter_74,1353,13,english_setter,dog,13,english_setter,0.9595,True
english_setter_75,1354,13,english_setter,dog,13,english_setter,0.9853,True
english_setter_76,1355,13,english_setter,dog,13,english_setter,0.9924,True
english_setter_77,1356,13,english_setter,dog,13,english_setter,0.9859,True
english_setter_78,1357,13,english_setter,dog,13,english_setter,0.9832,True
english_setter_79,1358,13,english_setter,dog,13,english_setter,0.9938,True
english_setter_7,1359,13,english_setter,dog,13,english_setter,0.9903,True
english_setter_80,1360,13,english_setter,dog,13,english_setter,0.9923,True
english_setter_81,1361,13,english_setter,dog,13,english_setter,0.9923,True
english_setter_82,1362,13,english_setter,dog,13,english_setter,0.9845,True
english_setter_83,1363,13,english_setter,dog,13,english_setter,0.988,True
english_setter_84,1364,13,english_setter,dog,13,english_setter,0.9781,True
english_setter_85,1365,13,english_setter,dog,13,english_setter,0.9651,True
english_setter_86,1366,13,english_setter,dog,13,english_setter,0.995,True
english_setter_87,1367,13,english_setter,dog,13,english_setter,0.9864,True
english_setter_88,1368,13,english_setter,dog,13,english_setter,0.9943,True
english_setter_89,1369,13,english_setter,dog,13,english_setter,0.9896,True
english_setter_8,1370,13,english_setter,dog,4,beagle,0.6572,False
english_setter_90,1371,13,english_setter,dog,13,english_setter,0.9639,True
english_setter_91,1372,13,english_setter,dog,13,english_setter,0.8864,True
english_setter_92,1373,13,english_setter,dog,13,english_setter,0.9936,True
english_setter_93,1374,13,english_setter,dog,13,english_setter,0.9867,True
english_setter_94,1375,13,english_setter,dog,13,english_setter,0.991,True
english_setter_95,1376,13,english_setter,dog,13,english_setter,0.9783,True
english_setter_96,1377,13,english_setter,dog,13,english_setter,0.9961,True
english_setter_97,1378,13,english_setter,dog,13,english_setter,0.9625,True
english_setter_98,1379,13,english_setter,dog,13,english_setter,0.9973,True
english_setter_99,1380,13,english_setter,dog,14,german_shorthaired,0.4521,False
english_setter_9,1381,13,english_setter,dog,13,english_setter,0.9759,True
german_shorthaired_191,1382,14,german_shorthaired,dog,14,german_shorthaired,0.999,True
german_shorthaired_192,1383,14,german_shorthaired,dog,14,german_shorthaired,0.9215,True
german_shorthaired_193,1384,14,german_shorthaired,dog,14,german_shorthaired,0.9999,True
german_shorthaired_194,1385,14,german_shorthaired,dog,14,german_shorthaired,0.9993,True
german_shorthaired_195,1386,14,german_shorthaired,dog,14,german_shorthaired,0.9997,True
german_shorthaired_196,1387,14,german_shorthaired,dog,14,german_shorthaired,1.0,True
german_shorthaired_197,1388,14,german_shorthaired,dog,14,german_shorthaired,0.9998,True
german_shorthaired_198,1389,14,german_shorthaired,dog,14,german_shorthaired,0.9996,True
german_shorthaired_199,1390,14,german_shorthaired,dog,14,german_shorthaired,0.9995,True
german_shorthaired_19,1391,14,german_shorthaired,dog,14,german_shorthaired,0.999,True
german_shorthaired_1,1392,14,german_shorthaired,dog,14,german_shorthaired,0.9996,True
german_shorthaired_200,1393,14,german_shorthaired,dog,14,german_shorthaired,0.9996,True
german_shorthaired_20,1394,14,german_shorthaired,dog,14,german_shorthaired,0.9996,True
german_shorthaired_21,1395,14,german_shorthaired,dog,14,german_shorthaired,0.9988,True
german_shorthaired_22,1396,14,german_shorthaired,dog,14,german_shorthaired,1.0,True
german_shorthaired_23,1397,14,german_shorthaired,dog,14,german_shorthaired,0.9999,True
german_shorthaired_24,1398,14,german_shorthaired,dog,14,german_shorthaired,0.9985,True
german_shorthaired_25,1399,14,german_shorthaired,dog,14,german_shorthaired,0.9998,True
german_shorthaired_26,1400,14,german_shorthaired,dog,14,german_shorthaired,0.999,True
german_shorthaired_27,1401,14,german_shorthaired,dog,14,german_shorthaired,0.9995,True
german_shorthaired_28,1402,14,german_shorthaired,dog,14,german_shorthaired,0.9981,True
german_shorthaired_29,1403,14,german_shorthaired,dog,14,german_shorthaired,0.9998,True
german_shorthaired_2,1404,14,german_shorthaired,dog,14,german_shorthaired,0.5183,True
german_shorthaired_30,1405,14,german_shorthaired,dog,14,german_shorthaired,0.9999,True
german_shorthaired_31,1406,14,german_shorthaired,dog,14,german_shorthaired,0.9998,True
german_shorthaired_32,1407,14,german_shorthaired,dog,14,german_shorthaired,0.9999,True
german_shorthaired_33,1408,14,german_shorthaired,dog,14,german_shorthaired,0.9999,True
german_shorthaired_34,1409,14,german_shorthaired,dog,14,german_shorthaired,0.9997,True
german_shorthaired_35,1410,14,german_shorthaired,dog,14,german_shorthaired,0.9994,True
german_shorthaired_36,1411,14,german_shorthaired,dog,14,german_shorthaired,0.9997,True
german_shorthaired_37,1412,14,german_shorthaired,dog,14,german_shorthaired,0.9992,True
german_shorthaired_38,1413,14,german_shorthaired,dog,14,german_shorthaired,0.9992,True
german_shorthaired_39,1414,14,german_shorthaired,dog,14,german_shorthaired,0.9959,True
german_shorthaired_3,1415,14,german_shorthaired,dog,14,german_shorthaired,0.9928,True
german_shorthaired_40,1416,14,german_shorthaired,dog,14,german_shorthaired,0.8874,True
german_shorthaired_41,1417,14,german_shorthaired,dog,14,german_shorthaired,0.9667,True
german_shorthaired_42,1418,14,german_shorthaired,dog,14,german_shorthaired,1.0,True
german_shorthaired_43,1419,14,german_shorthaired,dog,14,german_shorthaired,0.9999,True
german_shorthaired_44,1420,14,german_shorthaired,dog,14,german_shorthaired,0.9977,True
german_shorthaired_45,1421,14,german_shorthaired,dog,14,german_shorthaired,0.9999,True
german_shorthaired_46,1422,14,german_shorthaired,dog,14,german_shorthaired,0.9926,True
german_shorthaired_47,1423,14,german_shorthaired,dog,14,german_shorthaired,0.9997,True
german_shorthaired_48,1424,14,german_shorthaired,dog,14,german_shorthaired,0.9979,True
german_shorthaired_49,1425,14,german_shorthaired,dog,14,german_shorthaired,0.9997,True
german_shorthaired_4,1426,14,german_shorthaired,dog,14,german_shorthaired,0.615,True
german_shorthaired_50,1427,14,german_shorthaired,dog,14,german_shorthaired,0.9993,True
german_shorthaired_51,1428,14,german_shorthaired,dog,14,german_shorthaired,0.9999,True
german_shorthaired_52,1429,14,german_shorthaired,dog,14,german_shorthaired,0.9995,True
german_shorthaired_53,1430,14,german_shorthaired,dog,14,german_shorthaired,0.9996,True
german_shorthaired_54,1431,14,german_shorthaired,dog,14,german_shorthaired,0.9999,True
german_shorthaired_55,1432,14,german_shorthaired,dog,14,german_shorthaired,0.985,True
german_shorthaired_56,1433,14,german_shorthaired,dog,14,german_shorthaired,0.9997,True
german_shorthaired_57,1434,14,german_shorthaired,dog,14,german_shorthaired,0.9999,True
german_shorthaired_58,1435,14,german_shorthaired,dog,14,german_shorthaired,0.9993,True
german_shorthaired_59,1436,14,german_shorthaired,dog,14,german_shorthaired,0.9995,True
german_shorthaired_5,1437,14,german_shorthaired,dog,14,german_shorthaired,0.9517,True
german_shorthaired_60,1438,14,german_shorthaired,dog,14,german_shorthaired,0.9994,True
german_shorthaired_61,1439,14,german_shorthaired,dog,14,german_shorthaired,0.9977,True
german_shorthaired_62,1440,14,german_shorthaired,dog,14,german_shorthaired,0.9999,True
german_shorthaired_63,1441,14,german_shorthaired,dog,14,german_shorthaired,0.9971,True
german_shorthaired_64,1442,14,german_shorthaired,dog,14,german_shorthaired,0.9999,True
german_shorthaired_65,1443,14,german_shorthaired,dog,14,german_shorthaired,0.9908,True
german_shorthaired_66,1444,14,german_shorthaired,dog,14,german_shorthaired,0.9999,True
german_shorthaired_67,1445,14,german_shorthaired,dog,14,german_shorthaired,0.9996,True
german_shorthaired_68,1446,14,german_shorthaired,dog,14,german_shorthaired,0.9999,True
german_shorthaired_69,1447,14,german_shorthaired,dog,14,german_shorthaired,1.0,True
german_shorthaired_6,1448,14,german_shorthaired,dog,14,german_shorthaired,0.9997,True
german_shorthaired_70,1449,14,german_shorthaired,dog,14,german_shorthaired,0.9992,True
german_shorthaired_71,1450,14,german_shorthaired,dog,14,german_shorthaired,0.9973,True
german_shorthaired_72,1451,14,german_shorthaired,dog,14,german_shorthaired,0.9995,True
german_shorthaired_73,1452,14,german_shorthaired,dog,14,german_shorthaired,0.9974,True
german_shorthaired_74,1453,14,german_shorthaired,dog,14,german_shorthaired,0.9976,True
german_shorthaired_75,1454,14,german_shorthaired,dog,14,german_shorthaired,0.9892,True
german_shorthaired_76,1455,14,german_shorthaired,dog,14,german_shorthaired,1.0,True
german_shorthaired_77,1456,14,german_shorthaired,dog,14,german_shorthaired,1.0,True
german_shorthaired_78,1457,14,german_shorthaired,dog,14,german_shorthaired,0.9999,True
german_shorthaired_79,1458,14,german_shorthaired,dog,14,german_shorthaired,0.9997,True
german_shorthaired_7,1459,14,german_shorthaired,dog,14,german_shorthaired,0.9971,True
german_shorthaired_80,1460,14,german_shorthaired,dog,14,german_shorthaired,0.9999,True
german_shorthaired_81,1461,14,german_shorthaired,dog,14,german_shorthaired,1.0,True
german_shorthaired_82,1462,14,german_shorthaired,dog,14,german_shorthaired,0.9999,True
german_shorthaired_83,1463,14,german_shorthaired,dog,14,german_shorthaired,0.9998,True
german_shorthaired_84,1464,14,german_shorthaired,dog,14,german_shorthaired,0.9998,True
german_shorthaired_85,1465,14,german_shorthaired,dog,14,german_shorthaired,0.9975,True
german_shorthaired_86,1466,14,german_shorthaired,dog,14,german_shorthaired,0.9999,True
german_shorthaired_87,1467,14,german_shorthaired,dog,14,german_shorthaired,0.9999,True
german_shorthaired_88,1468,14,german_shorthaired,dog,14,german_shorthaired,0.9999,True
german_shorthaired_89,1469,14,german_shorthaired,dog,14,german_shorthaired,0.9998,True
german_shorthaired_8,1470,14,german_shorthaired,dog,14,german_shorthaired,0.994,True
german_shorthaired_90,1471,14,german_shorthaired,dog,14,german_shorthaired,0.9993,True
german_shorthaired_91,1472,14,german_shorthaired,dog,14,german_shorthaired,0.9999,True
german_shorthaired_92,1473,14,german_shorthaired,dog,14,german_shorthaired,0.9997,True
german_shorthaired_93,1474,14,german_shorthaired,dog,14,german_shorthaired,0.9996,True
german_shorthaired_94,1475,14,german_shorthaired,dog,14,german_shorthaired,0.9995,True
german_shorthaired_95,1476,14,german_shorthaired,dog,14,german_shorthaired,0.9992,True
german_shorthaired_96,1477,14,german_shorthaired,dog,14,german_shorthaired,1.0,True
german_shorthaired_97,1478,14,german_shorthaired,dog,14,german_shorthaired,0.9871,True
german_shorthaired_98,1479,14,german_shorthaired,dog,14,german_shorthaired,0.9994,True
german_shorthaired_99,1480,14,german_shorthaired,dog,14,german_shorthaired,0.9998,True
german_shorthaired_9,1481,14,german_shorthaired,dog,14,german_shorthaired,0.9997,True
great_pyrenees_191,1482,15,great_pyrenees,dog,15,great_pyrenees,0.951,True
great_pyrenees_192,1483,15,great_pyrenees,dog,15,great_pyrenees,0.983,True
great_pyrenees_193,1484,15,great_pyrenees,dog,15,great_pyrenees,0.6185,True
great_pyrenees_194,1485,15,great_pyrenees,dog,13,english_setter,0.2908,False
great_pyrenees_195,1486,15,great_pyrenees,dog,18,keeshond,0.3797,False
great_pyrenees_196,1487,15,great_pyrenees,dog,15,great_pyrenees,0.8771,True
great_pyrenees_197,1488,15,great_pyrenees,dog,15,great_pyrenees,0.9685,True
great_pyrenees_198,1489,15,great_pyrenees,dog,15,great_pyrenees,0.9509,True
great_pyrenees_199,1490,15,great_pyrenees,dog,15,great_pyrenees,0.9884,True
great_pyrenees_19,1491,15,great_pyrenees,dog,15,great_pyrenees,0.977,True
great_pyrenees_1,1492,15,great_pyrenees,dog,15,great_pyrenees,0.989,True
great_pyrenees_200,1493,15,great_pyrenees,dog,15,great_pyrenees,0.9688,True
great_pyrenees_20,1494,15,great_pyrenees,dog,15,great_pyrenees,0.9345,True
great_pyrenees_21,1495,15,great_pyrenees,dog,15,great_pyrenees,0.9577,True
great_pyrenees_22,1496,15,great_pyrenees,dog,15,great_pyrenees,0.9816,True
great_pyrenees_23,1497,15,great_pyrenees,dog,15,great_pyrenees,0.9388,True
great_pyrenees_24,1498,15,great_pyrenees,dog,15,great_pyrenees,0.9774,True
great_pyrenees_25,1499,15,great_pyrenees,dog,15,great_pyrenees,0.9944,True
great_pyrenees_26,1500,15,great_pyrenees,dog,15,great_pyrenees,0.8504,True
great_pyrenees_27,1501,15,great_pyrenees,dog,15,great_pyrenees,0.9589,True
great_pyrenees_28,1502,15,great_pyrenees,dog,15,great_pyrenees,0.9133,True
great_pyrenees_29,1503,15,great_pyrenees,dog,15,great_pyrenees,0.9593,True
great_pyrenees_2,1504,15,great_pyrenees,dog,15,great_pyrenees,0.9503,True
great_pyrenees_30,1505,15,great_pyrenees,dog,15,great_pyrenees,0.9695,True
great_pyrenees_31,1506,15,great_pyrenees,dog,15,great_pyrenees,0.9846,True
great_pyrenees_32,1507,15,great_pyrenees,dog,15,great_pyrenees,0.9641,True
great_pyrenees_33,1508,15,great_pyrenees,dog,15,great_pyrenees,0.9195,True
great_pyrenees_34,1509,15,great_pyrenees,dog,15,great_pyrenees,0.9633,True
great_pyrenees_35,1510,15,great_pyrenees,dog,15,great_pyrenees,0.9798,True
great_pyrenees_36,1511,15,great_pyrenees,dog,15,great_pyrenees,0.9384,True
great_pyrenees_37,1512,15,great_pyrenees,dog,15,great_pyrenees,0.7952,True
great_pyrenees_38,1513,15,great_pyrenees,dog,15,great_pyrenees,0.3841,True
great_pyrenees_39,1514,15,great_pyrenees,dog,15,great_pyrenees,0.9711,True
great_pyrenees_3,1515,15,great_pyrenees,dog,15,great_pyrenees,0.9244,True
great_pyrenees_40,1516,15,great_pyrenees,dog,13,english_setter,0.6383,False
great_pyrenees_41,1517,15,great_pyrenees,dog,15,great_pyrenees,0.9859,True
great_pyrenees_42,1518,15,great_pyrenees,dog,29,samoyed,0.6062,False
great_pyrenees_43,1519,15,great_pyrenees,dog,35,wheaten_terrier,0.6294,False
great_pyrenees_44,1520,15,great_pyrenees,dog,15,great_pyrenees,0.9147,True
great_pyrenees_45,1521,15,great_pyrenees,dog,15,great_pyrenees,0.9922,True
great_pyrenees_46,1522,15,great_pyrenees,dog,15,great_pyrenees,0.9545,True
great_pyrenees_47,1523,15,great_pyrenees,dog,15,great_pyrenees,0.6991,True
great_pyrenees_48,1524,15,great_pyrenees,dog,15,great_pyrenees,0.9958,True
great_pyrenees_49,1525,15,great_pyrenees,dog,15,great_pyrenees,0.9747,True
great_pyrenees_4,1526,15,great_pyrenees,dog,15,great_pyrenees,0.8585,True
great_pyrenees_50,1527,15,great_pyrenees,dog,15,great_pyrenees,0.8652,True
great_pyrenees_51,1528,15,great_pyrenees,dog,15,great_pyrenees,0.9887,True
great_pyrenees_52,1529,15,great_pyrenees,dog,15,great_pyrenees,0.9521,True
great_pyrenees_53,1530,15,great_pyrenees,dog,15,great_pyrenees,0.9888,True
great_pyrenees_54,1531,15,great_pyrenees,dog,15,great_pyrenees,0.8919,True
great_pyrenees_55,1532,15,great_pyrenees,dog,15,great_pyrenees,0.9905,True
great_pyrenees_56,1533,15,great_pyrenees,dog,15,great_pyrenees,0.9899,True
great_pyrenees_57,1534,15,great_pyrenees,dog,15,great_pyrenees,0.9529,True
great_pyrenees_58,1535,15,great_pyrenees,dog,29,samoyed,0.5068,False
great_pyrenees_59,1536,15,great_pyrenees,dog,15,great_pyrenees,0.975,True
great_pyrenees_5,1537,15,great_pyrenees,dog,29,samoyed,0.727,False
great_pyrenees_60,1538,15,great_pyrenees,dog,15,great_pyrenees,0.7412,True
great_pyrenees_61,1539,15,great_pyrenees,dog,15,great_pyrenees,0.9466,True
great_pyrenees_62,1540,15,great_pyrenees,dog,15,great_pyrenees,0.9901,True
great_pyrenees_63,1541,15,great_pyrenees,dog,15,great_pyrenees,0.8996,True
great_pyrenees_64,1542,15,great_pyrenees,dog,15,great_pyrenees,0.9905,True
great_pyrenees_65,1543,15,great_pyrenees,dog,15,great_pyrenees,0.9891,True
great_pyrenees_66,1544,15,great_pyrenees,dog,15,great_pyrenees,0.9969,True
great_pyrenees_67,1545,15,great_pyrenees,dog,15,great_pyrenees,0.9879,True
great_pyrenees_68,1546,15,great_pyrenees,dog,15,great_pyrenees,0.9833,True
great_pyrenees_69,1547,15,great_pyrenees,dog,15,great_pyrenees,0.9818,True
great_pyrenees_6,1548,15,great_pyrenees,dog,15,great_pyrenees,0.988,True
great_pyrenees_70,1549,15,great_pyrenees,dog,15,great_pyrenees,0.9641,True
great_pyrenees_71,1550,15,great_pyrenees,dog,15,great_pyrenees,0.9167,True
great_pyrenees_72,1551,15,great_pyrenees,dog,15,great_pyrenees,0.9864,True
great_pyrenees_73,1552,15,great_pyrenees,dog,15,great_pyrenees,0.8181,True
great_pyrenees_74,1553,15,great_pyrenees,dog,15,great_pyrenees,0.9833,True
great_pyrenees_75,1554,15,great_pyrenees,dog,15,great_pyrenees,0.9519,True
great_pyrenees_76,1555,15,great_pyrenees,dog,15,great_pyrenees,0.9955,True
great_pyrenees_77,1556,15,great_pyrenees,dog,15,great_pyrenees,0.973,True
great_pyrenees_78,1557,15,great_pyrenees,dog,15,great_pyrenees,0.9861,True
great_pyrenees_79,1558,15,great_pyrenees,dog,15,great_pyrenees,0.7364,True
great_pyrenees_7,1559,15,great_pyrenees,dog,15,great_pyrenees,0.9569,True
great_pyrenees_80,1560,15,great_pyrenees,dog,15,great_pyrenees,0.991,True
great_pyrenees_81,1561,15,great_pyrenees,dog,15,great_pyrenees,0.9611,True
great_pyrenees_82,1562,15,great_pyrenees,dog,15,great_pyrenees,0.986,True
great_pyrenees_83,1563,15,great_pyrenees,dog,29,samoyed,0.554,False
great_pyrenees_84,1564,15,great_pyrenees,dog,15,great_pyrenees,0.9958,True
great_pyrenees_85,1565,15,great_pyrenees,dog,15,great_pyrenees,0.8113,True
great_pyrenees_86,1566,15,great_pyrenees,dog,15,great_pyrenees,0.9886,True
great_pyrenees_87,1567,15,great_pyrenees,dog,15,great_pyrenees,0.9864,True
great_pyrenees_88,1568,15,great_pyrenees,dog,29,samoyed,0.5915,False
great_pyrenees_89,1569,15,great_pyrenees,dog,15,great_pyrenees,0.9639,True
great_pyrenees_8,1570,15,great_pyrenees,dog,15,great_pyrenees,0.998,True
great_pyrenees_90,1571,15,great_pyrenees,dog,15,great_pyrenees,0.9924,True
great_pyrenees_91,1572,15,great_pyrenees,dog,29,samoyed,0.6084,False
great_pyrenees_92,1573,15,great_pyrenees,dog,15,great_pyrenees,0.9713,True
great_pyrenees_93,1574,15,great_pyrenees,dog,15,great_pyrenees,0.9706,True
great_pyrenees_94,1575,15,great_pyrenees,dog,15,great_pyrenees,0.9886,True
great_pyrenees_95,1576,15,great_pyrenees,dog,15,great_pyrenees,0.8562,True
great_pyrenees_96,1577,15,great_pyrenees,dog,15,great_pyrenees,0.8669,True
great_pyrenees_97,1578,15,great_pyrenees,dog,15,great_pyrenees,0.9882,True
great_pyrenees_98,1579,15,great_pyrenees,dog,15,great_pyrenees,0.6193,True
great_pyrenees_99,1580,15,great_pyrenees,dog,15,great_pyrenees,0.9917,True
great_pyrenees_9,1581,15,great_pyrenees,dog,15,great_pyrenees,0.9803,True
havanese_191,1582,16,havanese,dog,12,english_cocker_spaniel,0.3735,False
havanese_192,1583,16,havanese,dog,16,havanese,0.998,True
havanese_193,1584,16,havanese,dog,16,havanese,0.9938,True
havanese_194,1585,16,havanese,dog,16,havanese,0.9963,True
havanese_195,1586,16,havanese,dog,16,havanese,0.7983,True
havanese_196,1587,16,havanese,dog,16,havanese,0.9979,True
havanese_197,1588,16,havanese,dog,16,havanese,0.9142,True
havanese_198,1589,16,havanese,dog,16,havanese,0.9956,True
havanese_199,1590,16,havanese,dog,12,english_cocker_spaniel,0.7149,False
havanese_19,1591,16,havanese,dog,16,havanese,0.9916,True
havanese_1,1592,16,havanese,dog,16,havanese,0.9914,True
havanese_200,1593,16,havanese,dog,16,havanese,0.9644,True
havanese_20,1594,16,havanese,dog,16,havanese,0.9786,True
havanese_21,1595,16,havanese,dog,16,havanese,0.6959,True
havanese_22,1596,16,havanese,dog,16,havanese,0.6706,True
havanese_23,1597,16,havanese,dog,16,havanese,0.947,True
havanese_24,1598,16,havanese,dog,16,havanese,0.5442,True
havanese_25,1599,16,havanese,dog,16,havanese,0.9925,True
havanese_26,1600,16,havanese,dog,16,havanese,0.9938,True
havanese_27,1601,16,havanese,dog,16,havanese,0.998,True
havanese_28,1602,16,havanese,dog,16,havanese,0.9392,True
havanese_29,1603,16,havanese,dog,16,havanese,0.7453,True
havanese_2,1604,16,havanese,dog,35,wheaten_terrier,0.5463,False
havanese_30,1605,16,havanese,dog,16,havanese,0.977,True
havanese_31,1606,16,havanese,dog,16,havanese,0.9954,True
havanese_32,1607,16,havanese,dog,16,havanese,0.9841,True
havanese_33,1608,16,havanese,dog,16,havanese,0.9204,True
havanese_34,1609,16,havanese,dog,16,havanese,0.9926,True
havanese_35,1610,16,havanese,dog,16,havanese,0.9919,True
havanese_36,1611,16,havanese,dog,16,havanese,0.9936,True
havanese_37,1612,16,havanese,dog,16,havanese,0.9637,True
havanese_38,1613,16,havanese,dog,16,havanese,0.9907,True
havanese_39,1614,16,havanese,dog,16,havanese,0.9831,True
havanese_3,1615,16,havanese,dog,16,havanese,0.9971,True
havanese_40,1616,16,havanese,dog,16,havanese,0.981,True
havanese_41,1617,16,havanese,dog,16,havanese,0.932,True
havanese_42,1618,16,havanese,dog,16,havanese,0.9819,True
havanese_43,1619,16,havanese,dog,16,havanese,0.9546,True
havanese_44,1620,16,havanese,dog,16,havanese,0.997,True
havanese_45,1621,16,havanese,dog,16,havanese,0.9678,True
havanese_46,1622,16,havanese,dog,16,havanese,0.9208,True
havanese_47,1623,16,havanese,dog,16,havanese,0.9916,True
havanese_48,1624,16,havanese,dog,16,havanese,0.9359,True
havanese_49,1625,16,havanese,dog,16,havanese,0.9685,True
havanese_4,1626,16,havanese,dog,16,havanese,0.9048,True
havanese_50,1627,16,havanese,dog,16,havanese,0.9755,True
havanese_51,1628,16,havanese,dog,16,havanese,0.9846,True
havanese_52,1629,16,havanese,dog,16,havanese,0.6433,True
havanese_53,1630,16,havanese,dog,16,havanese,0.9872,True
havanese_54,1631,16,havanese,dog,16,havanese,0.9911,True
havanese_55,1632,16,havanese,dog,16,havanese,0.9843,True
havanese_56,1633,16,havanese,dog,16,havanese,0.9915,True
havanese_57,1634,16,havanese,dog,16,havanese,0.8821,True
havanese_58,1635,16,havanese,dog,16,havanese,0.952,True
havanese_59,1636,16,havanese,dog,16,havanese,0.9935,True
havanese_5,1637,16,havanese,dog,16,havanese,0.9957,True
havanese_60,1638,16,havanese,dog,16,havanese,0.5893,True
havanese_61,1639,16,havanese,dog,16,havanese,0.9926,True
havanese_62,1640,16,havanese,dog,16,havanese,0.9981,True
havanese_63,1641,16,havanese,dog,16,havanese,0.9774,True
havanese_64,1642,16,havanese,dog,16,havanese,0.9676,True
havanese_65,1643,16,havanese,dog,16,havanese,0.9953,True
havanese_66,1644,16,havanese,dog,16,havanese,0.9967,True
havanese_67,1645,16,havanese,dog,16,havanese,0.986,True
havanese_68,1646,16,havanese,dog,16,havanese,0.9905,True
havanese_69,1647,16,havanese,dog,35,wheaten_terrier,0.5113,False
havanese_6,1648,16,havanese,dog,16,havanese,0.989,True
havanese_70,1649,16,havanese,dog,16,havanese,0.9779,True
havanese_71,1650,16,havanese,dog,16,havanese,0.7979,True
havanese_72,1651,16,havanese,dog,16,havanese,0.9792,True
havanese_73,1652,16,havanese,dog,16,havanese,0.9931,True
havanese_74,1653,16,havanese,dog,16,havanese,0.9876,True
havanese_75,1654,16,havanese,dog,16,havanese,0.8244,True
havanese_76,1655,16,havanese,dog,16,havanese,0.9649,True
havanese_77,1656,16,havanese,dog,16,havanese,0.9717,True
havanese_78,1657,16,havanese,dog,16,havanese,0.9973,True
havanese_79,1658,16,havanese,dog,16,havanese,0.9924,True
havanese_7,1659,16,havanese,dog,16,havanese,0.9893,True
havanese_80,1660,16,havanese,dog,16,havanese,0.9327,True
havanese_81,1661,16,havanese,dog,16,havanese,0.9115,True
havanese_82,1662,16,havanese,dog,16,havanese,0.9933,True
havanese_83,1663,16,havanese,dog,16,havanese,0.9727,True
havanese_84,1664,16,havanese,dog,16,havanese,0.9746,True
havanese_85,1665,16,havanese,dog,16,havanese,0.9943,True
havanese_86,1666,16,havanese,dog,16,havanese,0.9844,True
havanese_87,1667,16,havanese,dog,16,havanese,0.8272,True
havanese_88,1668,16,havanese,dog,16,havanese,0.9918,True
havanese_89,1669,16,havanese,dog,16,havanese,0.9943,True
havanese_8,1670,16,havanese,dog,16,havanese,0.9819,True
havanese_90,1671,16,havanese,dog,16,havanese,0.9572,True
havanese_91,1672,16,havanese,dog,16,havanese,0.9907,True
havanese_92,1673,16,havanese,dog,16,havanese,0.9878,True
havanese_93,1674,16,havanese,dog,16,havanese,0.9515,True
havanese_94,1675,16,havanese,dog,16,havanese,0.9455,True
havanese_95,1676,16,havanese,dog,16,havanese,0.9973,True
havanese_96,1677,16,havanese,dog,16,havanese,0.9971,True
havanese_97,1678,16,havanese,dog,16,havanese,0.995,True
havanese_98,1679,16,havanese,dog,16,havanese,0.9978,True
havanese_99,1680,16,havanese,dog,16,havanese,0.9973,True
havanese_9,1681,16,havanese,dog,16,havanese,0.9856,True
japanese_chin_191,1682,17,japanese_chin,dog,17,japanese_chin,0.9993,True
japanese_chin_192,1683,17,japanese_chin,dog,17,japanese_chin,0.9952,True
japanese_chin_193,1684,17,japanese_chin,dog,17,japanese_chin,0.9616,True
japanese_chin_194,1685,17,japanese_chin,dog,17,japanese_chin,0.9782,True
japanese_chin_195,1686,17,japanese_chin,dog,17,japanese_chin,0.9994,True
japanese_chin_196,1687,17,japanese_chin,dog,17,japanese_chin,0.967,True
japanese_chin_197,1688,17,japanese_chin,dog,17,japanese_chin,0.9998,True
japanese_chin_198,1689,17,japanese_chin,dog,17,japanese_chin,0.9974,True
japanese_chin_199,1690,17,japanese_chin,dog,17,japanese_chin,0.9988,True
japanese_chin_19,1691,17,japanese_chin,dog,17,japanese_chin,0.9994,True
japanese_chin_1,1692,17,japanese_chin,dog,17,japanese_chin,0.9993,True
japanese_chin_200,1693,17,japanese_chin,dog,17,japanese_chin,0.9976,True
japanese_chin_20,1694,17,japanese_chin,dog,17,japanese_chin,0.9955,True
japanese_chin_21,1695,17,japanese_chin,dog,17,japanese_chin,0.9998,True
japanese_chin_22,1696,17,japanese_chin,dog,17,japanese_chin,0.9992,True
japanese_chin_23,1697,17,japanese_chin,dog,17,japanese_chin,0.9912,True
japanese_chin_24,1698,17,japanese_chin,dog,17,japanese_chin,0.9994,True
japanese_chin_25,1699,17,japanese_chin,dog,17,japanese_chin,0.9757,True
japanese_chin_26,1700,17,japanese_chin,dog,17,japanese_chin,0.9986,True
japanese_chin_27,1701,17,japanese_chin,dog,17,japanese_chin,0.999,True
japanese_chin_28,1702,17,japanese_chin,dog,17,japanese_chin,0.9969,True
japanese_chin_29,1703,17,japanese_chin,dog,17,japanese_chin,0.9988,True
japanese_chin_2,1704,17,japanese_chin,dog,17,japanese_chin,0.9989,True
japanese_chin_30,1705,17,japanese_chin,dog,17,japanese_chin,0.9996,True
japanese_chin_31,1706,17,japanese_chin,dog,17,japanese_chin,0.9991,True
japanese_chin_32,1707,17,japanese_chin,dog,17,japanese_chin,0.9975,True
japanese_chin_33,1708,17,japanese_chin,dog,17,japanese_chin,0.7948,True
japanese_chin_34,1709,17,japanese_chin,dog,17,japanese_chin,0.9845,True
japanese_chin_35,1710,17,japanese_chin,dog,17,japanese_chin,0.9851,True
japanese_chin_36,1711,17,japanese_chin,dog,17,japanese_chin,0.9929,True
japanese_chin_37,1712,17,japanese_chin,dog,17,japanese_chin,0.9961,True
japanese_chin_38,1713,17,japanese_chin,dog,17,japanese_chin,0.9923,True
japanese_chin_39,1714,17,japanese_chin,dog,17,japanese_chin,0.9894,True
japanese_chin_3,1715,17,japanese_chin,dog,17,japanese_chin,0.9989,True
japanese_chin_40,1716,17,japanese_chin,dog,17,japanese_chin,0.9796,True
japanese_chin_41,1717,17,japanese_chin,dog,17,japanese_chin,0.9997,True
japanese_chin_42,1718,17,japanese_chin,dog,17,japanese_chin,0.9999,True
japanese_chin_43,1719,17,japanese_chin,dog,17,japanese_chin,0.998,True
japanese_chin_44,1720,17,japanese_chin,dog,17,japanese_chin,0.9668,True
japanese_chin_45,1721,17,japanese_chin,dog,17,japanese_chin,0.9925,True
japanese_chin_46,1722,17,japanese_chin,dog,17,japanese_chin,0.9974,True
japanese_chin_47,1723,17,japanese_chin,dog,17,japanese_chin,0.9978,True
japanese_chin_48,1724,17,japanese_chin,dog,17,japanese_chin,0.9942,True
japanese_chin_49,1725,17,japanese_chin,dog,17,japanese_chin,0.9985,True
japanese_chin_4,1726,17,japanese_chin,dog,17,japanese_chin,0.9977,True
japanese_chin_50,1727,17,japanese_chin,dog,17,japanese_chin,0.9958,True
japanese_chin_51,1728,17,japanese_chin,dog,17,japanese_chin,0.9992,True
japanese_chin_52,1729,17,japanese_chin,dog,17,japanese_chin,0.999,True
japanese_chin_53,1730,17,japanese_chin,dog,17,japanese_chin,0.9968,True
japanese_chin_54,1731,17,japanese_chin,dog,17,japanese_chin,0.9788,True
japanese_chin_55,1732,17,japanese_chin,dog,17,japanese_chin,0.9958,True
japanese_chin_56,1733,17,japanese_chin,dog,17,japanese_chin,0.9977,True
japanese_chin_57,1734,17,japanese_chin,dog,17,japanese_chin,0.9948,True
japanese_chin_58,1735,17,japanese_chin,dog,17,japanese_chin,0.9986,True
japanese_chin_59,1736,17,japanese_chin,dog,17,japanese_chin,0.9877,True
japanese_chin_5,1737,17,japanese_chin,dog,17,japanese_chin,0.9968,True
japanese_chin_60,1738,17,japanese_chin,dog,17,japanese_chin,0.9971,True
japanese_chin_61,1739,17,japanese_chin,dog,17,japanese_chin,0.9976,True
japanese_chin_62,1740,17,japanese_chin,dog,17,japanese_chin,0.9992,True
japanese_chin_63,1741,17,japanese_chin,dog,17,japanese_chin,0.9993,True
japanese_chin_64,1742,17,japanese_chin,dog,17,japanese_chin,0.9999,True
japanese_chin_65,1743,17,japanese_chin,dog,17,japanese_chin,0.9982,True
japanese_chin_66,1744,17,japanese_chin,dog,17,japanese_chin,0.9996,True
japanese_chin_67,1745,17,japanese_chin,dog,17,japanese_chin,0.9937,True
japanese_chin_68,1746,17,japanese_chin,dog,17,japanese_chin,0.9992,True
japanese_chin_69,1747,17,japanese_chin,dog,17,japanese_chin,0.9979,True
japanese_chin_6,1748,17,japanese_chin,dog,17,japanese_chin,0.988,True
japanese_chin_70,1749,17,japanese_chin,dog,17,japanese_chin,0.999,True
japanese_chin_71,1750,17,japanese_chin,dog,17,japanese_chin,0.9994,True
japanese_chin_72,1751,17,japanese_chin,dog,17,japanese_chin,0.999,True
japanese_chin_73,1752,17,japanese_chin,dog,17,japanese_chin,0.9918,True
japanese_chin_74,1753,17,japanese_chin,dog,17,japanese_chin,0.9985,True
japanese_chin_75,1754,17,japanese_chin,dog,17,japanese_chin,0.9982,True
japanese_chin_76,1755,17,japanese_chin,dog,17,japanese_chin,0.9963,True
japanese_chin_77,1756,17,japanese_chin,dog,17,japanese_chin,0.9978,True
japanese_chin_78,1757,17,japanese_chin,dog,17,japanese_chin,0.9928,True
japanese_chin_79,1758,17,japanese_chin,dog,17,japanese_chin,0.9786,True
japanese_chin_7,1759,17,japanese_chin,dog,17,japanese_chin,0.9989,True
japanese_chin_80,1760,17,japanese_chin,dog,17,japanese_chin,0.9676,True
japanese_chin_81,1761,17,japanese_chin,dog,17,japanese_chin,0.9995,True
japanese_chin_82,1762,17,japanese_chin,dog,17,japanese_chin,0.9933,True
japanese_chin_83,1763,17,japanese_chin,dog,17,japanese_chin,0.9851,True
japanese_chin_84,1764,17,japanese_chin,dog,17,japanese_chin,0.9987,True
japanese_chin_85,1765,17,japanese_chin,dog,17,japanese_chin,0.9942,True
japanese_chin_86,1766,17,japanese_chin,dog,17,japanese_chin,0.9986,True
japanese_chin_87,1767,17,japanese_chin,dog,17,japanese_chin,0.9929,True
japanese_chin_88,1768,17,japanese_chin,dog,17,japanese_chin,0.9512,True
japanese_chin_89,1769,17,japanese_chin,dog,17,japanese_chin,0.9262,True
japanese_chin_8,1770,17,japanese_chin,dog,17,japanese_chin,0.9929,True
japanese_chin_90,1771,17,japanese_chin,dog,17,japanese_chin,0.999,True
japanese_chin_91,1772,17,japanese_chin,dog,17,japanese_chin,0.9998,True
japanese_chin_92,1773,17,japanese_chin,dog,17,japanese_chin,0.9596,True
japanese_chin_93,1774,17,japanese_chin,dog,17,japanese_chin,0.9554,True
japanese_chin_94,1775,17,japanese_chin,dog,17,japanese_chin,0.9975,True
japanese_chin_95,1776,17,japanese_chin,dog,17,japanese_chin,0.9992,True
japanese_chin_96,1777,17,japanese_chin,dog,17,japanese_chin,0.9984,True
japanese_chin_97,1778,17,japanese_chin,dog,17,japanese_chin,0.9932,True
japanese_chin_98,1779,17,japanese_chin,dog,17,japanese_chin,0.9507,True
japanese_chin_99,1780,17,japanese_chin,dog,17,japanese_chin,0.9714,True
japanese_chin_9,1781,17,japanese_chin,dog,17,japanese_chin,0.9999,True
keeshond_191,1782,18,keeshond,dog,18,keeshond,0.9997,True
keeshond_192,1783,18,keeshond,dog,18,keeshond,0.9995,True
keeshond_193,1784,18,keeshond,dog,18,keeshond,0.9995,True
keeshond_194,1785,18,keeshond,dog,18,keeshond,0.9953,True
keeshond_195,1786,18,keeshond,dog,18,keeshond,0.9534,True
keeshond_196,1787,18,keeshond,dog,18,keeshond,0.9992,True
keeshond_197,1788,18,keeshond,dog,18,keeshond,0.9935,True
keeshond_198,1789,18,keeshond,dog,18,keeshond,0.9989,True
keeshond_199,1790,18,keeshond,dog,18,keeshond,0.9994,True
keeshond_19,1791,18,keeshond,dog,18,keeshond,0.9991,True
keeshond_1,1792,18,keeshond,dog,18,keeshond,0.9968,True
keeshond_200,1793,18,keeshond,dog,18,keeshond,0.9986,True
keeshond_20,1794,18,keeshond,dog,18,keeshond,0.9991,True
keeshond_21,1795,18,keeshond,dog,18,keeshond,0.9989,True
keeshond_22,1796,18,keeshond,dog,18,keeshond,0.9992,True
keeshond_23,1797,18,keeshond,dog,18,keeshond,0.9994,True
keeshond_24,1798,18,keeshond,dog,18,keeshond,0.997,True
keeshond_25,1799,18,keeshond,dog,18,keeshond,0.9994,True
keeshond_26,1800,18,keeshond,dog,18,keeshond,0.9567,True
keeshond_27,1801,18,keeshond,dog,18,keeshond,0.9996,True
keeshond_28,1802,18,keeshond,dog,18,keeshond,0.9995,True
keeshond_29,1803,18,keeshond,dog,18,keeshond,0.9987,True
keeshond_2,1804,18,keeshond,dog,18,keeshond,0.9953,True
keeshond_30,1805,18,keeshond,dog,18,keeshond,0.9981,True
keeshond_31,1806,18,keeshond,dog,18,keeshond,0.9833,True
keeshond_32,1807,18,keeshond,dog,18,keeshond,0.9757,True
keeshond_33,1808,18,keeshond,dog,18,keeshond,0.9935,True
keeshond_34,1809,18,keeshond,dog,18,keeshond,0.9993,True
keeshond_35,1810,18,keeshond,dog,18,keeshond,0.9986,True
keeshond_36,1811,18,keeshond,dog,18,keeshond,0.9971,True
keeshond_37,1812,18,keeshond,dog,18,keeshond,0.9987,True
keeshond_38,1813,18,keeshond,dog,18,keeshond,0.9958,True
keeshond_39,1814,18,keeshond,dog,18,keeshond,0.9991,True
keeshond_3,1815,18,keeshond,dog,18,keeshond,0.9996,True
keeshond_40,1816,18,keeshond,dog,18,keeshond,0.9918,True
keeshond_41,1817,18,keeshond,dog,18,keeshond,0.9898,True
keeshond_42,1818,18,keeshond,dog,18,keeshond,0.9947,True
keeshond_43,1819,18,keeshond,dog,18,keeshond,0.9949,True
keeshond_44,1820,18,keeshond,dog,18,keeshond,0.9867,True
keeshond_45,1821,18,keeshond,dog,18,keeshond,0.9989,True
keeshond_46,1822,18,keeshond,dog,18,keeshond,0.9995,True
keeshond_47,1823,18,keeshond,dog,18,keeshond,0.9998,True
keeshond_48,1824,18,keeshond,dog,18,keeshond,0.9993,True
keeshond_49,1825,18,keeshond,dog,18,keeshond,0.9983,True
keeshond_4,1826,18,keeshond,dog,18,keeshond,0.9998,True
keeshond_50,1827,18,keeshond,dog,18,keeshond,0.9097,True
keeshond_51,1828,18,keeshond,dog,18,keeshond,0.9997,True
keeshond_52,1829,18,keeshond,dog,18,keeshond,0.9991,True
keeshond_53,1830,18,keeshond,dog,18,keeshond,0.9984,True
keeshond_54,1831,18,keeshond,dog,18,keeshond,0.9927,True
keeshond_55,1832,18,keeshond,dog,18,keeshond,0.9956,True
keeshond_56,1833,18,keeshond,dog,18,keeshond,0.9994,True
keeshond_57,1834,18,keeshond,dog,18,keeshond,0.9971,True
keeshond_58,1835,18,keeshond,dog,18,keeshond,0.9986,True
keeshond_5,1836,18,keeshond,dog,18,keeshond,0.9991,True
keeshond_60,1837,18,keeshond,dog,18,keeshond,0.9986,True
keeshond_61,1838,18,keeshond,dog,18,keeshond,0.999,True
keeshond_62,1839,18,keeshond,dog,18,keeshond,0.9987,True
keeshond_63,1840,18,keeshond,dog,18,keeshond,0.9946,True
keeshond_64,1841,18,keeshond,dog,18,keeshond,0.9986,True
keeshond_65,1842,18,keeshond,dog,18,keeshond,0.9997,True
keeshond_66,1843,18,keeshond,dog,18,keeshond,0.9997,True
keeshond_67,1844,18,keeshond,dog,18,keeshond,0.9994,True
keeshond_68,1845,18,keeshond,dog,18,keeshond,0.9997,True
keeshond_69,1846,18,keeshond,dog,18,keeshond,0.9966,True
keeshond_6,1847,18,keeshond,dog,18,keeshond,0.9982,True
keeshond_70,1848,18,keeshond,dog,18,keeshond,0.9986,True
keeshond_71,1849,18,keeshond,dog,18,keeshond,0.9996,True
keeshond_72,1850,18,keeshond,dog,18,keeshond,0.9999,True
keeshond_73,1851,18,keeshond,dog,18,keeshond,0.9983,True
keeshond_74,1852,18,keeshond,dog,18,keeshond,0.8435,True
keeshond_75,1853,18,keeshond,dog,18,keeshond,0.9718,True
keeshond_76,1854,18,keeshond,dog,18,keeshond,0.998,True
keeshond_77,1855,18,keeshond,dog,18,keeshond,0.9914,True
keeshond_78,1856,18,keeshond,dog,18,keeshond,0.9828,True
keeshond_79,1857,18,keeshond,dog,18,keeshond,0.9995,True
keeshond_7,1858,18,keeshond,dog,18,keeshond,0.9987,True
keeshond_80,1859,18,keeshond,dog,18,keeshond,0.9987,True
keeshond_81,1860,18,keeshond,dog,18,keeshond,0.9983,True
keeshond_82,1861,18,keeshond,dog,18,keeshond,0.9997,True
keeshond_83,1862,18,keeshond,dog,18,keeshond,0.9991,True
keeshond_84,1863,18,keeshond,dog,18,keeshond,0.9984,True
keeshond_85,1864,18,keeshond,dog,18,keeshond,0.9991,True
keeshond_86,1865,18,keeshond,dog,18,keeshond,0.997,True
keeshond_87,1866,18,keeshond,dog,18,keeshond,0.9988,True
keeshond_88,1867,18,keeshond,dog,18,keeshond,0.9974,True
keeshond_89,1868,18,keeshond,dog,18,keeshond,0.9978,True
keeshond_8,1869,18,keeshond,dog,18,keeshond,0.9982,True
keeshond_90,1870,18,keeshond,dog,18,keeshond,0.9989,True
keeshond_91,1871,18,keeshond,dog,18,keeshond,0.9998,True
keeshond_92,1872,18,keeshond,dog,18,keeshond,0.999,True
keeshond_93,1873,18,keeshond,dog,18,keeshond,0.9998,True
keeshond_94,1874,18,keeshond,dog,18,keeshond,0.9998,True
keeshond_95,1875,18,keeshond,dog,18,keeshond,0.9969,True
keeshond_96,1876,18,keeshond,dog,18,keeshond,0.999,True
keeshond_97,1877,18,keeshond,dog,18,keeshond,0.9999,True
keeshond_98,1878,18,keeshond,dog,18,keeshond,0.999,True
keeshond_99,1879,18,keeshond,dog,18,keeshond,0.998,True
keeshond_9,1880,18,keeshond,dog,18,keeshond,0.9939,True
leonberger_191,1881,19,leonberger,dog,18,keeshond,0.9527,False
leonberger_192,1882,19,leonberger,dog,18,keeshond,0.9002,False
leonberger_193,1883,19,leonberger,dog,18,keeshond,0.5228,False
leonberger_194,1884,19,leonberger,dog,19,leonberger,0.9918,True
leonberger_195,1885,19,leonberger,dog,19,leonberger,0.6242,True
leonberger_196,1886,19,leonberger,dog,19,leonberger,0.9923,True
leonberger_197,1887,19,leonberger,dog,19,leonberger,0.991,True
leonberger_198,1888,19,leonberger,dog,19,leonberger,0.9895,True
leonberger_199,1889,19,leonberger,dog,19,leonberger,0.9955,True
leonberger_19,1890,19,leonberger,dog,19,leonberger,0.9892,True
leonberger_1,1891,19,leonberger,dog,19,leonberger,0.9931,True
leonberger_200,1892,19,leonberger,dog,19,leonberger,0.9667,True
leonberger_20,1893,19,leonberger,dog,19,leonberger,0.8504,True
leonberger_21,1894,19,leonberger,dog,19,leonberger,0.8516,True
leonberger_22,1895,19,leonberger,dog,19,leonberger,0.9962,True
leonberger_23,1896,19,leonberger,dog,19,leonberger,0.9774,True
leonberger_24,1897,19,leonberger,dog,19,leonberger,0.9695,True
leonberger_25,1898,19,leonberger,dog,19,leonberger,0.9875,True
leonberger_26,1899,19,leonberger,dog,19,leonberger,0.8215,True
leonberger_27,1900,19,leonberger,dog,19,leonberger,0.9828,True
leonberger_28,1901,19,leonberger,dog,19,leonberger,0.9865,True
leonberger_29,1902,19,leonberger,dog,19,leonberger,0.9984,True
leonberger_2,1903,19,leonberger,dog,19,leonberger,0.9951,True
leonberger_30,1904,19,leonberger,dog,19,leonberger,0.1997,True
leonberger_31,1905,19,leonberger,dog,19,leonberger,0.9704,True
leonberger_32,1906,19,leonberger,dog,19,leonberger,0.8921,True
leonberger_33,1907,19,leonberger,dog,19,leonberger,0.9959,True
leonberger_34,1908,19,leonberger,dog,19,leonberger,0.8706,True
leonberger_35,1909,19,leonberger,dog,19,leonberger,0.9954,True
leonberger_36,1910,19,leonberger,dog,19,leonberger,0.9956,True
leonberger_37,1911,19,leonberger,dog,19,leonberger,0.9709,True
leonberger_38,1912,19,leonberger,dog,19,leonberger,0.9925,True
leonberger_39,1913,19,leonberger,dog,19,leonberger,0.9933,True
leonberger_3,1914,19,leonberger,dog,19,leonberger,0.9929,True
leonberger_40,1915,19,leonberger,dog,19,leonberger,0.9966,True
leonberger_41,1916,19,leonberger,dog,19,leonberger,0.9846,True
leonberger_42,1917,19,leonberger,dog,19,leonberger,0.9489,True
leonberger_43,1918,19,leonberger,dog,19,leonberger,0.9982,True
leonberger_44,1919,19,leonberger,dog,19,leonberger,0.9906,True
leonberger_45,1920,19,leonberger,dog,19,leonberger,0.9919,True
leonberger_46,1921,19,leonberger,dog,19,leonberger,0.9884,True
leonberger_47,1922,19,leonberger,dog,19,leonberger,0.9915,True
leonberger_48,1923,19,leonberger,dog,19,leonberger,0.9788,True
leonberger_49,1924,19,leonberger,dog,19,leonberger,0.9858,True
leonberger_4,1925,19,leonberger,dog,19,leonberger,0.5963,True
leonberger_50,1926,19,leonberger,dog,19,leonberger,0.9765,True
leonberger_51,1927,19,leonberger,dog,22,newfoundland,0.8373,False
leonberger_52,1928,19,leonberger,dog,19,leonberger,0.9844,True
leonberger_53,1929,19,leonberger,dog,19,leonberger,0.984,True
leonberger_54,1930,19,leonberger,dog,19,leonberger,0.9647,True
leonberger_55,1931,19,leonberger,dog,19,leonberger,0.9809,True
leonberger_56,1932,19,leonberger,dog,19,leonberger,0.9948,True
leonberger_57,1933,19,leonberger,dog,19,leonberger,0.9919,True
leonberger_58,1934,19,leonberger,dog,19,leonberger,0.9695,True
leonberger_59,1935,19,leonberger,dog,19,leonberger,0.9639,True
leonberger_5,1936,19,leonberger,dog,19,leonberger,0.9945,True
leonberger_60,1937,19,leonberger,dog,19,leonberger,0.9955,True
leonberger_61,1938,19,leonberger,dog,19,leonberger,0.8279,True
leonberger_62,1939,19,leonberger,dog,19,leonberger,0.9924,True
leonberger_63,1940,19,leonberger,dog,19,leonberger,0.9941,True
leonberger_64,1941,19,leonberger,dog,19,leonberger,0.9972,True
leonberger_65,1942,19,leonberger,dog,19,leonberger,0.9953,True
leonberger_66,1943,19,leonberger,dog,19,leonberger,0.9968,True
leonberger_67,1944,19,leonberger,dog,19,leonberger,0.9929,True
leonberger_68,1945,19,leonberger,dog,19,leonberger,0.9868,True
leonberger_69,1946,19,leonberger,dog,19,leonberger,0.6654,True
leonberger_6,1947,19,leonberger,dog,19,leonberger,0.9928,True
leonberger_70,1948,19,leonberger,dog,22,newfoundland,0.6074,False
leonberger_71,1949,19,leonberger,dog,19,leonberger,0.9965,True
leonberger_72,1950,19,leonberger,dog,19,leonberger,0.9944,True
leonberger_73,1951,19,leonberger,dog,19,leonberger,0.9826,True
leonberger_74,1952,19,leonberger,dog,19,leonberger,0.9965,True
leonberger_75,1953,19,leonberger,dog,19,leonberger,0.9902,True
leonberger_76,1954,19,leonberger,dog,19,leonberger,0.929,True
leonberger_77,1955,19,leonberger,dog,19,leonberger,0.994,True
leonberger_78,1956,19,leonberger,dog,19,leonberger,0.9596,True
leonberger_79,1957,19,leonberger,dog,19,leonberger,0.8948,True
leonberger_7,1958,19,leonberger,dog,19,leonberger,0.8609,True
leonberger_80,1959,19,leonberger,dog,19,leonberger,0.9652,True
leonberger_81,1960,19,leonberger,dog,19,leonberger,0.9727,True
leonberger_82,1961,19,leonberger,dog,19,leonberger,0.9186,True
leonberger_83,1962,19,leonberger,dog,19,leonberger,0.9973,True
leonberger_84,1963,19,leonberger,dog,19,leonberger,0.9773,True
leonberger_85,1964,19,leonberger,dog,19,leonberger,0.9522,True
leonberger_86,1965,19,leonberger,dog,19,leonberger,0.9874,True
leonberger_87,1966,19,leonberger,dog,19,leonberger,0.9904,True
leonberger_88,1967,19,leonberger,dog,19,leonberger,0.9862,True
leonberger_89,1968,19,leonberger,dog,19,leonberger,0.9887,True
leonberger_8,1969,19,leonberger,dog,19,leonberger,0.8581,True
leonberger_90,1970,19,leonberger,dog,19,leonberger,0.7285,True
leonberger_91,1971,19,leonberger,dog,19,leonberger,0.9898,True
leonberger_92,1972,19,leonberger,dog,19,leonberger,0.9916,True
leonberger_93,1973,19,leonberger,dog,19,leonberger,0.964,True
leonberger_94,1974,19,leonberger,dog,19,leonberger,0.8875,True
leonberger_95,1975,19,leonberger,dog,19,leonberger,0.995,True
leonberger_96,1976,19,leonberger,dog,19,leonberger,0.9185,True
leonberger_97,1977,19,leonberger,dog,19,leonberger,0.9926,True
leonberger_98,1978,19,leonberger,dog,19,leonberger,0.9908,True
leonberger_99,1979,19,leonberger,dog,19,leonberger,0.9965,True
leonberger_9,1980,19,leonberger,dog,19,leonberger,0.9877,True
Maine_Coon_21,1981,20,Maine_Coon,cat,20,Maine_Coon,0.6546,True
Maine_Coon_222,1982,20,Maine_Coon,cat,23,Persian,0.9129,False
Maine_Coon_227,1983,20,Maine_Coon,cat,20,Maine_Coon,0.9479,True
Maine_Coon_231,1984,20,Maine_Coon,cat,20,Maine_Coon,0.754,True
Maine_Coon_238,1985,20,Maine_Coon,cat,26,Ragdoll,0.6922,False
Maine_Coon_239,1986,20,Maine_Coon,cat,20,Maine_Coon,0.6564,True
Maine_Coon_23,1987,20,Maine_Coon,cat,20,Maine_Coon,0.9996,True
Maine_Coon_241,1988,20,Maine_Coon,cat,20,Maine_Coon,0.9242,True
Maine_Coon_242,1989,20,Maine_Coon,cat,0,Abyssinian,0.4577,False
Maine_Coon_244,1990,20,Maine_Coon,cat,26,Ragdoll,0.9325,False
Maine_Coon_245,1991,20,Maine_Coon,cat,20,Maine_Coon,0.9458,True
Maine_Coon_246,1992,20,Maine_Coon,cat,20,Maine_Coon,0.9675,True
Maine_Coon_247,1993,20,Maine_Coon,cat,20,Maine_Coon,0.579,True
Maine_Coon_249,1994,20,Maine_Coon,cat,7,Bombay,0.9341,False
Maine_Coon_24,1995,20,Maine_Coon,cat,20,Maine_Coon,0.999,True
Maine_Coon_253,1996,20,Maine_Coon,cat,20,Maine_Coon,0.8785,True
Maine_Coon_254,1997,20,Maine_Coon,cat,5,Bengal,0.6093,False
Maine_Coon_25,1998,20,Maine_Coon,cat,20,Maine_Coon,0.9994,True
Maine_Coon_262,1999,20,Maine_Coon,cat,26,Ragdoll,0.6001,False
Maine_Coon_263,2000,20,Maine_Coon,cat,20,Maine_Coon,0.9458,True
Maine_Coon_264,2001,20,Maine_Coon,cat,20,Maine_Coon,0.9972,True
Maine_Coon_265,2002,20,Maine_Coon,cat,20,Maine_Coon,0.977,True
Maine_Coon_266,2003,20,Maine_Coon,cat,20,Maine_Coon,0.9877,True
Maine_Coon_267,2004,20,Maine_Coon,cat,20,Maine_Coon,0.5866,True
Maine_Coon_268,2005,20,Maine_Coon,cat,20,Maine_Coon,0.7503,True
Maine_Coon_269,2006,20,Maine_Coon,cat,20,Maine_Coon,0.999,True
Maine_Coon_26,2007,20,Maine_Coon,cat,20,Maine_Coon,0.8236,True
Maine_Coon_270,2008,20,Maine_Coon,cat,20,Maine_Coon,0.8931,True
Maine_Coon_271,2009,20,Maine_Coon,cat,20,Maine_Coon,0.9798,True
Maine_Coon_272,2010,20,Maine_Coon,cat,20,Maine_Coon,0.9995,True
Maine_Coon_27,2011,20,Maine_Coon,cat,20,Maine_Coon,0.9398,True
Maine_Coon_28,2012,20,Maine_Coon,cat,20,Maine_Coon,0.9999,True
Maine_Coon_29,2013,20,Maine_Coon,cat,20,Maine_Coon,0.9996,True
Maine_Coon_2,2014,20,Maine_Coon,cat,20,Maine_Coon,0.9387,True
Maine_Coon_30,2015,20,Maine_Coon,cat,20,Maine_Coon,0.898,True
Maine_Coon_31,2016,20,Maine_Coon,cat,20,Maine_Coon,0.9999,True
Maine_Coon_32,2017,20,Maine_Coon,cat,20,Maine_Coon,0.9975,True
Maine_Coon_33,2018,20,Maine_Coon,cat,20,Maine_Coon,0.9947,True
Maine_Coon_34,2019,20,Maine_Coon,cat,20,Maine_Coon,0.9982,True
Maine_Coon_35,2020,20,Maine_Coon,cat,20,Maine_Coon,0.996,True
Maine_Coon_36,2021,20,Maine_Coon,cat,20,Maine_Coon,0.9987,True
Maine_Coon_37,2022,20,Maine_Coon,cat,20,Maine_Coon,0.9925,True
Maine_Coon_38,2023,20,Maine_Coon,cat,20,Maine_Coon,0.9954,True
Maine_Coon_39,2024,20,Maine_Coon,cat,23,Persian,0.5534,False
Maine_Coon_3,2025,20,Maine_Coon,cat,20,Maine_Coon,0.8924,True
Maine_Coon_41,2026,20,Maine_Coon,cat,20,Maine_Coon,0.9997,True
Maine_Coon_42,2027,20,Maine_Coon,cat,20,Maine_Coon,0.9928,True
Maine_Coon_43,2028,20,Maine_Coon,cat,20,Maine_Coon,0.9966,True
Maine_Coon_44,2029,20,Maine_Coon,cat,20,Maine_Coon,0.9765,True
Maine_Coon_46,2030,20,Maine_Coon,cat,20,Maine_Coon,0.9558,True
Maine_Coon_47,2031,20,Maine_Coon,cat,20,Maine_Coon,0.8808,True
Maine_Coon_48,2032,20,Maine_Coon,cat,20,Maine_Coon,0.9273,True
Maine_Coon_49,2033,20,Maine_Coon,cat,20,Maine_Coon,0.8483,True
Maine_Coon_50,2034,20,Maine_Coon,cat,20,Maine_Coon,0.9948,True
Maine_Coon_51,2035,20,Maine_Coon,cat,20,Maine_Coon,0.9985,True
Maine_Coon_52,2036,20,Maine_Coon,cat,20,Maine_Coon,0.9332,True
Maine_Coon_53,2037,20,Maine_Coon,cat,20,Maine_Coon,0.8986,True
Maine_Coon_54,2038,20,Maine_Coon,cat,20,Maine_Coon,0.8885,True
Maine_Coon_55,2039,20,Maine_Coon,cat,20,Maine_Coon,0.9995,True
Maine_Coon_56,2040,20,Maine_Coon,cat,20,Maine_Coon,0.9997,True
Maine_Coon_57,2041,20,Maine_Coon,cat,20,Maine_Coon,0.9998,True
Maine_Coon_58,2042,20,Maine_Coon,cat,20,Maine_Coon,0.9979,True
Maine_Coon_5,2043,20,Maine_Coon,cat,20,Maine_Coon,0.4546,True
Maine_Coon_60,2044,20,Maine_Coon,cat,20,Maine_Coon,0.9459,True
Maine_Coon_61,2045,20,Maine_Coon,cat,20,Maine_Coon,0.995,True
Maine_Coon_63,2046,20,Maine_Coon,cat,20,Maine_Coon,0.9903,True
Maine_Coon_64,2047,20,Maine_Coon,cat,20,Maine_Coon,0.9997,True
Maine_Coon_66,2048,20,Maine_Coon,cat,20,Maine_Coon,0.9974,True
Maine_Coon_67,2049,20,Maine_Coon,cat,20,Maine_Coon,0.9987,True
Maine_Coon_68,2050,20,Maine_Coon,cat,20,Maine_Coon,0.999,True
Maine_Coon_69,2051,20,Maine_Coon,cat,20,Maine_Coon,0.523,True
Maine_Coon_6,2052,20,Maine_Coon,cat,20,Maine_Coon,0.649,True
Maine_Coon_70,2053,20,Maine_Coon,cat,20,Maine_Coon,0.9823,True
Maine_Coon_71,2054,20,Maine_Coon,cat,20,Maine_Coon,0.9859,True
Maine_Coon_72,2055,20,Maine_Coon,cat,20,Maine_Coon,0.98,True
Maine_Coon_75,2056,20,Maine_Coon,cat,20,Maine_Coon,0.9983,True
Maine_Coon_76,2057,20,Maine_Coon,cat,20,Maine_Coon,0.9987,True
Maine_Coon_77,2058,20,Maine_Coon,cat,20,Maine_Coon,0.9819,True
Maine_Coon_78,2059,20,Maine_Coon,cat,20,Maine_Coon,0.5714,True
Maine_Coon_79,2060,20,Maine_Coon,cat,20,Maine_Coon,0.9996,True
Maine_Coon_7,2061,20,Maine_Coon,cat,20,Maine_Coon,0.9242,True
Maine_Coon_80,2062,20,Maine_Coon,cat,20,Maine_Coon,0.9976,True
Maine_Coon_81,2063,20,Maine_Coon,cat,20,Maine_Coon,0.9994,True
Maine_Coon_82,2064,20,Maine_Coon,cat,20,Maine_Coon,0.9771,True
Maine_Coon_83,2065,20,Maine_Coon,cat,20,Maine_Coon,0.9918,True
Maine_Coon_84,2066,20,Maine_Coon,cat,20,Maine_Coon,0.9905,True
Maine_Coon_85,2067,20,Maine_Coon,cat,20,Maine_Coon,0.9708,True
Maine_Coon_87,2068,20,Maine_Coon,cat,20,Maine_Coon,0.9981,True
Maine_Coon_89,2069,20,Maine_Coon,cat,20,Maine_Coon,0.9962,True
Maine_Coon_8,2070,20,Maine_Coon,cat,26,Ragdoll,0.7257,False
Maine_Coon_91,2071,20,Maine_Coon,cat,20,Maine_Coon,0.9974,True
Maine_Coon_92,2072,20,Maine_Coon,cat,20,Maine_Coon,0.9563,True
Maine_Coon_93,2073,20,Maine_Coon,cat,20,Maine_Coon,0.999,True
Maine_Coon_94,2074,20,Maine_Coon,cat,0,Abyssinian,0.6027,False
Maine_Coon_95,2075,20,Maine_Coon,cat,23,Persian,0.4677,False
Maine_Coon_96,2076,20,Maine_Coon,cat,20,Maine_Coon,0.861,True
Maine_Coon_97,2077,20,Maine_Coon,cat,20,Maine_Coon,0.9811,True
Maine_Coon_98,2078,20,Maine_Coon,cat,26,Ragdoll,0.9618,False
Maine_Coon_99,2079,20,Maine_Coon,cat,20,Maine_Coon,0.996,True
Maine_Coon_9,2080,20,Maine_Coon,cat,20,Maine_Coon,0.9981,True
miniature_pinscher_191,2081,21,miniature_pinscher,dog,21,miniature_pinscher,0.9911,True
miniature_pinscher_192,2082,21,miniature_pinscher,dog,10,chihuahua,0.9649,False
miniature_pinscher_193,2083,21,miniature_pinscher,dog,21,miniature_pinscher,0.9557,True
miniature_pinscher_194,2084,21,miniature_pinscher,dog,10,chihuahua,0.6353,False
miniature_pinscher_195,2085,21,miniature_pinscher,dog,21,miniature_pinscher,0.4828,True
miniature_pinscher_196,2086,21,miniature_pinscher,dog,21,miniature_pinscher,0.9741,True
miniature_pinscher_197,2087,21,miniature_pinscher,dog,21,miniature_pinscher,0.787,True
miniature_pinscher_198,2088,21,miniature_pinscher,dog,2,american_pit_bull_terrier,0.9269,False
miniature_pinscher_199,2089,21,miniature_pinscher,dog,21,miniature_pinscher,0.9738,True
miniature_pinscher_19,2090,21,miniature_pinscher,dog,21,miniature_pinscher,0.7335,True
miniature_pinscher_1,2091,21,miniature_pinscher,dog,21,miniature_pinscher,0.8392,True
miniature_pinscher_200,2092,21,miniature_pinscher,dog,21,miniature_pinscher,0.9712,True
miniature_pinscher_20,2093,21,miniature_pinscher,dog,21,miniature_pinscher,0.9568,True
miniature_pinscher_21,2094,21,miniature_pinscher,dog,21,miniature_pinscher,0.4336,True
miniature_pinscher_22,2095,21,miniature_pinscher,dog,10,chihuahua,0.7096,False
miniature_pinscher_23,2096,21,miniature_pinscher,dog,21,miniature_pinscher,0.8719,True
miniature_pinscher_24,2097,21,miniature_pinscher,dog,21,miniature_pinscher,0.9768,True
miniature_pinscher_25,2098,21,miniature_pinscher,dog,21,miniature_pinscher,0.9798,True
miniature_pinscher_26,2099,21,miniature_pinscher,dog,21,miniature_pinscher,0.9792,True
miniature_pinscher_27,2100,21,miniature_pinscher,dog,21,miniature_pinscher,0.9762,True
miniature_pinscher_28,2101,21,miniature_pinscher,dog,21,miniature_pinscher,0.9711,True
miniature_pinscher_29,2102,21,miniature_pinscher,dog,21,miniature_pinscher,0.8667,True
miniature_pinscher_2,2103,21,miniature_pinscher,dog,21,miniature_pinscher,0.809,True
miniature_pinscher_30,2104,21,miniature_pinscher,dog,21,miniature_pinscher,0.891,True
miniature_pinscher_31,2105,21,miniature_pinscher,dog,21,miniature_pinscher,0.8776,True
miniature_pinscher_32,2106,21,miniature_pinscher,dog,21,miniature_pinscher,0.5288,True
miniature_pinscher_33,2107,21,miniature_pinscher,dog,21,miniature_pinscher,0.3228,True
miniature_pinscher_34,2108,21,miniature_pinscher,dog,21,miniature_pinscher,0.8527,True
miniature_pinscher_35,2109,21,miniature_pinscher,dog,21,miniature_pinscher,0.9832,True
miniature_pinscher_36,2110,21,miniature_pinscher,dog,21,miniature_pinscher,0.7032,True
miniature_pinscher_37,2111,21,miniature_pinscher,dog,21,miniature_pinscher,0.9619,True
miniature_pinscher_38,2112,21,miniature_pinscher,dog,34,staffordshire_bull_terrier,0.9577,False
miniature_pinscher_39,2113,21,miniature_pinscher,dog,21,miniature_pinscher,0.8206,True
miniature_pinscher_3,2114,21,miniature_pinscher,dog,21,miniature_pinscher,0.4726,True
miniature_pinscher_40,2115,21,miniature_pinscher,dog,21,miniature_pinscher,0.9721,True
miniature_pinscher_41,2116,21,miniature_pinscher,dog,21,miniature_pinscher,0.8453,True
miniature_pinscher_42,2117,21,miniature_pinscher,dog,10,chihuahua,0.3439,False
miniature_pinscher_43,2118,21,miniature_pinscher,dog,21,miniature_pinscher,0.4484,True
miniature_pinscher_44,2119,21,miniature_pinscher,dog,21,miniature_pinscher,0.7574,True
miniature_pinscher_45,2120,21,miniature_pinscher,dog,10,chihuahua,0.7804,False
miniature_pinscher_46,2121,21,miniature_pinscher,dog,21,miniature_pinscher,0.7119,True
miniature_pinscher_47,2122,21,miniature_pinscher,dog,21,miniature_pinscher,0.8992,True
miniature_pinscher_48,2123,21,miniature_pinscher,dog,21,miniature_pinscher,0.9759,True
miniature_pinscher_49,2124,21,miniature_pinscher,dog,10,chihuahua,0.6167,False
miniature_pinscher_4,2125,21,miniature_pinscher,dog,21,miniature_pinscher,0.9722,True
miniature_pinscher_50,2126,21,miniature_pinscher,dog,21,miniature_pinscher,0.9101,True
miniature_pinscher_51,2127,21,miniature_pinscher,dog,21,miniature_pinscher,0.9474,True
miniature_pinscher_52,2128,21,miniature_pinscher,dog,34,staffordshire_bull_terrier,0.4415,False
miniature_pinscher_53,2129,21,miniature_pinscher,dog,21,miniature_pinscher,0.9735,True
miniature_pinscher_54,2130,21,miniature_pinscher,dog,21,miniature_pinscher,0.9741,True
miniature_pinscher_55,2131,21,miniature_pinscher,dog,21,miniature_pinscher,0.8673,True
miniature_pinscher_56,2132,21,miniature_pinscher,dog,21,miniature_pinscher,0.9617,True
miniature_pinscher_57,2133,21,miniature_pinscher,dog,21,miniature_pinscher,0.6482,True
miniature_pinscher_58,2134,21,miniature_pinscher,dog,21,miniature_pinscher,0.4346,True
miniature_pinscher_59,2135,21,miniature_pinscher,dog,21,miniature_pinscher,0.5073,True
miniature_pinscher_5,2136,21,miniature_pinscher,dog,21,miniature_pinscher,0.423,True
miniature_pinscher_60,2137,21,miniature_pinscher,dog,21,miniature_pinscher,0.9384,True
miniature_pinscher_61,2138,21,miniature_pinscher,dog,21,miniature_pinscher,0.9591,True
miniature_pinscher_62,2139,21,miniature_pinscher,dog,21,miniature_pinscher,0.9454,True
miniature_pinscher_63,2140,21,miniature_pinscher,dog,21,miniature_pinscher,0.9233,True
miniature_pinscher_64,2141,21,miniature_pinscher,dog,21,miniature_pinscher,0.8397,True
miniature_pinscher_65,2142,21,miniature_pinscher,dog,21,miniature_pinscher,0.9553,True
miniature_pinscher_66,2143,21,miniature_pinscher,dog,21,miniature_pinscher,0.9794,True
miniature_pinscher_67,2144,21,miniature_pinscher,dog,21,miniature_pinscher,0.4554,True
miniature_pinscher_68,2145,21,miniature_pinscher,dog,21,miniature_pinscher,0.7891,True
miniature_pinscher_69,2146,21,miniature_pinscher,dog,21,miniature_pinscher,0.9448,True
miniature_pinscher_6,2147,21,miniature_pinscher,dog,21,miniature_pinscher,0.9545,True
miniature_pinscher_70,2148,21,miniature_pinscher,dog,21,miniature_pinscher,0.4456,True
miniature_pinscher_71,2149,21,miniature_pinscher,dog,34,staffordshire_bull_terrier,0.4442,False
miniature_pinscher_72,2150,21,miniature_pinscher,dog,21,miniature_pinscher,0.8897,True
miniature_pinscher_73,2151,21,miniature_pinscher,dog,21,miniature_pinscher,0.8136,True
miniature_pinscher_74,2152,21,miniature_pinscher,dog,21,miniature_pinscher,0.8643,True
miniature_pinscher_75,2153,21,miniature_pinscher,dog,21,miniature_pinscher,0.6425,True
miniature_pinscher_76,2154,21,miniature_pinscher,dog,8,boxer,0.4041,False
miniature_pinscher_77,2155,21,miniature_pinscher,dog,21,miniature_pinscher,0.709,True
miniature_pinscher_78,2156,21,miniature_pinscher,dog,21,miniature_pinscher,0.8099,True
miniature_pinscher_79,2157,21,miniature_pinscher,dog,21,miniature_pinscher,0.5764,True
miniature_pinscher_7,2158,21,miniature_pinscher,dog,21,miniature_pinscher,0.8549,True
miniature_pinscher_80,2159,21,miniature_pinscher,dog,21,miniature_pinscher,0.8945,True
miniature_pinscher_81,2160,21,miniature_pinscher,dog,21,miniature_pinscher,0.4798,True
miniature_pinscher_82,2161,21,miniature_pinscher,dog,21,miniature_pinscher,0.8702,True
miniature_pinscher_83,2162,21,miniature_pinscher,dog,21,miniature_pinscher,0.4689,True
miniature_pinscher_84,2163,21,miniature_pinscher,dog,21,miniature_pinscher,0.5478,True
miniature_pinscher_85,2164,21,miniature_pinscher,dog,21,miniature_pinscher,0.3417,True
miniature_pinscher_86,2165,21,miniature_pinscher,dog,34,staffordshire_bull_terrier,0.5718,False
miniature_pinscher_87,2166,21,miniature_pinscher,dog,21,miniature_pinscher,0.3967,True
miniature_pinscher_88,2167,21,miniature_pinscher,dog,21,miniature_pinscher,0.6921,True
miniature_pinscher_89,2168,21,miniature_pinscher,dog,21,miniature_pinscher,0.7445,True
miniature_pinscher_8,2169,21,miniature_pinscher,dog,21,miniature_pinscher,0.7559,True
miniature_pinscher_90,2170,21,miniature_pinscher,dog,10,chihuahua,0.5866,False
miniature_pinscher_91,2171,21,miniature_pinscher,dog,21,miniature_pinscher,0.832,True
miniature_pinscher_92,2172,21,miniature_pinscher,dog,21,miniature_pinscher,0.916,True
miniature_pinscher_93,2173,21,miniature_pinscher,dog,21,miniature_pinscher,0.5588,True
miniature_pinscher_94,2174,21,miniature_pinscher,dog,34,staffordshire_bull_terrier,0.4383,False
miniature_pinscher_95,2175,21,miniature_pinscher,dog,10,chihuahua,0.5083,False
miniature_pinscher_96,2176,21,miniature_pinscher,dog,21,miniature_pinscher,0.3584,True
miniature_pinscher_97,2177,21,miniature_pinscher,dog,21,miniature_pinscher,0.9492,True
miniature_pinscher_98,2178,21,miniature_pinscher,dog,21,miniature_pinscher,0.7298,True
miniature_pinscher_99,2179,21,miniature_pinscher,dog,21,miniature_pinscher,0.7581,True
miniature_pinscher_9,2180,21,miniature_pinscher,dog,10,chihuahua,0.6769,False
newfoundland_191,2181,22,newfoundland,dog,22,newfoundland,0.9996,True
newfoundland_192,2182,22,newfoundland,dog,22,newfoundland,0.9999,True
newfoundland_193,2183,22,newfoundland,dog,22,newfoundland,0.992,True
newfoundland_194,2184,22,newfoundland,dog,22,newfoundland,0.9999,True
newfoundland_195,2185,22,newfoundland,dog,22,newfoundland,0.9999,True
newfoundland_196,2186,22,newfoundland,dog,22,newfoundland,0.9975,True
newfoundland_197,2187,22,newfoundland,dog,22,newfoundland,0.9995,True
newfoundland_198,2188,22,newfoundland,dog,22,newfoundland,0.9993,True
newfoundland_199,2189,22,newfoundland,dog,22,newfoundland,0.9995,True
newfoundland_19,2190,22,newfoundland,dog,22,newfoundland,0.9996,True
newfoundland_1,2191,22,newfoundland,dog,22,newfoundland,0.9996,True
newfoundland_200,2192,22,newfoundland,dog,22,newfoundland,0.9968,True
newfoundland_20,2193,22,newfoundland,dog,22,newfoundland,0.9958,True
newfoundland_21,2194,22,newfoundland,dog,22,newfoundland,0.9847,True
newfoundland_22,2195,22,newfoundland,dog,22,newfoundland,0.8874,True
newfoundland_23,2196,22,newfoundland,dog,22,newfoundland,0.9984,True
newfoundland_24,2197,22,newfoundland,dog,22,newfoundland,0.9995,True
newfoundland_25,2198,22,newfoundland,dog,22,newfoundland,0.9971,True
newfoundland_26,2199,22,newfoundland,dog,22,newfoundland,0.9796,True
newfoundland_27,2200,22,newfoundland,dog,22,newfoundland,0.9988,True
newfoundland_28,2201,22,newfoundland,dog,22,newfoundland,0.9939,True
newfoundland_29,2202,22,newfoundland,dog,22,newfoundland,0.9943,True
newfoundland_2,2203,22,newfoundland,dog,22,newfoundland,0.9977,True
newfoundland_30,2204,22,newfoundland,dog,22,newfoundland,0.9992,True
newfoundland_31,2205,22,newfoundland,dog,22,newfoundland,0.9973,True
newfoundland_32,2206,22,newfoundland,dog,22,newfoundland,0.9996,True
newfoundland_33,2207,22,newfoundland,dog,22,newfoundland,0.9993,True
newfoundland_34,2208,22,newfoundland,dog,22,newfoundland,0.999,True
newfoundland_35,2209,22,newfoundland,dog,22,newfoundland,0.9986,True
newfoundland_36,2210,22,newfoundland,dog,22,newfoundland,0.9998,True
newfoundland_37,2211,22,newfoundland,dog,22,newfoundland,0.9999,True
newfoundland_38,2212,22,newfoundland,dog,22,newfoundland,0.9996,True
newfoundland_39,2213,22,newfoundland,dog,22,newfoundland,0.999,True
newfoundland_3,2214,22,newfoundland,dog,22,newfoundland,0.9983,True
newfoundland_40,2215,22,newfoundland,dog,22,newfoundland,0.9992,True
newfoundland_41,2216,22,newfoundland,dog,22,newfoundland,0.9996,True
newfoundland_42,2217,22,newfoundland,dog,22,newfoundland,0.9998,True
newfoundland_43,2218,22,newfoundland,dog,22,newfoundland,0.9989,True
newfoundland_44,2219,22,newfoundland,dog,22,newfoundland,0.9998,True
newfoundland_45,2220,22,newfoundland,dog,22,newfoundland,0.998,True
newfoundland_46,2221,22,newfoundland,dog,22,newfoundland,0.9988,True
newfoundland_47,2222,22,newfoundland,dog,22,newfoundland,0.9997,True
newfoundland_48,2223,22,newfoundland,dog,22,newfoundland,0.9996,True
newfoundland_49,2224,22,newfoundland,dog,22,newfoundland,0.9996,True
newfoundland_4,2225,22,newfoundland,dog,22,newfoundland,0.9999,True
newfoundland_50,2226,22,newfoundland,dog,22,newfoundland,0.999,True
newfoundland_51,2227,22,newfoundland,dog,22,newfoundland,0.9986,True
newfoundland_52,2228,22,newfoundland,dog,22,newfoundland,0.9998,True
newfoundland_53,2229,22,newfoundland,dog,22,newfoundland,0.9998,True
newfoundland_54,2230,22,newfoundland,dog,22,newfoundland,0.9705,True
newfoundland_55,2231,22,newfoundland,dog,22,newfoundland,0.9989,True
newfoundland_56,2232,22,newfoundland,dog,22,newfoundland,0.9997,True
newfoundland_57,2233,22,newfoundland,dog,22,newfoundland,0.9951,True
newfoundland_58,2234,22,newfoundland,dog,22,newfoundland,0.9995,True
newfoundland_59,2235,22,newfoundland,dog,22,newfoundland,0.9973,True
newfoundland_5,2236,22,newfoundland,dog,22,newfoundland,0.9986,True
newfoundland_60,2237,22,newfoundland,dog,22,newfoundland,0.9997,True
newfoundland_61,2238,22,newfoundland,dog,22,newfoundland,0.9994,True
newfoundland_62,2239,22,newfoundland,dog,22,newfoundland,0.9494,True
newfoundland_63,2240,22,newfoundland,dog,22,newfoundland,0.9999,True
newfoundland_64,2241,22,newfoundland,dog,22,newfoundland,0.9996,True
newfoundland_65,2242,22,newfoundland,dog,22,newfoundland,0.9999,True
newfoundland_66,2243,22,newfoundland,dog,22,newfoundland,0.9988,True
newfoundland_67,2244,22,newfoundland,dog,22,newfoundland,0.9983,True
newfoundland_68,2245,22,newfoundland,dog,22,newfoundland,0.9948,True
newfoundland_69,2246,22,newfoundland,dog,22,newfoundland,0.9993,True
newfoundland_6,2247,22,newfoundland,dog,22,newfoundland,0.9999,True
newfoundland_70,2248,22,newfoundland,dog,22,newfoundland,0.9984,True
newfoundland_71,2249,22,newfoundland,dog,22,newfoundland,0.9988,True
newfoundland_72,2250,22,newfoundland,dog,22,newfoundland,0.9969,True
newfoundland_73,2251,22,newfoundland,dog,22,newfoundland,0.9998,True
newfoundland_74,2252,22,newfoundland,dog,22,newfoundland,0.999,True
newfoundland_75,2253,22,newfoundland,dog,22,newfoundland,0.9994,True
newfoundland_76,2254,22,newfoundland,dog,22,newfoundland,0.9992,True
newfoundland_77,2255,22,newfoundland,dog,22,newfoundland,0.9994,True
newfoundland_78,2256,22,newfoundland,dog,22,newfoundland,0.9995,True
newfoundland_79,2257,22,newfoundland,dog,22,newfoundland,0.9983,True
newfoundland_7,2258,22,newfoundland,dog,22,newfoundland,0.9997,True
newfoundland_80,2259,22,newfoundland,dog,22,newfoundland,0.9986,True
newfoundland_81,2260,22,newfoundland,dog,22,newfoundland,0.9974,True
newfoundland_82,2261,22,newfoundland,dog,22,newfoundland,1.0,True
newfoundland_83,2262,22,newfoundland,dog,22,newfoundland,0.9994,True
newfoundland_84,2263,22,newfoundland,dog,22,newfoundland,0.9999,True
newfoundland_85,2264,22,newfoundland,dog,22,newfoundland,0.9984,True
newfoundland_86,2265,22,newfoundland,dog,22,newfoundland,0.9999,True
newfoundland_87,2266,22,newfoundland,dog,22,newfoundland,0.9997,True
newfoundland_88,2267,22,newfoundland,dog,22,newfoundland,0.9989,True
newfoundland_89,2268,22,newfoundland,dog,22,newfoundland,0.8773,True
newfoundland_8,2269,22,newfoundland,dog,22,newfoundland,0.9984,True
newfoundland_90,2270,22,newfoundland,dog,22,newfoundland,0.999,True
newfoundland_91,2271,22,newfoundland,dog,22,newfoundland,0.9995,True
newfoundland_92,2272,22,newfoundland,dog,22,newfoundland,0.9964,True
newfoundland_93,2273,22,newfoundland,dog,22,newfoundland,0.9988,True
newfoundland_94,2274,22,newfoundland,dog,22,newfoundland,0.9998,True
newfoundland_95,2275,22,newfoundland,dog,22,newfoundland,0.9997,True
newfoundland_96,2276,22,newfoundland,dog,22,newfoundland,0.9992,True
newfoundland_97,2277,22,newfoundland,dog,22,newfoundland,0.9994,True
newfoundland_98,2278,22,newfoundland,dog,22,newfoundland,0.9996,True
newfoundland_99,2279,22,newfoundland,dog,22,newfoundland,0.9998,True
newfoundland_9,2280,22,newfoundland,dog,22,newfoundland,0.9815,True
Persian_21,2281,23,Persian,cat,23,Persian,0.998,True
Persian_221,2282,23,Persian,cat,26,Ragdoll,0.9169,False
Persian_224,2283,23,Persian,cat,20,Maine_Coon,0.2499,False
Persian_228,2284,23,Persian,cat,7,Bombay,0.9628,False
Persian_22,2285,23,Persian,cat,23,Persian,0.9982,True
Persian_233,2286,23,Persian,cat,23,Persian,0.968,True
Persian_239,2287,23,Persian,cat,23,Persian,0.9549,True
Persian_255,2288,23,Persian,cat,23,Persian,0.9995,True
Persian_256,2289,23,Persian,cat,23,Persian,0.9967,True
Persian_257,2290,23,Persian,cat,23,Persian,0.9978,True
Persian_258,2291,23,Persian,cat,23,Persian,0.9914,True
Persian_259,2292,23,Persian,cat,23,Persian,0.9887,True
Persian_25,2293,23,Persian,cat,9,British_Shorthair,0.5491,False
Persian_260,2294,23,Persian,cat,23,Persian,0.9989,True
Persian_261,2295,23,Persian,cat,23,Persian,0.9976,True
Persian_262,2296,23,Persian,cat,23,Persian,0.9988,True
Persian_263,2297,23,Persian,cat,23,Persian,0.9976,True
Persian_264,2298,23,Persian,cat,23,Persian,0.9695,True
Persian_265,2299,23,Persian,cat,23,Persian,0.9996,True
Persian_266,2300,23,Persian,cat,23,Persian,0.4546,True
Persian_267,2301,23,Persian,cat,23,Persian,0.9972,True
Persian_268,2302,23,Persian,cat,23,Persian,0.9939,True
Persian_269,2303,23,Persian,cat,23,Persian,0.9786,True
Persian_26,2304,23,Persian,cat,23,Persian,0.9979,True
Persian_270,2305,23,Persian,cat,20,Maine_Coon,0.7235,False
Persian_271,2306,23,Persian,cat,23,Persian,0.9983,True
Persian_272,2307,23,Persian,cat,23,Persian,0.8916,True
Persian_273,2308,23,Persian,cat,23,Persian,0.9981,True
Persian_27,2309,23,Persian,cat,23,Persian,0.8492,True
Persian_28,2310,23,Persian,cat,23,Persian,0.9968,True
Persian_29,2311,23,Persian,cat,23,Persian,0.9364,True
Persian_2,2312,23,Persian,cat,23,Persian,0.9801,True
Persian_30,2313,23,Persian,cat,23,Persian,0.9993,True
Persian_31,2314,23,Persian,cat,23,Persian,0.9993,True
Persian_32,2315,23,Persian,cat,23,Persian,0.999,True
Persian_34,2316,23,Persian,cat,23,Persian,0.9977,True
Persian_36,2317,23,Persian,cat,23,Persian,0.9926,True
Persian_37,2318,23,Persian,cat,23,Persian,0.9951,True
Persian_38,2319,23,Persian,cat,23,Persian,0.9797,True
Persian_39,2320,23,Persian,cat,23,Persian,0.9685,True
Persian_3,2321,23,Persian,cat,23,Persian,0.9983,True
Persian_40,2322,23,Persian,cat,23,Persian,0.9996,True
Persian_41,2323,23,Persian,cat,23,Persian,0.5484,True
Persian_42,2324,23,Persian,cat,23,Persian,0.9961,True
Persian_43,2325,23,Persian,cat,23,Persian,0.9986,True
Persian_44,2326,23,Persian,cat,23,Persian,0.9987,True
Persian_45,2327,23,Persian,cat,23,Persian,0.993,True
Persian_46,2328,23,Persian,cat,23,Persian,0.9724,True
Persian_47,2329,23,Persian,cat,23,Persian,0.9954,True
Persian_49,2330,23,Persian,cat,23,Persian,0.9971,True
Persian_4,2331,23,Persian,cat,23,Persian,0.9751,True
Persian_51,2332,23,Persian,cat,23,Persian,0.983,True
Persian_52,2333,23,Persian,cat,20,Maine_Coon,0.6168,False
Persian_53,2334,23,Persian,cat,23,Persian,0.9969,True
Persian_54,2335,23,Persian,cat,23,Persian,0.9933,True
Persian_55,2336,23,Persian,cat,23,Persian,0.9929,True
Persian_56,2337,23,Persian,cat,23,Persian,0.9994,True
Persian_58,2338,23,Persian,cat,23,Persian,0.9972,True
Persian_59,2339,23,Persian,cat,23,Persian,0.9993,True
Persian_5,2340,23,Persian,cat,23,Persian,0.9819,True
Persian_60,2341,23,Persian,cat,23,Persian,0.9991,True
Persian_61,2342,23,Persian,cat,23,Persian,0.9978,True
Persian_62,2343,23,Persian,cat,23,Persian,0.9959,True
Persian_63,2344,23,Persian,cat,23,Persian,0.9971,True
Persian_64,2345,23,Persian,cat,23,Persian,0.9986,True
Persian_65,2346,23,Persian,cat,23,Persian,0.995,True
Persian_66,2347,23,Persian,cat,23,Persian,0.9955,True
Persian_67,2348,23,Persian,cat,23,Persian,0.9952,True
Persian_68,2349,23,Persian,cat,23,Persian,0.9957,True
Persian_69,2350,23,Persian,cat,23,Persian,0.9951,True
Persian_6,2351,23,Persian,cat,20,Maine_Coon,0.8137,False
Persian_70,2352,23,Persian,cat,23,Persian,0.9966,True
Persian_71,2353,23,Persian,cat,20,Maine_Coon,0.9307,False
Persian_72,2354,23,Persian,cat,23,Persian,0.9119,True
Persian_74,2355,23,Persian,cat,23,Persian,0.9985,True
Persian_75,2356,23,Persian,cat,23,Persian,0.9956,True
Persian_76,2357,23,Persian,cat,23,Persian,0.9997,True
Persian_77,2358,23,Persian,cat,26,Ragdoll,0.6008,False
Persian_78,2359,23,Persian,cat,23,Persian,0.9132,True
Persian_79,2360,23,Persian,cat,23,Persian,0.9891,True
Persian_7,2361,23,Persian,cat,23,Persian,0.9979,True
Persian_80,2362,23,Persian,cat,23,Persian,0.9935,True
Persian_81,2363,23,Persian,cat,23,Persian,0.9811,True
Persian_82,2364,23,Persian,cat,23,Persian,0.9981,True
Persian_83,2365,23,Persian,cat,23,Persian,0.9986,True
Persian_84,2366,23,Persian,cat,23,Persian,0.9972,True
Persian_85,2367,23,Persian,cat,23,Persian,0.9985,True
Persian_86,2368,23,Persian,cat,23,Persian,0.9992,True
Persian_87,2369,23,Persian,cat,23,Persian,0.999,True
Persian_88,2370,23,Persian,cat,23,Persian,0.9973,True
Persian_89,2371,23,Persian,cat,26,Ragdoll,0.335,False
Persian_8,2372,23,Persian,cat,23,Persian,0.9976,True
Persian_90,2373,23,Persian,cat,23,Persian,0.9957,True
Persian_91,2374,23,Persian,cat,23,Persian,0.9948,True
Persian_94,2375,23,Persian,cat,23,Persian,0.9891,True
Persian_95,2376,23,Persian,cat,23,Persian,0.9961,True
Persian_97,2377,23,Persian,cat,23,Persian,0.9889,True
Persian_98,2378,23,Persian,cat,23,Persian,0.99,True
Persian_99,2379,23,Persian,cat,23,Persian,0.9989,True
Persian_9,2380,23,Persian,cat,23,Persian,0.8367,True
pomeranian_191,2381,24,pomeranian,dog,24,pomeranian,0.9965,True
pomeranian_192,2382,24,pomeranian,dog,24,pomeranian,0.9993,True
pomeranian_193,2383,24,pomeranian,dog,24,pomeranian,0.9993,True
pomeranian_194,2384,24,pomeranian,dog,24,pomeranian,0.9958,True
pomeranian_195,2385,24,pomeranian,dog,24,pomeranian,0.9976,True
pomeranian_196,2386,24,pomeranian,dog,24,pomeranian,0.9981,True
pomeranian_197,2387,24,pomeranian,dog,24,pomeranian,0.7805,True
pomeranian_198,2388,24,pomeranian,dog,24,pomeranian,0.9986,True
pomeranian_199,2389,24,pomeranian,dog,24,pomeranian,0.9811,True
pomeranian_19,2390,24,pomeranian,dog,24,pomeranian,0.9845,True
pomeranian_1,2391,24,pomeranian,dog,24,pomeranian,0.9974,True
pomeranian_200,2392,24,pomeranian,dog,24,pomeranian,0.8764,True
pomeranian_20,2393,24,pomeranian,dog,24,pomeranian,0.9943,True
pomeranian_21,2394,24,pomeranian,dog,24,pomeranian,0.9703,True
pomeranian_22,2395,24,pomeranian,dog,24,pomeranian,0.984,True
pomeranian_23,2396,24,pomeranian,dog,24,pomeranian,0.9595,True
pomeranian_24,2397,24,pomeranian,dog,24,pomeranian,0.9431,True
pomeranian_25,2398,24,pomeranian,dog,24,pomeranian,0.9679,True
pomeranian_26,2399,24,pomeranian,dog,24,pomeranian,0.9228,True
pomeranian_27,2400,24,pomeranian,dog,24,pomeranian,0.6601,True
pomeranian_28,2401,24,pomeranian,dog,24,pomeranian,0.99,True
pomeranian_29,2402,24,pomeranian,dog,24,pomeranian,0.983,True
pomeranian_2,2403,24,pomeranian,dog,24,pomeranian,0.9492,True
pomeranian_30,2404,24,pomeranian,dog,24,pomeranian,0.6912,True
pomeranian_31,2405,24,pomeranian,dog,24,pomeranian,0.8709,True
pomeranian_32,2406,24,pomeranian,dog,24,pomeranian,0.9651,True
pomeranian_33,2407,24,pomeranian,dog,24,pomeranian,0.9857,True
pomeranian_34,2408,24,pomeranian,dog,23,Persian,0.6811,False
pomeranian_35,2409,24,pomeranian,dog,23,Persian,0.9335,False
pomeranian_36,2410,24,pomeranian,dog,24,pomeranian,0.9846,True
pomeranian_37,2411,24,pomeranian,dog,24,pomeranian,0.5269,True
pomeranian_38,2412,24,pomeranian,dog,24,pomeranian,0.6225,True
pomeranian_39,2413,24,pomeranian,dog,24,pomeranian,0.8208,True
pomeranian_3,2414,24,pomeranian,dog,24,pomeranian,0.9852,True
pomeranian_40,2415,24,pomeranian,dog,24,pomeranian,0.6392,True
pomeranian_41,2416,24,pomeranian,dog,24,pomeranian,0.9914,True
pomeranian_42,2417,24,pomeranian,dog,24,pomeranian,0.9864,True
pomeranian_43,2418,24,pomeranian,dog,24,pomeranian,0.8076,True
pomeranian_44,2419,24,pomeranian,dog,24,pomeranian,0.944,True
pomeranian_45,2420,24,pomeranian,dog,24,pomeranian,0.9802,True
pomeranian_46,2421,24,pomeranian,dog,24,pomeranian,0.9779,True
pomeranian_47,2422,24,pomeranian,dog,29,samoyed,0.9174,False
pomeranian_48,2423,24,pomeranian,dog,24,pomeranian,0.9737,True
pomeranian_49,2424,24,pomeranian,dog,24,pomeranian,0.9649,True
pomeranian_4,2425,24,pomeranian,dog,29,samoyed,0.5735,False
pomeranian_50,2426,24,pomeranian,dog,24,pomeranian,0.9022,True
pomeranian_51,2427,24,pomeranian,dog,24,pomeranian,0.9559,True
pomeranian_52,2428,24,pomeranian,dog,24,pomeranian,0.9866,True
pomeranian_53,2429,24,pomeranian,dog,23,Persian,0.4607,False
pomeranian_54,2430,24,pomeranian,dog,24,pomeranian,0.9823,True
pomeranian_55,2431,24,pomeranian,dog,24,pomeranian,0.965,True
pomeranian_56,2432,24,pomeranian,dog,24,pomeranian,0.9847,True
pomeranian_57,2433,24,pomeranian,dog,24,pomeranian,0.9893,True
pomeranian_58,2434,24,pomeranian,dog,24,pomeranian,0.9936,True
pomeranian_59,2435,24,pomeranian,dog,24,pomeranian,0.9808,True
pomeranian_5,2436,24,pomeranian,dog,24,pomeranian,0.9938,True
pomeranian_60,2437,24,pomeranian,dog,24,pomeranian,0.3604,True
pomeranian_61,2438,24,pomeranian,dog,24,pomeranian,0.5827,True
pomeranian_62,2439,24,pomeranian,dog,24,pomeranian,0.9498,True
pomeranian_63,2440,24,pomeranian,dog,24,pomeranian,0.9763,True
pomeranian_64,2441,24,pomeranian,dog,24,pomeranian,0.9052,True
pomeranian_65,2442,24,pomeranian,dog,24,pomeranian,0.9568,True
pomeranian_66,2443,24,pomeranian,dog,24,pomeranian,0.9501,True
pomeranian_67,2444,24,pomeranian,dog,24,pomeranian,0.9839,True
pomeranian_68,2445,24,pomeranian,dog,24,pomeranian,0.9798,True
pomeranian_69,2446,24,pomeranian,dog,24,pomeranian,0.9951,True
pomeranian_6,2447,24,pomeranian,dog,24,pomeranian,0.9965,True
pomeranian_70,2448,24,pomeranian,dog,24,pomeranian,0.9966,True
pomeranian_71,2449,24,pomeranian,dog,24,pomeranian,0.9728,True
pomeranian_72,2450,24,pomeranian,dog,24,pomeranian,0.9674,True
pomeranian_73,2451,24,pomeranian,dog,24,pomeranian,0.9978,True
pomeranian_74,2452,24,pomeranian,dog,24,pomeranian,0.9652,True
pomeranian_75,2453,24,pomeranian,dog,24,pomeranian,0.868,True
pomeranian_76,2454,24,pomeranian,dog,24,pomeranian,0.9894,True
pomeranian_77,2455,24,pomeranian,dog,24,pomeranian,0.9371,True
pomeranian_78,2456,24,pomeranian,dog,24,pomeranian,0.9837,True
pomeranian_79,2457,24,pomeranian,dog,24,pomeranian,0.9423,True
pomeranian_7,2458,24,pomeranian,dog,24,pomeranian,0.9138,True
pomeranian_80,2459,24,pomeranian,dog,29,samoyed,0.4554,False
pomeranian_81,2460,24,pomeranian,dog,24,pomeranian,0.9945,True
pomeranian_82,2461,24,pomeranian,dog,24,pomeranian,0.984,True
pomeranian_83,2462,24,pomeranian,dog,24,pomeranian,0.7243,True
pomeranian_84,2463,24,pomeranian,dog,24,pomeranian,0.985,True
pomeranian_85,2464,24,pomeranian,dog,24,pomeranian,0.9903,True
pomeranian_86,2465,24,pomeranian,dog,24,pomeranian,0.971,True
pomeranian_87,2466,24,pomeranian,dog,29,samoyed,0.942,False
pomeranian_88,2467,24,pomeranian,dog,24,pomeranian,0.7897,True
pomeranian_89,2468,24,pomeranian,dog,24,pomeranian,0.9927,True
pomeranian_8,2469,24,pomeranian,dog,24,pomeranian,0.9963,True
pomeranian_90,2470,24,pomeranian,dog,24,pomeranian,0.985,True
pomeranian_91,2471,24,pomeranian,dog,24,pomeranian,0.9509,True
pomeranian_92,2472,24,pomeranian,dog,24,pomeranian,0.9733,True
pomeranian_93,2473,24,pomeranian,dog,24,pomeranian,0.9813,True
pomeranian_94,2474,24,pomeranian,dog,24,pomeranian,0.9559,True
pomeranian_95,2475,24,pomeranian,dog,24,pomeranian,0.9777,True
pomeranian_96,2476,24,pomeranian,dog,24,pomeranian,0.4459,True
pomeranian_97,2477,24,pomeranian,dog,29,samoyed,0.903,False
pomeranian_98,2478,24,pomeranian,dog,24,pomeranian,0.9822,True
pomeranian_99,2479,24,pomeranian,dog,24,pomeranian,0.9739,True
pomeranian_9,2480,24,pomeranian,dog,24,pomeranian,0.6629,True
pug_193,2481,25,pug,dog,25,pug,0.9986,True
pug_194,2482,25,pug,dog,25,pug,0.9997,True
pug_195,2483,25,pug,dog,25,pug,0.9875,True
pug_196,2484,25,pug,dog,25,pug,0.9982,True
pug_197,2485,25,pug,dog,25,pug,0.9993,True
pug_198,2486,25,pug,dog,25,pug,0.9993,True
pug_199,2487,25,pug,dog,25,pug,0.9975,True
pug_19,2488,25,pug,dog,25,pug,0.9985,True
pug_1,2489,25,pug,dog,25,pug,0.9973,True
pug_200,2490,25,pug,dog,25,pug,0.9998,True
pug_201,2491,25,pug,dog,25,pug,0.9599,True
pug_202,2492,25,pug,dog,25,pug,0.9993,True
pug_203,2493,25,pug,dog,25,pug,0.9996,True
pug_20,2494,25,pug,dog,25,pug,0.9875,True
pug_21,2495,25,pug,dog,25,pug,0.9998,True
pug_22,2496,25,pug,dog,25,pug,0.6549,True
pug_23,2497,25,pug,dog,25,pug,0.9978,True
pug_24,2498,25,pug,dog,25,pug,0.608,True
pug_25,2499,25,pug,dog,25,pug,0.996,True
pug_26,2500,25,pug,dog,25,pug,0.9931,True
pug_27,2501,25,pug,dog,34,staffordshire_bull_terrier,0.447,False
pug_28,2502,25,pug,dog,25,pug,0.9989,True
pug_29,2503,25,pug,dog,25,pug,0.9991,True
pug_2,2504,25,pug,dog,25,pug,0.9982,True
pug_30,2505,25,pug,dog,25,pug,0.9999,True
pug_31,2506,25,pug,dog,25,pug,0.9745,True
pug_32,2507,25,pug,dog,25,pug,0.9954,True
pug_33,2508,25,pug,dog,25,pug,0.9907,True
pug_34,2509,25,pug,dog,25,pug,0.9978,True
pug_35,2510,25,pug,dog,25,pug,0.64,True
pug_36,2511,25,pug,dog,25,pug,0.965,True
pug_37,2512,25,pug,dog,25,pug,0.9198,True
pug_38,2513,25,pug,dog,25,pug,0.9979,True
pug_39,2514,25,pug,dog,25,pug,0.9928,True
pug_3,2515,25,pug,dog,25,pug,0.9987,True
pug_40,2516,25,pug,dog,25,pug,0.9801,True
pug_41,2517,25,pug,dog,25,pug,0.9354,True
pug_42,2518,25,pug,dog,25,pug,0.952,True
pug_43,2519,25,pug,dog,25,pug,0.9949,True
pug_44,2520,25,pug,dog,25,pug,0.9983,True
pug_45,2521,25,pug,dog,25,pug,0.988,True
pug_46,2522,25,pug,dog,25,pug,0.9897,True
pug_47,2523,25,pug,dog,25,pug,0.9968,True
pug_48,2524,25,pug,dog,25,pug,0.9992,True
pug_49,2525,25,pug,dog,25,pug,0.99,True
pug_4,2526,25,pug,dog,25,pug,0.9977,True
pug_50,2527,25,pug,dog,25,pug,0.768,True
pug_51,2528,25,pug,dog,25,pug,0.9979,True
pug_52,2529,25,pug,dog,25,pug,0.9925,True
pug_53,2530,25,pug,dog,25,pug,0.9993,True
pug_54,2531,25,pug,dog,25,pug,0.983,True
pug_55,2532,25,pug,dog,25,pug,0.9965,True
pug_56,2533,25,pug,dog,25,pug,0.9982,True
pug_57,2534,25,pug,dog,25,pug,0.9988,True
pug_58,2535,25,pug,dog,25,pug,0.9313,True
pug_59,2536,25,pug,dog,25,pug,0.9953,True
pug_5,2537,25,pug,dog,25,pug,0.7625,True
pug_60,2538,25,pug,dog,25,pug,0.9778,True
pug_61,2539,25,pug,dog,25,pug,0.9988,True
pug_62,2540,25,pug,dog,25,pug,0.9861,True
pug_63,2541,25,pug,dog,25,pug,0.9921,True
pug_64,2542,25,pug,dog,25,pug,0.9893,True
pug_65,2543,25,pug,dog,25,pug,0.9994,True
pug_66,2544,25,pug,dog,25,pug,0.9974,True
pug_67,2545,25,pug,dog,25,pug,0.9975,True
pug_68,2546,25,pug,dog,25,pug,0.9377,True
pug_69,2547,25,pug,dog,25,pug,0.9956,True
pug_6,2548,25,pug,dog,25,pug,0.8587,True
pug_70,2549,25,pug,dog,25,pug,0.9931,True
pug_71,2550,25,pug,dog,25,pug,0.998,True
pug_72,2551,25,pug,dog,25,pug,0.9987,True
pug_73,2552,25,pug,dog,25,pug,0.9956,True
pug_74,2553,25,pug,dog,8,boxer,0.9629,False
pug_75,2554,25,pug,dog,25,pug,0.9992,True
pug_76,2555,25,pug,dog,25,pug,0.2719,True
pug_77,2556,25,pug,dog,25,pug,0.9805,True
pug_78,2557,25,pug,dog,25,pug,0.9953,True
pug_79,2558,25,pug,dog,25,pug,0.996,True
pug_7,2559,25,pug,dog,25,pug,0.6992,True
pug_80,2560,25,pug,dog,25,pug,0.9776,True
pug_81,2561,25,pug,dog,25,pug,0.5475,True
pug_82,2562,25,pug,dog,25,pug,0.9967,True
pug_84,2563,25,pug,dog,25,pug,0.7465,True
pug_85,2564,25,pug,dog,25,pug,0.9958,True
pug_86,2565,25,pug,dog,25,pug,0.999,True
pug_87,2566,25,pug,dog,25,pug,0.9898,True
pug_88,2567,25,pug,dog,25,pug,0.986,True
pug_89,2568,25,pug,dog,25,pug,0.9876,True
pug_8,2569,25,pug,dog,25,pug,0.9985,True
pug_90,2570,25,pug,dog,25,pug,0.9992,True
pug_91,2571,25,pug,dog,25,pug,0.9809,True
pug_92,2572,25,pug,dog,25,pug,0.7317,True
pug_93,2573,25,pug,dog,25,pug,0.8317,True
pug_94,2574,25,pug,dog,25,pug,0.9895,True
pug_95,2575,25,pug,dog,25,pug,0.9943,True
pug_96,2576,25,pug,dog,25,pug,0.9961,True
pug_97,2577,25,pug,dog,25,pug,0.9825,True
pug_98,2578,25,pug,dog,25,pug,0.9959,True
pug_99,2579,25,pug,dog,25,pug,0.9872,True
pug_9,2580,25,pug,dog,8,boxer,0.3612,False
Ragdoll_203,2581,26,Ragdoll,cat,26,Ragdoll,0.9824,True
Ragdoll_204,2582,26,Ragdoll,cat,6,Birman,0.7614,False
Ragdoll_205,2583,26,Ragdoll,cat,26,Ragdoll,0.994,True
Ragdoll_208,2584,26,Ragdoll,cat,6,Birman,0.8579,False
Ragdoll_20,2585,26,Ragdoll,cat,23,Persian,0.8341,False
Ragdoll_210,2586,26,Ragdoll,cat,26,Ragdoll,0.9699,True
Ragdoll_219,2587,26,Ragdoll,cat,6,Birman,0.6622,False
Ragdoll_224,2588,26,Ragdoll,cat,26,Ragdoll,0.5462,True
Ragdoll_227,2589,26,Ragdoll,cat,26,Ragdoll,0.7825,True
Ragdoll_228,2590,26,Ragdoll,cat,6,Birman,0.8789,False
Ragdoll_234,2591,26,Ragdoll,cat,26,Ragdoll,0.8724,True
Ragdoll_235,2592,26,Ragdoll,cat,6,Birman,0.3945,False
Ragdoll_245,2593,26,Ragdoll,cat,6,Birman,0.9479,False
Ragdoll_24,2594,26,Ragdoll,cat,6,Birman,0.662,False
Ragdoll_250,2595,26,Ragdoll,cat,20,Maine_Coon,0.6038,False
Ragdoll_252,2596,26,Ragdoll,cat,6,Birman,0.8971,False
Ragdoll_254,2597,26,Ragdoll,cat,26,Ragdoll,0.8543,True
Ragdoll_255,2598,26,Ragdoll,cat,26,Ragdoll,0.9174,True
Ragdoll_257,2599,26,Ragdoll,cat,26,Ragdoll,0.8639,True
Ragdoll_258,2600,26,Ragdoll,cat,26,Ragdoll,0.8535,True
Ragdoll_259,2601,26,Ragdoll,cat,26,Ragdoll,0.5386,True
Ragdoll_25,2602,26,Ragdoll,cat,26,Ragdoll,0.9036,True
Ragdoll_260,2603,26,Ragdoll,cat,26,Ragdoll,0.9655,True
Ragdoll_261,2604,26,Ragdoll,cat,26,Ragdoll,0.9925,True
Ragdoll_262,2605,26,Ragdoll,cat,26,Ragdoll,0.9938,True
Ragdoll_263,2606,26,Ragdoll,cat,26,Ragdoll,0.9825,True
Ragdoll_264,2607,26,Ragdoll,cat,26,Ragdoll,0.961,True
Ragdoll_265,2608,26,Ragdoll,cat,26,Ragdoll,0.8521,True
Ragdoll_26,2609,26,Ragdoll,cat,26,Ragdoll,0.5878,True
Ragdoll_27,2610,26,Ragdoll,cat,26,Ragdoll,0.8796,True
Ragdoll_29,2611,26,Ragdoll,cat,6,Birman,0.9201,False
Ragdoll_2,2612,26,Ragdoll,cat,23,Persian,0.5739,False
Ragdoll_30,2613,26,Ragdoll,cat,26,Ragdoll,0.8675,True
Ragdoll_31,2614,26,Ragdoll,cat,26,Ragdoll,0.9714,True
Ragdoll_32,2615,26,Ragdoll,cat,23,Persian,0.6689,False
Ragdoll_33,2616,26,Ragdoll,cat,26,Ragdoll,0.9326,True
Ragdoll_34,2617,26,Ragdoll,cat,26,Ragdoll,0.9727,True
Ragdoll_35,2618,26,Ragdoll,cat,6,Birman,0.9403,False
Ragdoll_36,2619,26,Ragdoll,cat,26,Ragdoll,0.6129,True
Ragdoll_37,2620,26,Ragdoll,cat,26,Ragdoll,0.779,True
Ragdoll_3,2621,26,Ragdoll,cat,23,Persian,0.5281,False
Ragdoll_40,2622,26,Ragdoll,cat,26,Ragdoll,0.8874,True
Ragdoll_41,2623,26,Ragdoll,cat,23,Persian,0.4546,False
Ragdoll_42,2624,26,Ragdoll,cat,26,Ragdoll,0.9583,True
Ragdoll_43,2625,26,Ragdoll,cat,26,Ragdoll,0.8744,True
Ragdoll_44,2626,26,Ragdoll,cat,26,Ragdoll,0.9975,True
Ragdoll_45,2627,26,Ragdoll,cat,23,Persian,0.963,False
Ragdoll_47,2628,26,Ragdoll,cat,23,Persian,0.6683,False
Ragdoll_48,2629,26,Ragdoll,cat,26,Ragdoll,0.9802,True
Ragdoll_49,2630,26,Ragdoll,cat,6,Birman,0.615,False
Ragdoll_4,2631,26,Ragdoll,cat,26,Ragdoll,0.9675,True
Ragdoll_51,2632,26,Ragdoll,cat,26,Ragdoll,0.9515,True
Ragdoll_52,2633,26,Ragdoll,cat,6,Birman,0.5493,False
Ragdoll_53,2634,26,Ragdoll,cat,6,Birman,0.5857,False
Ragdoll_54,2635,26,Ragdoll,cat,23,Persian,0.62,False
Ragdoll_56,2636,26,Ragdoll,cat,26,Ragdoll,0.5218,True
Ragdoll_57,2637,26,Ragdoll,cat,26,Ragdoll,0.9088,True
Ragdoll_58,2638,26,Ragdoll,cat,23,Persian,0.5064,False
Ragdoll_59,2639,26,Ragdoll,cat,26,Ragdoll,0.9863,True
Ragdoll_5,2640,26,Ragdoll,cat,26,Ragdoll,0.9973,True
Ragdoll_60,2641,26,Ragdoll,cat,27,Russian_Blue,0.5521,False
Ragdoll_62,2642,26,Ragdoll,cat,20,Maine_Coon,0.4996,False
Ragdoll_63,2643,26,Ragdoll,cat,26,Ragdoll,0.9947,True
Ragdoll_64,2644,26,Ragdoll,cat,26,Ragdoll,0.9637,True
Ragdoll_67,2645,26,Ragdoll,cat,6,Birman,0.9084,False
Ragdoll_68,2646,26,Ragdoll,cat,26,Ragdoll,0.9964,True
Ragdoll_69,2647,26,Ragdoll,cat,26,Ragdoll,0.987,True
Ragdoll_6,2648,26,Ragdoll,cat,26,Ragdoll,0.9868,True
Ragdoll_71,2649,26,Ragdoll,cat,26,Ragdoll,0.7203,True
Ragdoll_72,2650,26,Ragdoll,cat,26,Ragdoll,0.9414,True
Ragdoll_73,2651,26,Ragdoll,cat,26,Ragdoll,0.879,True
Ragdoll_74,2652,26,Ragdoll,cat,26,Ragdoll,0.9653,True
Ragdoll_75,2653,26,Ragdoll,cat,26,Ragdoll,0.7659,True
Ragdoll_76,2654,26,Ragdoll,cat,26,Ragdoll,0.9181,True
Ragdoll_77,2655,26,Ragdoll,cat,26,Ragdoll,0.8054,True
Ragdoll_78,2656,26,Ragdoll,cat,26,Ragdoll,0.9569,True
Ragdoll_79,2657,26,Ragdoll,cat,26,Ragdoll,0.843,True
Ragdoll_7,2658,26,Ragdoll,cat,6,Birman,0.7786,False
Ragdoll_80,2659,26,Ragdoll,cat,20,Maine_Coon,0.5709,False
Ragdoll_81,2660,26,Ragdoll,cat,6,Birman,0.8085,False
Ragdoll_82,2661,26,Ragdoll,cat,26,Ragdoll,0.9055,True
Ragdoll_83,2662,26,Ragdoll,cat,26,Ragdoll,0.9555,True
Ragdoll_84,2663,26,Ragdoll,cat,6,Birman,0.7192,False
Ragdoll_85,2664,26,Ragdoll,cat,26,Ragdoll,0.7616,True
Ragdoll_86,2665,26,Ragdoll,cat,6,Birman,0.5924,False
Ragdoll_87,2666,26,Ragdoll,cat,26,Ragdoll,0.9723,True
Ragdoll_88,2667,26,Ragdoll,cat,26,Ragdoll,0.996,True
Ragdoll_89,2668,26,Ragdoll,cat,26,Ragdoll,0.9956,True
Ragdoll_8,2669,26,Ragdoll,cat,26,Ragdoll,0.9353,True
Ragdoll_90,2670,26,Ragdoll,cat,26,Ragdoll,0.9716,True
Ragdoll_91,2671,26,Ragdoll,cat,23,Persian,0.5367,False
Ragdoll_92,2672,26,Ragdoll,cat,26,Ragdoll,0.9675,True
Ragdoll_93,2673,26,Ragdoll,cat,6,Birman,0.3166,False
Ragdoll_94,2674,26,Ragdoll,cat,26,Ragdoll,0.8157,True
Ragdoll_95,2675,26,Ragdoll,cat,26,Ragdoll,0.6587,True
Ragdoll_96,2676,26,Ragdoll,cat,26,Ragdoll,0.9451,True
Ragdoll_97,2677,26,Ragdoll,cat,26,Ragdoll,0.976,True
Ragdoll_98,2678,26,Ragdoll,cat,26,Ragdoll,0.8641,True
Ragdoll_99,2679,26,Ragdoll,cat,26,Ragdoll,0.9707,True
Ragdoll_9,2680,26,Ragdoll,cat,26,Ragdoll,0.9703,True
Russian_Blue_201,2681,27,Russian_Blue,cat,27,Russian_Blue,0.987,True
Russian_Blue_202,2682,27,Russian_Blue,cat,27,Russian_Blue,0.9942,True
Russian_Blue_203,2683,27,Russian_Blue,cat,27,Russian_Blue,0.9955,True
Russian_Blue_204,2684,27,Russian_Blue,cat,27,Russian_Blue,0.9945,True
Russian_Blue_205,2685,27,Russian_Blue,cat,27,Russian_Blue,0.9604,True
Russian_Blue_206,2686,27,Russian_Blue,cat,27,Russian_Blue,0.8965,True
Russian_Blue_207,2687,27,Russian_Blue,cat,27,Russian_Blue,0.9982,True
Russian_Blue_208,2688,27,Russian_Blue,cat,27,Russian_Blue,0.9965,True
Russian_Blue_209,2689,27,Russian_Blue,cat,27,Russian_Blue,0.999,True
Russian_Blue_20,2690,27,Russian_Blue,cat,9,British_Shorthair,0.7261,False
Russian_Blue_211,2691,27,Russian_Blue,cat,27,Russian_Blue,0.9682,True
Russian_Blue_212,2692,27,Russian_Blue,cat,27,Russian_Blue,0.985,True
Russian_Blue_215,2693,27,Russian_Blue,cat,7,Bombay,0.7334,False
Russian_Blue_216,2694,27,Russian_Blue,cat,27,Russian_Blue,0.5529,True
Russian_Blue_21,2695,27,Russian_Blue,cat,27,Russian_Blue,0.9992,True
Russian_Blue_220,2696,27,Russian_Blue,cat,27,Russian_Blue,0.6451,True
Russian_Blue_221,2697,27,Russian_Blue,cat,7,Bombay,0.9998,False
Russian_Blue_222,2698,27,Russian_Blue,cat,7,Bombay,0.9846,False
Russian_Blue_226,2699,27,Russian_Blue,cat,7,Bombay,0.8369,False
Russian_Blue_228,2700,27,Russian_Blue,cat,27,Russian_Blue,0.8941,True
Russian_Blue_232,2701,27,Russian_Blue,cat,27,Russian_Blue,0.8137,True
Russian_Blue_236,2702,27,Russian_Blue,cat,27,Russian_Blue,0.9749,True
Russian_Blue_237,2703,27,Russian_Blue,cat,27,Russian_Blue,0.5189,True
Russian_Blue_239,2704,27,Russian_Blue,cat,7,Bombay,0.7523,False
Russian_Blue_240,2705,27,Russian_Blue,cat,27,Russian_Blue,0.8486,True
Russian_Blue_242,2706,27,Russian_Blue,cat,7,Bombay,0.7301,False
Russian_Blue_244,2707,27,Russian_Blue,cat,7,Bombay,0.9766,False
Russian_Blue_24,2708,27,Russian_Blue,cat,27,Russian_Blue,0.978,True
Russian_Blue_253,2709,27,Russian_Blue,cat,27,Russian_Blue,0.5843,True
Russian_Blue_258,2710,27,Russian_Blue,cat,27,Russian_Blue,0.5386,True
Russian_Blue_262,2711,27,Russian_Blue,cat,27,Russian_Blue,0.5938,True
Russian_Blue_263,2712,27,Russian_Blue,cat,27,Russian_Blue,0.9953,True
Russian_Blue_264,2713,27,Russian_Blue,cat,27,Russian_Blue,0.7184,True
Russian_Blue_27,2714,27,Russian_Blue,cat,27,Russian_Blue,0.9749,True
Russian_Blue_28,2715,27,Russian_Blue,cat,27,Russian_Blue,0.8459,True
Russian_Blue_29,2716,27,Russian_Blue,cat,9,British_Shorthair,0.9319,False
Russian_Blue_30,2717,27,Russian_Blue,cat,27,Russian_Blue,0.8451,True
Russian_Blue_31,2718,27,Russian_Blue,cat,27,Russian_Blue,0.9989,True
Russian_Blue_32,2719,27,Russian_Blue,cat,27,Russian_Blue,0.9927,True
Russian_Blue_33,2720,27,Russian_Blue,cat,27,Russian_Blue,0.8762,True
Russian_Blue_34,2721,27,Russian_Blue,cat,27,Russian_Blue,0.9889,True
Russian_Blue_35,2722,27,Russian_Blue,cat,27,Russian_Blue,0.9963,True
Russian_Blue_36,2723,27,Russian_Blue,cat,27,Russian_Blue,0.9978,True
Russian_Blue_38,2724,27,Russian_Blue,cat,27,Russian_Blue,0.9979,True
Russian_Blue_40,2725,27,Russian_Blue,cat,27,Russian_Blue,0.8533,True
Russian_Blue_41,2726,27,Russian_Blue,cat,27,Russian_Blue,0.9983,True
Russian_Blue_43,2727,27,Russian_Blue,cat,27,Russian_Blue,0.988,True
Russian_Blue_44,2728,27,Russian_Blue,cat,27,Russian_Blue,0.9956,True
Russian_Blue_45,2729,27,Russian_Blue,cat,27,Russian_Blue,0.9914,True
Russian_Blue_47,2730,27,Russian_Blue,cat,27,Russian_Blue,0.9525,True
Russian_Blue_48,2731,27,Russian_Blue,cat,27,Russian_Blue,0.9714,True
Russian_Blue_49,2732,27,Russian_Blue,cat,27,Russian_Blue,0.895,True
Russian_Blue_50,2733,27,Russian_Blue,cat,27,Russian_Blue,0.937,True
Russian_Blue_51,2734,27,Russian_Blue,cat,27,Russian_Blue,0.9979,True
Russian_Blue_53,2735,27,Russian_Blue,cat,27,Russian_Blue,0.9448,True
Russian_Blue_54,2736,27,Russian_Blue,cat,27,Russian_Blue,0.9856,True
Russian_Blue_55,2737,27,Russian_Blue,cat,27,Russian_Blue,0.9841,True
Russian_Blue_57,2738,27,Russian_Blue,cat,27,Russian_Blue,0.9646,True
Russian_Blue_59,2739,27,Russian_Blue,cat,27,Russian_Blue,0.9987,True
Russian_Blue_60,2740,27,Russian_Blue,cat,27,Russian_Blue,0.8762,True
Russian_Blue_61,2741,27,Russian_Blue,cat,27,Russian_Blue,0.8178,True
Russian_Blue_62,2742,27,Russian_Blue,cat,27,Russian_Blue,0.8315,True
Russian_Blue_63,2743,27,Russian_Blue,cat,27,Russian_Blue,0.9216,True
Russian_Blue_64,2744,27,Russian_Blue,cat,27,Russian_Blue,0.9918,True
Russian_Blue_66,2745,27,Russian_Blue,cat,27,Russian_Blue,0.9866,True
Russian_Blue_67,2746,27,Russian_Blue,cat,27,Russian_Blue,0.9399,True
Russian_Blue_68,2747,27,Russian_Blue,cat,27,Russian_Blue,0.9959,True
Russian_Blue_69,2748,27,Russian_Blue,cat,27,Russian_Blue,0.9977,True
Russian_Blue_70,2749,27,Russian_Blue,cat,27,Russian_Blue,0.9919,True
Russian_Blue_71,2750,27,Russian_Blue,cat,27,Russian_Blue,0.9914,True
Russian_Blue_72,2751,27,Russian_Blue,cat,27,Russian_Blue,0.9923,True
Russian_Blue_73,2752,27,Russian_Blue,cat,27,Russian_Blue,0.9771,True
Russian_Blue_74,2753,27,Russian_Blue,cat,27,Russian_Blue,0.9849,True
Russian_Blue_75,2754,27,Russian_Blue,cat,27,Russian_Blue,0.9952,True
Russian_Blue_76,2755,27,Russian_Blue,cat,27,Russian_Blue,0.998,True
Russian_Blue_77,2756,27,Russian_Blue,cat,27,Russian_Blue,0.9904,True
Russian_Blue_78,2757,27,Russian_Blue,cat,27,Russian_Blue,0.9868,True
Russian_Blue_79,2758,27,Russian_Blue,cat,27,Russian_Blue,0.9101,True
Russian_Blue_80,2759,27,Russian_Blue,cat,27,Russian_Blue,0.9933,True
Russian_Blue_81,2760,27,Russian_Blue,cat,27,Russian_Blue,0.9962,True
Russian_Blue_82,2761,27,Russian_Blue,cat,27,Russian_Blue,0.8925,True
Russian_Blue_83,2762,27,Russian_Blue,cat,27,Russian_Blue,0.9712,True
Russian_Blue_84,2763,27,Russian_Blue,cat,27,Russian_Blue,0.677,True
Russian_Blue_85,2764,27,Russian_Blue,cat,27,Russian_Blue,0.9993,True
Russian_Blue_86,2765,27,Russian_Blue,cat,27,Russian_Blue,0.9966,True
Russian_Blue_87,2766,27,Russian_Blue,cat,27,Russian_Blue,0.9973,True
Russian_Blue_88,2767,27,Russian_Blue,cat,27,Russian_Blue,0.9854,True
Russian_Blue_89,2768,27,Russian_Blue,cat,27,Russian_Blue,0.9977,True
Russian_Blue_8,2769,27,Russian_Blue,cat,27,Russian_Blue,0.5421,True
Russian_Blue_90,2770,27,Russian_Blue,cat,27,Russian_Blue,0.9681,True
Russian_Blue_91,2771,27,Russian_Blue,cat,27,Russian_Blue,0.9947,True
Russian_Blue_92,2772,27,Russian_Blue,cat,27,Russian_Blue,0.9945,True
Russian_Blue_93,2773,27,Russian_Blue,cat,27,Russian_Blue,0.9315,True
Russian_Blue_94,2774,27,Russian_Blue,cat,27,Russian_Blue,0.9824,True
Russian_Blue_95,2775,27,Russian_Blue,cat,27,Russian_Blue,0.9422,True
Russian_Blue_96,2776,27,Russian_Blue,cat,27,Russian_Blue,0.8384,True
Russian_Blue_97,2777,27,Russian_Blue,cat,27,Russian_Blue,0.9673,True
Russian_Blue_98,2778,27,Russian_Blue,cat,9,British_Shorthair,0.4907,False
Russian_Blue_99,2779,27,Russian_Blue,cat,27,Russian_Blue,0.9523,True
Russian_Blue_9,2780,27,Russian_Blue,cat,0,Abyssinian,0.9563,False
saint_bernard_191,2781,28,saint_bernard,dog,28,saint_bernard,0.9884,True
saint_bernard_192,2782,28,saint_bernard,dog,28,saint_bernard,0.958,True
saint_bernard_193,2783,28,saint_bernard,dog,28,saint_bernard,0.9296,True
saint_bernard_194,2784,28,saint_bernard,dog,28,saint_bernard,0.998,True
saint_bernard_195,2785,28,saint_bernard,dog,28,saint_bernard,0.9658,True
saint_bernard_196,2786,28,saint_bernard,dog,17,japanese_chin,0.497,False
saint_bernard_197,2787,28,saint_bernard,dog,28,saint_bernard,0.9866,True
saint_bernard_198,2788,28,saint_bernard,dog,28,saint_bernard,0.9966,True
saint_bernard_199,2789,28,saint_bernard,dog,28,saint_bernard,0.9917,True
saint_bernard_19,2790,28,saint_bernard,dog,28,saint_bernard,0.9683,True
saint_bernard_1,2791,28,saint_bernard,dog,28,saint_bernard,0.9968,True
saint_bernard_200,2792,28,saint_bernard,dog,28,saint_bernard,0.9928,True
saint_bernard_20,2793,28,saint_bernard,dog,28,saint_bernard,0.8145,True
saint_bernard_21,2794,28,saint_bernard,dog,28,saint_bernard,0.9799,True
saint_bernard_22,2795,28,saint_bernard,dog,28,saint_bernard,0.9977,True
saint_bernard_23,2796,28,saint_bernard,dog,28,saint_bernard,0.9956,True
saint_bernard_24,2797,28,saint_bernard,dog,28,saint_bernard,0.9921,True
saint_bernard_25,2798,28,saint_bernard,dog,13,english_setter,0.4895,False
saint_bernard_26,2799,28,saint_bernard,dog,28,saint_bernard,0.991,True
saint_bernard_27,2800,28,saint_bernard,dog,28,saint_bernard,0.9878,True
saint_bernard_28,2801,28,saint_bernard,dog,28,saint_bernard,0.9943,True
saint_bernard_29,2802,28,saint_bernard,dog,28,saint_bernard,0.981,True
saint_bernard_2,2803,28,saint_bernard,dog,28,saint_bernard,0.996,True
saint_bernard_30,2804,28,saint_bernard,dog,28,saint_bernard,0.9235,True
saint_bernard_31,2805,28,saint_bernard,dog,28,saint_bernard,0.9859,True
saint_bernard_32,2806,28,saint_bernard,dog,28,saint_bernard,0.9939,True
saint_bernard_33,2807,28,saint_bernard,dog,28,saint_bernard,0.9564,True
saint_bernard_34,2808,28,saint_bernard,dog,28,saint_bernard,0.9692,True
saint_bernard_35,2809,28,saint_bernard,dog,28,saint_bernard,0.9483,True
saint_bernard_36,2810,28,saint_bernard,dog,28,saint_bernard,0.9941,True
saint_bernard_37,2811,28,saint_bernard,dog,28,saint_bernard,0.9913,True
saint_bernard_38,2812,28,saint_bernard,dog,28,saint_bernard,0.3273,True
saint_bernard_39,2813,28,saint_bernard,dog,28,saint_bernard,0.9931,True
saint_bernard_3,2814,28,saint_bernard,dog,28,saint_bernard,0.9919,True
saint_bernard_40,2815,28,saint_bernard,dog,28,saint_bernard,0.9681,True
saint_bernard_41,2816,28,saint_bernard,dog,28,saint_bernard,0.9918,True
saint_bernard_42,2817,28,saint_bernard,dog,28,saint_bernard,0.9924,True
saint_bernard_43,2818,28,saint_bernard,dog,28,saint_bernard,0.9925,True
saint_bernard_44,2819,28,saint_bernard,dog,28,saint_bernard,0.9958,True
saint_bernard_45,2820,28,saint_bernard,dog,28,saint_bernard,0.995,True
saint_bernard_46,2821,28,saint_bernard,dog,28,saint_bernard,0.9892,True
saint_bernard_47,2822,28,saint_bernard,dog,28,saint_bernard,0.9751,True
saint_bernard_48,2823,28,saint_bernard,dog,28,saint_bernard,0.9962,True
saint_bernard_49,2824,28,saint_bernard,dog,28,saint_bernard,0.9953,True
saint_bernard_4,2825,28,saint_bernard,dog,28,saint_bernard,0.9969,True
saint_bernard_50,2826,28,saint_bernard,dog,28,saint_bernard,0.9903,True
saint_bernard_51,2827,28,saint_bernard,dog,28,saint_bernard,0.995,True
saint_bernard_52,2828,28,saint_bernard,dog,28,saint_bernard,0.9951,True
saint_bernard_53,2829,28,saint_bernard,dog,28,saint_bernard,0.9906,True
saint_bernard_54,2830,28,saint_bernard,dog,28,saint_bernard,0.9958,True
saint_bernard_55,2831,28,saint_bernard,dog,28,saint_bernard,0.9969,True
saint_bernard_56,2832,28,saint_bernard,dog,28,saint_bernard,0.9933,True
saint_bernard_57,2833,28,saint_bernard,dog,28,saint_bernard,0.3276,True
saint_bernard_58,2834,28,saint_bernard,dog,28,saint_bernard,0.9928,True
saint_bernard_59,2835,28,saint_bernard,dog,28,saint_bernard,0.9623,True
saint_bernard_5,2836,28,saint_bernard,dog,28,saint_bernard,0.9929,True
saint_bernard_60,2837,28,saint_bernard,dog,28,saint_bernard,0.9985,True
saint_bernard_61,2838,28,saint_bernard,dog,28,saint_bernard,0.9913,True
saint_bernard_62,2839,28,saint_bernard,dog,28,saint_bernard,0.9912,True
saint_bernard_63,2840,28,saint_bernard,dog,28,saint_bernard,0.9982,True
saint_bernard_64,2841,28,saint_bernard,dog,28,saint_bernard,0.9919,True
saint_bernard_65,2842,28,saint_bernard,dog,28,saint_bernard,0.9907,True
saint_bernard_66,2843,28,saint_bernard,dog,28,saint_bernard,0.9897,True
saint_bernard_67,2844,28,saint_bernard,dog,28,saint_bernard,0.953,True
saint_bernard_68,2845,28,saint_bernard,dog,28,saint_bernard,0.9973,True
saint_bernard_69,2846,28,saint_bernard,dog,28,saint_bernard,0.9887,True
saint_bernard_6,2847,28,saint_bernard,dog,28,saint_bernard,0.971,True
saint_bernard_70,2848,28,saint_bernard,dog,28,saint_bernard,0.842,True
saint_bernard_71,2849,28,saint_bernard,dog,28,saint_bernard,0.9829,True
saint_bernard_72,2850,28,saint_bernard,dog,28,saint_bernard,0.9943,True
saint_bernard_73,2851,28,saint_bernard,dog,28,saint_bernard,0.9979,True
saint_bernard_74,2852,28,saint_bernard,dog,28,saint_bernard,0.9613,True
saint_bernard_75,2853,28,saint_bernard,dog,28,saint_bernard,0.9815,True
saint_bernard_76,2854,28,saint_bernard,dog,28,saint_bernard,0.9968,True
saint_bernard_77,2855,28,saint_bernard,dog,28,saint_bernard,0.9985,True
saint_bernard_78,2856,28,saint_bernard,dog,28,saint_bernard,0.999,True
saint_bernard_79,2857,28,saint_bernard,dog,28,saint_bernard,0.9909,True
saint_bernard_7,2858,28,saint_bernard,dog,28,saint_bernard,0.9622,True
saint_bernard_80,2859,28,saint_bernard,dog,28,saint_bernard,0.9557,True
saint_bernard_81,2860,28,saint_bernard,dog,28,saint_bernard,0.9957,True
saint_bernard_82,2861,28,saint_bernard,dog,28,saint_bernard,0.994,True
saint_bernard_83,2862,28,saint_bernard,dog,28,saint_bernard,0.9907,True
saint_bernard_84,2863,28,saint_bernard,dog,28,saint_bernard,0.9951,True
saint_bernard_85,2864,28,saint_bernard,dog,28,saint_bernard,0.8451,True
saint_bernard_86,2865,28,saint_bernard,dog,28,saint_bernard,0.9977,True
saint_bernard_87,2866,28,saint_bernard,dog,28,saint_bernard,0.9949,True
saint_bernard_88,2867,28,saint_bernard,dog,28,saint_bernard,0.9749,True
saint_bernard_89,2868,28,saint_bernard,dog,28,saint_bernard,0.9053,True
saint_bernard_8,2869,28,saint_bernard,dog,28,saint_bernard,0.7015,True
saint_bernard_90,2870,28,saint_bernard,dog,28,saint_bernard,0.9988,True
saint_bernard_91,2871,28,saint_bernard,dog,28,saint_bernard,0.9966,True
saint_bernard_92,2872,28,saint_bernard,dog,28,saint_bernard,0.9894,True
saint_bernard_93,2873,28,saint_bernard,dog,28,saint_bernard,0.9896,True
saint_bernard_94,2874,28,saint_bernard,dog,28,saint_bernard,0.9938,True
saint_bernard_95,2875,28,saint_bernard,dog,28,saint_bernard,0.9963,True
saint_bernard_96,2876,28,saint_bernard,dog,28,saint_bernard,0.9968,True
saint_bernard_97,2877,28,saint_bernard,dog,28,saint_bernard,0.9935,True
saint_bernard_98,2878,28,saint_bernard,dog,28,saint_bernard,0.9941,True
saint_bernard_99,2879,28,saint_bernard,dog,28,saint_bernard,0.9822,True
saint_bernard_9,2880,28,saint_bernard,dog,28,saint_bernard,0.9975,True
samoyed_191,2881,29,samoyed,dog,29,samoyed,0.9957,True
samoyed_192,2882,29,samoyed,dog,29,samoyed,0.9997,True
samoyed_194,2883,29,samoyed,dog,29,samoyed,0.9996,True
samoyed_195,2884,29,samoyed,dog,29,samoyed,0.9992,True
samoyed_196,2885,29,samoyed,dog,29,samoyed,0.9998,True
samoyed_197,2886,29,samoyed,dog,29,samoyed,0.9999,True
samoyed_198,2887,29,samoyed,dog,29,samoyed,0.9996,True
samoyed_199,2888,29,samoyed,dog,29,samoyed,0.9985,True
samoyed_19,2889,29,samoyed,dog,29,samoyed,0.991,True
samoyed_1,2890,29,samoyed,dog,29,samoyed,0.9996,True
samoyed_200,2891,29,samoyed,dog,29,samoyed,0.9997,True
samoyed_202,2892,29,samoyed,dog,29,samoyed,0.9999,True
samoyed_20,2893,29,samoyed,dog,29,samoyed,0.9997,True
samoyed_21,2894,29,samoyed,dog,29,samoyed,0.9991,True
samoyed_22,2895,29,samoyed,dog,29,samoyed,0.999,True
samoyed_23,2896,29,samoyed,dog,29,samoyed,0.9991,True
samoyed_24,2897,29,samoyed,dog,29,samoyed,0.9984,True
samoyed_25,2898,29,samoyed,dog,29,samoyed,0.9993,True
samoyed_26,2899,29,samoyed,dog,29,samoyed,0.9993,True
samoyed_27,2900,29,samoyed,dog,29,samoyed,0.997,True
samoyed_28,2901,29,samoyed,dog,29,samoyed,0.9997,True
samoyed_29,2902,29,samoyed,dog,29,samoyed,0.9998,True
samoyed_2,2903,29,samoyed,dog,29,samoyed,0.9948,True
samoyed_30,2904,29,samoyed,dog,29,samoyed,0.9984,True
samoyed_31,2905,29,samoyed,dog,29,samoyed,0.9993,True
samoyed_32,2906,29,samoyed,dog,29,samoyed,0.9991,True
samoyed_33,2907,29,samoyed,dog,29,samoyed,0.9994,True
samoyed_34,2908,29,samoyed,dog,29,samoyed,0.9905,True
samoyed_35,2909,29,samoyed,dog,29,samoyed,0.9997,True
samoyed_36,2910,29,samoyed,dog,29,samoyed,0.9995,True
samoyed_37,2911,29,samoyed,dog,29,samoyed,0.998,True
samoyed_38,2912,29,samoyed,dog,29,samoyed,0.998,True
samoyed_39,2913,29,samoyed,dog,29,samoyed,0.9995,True
samoyed_3,2914,29,samoyed,dog,29,samoyed,0.9998,True
samoyed_40,2915,29,samoyed,dog,29,samoyed,0.9999,True
samoyed_41,2916,29,samoyed,dog,29,samoyed,0.9992,True
samoyed_42,2917,29,samoyed,dog,29,samoyed,0.9962,True
samoyed_43,2918,29,samoyed,dog,29,samoyed,0.998,True
samoyed_44,2919,29,samoyed,dog,29,samoyed,0.9985,True
samoyed_45,2920,29,samoyed,dog,29,samoyed,0.9981,True
samoyed_46,2921,29,samoyed,dog,29,samoyed,0.9995,True
samoyed_47,2922,29,samoyed,dog,29,samoyed,0.9997,True
samoyed_48,2923,29,samoyed,dog,29,samoyed,0.9977,True
samoyed_49,2924,29,samoyed,dog,29,samoyed,0.9997,True
samoyed_4,2925,29,samoyed,dog,29,samoyed,0.9999,True
samoyed_50,2926,29,samoyed,dog,29,samoyed,0.9991,True
samoyed_51,2927,29,samoyed,dog,29,samoyed,0.9995,True
samoyed_52,2928,29,samoyed,dog,29,samoyed,0.9998,True
samoyed_53,2929,29,samoyed,dog,29,samoyed,0.999,True
samoyed_54,2930,29,samoyed,dog,29,samoyed,0.9999,True
samoyed_55,2931,29,samoyed,dog,29,samoyed,0.9996,True
samoyed_56,2932,29,samoyed,dog,29,samoyed,0.9998,True
samoyed_57,2933,29,samoyed,dog,29,samoyed,0.9996,True
samoyed_58,2934,29,samoyed,dog,29,samoyed,0.9991,True
samoyed_59,2935,29,samoyed,dog,29,samoyed,0.9993,True
samoyed_5,2936,29,samoyed,dog,29,samoyed,0.9983,True
samoyed_60,2937,29,samoyed,dog,29,samoyed,0.9978,True
samoyed_61,2938,29,samoyed,dog,29,samoyed,0.9994,True
samoyed_62,2939,29,samoyed,dog,29,samoyed,0.999,True
samoyed_63,2940,29,samoyed,dog,29,samoyed,0.9987,True
samoyed_64,2941,29,samoyed,dog,29,samoyed,0.9993,True
samoyed_65,2942,29,samoyed,dog,29,samoyed,0.9995,True
samoyed_66,2943,29,samoyed,dog,29,samoyed,0.9997,True
samoyed_67,2944,29,samoyed,dog,29,samoyed,0.9986,True
samoyed_68,2945,29,samoyed,dog,29,samoyed,0.9994,True
samoyed_69,2946,29,samoyed,dog,29,samoyed,0.9998,True
samoyed_6,2947,29,samoyed,dog,29,samoyed,0.9999,True
samoyed_70,2948,29,samoyed,dog,29,samoyed,0.9999,True
samoyed_71,2949,29,samoyed,dog,29,samoyed,0.9996,True
samoyed_72,2950,29,samoyed,dog,29,samoyed,0.989,True
samoyed_73,2951,29,samoyed,dog,29,samoyed,0.9985,True
samoyed_74,2952,29,samoyed,dog,29,samoyed,0.9994,True
samoyed_75,2953,29,samoyed,dog,29,samoyed,0.9999,True
samoyed_76,2954,29,samoyed,dog,29,samoyed,0.9981,True
samoyed_77,2955,29,samoyed,dog,29,samoyed,0.9998,True
samoyed_78,2956,29,samoyed,dog,29,samoyed,0.9992,True
samoyed_79,2957,29,samoyed,dog,29,samoyed,0.9999,True
samoyed_7,2958,29,samoyed,dog,29,samoyed,0.9985,True
samoyed_80,2959,29,samoyed,dog,29,samoyed,0.9998,True
samoyed_81,2960,29,samoyed,dog,29,samoyed,0.9992,True
samoyed_82,2961,29,samoyed,dog,29,samoyed,0.9981,True
samoyed_83,2962,29,samoyed,dog,29,samoyed,0.9182,True
samoyed_84,2963,29,samoyed,dog,29,samoyed,0.9996,True
samoyed_85,2964,29,samoyed,dog,29,samoyed,0.9988,True
samoyed_86,2965,29,samoyed,dog,29,samoyed,0.9994,True
samoyed_87,2966,29,samoyed,dog,29,samoyed,0.9998,True
samoyed_88,2967,29,samoyed,dog,29,samoyed,0.9988,True
samoyed_89,2968,29,samoyed,dog,29,samoyed,0.9997,True
samoyed_8,2969,29,samoyed,dog,29,samoyed,0.9998,True
samoyed_90,2970,29,samoyed,dog,29,samoyed,0.997,True
samoyed_91,2971,29,samoyed,dog,29,samoyed,0.9515,True
samoyed_92,2972,29,samoyed,dog,29,samoyed,0.9992,True
samoyed_93,2973,29,samoyed,dog,29,samoyed,0.9998,True
samoyed_94,2974,29,samoyed,dog,29,samoyed,0.9987,True
samoyed_95,2975,29,samoyed,dog,29,samoyed,0.9995,True
samoyed_96,2976,29,samoyed,dog,29,samoyed,0.9999,True
samoyed_97,2977,29,samoyed,dog,29,samoyed,0.9994,True
samoyed_98,2978,29,samoyed,dog,29,samoyed,0.9989,True
samoyed_99,2979,29,samoyed,dog,29,samoyed,0.9987,True
samoyed_9,2980,29,samoyed,dog,29,samoyed,0.9994,True
scottish_terrier_191,2981,30,scottish_terrier,dog,30,scottish_terrier,0.9989,True
scottish_terrier_192,2982,30,scottish_terrier,dog,30,scottish_terrier,0.9963,True
scottish_terrier_193,2983,30,scottish_terrier,dog,30,scottish_terrier,0.9977,True
scottish_terrier_194,2984,30,scottish_terrier,dog,30,scottish_terrier,0.999,True
scottish_terrier_195,2985,30,scottish_terrier,dog,30,scottish_terrier,0.8885,True
scottish_terrier_196,2986,30,scottish_terrier,dog,30,scottish_terrier,0.9983,True
scottish_terrier_197,2987,30,scottish_terrier,dog,16,havanese,0.8902,False
scottish_terrier_198,2988,30,scottish_terrier,dog,30,scottish_terrier,0.9987,True
scottish_terrier_199,2989,30,scottish_terrier,dog,30,scottish_terrier,0.998,True
scottish_terrier_19,2990,30,scottish_terrier,dog,30,scottish_terrier,0.9398,True
scottish_terrier_1,2991,30,scottish_terrier,dog,30,scottish_terrier,0.9993,True
scottish_terrier_20,2992,30,scottish_terrier,dog,30,scottish_terrier,0.9943,True
scottish_terrier_21,2993,30,scottish_terrier,dog,30,scottish_terrier,0.9986,True
scottish_terrier_22,2994,30,scottish_terrier,dog,30,scottish_terrier,0.9948,True
scottish_terrier_23,2995,30,scottish_terrier,dog,30,scottish_terrier,0.9216,True
scottish_terrier_24,2996,30,scottish_terrier,dog,30,scottish_terrier,0.9977,True
scottish_terrier_25,2997,30,scottish_terrier,dog,30,scottish_terrier,0.9974,True
scottish_terrier_26,2998,30,scottish_terrier,dog,30,scottish_terrier,0.9673,True
scottish_terrier_27,2999,30,scottish_terrier,dog,30,scottish_terrier,0.9923,True
scottish_terrier_28,3000,30,scottish_terrier,dog,30,scottish_terrier,0.9977,True
scottish_terrier_29,3001,30,scottish_terrier,dog,30,scottish_terrier,0.8573,True
scottish_terrier_2,3002,30,scottish_terrier,dog,30,scottish_terrier,0.9955,True
scottish_terrier_30,3003,30,scottish_terrier,dog,30,scottish_terrier,0.9993,True
scottish_terrier_31,3004,30,scottish_terrier,dog,30,scottish_terrier,0.769,True
scottish_terrier_32,3005,30,scottish_terrier,dog,30,scottish_terrier,0.9957,True
scottish_terrier_33,3006,30,scottish_terrier,dog,30,scottish_terrier,0.8611,True
scottish_terrier_34,3007,30,scottish_terrier,dog,30,scottish_terrier,0.9995,True
scottish_terrier_35,3008,30,scottish_terrier,dog,30,scottish_terrier,0.9997,True
scottish_terrier_36,3009,30,scottish_terrier,dog,30,scottish_terrier,0.9989,True
scottish_terrier_37,3010,30,scottish_terrier,dog,30,scottish_terrier,0.9085,True
scottish_terrier_38,3011,30,scottish_terrier,dog,30,scottish_terrier,0.9828,True
scottish_terrier_39,3012,30,scottish_terrier,dog,30,scottish_terrier,0.9926,True
scottish_terrier_3,3013,30,scottish_terrier,dog,30,scottish_terrier,0.6933,True
scottish_terrier_40,3014,30,scottish_terrier,dog,30,scottish_terrier,0.9971,True
scottish_terrier_41,3015,30,scottish_terrier,dog,30,scottish_terrier,0.999,True
scottish_terrier_42,3016,30,scottish_terrier,dog,30,scottish_terrier,0.9997,True
scottish_terrier_43,3017,30,scottish_terrier,dog,30,scottish_terrier,0.9606,True
scottish_terrier_44,3018,30,scottish_terrier,dog,30,scottish_terrier,0.9977,True
scottish_terrier_45,3019,30,scottish_terrier,dog,30,scottish_terrier,0.9968,True
scottish_terrier_46,3020,30,scottish_terrier,dog,30,scottish_terrier,0.9983,True
scottish_terrier_47,3021,30,scottish_terrier,dog,30,scottish_terrier,0.9715,True
scottish_terrier_48,3022,30,scottish_terrier,dog,30,scottish_terrier,0.9954,True
scottish_terrier_49,3023,30,scottish_terrier,dog,30,scottish_terrier,0.9955,True
scottish_terrier_4,3024,30,scottish_terrier,dog,30,scottish_terrier,0.9968,True
scottish_terrier_50,3025,30,scottish_terrier,dog,30,scottish_terrier,0.9991,True
scottish_terrier_51,3026,30,scottish_terrier,dog,30,scottish_terrier,0.9638,True
scottish_terrier_52,3027,30,scottish_terrier,dog,30,scottish_terrier,0.9995,True
scottish_terrier_53,3028,30,scottish_terrier,dog,30,scottish_terrier,0.9989,True
scottish_terrier_54,3029,30,scottish_terrier,dog,30,scottish_terrier,0.9974,True
scottish_terrier_55,3030,30,scottish_terrier,dog,30,scottish_terrier,0.9974,True
scottish_terrier_56,3031,30,scottish_terrier,dog,30,scottish_terrier,0.9985,True
scottish_terrier_57,3032,30,scottish_terrier,dog,30,scottish_terrier,0.9963,True
scottish_terrier_58,3033,30,scottish_terrier,dog,30,scottish_terrier,0.933,True
scottish_terrier_59,3034,30,scottish_terrier,dog,30,scottish_terrier,0.9959,True
scottish_terrier_5,3035,30,scottish_terrier,dog,30,scottish_terrier,0.9993,True
scottish_terrier_60,3036,30,scottish_terrier,dog,30,scottish_terrier,0.9988,True
scottish_terrier_61,3037,30,scottish_terrier,dog,30,scottish_terrier,0.9987,True
scottish_terrier_62,3038,30,scottish_terrier,dog,30,scottish_terrier,0.9993,True
scottish_terrier_63,3039,30,scottish_terrier,dog,30,scottish_terrier,0.9985,True
scottish_terrier_64,3040,30,scottish_terrier,dog,30,scottish_terrier,0.9938,True
scottish_terrier_65,3041,30,scottish_terrier,dog,30,scottish_terrier,0.9981,True
scottish_terrier_66,3042,30,scottish_terrier,dog,30,scottish_terrier,0.9989,True
scottish_terrier_67,3043,30,scottish_terrier,dog,30,scottish_terrier,0.9995,True
scottish_terrier_68,3044,30,scottish_terrier,dog,30,scottish_terrier,0.4554,True
scottish_terrier_69,3045,30,scottish_terrier,dog,30,scottish_terrier,0.9675,True
scottish_terrier_6,3046,30,scottish_terrier,dog,35,wheaten_terrier,0.9551,False
scottish_terrier_70,3047,30,scottish_terrier,dog,30,scottish_terrier,0.9676,True
scottish_terrier_71,3048,30,scottish_terrier,dog,30,scottish_terrier,0.9993,True
scottish_terrier_72,3049,30,scottish_terrier,dog,30,scottish_terrier,0.9986,True
scottish_terrier_73,3050,30,scottish_terrier,dog,30,scottish_terrier,0.9934,True
scottish_terrier_74,3051,30,scottish_terrier,dog,30,scottish_terrier,0.875,True
scottish_terrier_75,3052,30,scottish_terrier,dog,30,scottish_terrier,0.9306,True
scottish_terrier_76,3053,30,scottish_terrier,dog,30,scottish_terrier,0.9196,True
scottish_terrier_77,3054,30,scottish_terrier,dog,30,scottish_terrier,0.9986,True
scottish_terrier_78,3055,30,scottish_terrier,dog,30,scottish_terrier,0.9955,True
scottish_terrier_79,3056,30,scottish_terrier,dog,30,scottish_terrier,0.9882,True
scottish_terrier_7,3057,30,scottish_terrier,dog,30,scottish_terrier,0.9986,True
scottish_terrier_80,3058,30,scottish_terrier,dog,30,scottish_terrier,0.9979,True
scottish_terrier_81,3059,30,scottish_terrier,dog,30,scottish_terrier,0.9959,True
scottish_terrier_82,3060,30,scottish_terrier,dog,30,scottish_terrier,0.9979,True
scottish_terrier_83,3061,30,scottish_terrier,dog,30,scottish_terrier,0.9942,True
scottish_terrier_84,3062,30,scottish_terrier,dog,30,scottish_terrier,0.8638,True
scottish_terrier_85,3063,30,scottish_terrier,dog,30,scottish_terrier,0.984,True
scottish_terrier_86,3064,30,scottish_terrier,dog,30,scottish_terrier,0.9954,True
scottish_terrier_87,3065,30,scottish_terrier,dog,30,scottish_terrier,0.9993,True
scottish_terrier_88,3066,30,scottish_terrier,dog,30,scottish_terrier,0.9996,True
scottish_terrier_89,3067,30,scottish_terrier,dog,30,scottish_terrier,0.9973,True
scottish_terrier_8,3068,30,scottish_terrier,dog,30,scottish_terrier,0.9983,True
scottish_terrier_90,3069,30,scottish_terrier,dog,30,scottish_terrier,0.9986,True
scottish_terrier_91,3070,30,scottish_terrier,dog,30,scottish_terrier,0.9928,True
scottish_terrier_92,3071,30,scottish_terrier,dog,30,scottish_terrier,0.8456,True
scottish_terrier_93,3072,30,scottish_terrier,dog,30,scottish_terrier,0.9962,True
scottish_terrier_94,3073,30,scottish_terrier,dog,30,scottish_terrier,0.9958,True
scottish_terrier_95,3074,30,scottish_terrier,dog,30,scottish_terrier,0.9971,True
scottish_terrier_96,3075,30,scottish_terrier,dog,30,scottish_terrier,0.9983,True
scottish_terrier_97,3076,30,scottish_terrier,dog,30,scottish_terrier,0.9988,True
scottish_terrier_98,3077,30,scottish_terrier,dog,30,scottish_terrier,0.9442,True
scottish_terrier_99,3078,30,scottish_terrier,dog,30,scottish_terrier,0.9634,True
scottish_terrier_9,3079,30,scottish_terrier,dog,30,scottish_terrier,0.9994,True
shiba_inu_1,3080,31,shiba_inu,dog,31,shiba_inu,0.9327,True
shiba_inu_200,3081,31,shiba_inu,dog,31,shiba_inu,0.9926,True
shiba_inu_201,3082,31,shiba_inu,dog,31,shiba_inu,0.9911,True
shiba_inu_202,3083,31,shiba_inu,dog,31,shiba_inu,0.9862,True
shiba_inu_203,3084,31,shiba_inu,dog,31,shiba_inu,0.9983,True
shiba_inu_204,3085,31,shiba_inu,dog,31,shiba_inu,0.9136,True
shiba_inu_205,3086,31,shiba_inu,dog,29,samoyed,0.974,False
shiba_inu_206,3087,31,shiba_inu,dog,31,shiba_inu,0.9833,True
shiba_inu_207,3088,31,shiba_inu,dog,31,shiba_inu,0.9895,True
shiba_inu_208,3089,31,shiba_inu,dog,31,shiba_inu,0.9943,True
shiba_inu_209,3090,31,shiba_inu,dog,31,shiba_inu,0.9973,True
shiba_inu_20,3091,31,shiba_inu,dog,31,shiba_inu,0.9977,True
shiba_inu_210,3092,31,shiba_inu,dog,31,shiba_inu,0.8958,True
shiba_inu_212,3093,31,shiba_inu,dog,31,shiba_inu,0.9904,True
shiba_inu_21,3094,31,shiba_inu,dog,31,shiba_inu,0.9952,True
shiba_inu_22,3095,31,shiba_inu,dog,31,shiba_inu,0.9965,True
shiba_inu_23,3096,31,shiba_inu,dog,31,shiba_inu,0.9712,True
shiba_inu_24,3097,31,shiba_inu,dog,31,shiba_inu,0.9963,True
shiba_inu_25,3098,31,shiba_inu,dog,31,shiba_inu,0.9763,True
shiba_inu_26,3099,31,shiba_inu,dog,31,shiba_inu,0.998,True
shiba_inu_27,3100,31,shiba_inu,dog,31,shiba_inu,0.9779,True
shiba_inu_28,3101,31,shiba_inu,dog,31,shiba_inu,0.739,True
shiba_inu_29,3102,31,shiba_inu,dog,31,shiba_inu,0.9859,True
shiba_inu_30,3103,31,shiba_inu,dog,31,shiba_inu,0.624,True
shiba_inu_31,3104,31,shiba_inu,dog,31,shiba_inu,0.988,True
shiba_inu_32,3105,31,shiba_inu,dog,31,shiba_inu,0.9725,True
shiba_inu_33,3106,31,shiba_inu,dog,31,shiba_inu,0.9795,True
shiba_inu_34,3107,31,shiba_inu,dog,31,shiba_inu,0.9912,True
shiba_inu_35,3108,31,shiba_inu,dog,31,shiba_inu,0.9901,True
shiba_inu_36,3109,31,shiba_inu,dog,31,shiba_inu,0.9951,True
shiba_inu_37,3110,31,shiba_inu,dog,31,shiba_inu,0.9894,True
shiba_inu_38,3111,31,shiba_inu,dog,31,shiba_inu,0.95,True
shiba_inu_39,3112,31,shiba_inu,dog,31,shiba_inu,0.9241,True
shiba_inu_3,3113,31,shiba_inu,dog,31,shiba_inu,0.989,True
shiba_inu_40,3114,31,shiba_inu,dog,31,shiba_inu,0.8644,True
shiba_inu_41,3115,31,shiba_inu,dog,31,shiba_inu,0.9483,True
shiba_inu_42,3116,31,shiba_inu,dog,31,shiba_inu,0.9966,True
shiba_inu_43,3117,31,shiba_inu,dog,31,shiba_inu,0.9909,True
shiba_inu_44,3118,31,shiba_inu,dog,31,shiba_inu,0.9931,True
shiba_inu_45,3119,31,shiba_inu,dog,31,shiba_inu,0.9544,True
shiba_inu_46,3120,31,shiba_inu,dog,31,shiba_inu,0.9941,True
shiba_inu_47,3121,31,shiba_inu,dog,31,shiba_inu,0.9886,True
shiba_inu_48,3122,31,shiba_inu,dog,31,shiba_inu,0.9794,True
shiba_inu_49,3123,31,shiba_inu,dog,31,shiba_inu,0.9967,True
shiba_inu_4,3124,31,shiba_inu,dog,31,shiba_inu,0.9899,True
shiba_inu_50,3125,31,shiba_inu,dog,31,shiba_inu,0.9989,True
shiba_inu_51,3126,31,shiba_inu,dog,31,shiba_inu,0.963,True
shiba_inu_52,3127,31,shiba_inu,dog,31,shiba_inu,0.9914,True
shiba_inu_53,3128,31,shiba_inu,dog,31,shiba_inu,0.979,True
shiba_inu_54,3129,31,shiba_inu,dog,31,shiba_inu,0.977,True
shiba_inu_55,3130,31,shiba_inu,dog,31,shiba_inu,0.9936,True
shiba_inu_56,3131,31,shiba_inu,dog,31,shiba_inu,0.9944,True
shiba_inu_57,3132,31,shiba_inu,dog,31,shiba_inu,0.9788,True
shiba_inu_58,3133,31,shiba_inu,dog,31,shiba_inu,0.9919,True
shiba_inu_59,3134,31,shiba_inu,dog,31,shiba_inu,0.9904,True
shiba_inu_5,3135,31,shiba_inu,dog,31,shiba_inu,0.9991,True
shiba_inu_60,3136,31,shiba_inu,dog,31,shiba_inu,0.9559,True
shiba_inu_61,3137,31,shiba_inu,dog,31,shiba_inu,0.9696,True
shiba_inu_62,3138,31,shiba_inu,dog,31,shiba_inu,0.9198,True
shiba_inu_63,3139,31,shiba_inu,dog,31,shiba_inu,0.9976,True
shiba_inu_64,3140,31,shiba_inu,dog,31,shiba_inu,0.994,True
shiba_inu_65,3141,31,shiba_inu,dog,31,shiba_inu,0.9534,True
shiba_inu_66,3142,31,shiba_inu,dog,31,shiba_inu,0.9965,True
shiba_inu_67,3143,31,shiba_inu,dog,31,shiba_inu,0.9928,True
shiba_inu_68,3144,31,shiba_inu,dog,31,shiba_inu,0.9907,True
shiba_inu_69,3145,31,shiba_inu,dog,31,shiba_inu,0.8465,True
shiba_inu_6,3146,31,shiba_inu,dog,31,shiba_inu,0.9963,True
shiba_inu_70,3147,31,shiba_inu,dog,31,shiba_inu,0.9964,True
shiba_inu_71,3148,31,shiba_inu,dog,31,shiba_inu,0.9976,True
shiba_inu_72,3149,31,shiba_inu,dog,31,shiba_inu,0.9965,True
shiba_inu_73,3150,31,shiba_inu,dog,31,shiba_inu,0.9145,True
shiba_inu_74,3151,31,shiba_inu,dog,31,shiba_inu,0.9892,True
shiba_inu_75,3152,31,shiba_inu,dog,31,shiba_inu,0.9407,True
shiba_inu_76,3153,31,shiba_inu,dog,31,shiba_inu,0.9851,True
shiba_inu_77,3154,31,shiba_inu,dog,31,shiba_inu,0.9952,True
shiba_inu_78,3155,31,shiba_inu,dog,31,shiba_inu,0.9962,True
shiba_inu_79,3156,31,shiba_inu,dog,31,shiba_inu,0.9921,True
shiba_inu_7,3157,31,shiba_inu,dog,31,shiba_inu,0.9947,True
shiba_inu_80,3158,31,shiba_inu,dog,31,shiba_inu,0.9604,True
shiba_inu_81,3159,31,shiba_inu,dog,31,shiba_inu,0.5165,True
shiba_inu_82,3160,31,shiba_inu,dog,31,shiba_inu,0.9796,True
shiba_inu_83,3161,31,shiba_inu,dog,31,shiba_inu,0.9826,True
shiba_inu_84,3162,31,shiba_inu,dog,31,shiba_inu,0.9813,True
shiba_inu_85,3163,31,shiba_inu,dog,31,shiba_inu,0.9788,True
shiba_inu_86,3164,31,shiba_inu,dog,31,shiba_inu,0.9864,True
shiba_inu_87,3165,31,shiba_inu,dog,31,shiba_inu,0.9703,True
shiba_inu_88,3166,31,shiba_inu,dog,31,shiba_inu,0.9922,True
shiba_inu_89,3167,31,shiba_inu,dog,31,shiba_inu,0.9918,True
shiba_inu_8,3168,31,shiba_inu,dog,31,shiba_inu,0.9736,True
shiba_inu_90,3169,31,shiba_inu,dog,31,shiba_inu,0.9359,True
shiba_inu_91,3170,31,shiba_inu,dog,31,shiba_inu,0.9928,True
shiba_inu_92,3171,31,shiba_inu,dog,31,shiba_inu,0.9829,True
shiba_inu_93,3172,31,shiba_inu,dog,31,shiba_inu,0.9537,True
shiba_inu_94,3173,31,shiba_inu,dog,31,shiba_inu,0.9762,True
shiba_inu_95,3174,31,shiba_inu,dog,31,shiba_inu,0.9929,True
shiba_inu_96,3175,31,shiba_inu,dog,31,shiba_inu,0.9936,True
shiba_inu_97,3176,31,shiba_inu,dog,31,shiba_inu,0.9841,True
shiba_inu_98,3177,31,shiba_inu,dog,31,shiba_inu,0.978,True
shiba_inu_99,3178,31,shiba_inu,dog,31,shiba_inu,0.9916,True
shiba_inu_9,3179,31,shiba_inu,dog,31,shiba_inu,0.9854,True
Siamese_209,3180,32,Siamese,cat,32,Siamese,0.9459,True
Siamese_20,3181,32,Siamese,cat,32,Siamese,0.9681,True
Siamese_210,3182,32,Siamese,cat,32,Siamese,0.9717,True
Siamese_216,3183,32,Siamese,cat,32,Siamese,0.9346,True
Siamese_218,3184,32,Siamese,cat,32,Siamese,0.7337,True
Siamese_21,3185,32,Siamese,cat,32,Siamese,0.9678,True
Siamese_222,3186,32,Siamese,cat,6,Birman,0.3398,False
Siamese_224,3187,32,Siamese,cat,32,Siamese,0.6882,True
Siamese_225,3188,32,Siamese,cat,26,Ragdoll,0.4949,False
Siamese_227,3189,32,Siamese,cat,6,Birman,0.8216,False
Siamese_228,3190,32,Siamese,cat,6,Birman,0.8935,False
Siamese_22,3191,32,Siamese,cat,32,Siamese,0.8882,True
Siamese_231,3192,32,Siamese,cat,0,Abyssinian,0.3445,False
Siamese_232,3193,32,Siamese,cat,32,Siamese,0.7479,True
Siamese_233,3194,32,Siamese,cat,32,Siamese,0.9821,True
Siamese_234,3195,32,Siamese,cat,32,Siamese,0.8969,True
Siamese_237,3196,32,Siamese,cat,7,Bombay,0.5461,False
Siamese_238,3197,32,Siamese,cat,32,Siamese,0.8721,True
Siamese_23,3198,32,Siamese,cat,32,Siamese,0.984,True
Siamese_240,3199,32,Siamese,cat,6,Birman,0.9671,False
Siamese_247,3200,32,Siamese,cat,32,Siamese,0.9384,True
Siamese_249,3201,32,Siamese,cat,32,Siamese,0.824,True
Siamese_24,3202,32,Siamese,cat,32,Siamese,0.8116,True
Siamese_250,3203,32,Siamese,cat,32,Siamese,0.8506,True
Siamese_254,3204,32,Siamese,cat,5,Bengal,0.3622,False
Siamese_257,3205,32,Siamese,cat,6,Birman,0.8454,False
Siamese_25,3206,32,Siamese,cat,32,Siamese,0.962,True
Siamese_26,3207,32,Siamese,cat,32,Siamese,0.9467,True
Siamese_27,3208,32,Siamese,cat,32,Siamese,0.996,True
Siamese_28,3209,32,Siamese,cat,6,Birman,0.5837,False
Siamese_29,3210,32,Siamese,cat,32,Siamese,0.9652,True
Siamese_30,3211,32,Siamese,cat,32,Siamese,0.9872,True
Siamese_31,3212,32,Siamese,cat,32,Siamese,0.982,True
Siamese_32,3213,32,Siamese,cat,32,Siamese,0.9953,True
Siamese_33,3214,32,Siamese,cat,32,Siamese,0.9972,True
Siamese_34,3215,32,Siamese,cat,32,Siamese,0.9844,True
Siamese_35,3216,32,Siamese,cat,32,Siamese,0.9686,True
Siamese_36,3217,32,Siamese,cat,32,Siamese,0.8697,True
Siamese_37,3218,32,Siamese,cat,32,Siamese,0.6933,True
Siamese_39,3219,32,Siamese,cat,32,Siamese,0.7615,True
Siamese_40,3220,32,Siamese,cat,32,Siamese,0.9016,True
Siamese_41,3221,32,Siamese,cat,32,Siamese,0.9823,True
Siamese_42,3222,32,Siamese,cat,32,Siamese,0.9629,True
Siamese_43,3223,32,Siamese,cat,32,Siamese,0.9151,True
Siamese_44,3224,32,Siamese,cat,32,Siamese,0.6966,True
Siamese_46,3225,32,Siamese,cat,32,Siamese,0.9846,True
Siamese_47,3226,32,Siamese,cat,32,Siamese,0.9322,True
Siamese_48,3227,32,Siamese,cat,27,Russian_Blue,0.5801,False
Siamese_49,3228,32,Siamese,cat,27,Russian_Blue,0.7689,False
Siamese_50,3229,32,Siamese,cat,32,Siamese,0.9629,True
Siamese_51,3230,32,Siamese,cat,32,Siamese,0.7196,True
Siamese_52,3231,32,Siamese,cat,32,Siamese,0.7877,True
Siamese_53,3232,32,Siamese,cat,32,Siamese,0.9209,True
Siamese_54,3233,32,Siamese,cat,32,Siamese,0.657,True
Siamese_55,3234,32,Siamese,cat,32,Siamese,0.5674,True
Siamese_56,3235,32,Siamese,cat,6,Birman,0.8606,False
Siamese_57,3236,32,Siamese,cat,6,Birman,0.5219,False
Siamese_58,3237,32,Siamese,cat,32,Siamese,0.9264,True
Siamese_59,3238,32,Siamese,cat,32,Siamese,0.8296,True
Siamese_5,3239,32,Siamese,cat,32,Siamese,0.9272,True
Siamese_60,3240,32,Siamese,cat,32,Siamese,0.6801,True
Siamese_61,3241,32,Siamese,cat,32,Siamese,0.8341,True
Siamese_63,3242,32,Siamese,cat,32,Siamese,0.6207,True
Siamese_64,3243,32,Siamese,cat,32,Siamese,0.9649,True
Siamese_65,3244,32,Siamese,cat,6,Birman,0.7952,False
Siamese_66,3245,32,Siamese,cat,32,Siamese,0.9389,True
Siamese_67,3246,32,Siamese,cat,32,Siamese,0.9875,True
Siamese_69,3247,32,Siamese,cat,32,Siamese,0.9555,True
Siamese_6,3248,32,Siamese,cat,32,Siamese,0.9701,True
Siamese_70,3249,32,Siamese,cat,32,Siamese,0.9504,True
Siamese_71,3250,32,Siamese,cat,32,Siamese,0.9942,True
Siamese_72,3251,32,Siamese,cat,32,Siamese,0.9837,True
Siamese_73,3252,32,Siamese,cat,32,Siamese,0.9679,True
Siamese_74,3253,32,Siamese,cat,32,Siamese,0.7979,True
Siamese_75,3254,32,Siamese,cat,32,Siamese,0.7598,True
Siamese_76,3255,32,Siamese,cat,32,Siamese,0.996,True
Siamese_77,3256,32,Siamese,cat,32,Siamese,0.9861,True
Siamese_78,3257,32,Siamese,cat,32,Siamese,0.9241,True
Siamese_79,3258,32,Siamese,cat,32,Siamese,0.9691,True
Siamese_80,3259,32,Siamese,cat,32,Siamese,0.9842,True
Siamese_81,3260,32,Siamese,cat,32,Siamese,0.9366,True
Siamese_82,3261,32,Siamese,cat,32,Siamese,0.7227,True
Siamese_83,3262,32,Siamese,cat,32,Siamese,0.7954,True
Siamese_84,3263,32,Siamese,cat,32,Siamese,0.5794,True
Siamese_85,3264,32,Siamese,cat,32,Siamese,0.9607,True
Siamese_86,3265,32,Siamese,cat,32,Siamese,0.9461,True
Siamese_87,3266,32,Siamese,cat,32,Siamese,0.9695,True
Siamese_88,3267,32,Siamese,cat,6,Birman,0.8305,False
Siamese_89,3268,32,Siamese,cat,32,Siamese,0.9896,True
Siamese_90,3269,32,Siamese,cat,32,Siamese,0.7803,True
Siamese_91,3270,32,Siamese,cat,32,Siamese,0.9563,True
Siamese_92,3271,32,Siamese,cat,32,Siamese,0.9901,True
Siamese_93,3272,32,Siamese,cat,32,Siamese,0.8188,True
Siamese_94,3273,32,Siamese,cat,32,Siamese,0.9842,True
Siamese_95,3274,32,Siamese,cat,0,Abyssinian,0.3637,False
Siamese_96,3275,32,Siamese,cat,32,Siamese,0.7166,True
Siamese_97,3276,32,Siamese,cat,32,Siamese,0.6979,True
Siamese_98,3277,32,Siamese,cat,6,Birman,0.5253,False
Siamese_99,3278,32,Siamese,cat,32,Siamese,0.9309,True
Siamese_9,3279,32,Siamese,cat,27,Russian_Blue,0.4797,False
Sphynx_20,3280,33,Sphynx,cat,33,Sphynx,0.9998,True
Sphynx_211,3281,33,Sphynx,cat,10,chihuahua,0.9402,False
Sphynx_212,3282,33,Sphynx,cat,33,Sphynx,0.9411,True
Sphynx_213,3283,33,Sphynx,cat,0,Abyssinian,0.4596,False
Sphynx_21,3284,33,Sphynx,cat,33,Sphynx,0.4365,True
Sphynx_222,3285,33,Sphynx,cat,33,Sphynx,0.8603,True
Sphynx_223,3286,33,Sphynx,cat,33,Sphynx,0.7868,True
Sphynx_228,3287,33,Sphynx,cat,33,Sphynx,0.9639,True
Sphynx_229,3288,33,Sphynx,cat,33,Sphynx,0.8957,True
Sphynx_230,3289,33,Sphynx,cat,27,Russian_Blue,0.4438,False
Sphynx_231,3290,33,Sphynx,cat,33,Sphynx,0.9963,True
Sphynx_232,3291,33,Sphynx,cat,33,Sphynx,0.7507,True
Sphynx_233,3292,33,Sphynx,cat,33,Sphynx,0.8837,True
Sphynx_234,3293,33,Sphynx,cat,33,Sphynx,0.8942,True
Sphynx_235,3294,33,Sphynx,cat,33,Sphynx,0.9995,True
Sphynx_236,3295,33,Sphynx,cat,33,Sphynx,0.9831,True
Sphynx_237,3296,33,Sphynx,cat,27,Russian_Blue,0.4184,False
Sphynx_238,3297,33,Sphynx,cat,33,Sphynx,0.4729,True
Sphynx_239,3298,33,Sphynx,cat,33,Sphynx,0.9994,True
Sphynx_23,3299,33,Sphynx,cat,33,Sphynx,0.9981,True
Sphynx_240,3300,33,Sphynx,cat,33,Sphynx,0.3442,True
Sphynx_241,3301,33,Sphynx,cat,33,Sphynx,0.9973,True
Sphynx_242,3302,33,Sphynx,cat,33,Sphynx,0.9666,True
Sphynx_243,3303,33,Sphynx,cat,33,Sphynx,0.9673,True
Sphynx_244,3304,33,Sphynx,cat,33,Sphynx,0.7336,True
Sphynx_245,3305,33,Sphynx,cat,33,Sphynx,0.9999,True
Sphynx_246,3306,33,Sphynx,cat,33,Sphynx,0.6315,True
Sphynx_247,3307,33,Sphynx,cat,33,Sphynx,0.8785,True
Sphynx_248,3308,33,Sphynx,cat,33,Sphynx,0.6627,True
Sphynx_249,3309,33,Sphynx,cat,33,Sphynx,0.752,True
Sphynx_24,3310,33,Sphynx,cat,33,Sphynx,0.9408,True
Sphynx_250,3311,33,Sphynx,cat,0,Abyssinian,0.4323,False
Sphynx_251,3312,33,Sphynx,cat,33,Sphynx,0.4154,True
Sphynx_252,3313,33,Sphynx,cat,33,Sphynx,0.9928,True
Sphynx_25,3314,33,Sphynx,cat,33,Sphynx,0.9896,True
Sphynx_27,3315,33,Sphynx,cat,33,Sphynx,0.999,True
Sphynx_28,3316,33,Sphynx,cat,33,Sphynx,0.9835,True
Sphynx_29,3317,33,Sphynx,cat,33,Sphynx,0.9847,True
Sphynx_2,3318,33,Sphynx,cat,33,Sphynx,0.4696,True
Sphynx_30,3319,33,Sphynx,cat,33,Sphynx,0.7121,True
Sphynx_31,3320,33,Sphynx,cat,33,Sphynx,0.9997,True
Sphynx_33,3321,33,Sphynx,cat,33,Sphynx,0.9988,True
Sphynx_34,3322,33,Sphynx,cat,33,Sphynx,0.9993,True
Sphynx_36,3323,33,Sphynx,cat,33,Sphynx,0.9859,True
Sphynx_37,3324,33,Sphynx,cat,33,Sphynx,0.9601,True
Sphynx_38,3325,33,Sphynx,cat,33,Sphynx,0.9992,True
Sphynx_39,3326,33,Sphynx,cat,33,Sphynx,0.7529,True
Sphynx_3,3327,33,Sphynx,cat,33,Sphynx,0.8832,True
Sphynx_40,3328,33,Sphynx,cat,33,Sphynx,0.9979,True
Sphynx_41,3329,33,Sphynx,cat,33,Sphynx,0.9977,True
Sphynx_42,3330,33,Sphynx,cat,33,Sphynx,0.985,True
Sphynx_43,3331,33,Sphynx,cat,27,Russian_Blue,0.4757,False
Sphynx_44,3332,33,Sphynx,cat,33,Sphynx,0.9997,True
Sphynx_45,3333,33,Sphynx,cat,33,Sphynx,0.9953,True
Sphynx_46,3334,33,Sphynx,cat,27,Russian_Blue,0.3619,False
Sphynx_47,3335,33,Sphynx,cat,33,Sphynx,0.9917,True
Sphynx_48,3336,33,Sphynx,cat,33,Sphynx,0.9972,True
Sphynx_49,3337,33,Sphynx,cat,33,Sphynx,0.9973,True
Sphynx_4,3338,33,Sphynx,cat,33,Sphynx,0.9939,True
Sphynx_51,3339,33,Sphynx,cat,33,Sphynx,0.84,True
Sphynx_53,3340,33,Sphynx,cat,33,Sphynx,0.9951,True
Sphynx_54,3341,33,Sphynx,cat,33,Sphynx,0.681,True
Sphynx_55,3342,33,Sphynx,cat,33,Sphynx,0.9982,True
Sphynx_56,3343,33,Sphynx,cat,33,Sphynx,0.9315,True
Sphynx_57,3344,33,Sphynx,cat,0,Abyssinian,0.3655,False
Sphynx_58,3345,33,Sphynx,cat,27,Russian_Blue,0.5891,False
Sphynx_59,3346,33,Sphynx,cat,33,Sphynx,0.9968,True
Sphynx_5,3347,33,Sphynx,cat,33,Sphynx,0.9486,True
Sphynx_61,3348,33,Sphynx,cat,33,Sphynx,0.9825,True
Sphynx_65,3349,33,Sphynx,cat,33,Sphynx,0.9937,True
Sphynx_66,3350,33,Sphynx,cat,33,Sphynx,0.9994,True
Sphynx_67,3351,33,Sphynx,cat,33,Sphynx,0.9987,True
Sphynx_70,3352,33,Sphynx,cat,33,Sphynx,0.9113,True
Sphynx_71,3353,33,Sphynx,cat,33,Sphynx,0.9975,True
Sphynx_72,3354,33,Sphynx,cat,11,Egyptian_Mau,0.6295,False
Sphynx_73,3355,33,Sphynx,cat,27,Russian_Blue,0.8156,False
Sphynx_74,3356,33,Sphynx,cat,33,Sphynx,0.998,True
Sphynx_75,3357,33,Sphynx,cat,33,Sphynx,0.9991,True
Sphynx_76,3358,33,Sphynx,cat,33,Sphynx,0.9997,True
Sphynx_77,3359,33,Sphynx,cat,33,Sphynx,0.9966,True
Sphynx_78,3360,33,Sphynx,cat,33,Sphynx,0.9974,True
Sphynx_80,3361,33,Sphynx,cat,33,Sphynx,1.0,True
Sphynx_82,3362,33,Sphynx,cat,33,Sphynx,0.9998,True
Sphynx_83,3363,33,Sphynx,cat,33,Sphynx,0.9945,True
Sphynx_84,3364,33,Sphynx,cat,33,Sphynx,0.9997,True
Sphynx_85,3365,33,Sphynx,cat,33,Sphynx,0.9997,True
Sphynx_87,3366,33,Sphynx,cat,33,Sphynx,0.9996,True
Sphynx_88,3367,33,Sphynx,cat,33,Sphynx,0.9887,True
Sphynx_89,3368,33,Sphynx,cat,33,Sphynx,0.9978,True
Sphynx_8,3369,33,Sphynx,cat,33,Sphynx,0.9973,True
Sphynx_90,3370,33,Sphynx,cat,33,Sphynx,0.9728,True
Sphynx_91,3371,33,Sphynx,cat,33,Sphynx,0.9987,True
Sphynx_92,3372,33,Sphynx,cat,33,Sphynx,0.9945,True
Sphynx_93,3373,33,Sphynx,cat,33,Sphynx,0.9972,True
Sphynx_94,3374,33,Sphynx,cat,33,Sphynx,0.9627,True
Sphynx_95,3375,33,Sphynx,cat,33,Sphynx,0.9995,True
Sphynx_96,3376,33,Sphynx,cat,33,Sphynx,0.9707,True
Sphynx_98,3377,33,Sphynx,cat,33,Sphynx,0.9989,True
Sphynx_99,3378,33,Sphynx,cat,33,Sphynx,0.5684,True
Sphynx_9,3379,33,Sphynx,cat,33,Sphynx,0.7366,True
staffordshire_bull_terrier_200,3380,34,staffordshire_bull_terrier,dog,34,staffordshire_bull_terrier,0.9595,True
staffordshire_bull_terrier_201,3381,34,staffordshire_bull_terrier,dog,34,staffordshire_bull_terrier,0.9934,True
staffordshire_bull_terrier_202,3382,34,staffordshire_bull_terrier,dog,34,staffordshire_bull_terrier,0.9501,True
staffordshire_bull_terrier_20,3383,34,staffordshire_bull_terrier,dog,34,staffordshire_bull_terrier,0.9908,True
staffordshire_bull_terrier_21,3384,34,staffordshire_bull_terrier,dog,34,staffordshire_bull_terrier,0.4143,True
staffordshire_bull_terrier_23,3385,34,staffordshire_bull_terrier,dog,34,staffordshire_bull_terrier,0.7964,True
staffordshire_bull_terrier_24,3386,34,staffordshire_bull_terrier,dog,34,staffordshire_bull_terrier,0.7896,True
staffordshire_bull_terrier_25,3387,34,staffordshire_bull_terrier,dog,34,staffordshire_bull_terrier,0.7451,True
staffordshire_bull_terrier_26,3388,34,staffordshire_bull_terrier,dog,34,staffordshire_bull_terrier,0.5302,True
staffordshire_bull_terrier_27,3389,34,staffordshire_bull_terrier,dog,2,american_pit_bull_terrier,0.5997,False
staffordshire_bull_terrier_28,3390,34,staffordshire_bull_terrier,dog,34,staffordshire_bull_terrier,0.4457,True
staffordshire_bull_terrier_29,3391,34,staffordshire_bull_terrier,dog,1,american_bulldog,0.3201,False
staffordshire_bull_terrier_30,3392,34,staffordshire_bull_terrier,dog,34,staffordshire_bull_terrier,0.9063,True
staffordshire_bull_terrier_31,3393,34,staffordshire_bull_terrier,dog,1,american_bulldog,0.5792,False
staffordshire_bull_terrier_32,3394,34,staffordshire_bull_terrier,dog,34,staffordshire_bull_terrier,0.6073,True
staffordshire_bull_terrier_33,3395,34,staffordshire_bull_terrier,dog,1,american_bulldog,0.9448,False
staffordshire_bull_terrier_34,3396,34,staffordshire_bull_terrier,dog,34,staffordshire_bull_terrier,0.5827,True
staffordshire_bull_terrier_35,3397,34,staffordshire_bull_terrier,dog,34,staffordshire_bull_terrier,0.872,True
staffordshire_bull_terrier_36,3398,34,staffordshire_bull_terrier,dog,34,staffordshire_bull_terrier,0.7136,True
staffordshire_bull_terrier_37,3399,34,staffordshire_bull_terrier,dog,34,staffordshire_bull_terrier,0.9658,True
staffordshire_bull_terrier_38,3400,34,staffordshire_bull_terrier,dog,34,staffordshire_bull_terrier,0.8097,True
staffordshire_bull_terrier_39,3401,34,staffordshire_bull_terrier,dog,34,staffordshire_bull_terrier,0.9803,True
staffordshire_bull_terrier_3,3402,34,staffordshire_bull_terrier,dog,2,american_pit_bull_terrier,0.6508,False
staffordshire_bull_terrier_40,3403,34,staffordshire_bull_terrier,dog,34,staffordshire_bull_terrier,0.789,True
staffordshire_bull_terrier_41,3404,34,staffordshire_bull_terrier,dog,34,staffordshire_bull_terrier,0.7066,True
staffordshire_bull_terrier_42,3405,34,staffordshire_bull_terrier,dog,34,staffordshire_bull_terrier,0.9741,True
staffordshire_bull_terrier_43,3406,34,staffordshire_bull_terrier,dog,34,staffordshire_bull_terrier,0.5936,True
staffordshire_bull_terrier_44,3407,34,staffordshire_bull_terrier,dog,34,staffordshire_bull_terrier,0.6647,True
staffordshire_bull_terrier_45,3408,34,staffordshire_bull_terrier,dog,2,american_pit_bull_terrier,0.6977,False
staffordshire_bull_terrier_46,3409,34,staffordshire_bull_terrier,dog,34,staffordshire_bull_terrier,0.9603,True
staffordshire_bull_terrier_47,3410,34,staffordshire_bull_terrier,dog,1,american_bulldog,0.3874,False
staffordshire_bull_terrier_48,3411,34,staffordshire_bull_terrier,dog,34,staffordshire_bull_terrier,0.5215,True
staffordshire_bull_terrier_49,3412,34,staffordshire_bull_terrier,dog,34,staffordshire_bull_terrier,0.7475,True
staffordshire_bull_terrier_4,3413,34,staffordshire_bull_terrier,dog,34,staffordshire_bull_terrier,0.8499,True
staffordshire_bull_terrier_50,3414,34,staffordshire_bull_terrier,dog,34,staffordshire_bull_terrier,0.9442,True
staffordshire_bull_terrier_51,3415,34,staffordshire_bull_terrier,dog,34,staffordshire_bull_terrier,0.7881,True
staffordshire_bull_terrier_52,3416,34,staffordshire_bull_terrier,dog,8,boxer,0.6671,False
staffordshire_bull_terrier_53,3417,34,staffordshire_bull_terrier,dog,34,staffordshire_bull_terrier,0.4954,True
staffordshire_bull_terrier_54,3418,34,staffordshire_bull_terrier,dog,34,staffordshire_bull_terrier,0.7185,True
staffordshire_bull_terrier_55,3419,34,staffordshire_bull_terrier,dog,14,german_shorthaired,0.2446,False
staffordshire_bull_terrier_56,3420,34,staffordshire_bull_terrier,dog,34,staffordshire_bull_terrier,0.9757,True
staffordshire_bull_terrier_57,3421,34,staffordshire_bull_terrier,dog,34,staffordshire_bull_terrier,0.9661,True
staffordshire_bull_terrier_58,3422,34,staffordshire_bull_terrier,dog,1,american_bulldog,0.5303,False
staffordshire_bull_terrier_59,3423,34,staffordshire_bull_terrier,dog,34,staffordshire_bull_terrier,0.5301,True
staffordshire_bull_terrier_5,3424,34,staffordshire_bull_terrier,dog,2,american_pit_bull_terrier,0.5239,False
staffordshire_bull_terrier_60,3425,34,staffordshire_bull_terrier,dog,34,staffordshire_bull_terrier,0.456,True
staffordshire_bull_terrier_61,3426,34,staffordshire_bull_terrier,dog,34,staffordshire_bull_terrier,0.8168,True
staffordshire_bull_terrier_62,3427,34,staffordshire_bull_terrier,dog,2,american_pit_bull_terrier,0.8957,False
staffordshire_bull_terrier_63,3428,34,staffordshire_bull_terrier,dog,34,staffordshire_bull_terrier,0.907,True
staffordshire_bull_terrier_64,3429,34,staffordshire_bull_terrier,dog,34,staffordshire_bull_terrier,0.9587,True
staffordshire_bull_terrier_65,3430,34,staffordshire_bull_terrier,dog,34,staffordshire_bull_terrier,0.7443,True
staffordshire_bull_terrier_66,3431,34,staffordshire_bull_terrier,dog,34,staffordshire_bull_terrier,0.9786,True
staffordshire_bull_terrier_67,3432,34,staffordshire_bull_terrier,dog,34,staffordshire_bull_terrier,0.9428,True
staffordshire_bull_terrier_68,3433,34,staffordshire_bull_terrier,dog,34,staffordshire_bull_terrier,0.9545,True
staffordshire_bull_terrier_69,3434,34,staffordshire_bull_terrier,dog,34,staffordshire_bull_terrier,0.9717,True
staffordshire_bull_terrier_6,3435,34,staffordshire_bull_terrier,dog,34,staffordshire_bull_terrier,0.8669,True
staffordshire_bull_terrier_70,3436,34,staffordshire_bull_terrier,dog,2,american_pit_bull_terrier,0.8092,False
staffordshire_bull_terrier_71,3437,34,staffordshire_bull_terrier,dog,2,american_pit_bull_terrier,0.7097,False
staffordshire_bull_terrier_72,3438,34,staffordshire_bull_terrier,dog,1,american_bulldog,0.4326,False
staffordshire_bull_terrier_73,3439,34,staffordshire_bull_terrier,dog,1,american_bulldog,0.469,False
staffordshire_bull_terrier_74,3440,34,staffordshire_bull_terrier,dog,34,staffordshire_bull_terrier,0.8932,True
staffordshire_bull_terrier_75,3441,34,staffordshire_bull_terrier,dog,34,staffordshire_bull_terrier,0.7113,True
staffordshire_bull_terrier_76,3442,34,staffordshire_bull_terrier,dog,34,staffordshire_bull_terrier,0.7987,True
staffordshire_bull_terrier_77,3443,34,staffordshire_bull_terrier,dog,1,american_bulldog,0.7948,False
staffordshire_bull_terrier_78,3444,34,staffordshire_bull_terrier,dog,29,samoyed,0.9642,False
staffordshire_bull_terrier_79,3445,34,staffordshire_bull_terrier,dog,34,staffordshire_bull_terrier,0.9775,True
staffordshire_bull_terrier_7,3446,34,staffordshire_bull_terrier,dog,34,staffordshire_bull_terrier,0.2652,True
staffordshire_bull_terrier_80,3447,34,staffordshire_bull_terrier,dog,34,staffordshire_bull_terrier,0.7303,True
staffordshire_bull_terrier_81,3448,34,staffordshire_bull_terrier,dog,34,staffordshire_bull_terrier,0.8073,True
staffordshire_bull_terrier_82,3449,34,staffordshire_bull_terrier,dog,1,american_bulldog,0.9258,False
staffordshire_bull_terrier_83,3450,34,staffordshire_bull_terrier,dog,34,staffordshire_bull_terrier,0.9716,True
staffordshire_bull_terrier_84,3451,34,staffordshire_bull_terrier,dog,34,staffordshire_bull_terrier,0.8813,True
staffordshire_bull_terrier_85,3452,34,staffordshire_bull_terrier,dog,34,staffordshire_bull_terrier,0.5843,True
staffordshire_bull_terrier_86,3453,34,staffordshire_bull_terrier,dog,1,american_bulldog,0.97,False
staffordshire_bull_terrier_87,3454,34,staffordshire_bull_terrier,dog,34,staffordshire_bull_terrier,0.9847,True
staffordshire_bull_terrier_88,3455,34,staffordshire_bull_terrier,dog,34,staffordshire_bull_terrier,0.8952,True
staffordshire_bull_terrier_89,3456,34,staffordshire_bull_terrier,dog,34,staffordshire_bull_terrier,0.9493,True
staffordshire_bull_terrier_8,3457,34,staffordshire_bull_terrier,dog,34,staffordshire_bull_terrier,0.7544,True
staffordshire_bull_terrier_90,3458,34,staffordshire_bull_terrier,dog,34,staffordshire_bull_terrier,0.9641,True
staffordshire_bull_terrier_91,3459,34,staffordshire_bull_terrier,dog,34,staffordshire_bull_terrier,0.9381,True
staffordshire_bull_terrier_92,3460,34,staffordshire_bull_terrier,dog,34,staffordshire_bull_terrier,0.7405,True
staffordshire_bull_terrier_93,3461,34,staffordshire_bull_terrier,dog,34,staffordshire_bull_terrier,0.6558,True
staffordshire_bull_terrier_94,3462,34,staffordshire_bull_terrier,dog,34,staffordshire_bull_terrier,0.6172,True
staffordshire_bull_terrier_95,3463,34,staffordshire_bull_terrier,dog,34,staffordshire_bull_terrier,0.6191,True
staffordshire_bull_terrier_96,3464,34,staffordshire_bull_terrier,dog,34,staffordshire_bull_terrier,0.7747,True
staffordshire_bull_terrier_97,3465,34,staffordshire_bull_terrier,dog,34,staffordshire_bull_terrier,0.4769,True
staffordshire_bull_terrier_98,3466,34,staffordshire_bull_terrier,dog,34,staffordshire_bull_terrier,0.8904,True
staffordshire_bull_terrier_99,3467,34,staffordshire_bull_terrier,dog,34,staffordshire_bull_terrier,0.6059,True
staffordshire_bull_terrier_9,3468,34,staffordshire_bull_terrier,dog,34,staffordshire_bull_terrier,0.476,True
wheaten_terrier_191,3469,35,wheaten_terrier,dog,35,wheaten_terrier,0.9993,True
wheaten_terrier_192,3470,35,wheaten_terrier,dog,35,wheaten_terrier,0.9993,True
wheaten_terrier_193,3471,35,wheaten_terrier,dog,35,wheaten_terrier,0.9998,True
wheaten_terrier_194,3472,35,wheaten_terrier,dog,35,wheaten_terrier,0.9967,True
wheaten_terrier_195,3473,35,wheaten_terrier,dog,35,wheaten_terrier,0.7723,True
wheaten_terrier_196,3474,35,wheaten_terrier,dog,35,wheaten_terrier,0.9995,True
wheaten_terrier_197,3475,35,wheaten_terrier,dog,35,wheaten_terrier,0.9997,True
wheaten_terrier_198,3476,35,wheaten_terrier,dog,35,wheaten_terrier,0.9993,True
wheaten_terrier_199,3477,35,wheaten_terrier,dog,35,wheaten_terrier,0.9967,True
wheaten_terrier_19,3478,35,wheaten_terrier,dog,35,wheaten_terrier,0.9995,True
wheaten_terrier_1,3479,35,wheaten_terrier,dog,35,wheaten_terrier,0.9861,True
wheaten_terrier_200,3480,35,wheaten_terrier,dog,35,wheaten_terrier,0.9994,True
wheaten_terrier_20,3481,35,wheaten_terrier,dog,35,wheaten_terrier,0.992,True
wheaten_terrier_21,3482,35,wheaten_terrier,dog,35,wheaten_terrier,0.9999,True
wheaten_terrier_22,3483,35,wheaten_terrier,dog,35,wheaten_terrier,0.9962,True
wheaten_terrier_23,3484,35,wheaten_terrier,dog,35,wheaten_terrier,0.9973,True
wheaten_terrier_24,3485,35,wheaten_terrier,dog,35,wheaten_terrier,0.9988,True
wheaten_terrier_25,3486,35,wheaten_terrier,dog,35,wheaten_terrier,0.9993,True
wheaten_terrier_26,3487,35,wheaten_terrier,dog,35,wheaten_terrier,0.9968,True
wheaten_terrier_27,3488,35,wheaten_terrier,dog,35,wheaten_terrier,0.9994,True
wheaten_terrier_28,3489,35,wheaten_terrier,dog,35,wheaten_terrier,0.9994,True
wheaten_terrier_29,3490,35,wheaten_terrier,dog,35,wheaten_terrier,0.9972,True
wheaten_terrier_2,3491,35,wheaten_terrier,dog,35,wheaten_terrier,0.9965,True
wheaten_terrier_30,3492,35,wheaten_terrier,dog,35,wheaten_terrier,0.9994,True
wheaten_terrier_31,3493,35,wheaten_terrier,dog,35,wheaten_terrier,0.9723,True
wheaten_terrier_32,3494,35,wheaten_terrier,dog,35,wheaten_terrier,0.9886,True
wheaten_terrier_33,3495,35,wheaten_terrier,dog,35,wheaten_terrier,0.9999,True
wheaten_terrier_34,3496,35,wheaten_terrier,dog,16,havanese,0.4844,False
wheaten_terrier_35,3497,35,wheaten_terrier,dog,35,wheaten_terrier,0.2416,True
wheaten_terrier_36,3498,35,wheaten_terrier,dog,16,havanese,0.4775,False
wheaten_terrier_37,3499,35,wheaten_terrier,dog,35,wheaten_terrier,0.9684,True
wheaten_terrier_38,3500,35,wheaten_terrier,dog,35,wheaten_terrier,0.9952,True
wheaten_terrier_39,3501,35,wheaten_terrier,dog,35,wheaten_terrier,0.9378,True
wheaten_terrier_3,3502,35,wheaten_terrier,dog,35,wheaten_terrier,0.9957,True
wheaten_terrier_40,3503,35,wheaten_terrier,dog,35,wheaten_terrier,0.9996,True
wheaten_terrier_41,3504,35,wheaten_terrier,dog,35,wheaten_terrier,0.9944,True
wheaten_terrier_42,3505,35,wheaten_terrier,dog,35,wheaten_terrier,0.9995,True
wheaten_terrier_43,3506,35,wheaten_terrier,dog,35,wheaten_terrier,0.9984,True
wheaten_terrier_44,3507,35,wheaten_terrier,dog,35,wheaten_terrier,0.9992,True
wheaten_terrier_45,3508,35,wheaten_terrier,dog,35,wheaten_terrier,0.993,True
wheaten_terrier_46,3509,35,wheaten_terrier,dog,35,wheaten_terrier,0.9591,True
wheaten_terrier_47,3510,35,wheaten_terrier,dog,35,wheaten_terrier,0.9967,True
wheaten_terrier_48,3511,35,wheaten_terrier,dog,35,wheaten_terrier,0.9991,True
wheaten_terrier_49,3512,35,wheaten_terrier,dog,35,wheaten_terrier,0.999,True
wheaten_terrier_4,3513,35,wheaten_terrier,dog,35,wheaten_terrier,0.9808,True
wheaten_terrier_50,3514,35,wheaten_terrier,dog,35,wheaten_terrier,0.9996,True
wheaten_terrier_51,3515,35,wheaten_terrier,dog,35,wheaten_terrier,0.9991,True
wheaten_terrier_52,3516,35,wheaten_terrier,dog,35,wheaten_terrier,0.9955,True
wheaten_terrier_53,3517,35,wheaten_terrier,dog,35,wheaten_terrier,0.6891,True
wheaten_terrier_54,3518,35,wheaten_terrier,dog,35,wheaten_terrier,0.9969,True
wheaten_terrier_55,3519,35,wheaten_terrier,dog,35,wheaten_terrier,0.8972,True
wheaten_terrier_56,3520,35,wheaten_terrier,dog,35,wheaten_terrier,0.9194,True
wheaten_terrier_57,3521,35,wheaten_terrier,dog,35,wheaten_terrier,0.9998,True
wheaten_terrier_58,3522,35,wheaten_terrier,dog,35,wheaten_terrier,0.9999,True
wheaten_terrier_59,3523,35,wheaten_terrier,dog,35,wheaten_terrier,0.9992,True
wheaten_terrier_5,3524,35,wheaten_terrier,dog,35,wheaten_terrier,0.9676,True
wheaten_terrier_60,3525,35,wheaten_terrier,dog,35,wheaten_terrier,0.9985,True
wheaten_terrier_61,3526,35,wheaten_terrier,dog,35,wheaten_terrier,0.9961,True
wheaten_terrier_62,3527,35,wheaten_terrier,dog,35,wheaten_terrier,0.9996,True
wheaten_terrier_63,3528,35,wheaten_terrier,dog,35,wheaten_terrier,0.9995,True
wheaten_terrier_64,3529,35,wheaten_terrier,dog,35,wheaten_terrier,0.9609,True
wheaten_terrier_65,3530,35,wheaten_terrier,dog,35,wheaten_terrier,0.9667,True
wheaten_terrier_66,3531,35,wheaten_terrier,dog,35,wheaten_terrier,0.9998,True
wheaten_terrier_67,3532,35,wheaten_terrier,dog,35,wheaten_terrier,0.9844,True
wheaten_terrier_68,3533,35,wheaten_terrier,dog,35,wheaten_terrier,0.9998,True
wheaten_terrier_69,3534,35,wheaten_terrier,dog,35,wheaten_terrier,0.5402,True
wheaten_terrier_6,3535,35,wheaten_terrier,dog,35,wheaten_terrier,0.9702,True
wheaten_terrier_70,3536,35,wheaten_terrier,dog,35,wheaten_terrier,0.9271,True
wheaten_terrier_71,3537,35,wheaten_terrier,dog,35,wheaten_terrier,0.9996,True
wheaten_terrier_72,3538,35,wheaten_terrier,dog,35,wheaten_terrier,0.9826,True
wheaten_terrier_73,3539,35,wheaten_terrier,dog,35,wheaten_terrier,0.9957,True
wheaten_terrier_74,3540,35,wheaten_terrier,dog,35,wheaten_terrier,0.9968,True
wheaten_terrier_75,3541,35,wheaten_terrier,dog,35,wheaten_terrier,0.9955,True
wheaten_terrier_76,3542,35,wheaten_terrier,dog,35,wheaten_terrier,0.9663,True
wheaten_terrier_77,3543,35,wheaten_terrier,dog,35,wheaten_terrier,0.9229,True
wheaten_terrier_78,3544,35,wheaten_terrier,dog,35,wheaten_terrier,0.994,True
wheaten_terrier_79,3545,35,wheaten_terrier,dog,35,wheaten_terrier,0.9989,True
wheaten_terrier_7,3546,35,wheaten_terrier,dog,35,wheaten_terrier,0.9874,True
wheaten_terrier_80,3547,35,wheaten_terrier,dog,35,wheaten_terrier,0.9905,True
wheaten_terrier_81,3548,35,wheaten_terrier,dog,35,wheaten_terrier,0.9998,True
wheaten_terrier_82,3549,35,wheaten_terrier,dog,35,wheaten_terrier,0.9997,True
wheaten_terrier_83,3550,35,wheaten_terrier,dog,35,wheaten_terrier,0.9995,True
wheaten_terrier_84,3551,35,wheaten_terrier,dog,35,wheaten_terrier,0.9931,True
wheaten_terrier_85,3552,35,wheaten_terrier,dog,35,wheaten_terrier,0.9918,True
wheaten_terrier_86,3553,35,wheaten_terrier,dog,35,wheaten_terrier,0.9991,True
wheaten_terrier_87,3554,35,wheaten_terrier,dog,35,wheaten_terrier,0.9941,True
wheaten_terrier_88,3555,35,wheaten_terrier,dog,35,wheaten_terrier,0.9494,True
wheaten_terrier_89,3556,35,wheaten_terrier,dog,35,wheaten_terrier,0.9971,True
wheaten_terrier_8,3557,35,wheaten_terrier,dog,35,wheaten_terrier,0.977,True
wheaten_terrier_90,3558,35,wheaten_terrier,dog,35,wheaten_terrier,0.9965,True
wheaten_terrier_91,3559,35,wheaten_terrier,dog,35,wheaten_terrier,0.983,True
wheaten_terrier_92,3560,35,wheaten_terrier,dog,35,wheaten_terrier,0.9605,True
wheaten_terrier_93,3561,35,wheaten_terrier,dog,35,wheaten_terrier,0.9995,True
wheaten_terrier_94,3562,35,wheaten_terrier,dog,35,wheaten_terrier,0.9992,True
wheaten_terrier_95,3563,35,wheaten_terrier,dog,35,wheaten_terrier,0.9993,True
wheaten_terrier_96,3564,35,wheaten_terrier,dog,35,wheaten_terrier,0.9994,True
wheaten_terrier_97,3565,35,wheaten_terrier,dog,35,wheaten_terrier,0.9998,True
wheaten_terrier_98,3566,35,wheaten_terrier,dog,35,wheaten_terrier,0.9941,True
wheaten_terrier_99,3567,35,wheaten_terrier,dog,35,wheaten_terrier,0.9987,True
wheaten_terrier_9,3568,35,wheaten_terrier,dog,35,wheaten_terrier,0.9979,True
yorkshire_terrier_191,3569,36,yorkshire_terrier,dog,36,yorkshire_terrier,0.9852,True
yorkshire_terrier_192,3570,36,yorkshire_terrier,dog,36,yorkshire_terrier,0.8897,True
yorkshire_terrier_193,3571,36,yorkshire_terrier,dog,36,yorkshire_terrier,0.9344,True
yorkshire_terrier_194,3572,36,yorkshire_terrier,dog,36,yorkshire_terrier,0.7074,True
yorkshire_terrier_195,3573,36,yorkshire_terrier,dog,36,yorkshire_terrier,0.6412,True
yorkshire_terrier_196,3574,36,yorkshire_terrier,dog,36,yorkshire_terrier,0.9932,True
yorkshire_terrier_197,3575,36,yorkshire_terrier,dog,36,yorkshire_terrier,0.9377,True
yorkshire_terrier_198,3576,36,yorkshire_terrier,dog,36,yorkshire_terrier,0.9911,True
yorkshire_terrier_199,3577,36,yorkshire_terrier,dog,36,yorkshire_terrier,0.9568,True
yorkshire_terrier_19,3578,36,yorkshire_terrier,dog,16,havanese,0.7959,False
yorkshire_terrier_1,3579,36,yorkshire_terrier,dog,36,yorkshire_terrier,0.9814,True
yorkshire_terrier_200,3580,36,yorkshire_terrier,dog,36,yorkshire_terrier,0.9783,True
yorkshire_terrier_20,3581,36,yorkshire_terrier,dog,36,yorkshire_terrier,0.9903,True
yorkshire_terrier_21,3582,36,yorkshire_terrier,dog,36,yorkshire_terrier,0.9964,True
yorkshire_terrier_22,3583,36,yorkshire_terrier,dog,36,yorkshire_terrier,0.9982,True
yorkshire_terrier_23,3584,36,yorkshire_terrier,dog,36,yorkshire_terrier,0.9976,True
yorkshire_terrier_24,3585,36,yorkshire_terrier,dog,36,yorkshire_terrier,0.9937,True
yorkshire_terrier_25,3586,36,yorkshire_terrier,dog,36,yorkshire_terrier,0.9985,True
yorkshire_terrier_26,3587,36,yorkshire_terrier,dog,36,yorkshire_terrier,0.9956,True
yorkshire_terrier_27,3588,36,yorkshire_terrier,dog,36,yorkshire_terrier,0.9974,True
yorkshire_terrier_28,3589,36,yorkshire_terrier,dog,36,yorkshire_terrier,0.9951,True
yorkshire_terrier_29,3590,36,yorkshire_terrier,dog,36,yorkshire_terrier,0.9724,True
yorkshire_terrier_2,3591,36,yorkshire_terrier,dog,36,yorkshire_terrier,0.9875,True
yorkshire_terrier_30,3592,36,yorkshire_terrier,dog,36,yorkshire_terrier,0.9951,True
yorkshire_terrier_31,3593,36,yorkshire_terrier,dog,36,yorkshire_terrier,0.9958,True
yorkshire_terrier_32,3594,36,yorkshire_terrier,dog,36,yorkshire_terrier,0.9982,True
yorkshire_terrier_33,3595,36,yorkshire_terrier,dog,36,yorkshire_terrier,0.9901,True
yorkshire_terrier_34,3596,36,yorkshire_terrier,dog,36,yorkshire_terrier,0.9981,True
yorkshire_terrier_35,3597,36,yorkshire_terrier,dog,36,yorkshire_terrier,0.9976,True
yorkshire_terrier_36,3598,36,yorkshire_terrier,dog,36,yorkshire_terrier,0.9987,True
yorkshire_terrier_37,3599,36,yorkshire_terrier,dog,36,yorkshire_terrier,0.9984,True
yorkshire_terrier_38,3600,36,yorkshire_terrier,dog,36,yorkshire_terrier,0.9994,True
yorkshire_terrier_39,3601,36,yorkshire_terrier,dog,36,yorkshire_terrier,0.9572,True
yorkshire_terrier_3,3602,36,yorkshire_terrier,dog,36,yorkshire_terrier,0.9985,True
yorkshire_terrier_40,3603,36,yorkshire_terrier,dog,36,yorkshire_terrier,0.9978,True
yorkshire_terrier_41,3604,36,yorkshire_terrier,dog,36,yorkshire_terrier,0.9987,True
yorkshire_terrier_42,3605,36,yorkshire_terrier,dog,36,yorkshire_terrier,0.9933,True
yorkshire_terrier_43,3606,36,yorkshire_terrier,dog,36,yorkshire_terrier,0.9985,True
yorkshire_terrier_44,3607,36,yorkshire_terrier,dog,36,yorkshire_terrier,0.9891,True
yorkshire_terrier_45,3608,36,yorkshire_terrier,dog,36,yorkshire_terrier,0.9979,True
yorkshire_terrier_46,3609,36,yorkshire_terrier,dog,36,yorkshire_terrier,0.9764,True
yorkshire_terrier_47,3610,36,yorkshire_terrier,dog,36,yorkshire_terrier,0.9969,True
yorkshire_terrier_48,3611,36,yorkshire_terrier,dog,36,yorkshire_terrier,0.8142,True
yorkshire_terrier_49,3612,36,yorkshire_terrier,dog,36,yorkshire_terrier,0.9806,True
yorkshire_terrier_4,3613,36,yorkshire_terrier,dog,36,yorkshire_terrier,0.9965,True
yorkshire_terrier_50,3614,36,yorkshire_terrier,dog,36,yorkshire_terrier,0.9791,True
yorkshire_terrier_51,3615,36,yorkshire_terrier,dog,36,yorkshire_terrier,0.9968,True
yorkshire_terrier_52,3616,36,yorkshire_terrier,dog,36,yorkshire_terrier,0.9994,True
yorkshire_terrier_53,3617,36,yorkshire_terrier,dog,36,yorkshire_terrier,0.9992,True
yorkshire_terrier_54,3618,36,yorkshire_terrier,dog,36,yorkshire_terrier,0.9978,True
yorkshire_terrier_55,3619,36,yorkshire_terrier,dog,36,yorkshire_terrier,0.9986,True
yorkshire_terrier_56,3620,36,yorkshire_terrier,dog,36,yorkshire_terrier,0.9901,True
yorkshire_terrier_57,3621,36,yorkshire_terrier,dog,36,yorkshire_terrier,0.9988,True
yorkshire_terrier_58,3622,36,yorkshire_terrier,dog,36,yorkshire_terrier,0.9972,True
yorkshire_terrier_59,3623,36,yorkshire_terrier,dog,36,yorkshire_terrier,0.9985,True
yorkshire_terrier_5,3624,36,yorkshire_terrier,dog,36,yorkshire_terrier,0.9883,True
yorkshire_terrier_60,3625,36,yorkshire_terrier,dog,36,yorkshire_terrier,0.981,True
yorkshire_terrier_61,3626,36,yorkshire_terrier,dog,36,yorkshire_terrier,0.9631,True
yorkshire_terrier_62,3627,36,yorkshire_terrier,dog,36,yorkshire_terrier,0.9975,True
yorkshire_terrier_63,3628,36,yorkshire_terrier,dog,36,yorkshire_terrier,0.9996,True
yorkshire_terrier_64,3629,36,yorkshire_terrier,dog,36,yorkshire_terrier,0.9998,True
yorkshire_terrier_65,3630,36,yorkshire_terrier,dog,36,yorkshire_terrier,0.9489,True
yorkshire_terrier_66,3631,36,yorkshire_terrier,dog,36,yorkshire_terrier,0.9363,True
yorkshire_terrier_67,3632,36,yorkshire_terrier,dog,36,yorkshire_terrier,0.9983,True
yorkshire_terrier_68,3633,36,yorkshire_terrier,dog,36,yorkshire_terrier,0.9998,True
yorkshire_terrier_69,3634,36,yorkshire_terrier,dog,36,yorkshire_terrier,0.9987,True
yorkshire_terrier_6,3635,36,yorkshire_terrier,dog,36,yorkshire_terrier,0.9585,True
yorkshire_terrier_70,3636,36,yorkshire_terrier,dog,36,yorkshire_terrier,0.9976,True
yorkshire_terrier_71,3637,36,yorkshire_terrier,dog,36,yorkshire_terrier,0.9392,True
yorkshire_terrier_72,3638,36,yorkshire_terrier,dog,36,yorkshire_terrier,0.9979,True
yorkshire_terrier_73,3639,36,yorkshire_terrier,dog,36,yorkshire_terrier,0.9984,True
yorkshire_terrier_74,3640,36,yorkshire_terrier,dog,36,yorkshire_terrier,0.8801,True
yorkshire_terrier_75,3641,36,yorkshire_terrier,dog,36,yorkshire_terrier,0.9965,True
yorkshire_terrier_76,3642,36,yorkshire_terrier,dog,36,yorkshire_terrier,0.9985,True
yorkshire_terrier_77,3643,36,yorkshire_terrier,dog,35,wheaten_terrier,0.5128,False
yorkshire_terrier_78,3644,36,yorkshire_terrier,dog,36,yorkshire_terrier,0.9951,True
yorkshire_terrier_79,3645,36,yorkshire_terrier,dog,36,yorkshire_terrier,0.9881,True
yorkshire_terrier_7,3646,36,yorkshire_terrier,dog,36,yorkshire_terrier,0.9847,True
yorkshire_terrier_80,3647,36,yorkshire_terrier,dog,36,yorkshire_terrier,0.9956,True
yorkshire_terrier_81,3648,36,yorkshire_terrier,dog,36,yorkshire_terrier,0.9991,True
yorkshire_terrier_82,3649,36,yorkshire_terrier,dog,36,yorkshire_terrier,0.9983,True
yorkshire_terrier_83,3650,36,yorkshire_terrier,dog,36,yorkshire_terrier,0.9942,True
yorkshire_terrier_84,3651,36,yorkshire_terrier,dog,36,yorkshire_terrier,0.9776,True
yorkshire_terrier_85,3652,36,yorkshire_terrier,dog,36,yorkshire_terrier,0.998,True
yorkshire_terrier_86,3653,36,yorkshire_terrier,dog,36,yorkshire_terrier,0.9959,True
yorkshire_terrier_87,3654,36,yorkshire_terrier,dog,36,yorkshire_terrier,0.9992,True
yorkshire_terrier_88,3655,36,yorkshire_terrier,dog,36,yorkshire_terrier,0.993,True
yorkshire_terrier_89,3656,36,yorkshire_terrier,dog,36,yorkshire_terrier,0.9804,True
yorkshire_terrier_8,3657,36,yorkshire_terrier,dog,36,yorkshire_terrier,0.9972,True
yorkshire_terrier_90,3658,36,yorkshire_terrier,dog,36,yorkshire_terrier,0.4181,True
yorkshire_terrier_91,3659,36,yorkshire_terrier,dog,36,yorkshire_terrier,0.8447,True
yorkshire_terrier_92,3660,36,yorkshire_terrier,dog,36,yorkshire_terrier,0.9918,True
yorkshire_terrier_93,3661,36,yorkshire_terrier,dog,16,havanese,0.8957,False
yorkshire_terrier_94,3662,36,yorkshire_terrier,dog,36,yorkshire_terrier,0.9806,True
yorkshire_terrier_95,3663,36,yorkshire_terrier,dog,36,yorkshire_terrier,0.9906,True
yorkshire_terrier_96,3664,36,yorkshire_terrier,dog,36,yorkshire_terrier,0.8621,True
yorkshire_terrier_97,3665,36,yorkshire_terrier,dog,36,yorkshire_terrier,0.9969,True
yorkshire_terrier_98,3666,36,yorkshire_terrier,dog,36,yorkshire_terrier,0.9806,True
yorkshire_terrier_99,3667,36,yorkshire_terrier,dog,36,yorkshire_terrier,0.9952,True
yorkshire_terrier_9,3668,36,yorkshire_terrier,dog,36,yorkshire_terrier,0.9933,True
