split,position,image,true_breed,species,group,predicted_name,method,label,p_label,num_segments,area,overlap,excess,deletion,insertion,additivity,fit_r2,seed_rho,seed_jac,weights,num_samples,seed,device,runtime_s,total_s
test,775,Bombay_89,Bombay,cat,correct,Bombay,lime,7,0.947638,27,0.744121,0.917677,0.173557,0.119961,0.317688,0.574826,0.459577,0.784188,0.666667,0.0225759 0.0132442 0.00752024 0.0211664 -0.0116035 0.0146093 -0.0104775 0.0234707 0.0566824 0.0114504 0.0127496 0.0200716 0.0408391 0.0111169 0.0264666 0.0749033 0.00330602 0.0252747 0.0485781 0.0143031 0.0378635 0.0207331 0.0114392 0.00422895 0.0291161 0.0355942 -0.000751137,800,0,cuda,1.99,6.58
test,117,american_bulldog_25,american_bulldog,dog,correct,american_bulldog,lime,1,0.974217,32,0.670261,0.75954,0.08928,0.195801,0.805325,0.268761,0.711259,0.892962,0.833333,-0.00725165 0.03034 0.0653584 0.266376 0.145377 -0.00566126 0.259413 -0.0119145 0.0750039 -0.00991142 0.00138128 0.0193954 0.0855406 0.0032753 0.099232 0.0526502 0.043008 0.0564258 0.306566 -0.00959298 0.0165921 0.121957 -0.00507219 -0.0198308 -0.00580536 0.0317658 -0.0357353 -0.00150508 0.0844632 0.0365653 0.00823105 -0.0190292,800,0,cuda,1.82,5.91
test,1646,havanese_68,havanese,dog,correct,havanese,lime,16,0.968143,38,0.637735,0.988249,0.350514,0.105771,0.769232,0.174558,0.606324,0.884123,0.833333,0.0610553 0.102313 -0.00701612 -0.00981078 -0.0214048 0.170345 -0.00461381 0.00703465 0.0228988 0.0306685 0.0927943 0.0945222 0.0758794 0.049028 0.231352 0.099355 0.166974 0.1171 0.0823614 0.0230747 0.00388769 0.0122932 0.0893092 0.0114361 -0.00719196 0.0407402 0.116093 0.00828243 -0.0349689 0.0113025 -0.00956876 -0.00459676 0.0219194 -0.0305121 0.00690836 -0.00833325 0.0321469 -0.0177392,800,0,cuda,2.0,6.59
test,3406,staffordshire_bull_terrier_43,staffordshire_bull_terrier,dog,correct,staffordshire_bull_terrier,lime,34,0.87344,36,0.543726,0.769464,0.225738,0.035684,0.071013,0.795846,0.09187,0.075676,0.180556,0.00539139 0.00539989 0.00196102 0.00341649 0.00397799 0.00274747 0.00456154 0.0050538 0.00490241 0.00498501 0.00440386 0.00545435 0.0031567 0.00528116 0.00414902 0.00401309 0.00533127 0.00424868 0.00526691 0.00446107 0.00349814 0.00612176 0.00274011 0.003219 0.005429 0.00432585 0.00355935 0.0045198 0.00446988 0.00499504 0.00400624 0.00394919 0.00386143 0.0037388 0.00551891 0.00441941,800,0,cuda,2.22,6.79
test,2118,miniature_pinscher_43,miniature_pinscher,dog,wrong,Abyssinian,lime,0,0.924905,35,0.104432,0.388427,0.283995,0.062445,0.470262,0.307408,0.545016,0.735714,0.666667,0.0331057 0.034368 0.0235947 0.0180357 0.00827246 0.0676117 0.00964516 0.0433624 0.0161392 0.0630256 0.00646422 0.139175 0.002182 0.0030413 0.0131375 0.110173 0.0118491 0.00555125 0.00638465 0.00676567 0.120266 0.0249162 0.00477717 0.0429776 -0.00934316 -0.0049043 0.0162675 0.0727638 0.0135045 0.000560378 0.0215552 0.00545952 0.00104848 0.00805361 0.046684,800,0,cuda,2.09,6.91
test,2668,Ragdoll_89,Ragdoll,cat,correct,Ragdoll,lime,26,0.999806,33,0.825016,1.0,0.174984,0.120747,0.599971,0.506379,0.417391,0.782587,0.833333,-0.00403622 -0.00681067 0.00927659 0.0138866 0.00914704 0.0327363 -0.00938149 0.0278415 0.037355 0.00709925 0.0111703 0.00425666 0.0309908 0.0190662 0.00657599 0.0504896 0.044804 0.017346 0.0500572 0.0113631 0.00882197 0.00606216 -0.00130514 0.0146434 0.0885569 0.0792147 0.0027117 0.0927384 0.0544886 0.070619 -0.00994667 0.0153922 0.0325993,800,0,cuda,1.98,6.67
test,598,Birman_191,Birman,cat,correct,Birman,lime,6,0.995709,30,0.588329,0.931861,0.343532,0.283989,0.926726,0.057058,0.600917,0.863404,0.547619,0.0191474 0.0120468 -0.0148111 0.0362486 0.00304051 0.00988169 -0.0048025 -0.00789971 0.0160347 -0.0252475 0.217305 0.0549411 0.0184816 0.143861 -0.014167 0.00941033 0.000423454 -0.00314659 0.000971587 -0.0382134 -0.0253199 -0.00542181 0.00335103 -0.0119843 0.00260788 -0.0215829 0.0294083 0.00413461 -0.01389 0.00328509,800,0,cuda,1.9,6.47
test,3562,wheaten_terrier_94,wheaten_terrier,dog,correct,wheaten_terrier,lime,35,0.999972,38,0.477978,0.990854,0.512877,0.223669,0.969138,0.423779,0.620172,0.662326,1.0,0.00757176 -0.027738 -0.00761862 0.0299917 0.0115257 -0.0370879 -0.00057049 0.042197 -0.0228144 0.042785 0.0227454 0.0067685 0.15782 -0.00107523 -0.00994111 -0.00148686 0.00119104 -0.00318543 0.0082173 0.158279 0.0261552 -0.0235772 0.0264472 0.222901 0.0329297 -0.0174351 0.00286965 0.372602 0.0565576 -0.0233206 0.0166962 -0.0102231 0.0993693 0.0321702 0.170531 0.017895 0.00838632 0.00800881,800,0,cuda,1.85,6.57
test,2654,Ragdoll_76,Ragdoll,cat,correct,Ragdoll,lime,26,0.993082,37,0.752989,0.992473,0.239484,0.091273,0.586016,0.580726,0.460255,0.706496,0.666667,0.0109681 -0.00518899 0.0113418 0.00355634 -0.00369026 -0.000775403 0.0272532 0.000506563 0.0234315 0.00367187 0.0508035 0.0164229 0.0176005 0.0885989 0.0180516 0.00233658 -0.00199671 0.074813 0.0265797 0.0197981 0.0595182 -0.0027407 0.00424304 0.0308717 0.0582828 0.0205819 0.00618114 0.00953553 0.0158193 0.0106518 0.0104431 0.0144544 0.00390678 0.0159282 -0.00191229 0.0196216 -0.00264811,800,0,cuda,2.0,6.39
test,3238,Siamese_59,Siamese,cat,correct,Siamese,lime,32,0.589675,37,0.612683,0.701455,0.088771,0.046499,0.725467,0.003005,0.658999,0.828355,0.547619,-0.0120864 0.0258039 -0.0184069 0.0113209 0.00427786 0.00105057 0.00166751 0.0106232 0.0562391 0.00479381 0.0561029 0.043001 -0.00843356 -0.0255827 -0.00336928 -0.060046 0.0225142 -0.0121703 0.0180452 0.111919 0.312482 0.0135193 -0.0177222 0.0508315 -0.0178128 0.0118659 -0.00480939 -0.00886211 0.106822 0.0125417 0.0366174 0.0216466 0.016447 0.0767133 0.00685692 0.0244948 0.0111061,800,0,cuda,2.07,6.6
test,768,Bombay_81,Bombay,cat,correct,Bombay,lime,7,0.883271,39,0.767797,0.975213,0.207416,0.077244,0.628884,0.621743,0.34034,0.662551,1.0,0.028553 -0.0091778 0.0151187 0.00824898 0.0114461 0.0125116 0.0695331 0.0490196 -0.00355424 0.0462966 0.0111729 0.0522516 -0.0109229 0.000108786 -0.00450582 0.012217 0.0539968 0.0224968 -0.000869332 0.0108106 0.00427658 0.00764768 -0.0113817 0.0128443 0.00564623 -0.00324692 -0.00420976 0.00990098 -0.00654945 0.00225908 0.0226398 -0.00283881 0.00970929 0.0065179 -0.00896561 0.0140649 0.00327782 -0.00389704 0.00209253,800,0,cuda,1.91,6.77
test,2586,Ragdoll_210,Ragdoll,cat,correct,Ragdoll,lime,26,0.991328,35,0.581692,0.987465,0.405773,0.04963,0.635698,0.826015,0.180261,0.721569,0.833333,-0.00247116 0.00890982 0.00339363 0.010973 0.000470296 0.00873008 0.0215484 0.00572777 0.0300202 -0.00288264 0.0266499 0.00764179 0.00208641 0.0293962 0.0239609 4.83305e-06 0.0127399 0.0188075 0.0117591 0.0199566 0.00160414 0.00232532 0.00431442 0.005408 0.0161532 -0.0030619 -0.00928253 -0.00123802 0.00820278 0.00506979 -0.00769327 0.00186413 0.00469442 0.00589919 0.00355351,800,0,cuda,2.12,6.62
test,1403,german_shorthaired_29,german_shorthaired,dog,correct,german_shorthaired,lime,14,0.999637,38,0.440111,0.964051,0.523941,0.208334,0.877745,0.217786,0.966905,0.7561,1.0,-0.00589992 0.022099 0.0385342 0.00403487 0.0289484 0.00450636 0.0089528 0.00800184 0.00691593 0.00315599 0.00472971 0.819787 0.00993934 0.00722551 0.0381919 0.00698273 0.00602524 0.00309352 0.0053154 0.0028348 0.0430206 -0.00163887 0.0647009 0.0214918 -0.000349268 0.0515781 -0.0011696 0.0124241 0.0813617 0.00599292 0.013316 0.0120768 0.018459 0.011561 0.0192186 0.0145439 0.00710059 0.00767717,800,0,cuda,2.29,6.69
test,2746,Russian_Blue_67,Russian_Blue,cat,correct,Russian_Blue,lime,27,0.718327,33,0.609375,0.597081,-0.012294,0.025167,0.545888,0.229122,0.479495,0.797961,0.666667,0.0061438 -0.084833 0.0333465 0.0357092 0.0770633 0.038117 0.135974 0.0240102 0.0033708 0.00749638 0.024328 0.129283 0.064349 0.00552875 0.0152869 -0.00253783 -0.00728706 0.042163 0.0221502 0.025598 0.0132458 -0.0209379 0.0611926 0.00119117 0.0111969 -0.00183813 0.0492167 0.0494277 0.00948866 -0.00677669 -0.00336977 0.000696453 0.00806253,800,0,cuda,1.96,6.4
test,2917,samoyed_42,samoyed,dog,correct,samoyed,lime,29,0.997956,42,0.337173,0.988341,0.651167,0.035866,0.887793,0.276407,0.562729,0.55814,0.666667,-0.0126193 -0.00172238 0.0245969 -0.00512423 0.0256852 -0.00443296 0.00886485 0.00147918 0.0514856 0.126265 0.0267888 0.0230409 -0.00305519 -0.0355879 -0.0146944 0.318824 0.265053 -0.0170111 0.00352129 0.00467974 -0.0214664 0.00900131 0.0148603 0.0760037 -0.0104407 0.00638508 0.0280389 -0.0054239 -0.0125914 0.00613629 0.150331 0.0213663 0.00965369 0.0219625 0.0112606 0.00122556 -0.0121499 0.0268297 -0.0233948 0.00499028 -0.00658815 0.0167233,800,0,cuda,2.2,6.8
test,1519,great_pyrenees_43,great_pyrenees,dog,wrong,wheaten_terrier,lime,35,0.464284,36,0.427117,0.901942,0.474825,0.064846,0.87212,0.058622,0.512176,0.803604,0.833333,-0.0185634 -0.00831055 -0.00757983 -0.0117577 -0.033438 0.16813 -0.0626233 0.0120307 -0.0120304 -0.0249279 -0.00988546 -0.166134 0.0600233 -0.00993251 -0.00660412 -0.0663625 -0.103934 0.0577046 -0.0164785 -0.0511987 0.0376261 0.250779 -0.0350545 0.00531759 0.0240908 0.150984 0.00808631 0.0321808 0.0117136 0.00332617 -0.0149002 0.00181916 -0.0181756 0.0177768 0.0151601 -0.00313853,800,0,cuda,1.92,6.31
test,663,Birman_69,Birman,cat,correct,Birman,lime,6,0.99542,29,0.922971,0.916452,-0.006519,0.418745,0.830843,0.158954,0.477946,0.814778,0.833333,0.0110823 0.047949 -0.00309352 0.00246919 0.0316789 -0.00909936 0.0453086 -0.00416697 0.0510861 0.0935141 0.166616 -0.00765815 0.0130852 -0.0294963 -0.00473408 0.075563 0.0275043 0.014165 -0.0132553 -0.000225799 0.0233819 0.0174891 0.00194139 0.00568843 0.0347977 0.0294885 0.0215402 -0.00210609 0.00450135,800,0,cuda,1.81,6.15
test,826,boxer_46,boxer,dog,correct,boxer,lime,8,0.906545,36,0.276547,0.568308,0.291762,0.103706,0.928252,0.079506,0.714667,0.679923,0.547619,-0.012896 0.0188256 0.142836 0.0294481 0.0196237 0.0187732 0.391656 0.180473 -0.0590078 0.0306983 0.0250967 0.0114824 -0.0101642 0.0584057 0.0345234 0.0461165 -0.00309147 -0.00124356 -0.216616 -0.0148405 0.018863 0.0126481 -0.02779 0.0055266 0.0113563 0.0227672 0.0210374 0.0410256 0.0295623 0.0294921 -0.00476417 0.0073419 0.0296975 0.0144172 0.0333628 -0.00192762,800,0,cuda,2.07,6.64
test,502,Bengal_196,Bengal,cat,correct,Bengal,lime,5,0.853974,39,0.55975,0.855855,0.296105,0.15491,0.351335,0.402235,0.484432,0.73664,0.666667,0.0442323 0.0738726 0.0226073 0.00240262 0.0133187 0.0055936 0.00359675 0.0631753 0.0421705 0.0592594 0.00228528 0.0247567 0.0163562 0.037373 0.0347451 0.00875527 0.0347978 -0.00264413 -0.0131614 0.0115635 -0.0151966 7.83366e-05 -0.00117123 -3.65397e-05 0.0551141 0.00563926 0.0297323 0.00915276 0.0480182 -0.00647053 0.0152243 0.013899 0.0142142 0.0136722 0.0210886 0.0269345 0.0154011 0.0125855 0.00207307,800,0,cuda,2.29,6.97
test,1770,japanese_chin_8,japanese_chin,dog,correct,japanese_chin,lime,17,0.956909,33,0.446548,0.919868,0.47332,0.034369,0.72235,0.668565,0.328497,0.580214,1.0,-0.00859142 0.0854474 0.075759 0.0127007 -0.00707959 0.0561089 0.00226072 0.0601407 0.0195384 0.014854 -0.00494576 0.0437478 0.00798512 0.00642971 0.0165063 0.0101496 0.0142278 0.0197404 -0.0107162 0.00208798 0.0144956 -0.00187702 -0.00843235 0.0645791 0.00488746 0.0162753 -0.0186618 0.00245296 -0.0181315 -0.00112104 -0.000918853 -0.000875968 0.00531846,800,0,cuda,1.97,6.37
test,1746,japanese_chin_68,japanese_chin,dog,correct,japanese_chin,lime,17,0.998006,34,0.342076,0.985322,0.643246,0.114535,0.834085,0.287346,0.62307,0.527273,1.0,0.0140918 -0.00460049 -0.0201008 -0.0228161 -0.00573391 0.00967114 -0.0129376 -0.0160286 -0.00180878 -0.0091009 -0.00838605 0.00544254 0.314571 0.25099 0.0364194 0.035313 -0.001334 -0.00518837 0.0575452 0.177533 0.00974309 0.0122317 0.000772113 -0.00158981 0.0957569 0.159354 0.021181 0.00812095 0.0217443 0.00944045 0.0230778 -0.00226999 -0.0122904 -0.00356861,800,0,cuda,2.02,6.41
test,1763,japanese_chin_83,japanese_chin,dog,correct,japanese_chin,lime,17,0.994404,31,0.488441,0.987084,0.498644,0.091098,0.750892,0.138679,0.6297,0.910887,0.833333,0.0158848 0.155247 -0.000414137 0.0748985 0.0344503 0.0795247 0.0820471 0.0650988 0.0384286 0.106497 5.81812e-05 0.11628 0.00500692 0.033626 0.210901 0.051118 0.0101096 0.0832576 0.0755969 0.0359977 0.0808756 0.0577586 -0.0171461 -0.0145807 -0.0129239 0.0105655 -0.000751895 -0.0103979 0.0186236 -0.00556988 0.0109114,800,0,cuda,1.95,6.43
test,1122,Egyptian_Mau_3,Egyptian_Mau,cat,correct,Egyptian_Mau,lime,11,0.999506,31,0.451531,0.644273,0.192742,0.332064,0.805051,0.525183,0.675176,0.933065,1.0,0.00961108 0.0139161 -0.0104061 0.0130009 -0.0192315 0.0224177 -0.0123782 0.011978 0.0844883 0.0854875 0.138399 0.0560441 0.111799 0.0266456 -0.0174274 0.148013 0.0024996 0.0548313 0.0277609 0.120957 0.32889 0.0756519 0.0264178 0.236548 0.0519948 0.0619181 0.024083 -0.0248231 0.0116668 0.15865 -0.0114918,800,0,cuda,1.94,6.64
test,1572,great_pyrenees_91,great_pyrenees,dog,correct,great_pyrenees,lime,15,0.609534,40,0.597218,0.84404,0.246822,0.022736,0.387365,0.375238,0.311532,0.460225,0.666667,0.00105553 0.0341338 0.00184982 -0.00293582 -0.00163101 0.0395966 0.0355958 0.0108856 0.00344383 0.00313408 0.0241657 -0.00122595 0.00131015 0.0127501 0.0401761 0.00297738 0.0341437 0.0132481 0.00492349 0.00697086 0.0174881 0.0329121 0.0195183 0.0124392 0.0112691 0.00958172 0.0209822 -0.00333211 0.00371621 0.0134601 0.0045241 0.0067174 0.009626 -0.00105339 0.0149384 0.0047357 -0.000684494 0.000886612 0.00417023 -0.00869494,800,0,cuda,2.07,6.81
test,2395,pomeranian_22,pomeranian,dog,correct,pomeranian,lime,24,0.969692,39,0.428811,0.675009,0.246199,0.04981,0.526101,0.736172,0.291494,0.442409,0.666667,0.00437602 0.0126271 0.00958106 0.00775099 7.06276e-05 -0.00361632 -0.00804929 0.011471 0.0106514 0.0165863 0.046322 0.036579 0.00158685 0.0454461 0.0124931 0.0194664 0.0399087 0.00903741 0.0168645 0.00464392 -0.00792253 0.0022066 0.00508371 0.0107152 0.0116534 0.0117058 0.00131206 -0.00498884 0.00462268 0.0134752 0.0114789 0.0170665 0.00562364 0.00489421 0.0112293 0.011044 0.0119171 0.00853376 0.0118503,800,0,cuda,2.31,6.76
test,463,beagle_69,beagle,dog,wrong,basset_hound,lime,3,0.493333,39,0.433275,0.734635,0.30136,0.044974,0.738519,0.25492,0.607524,0.804757,0.666667,0.0362945 0.0358543 0.0702538 0.256849 0.158595 -0.00771161 0.133147 0.0088886 0.0121458 -0.00659295 0.066392 0.00540961 0.014797 0.0916461 -0.0677599 0.00531412 0.0140134 0.0211169 -0.00207996 -0.00600125 -0.026238 0.0047915 0.064171 0.0218979 0.033096 0.0777609 -0.0033208 0.0302742 -0.0131889 0.0191532 0.0283391 -0.033704 -0.00830499 -0.00662562 0.00211189 -0.00229678 -0.00727104 0.000300192 -0.00382567,800,0,cuda,2.0,6.55
test,1478,german_shorthaired_97,german_shorthaired,dog,correct,german_shorthaired,lime,14,0.984683,38,0.511958,0.982527,0.470569,0.166819,0.740698,0.258442,0.545322,0.740672,1.0,0.0325637 0.0480405 0.016532 0.0355373 -0.00146164 0.000474791 0.0178446 0.106196 0.00946773 0.0219413 0.00746359 0.107636 0.125172 -0.00784931 0.0167674 0.0671499 -0.000979025 0.00461444 0.00913924 0.011212 0.0596652 0.184223 0.0236059 0.0092465 -0.00249213 -0.0110638 0.00781592 0.090169 -0.00670226 0.026369 0.0375623 0.0240087 0.0388645 0.0175457 0.0157119 0.0441553 -0.00338002 0.0217003,800,0,cuda,1.97,6.53
test,3126,shiba_inu_51,shiba_inu,dog,correct,shiba_inu,lime,31,0.999963,44,0.11358,0.456073,0.342492,0.190894,0.966297,0.015516,0.966577,0.450881,0.547619,0.00482683 0.00765069 0.0087188 0.00204317 0.0329003 0.0114152 -0.00131614 -0.00169005 -0.000614377 0.00234033 -0.00585983 0.00501159 0.0144376 -0.00189696 -0.00290614 -0.00137626 -0.00793191 0.00143586 -0.0217441 -0.00856463 0.76193 -0.01131 -0.00584185 -0.00173362 -0.00893526 -0.0106982 0.0368939 -0.00681049 -0.014889 0.00393407 0.00210727 -0.0026318 -0.00235847 0.00351493 -0.00172173 0.00929855 0.00488813 0.00627611 0.00185204 0.0119911 -0.00249943 -0.00366858 0.00832965 -0.00729434,800,0,cuda,1.95,6.93
test,3329,Sphynx_41,Sphynx,cat,correct,Sphynx,lime,33,0.988011,28,0.716956,0.981589,0.264633,0.142249,0.832512,0.154015,0.567429,0.938697,0.428571,0.0864411 0.0065938 0.07273 0.24923 0.154193 -0.0113317 0.0181146 0.0543549 0.00297529 -0.00911127 -0.0192647 0.0314013 0.0096033 0.0642503 0.0522062 0.0451115 -0.0332041 0.0784533 0.0631496 0.0698532 -0.0194648 0.0718119 -0.0107339 0.00965173 0.0210052 0.00727775 0.00601124 -0.0426065,800,0,cuda,1.82,6.17
test,185,american_bulldog_89,american_bulldog,dog,wrong,american_pit_bull_terrier,lime,2,0.277045,41,0.249522,0.63161,0.382088,0.010366,0.744217,0.116962,0.498226,0.705923,0.666667,0.0184896 -0.0111195 0.00208546 0.00968913 0.0166102 -0.000788931 0.0256072 0.0227956 0.175061 0.0854941 -0.00313082 0.0117467 0.0169867 -0.00659186 0.112507 0.0115742 0.0821035 -0.0845625 -0.00470592 -0.00162492 -0.00683284 -0.00925319 0.0112594 0.00573275 0.0383649 -0.0209854 0.0277686 -0.0183938 0.00570789 0.0203984 -0.0217423 0.0150021 0.0109004 0.000985284 0.0279064 0.0136979 0.00131968 0.018927 0.00953463 -0.012334 -0.0111559,800,0,cuda,1.88,6.71
test,3599,yorkshire_terrier_37,yorkshire_terrier,dog,wrong,scottish_terrier,lime,30,0.809852,39,0.615155,0.78062,0.165465,0.078513,0.6079,0.276366,0.526054,0.696862,1.0,0.024637 0.00731068 0.000368334 -0.0126023 -0.00253058 0.0226767 -0.00793094 0.0395968 -0.00745273 0.00865999 0.00531916 -0.00996027 0.0631337 0.0118428 0.00474383 0.053142 0.00634139 0.00969725 0.0414756 0.155481 0.0161108 0.0569279 0.0118573 0.0673285 0.0129361 0.100502 0.0122881 0.0041292 0.0211158 -0.0109339 -0.0199169 0.124106 0.00654144 -0.000121986 -0.0236292 0.0150424 -0.0110561 0.0203519 0.0153334,800,0,cuda,1.9,6.71
test,1559,great_pyrenees_7,great_pyrenees,dog,correct,great_pyrenees,lime,15,0.609576,38,0.184929,0.893835,0.708906,0.00601,0.620281,0.452304,0.25569,0.554328,0.666667,0.00366045 0.000458909 0.00744956 0.00886987 0.00935096 -0.00174773 -0.00890728 0.00172902 0.0129165 0.00499668 0.00787387 0.00249702 0.032953 0.0202866 0.00355654 0.0158991 0.0142772 -0.0055064 0.02638 0.0286446 0.03142 0.0257453 0.00689888 0.00332181 0.00836647 0.00295233 -0.000134654 -0.00384078 -0.00220368 0.0035438 -1.10477e-05 0.00836942 0.00574301 0.000764963 0.00295865 0.00553554 -0.00255875 0.00450405,800,0,cuda,2.13,6.67
test,1939,leonberger_62,leonberger,dog,correct,leonberger,lime,19,0.995065,37,0.56816,0.835328,0.267168,0.100258,0.502627,0.705529,0.275973,0.610005,1.0,0.0165109 0.00599792 0.0146709 0.00586466 -0.0170339 0.0190957 0.0118384 0.0177093 0.00661783 0.0496212 0.0257919 0.00256901 0.000778554 0.050368 0.00531685 0.0022264 0.0164738 0.0189028 0.00681313 0.0036318 0.0123362 0.0379862 -0.00113114 0.016002 0.0518301 0.0158979 0.00199511 0.0124227 -0.00584141 0.0451269 0.0256525 0.0126985 0.0229328 0.0105925 0.00962029 0.0193615 -0.00749923,800,0,cuda,1.96,6.52
test,2637,Ragdoll_57,Ragdoll,cat,wrong,Birman,lime,6,0.463458,34,0.611707,0.878363,0.266656,0.302042,0.80993,0.404279,0.362399,0.860657,0.547619,-0.00240402 -0.00197476 -0.0181768 -0.039194 0.00461738 -0.00241051 0.010916 0.00719258 -0.0493177 -0.00899522 0.0520791 -0.0468177 -0.00860422 0.00816817 0.151679 0.0385787 0.0652835 0.0454749 -0.00867142 0.0482641 -0.0257778 0.0516756 0.0636368 0.0354729 -3.573e-05 0.0935385 0.0227673 -0.00475878 -0.0015219 0.0154078 0.0400503 0.0105327 0.0337448 -0.0223583,800,0,cuda,2.29,6.93
test,668,Birman_73,Birman,cat,correct,Birman,lime,6,0.935482,41,0.559012,0.98541,0.426398,0.237434,0.945148,0.234002,0.599999,0.569164,0.666667,0.0200661 0.0432986 -0.0160364 0.00173584 0.00789906 0.0375169 -0.0122102 -0.00236348 0.003844 0.00454221 0.00707192 0.0798999 0.00429754 0.193558 0.0269966 0.227592 -0.018515 0.133999 -0.0240761 0.00864529 -0.0145096 -0.0230586 0.178508 -0.0179295 0.0117278 0.08417 0.00121967 -0.0204007 0.0211827 -0.0535456 -0.0165326 0.000277359 0.0141549 0.0167471 -0.0121706 -0.0128935 0.0082957 0.01575 -0.013421 0.00312427 -0.000567997,800,0,cuda,1.97,6.74
test,1073,chihuahua_8,chihuahua,dog,correct,chihuahua,lime,10,0.999891,40,0.442303,0.866376,0.424073,0.039054,0.885688,0.119778,0.703196,0.34925,1.0,-0.00354694 0.0168646 0.0256617 0.00359263 -0.0127558 0.0833108 0.00334344 -0.00191265 0.528515 -0.0115762 -0.0156642 0.00687221 0.154988 -0.0130237 0.23893 0.224613 0.0236752 -0.00097241 -0.0214532 -0.0235444 -0.0169989 -0.00548734 0.0331779 0.0211872 -0.000581622 -0.0252619 -0.0158134 -0.00498414 0.0296826 0.005745 -0.0250059 0.0287916 -0.0159884 0.0239509 -0.0152422 -0.00220757 0.0178805 -0.0160933 0.0219914 0.0288559,800,0,cuda,1.87,6.49
test,1648,havanese_6,havanese,dog,correct,havanese,lime,16,0.986225,33,0.698362,0.698875,0.000513,0.123854,0.897763,0.372807,0.69509,0.918951,1.0,0.0493894 -0.0022414 0.108251 0.13429 0.00632655 0.140459 -0.00940729 0.111619 0.0393213 0.0054968 0.0507848 -0.0555989 -0.0204844 0.184455 0.172141 0.0111653 0.0497509 -0.0402615 -0.00756771 0.149474 0.0164871 0.0408052 -0.0415143 0.305008 -0.00342681 0.0534263 0.00307952 0.0134567 -0.00145416 0.0424417 0.0235191 -0.00380493 0.0390319,800,0,cuda,1.92,6.29
test,1449,german_shorthaired_70,german_shorthaired,dog,correct,german_shorthaired,lime,14,0.995608,32,0.480887,0.829057,0.348169,0.138203,0.555625,0.37404,0.541826,0.794355,0.666667,0.0422013 -0.00143088 -0.0119395 -0.0101958 0.123281 0.0339288 0.0700613 -0.00685155 0.0155597 0.0245234 0.108659 0.0403977 0.0920063 0.0276559 0.0069491 0.0450494 0.150172 0.0160931 0.0297462 0.0555177 0.0309793 -0.00333576 0.0462344 0.0880652 0.0147361 0.0421326 -0.0451393 -0.0297116 0.0235322 0.00232839 0.0228608 -0.00476975,800,0,cuda,1.98,6.62
test,3564,wheaten_terrier_96,wheaten_terrier,dog,correct,wheaten_terrier,lime,35,0.999873,36,0.357143,0.943668,0.586525,0.114987,0.908649,0.265697,0.734019,0.819949,0.833333,-0.00872057 -0.0101105 0.00405822 -0.016116 0.0526288 0.0338472 -0.0219182 0.0234005 0.0249722 -0.034933 0.272519 0.00696058 0.0033446 0.0479602 -0.0158488 0.293458 0.340012 0.022217 0.129792 0.0350027 0.0257445 0.221981 -0.00283565 -0.0220863 -0.0205433 0.0359393 0.111719 -0.0146314 -0.00151672 0.0388262 0.0772903 0.00993998 -0.0833068 -0.0188928 -0.00203902 0.018176,800,0,cuda,2.04,6.39
test,1065,chihuahua_82,chihuahua,dog,correct,chihuahua,lime,10,0.999316,32,0.184112,0.417389,0.233277,0.015433,0.856223,0.346993,0.496204,0.504949,1.0,0.00756316 -0.0124866 -0.00678383 -0.00158495 0.0212426 0.006062 0.00267307 0.00463148 0.023414 -0.0196268 0.0191247 0.0861168 0.0262177 0.0153801 -0.00628624 0.0201352 0.243294 0.0477274 0.127531 -0.00606962 0.124871 0.0117888 0.0165613 0.235935 -0.00460142 0.00982739 0.00827971 0.0990214 -0.00302467 -0.010685 0.0166092 -0.00954929,800,0,cuda,1.97,6.46
test,3532,wheaten_terrier_67,wheaten_terrier,dog,correct,wheaten_terrier,lime,35,0.987478,43,0.572864,0.983755,0.410892,0.090736,0.859915,0.403565,0.498221,0.595364,0.833333,-0.0134562 0.0126724 0.0974594 -0.016364 0.0229378 -0.0130259 0.187004 0.0186498 0.0956471 0.0660122 0.0159224 0.149863 0.122795 0.0153545 0.0373739 0.0565945 -0.00690985 0.0199203 0.00216175 0.00758261 -0.00853277 0.0692873 0.00313693 0.0170174 0.0108561 -0.0107805 0.0275042 -0.0130598 -0.00346306 0.00763014 -0.00597031 0.0121911 -0.00013547 -0.00540375 -0.00498 0.00286333 -0.0058823 -0.0144883 -0.00136956 -0.00868698 0.00633109 -0.00194856 0.00175987,800,0,cuda,2.24,6.9
test,2948,samoyed_70,samoyed,dog,correct,samoyed,lime,29,0.999757,33,0.126973,0.348166,0.221193,0.109316,0.903164,0.084982,0.785859,0.64639,0.547619,0.0192122 -0.0130556 -0.0206411 -0.00503281 0.00406382 0.034418 0.111609 0.44106 0.0479282 0.0186362 0.0218008 0.0102824 0.0387671 -0.00413392 0.017269 0.482513 0.00208559 0.0386739 0.00799305 0.0462779 0.000980288 0.0177725 0.0135992 0.00479677 0.00829746 -0.0224903 0.00729862 0.0239989 0.0211304 -0.0650293 -0.0254693 -0.00981508 0.00616198,800,0,cuda,1.97,6.35
test,3361,Sphynx_80,Sphynx,cat,correct,Sphynx,lime,33,0.997529,33,0.619719,0.988383,0.368665,0.342597,0.962946,0.318105,0.73472,0.856618,0.547619,0.00492592 0.016088 -0.0145817 0.0649317 0.438794 -0.0110163 0.0141966 0.0353544 0.142548 -0.00751927 0.0438918 0.0619062 -0.0133407 0.0835843 0.00948627 0.0160819 0.0150832 0.0488106 -0.00729649 0.0196473 0.00772727 -0.00605371 0.0140189 0.0938299 -0.00590774 0.0222118 -0.00985608 0.0144133 0.0294573 0.0682665 0.0236429 -0.00629792 0.0208933,800,0,cuda,1.95,6.58
test,3034,scottish_terrier_59,scottish_terrier,dog,correct,scottish_terrier,lime,30,0.999483,42,0.333068,0.98098,0.647913,0.232154,0.879932,0.323915,0.621852,0.61632,1.0,0.0294522 0.0086895 0.06388 0.0381782 -0.0121355 7.43285e-05 0.0190922 0.0684429 -0.0151233 0.131607 -0.0438152 -0.0054927 0.0276243 0.0203633 0.416683 0.162509 0.134067 -0.0105621 0.0147024 0.0214486 -0.00423642 0.0151674 0.175504 -0.012565 -0.00551746 0.068903 0.0246915 0.0092757 0.0473492 0.0482503 0.0104791 0.00265277 0.0144041 0.0252854 0.0122058 0.0281507 -0.0105019 -0.00224249 0.00148177 -0.00563336 -0.0352077 0.0306592,800,0,cuda,2.24,6.84
test,2025,Maine_Coon_3,Maine_Coon,cat,correct,Maine_Coon,lime,20,0.765194,33,0.768455,0.984955,0.2165,0.068293,0.673761,0.237229,0.559819,0.856283,1.0,-0.0193173 -0.00734022 -0.00441196 0.121539 0.0106826 0.0665266 0.0598613 0.00227759 0.0291223 0.0874854 0.010759 -0.0130055 0.0338634 0.0934544 0.0345964 0.0859203 -0.000121555 0.0929864 0.0174013 0.0190321 0.0151947 0.0177987 0.0151558 0.0121126 0.0462316 -0.00982939 -0.0706002 0.0115522 0.00196142 0.00574719 0.0162952 -0.015611 -0.00137928,800,0,cuda,2.15,6.4
test,2357,Persian_76,Persian,cat,correct,Persian,lime,23,0.998658,28,0.818818,0.993665,0.174847,0.252529,0.726353,0.333756,0.520686,0.865627,0.666667,-0.0168728 -0.0110726 0.0224661 0.0617438 0.0362936 0.010562 -0.0149422 0.220974 0.100477 0.0122958 0.0567711 0.019794 0.178677 0.051626 0.0305524 0.0430214 0.11187 0.0204652 0.0107444 0.0121314 0.0150411 0.0592138 0.0024662 0.0144845 -0.0107357 -0.0265897 0.0230041 -0.00166557,800,0,cuda,1.91,6.35
test,2602,Ragdoll_25,Ragdoll,cat,correct,Ragdoll,lime,26,0.929659,38,0.35519,0.922431,0.567241,0.103301,0.470977,0.484224,0.495909,0.63891,0.666667,0.0119455 0.00504833 -0.00294703 0.0178998 0.010199 0.0262114 0.0124957 0.00151136 -0.00391434 -0.0100223 0.00187365 0.0208318 0.0243317 0.0369497 0.0785144 0.071007 -0.000884227 0.027465 0.0163933 0.0499397 0.00480414 0.0579644 0.0275257 0.0228811 0.0609722 0.00588085 0.0192823 0.0240843 0.0201463 0.0186457 -0.00521155 0.0154175 0.0232702 0.00377919 0.00482803 0.0179006 0.0205425 0.00678506,800,0,cuda,2.0,6.89
test,2434,pomeranian_58,pomeranian,dog,correct,pomeranian,lime,24,0.999871,37,0.731565,0.998983,0.267418,0.07258,0.801381,0.401874,0.432867,0.699739,0.666667,0.0304229 0.0467823 0.0268779 -0.0149321 -0.0173981 0.0051356 0.129183 0.124879 -0.00359974 0.00658294 0.08331 0.0495331 0.0268696 0.038409 0.0784197 0.0822051 0.0499194 -0.0104053 0.018793 0.170579 -0.00406968 0.00820188 0.0315961 -0.0370103 0.0217914 0.0119245 -0.011645 0.00557968 0.0194557 0.0119455 0.0181665 -0.00562999 -0.007163 0.0023396 -0.00684465 0.013871 0.0302917,800,0,cuda,2.07,6.63
test,1347,english_setter_69,english_setter,dog,correct,english_setter,lime,13,0.997674,46,0.706453,0.982277,0.275824,0.155816,0.727773,0.018488,0.516058,0.869812,1.0,0.0158391 -0.00312698 -0.0114553 -0.0044802 0.0292232 0.0310393 0.122246 0.0121448 0.125724 0.105292 0.0537905 0.109676 -0.0389799 0.0171876 0.0173082 0.0221449 -0.00178174 0.0566855 -0.0336637 0.0171602 0.0741575 0.137325 0.0165761 0.057386 0.00328262 -0.0301847 0.0620525 0.0368108 0.108201 0.0737525 0.00952791 -0.00406535 0.00416585 0.0189317 0.0314253 -0.00194749 0.0323617 0.0757607 0.0366504 0.0799576 0.0120435 0.0470843 0.022939 -0.000608674 0.0473124 0.0370485,800,0,cuda,1.9,6.83
test,1023,chihuahua_44,chihuahua,dog,correct,chihuahua,lime,10,0.999425,39,0.309212,0.628972,0.31976,0.021814,0.833168,0.439234,0.470801,0.463259,1.0,-0.00652948 -0.000134355 0.0176329 0.0270499 -0.0357962 -0.019744 -0.00843612 0.038791 0.0163515 0.0529214 -0.00472653 -0.0176529 0.050492 0.00710717 0.169621 0.238527 -0.00448224 0.0591481 0.0231234 -0.00519675 -0.011662 0.0229581 0.0205248 0.0397626 0.218924 0.0329449 -0.0250003 -0.00391272 0.0335929 -0.0218428 0.0237485 0.0114292 0.0276778 0.00400701 -0.00678853 0.00860583 -0.0408944 -0.00756463 0.00196789,800,0,cuda,1.92,6.46
test,333,basset_hound_41,basset_hound,dog,correct,basset_hound,lime,3,0.992505,32,0.419085,0.969611,0.550526,0.100845,0.695555,0.379463,0.453566,0.911107,0.666667,-0.00405613 0.0217282 0.0451938 0.0206487 -0.00811914 0.0467438 -0.00147711 0.101625 0.0586201 -0.0031969 0.085008 0.0121317 0.0270307 -0.000607003 0.103673 0.0116991 0.101726 0.064612 0.0348533 -0.0120373 -0.00581197 0.0418537 0.0691032 0.0545289 0.00356462 0.0286944 0.0368995 0.00824309 0.0180155 0.0208161 0.0218414 0.0164998,800,0,cuda,2.09,6.8
test,481,beagle_85,beagle,dog,correct,beagle,lime,4,0.999992,40,0.505042,0.988205,0.483163,0.131302,0.893204,0.249356,0.708172,0.648968,1.0,-0.04866 0.0111888 -0.00275895 0.131892 0.0191908 -0.0143789 0.149462 0.00738724 0.0102705 -0.00888186 -0.0185024 0.467825 0.217733 0.253474 0.0152667 0.0471727 0.0792687 0.180035 -0.00774794 -0.00935858 0.000477463 -0.00103336 0.0730486 0.0030062 0.00152412 0.0059773 0.00819157 -0.0408457 -0.0134876 0.0578871 -0.0108209 -0.00454039 0.0226987 0.0132209 -0.0348286 0.0186354 -0.0233439 -0.0141452 -0.026248 0.00175236,800,0,cuda,1.9,6.43
test,2004,Maine_Coon_267,Maine_Coon,cat,wrong,Abyssinian,lime,0,0.982207,42,0.482581,0.965681,0.4831,0.05124,0.55405,0.759011,0.357514,0.504173,0.666667,-0.00455206 0.002176 0.00655334 0.020435 0.0628828 0.0456613 0.00554089 -0.00309059 0.0172711 0.00863011 0.00604238 0.0124195 0.0130675 0.0334658 0.0109114 0.00986693 0.00426289 0.0281476 0.00185765 -0.00327152 0.00434798 -0.0118985 -0.000464504 0.00857404 0.00309704 0.00199188 -0.001708 0.0092868 0.00307978 0.0053466 -0.00387932 0.0154414 0.000969062 0.00694662 0.0150311 0.00711125 0.0209268 0.00796804 0.0139446 0.00394436 0.00527811 -0.00470531,800,0,cuda,2.24,7.05
test,3168,shiba_inu_8,shiba_inu,dog,correct,shiba_inu,lime,31,0.999889,44,0.398637,0.842186,0.443549,0.246726,0.954701,0.08439,0.565331,0.584848,1.0,0.00990267 -0.00102001 0.0174775 -0.00060388 -0.00108411 -0.00237346 0.116786 0.00379414 -0.00991517 -0.0238036 -0.0216037 0.0758 -0.0127494 -0.0028933 0.139221 -0.0068675 0.0048507 0.00291781 -0.0190538 0.00337174 -0.002062 -0.0166506 -0.0177889 0.125127 -0.0281597 0.0269309 -0.00754104 -0.0150533 0.00222429 -0.01225 -0.0365796 0.000475536 0.00235964 -0.0149955 0.139749 0.0118209 -0.00158055 -0.00707418 0.0236568 0.000533469 0.00941353 0.0214974 -0.00888706 0.00836821,800,0,cuda,2.07,6.73
test,748,Bombay_62,Bombay,cat,correct,Bombay,lime,7,0.970928,35,0.482422,0.759279,0.276857,0.090898,0.434661,0.778133,0.28236,0.744258,0.666667,0.00812734 -0.000262852 0.00421618 0.00991136 0.0095954 0.00882939 0.0102627 0.00725301 0.00752122 0.008345 0.0164953 0.0111219 0.00629034 0.00312677 0.00990703 0.00177302 0.0198331 0.0068112 0.011635 0.010126 0.0107689 0.00790585 0.014814 0.0139768 0.0267028 0.0217274 0.00203981 0.00104179 0.00044386 0.0171124 -0.000613884 0.0178229 0.00621791 0.00718015 0.00718947,800,0,cuda,1.83,6.27
test,1785,keeshond_194,keeshond,dog,correct,keeshond,lime,18,0.891798,43,0.577507,0.94713,0.369622,0.064803,0.567178,0.70173,0.239014,0.681063,0.458333,0.00596681 0.0109755 0.00531092 0.010328 0.0117939 0.0115795 0.0331382 0.0136876 0.0071951 0.035844 0.0102091 0.0223195 -0.00562798 0.0215283 0.00103343 -0.00102949 0.0329306 0.0179422 0.010501 0.0121843 -0.00462054 -0.007181 0.0144556 0.016179 0.00499362 0.0299407 -0.00286264 0.0232241 0.0110593 -0.00102202 0.00946856 -0.00209899 0.00547978 -0.00795756 0.00355465 -0.00586464 -0.000335355 -0.00408043 0.00115909 0.00634357 -0.00267709 -0.00179284 -0.00195104,800,0,cuda,2.06,6.94
test,88,Abyssinian_91,Abyssinian,cat,correct,Abyssinian,lime,0,0.999962,40,0.484794,0.665734,0.18094,0.186839,0.850792,0.199078,0.600479,0.650375,0.666667,-0.00835642 -0.00754652 0.128054 0.327422 0.00245797 -0.0175743 0.00282732 -0.00755256 0.0263238 0.295907 0.0180691 0.0168521 0.0223711 0.0530794 -0.0165726 0.0794193 0.0175699 0.0359544 0.00991617 -0.00760399 -0.00707773 0.0353866 -0.00241709 0.0420463 0.0596884 0.0159606 0.00877657 0.0325486 0.0284896 -0.0111302 -0.0244101 -0.0261698 -0.0209145 0.0709432 -0.000322829 0.0317769 -0.0150156 0.0142716 0.0179533 -0.00833173,800,0,cuda,1.93,6.69
test,2577,pug_97,pug,dog,correct,pug,lime,25,0.984932,31,0.517598,0.891418,0.37382,0.032451,0.615274,0.802237,0.235343,0.604435,0.666667,0.0126477 0.00216197 0.0116711 -0.00348631 0.000632083 0.00308329 -0.00479589 0.0060682 0.0246135 -0.000188996 0.0405329 0.00684996 0.0479125 0.0035424 0.0067533 0.00673107 0.0250352 0.0406128 0.0402776 -0.000307099 0.00677155 0.0296107 0.000753248 -0.000550618 0.00424509 0.00440047 0.00362099 -0.00433052 0.0177522 0.000532506 -0.000215407,800,0,cuda,1.89,6.28
test,2926,samoyed_50,samoyed,dog,correct,samoyed,lime,29,0.996994,35,0.510603,0.966886,0.456283,0.214374,0.869354,0.181357,0.710468,0.6493,0.666667,0.013443 0.00579921 0.0512074 -0.0219425 0.0205523 0.192954 0.0569512 0.0180129 0.00929201 0.163648 0.0199442 0.130178 0.388716 0.0193479 0.0122472 0.345931 -0.00424478 0.0492618 0.141449 0.000834214 -0.00390256 0.0232568 0.021943 -0.0257779 0.00870107 0.00262488 0.00762866 -0.0170574 0.00368487 0.00972451 0.017428 -0.00266567 0.0134711 -0.0162847 -0.00736984,800,0,cuda,2.07,6.36
test,3131,shiba_inu_56,shiba_inu,dog,correct,shiba_inu,lime,31,0.99925,38,0.47736,0.869888,0.392529,0.479735,0.967636,0.141987,0.471203,0.730386,0.833333,-0.00762643 0.0136708 -0.00187291 -0.0107855 0.0185972 -0.031912 0.0456949 0.0644868 0.00370588 0.0263166 -0.00114592 0.0513516 0.107676 -0.0244753 -0.0227308 0.0364274 0.00668519 0.0436551 0.00822101 -0.0131161 0.026949 -0.0125502 -0.011277 0.0343894 -0.00531224 0.00637884 0.00280193 0.060487 0.000427554 0.000135714 0.0733352 0.00058633 -0.0065403 0.00821726 0.00929725 0.0107617 0.0120313 -0.0108788,800,0,cuda,1.99,6.39
test,45,Abyssinian_49,Abyssinian,cat,correct,Abyssinian,lime,0,0.937233,38,0.822365,0.999219,0.176854,0.112652,0.35147,0.71949,0.252888,0.492723,0.180556,0.00518817 0.0103169 0.00547326 0.000340689 0.00383566 0.00558007 0.00474362 0.0114576 -0.000403072 0.0214084 0.014672 0.00462295 0.00637754 0.0152245 0.0132091 0.0130288 0.0158181 0.00927625 0.00383328 0.01585 -0.00172859 0.00583014 0.00953245 0.0078521 0.00654682 0.0213435 0.00875002 0.0131156 0.0177056 0.0222868 0.0245399 0.00468998 0.0129579 -0.00138618 0.00830227 0.00911357 0.00488219 0.0125835,800,0,cuda,2.01,6.49
test,1501,great_pyrenees_27,great_pyrenees,dog,correct,great_pyrenees,lime,15,0.95704,33,0.381736,0.725867,0.34413,0.020806,0.767238,0.209153,0.686853,0.424465,0.547619,0.0471785 0.0312272 -0.00628035 -0.0377331 -0.0132098 -0.00492546 0.0182628 0.0368881 0.0121135 0.406012 0.0282428 0.0177522 0.06239 0.00488177 0.0356499 0.0114292 0.390511 -0.0211659 0.0230061 0.00253467 0.0103712 0.0130178 0.0176995 -0.0288996 0.0218247 0.0201053 -0.00526241 -0.0209432 0.00353327 -0.00241 0.0370151 -0.00514161 -0.00298289,800,0,cuda,2.13,6.59
test,3427,staffordshire_bull_terrier_62,staffordshire_bull_terrier,dog,wrong,american_pit_bull_terrier,lime,2,0.898355,37,0.304668,0.760077,0.455409,0.059048,0.833006,0.237516,0.744463,0.691204,0.833333,0.0101438 0.018673 0.0619228 0.0124706 0.422023 0.0309847 -0.00335231 0.00258638 0.188206 0.280014 0.0893272 0.0298817 -0.0316776 -0.0484353 0.00543815 0.0326629 -0.0298355 0.055037 0.24468 0.0074954 -0.00680891 -0.00692414 0.00319318 0.00200759 0.0553027 0.0202935 0.0101559 0.0224026 0.0420132 0.0374921 0.000750249 0.0287725 0.000332699 0.00244883 0.0399531 -0.00316545 -0.00643469,800,0,cuda,2.09,6.5
test,3016,scottish_terrier_42,scottish_terrier,dog,correct,scottish_terrier,lime,30,0.999991,35,0.557637,0.868698,0.311061,0.337501,0.812991,0.451765,0.472498,0.794818,0.666667,0.0989019 0.0132047 0.0229899 0.00301393 0.0265839 0.0813257 0.020208 0.0164336 0.0399992 -0.00477248 0.163107 0.00966057 0.0139807 0.0417543 -0.00271228 0.0446325 0.00867392 0.0186718 0.0490182 0.0434931 0.0540423 0.0946397 0.0145958 0.0327019 0.074089 0.00108474 0.0487614 0.0906591 0.0329427 0.020622 0.0124276 -0.0124336 0.00777762 0.00210009 -0.00763992,800,0,cuda,1.98,6.46
test,1771,japanese_chin_90,japanese_chin,dog,correct,japanese_chin,lime,17,0.998149,34,0.651268,0.991173,0.339906,0.059969,0.7746,0.484282,0.39798,0.607639,1.0,-0.00356775 0.00431779 0.0238706 0.0268782 0.00355886 0.0447266 0.0213648 0.00195056 0.000880176 0.0429346 0.0922672 0.0141862 0.142021 0.00307755 0.0277615 -0.00994834 0.0424567 0.00628238 0.00217547 -0.00474168 -0.00292956 0.125087 0.111611 0.051508 -0.00115132 0.000859915 0.0708488 0.0255455 0.0230848 -0.030967 0.0133942 0.00891698 -0.00218728 0.00938483,800,0,cuda,2.0,6.5
test,2241,newfoundland_64,newfoundland,dog,correct,newfoundland,lime,22,0.981695,33,0.598174,0.795102,0.196928,0.15906,0.578093,0.102053,0.635257,0.927807,1.0,-0.0236399 0.0813369 0.0597325 0.13138 0.0870658 0.218705 0.0662529 0.0306106 -0.0384477 -0.0063948 0.00808398 0.0348925 0.0738517 0.00889412 -0.0018388 -0.00754489 0.182755 0.0225942 0.00884941 0.0621934 0.0765032 0.0200776 0.0372814 0.109672 0.00957438 0.0325277 0.00668017 0.0104746 0.0376563 0.0211022 -0.00306648 -0.00685347 0.051871,800,0,cuda,2.0,6.66
test,1387,german_shorthaired_196,german_shorthaired,dog,correct,german_shorthaired,lime,14,0.979156,27,0.42048,0.669196,0.248716,0.126878,0.681302,0.171265,0.701386,0.821734,0.833333,0.0809712 0.0132521 0.0786316 0.0249483 0.00398482 0.00750556 0.0378591 -0.0105775 0.193859 0.023164 -0.01584 -0.00237125 -0.0111355 -0.00605304 0.0294908 0.0699845 0.276122 -0.00592856 0.0222101 0.0583083 0.0497634 0.000680539 0.0122288 0.0301169 0.254147 -0.00379983 0.010585,800,0,cuda,2.03,6.35
test,565,Bengal_70,Bengal,cat,correct,Bengal,lime,5,0.96502,33,0.354492,0.701976,0.347484,0.038264,0.439011,0.773903,0.269173,0.632186,0.547619,0.00327122 0.0113679 0.0107843 0.0236163 0.018053 0.00815619 0.0113755 0.0330577 0.0183366 0.00210397 0.0310828 0.010178 0.0211424 0.00832976 0.0161295 0.0225943 0.0088668 0.00274986 0.00367655 0.0139938 0.0143208 0.00885303 0.00968759 0.0174676 -6.76732e-05 -0.00593723 -0.00485624 -0.000479838 0.010246 0.00261591 0.00500579 0.00977189 -0.00456176,800,0,cuda,2.08,6.43
test,3538,wheaten_terrier_72,wheaten_terrier,dog,correct,wheaten_terrier,lime,35,0.999191,44,0.101762,0.700262,0.5985,0.100813,0.949523,0.114949,0.814442,0.682734,1.0,-0.00613945 0.00531698 0.00587441 0.0132865 -0.00414105 -0.0246737 0.0184204 -0.0184189 -0.060897 -0.00659945 0.0115889 0.0110995 0.000172734 0.0194165 0.382594 -0.0162712 -0.0193996 -0.0176537 -0.00523113 0.00318351 0.0228283 0.0874095 0.0116466 0.0254176 0.018972 0.447017 0.0376044 0.0269615 0.13148 0.0190627 -0.00252165 -0.00364447 0.133068 -0.00776092 0.0272752 -0.013923 0.012505 0.0290636 0.0276049 -0.00912846 0.0138062 0.0077914 0.00153567 0.0117678,800,0,cuda,2.05,6.72
test,3643,yorkshire_terrier_77,yorkshire_terrier,dog,wrong,havanese,lime,16,0.951721,42,0.215482,0.530513,0.315031,0.151919,0.630033,0.394058,0.52069,0.83413,0.547619,0.00186272 0.0238159 0.0102165 0.00465579 0.00643827 -0.00335592 0.004061 0.0527562 0.0311946 0.0645189 0.0232278 0.000882467 -0.00353015 0.0152386 0.0557089 0.000926221 0.0346986 0.000183146 0.045767 0.0408737 0.0108794 0.0019847 0.0254586 0.057804 0.00899394 0.0284541 0.0221026 0.0353722 0.121196 0.0228209 0.0455245 0.0308623 0.0218311 0.00437433 0.00960162 0.00901986 -0.00173003 0.0207488 0.0304727 -0.00819766 0.0012419 0.00221512,800,0,cuda,2.08,6.61
test,1989,Maine_Coon_242,Maine_Coon,cat,wrong,Bengal,lime,5,0.928156,42,0.549446,0.824985,0.275539,0.087982,0.386483,0.755109,0.254307,0.611377,0.547619,0.0112815 0.00828507 0.00325385 0.00718045 0.0101605 0.00214631 0.0133367 0.0163933 0.00365334 0.0152306 0.00631552 0.0141672 0.00610823 0.00583419 0.0125611 0.00636961 0.0084266 0.00967793 0.00730608 0.00759064 0.00451873 0.00585243 0.00385633 0.00698488 0.00468037 0.00324333 0.00893896 0.00485443 0.00690955 0.0105051 0.00176111 0.0135776 0.014211 0.00877732 0.00554363 0.002289 0.00620348 0.00583846 0.00981441 0.00303263 0.00517043 0.00369828,800,0,cuda,1.89,6.81
test,1359,english_setter_7,english_setter,dog,correct,english_setter,lime,13,0.906762,39,0.73581,0.994982,0.259172,0.039764,0.701412,0.69979,0.27276,0.691397,0.666667,-0.00347505 -0.00702603 0.0048016 -0.000222021 0.0205947 0.0268184 0.0253999 0.000309795 -0.000585454 0.0285996 0.0156005 0.0358605 0.0219475 0.0412053 -0.00534886 0.00673923 0.000604057 0.0304357 0.00997179 0.0144732 0.02295 0.00485602 0.01934 0.00633846 -0.000394605 -0.00194021 0.00792985 0.0127503 0.00085826 0.0199132 0.0002992 0.00486672 -0.00382951 0.011057 -0.005984 0.00477369 0.00556199 -0.00202914 -0.0101313,800,0,cuda,1.95,6.5
test,1981,Maine_Coon_21,Maine_Coon,cat,wrong,Ragdoll,lime,26,0.997766,42,0.419822,0.986358,0.566536,0.112841,0.782824,0.021331,0.625454,0.789401,0.428571,0.000762376 0.00578563 0.0471289 -0.0464353 -0.010874 -0.0218838 0.013343 -0.0134335 -0.0023964 0.00273033 0.101177 0.0842628 0.030477 0.1487 -0.000953005 0.0832751 0.189308 -0.00695275 0.0196587 0.0999843 0.0915485 0.15127 0.0229003 0.0242476 0.0740527 0.0990797 0.0957969 0.0395199 0.0512533 0.00755555 0.0750638 -0.029318 0.0583295 0.0276446 -0.0022301 -0.0183091 0.0308776 0.0052601 0.0107857 0.0392205 0.0114349 0.00917025,800,0,cuda,2.14,6.81
test,572,Bengal_77,Bengal,cat,correct,Bengal,lime,5,0.930022,38,0.304448,0.605539,0.30109,0.034264,0.594072,0.650507,0.286518,0.564394,0.833333,-0.00491153 0.0028811 0.0144494 0.00321223 -0.00516246 -1.72252e-05 0.00533399 0.0109016 -0.00305035 0.00360935 -0.00542017 0.000583143 0.00475629 0.0126887 0.0438141 0.00360519 0.0692095 0.0309313 0.0416371 -0.000490632 0.00325886 0.0133098 0.0041196 0.0636968 0.00263653 0.0100588 -0.00362058 0.00371683 0.0133156 -0.00466517 0.0515009 -0.00223844 0.00558752 0.0149771 0.0104127 0.00949168 0.0323317 0.00188163,800,0,cuda,1.91,6.6
test,793,boxer_198,boxer,dog,wrong,american_bulldog,lime,1,0.98878,38,0.576192,0.996243,0.420051,0.108391,0.923315,0.073333,0.764498,0.678958,1.0,-0.00336886 -0.00722673 -0.00935573 -0.0236939 0.0178507 -0.00694528 -0.00691129 -0.0194179 -0.0111639 0.159364 0.233316 0.0541923 0.0124494 -0.0523867 0.0111645 -0.0138891 0.134613 0.00901126 0.486085 0.0573817 0.00798895 0.03468 0.00684947 0.00177861 -0.0103088 0.0550227 -0.0148767 -0.0335919 0.00129038 0.0137487 0.0160125 0.0169754 0.000683048 0.0153717 0.0219561 -0.00657057 0.010623 0.00497478,800,0,cuda,1.98,6.39
test,304,basset_hound_197,basset_hound,dog,wrong,american_bulldog,lime,1,0.298918,35,0.038126,0.040318,0.002192,0.097166,0.442823,0.124374,0.533705,0.833473,1.0,0.00529413 0.0182171 0.0152356 -0.00903659 0.0142812 -0.007228 0.0304082 0.0167772 0.0154144 -0.00591287 -0.00787071 0.0416516 0.0456829 -0.0258841 -0.00141311 0.0235317 -0.0373739 0.0135804 -0.00319269 0.00627477 0.127399 0.0115951 0.0228989 0.00321128 0.0136132 -0.00822367 0.0298595 0.0578723 0.0126934 0.019347 0.00822474 0.0439858 0.00996252 0.0105471 -0.0164386,800,0,cuda,1.98,6.32
test,3475,wheaten_terrier_197,wheaten_terrier,dog,correct,wheaten_terrier,lime,35,0.999356,35,0.2102,0.974974,0.764774,0.100926,0.944899,0.163974,0.913479,0.651261,1.0,0.00796076 0.00183849 0.0089384 0.0290782 -0.00846993 0.00141132 0.000897209 0.00943735 -0.00172837 -0.0129255 0.0410293 0.00515838 -0.00319857 -0.0402953 -0.0147626 -0.00536379 0.000417715 -0.0122773 -0.00595167 -0.00769404 0.0884857 0.0773031 0.020494 0.0629812 0.0770804 0.811649 -0.00475418 -0.00181767 0.0231992 -0.00825452 -0.000990825 0.0324778 0.0232935 -0.00199935 0.00947532,800,0,cuda,1.96,6.43
test,682,Birman_86,Birman,cat,correct,Birman,lime,6,0.758519,39,0.385882,0.843318,0.457437,0.21305,0.85194,0.005342,0.40056,0.754656,1.0,-0.0203514 0.00654956 -0.0046698 0.0113045 -0.00188421 0.0177638 -0.000555428 0.00932244 -0.0130685 0.0122545 0.0389599 0.00716441 0.0751285 0.092093 -0.00890317 0.0160263 -0.031369 -0.00597796 -0.0157064 0.137202 0.00741771 0.0108044 -0.0167202 -0.0280098 -0.0354089 0.0541691 0.103175 -0.0291097 0.0273249 -0.0673626 -0.0231979 0.0483887 0.0277032 -0.0193269 -0.0571923 -0.0261846 0.000975475 -0.00118633 0.00660029,800,0,cuda,1.98,6.66
test,1846,keeshond_69,keeshond,dog,correct,keeshond,lime,18,0.997419,40,0.415617,0.993461,0.577844,0.069194,0.561647,0.784977,0.189566,0.568856,0.339286,0.00381182 0.012206 0.0100297 0.00888487 0.0114728 0.00314731 0.000437575 0.000760594 0.0102816 0.0123393 -0.00223237 -0.00227209 -0.00249437 0.00770624 -0.000186033 0.0282222 0.012164 0.00146114 0.00705454 0.0297829 0.00698575 -0.00256568 0.0178203 0.0173428 0.0138546 0.0181025 0.00614591 0.0187241 0.0130918 0.0166954 0.00803201 0.00592144 0.0193172 0.025048 0.00734171 0.0133659 0.0190474 0.0106318 0.000110209 0.0133277,800,0,cuda,2.28,6.94
test,326,basset_hound_35,basset_hound,dog,correct,basset_hound,lime,3,0.91651,42,0.103675,0.782409,0.678733,0.077426,0.739123,0.117626,0.60685,0.654566,0.833333,0.00491708 0.00174915 -0.00122695 0.00704657 0.018386 0.0121187 0.00892152 0.0256498 -0.0165513 0.00159301 0.0149578 -0.0159623 0.00538788 0.00731358 0.03975 0.106354 0.0213508 0.118327 -0.00581561 -0.00747749 0.0362087 0.116125 0.140903 0.0113379 0.14389 -0.0207129 -0.00038449 0.0666289 0.0226552 0.158342 -0.0428396 0.00528618 0.016781 0.0891264 0.0161263 0.0140198 0.0126067 0.0179009 -0.000149527 -0.00491945 0.0266494 0.0332837,800,0,cuda,2.02,6.45
test,3200,Siamese_247,Siamese,cat,correct,Siamese,lime,32,0.99684,40,0.640924,0.994448,0.353524,0.143474,0.72687,0.244096,0.744863,0.781707,0.666667,0.0117586 -0.00657714 -0.00682796 0.0190682 -0.0150071 0.0444122 0.0166694 0.0538754 0.0364425 0.0142238 0.0815995 -0.00540992 -0.0264402 0.13542 0.0524571 0.0681412 0.038762 0.0118297 -0.00465022 0.45645 0.0587161 0.023193 -0.0070436 0.145261 0.363457 0.0171533 0.0416672 0.0558472 0.0357824 0.0482953 -0.0171255 0.0122185 0.00539774 0.02385 0.00325873 0.00907114 0.00798586 0.0213178 0.00181292 -0.0193136,800,0,cuda,2.11,6.44
test,1861,keeshond_82,keeshond,dog,correct,keeshond,lime,18,0.999993,33,0.54267,0.624052,0.081382,0.289706,0.735306,0.124475,0.611505,0.822694,0.666667,0.025185 0.0252271 0.00768668 0.016635 0.03992 -0.0209297 -0.00382921 0.0817457 0.10853 0.00568806 0.0230879 0.142667 0.176259 0.00360765 0.245291 0.197385 0.00613663 -0.00924678 0.056922 0.0517886 0.142104 0.182975 0.0340709 0.0696393 0.052169 0.024163 0.00918942 0.0117294 0.0447615 0.12178 -0.0149068 0.0142917 0.00539558,800,0,cuda,2.03,6.45
test,2252,newfoundland_74,newfoundland,dog,correct,newfoundland,lime,22,0.999603,41,0.600666,0.909974,0.309308,0.160006,0.829708,0.170192,0.64834,0.645122,0.666667,0.0144808 0.0424627 0.0748135 -0.0375239 0.0835087 0.0178065 0.0130824 0.0128965 0.0138472 0.104065 0.416901 -0.0140805 0.0129898 0.172901 0.0461431 -0.00889896 0.00330358 0.0616582 0.173784 0.0654616 0.210102 0.00531034 0.0272393 -0.0224334 0.0448252 0.0127927 0.0379959 0.0112595 0.0128949 -0.00923129 0.0931881 -0.000257536 0.0160987 0.0214433 0.0111467 0.0266422 0.0519017 0.0533559 0.0129045 0.0107224 -0.00643286,800,0,cuda,1.92,6.97
test,1047,chihuahua_66,chihuahua,dog,correct,chihuahua,lime,10,0.999983,48,0.415577,0.978844,0.563267,0.052656,0.911101,0.060206,0.708857,0.535877,0.833333,0.019905 0.0192394 0.0244389 0.0363709 0.00894928 -0.0217307 0.067365 0.0259857 0.0194151 0.00191395 0.0292933 0.0550467 0.240782 0.110941 5.2398e-05 0.116694 -0.0118468 -0.00592124 0.53899 0.00468125 0.121412 0.00107803 -0.0164742 0.0467602 0.0181622 -0.017079 0.00140061 0.000653721 -0.00645339 0.0373249 0.015706 0.0310464 0.0140672 -0.00058077 -0.0170537 0.00802409 0.020051 0.0223459 0.0415993 0.0193877 0.00358946 -0.011067 -0.0189304 -0.00156411 -0.000435152 -0.0148056 0.000218692 0.000720804,800,0,cuda,2.15,7.05
test,710,Bombay_23,Bombay,cat,correct,Bombay,lime,7,0.402066,29,0.540597,0.726291,0.185694,0.031688,0.413497,0.245447,0.409646,0.739163,0.666667,0.00443673 0.0546556 0.0237209 -0.00448232 0.00852127 -0.000197433 -0.00633257 -0.00013573 0.00836402 0.0450784 0.0082588 0.0289012 -0.00765586 0.0332821 -0.000965885 0.00104055 0.00210054 -0.0114258 -0.000469589 0.0223382 0.00624068 -0.00145257 0.00757278 0.00132782 0.00454593 0.0021373 0.0101653 -0.00322545 -0.00787346,800,0,cuda,1.91,6.53
test,3459,staffordshire_bull_terrier_91,staffordshire_bull_terrier,dog,correct,staffordshire_bull_terrier,lime,34,0.755727,35,0.195273,0.282712,0.08744,0.123354,0.488336,0.495192,0.505404,0.663305,0.833333,0.050923 0.00566502 0.0106159 0.0342798 0.0095897 0.00304758 0.0691551 0.00135066 0.0288851 0.103619 -0.00431889 0.0145245 0.03041 0.00018275 0.00232793 -0.00546547 -0.0232605 0.0265424 -0.00360532 0.00226099 0.00568213 -0.00900805 -0.00283032 -0.00103608 -0.00270368 0.00823524 0.0252374 0.0101752 0.00187434 0.00560022 0.0129272 0.0134353 -0.00546858 0.00742996 -0.00580865,800,0,cuda,2.14,6.66
test,1496,great_pyrenees_22,great_pyrenees,dog,correct,great_pyrenees,lime,15,0.991303,30,0.651148,0.879433,0.228285,0.039329,0.780694,0.442076,0.453692,0.689433,0.666667,0.00975733 0.00918178 -0.0177677 0.00694719 0.00538396 0.00483019 0.0433993 -0.00556855 -0.0160411 0.020606 -0.0114025 0.0412715 0.113771 -0.00330889 0.199139 0.0208294 0.0186239 0.0274888 0.0066172 0.137411 0.192534 0.0206363 0.0180888 0.0188342 0.0470216 -0.012846 -0.00340152 0.0107551 0.0103359 0.00812613,800,0,cuda,2.02,6.68
test,2327,Persian_45,Persian,cat,correct,Persian,lime,23,0.997524,31,0.6762,0.983019,0.306819,0.181686,0.740041,0.394052,0.49235,0.818145,0.666667,0.033496 0.0081142 0.136612 0.158613 -0.0250207 0.00603475 0.031455 -0.000232628 8.35848e-05 0.0591035 0.123183 0.073931 0.0307906 0.0264253 0.0137857 0.031653 0.0252423 -0.00111349 0.0224291 -0.0204306 -0.011101 0.0277295 0.0329164 0.00583031 0.0172544 0.0679631 0.0160839 0.0177698 -0.0104029 -0.00116433 -0.0219153,800,0,cuda,1.89,6.26
test,465,beagle_70,beagle,dog,wrong,chihuahua,lime,10,0.500048,41,0.328364,0.680738,0.352374,0.004571,0.623382,0.382529,0.227252,0.456359,0.833333,0.00526869 0.000442964 0.00510388 0.00430229 0.0200114 0.0254209 0.0232017 -0.00102911 -0.00131931 0.00290292 0.00374603 0.0277011 0.000745241 0.00843511 0.00568849 0.00535484 0.00504092 -0.00617616 -0.000964369 0.0133188 0.00650009 0.00534111 -0.00697187 0.0104759 0.00238617 0.0129253 0.00400107 0.00228088 -0.00201427 0.00635304 0.00282641 0.00379609 -0.00135236 0.0004667 -0.00155676 0.00678814 0.00327485 0.00646852 0.00323841 -0.00080472 0.00273753,800,0,cuda,2.19,6.72
test,1581,great_pyrenees_9,great_pyrenees,dog,correct,great_pyrenees,lime,15,0.994682,46,0.462851,0.986881,0.52403,0.026026,0.874657,0.445653,0.485646,0.502929,0.833333,-0.0246208 -0.0149274 0.0113094 0.00452615 0.0198156 0.0177717 -0.00112794 -0.00882362 0.0269153 -7.04948e-05 -0.00331308 0.00297646 0.0927008 0.0196522 0.0157611 0.155548 0.118606 0.0334493 0.0225774 0.119027 0.114496 0.0569643 0.0362172 0.016611 0.00573252 -0.00793351 0.0657911 0.0311091 0.0116154 0.00120793 0.00597216 0.0015196 -0.0106985 -0.00274116 0.000670149 0.00926572 -0.0097946 0.0053092 -0.00775136 -0.0013812 0.013239 -0.00666126 -0.0187848 -0.00731932 -0.00870407 0.0291443,800,0,cuda,2.14,6.74
test,566,Bengal_71,Bengal,cat,correct,Bengal,lime,5,0.965447,38,0.594009,0.696731,0.102722,0.179236,0.578832,0.549831,0.500367,0.648758,0.833333,-0.00999672 -0.00695512 0.00385373 0.00566485 0.00926212 -0.000807927 0.026008 0.00686928 -0.000953322 2.09743e-05 0.0021615 -0.00466652 0.0187405 -0.0113643 0.092303 0.00883127 0.0040827 0.0695342 0.0349593 0.00335998 0.00528505 0.00808314 0.030199 0.122225 0.0567623 0.0201424 0.00795049 0.00924997 0.0457497 0.052836 0.016698 0.0087233 0.00374678 0.00702989 0.0197775 0.00760161 0.00022962 0.00485466,800,0,cuda,2.06,6.87
test,1487,great_pyrenees_196,great_pyrenees,dog,correct,great_pyrenees,lime,15,0.865378,37,0.40623,0.826667,0.420437,0.071569,0.643697,0.576832,0.360342,0.296942,0.666667,-0.00402911 0.0320049 -0.00135421 -0.00331625 -0.00577695 0.014814 0.00707375 -0.000464961 0.00335697 0.112437 -0.00160996 -0.000273875 0.000435362 0.119225 0.00665923 -0.0126673 0.0766811 0.0986611 -0.00900614 0.00519734 0.00264382 -0.0206592 0.00951307 -0.00354522 -0.00621616 -0.00924931 0.00209576 0.0112196 -0.00751961 0.0135899 0.00415349 -0.00115938 0.00962979 0.00429271 -0.00232701 0.0047511 0.0178816,800,0,cuda,1.9,6.35
test,1831,keeshond_54,keeshond,dog,correct,keeshond,lime,18,0.984674,44,0.269432,0.98353,0.714099,0.056733,0.782859,0.537593,0.500684,0.523115,0.833333,0.00737753 0.0251697 0.0608466 -0.00827525 0.0332847 0.0179963 0.0115252 0.00986824 0.0319917 0.148644 0.00868338 0.128774 0.000694165 0.0105153 0.0650768 0.0283969 0.0106826 0.0584133 -0.00279868 0.0274864 0.00235748 0.0133792 -0.00157205 -0.00410804 0.00845184 -0.00920089 0.00952416 0.00455984 0.024104 0.00934711 -0.00411064 0.0180713 0.00832342 0.00386826 0.0132636 -0.00165893 0.00678778 -0.0135197 0.00168209 0.00252824 0.00775129 0.017953 -0.0137804 -0.0191493,800,0,cuda,1.93,6.49
test,3477,wheaten_terrier_199,wheaten_terrier,dog,correct,wheaten_terrier,lime,35,0.455629,43,0.202288,0.456004,0.253716,0.054559,0.871589,0.33892,0.749865,0.678194,0.666667,0.0208403 0.0159325 0.0165612 -0.0151696 0.00651647 0.0105075 0.00412037 -0.00941753 -0.0161539 -0.00598187 0.0079703 -0.0352622 -0.0398499 0.0116665 0.00127082 -0.0129808 -0.0363193 -0.0613881 0.00939055 0.0840297 0.0529051 -0.0243496 0.368773 0.150778 0.321038 -0.00290656 0.00264346 0.0405741 -0.0111559 -0.0153886 -0.0233113 -0.0289644 0.00730293 0.0150353 -0.0132235 -0.00179048 0.00446261 0.0279237 0.000805916 0.00396168 0.0122966 -0.0218266 0.00567219,800,0,cuda,1.93,6.46
test,2473,pomeranian_93,pomeranian,dog,correct,pomeranian,lime,24,0.996464,33,0.796676,0.998113,0.201437,0.051238,0.592505,0.581305,0.385449,0.67012,0.666667,-0.0151368 0.0091005 -0.00502798 -0.0151577 0.00840458 -0.00836684 -0.0161606 0.00353396 0.0191529 0.00109092 0.00374932 0.0489856 0.0158036 0.119663 0.0443605 0.030468 0.00485728 0.0543822 0.0780953 0.109935 0.0536329 -0.00209162 0.0147819 0.0267509 0.0229297 0.0471372 0.00843262 0.0318178 -0.000236963 0.00475544 0.0066942 0.00954477 0.0260477,800,0,cuda,2.28,7.1
test,2530,pug_53,pug,dog,correct,pug,lime,25,0.999924,37,0.660296,0.938743,0.278447,0.204144,0.736428,0.332551,0.730275,0.87743,0.714286,0.0252437 -0.012957 0.0284237 0.0262971 -0.000262868 0.0876492 0.107153 0.0831522 0.134871 0.0897978 0.0241061 0.10734 -0.000739822 0.0951981 0.454979 -0.0183401 0.0147847 0.290307 0.00694861 0.0825735 0.0690333 0.0732619 0.0180341 0.0547934 0.065084 0.005255 0.022883 0.0358313 0.000795549 0.0305929 -0.0193101 0.0112339 0.029301 0.028484 0.0146901 0.0135907 0.0257454,800,0,cuda,2.29,6.58
test,713,Bombay_26,Bombay,cat,correct,Bombay,lime,7,0.596417,30,0.286033,0.625574,0.339541,0.057782,0.645884,0.331115,0.499961,0.844271,0.666667,0.0168367 0.0182177 0.00217499 0.00260507 -0.0179412 0.0568205 0.000551736 0.0116501 -0.00564526 0.0109568 0.0867146 -0.00458554 0.0830148 0.0190948 -0.00219412 0.0136345 0.0110697 0.0569352 0.000324771 0.0163963 0.0148559 -0.000570124 -0.00390178 0.0321932 -0.0106972 0.00927598 0.00653814 -0.00826141 0.00708008 -0.0109226,800,0,cuda,1.99,6.3
test,1,Abyssinian_202,Abyssinian,cat,correct,Abyssinian,lime,0,0.999967,40,0.300821,0.956722,0.655901,0.172202,0.821454,0.129907,0.613934,0.640994,1.0,0.0106379 0.0782069 0.011841 0.230569 0.0408383 -0.00612615 0.0224446 0.0707471 0.0183108 0.145216 0.0128559 -0.0154044 0.0187547 0.0213448 -0.010349 -0.0176514 -0.0067486 0.206131 -0.0103588 0.0129145 0.0453818 0.201386 0.0038105 0.0268353 0.0395776 -0.0303194 0.125639 0.0394339 0.0101698 -0.00630997 0.0218853 0.00742426 -0.015895 0.0744928 -0.0184977 0.00506747 -0.00889313 0.0127652 0.0201354 -0.0274341,800,0,cuda,2.01,6.63
test,1077,chihuahua_93,chihuahua,dog,correct,chihuahua,lime,10,0.999795,36,0.424685,0.891193,0.466507,0.093523,0.820649,0.207365,0.615898,0.456499,1.0,0.00706855 0.00418654 0.00687887 0.0202643 -0.0138872 0.0124326 -0.00139544 -0.0122339 0.0201374 0.0246483 0.316583 0.0150256 0.166075 -0.0301318 -0.0107025 0.206449 0.0155866 0.00486024 0.00789603 -0.0093422 0.0233782 0.00833116 0.236806 0.0853386 -0.00178202 -0.0247417 -0.00407604 0.0302906 0.0268882 0.00991291 0.0156308 0.0372 0.0182222 0.0204575 -0.000742878 0.00215248,800,0,cuda,2.05,6.64
test,2483,pug_195,pug,dog,correct,pug,lime,25,0.974168,41,0.38359,0.8886,0.50501,0.151484,0.484674,0.566885,0.425962,0.753833,0.666667,0.0142253 0.0252301 -0.00413617 0.0206197 0.0151201 0.0461372 0.0189188 0.00111636 0.0128892 0.0245398 0.00866449 0.00907467 0.00577511 0.0432044 0.0665229 0.000257371 0.00820765 0.0617931 0.00761674 0.00574172 -0.00267134 0.0110574 -0.00519501 0.0512835 0.0491747 0.0373666 0.00677009 0.0466602 0.0143242 0.0253301 0.022942 0.0217247 0.0155323 0.024541 0.00334834 -0.00868198 0.00497776 0.000743484 0.018654 -0.00406852 -0.00922983,800,0,cuda,1.96,6.61
test,1732,japanese_chin_55,japanese_chin,dog,correct,japanese_chin,lime,17,0.991255,32,0.493005,0.859637,0.366633,0.024188,0.808448,0.260789,0.591288,0.631965,1.0,0.00194312 -0.00190644 0.0120402 0.0290096 -0.00559484 0.0160449 0.043384 0.0140626 -0.0254189 -0.0138168 0.1856 0.0311057 0.296224 0.0899461 0.0110691 0.00784411 0.032587 0.0091695 0.195219 0.014063 0.0015341 0.156056 0.0126044 0.0159631 -0.0238269 -0.0124633 0.00178757 0.00358661 0.0141874 0.0167997 -0.00875322 0.0366052,800,0,cuda,1.84,6.35
test,1829,keeshond_52,keeshond,dog,correct,keeshond,lime,18,0.997739,41,0.791295,1.0,0.208705,0.200226,0.473508,0.749681,0.301292,0.580749,0.458333,0.00245111 0.00502336 -0.00459225 0.00246222 0.00716163 0.00600987 0.0144799 0.00738725 0.00755773 0.0101943 0.00924628 0.0184682 0.0169924 -0.00349226 0.0228694 -0.00556136 0.0100838 0.018153 0.0124185 0.0145537 0.0269433 0.0110164 0.0180707 0.00235308 0.014436 0.00566191 0.0317784 0.00192932 0.00422039 0.0230715 0.0239192 0.017515 0.0195497 -0.00183372 0.00988457 0.00269919 0.0165502 0.0277004 0.0160433 0.00966028 0.0137801,800,0,cuda,1.9,6.71
test,2994,scottish_terrier_22,scottish_terrier,dog,correct,scottish_terrier,lime,30,0.999624,41,0.520966,0.993924,0.472958,0.407337,0.859557,0.566868,0.577719,0.67831,0.833333,0.0099096 0.0218533 0.00290786 0.0386692 -0.0102759 0.0339574 -0.0125471 -0.000102232 -0.00090637 0.0463506 0.00472518 0.0993511 0.0902839 0.0974591 0.0725488 0.0350456 0.0328229 0.0232504 0.0111483 0.070371 -0.0146623 0.00440066 0.142029 0.0597787 0.0390123 0.0402908 0.0105126 0.0377003 0.229732 0.00380403 0.112421 0.0494967 0.221259 0.0207939 0.0648026 0.0247061 0.0164655 0.0197505 0.0361857 0.00482991 -0.00938974,800,0,cuda,2.1,6.84
test,501,Bengal_195,Bengal,cat,correct,Bengal,lime,5,0.979207,48,0.26997,0.744969,0.474999,0.068183,0.778097,0.431834,0.57279,0.669616,0.833333,0.0146861 0.00110605 0.0164445 -0.000656579 0.0190809 0.0044724 0.0103854 0.000147548 0.00127744 -0.00332571 0.0286878 0.00887094 -0.0126969 -0.0284117 -0.0195871 -0.0248008 0.0411074 0.0902083 -0.0221307 0.0558169 0.025584 0.0887998 0.213138 -0.0182486 -0.00864988 -0.0100949 0.140573 -0.0173796 -0.0191929 0.0182023 0.0245765 -0.00297298 0.0506881 -0.00661019 -0.000372174 0.0389918 0.0055791 0.0149071 0.00571659 0.0152183 -0.00225884 -0.000697583 0.0175767 0.00248077 -0.00322204 -0.00662337 0.0191407 -0.0212675,800,0,cuda,2.0,6.63
test,2953,samoyed_75,samoyed,dog,correct,samoyed,lime,29,0.994934,31,0.704301,0.95472,0.250419,0.078722,0.818486,0.227322,0.571329,0.673185,0.833333,-0.00687626 -0.00572744 0.00974818 0.0297356 -0.0208949 0.00329327 -0.0132699 0.217159 0.15844 -0.027999 0.161097 -0.0221495 0.0278368 0.123787 0.129638 0.343531 0.0912495 -0.00410017 0.0338649 -0.00553973 -0.0132047 -0.0490513 0.00899741 0.00798764 -0.0114505 -0.0226562 0.00182921 0.010929 0.0256432 -0.0169469 -0.00196214,800,0,cuda,2.02,6.44
test,2100,miniature_pinscher_27,miniature_pinscher,dog,correct,miniature_pinscher,lime,21,0.996618,35,0.468033,0.786675,0.318643,0.110876,0.876506,0.050645,0.737123,0.812745,1.0,0.0370869 -0.0185851 0.278729 0.0790068 0.0352806 0.252723 0.162532 0.0528908 0.0126324 0.0195944 0.0325608 0.309772 0.190502 -0.0267007 -0.027449 -0.0133751 0.0209757 -0.00884741 -0.0388754 -0.00731693 -0.0246812 0.0144454 0.0380889 0.00400601 0.0418821 0.0198521 -0.0203724 0.000927 -0.0124892 0.0210685 0.0335832 0.0545121 -0.0155393 0.0514946 0.0154023,800,0,cuda,1.88,6.29
test,453,beagle_5,beagle,dog,correct,beagle,lime,4,0.999296,29,0.223075,0.495586,0.272511,0.174065,0.819472,0.148711,0.690521,0.49532,0.666667,0.00688489 -0.0148468 0.0380314 -0.00841754 0.0227548 -0.0327292 -0.00415273 0.0541878 0.349707 0.0101473 0.0146741 -0.0236038 0.109034 0.424767 -0.0018624 0.00576117 -0.00151923 -0.0114205 -0.000660259 0.0105751 0.0053831 0.00820094 -0.0267197 0.0178765 0.00179765 -0.0124344 0.00241802 -0.0085789 0.00225893,800,0,cuda,1.92,6.32
test,1109,Egyptian_Mau_25,Egyptian_Mau,cat,correct,Egyptian_Mau,lime,11,0.9943,36,0.821329,0.996027,0.174698,0.358299,0.812847,0.024561,0.551075,0.847748,0.833333,0.0145152 -0.00902578 0.0512355 0.00501416 0.0184512 0.043984 0.0501734 0.00623347 0.0725472 -0.00410811 -0.00630996 0.135058 -0.0142551 0.00892629 0.0267822 0.0298759 0.177769 0.0282369 0.0196258 -0.0249878 0.109999 0.122878 0.108169 0.0241836 0.0452627 0.0447894 0.15937 0.0547588 0.0258812 -0.010635 0.0190367 0.055387 0.0147049 0.0399509 0.0255419 0.0259521,800,0,cuda,2.18,6.72
test,485,beagle_89,beagle,dog,correct,beagle,lime,4,0.999543,34,0.259048,0.512403,0.253355,0.089216,0.978475,0.01647,0.723736,0.785485,1.0,-0.00223179 0.00516644 -0.0150552 -0.0128104 -0.0038347 0.00608605 -0.00764569 0.0158757 -0.0350315 0.0100149 -0.0179541 -0.00508071 0.221772 -0.00172684 -0.00141049 0.0251598 0.237638 -0.0134238 0.379519 0.0252373 0.202303 0.140906 0.063021 0.0184256 0.0323138 0.00555695 0.0256689 -0.0254265 -0.00488736 -0.0176535 0.0111855 -0.0300252 -0.051724 0.0129649,800,0,cuda,1.97,6.65
test,410,beagle_20,beagle,dog,correct,beagle,lime,4,0.999844,36,0.454281,0.985397,0.531116,0.122146,0.953353,0.134089,0.738584,0.667053,1.0,-0.0171248 0.00209827 0.0494415 -6.6274e-05 0.541288 0.0504625 0.00468219 0.0489962 0.0110923 0.163331 0.0056131 0.224791 -0.0136142 0.0240875 0.172272 -0.00802894 0.0932164 0.0626495 0.0292621 0.0300972 -0.042096 0.0248508 -0.0279222 -0.0257971 -0.0236391 -0.0118039 0.0400374 -0.000985707 0.0140536 -0.0376561 -0.00256196 -0.00821653 0.00155564 0.0209101 -0.0232142 0.0011251,800,0,cuda,1.91,6.44
test,1100,Egyptian_Mau_219,Egyptian_Mau,cat,correct,Egyptian_Mau,lime,11,0.982658,36,0.546177,0.828915,0.282737,0.136043,0.806058,0.127084,0.548224,0.817246,0.458333,0.0100057 0.00743746 -0.00578632 -0.0157027 -0.00655705 0.0395111 -0.00818454 0.206926 -0.0485814 0.0592153 0.0247609 0.0918225 0.0492733 0.0765802 0.000301671 0.0974437 0.130412 0.0452737 -0.00213127 0.0965063 0.0131578 0.0328384 0.110952 0.237423 -0.01532 -0.0495772 0.00303828 -0.00818548 0.0100678 0.118136 0.0169369 -0.0208066 0.0233955 -0.0249937 0.0162626 -0.00257924,800,0,cuda,1.85,6.29
test,311,basset_hound_21,basset_hound,dog,correct,basset_hound,lime,3,0.635077,34,0.540099,0.636324,0.096225,0.087402,0.60339,0.116204,0.459623,0.81482,0.666667,0.029417 0.0568237 -0.016048 -0.012233 0.0917898 0.0876487 0.0636578 0.00287588 -0.00434609 0.0948978 0.0195881 0.090588 0.0563426 0.0543197 0.0454574 -0.0039006 -0.0174215 -0.00240479 0.043463 0.00913893 0.0245103 -0.0106532 0.0680501 0.0163182 -0.0142165 0.00461123 0.0156415 -0.0106628 0.0103767 0.0155326 0.00462965 -0.00605262 -0.00611143 -0.030283,800,0,cuda,1.88,6.5
test,2519,pug_43,pug,dog,correct,pug,lime,25,0.999769,36,0.455118,0.747247,0.292129,0.166223,0.795576,0.145232,0.773342,0.74749,0.833333,0.0310976 -0.000749249 0.0286534 0.0643621 0.0146228 0.0549965 0.0129382 0.101696 -0.00119399 0.0292423 0.0106241 0.25023 -0.0131889 0.0605166 0.00480247 0.606697 0.0292612 -0.015085 -0.00258062 0.127328 -0.00437989 0.0503356 0.200436 0.0180317 0.0301231 -0.00699524 -0.0124035 0.00837902 -0.0260144 -0.0160788 0.0152597 -0.0264749 -0.017865 0.0120119 -0.000947771 0.0155302,800,0,cuda,1.89,6.5
test,2450,pomeranian_72,pomeranian,dog,correct,pomeranian,lime,24,0.655092,41,0.910096,0.992762,0.082666,0.061039,0.145636,0.560125,0.185725,0.654965,0.458333,0.00476659 0.00283273 0.00335036 0.00500994 0.00339024 0.00178856 0.00402219 0.00212043 0.00610909 0.00239617 0.00726869 0.00585054 0.00278421 0.0047031 0.00816836 0.0038674 0.00312492 0.0046829 0.008307 0.00466102 0.00325631 0.00628081 0.00333444 0.00656819 0.0064366 0.0090402 0.0024601 0.00521121 0.00407439 0.00565259 0.00639212 0.00173376 0.00370605 0.00540522 0.00293864 0.00343372 0.00505924 0.00337937 0.00543188 0.00283278 0.0039409,800,0,cuda,2.21,6.76
test,2927,samoyed_51,samoyed,dog,correct,samoyed,lime,29,0.999279,39,0.557597,0.98864,0.431043,0.138255,0.891255,0.191916,0.63498,0.621761,0.666667,0.0244952 0.0819276 0.0597625 0.0383202 0.0225926 0.0778196 -0.0249827 0.0110523 0.0988387 0.189791 0.127183 0.0878801 0.0360179 -0.0130783 0.380978 0.0165022 0.0432958 -0.0199943 0.0317013 0.305047 0.0173239 0.0123756 0.0587994 0.0256889 -0.00353825 -0.0045374 0.0182142 0.0113362 -0.0335735 0.0117621 -0.00524047 0.0200075 0.0481525 0.00552453 0.0151843 0.0101096 0.0227421 -0.0286507 0.0250829,800,0,cuda,1.93,6.36
test,2730,Russian_Blue_47,Russian_Blue,cat,correct,Russian_Blue,lime,27,0.992464,32,0.36661,0.832543,0.465933,0.06115,0.842915,0.289525,0.572955,0.725623,0.666667,0.00346673 0.190842 0.0202963 -0.00795198 0.018509 0.055741 0.0320431 0.0115773 0.135876 0.171932 0.0111477 0.0698588 -0.00287505 0.181283 0.0768382 0.0356311 0.0761418 0.0415037 0.019368 -6.28303e-06 0.00354338 -0.000593567 0.000191088 0.0117825 -0.0257607 -0.0163124 0.0108528 0.0174782 -0.00227612 0.012469 0.00354463 0.0164004,800,0,cuda,1.96,6.66
test,526,Bengal_35,Bengal,cat,correct,Bengal,lime,5,0.985674,44,0.331533,0.950156,0.618623,0.080536,0.549299,0.629183,0.398005,0.688654,1.0,0.00959355 0.00224072 0.00219102 0.00372624 0.0148154 0.00382951 0.0205132 0.0199837 -0.00288151 -0.00931481 0.00678725 0.0235856 0.0279602 0.0101135 -0.00152157 -0.00277787 0.084792 0.00902751 0.0645179 0.00346387 0.011374 0.00165262 0.0438722 0.00420823 0.0172584 0.0130821 0.0418213 0.0111498 0.0035643 0.0683656 0.0120177 0.0110834 0.0235107 0.0293665 0.00272239 0.0261529 0.0121019 -0.0215356 -0.0050899 0.00953936 0.00439698 -0.00281094 0.00429874 0.00529109,800,0,cuda,2.03,6.59
test,538,Bengal_46,Bengal,cat,correct,Bengal,lime,5,0.962942,40,0.59385,0.652979,0.059129,0.103096,0.398321,0.691824,0.323593,0.75197,0.339286,0.016983 0.0087385 0.00254554 0.00778539 0.00468985 -0.0124042 0.00571246 -0.00835493 0.0288035 0.00884578 0.000961863 0.024408 0.0276771 0.021663 0.0203013 0.00687747 0.00865602 0.00443638 0.0149622 0.0175284 0.00647177 0.00779961 0.0262766 0.00674373 0.00614814 0.0158425 0.00319501 0.027487 0.0277705 0.0156367 0.0186368 -0.00414393 0.0205913 0.0109718 0.00447755 0.0165791 0.020213 0.00572615 0.00469122 0.0139574,800,0,cuda,2.14,6.73
test,841,boxer_5,boxer,dog,correct,boxer,lime,8,0.999198,37,0.373924,0.8084,0.434476,0.135295,0.932804,0.379378,0.76103,0.890825,0.833333,0.0200217 0.0385246 0.275677 0.0399892 0.025926 0.0966747 0.00807133 0.170717 0.022618 0.0895239 0.0182183 0.0361395 0.375728 0.117241 0.011702 0.0133768 0.0407937 0.0402872 0.0387686 0.00123516 0.0239081 0.0225303 -0.0183921 0.000518832 -0.0582427 0.0612973 0.0776644 0.0917894 -0.0928344 0.0393743 0.0103299 0.00471445 -0.000815361 -0.0102472 -0.00323727 -0.00011074 0.00293719,800,0,cuda,2.04,6.69
test,224,american_pit_bull_terrier_2,american_pit_bull_terrier,dog,wrong,staffordshire_bull_terrier,lime,34,0.855401,28,0.621751,0.896531,0.274779,0.06304,0.433185,0.705953,0.256202,0.737822,0.714286,0.00439302 0.0204481 0.0260238 0.00530507 0.0101472 -0.001861 0.0115619 0.0253356 0.0128383 0.00255031 0.0323258 0.0227529 0.0024918 0.0274252 0.0268668 0.00451498 0.00633815 -0.00716499 -0.00177414 0.00286888 0.007688 0.00517638 0.00906276 0.00608565 0.00844354 -0.00596195 0.00810982 0.00222852,800,0,cuda,1.88,6.37
test,581,Bengal_85,Bengal,cat,wrong,Egyptian_Mau,lime,11,0.757077,38,0.449019,0.981678,0.532658,0.076492,0.666312,0.478606,0.368657,0.741985,0.428571,0.00182737 -0.00729273 -0.0012401 0.0168699 0.00223021 0.0149271 0.00036949 -0.00719695 -0.00610965 0.00183611 0.00375413 0.00533982 0.00532644 -0.000822432 -0.00670672 0.0192221 0.026196 0.00264014 0.0330563 0.0640497 -0.00380966 0.0393732 0.037257 0.0419047 0.0519687 0.00856871 0.00714372 0.00575766 0.0470365 0.0117047 0.0239171 0.0190631 0.00225517 0.00813584 0.0012028 0.000720004 0.00870303 0.000546117,800,0,cuda,1.88,6.71
test,1051,chihuahua_6,chihuahua,dog,correct,chihuahua,lime,10,0.516277,44,0.159598,0.948927,0.789329,0.005981,0.627383,0.300219,0.368992,0.416913,1.0,-0.0242872 0.00811763 0.0135185 0.00312949 0.00981841 -0.00294361 0.0488685 0.0648111 0.0752873 0.00349027 0.00262057 0.00539994 -0.00457696 0.0645361 0.00470195 0.00827253 -0.00634948 0.00964428 0.0067601 0.0071582 0.00734231 0.0383802 0.00685896 0.0140871 0.00191931 0.00376407 -0.0039904 0.00510062 0.00800683 0.00174708 0.00420926 -0.00981548 0.0130907 -0.00160241 -0.015784 -0.00798168 -0.00831704 -0.00382891 0.00573786 0.00196694 -0.00855115 0.0067646 0.00495631 0.0108132,800,0,cuda,1.88,6.82
test,192,american_bulldog_95,american_bulldog,dog,correct,american_bulldog,lime,1,0.622063,38,0.740234,0.997894,0.25766,0.06669,0.683305,0.019497,0.522757,0.713973,1.0,0.0186448 0.00188117 -0.000186508 0.00547374 0.0035748 0.00376139 0.102421 0.0173171 -0.0212648 -0.0323933 0.051008 0.0894209 -0.0219224 -0.0064091 0.0204314 0.181023 0.0708181 0.0303559 0.117257 0.016148 -0.0207504 -0.00210382 0.0304155 0.125201 0.0177312 0.0243162 -0.0781645 0.0591804 0.0109772 0.0208131 0.0094653 -0.0058181 0.0026271 0.0255233 0.00341912 0.0605015 -0.0119273 0.0192098,800,0,cuda,1.82,6.61
test,3260,Siamese_81,Siamese,cat,correct,Siamese,lime,32,0.809221,42,0.600865,0.725046,0.124181,0.07799,0.205658,0.711543,0.139985,0.538935,0.547619,0.00296692 0.00494964 0.00431902 0.00348695 0.00348552 0.00436201 0.00400822 0.00675428 0.00385434 0.0035494 0.00489641 0.00241537 0.00633447 0.00532741 0.0117234 0.00495131 0.00592984 0.0060992 0.0059312 0.0032441 0.00417574 0.00703449 0.00638535 0.00700657 0.00336862 -0.00357751 0.0013962 0.00194214 0.00434718 0.00206503 0.00239813 0.00476959 0.00623109 0.00483167 0.00259673 0.0027681 0.00264525 0.00455076 0.005877 0.00554648 0.00424504 0.00296941,800,0,cuda,1.88,6.71
test,1069,chihuahua_86,chihuahua,dog,correct,chihuahua,lime,10,0.996686,38,0.478276,0.697412,0.219136,0.019275,0.859186,0.396673,0.50109,0.714958,1.0,0.06474 -0.0129095 0.0142695 0.148305 0.0616024 -0.0221425 0.0350941 0.00689458 0.0104513 0.169929 1.18699e-05 0.0257072 0.00409377 0.093513 0.238819 0.000956799 0.0138374 -0.0276802 0.00591237 -0.0176527 -0.0236553 -0.0106123 0.104748 0.00228622 0.0305371 0.0146226 -0.00456089 0.000340666 -0.00421029 -0.00542797 -0.00515762 0.0308256 -0.0109292 0.00710442 0.014348 -0.00561947 0.00459746 0.00498137,800,0,cuda,1.92,6.68
test,1615,havanese_3,havanese,dog,correct,havanese,lime,16,0.999832,36,0.691067,0.988194,0.297127,0.436722,0.932255,0.427606,0.548852,0.781081,0.833333,0.0128103 0.0400041 0.0291184 0.0594213 0.0105483 0.0229326 0.0458114 0.0301054 -0.00565333 0.0835947 0.0292348 0.189338 0.169505 0.135484 -0.0043171 0.08596 -9.26428e-05 0.0319886 0.000140185 0.017486 0.0173015 0.0629973 -0.00608126 0.0558922 0.0143824 0.0157259 -0.0123962 -0.00492637 0.0231381 -0.0113779 0.00941771 0.00972304 0.02006 0.0016035 0.00856643 0.000239843,800,0,cuda,2.14,6.7
test,1604,havanese_2,havanese,dog,correct,havanese,lime,16,0.979006,47,0.727659,0.794016,0.066357,0.227594,0.708376,0.230968,0.599482,0.774803,0.547619,0.0208534 0.0202394 -0.0188122 0.149956 -0.0224048 0.112364 0.022641 0.0266409 0.0238034 0.0216576 0.0730719 0.0828625 0.0167586 0.0131585 0.073878 -0.0943935 -0.00492482 0.00547821 0.137579 0.0770961 0.0190242 0.0732686 0.0392268 0.0902908 -0.000253541 -0.0112626 0.0263874 0.0444395 -0.00202722 -0.0278638 0.0285121 0.0124323 0.0244185 0.0461381 0.0948837 0.0354356 0.00755225 0.0590747 -0.00472157 0.0362645 0.00930975 0.00136335 0.0206316 0.0144126 0.00798985 0.0123152 -0.00658957,800,0,cuda,2.03,6.67
test,545,Bengal_52,Bengal,cat,correct,Bengal,lime,5,0.989863,40,0.252491,0.846772,0.594281,0.1149,0.761298,0.017838,0.660736,0.795028,0.666667,0.0463061 0.0217419 0.00957402 -0.00606557 -0.0115019 0.0201838 -0.0145053 -0.0342171 -0.00918524 0.0178289 0.016236 0.0125479 0.00127867 0.0158041 0.0116432 -0.0151505 0.000431854 0.0918591 0.198255 0.309399 0.203428 0.0624383 0.121881 0.0221524 0.00922261 0.0249748 0.0341078 0.0408221 0.0770267 0.00561853 -0.00177956 0.110938 -0.0109732 -0.00895697 0.0257235 0.0102955 0.0204377 0.00139329 -0.00840505 -0.0169897,800,0,cuda,1.9,6.86
test,3357,Sphynx_75,Sphynx,cat,correct,Sphynx,lime,33,0.999568,33,0.543507,0.991734,0.448228,0.316223,0.928553,0.256981,0.589219,0.934826,1.0,0.00368715 0.0387266 0.00494174 -0.0278952 0.0636072 0.00644741 -0.0263301 0.113321 0.0575313 0.0981845 0.0100357 0.0766391 0.0242227 0.0304935 0.0724038 -0.0155184 0.00362509 -0.0032574 -0.00905947 0.0268124 0.046944 0.0562429 -0.000244325 0.00157872 0.0826537 0.0227646 0.0633574 -0.0260139 0.0179501 0.0356543 -0.0138237 0.0093491 -0.00589264,800,0,cuda,2.04,6.4
test,1663,havanese_83,havanese,dog,correct,havanese,lime,16,0.846153,31,0.524972,0.719052,0.19408,0.090611,0.890417,0.027388,0.751023,0.600605,0.666667,0.0226068 0.000785349 -0.0176727 -0.0351774 0.0143728 0.366833 -0.0394997 0.335477 -0.00232479 0.0138367 -0.00896919 0.0718205 -0.0126129 0.221153 0.00664097 0.00254829 -0.0485075 0.0106638 0.00195096 -0.00369142 0.00065683 0.00189139 -0.0231071 0.042637 0.00645717 -0.0163268 0.000145265 0.0362857 -0.00727863 -0.00201878 -0.00965301,800,0,cuda,1.94,6.26
test,2411,pomeranian_37,pomeranian,dog,correct,pomeranian,lime,24,0.544162,44,0.33233,0.753065,0.420735,0.008675,0.339396,0.459585,0.177173,0.533192,0.666667,0.0035988 0.000703702 0.0147625 0.0112368 0.00863692 0.0135723 0.0105373 0.00528374 0.00556483 0.00369988 0.0117321 0.00688841 0.00770258 0.00595394 -0.00223511 0.000781389 0.00466792 0.00150878 0.00260297 0.00493238 -0.000322545 0.00210258 0.00372949 0.00415784 0.000117447 0.00497528 0.00500017 0.000519961 -0.002192 0.00161669 0.00565656 0.0015248 0.000986834 0.000320712 0.00201244 0.00168349 -0.00252041 0.00267763 0.00394875 -0.000529504 -0.00314231 0.00294247 -0.00239842 0.00259037,800,0,cuda,2.04,6.49
test,352,basset_hound_59,basset_hound,dog,correct,basset_hound,lime,3,0.999325,35,0.388213,0.843052,0.454838,0.144509,0.788282,0.33177,0.670459,0.783193,0.547619,-0.00275342 0.0269541 0.0470874 0.0882684 -0.00460472 -0.0105593 0.0169181 0.117666 -0.0219517 0.132293 0.0508655 -0.00477722 -0.0199714 0.0162932 0.00942438 0.264497 0.0662881 0.0295224 -0.00592767 0.048396 0.00983828 0.000977725 0.389351 -0.0151315 0.120578 0.0605195 -0.00181291 0.101019 0.105109 0.0519477 0.0744413 0.0810988 0.0709251 0.0112561 -0.0105475,800,0,cuda,1.9,6.18
test,2982,scottish_terrier_192,scottish_terrier,dog,correct,scottish_terrier,lime,30,0.999619,35,0.513732,0.991979,0.478247,0.168545,0.842214,0.271484,0.625082,0.854762,0.833333,0.0141727 -0.0272126 0.00742128 0.0239325 -0.00807444 0.0385865 0.0317492 0.031175 -0.00668979 0.0674573 -0.00163764 -0.0154529 0.0067827 0.0447337 0.0313155 0.161133 0.0531539 0.149703 0.0166501 0.00600403 0.121564 0.0832787 0.368689 -0.0125127 0.143669 0.030273 0.109518 0.00347733 0.124218 -0.0288107 -0.000606881 0.0245902 0.0144445 0.0316403 0.0889061,800,0,cuda,2.14,6.72
test,871,boxer_88,boxer,dog,correct,boxer,lime,8,0.999204,41,0.271066,0.97524,0.704175,0.157997,0.784749,0.266187,0.670809,0.601481,1.0,0.015776 0.0396129 0.00376749 0.0053164 -0.0060612 0.0443305 0.0265422 -0.0339884 0.00984067 -0.0106916 -0.0255469 0.00306027 0.0283358 -0.00194377 -0.00202848 0.00584641 0.0202335 0.036471 0.108316 0.152854 0.015787 -0.0526171 0.0281466 0.104324 0.292105 0.0140168 0.325331 0.200127 -0.00128833 0.0123118 0.000340807 0.0927152 0.0140476 0.00887811 0.00189258 0.0224339 0.000754375 -0.00295769 0.00172858 0.0154964 -0.0182516,800,0,cuda,2.05,6.67
test,558,Bengal_64,Bengal,cat,correct,Bengal,lime,5,0.963142,39,0.493603,0.558703,0.065101,0.307414,0.567232,0.617501,0.380417,0.73502,0.666667,0.0266549 0.0325096 0.00439127 0.033239 0.00302853 0.0138693 0.0887678 -0.0081593 0.00771427 0.0128953 0.0450063 0.00672555 0.0116656 0.0270435 0.0379692 5.68654e-05 0.0237138 0.0114229 -0.000574378 0.0277149 -0.00349525 0.0136517 -0.0022484 -0.0103438 0.00910524 0.00615045 0.0064966 0.0174294 0.0364587 0.013466 0.00643552 0.00891316 0.0221107 -0.00817667 0.00276639 0.0139868 0.01862 0.00483439 0.000862372,800,0,cuda,2.21,6.85
test,1032,chihuahua_52,chihuahua,dog,correct,chihuahua,lime,10,0.999383,35,0.431621,0.989364,0.557743,0.089522,0.833613,0.016157,0.699693,0.572689,1.0,0.0142091 0.0420129 0.0434607 0.0812179 -0.0125958 0.015467 0.000493694 -0.0156039 0.150872 0.434395 0.168155 -0.00818534 0.021834 0.023258 -0.0180164 -0.0193507 0.0344753 0.00665591 -0.00406166 0.107167 0.00966103 0.0114217 0.305826 -0.00396167 0.000351416 0.0175043 0.0213206 0.0454746 0.00873492 0.0127939 0.0050559 0.00137935 -0.00668265 0.00330033 0.0203887,800,0,cuda,2.14,6.51
test,2846,saint_bernard_69,saint_bernard,dog,correct,saint_bernard,lime,28,0.99542,44,0.318878,0.797797,0.478919,0.114121,0.82879,0.31095,0.542468,0.673502,0.666667,-0.0169064 0.0205453 0.16324 0.0168496 -0.0280038 0.0383521 -0.013376 0.00267619 0.0703243 0.15062 0.0781782 0.117188 0.0119982 0.0717904 -0.00856969 0.00709648 0.0153206 0.079556 0.175941 0.000601834 -0.00317553 -0.013233 0.0486556 -0.0162983 0.0167563 -0.00494142 0.010294 0.0685136 0.00532433 -0.00766362 0.0321821 -0.000454479 0.0026894 -0.0246951 0.0165007 0.0297435 -0.00685238 -0.013344 0.013016 0.0129313 -0.00180594 -0.0136472 -0.00313633 0.00975947,800,0,cuda,2.02,6.31
test,3424,staffordshire_bull_terrier_5,staffordshire_bull_terrier,dog,correct,staffordshire_bull_terrier,lime,34,0.967449,39,0.746532,0.847124,0.100591,0.141288,0.494614,0.740053,0.245962,0.603947,0.547619,-1.96082e-05 0.0189725 0.0188805 0.0235646 0.0247582 0.0116941 0.0223475 0.0260532 0.025903 0.0219798 0.0366535 0.0161263 -0.00220972 0.0138941 0.014561 0.00623675 0.0166667 0.0101195 0.00746377 0.00490102 0.000822258 0.00782925 0.00976395 0.00467928 -0.00218269 0.00567472 0.0189126 -0.00696821 0.0100733 0.00403652 0.00636593 0.00309845 0.002861 0.0034498 0.00862597 0.00375649 0.0177037 0.00740684 0.0011406,800,0,cuda,2.0,6.7
test,2328,Persian_46,Persian,cat,correct,Persian,lime,23,0.992268,41,0.971979,1.0,0.028021,0.092663,0.460788,0.737128,0.280862,0.801481,0.428571,0.0144355 0.0169004 0.00236651 0.0168191 0.026307 0.0162635 -0.00462852 0.0172089 0.0148522 0.0121286 0.000999907 0.0121293 0.0226304 0.0131444 -0.00812712 0.00569487 0.014467 0.0147876 0.0110518 0.002967 0.0114141 0.0139564 -0.000474124 0.00990176 0.00412267 0.0246579 0.0165199 0.00952829 0.00638948 0.0121838 0.00817894 0.006572 0.00740554 0.00275515 0.026404 -0.0036965 -0.0169926 0.00206948 0.00930055 -0.00464332 -0.0041613,800,0,cuda,2.03,6.94
test,2829,saint_bernard_53,saint_bernard,dog,correct,saint_bernard,lime,28,0.999909,44,0.720006,0.996542,0.276537,0.120583,0.562348,0.140829,0.52455,0.753841,1.0,-0.00144208 0.0340044 0.0466327 0.110798 0.12016 0.0564681 0.0346013 -5.36762e-05 0.0188659 0.0731895 0.02338 0.0430999 0.0173555 0.0199601 0.0285332 0.0608724 0.02043 0.00617842 0.0197412 -0.0145628 -0.00832769 0.03402 0.0244547 0.0185619 0.169434 0.039078 0.0382825 0.01602 0.00500069 0.0142872 0.0471185 0.0291034 0.0198502 0.0400781 0.0762299 0.0854394 0.0105916 0.0348062 0.0198147 0.0179081 0.0185718 0.000540738 -0.000734597 0.00253347,800,0,cuda,2.07,6.92
test,2318,Persian_37,Persian,cat,correct,Persian,lime,23,0.996113,37,0.342674,0.975398,0.632725,0.088785,0.891916,0.559266,0.327671,0.528805,1.0,0.00729398 -0.0023666 0.00426714 0.0153951 -0.00682663 0.00400258 0.00828805 -0.00987633 0.0154062 0.00724905 0.0191353 0.00907593 0.0210369 0.0157903 0.0352266 0.00423461 0.00666729 0.101874 0.0846696 0.0069359 0.00342082 0.00283033 0.0705197 0.0883324 0.00114436 0.00818822 0.0192063 0.0156386 0.132047 -0.03123 -0.0189312 -0.0037304 -0.0157309 0.0185617 0.0133266 0.0141875 -0.0247551,800,0,cuda,1.93,6.47
test,489,beagle_92,beagle,dog,correct,beagle,lime,4,0.998928,41,0.21875,0.872437,0.653687,0.048317,0.939654,0.547666,0.507014,0.701307,0.666667,-0.0235035 0.000101444 -0.0750128 -0.0102363 0.0547535 -0.0102952 0.00926429 -0.0232219 -0.00947868 0.00980167 0.0385788 0.0593132 0.0393269 0.209113 -0.0105659 -0.00996246 -0.0179856 0.193427 -0.0396287 0.0373456 0.0518578 0.117471 -0.017383 -0.0130417 -0.0319086 0.00723353 -0.000511354 -0.00616708 0.0956764 -0.0262853 0.0263141 -0.000519714 -0.0311935 -0.0682918 -0.0109219 -0.0153523 -0.0164972 -0.0204844 -0.0198937 -0.0150828 -0.0472189,800,0,cuda,2.09,6.54
test,3054,scottish_terrier_77,scottish_terrier,dog,correct,scottish_terrier,lime,30,0.999868,31,0.450853,0.879206,0.428353,0.217863,0.786196,0.473307,0.665585,0.841532,0.833333,0.0510683 0.133921 0.188027 0.0391892 0.105882 0.0324584 0.0212674 0.00574634 0.00387598 -0.00648201 0.00132155 0.0548545 0.0984273 0.297734 0.0799218 -0.0242931 0.108768 0.0215902 0.103454 0.0557263 0.0409806 0.0222234 0.0235917 0.0462813 0.00431881 0.160753 0.0201558 0.0829374 0.0576993 -0.0206852 -0.00928211,800,0,cuda,2.23,6.74
test,295,american_pit_bull_terrier_98,american_pit_bull_terrier,dog,correct,american_pit_bull_terrier,lime,2,0.801117,44,0.384208,0.895392,0.511184,0.067283,0.890028,0.157288,0.766677,0.678506,1.0,0.00866512 -0.01578 -0.0176169 0.012573 -0.0275026 0.00605547 0.132365 -0.00356829 0.318463 0.0470545 0.421626 -0.0206314 -0.00149947 0.113094 -0.0208226 0.235668 -0.0406962 0.0164323 -0.0249671 0.0053499 -0.00572452 0.0028716 0.0253839 0.0231456 -0.00276397 -0.0177169 -0.00761031 0.010069 0.00140199 1.3137e-06 -0.0108978 -0.0065797 -0.0155949 0.0240966 -0.00783308 -0.0100482 -0.0126364 -0.012863 0.0178829 -0.0179804 -0.00189182 0.00259537 0.0170943 0.014034,800,0,cuda,2.17,6.63
test,1317,english_setter_41,english_setter,dog,correct,english_setter,lime,13,0.918105,34,0.505002,0.983457,0.478455,0.056976,0.873372,0.070725,0.632469,0.812987,0.666667,0.0184875 -0.0112742 -0.0350411 0.000951925 -0.033135 0.0261123 0.425615 0.145506 -0.0311781 0.0998075 -0.0168224 -0.0209144 -0.00140875 0.0762958 -0.052436 0.021947 0.0736491 0.164188 -0.032223 0.115741 -4.52587e-05 0.0907071 0.0528017 -0.0104694 0.00869676 0.033513 -0.00218017 0.0037686 0.0145411 -0.0357731 -0.00251621 0.0248514 -0.02568 0.0121668,800,0,cuda,2.09,6.56
test,991,chihuahua_197,chihuahua,dog,correct,chihuahua,lime,10,0.763514,37,0.375438,0.913273,0.537834,0.033943,0.724714,0.203516,0.550913,0.739687,1.0,0.0193231 0.039274 0.154426 0.0247017 0.0450291 0.0679846 0.0075669 0.0822016 0.191533 0.00734593 0.00125717 0.0147481 -0.0129891 0.0815253 0.0307474 0.0188213 0.041459 0.0349711 -0.00932665 -0.00565315 0.0024566 0.000788856 0.0106461 -0.00269876 -0.0138279 -0.0076442 -0.00189618 0.00231121 -0.0177889 0.0258444 0.0130609 -0.00402938 0.0162705 0.0084474 -0.0056431 0.0190539 0.000268868,800,0,cuda,1.93,6.49
test,298,basset_hound_191,basset_hound,dog,correct,basset_hound,lime,3,0.549837,32,0.396425,0.578119,0.181694,0.04548,0.266264,0.403358,0.277096,0.813233,0.180556,0.00561528 0.00635722 0.00651951 0.00577696 -0.000590125 0.00136713 0.00675212 0.00592446 0.00259899 0.00256317 0.0083639 0.00351879 0.0148313 0.0225296 -0.00914221 0.015498 0.015688 0.00492576 0.00891223 0.0127345 0.0125137 0.0105163 0.00235528 0.0131921 -0.00448676 0.00178361 0.0107349 -0.00370948 -0.00123542 0.0120365 0.0115906 0.00827783,800,0,cuda,2.2,6.76
test,2662,Ragdoll_83,Ragdoll,cat,correct,Ragdoll,lime,26,0.986994,35,0.366191,0.845857,0.479666,0.080158,0.767705,0.368069,0.589433,0.779412,0.666667,-0.0172242 0.0119657 -0.00575171 0.00729238 -0.0277785 0.00849607 0.0139881 -0.0132495 -0.00188727 -0.00561683 0.00814216 0.0107179 -0.00917862 0.0189112 0.104497 0.028971 0.0576344 0.154004 0.0883017 0.0561951 0.0423132 0.232178 0.0271069 0.0312102 0.0435318 -0.00897769 0.00790019 -0.0036062 0.0171312 0.042746 0.0314657 -0.017575 0.00669272 0.00939556 0.00538724,800,0,cuda,2.11,6.48
test,1428,german_shorthaired_51,german_shorthaired,dog,correct,german_shorthaired,lime,14,0.999309,35,0.300363,0.835323,0.534961,0.243076,0.753922,0.216654,0.636951,0.856583,0.666667,0.0878828 0.0140043 0.0473797 0.0743472 -0.00473747 0.0291893 0.249534 0.181638 0.0377191 0.0233 0.00739156 0.0485071 0.0929153 0.0152414 0.0765832 0.0595717 0.200955 0.0332642 0.0351108 0.074361 0.0883943 0.208977 0.0151399 0.0167926 0.0543103 -0.00489769 0.0400092 0.00137893 0.0207166 0.0544236 0.0148361 -0.0139588 0.00123366 0.00432575 0.0262755,800,0,cuda,2.19,6.67
test,2005,Maine_Coon_268,Maine_Coon,cat,correct,Maine_Coon,lime,20,0.920158,30,0.196169,0.307975,0.111805,0.280301,0.660878,0.278484,0.488874,0.916129,0.666667,0.0206218 0.0667035 0.0976902 0.0771086 0.0988701 0.00326066 0.0425687 0.0114478 -0.00916375 0.0109067 0.00740938 0.0375254 -0.0365871 -0.0185376 0.0445231 -0.0105623 -0.0515474 0.0159619 -0.0130166 0.117636 -0.0108659 0.00777841 0.0125337 0.0142346 0.00900805 0.0368468 0.0364325 0.0570358 0.0917712 0.0522607,800,0,cuda,2.05,6.64
test,3661,yorkshire_terrier_93,yorkshire_terrier,dog,wrong,havanese,lime,16,0.665367,38,0.400351,0.931409,0.531058,0.073159,0.808922,0.506646,0.666203,0.741766,0.666667,0.00516842 -0.00432082 -0.0188206 0.00738578 0.0176521 0.00654663 0.0466844 -0.00396658 0.0819366 0.0336588 0.00112233 0.0463885 0.0350757 -0.0143692 0.107356 0.175627 0.102699 0.225439 0.0961629 0.296538 0.113993 0.0647764 -0.00263591 0.059944 0.104971 0.0147548 -0.0207924 -0.000550249 -0.00144876 0.00390625 0.0145702 0.00897943 0.0395534 0.0150599 0.0194646 0.0134476 0.0466516 0.017403,800,0,cuda,2.01,6.72
test,1313,english_setter_38,english_setter,dog,wrong,saint_bernard,lime,28,0.373511,38,0.131577,0.394561,0.262984,0.014474,0.217363,0.305592,0.251908,0.588467,0.666667,0.00288491 0.000154798 0.00247209 0.00148343 -0.00218486 0.00385716 0.00466184 -0.00196533 0.000515687 0.0179872 0.00121467 0.00162583 0.00777872 -0.00434055 -1.34373e-05 0.0303456 -0.00590234 0.00504244 0.00586584 0.00149633 -0.00359879 0.00216255 0.00301382 0.0076151 -0.00647376 -0.000521469 -0.0071978 0.00177201 0.00993105 0.000554655 0.00310302 0.00132439 0.0048003 -0.00498524 0.00627212 0.00736328 -0.00045945 0.00560738,800,0,cuda,2.01,6.36
test,528,Bengal_37,Bengal,cat,correct,Bengal,lime,5,0.979135,32,0.179648,0.68996,0.510312,0.061856,0.838746,0.512094,0.582281,0.632515,1.0,-0.00171469 -0.0237146 0.00245981 0.0157022 -0.00944965 -0.000209729 -0.0114993 0.00546148 -0.014069 0.0144611 0.0113908 -0.0142436 -0.0171222 -0.00951371 0.230724 0.163412 0.0440926 -0.010118 0.0656456 0.233428 0.00391704 -0.00575625 -0.0322511 0.019966 -0.0131557 0.0213076 -0.0118824 -0.0275208 -0.000735415 -0.00971292 0.0136801 0.00550226,800,0,cuda,2.11,6.56
test,2123,miniature_pinscher_48,miniature_pinscher,dog,correct,miniature_pinscher,lime,21,0.943848,43,0.538265,0.980772,0.442507,0.046366,0.675532,0.46823,0.507478,0.649955,1.0,0.00497428 0.00798179 0.0130592 -0.00549752 0.0059758 0.116152 0.00303434 0.0332199 0.0719438 0.0118018 0.159903 -0.00107116 0.0228285 -0.0150911 0.0141197 0.00142555 0.00101008 0.0409058 -0.00589255 -0.0184465 0.0878769 0.000196685 0.0511054 0.0193994 -0.0111352 -0.00497284 0.0432012 0.00567689 0.00288334 0.0100352 0.00814374 0.0333054 0.0164055 0.0151725 0.0112878 0.00439236 0.0118212 0.00851602 0.00561366 0.00373932 0.0110075 -0.00956053 0.00884175,800,0,cuda,2.05,6.65
test,582,Bengal_86,Bengal,cat,correct,Bengal,lime,5,0.990865,31,0.580098,0.72917,0.149072,0.208556,0.631998,0.353488,0.52322,0.816532,1.0,0.0338405 0.170476 0.00229506 0.00817711 0.132137 -0.00648995 0.113697 0.0735838 0.00294829 0.0616941 0.0250559 -0.00817838 0.0030502 0.074012 0.00263674 0.124463 0.00742459 -0.00237839 0.0186678 -0.00565133 0.0230293 -0.0140909 0.0060455 -0.026232 -0.00697729 0.0464415 0.0347285 0.0375304 0.0229318 0.0130212 0.0426404,800,0,cuda,1.89,6.52
test,725,Bombay_3,Bombay,cat,correct,Bombay,lime,7,0.996246,22,0.493622,0.634757,0.141135,0.276122,0.712618,0.370115,0.78856,0.940147,0.666667,0.0229058 0.111778 0.32447 0.0269652 0.110337 0.0989029 0.0743397 0.343608 0.0243466 0.0548184 0.0352209 0.0390203 0.166889 0.062643 0.0905537 0.0238279 0.111301 0.08654 -0.00484604 0.0987622 0.0369403 0.048874,800,0,cuda,1.83,6.05
test,3500,wheaten_terrier_38,wheaten_terrier,dog,correct,wheaten_terrier,lime,35,0.910666,36,0.078125,0.775916,0.697791,0.034319,0.924379,0.334107,0.525837,0.677477,0.833333,-0.00514827 -0.0090922 0.0104826 0.00913595 0.0121032 -0.000746717 -0.011955 0.00183684 0.0360355 -0.0063879 -0.0127913 7.25477e-05 0.0256165 -0.00351864 0.147092 -0.0141599 0.0356452 0.142139 0.0109751 0.220721 0.0486621 0.0132031 -0.00904754 0.0125216 0.0209011 -0.00625711 0.132424 0.015298 0.0283941 0.019211 -0.00268523 -0.0103953 0.0291028 0.0278441 0.0228183 -0.0221678,800,0,cuda,2.02,6.41
test,1837,keeshond_60,keeshond,dog,correct,keeshond,lime,18,0.996951,32,0.763851,1.0,0.236149,0.098968,0.413371,0.592444,0.32555,0.35099,0.547619,-0.00438236 0.0248723 0.0215711 0.0350518 0.0286529 0.013559 0.00997089 0.073847 0.0158243 0.0740988 0.0195657 0.0391014 0.0117587 0.0625188 0.015997 0.0189473 0.0320056 0.0510273 0.0116966 0.0150438 0.00443158 0.0149247 0.000194147 0.0234978 0.0103013 0.0145506 0.0200231 0.0178232 0.0253276 0.0191596 0.0260103 0.00912299,800,0,cuda,1.84,6.52
test,1708,japanese_chin_33,japanese_chin,dog,wrong,saint_bernard,lime,28,0.815709,35,0.235172,0.253477,0.018305,0.130178,0.598586,0.036899,0.530327,0.782073,0.833333,0.0416638 0.000806969 0.00185789 0.10485 0.00842851 0.00167486 -0.00938566 0.0285637 0.110082 0.0239366 0.00819625 0.00447522 0.0703303 0.021176 0.0732593 0.0121541 0.04633 0.139982 0.0636193 -0.00393616 0.0780528 0.218289 0.0311326 0.0369321 0.00216117 0.0192187 0.0397192 0.00312144 0.0188004 -0.00521896 0.0358874 0.0121902 -0.00864443 0.0296851 0.0187881,800,0,cuda,1.83,6.56
test,452,beagle_59,beagle,dog,correct,beagle,lime,4,0.987189,33,0.288425,0.705402,0.416978,0.128796,0.962581,0.015372,0.900901,0.745989,0.666667,-0.00783003 -0.0026499 0.00883863 0.00253702 0.0131712 -0.0115744 0.0164011 0.00859235 -0.0146794 0.000327918 -0.0155564 -0.00419164 0.037515 0.0157328 -0.0158176 0.00571054 0.0517021 0.00629944 0.64658 -0.0544833 0.0360769 0.0164952 -0.00542598 -0.00599595 0.0146608 -0.0196109 -0.00765734 0.0107404 -0.0124237 -0.0277924 -0.0262623 -0.00284354 -0.0109339,800,0,cuda,2.07,6.72
test,2521,pug_45,pug,dog,correct,pug,lime,25,0.804433,32,0.756178,0.953754,0.197576,0.061285,0.125888,0.725673,0.112969,0.521078,0.666667,0.0073991 0.00502183 0.00422678 0.00292456 0.00464833 0.00664078 0.00523162 0.00364429 0.00630969 0.00544112 0.00513975 0.00364685 0.00575893 0.00235784 0.00358369 0.00520771 0.00452494 0.00559811 0.00411745 0.00400919 0.00386196 0.00451738 0.00483356 0.0054658 0.00743612 0.00467427 0.00514406 0.00462358 0.00479752 0.00373004 0.0041852 0.00439331,800,0,cuda,2.29,7.04
test,33,Abyssinian_32,Abyssinian,cat,correct,Abyssinian,lime,0,0.986851,29,0.216498,0.422764,0.206266,0.093567,0.666163,0.45624,0.481265,0.729803,0.714286,0.0292358 0.00448797 0.0197728 0.0122187 -0.0111923 0.0543276 0.0242807 0.193359 0.0143521 0.00586826 0.00389041 0.0143493 0.126115 0.00430185 0.0135103 0.19122 0.010333 0.0521253 0.0259213 0.00161185 -0.0328773 0.024676 0.0202355 -0.0235885 0.0545871 -0.00857702 2.42218e-05 0.00731173 0.0102194,800,0,cuda,2.29,7.43
test,868,boxer_85,boxer,dog,wrong,chihuahua,lime,10,0.467357,33,0.121632,0.304958,0.183326,0.009481,0.12109,0.407605,0.196986,0.633857,1.0,0.0026218 0.00383142 0.00334704 0.00905386 0.00330537 0.00526898 0.00129751 0.00383849 0.00439863 0.0028223 0.00291269 0.0034537 0.001773 0.00532018 0.00799658 0.00995128 0.00367763 0.00206172 0.00584269 0.00439122 0.00434546 0.00137947 0.00120631 0.00410558 0.00227736 0.00121465 0.00135869 0.000823355 0.00236691 0.00228425 0.00234384 0.00158112 0.00118437,800,0,cuda,2.23,7.39
test,3470,wheaten_terrier_192,wheaten_terrier,dog,correct,wheaten_terrier,lime,35,0.999853,35,0.23591,0.930543,0.694633,0.107282,0.91041,0.293506,0.794767,0.794398,1.0,0.0300422 0.0129498 0.00993065 0.035186 0.0126138 0.0256762 0.0111789 -0.0435478 -0.00956913 0.0534449 -0.00593105 -0.0263144 0.00113963 -0.00605152 0.000907723 -0.00244428 -0.00993792 0.289437 -0.014299 0.300985 0.246172 0.157011 0.036709 0.169807 -0.00163099 0.0040506 0.0501699 0.0241731 0.125298 0.0460756 0.214277 -0.0230094 -0.0250777 -0.00742237 0.035023,800,0,cuda,2.23,7.03
test,39,Abyssinian_43,Abyssinian,cat,correct,Abyssinian,lime,0,0.827415,36,0.245914,0.739017,0.493103,0.119539,0.69322,0.045667,0.57461,0.725611,0.666667,0.0293727 0.0069232 0.0282965 -0.0118907 0.0382091 0.00644511 0.0788126 0.215676 0.134246 -0.00574018 0.0685288 0.00957576 -0.0259013 0.0739766 0.00964583 0.0811216 0.0563235 0.111159 0.0796925 0.0231172 -0.00522391 0.192886 0.0806898 -0.00939336 0.0147519 0.00968345 0.00279354 0.00575124 0.000693304 -0.00239826 0.0170192 -0.000432972 -0.0104514 0.000430945 0.0101796 0.00940278,800,0,cuda,2.01,6.41
test,2566,pug_87,pug,dog,correct,pug,lime,25,0.990305,32,0.280792,0.910394,0.629602,0.033806,0.733749,0.442398,0.489142,0.621884,0.833333,0.0223425 -0.0065766 -0.00412174 0.0263935 -0.0085982 -0.00316384 0.014599 0.0576688 -0.00234794 0.0310736 0.112446 -0.00657065 0.0620922 0.0160293 0.00722582 -0.00915358 0.112114 -0.00420901 -0.00242979 0.156336 0.0258146 0.178859 0.00210682 -0.019915 0.0334948 0.00660423 0.0170871 0.000834577 0.0135026 0.0323012 0.0421961 0.0307633,800,0,cuda,1.96,6.46
test,634,Birman_42,Birman,cat,correct,Birman,lime,6,0.995238,33,0.791574,0.919477,0.127903,0.302118,0.867438,0.028417,0.57786,0.93516,1.0,0.00594244 0.0873208 0.0481583 0.019849 0.047219 0.00470164 -0.0143978 0.0394795 0.0238844 0.119051 0.0278551 0.0656818 0.188212 -0.0238282 -0.0202459 -0.0393565 0.0474099 -0.0333168 -0.0234031 0.00246595 -0.0453115 -0.0338487 -0.0138442 -0.00713737 -0.0142109 -0.0299139 0.0253538 -0.0312046 0.00449799 0.0515111 -0.0103095 0.00599717 0.0111699,800,0,cuda,1.98,6.48
test,1070,chihuahua_87,chihuahua,dog,correct,chihuahua,lime,10,0.991492,44,0.294005,0.977735,0.68373,0.076296,0.85054,0.390427,0.517593,0.672375,1.0,0.0161581 0.0014254 0.0163719 0.0320851 0.0708174 0.0493449 0.00929563 0.00771571 0.127741 0.00549848 0.146489 0.121133 -0.0105784 0.0119877 0.0379393 0.00522374 0.104132 0.0276287 -0.0161788 -0.018288 0.0288386 0.00995042 -0.00351888 0.0260456 0.0650489 0.00774377 0.00280357 0.00428281 0.0242767 0.00127588 0.0664337 0.0243506 0.00338959 0.00632825 0.0253086 0.000959715 0.0171144 0.00970341 0.0133523 -0.0100401 -0.00364871 -0.00421574 0.00445655 -0.0244015,800,0,cuda,2.03,6.82
test,2876,saint_bernard_96,saint_bernard,dog,correct,saint_bernard,lime,28,0.999391,35,0.328663,0.873815,0.545152,0.138005,0.879133,0.317419,0.772766,0.605462,1.0,-0.00790284 -0.00325091 0.0194655 0.0164746 -0.0147923 0.105133 0.0388489 0.0356389 0.0332011 0.0444388 0.0165546 0.325881 0.0106986 -0.00240143 0.237343 0.284262 0.183889 0.0317221 0.358489 0.0265087 -0.0146845 0.00586172 0.0660783 -0.00329946 0.0138916 0.0376516 -4.64965e-06 0.00608648 0.0216085 0.0556295 0.025239 -0.0111781 -0.0132319 0.020871 -0.00929657,800,0,cuda,2.08,6.58
test,253,american_pit_bull_terrier_58,american_pit_bull_terrier,dog,correct,american_pit_bull_terrier,lime,2,0.998656,40,0.872509,1.0,0.127491,0.206479,0.664235,0.68217,0.303001,0.701407,0.714286,0.0079491 0.00667233 0.00587449 0.00709177 0.0221842 0.00168311 0.00939788 -0.00723988 0.0181718 0.00501115 -0.00289977 0.0163488 0.0123034 0.000383124 0.00859841 0.0252796 0.00650916 0.0171858 -0.0069266 0.0229455 0.0266061 0.065502 0.0668365 -0.00388252 0.028857 0.0486213 0.00474901 0.0060522 -0.00413193 0.0283875 0.017822 0.00971294 0.0375645 0.0454946 0.00233953 -0.00624744 0.00729999 -0.00424945 0.0264398 -0.00547837,800,0,cuda,2.26,7.04
test,2962,samoyed_83,samoyed,dog,correct,samoyed,lime,29,0.923737,34,0.13347,0.702875,0.569405,0.025933,0.815028,0.330763,0.576318,0.553552,1.0,0.244541 -0.0139022 -0.0057991 0.0539006 0.145601 0.0655085 -0.00479848 0.0158005 0.0247514 0.167749 0.131072 0.0077243 -0.0214406 0.0143681 0.01071 0.000107239 0.00655989 0.0293439 -0.0171484 -0.0124326 0.00766369 -0.00487082 0.00745263 -0.0187734 -0.0127844 0.0213918 0.00718896 0.00960503 0.0170369 0.00646736 -0.0174484 -0.00326356 0.02017 -0.0150737,800,0,cuda,2.15,6.58
test,2946,samoyed_69,samoyed,dog,correct,samoyed,lime,29,0.998038,42,0.270607,0.973714,0.703106,0.200332,0.914564,0.317598,0.727456,0.739081,1.0,-0.00907267 -0.012548 -0.00746783 -0.0103724 0.00337392 -0.00914662 -0.0362019 -0.0154749 -0.013379 -0.0149918 0.0152781 0.00121111 0.0222692 -0.000403026 0.0150252 -0.00743772 0.287629 0.00412506 0.00718348 0.254302 0.0273164 0.319272 0.0327492 0.158204 0.170704 -0.0120448 0.00885792 0.0427173 0.0209004 0.00281611 0.0500484 -0.00527478 0.0470766 0.0250103 0.00665083 0.00367447 -0.00373777 0.0217886 -0.0151659 0.00476232 0.0136847 -0.0161987,800,0,cuda,2.28,7.04
test,148,american_bulldog_54,american_bulldog,dog,wrong,boxer,lime,8,0.965843,36,0.523457,0.869249,0.345792,0.093714,0.890403,0.267871,0.644459,0.662548,0.833333,-0.0135168 0.163352 0.0260988 0.0206624 -0.0149234 0.105096 0.0470083 0.0098549 -0.0113963 -0.031971 0.284405 0.310698 -0.00766003 0.045909 0.0164974 -0.0150151 0.0103696 0.00849667 -0.00881167 0.084111 0.011637 -0.0227479 -0.0683745 -0.0356576 0.00881256 -0.00726496 0.0256719 -0.0242854 -0.0338331 0.00187192 -0.0227489 -0.00633047 -0.0116168 0.0188898 0.00695112 -0.00237427,800,0,cuda,2.08,6.67
test,302,basset_hound_195,basset_hound,dog,correct,basset_hound,lime,3,0.940607,41,0.702427,0.988625,0.286197,0.07477,0.729843,0.276112,0.553104,0.842857,1.0,0.123213 0.121027 -0.0167316 -0.00494548 -0.00233773 0.1754 0.0450248 0.0354731 0.0931812 0.000173338 0.0432152 -0.00629518 -0.013375 -0.00565563 0.00458703 0.0877672 0.0395828 0.0545619 0.0285908 0.0733791 0.0316106 -0.0103507 0.000547518 0.0361108 -0.010541 -0.0214629 0.0265559 -0.0188087 0.00409559 0.0124229 -0.0211016 0.0275077 0.00360544 0.0150224 0.00656576 0.0192762 0.0118393 0.0169241 0.0335746 0.00287233 -0.0187162,800,0,cuda,2.03,6.69
test,134,american_bulldog_40,american_bulldog,dog,correct,american_bulldog,lime,1,0.836599,44,0.263074,0.586615,0.323541,0.123615,0.832286,0.24181,0.557822,0.689922,0.428571,-0.0236041 -0.0147363 -0.0268868 0.00963842 0.00592494 -0.00477116 -0.0288336 0.000497121 0.00492525 0.0121219 -0.0225898 -0.0122802 -0.0228648 0.387063 0.00755479 0.00748833 0.0594689 0.0852156 -0.0501237 -0.0614795 0.0271762 -0.0290428 0.0245181 0.0216076 0.0188436 0.0261051 0.0030546 -0.0432082 -0.026386 0.00204372 -0.00327572 -0.00101879 0.0328736 0.0335631 -0.00984741 0.00761512 0.0172204 -0.0119445 0.0101433 -0.000451889 0.0232141 -0.0122029 -0.015044 -0.00204612,800,0,cuda,2.34,7.01
test,3635,yorkshire_terrier_6,yorkshire_terrier,dog,wrong,havanese,lime,16,0.434563,35,0.18192,0.284539,0.10262,0.058563,0.476417,0.149663,0.407339,0.778011,0.666667,-0.00828906 -0.00170621 0.00568507 0.0172386 0.000987863 0.0131727 -0.0105944 0.0121124 -0.000610172 0.0203978 0.00438414 0.0493309 0.00347655 -0.0475703 0.0533541 0.0400046 0.0320868 0.0195871 0.0314653 0.0162203 0.000857076 -0.0176462 0.00818204 0.0537495 -0.010239 0.0573479 0.00548964 -0.00510517 0.00425771 0.0234594 -0.00384922 0.00909903 0.00559238 0.00115407 0.00839497,800,0,cuda,2.06,6.75
test,2625,Ragdoll_43,Ragdoll,cat,correct,Ragdoll,lime,26,0.999539,39,0.446449,0.925301,0.478852,0.21639,0.818136,0.068832,0.596457,0.725304,1.0,-0.0107572 0.000385719 0.00158264 -0.00487728 0.0500933 0.0154922 0.0339369 0.0043187 -0.00525933 0.024167 -0.00185277 0.139002 0.0201647 0.0186355 0.200737 0.0552018 0.062346 0.129649 0.308651 0.033698 0.0686149 0.02045 0.19385 0.00923553 0.0156694 0.0223394 0.0501827 -0.0154469 -0.0128217 0.0343241 0.0125395 -0.00366345 0.0139833 0.00471452 0.00889805 0.00650788 0.00897481 0.00759307 0.00501439,800,0,cuda,2.05,6.58
test,880,boxer_96,boxer,dog,correct,boxer,lime,8,0.858083,34,0.886519,0.980196,0.093677,0.149789,0.46821,0.247345,0.490176,0.870894,0.547619,0.0262001 0.0483638 0.0817413 0.0555388 0.0625249 0.126198 0.0238069 0.0439181 0.017309 0.0608486 -0.0156578 0.0192442 0.0247343 0.0452071 0.0188317 0.0749528 0.0191818 -0.0179729 0.0326981 0.0134596 0.0242564 0.0170767 0.0469837 0.0045468 0.0103359 0.0178461 0.00299076 0.00781179 0.0254125 0.0380335 0.0285423 0.0128125 0.02049 -0.00319623,800,0,cuda,2.13,7.13
test,3058,scottish_terrier_80,scottish_terrier,dog,correct,scottish_terrier,lime,30,0.999765,40,0.525351,0.839457,0.314106,0.297541,0.897308,0.329479,0.670673,0.694184,0.833333,0.0228466 -0.00315925 0.00653633 0.00991457 0.0163082 0.00109217 -0.011158 0.0323289 -0.0323353 -0.00104727 -0.000371058 0.106259 -0.00946808 0.104615 0.00363801 -0.0194617 -0.00120158 0.0462485 0.0184485 0.0191864 0.0413383 0.00110075 0.372459 0.0562442 0.0217385 0.0840371 0.00130567 0.0145387 0.0317279 -0.00383925 0.00135392 0.0163725 0.123044 -0.00365529 0.0350066 0.0146648 -0.0361044 -0.00830379 0.0210067 0.0182278,800,0,cuda,2.13,7.33
test,2190,newfoundland_19,newfoundland,dog,correct,newfoundland,lime,22,0.999914,35,0.779357,0.728471,-0.050886,0.175146,0.868114,0.516723,0.707863,0.907143,0.833333,-0.00892723 0.11325 -0.0200454 0.218621 0.0802455 0.170657 0.0560767 0.170344 0.0143831 0.285695 0.208397 0.0258672 0.0116368 0.046116 0.03472 0.363365 0.113428 0.125398 0.00425944 0.0612588 0.039851 -0.00956825 -0.00622338 -0.00497464 0.0526007 0.0451833 0.0439893 0.029161 0.0266003 -0.0195126 -0.00190793 0.0001827 -0.0175066 0.0885408 0.0206345,800,0,cuda,2.16,6.74
test,1436,german_shorthaired_59,german_shorthaired,dog,correct,german_shorthaired,lime,14,0.999538,42,0.204939,0.773738,0.568799,0.108335,0.798584,0.056194,0.649309,0.814602,1.0,-0.00544504 -0.0171006 0.0210338 0.0159706 0.0152537 -0.0143691 0.00934521 0.00393579 0.0106251 0.00909309 0.0282678 0.0345245 0.0440488 0.0150715 0.380875 0.0547079 0.0960866 0.0594278 0.17433 0.054951 0.111001 0.147297 -0.0173727 0.0188209 -0.00534143 0.0313966 -0.0108719 0.0178524 0.0167816 0.0660634 0.0433162 -0.00162862 0.0338161 0.0181485 0.00589802 0.0141763 -0.000739107 -0.0148704 0.00629774 0.0081126 -0.0197339 0.0227282,800,0,cuda,1.92,6.77
test,1765,japanese_chin_85,japanese_chin,dog,correct,japanese_chin,lime,17,0.993587,50,0.119938,0.656245,0.536307,0.042248,0.866332,0.589663,0.464589,0.267803,0.833333,-0.0115225 0.0114642 0.00941428 0.0150903 -0.0246049 -0.0111199 -0.0093382 0.00275406 0.00302975 -0.0123956 0.0124563 -0.00865518 -0.0222141 0.0145234 -0.0122272 0.0114177 0.0183154 -0.029191 0.0356021 -0.00776458 -0.00206126 -0.00808893 0.00429197 0.16113 0.0505415 0.00833402 0.00650825 -0.0101236 -0.00933449 -0.00718636 0.0558749 0.174546 -0.0181268 0.130809 0.016005 0.044424 0.00517944 -0.00466258 -0.00498499 0.00856265 0.00230885 -0.00160086 0.0105496 -0.0220452 -0.00471965 0.0133136 0.00569393 0.0320524 0.00426152 -0.00781697,800,0,cuda,2.17,7.47
test,2968,samoyed_89,samoyed,dog,correct,samoyed,lime,29,0.962044,27,0.740135,0.973002,0.232867,0.195761,0.838658,0.000694,0.626273,0.790293,1.0,-0.0337401 -0.069623 0.0234209 0.0649778 0.00802705 -0.0575734 0.0419122 0.110465 0.283307 0.0836204 -0.00946125 0.0566318 0.0412852 0.0430619 0.0287523 0.00943052 0.414157 0.157817 -0.000180933 0.0306477 0.0152601 0.0155574 0.0257006 0.00784122 -0.00161486 0.00437319 0.00393323,800,0,cuda,1.98,6.73
test,776,Bombay_8,Bombay,cat,correct,Bombay,lime,7,0.806241,40,0.228735,0.680699,0.451964,0.056566,0.511455,0.54888,0.470194,0.705066,1.0,0.0151077 0.0156075 0.00241558 0.0320929 0.0159578 0.0157564 0.0168222 -0.00200628 -0.000648434 0.0275441 0.0625018 0.00517079 0.00305692 0.00706589 0.036702 0.0425063 -0.00106045 0.00592263 -0.0160122 -0.00703069 0.00386307 -0.00628713 0.0251813 0.00586513 0.00553253 0.00603229 0.006904 0.00532897 0.00574252 0.0186684 0.00805269 0.0105349 0.00542043 0.010077 0.0145766 0.00169897 0.0116239 0.0026532 0.001096 0.00516798,800,0,cuda,2.1,7.24
test,1052,chihuahua_70,chihuahua,dog,correct,chihuahua,lime,10,0.999998,35,0.651128,0.998875,0.347747,0.111211,0.714453,0.336073,0.40533,0.687115,0.666667,-0.0155372 0.0248146 0.0135141 0.0173152 -0.00315869 0.0763124 0.0545119 0.0467668 0.035403 0.0929842 0.0159361 0.027083 0.0382691 0.0326807 0.0578673 0.0894743 -0.00315612 0.0811353 0.0200432 0.0308864 0.103664 0.141416 0.0120759 0.0340649 0.0588236 0.0106814 0.0144 -0.0129236 -0.00135022 0.00296098 0.0163795 0.0127454 0.041748 0.0179721 -0.00925961,800,0,cuda,2.05,6.63
test,3362,Sphynx_82,Sphynx,cat,correct,Sphynx,lime,33,0.998732,36,0.737703,0.984127,0.246424,0.312306,0.892304,0.496467,0.669849,0.921107,0.833333,-0.0172052 0.0434487 0.0078118 0.00276862 -0.0154212 -0.000866886 0.0225896 0.0502519 0.0804434 0.233781 0.0981585 0.297537 0.0418056 0.0153417 -0.047081 0.0648402 0.00234894 0.0128591 0.0586964 -0.000685572 0.0198558 0.1366 0.0826123 -0.0516415 0.0651371 0.0491251 0.00553132 0.0553317 0.0905188 0.0341051 0.0395316 0.0219091 0.114153 0.0151091 0.0798429 -0.00167581,800,0,cuda,2.11,6.77
test,1892,leonberger_200,leonberger,dog,correct,leonberger,lime,19,0.521359,38,0.217534,0.514585,0.297051,0.03169,0.446436,0.173263,0.506426,0.692636,0.547619,0.00699304 0.00485912 0.0115847 0.00184122 0.0439398 -0.00893376 0.0104411 0.00100965 0.00211863 -0.0136079 0.00262465 0.0546505 0.0594137 0.0069129 0.0135539 0.00462944 0.00215132 0.00335882 0.0413319 0.0331371 0.026576 0.137135 -0.0195695 0.000947091 0.0944764 0.00536593 0.0386037 -0.012098 -0.0122675 0.0107461 0.01975 0.0166004 0.00416525 -0.0138107 -0.00278749 0.00608171 0.0101351 -0.00933238,800,0,cuda,1.89,6.64
test,2034,Maine_Coon_50,Maine_Coon,cat,correct,Maine_Coon,lime,20,0.967217,36,0.14493,0.417633,0.272703,0.077604,0.823623,0.17541,0.700206,0.775804,0.666667,-0.0115938 0.0687723 0.0559083 0.0316972 0.0197249 0.0132842 0.196678 0.010918 0.0665561 -0.00637804 0.370897 0.0454145 0.0248421 0.0292501 -0.0393631 -0.00786701 0.023117 0.0363012 -0.00206204 0.00410556 -0.0227222 0.000917828 0.0164463 -0.0159751 0.00578288 0.0252866 0.00659991 0.00469405 0.00515633 -0.0130292 0.0192579 0.00844494 0.000800663 0.0195626 0.0113209 0.00999264,800,0,cuda,1.86,6.54
test,1934,leonberger_58,leonberger,dog,correct,leonberger,lime,19,0.980184,45,0.532007,0.574645,0.042638,0.063523,0.245721,0.859694,0.136186,0.339855,0.25,0.00247416 0.00390196 0.0016132 0.00606402 0.00809595 0.00516779 0.00246484 0.00761466 0.00653723 0.006797 0.00463079 0.00989888 0.00677872 0.00630546 0.00107954 0.00475653 0.00685754 0.00565371 0.00619594 0.00730539 0.00471746 0.00673193 0.00441165 0.00789504 0.00438185 0.00666008 0.00677189 0.00495122 0.00744332 0.00537143 0.00245583 0.00560438 0.00442757 0.00616234 0.00558494 0.00344585 0.00660312 0.00547494 0.00484377 0.00605215 0.00333809 0.00309348 0.00577125 0.00311932 0.00378475,800,0,cuda,2.0,6.87
test,1503,great_pyrenees_29,great_pyrenees,dog,correct,great_pyrenees,lime,15,0.905658,31,0.785914,0.987153,0.20124,0.049227,0.586896,0.636078,0.409788,0.767339,0.547619,0.0123346 0.0200777 0.0452521 0.0770648 0.0242608 0.00175269 0.0231626 0.056486 0.0361907 0.0248809 0.0196959 0.0157359 0.0104983 -0.00542035 0.00175376 -0.00537357 0.016029 -0.00564088 0.0117908 -0.00622988 -0.00369809 0.00867838 0.0111869 0.008654 0.0219777 0.0185731 0.0104319 0.00515914 0.00508344 -0.00292126 -0.00200149,800,0,cuda,2.14,6.57
test,3496,wheaten_terrier_34,wheaten_terrier,dog,wrong,scottish_terrier,lime,30,0.752626,45,0.286771,0.600733,0.313962,0.019568,0.819426,0.100635,0.635028,0.413241,0.428571,0.00922316 0.0211629 0.0126127 0.021365 0.0230823 0.0182369 0.0335007 0.281603 -0.00824217 -0.00439102 -0.00803385 0.00826305 0.0104425 0.313098 0.149968 -0.00506333 0.00294449 0.027475 -0.00181896 0.0143951 -0.0200556 0.015523 -0.0327831 0.00155761 0.0202396 -0.0318604 -0.0168914 0.00959815 0.0164061 0.0241184 0.00885524 -0.00919654 0.0158197 0.0222426 -0.00452848 0.0244399 0.0108648 -0.000452402 0.00870543 0.000835886 -0.0133493 -0.0124139 0.00615785 0.00557519 -0.0115619,800,0,cuda,2.0,6.51
test,2454,pomeranian_76,pomeranian,dog,correct,pomeranian,lime,24,0.999185,39,0.65045,0.991975,0.341524,0.026069,0.876096,0.243734,0.536667,0.490283,0.833333,-0.0387647 0.0149083 0.0478155 0.00769337 -0.0069787 -0.00319766 -0.0498592 0.000994873 0.00590319 -0.0118668 0.342385 0.0765603 0.205029 -0.025814 0.108727 -0.0125179 -0.0254684 0.00359008 0.232732 0.105115 -0.00347326 0.0203858 0.0297939 0.0249418 0.00380115 0.0178067 0.0254132 -0.0370739 0.0122594 0.0248776 0.0163269 0.0233903 0.0167622 -0.0179881 0.018752 0.0228754 -0.0188966 0.00765395 0.0172057,800,0,cuda,2.37,6.89
test,1427,german_shorthaired_50,german_shorthaired,dog,correct,german_shorthaired,lime,14,0.999692,34,0.191247,0.485104,0.293857,0.129622,0.904009,0.158779,0.876399,0.647823,0.666667,0.0116091 0.0174134 0.0108603 0.011618 -0.0267448 0.029341 -0.0041474 0.0163845 0.195759 0.015263 0.0381793 0.0458947 0.0167131 0.00738249 0.0107318 0.731807 0.155041 0.0199466 0.00364631 0.00136826 0.0291785 0.0067567 0.0211466 0.00565243 0.00844192 -0.0114848 -0.0174941 0.0134538 0.0285253 0.011728 0.013383 0.0240478 0.00918004 0.0176149,800,0,cuda,1.79,5.99
test,836,boxer_55,boxer,dog,correct,boxer,lime,8,0.919337,36,0.582809,0.825139,0.242331,0.058985,0.698998,0.215025,0.639537,0.833462,0.833333,0.124947 -0.0136987 0.0145821 -0.0196746 -0.0078821 0.304003 0.047144 0.00222942 0.0259966 0.0626458 0.0313623 0.0142729 0.00793784 0.0765528 0.01632 0.0104187 0.164447 0.00825602 -0.0416867 0.0210992 0.0486546 0.00350669 -0.0372331 0.025173 0.0206594 0.0308039 0.0129854 0.0160442 0.0171229 -0.0763371 -0.00656229 -0.00557083 0.0187831 0.0322761 0.0216556 0.00268108,800,0,cuda,1.79,5.83
test,2909,samoyed_35,samoyed,dog,correct,samoyed,lime,29,0.999711,45,0.813297,0.985859,0.172561,0.17583,0.816203,0.050547,0.538901,0.765876,0.666667,-0.0160666 -0.0241765 -0.0129418 0.00328848 -0.0399045 -0.0469853 -0.0413733 0.00972712 0.148736 0.17492 0.0383523 0.141094 0.178707 0.163018 -0.0184175 0.0357031 0.125689 0.0107832 0.0653589 0.123182 0.138898 0.107108 0.0829865 0.0132501 0.0469705 0.136979 -0.013585 -0.00111276 0.0447183 0.0161683 -0.00080374 0.0177535 0.0129244 0.00437559 0.0101062 0.00028606 -0.00506133 0.00633264 -0.0118711 -0.0130709 0.0112862 -0.00499654 0.0077131 -0.0161585 -0.0117349,800,0,cuda,1.84,5.96
test,3252,Siamese_73,Siamese,cat,correct,Siamese,lime,32,0.998409,32,0.534319,0.901181,0.366862,0.179452,0.751533,0.176007,0.617813,0.78574,1.0,0.100722 0.0406731 -0.012269 0.00627454 0.219352 0.28403 0.0135876 0.0110734 0.0119227 0.0672025 0.0390734 0.00834389 0.0387963 0.0971564 0.00767941 0.0143554 0.0581482 0.0297681 0.0274918 0.0223137 0.0123774 0.0354783 0.00544625 0.136242 -0.00403958 -0.0162195 0.0540984 0.00229943 -0.000929252 0.0203498 -0.0103986 0.0158969,800,0,cuda,1.8,5.76
test,1990,Maine_Coon_244,Maine_Coon,cat,wrong,Ragdoll,lime,26,0.760486,33,0.834821,0.996472,0.16165,0.065923,0.587713,0.472803,0.428817,0.838402,0.666667,0.00280052 0.00386224 -0.00280011 0.0141766 0.00528819 -0.0258456 -0.0137749 0.0143302 -0.000734591 0.0243862 -0.0050709 0.0121663 0.00220561 0.0129843 0.0369656 0.0199512 -0.0142651 0.0122236 0.0276337 0.0164416 0.0144434 -0.00511813 0.00959265 0.0756185 0.00606586 0.0651706 0.0536362 -0.00340948 0.0245356 0.00577379 0.015913 0.0360182 -0.00504833,800,0,cuda,1.74,5.73
test,3524,wheaten_terrier_5,wheaten_terrier,dog,correct,wheaten_terrier,lime,35,0.995716,29,0.519412,0.788487,0.269075,0.275741,0.901623,0.328843,0.558947,0.942611,0.833333,-0.00651364 0.114614 0.0623178 0.0551648 0.0509427 0.0843105 0.0415152 -0.0181037 0.0815376 0.170558 0.0551498 0.100978 0.125519 0.0655239 0.100653 -0.0248887 0.0512216 -0.00156253 0.0780247 0.0435026 0.0389662 0.0221237 0.0121971 -0.00366439 0.0050732 0.0172852 -0.014615 -0.0163699 -0.0021543,800,0,cuda,1.76,5.78
test,2287,Persian_239,Persian,cat,correct,Persian,lime,23,0.980325,41,0.790019,0.964398,0.174379,0.085444,0.734793,0.301875,0.503936,0.614111,0.714286,0.0411282 0.0176861 0.029221 9.21384e-05 0.00448575 0.0171847 0.040789 0.011363 0.0764164 0.0592809 0.051791 0.0208641 0.0365985 0.158605 0.0189898 0.162026 0.0135367 -0.000896276 0.0203905 0.0167559 0.00185983 0.0177295 0.023506 -0.00965499 0.0144511 0.0186541 0.0112926 0.0155282 0.0671444 0.0215598 -0.0110663 0.0184894 -0.00873241 0.0205578 -0.0211686 0.0264758 0.00635161 0.00144544 -0.0349399 0.0177898 0.012216,800,0,cuda,1.86,5.93
test,1898,leonberger_25,leonberger,dog,correct,leonberger,lime,19,0.960292,37,0.728695,0.994361,0.265666,0.067569,0.647374,0.707042,0.364333,0.312115,0.666667,-0.000278693 0.00308482 0.000464384 0.00218214 0.00382067 0.00575231 0.0211978 -0.00546506 0.0502413 -0.00560334 0.0332726 0.00445166 0.059621 0.0624387 0.0210046 0.0104615 0.00174989 0.0725298 0.0250324 0.0314049 0.00169359 -0.00134314 -0.00180281 0.0025927 -0.00151169 -1.61936e-05 -0.000849747 -0.000984264 0.00987491 -0.000316218 -0.00102336 0.00620508 0.00998301 0.0113942 -0.00426757 0.019638 -0.00162684,800,0,cuda,1.8,5.71
