split,position,image,true_breed,species,group,predicted_name,method,label,p_label,num_segments,area,overlap,excess,deletion,insertion,additivity,fit_r2,seed_rho,seed_jac,weights,num_samples,seed,device,runtime_s,total_s
test,1819,keeshond_43,keeshond,dog,correct,keeshond,lime,18,0.990131,48,0.308634,0.940516,0.631882,0.193516,0.895624,0.263273,0.898162,,,0.0216527 0.0447413 0.00702831 0.0220583 0.000284521 0.0320997 0.511484 -0.00535607 0.00603632 0.011732 -0.000735515 0.00128806 -0.00141112 0.200084 0.00019879 0.111675 0.0453356 0.0294 0.00766202 0.122305 0.0950891 0.0826708 0.00505892 0.029641 0.000229998 0.0042787 0.0347385 0.0116299 -0.00507871 -0.0153273 0.0180032 -0.00553506 0.0596201 0.00446092 0.00385238 -0.00577701 0.017278 -0.0177511 -0.00102482 -0.00774586 -0.00576429 -0.00195258 -0.00521538 0.00231567 0.00305088 0.00508817 0.00611473 -0.00864649,800,0,cuda,51.15,62.74
test,547,Bengal_54,Bengal,cat,correct,Bengal,lime,5,0.558679,37,0.350925,0.615277,0.264352,0.091022,0.884452,0.292318,0.6139,,,0.150249 0.0117655 0.086517 0.0503181 -0.00364946 0.0552774 0.135878 -0.0687897 -0.00925669 -0.0117636 0.0128996 0.00642424 0.0163318 0.0359353 0.0592361 0.0347922 0.0560778 -0.249259 0.0844788 0.00369569 -0.00232878 0.0517958 0.00421807 -0.00531839 -0.0365172 -0.00247497 0.0177384 -0.0119353 -0.00107451 -0.0488971 0.00991229 -0.0202363 -0.0240624 0.000842596 -0.00591796 -0.0136566 -0.0122294,800,0,cuda,37.7,38.27
test,874,boxer_90,boxer,dog,correct,boxer,lime,8,0.81226,35,0.628747,0.986954,0.358207,0.177161,0.875811,0.460042,0.554021,,,0.0319648 0.0147232 0.0404454 -0.0182944 0.211303 0.00192391 -0.0297976 0.173347 -0.0313116 0.0381704 0.0281179 -0.0167862 0.0772617 -0.0201664 0.00762846 0.0918131 0.0731092 0.00193234 0.12279 -0.000123049 0.00808161 0.0727537 0.00251225 0.0115971 0.129093 -0.00731705 -0.00100792 -0.0104529 -0.0120375 0.0132892 0.00167547 -0.0179867 0.0301423 0.00554699 0.00188286,800,0,cuda,31.38,42.94
test,1530,great_pyrenees_53,great_pyrenees,dog,correct,great_pyrenees,lime,15,0.996837,40,0.268415,0.801435,0.53302,0.09134,0.927235,0.349372,0.703107,,,-0.00367689 0.0061319 -0.0405947 -0.0188139 -0.0134554 0.0116853 -0.00291439 0.00338555 0.0167655 -0.0299846 0.00625751 -0.0302065 -0.00120335 0.117991 -0.00875444 0.100243 0.0413902 -0.014248 0.220953 -0.00677758 0.0950006 -0.00830418 0.451992 0.29642 -0.00440032 -0.0290596 0.230081 0.0127124 0.111665 -0.00310601 -0.0222128 0.0118712 -0.0524706 0.0260209 0.0307546 0.0118802 -0.0134094 0.0261036 0.000123941 0.00577021,800,0,cuda,49.67,59.34
test,3347,Sphynx_5,Sphynx,cat,correct,Sphynx,lime,33,0.988035,34,0.404436,0.898529,0.494092,0.250175,0.857693,0.549253,0.73937,,,0.00921282 0.0679727 0.0505996 0.0171582 0.0191036 -0.016864 0.0497189 -0.0108992 0.0182003 0.0951042 0.169617 0.00702978 0.106252 0.0525473 0.0228067 0.0144842 0.00613661 0.0326812 -0.00490656 0.351115 -0.0102207 0.0849201 0.00729228 0.100504 -0.0039196 -0.0211288 0.122031 0.142625 -0.00473425 0.0019698 0.0380805 0.0756159 0.022123 0.281756,800,0,cuda,44.8,49.0
test,228,american_pit_bull_terrier_33,american_pit_bull_terrier,dog,wrong,american_bulldog,lime,1,0.681184,40,0.312022,0.494522,0.182501,0.092116,0.794898,0.583076,0.698102,,,0.0269985 0.00157704 0.210775 0.175176 0.0141004 0.0068719 0.135678 -0.000579626 0.114256 0.0144187 -0.0102222 -0.0259081 0.204847 0.155444 0.0618126 -0.0137538 -0.00889014 -0.0126867 0.0327479 0.00384269 0.00493074 0.306592 0.0138014 0.0281259 -0.0174483 0.0092861 0.0295605 0.00169929 0.0573643 0.00360988 -0.0235909 0.0611754 0.0139914 -0.00415298 -0.00282545 0.00641838 0.00442782 0.035543 0.0640204 -0.00694399,800,0,cuda,30.96,33.36
test,37,Abyssinian_3,Abyssinian,cat,correct,Abyssinian,lime,0,0.999241,34,0.243403,0.647854,0.404451,0.119442,0.902338,0.18419,0.813175,,,0.00687199 0.0129591 0.0139403 0.0191479 0.0825741 -0.0137355 0.0172235 -0.0201396 0.0796914 0.0540007 0.00496916 -0.0125818 0.0223197 0.0200837 -0.00618217 0.0141398 0.53812 -0.00233797 0.0156144 0.138239 0.0144799 -0.010982 0.034365 0.0039859 0.0196494 0.159806 -0.023572 0.00630635 0.0220402 -0.0100801 -0.048794 -0.00850772 0.0248455 -0.0225629,800,0,cuda,28.45,29.02
test,2504,pug_2,pug,dog,correct,pug,lime,25,0.999595,42,0.546496,0.883743,0.337247,0.182195,0.907772,0.297154,0.768259,,,-0.00125714 -0.0120384 -0.0222615 0.198964 -0.0199871 -0.00151344 0.0147109 -0.00445962 0.106719 0.0857851 0.00282565 0.0554474 -0.0200874 0.034448 0.366389 0.434751 0.0214474 0.0120928 0.105997 0.00574894 -0.0113002 -0.00998491 -0.0113584 -0.00525434 -0.0117547 -0.0221361 -0.00202138 0.00967345 0.0106109 -0.0305705 0.00808525 0.00477223 0.0267358 -0.00642777 -0.00870801 -0.0089367 0.00866214 -0.0128395 -0.00187692 -0.0100574 -0.00993718 0.00273834,800,0,cuda,44.07,45.42
test,2573,pug_93,pug,dog,correct,pug,lime,25,0.989776,34,0.384008,0.80986,0.425852,0.05137,0.877614,0.266574,0.643202,,,0.153569 0.0329957 0.00692455 0.0666672 0.0752312 0.00708904 -0.0018462 0.0134765 -0.0247257 0.0839774 -0.0086586 -0.00146457 0.0104606 0.30456 0.00867815 -0.00978825 -0.000735445 0.328037 0.0631051 -0.031201 0.000337083 -0.0715234 0.0380921 -0.00831852 0.110641 -0.0058982 0.0131704 0.00282105 -0.0232581 0.0159622 -0.0318488 -0.0221977 0.00219444 -0.00639656,800,0,cuda,44.94,49.84
test,3606,yorkshire_terrier_43,yorkshire_terrier,dog,correct,yorkshire_terrier,lime,36,0.998384,41,0.246313,0.702087,0.455774,0.203958,0.969531,0.256379,0.568071,,,0.0199301 0.0254599 -0.0179052 0.00817014 -0.0309095 0.000111945 0.0198251 -0.0103133 -0.00681887 0.0095955 0.0135264 -0.00174508 -0.00169373 -0.0078412 0.0278263 -0.0135381 -0.0143802 0.0021365 0.00957929 0.00970076 0.046917 -0.0309983 0.0281047 0.0696842 0.0221014 0.0444627 0.00848163 0.0858362 0.248443 0.276564 -0.0262441 0.0113474 -0.00321325 -0.00555933 0.00471305 0.0263326 -0.0162336 -0.00429214 -0.00756037 -0.0150612 0.00200236,800,0,cuda,52.03,53.88
test,2768,Russian_Blue_89,Russian_Blue,cat,correct,Russian_Blue,lime,27,0.998181,35,0.594707,0.801786,0.20708,0.364618,0.831916,0.548887,0.68363,,,0.0234528 0.00703878 0.173317 0.0473538 0.0721076 0.046855 0.131573 0.213133 0.0570124 0.0753828 0.0689469 0.0281961 0.0982457 0.0597807 0.15369 0.116484 0.0376682 0.0393804 0.00257014 0.0155512 -0.0218685 0.0676057 0.0137339 -0.00120619 0.0113865 0.128905 0.00182008 0.0310316 0.0195329 -0.00797037 -0.0210074 -0.0153156 0.00258815 0.0116745 0.0116596,800,0,cuda,19.27,25.03
test,2724,Russian_Blue_38,Russian_Blue,cat,correct,Russian_Blue,lime,27,0.998845,42,0.611049,0.918122,0.307073,0.176623,0.854544,0.385018,0.710846,,,0.0167509 0.0513219 -0.0101814 0.0230637 -0.0111407 0.00625893 -0.0208022 0.0116098 0.112792 -0.0177756 0.0222496 0.0573741 -0.00524181 0.050567 0.0644733 0.0573715 0.0144404 0.393058 0.110316 0.142218 0.0144021 0.0448346 0.0619368 0.109966 0.0651846 -0.0184458 0.0295776 0.10887 0.143401 0.00538223 0.023937 0.0328024 -0.0182386 -0.0304348 0.00241034 0.0622537 -0.0151985 0.0353006 0.0307375 0.0377031 0.0026752 0.0062375,800,0,cuda,43.19,46.32
test,890,British_Shorthair_22,British_Shorthair,cat,correct,British_Shorthair,lime,9,0.998962,44,0.35517,0.972027,0.616857,0.157556,0.931332,0.398308,0.773931,,,0.00482705 -0.0126816 -0.00413423 0.0136501 -0.0117952 0.0489989 0.000539832 0.0109922 0.00327824 -0.0115917 0.00579101 -0.0117448 -0.0274066 -0.0089414 0.114221 -0.0115846 0.0367966 0.00260402 0.0123347 0.00396146 0.0191602 0.341674 0.0577531 0.00583055 0.00787023 -0.00973323 0.0112522 0.279968 0.0294856 0.213471 -0.0435433 0.0111012 0.126822 -0.00855516 0.0983952 0.0306667 0.0540937 0.0182133 0.0158287 0.144419 0.0207212 0.0574334 0.117408 -0.0071179,800,0,cuda,46.16,47.23
test,675,Birman_7,Birman,cat,correct,Birman,lime,6,0.884769,37,0.73001,0.997573,0.267562,0.150803,0.893022,0.237557,0.547502,,,-0.0649122 0.0222107 0.0165848 -0.0819098 -0.0929841 -0.0306426 -0.053906 0.114908 0.151061 -0.00855694 0.00419634 -0.000322643 0.107811 -0.0119705 0.0708821 0.015567 0.00224885 -0.0172366 0.0586791 0.0333574 0.0143963 0.0418712 0.0708054 0.0111713 0.00364879 0.0131925 0.0297121 0.0582101 0.050317 0.0233616 0.0378555 0.0190783 0.0145739 0.0298333 0.00798277 -0.0187152 0.00840891,800,0,cuda,26.19,27.36
test,596,Bengal_99,Bengal,cat,correct,Bengal,lime,5,0.997507,37,0.624163,0.984338,0.360175,0.22245,0.962566,0.090771,0.338177,,,0.0167304 0.0034073 0.0297625 0.033575 -0.00702279 0.00905051 0.00514022 0.0191898 -0.0138853 -0.00519025 -0.0047177 0.00309475 -0.0118766 -0.0093604 0.041374 -0.00951412 -0.00596062 -0.0079202 0.000721194 0.0217882 0.034663 0.0754926 0.0104382 0.0220564 -0.0321594 0.023879 0.00363691 -0.00202353 0.0193828 -0.0129237 0.0172189 -0.00880768 -0.00294093 -0.00845206 -0.00299463 0.000707486 0.0563757,800,0,cuda,54.59,56.87
test,1593,havanese_200,havanese,dog,correct,havanese,lime,16,0.969718,41,0.617028,0.918753,0.301725,0.205512,0.754206,0.269091,0.84285,,,0.0323564 0.0314804 0.0202687 0.121093 0.0268559 0.0538827 0.0917212 0.0304191 0.00366205 -0.00111871 0.0125053 0.0371321 0.0334371 0.00228965 -0.0198848 0.00712779 0.0692665 0.0468975 -0.00966128 0.0757044 0.014155 0.0172801 -0.00467892 -0.0129905 -0.0106985 0.406315 0.0354392 0.0387893 0.138402 0.00516439 0.123132 0.0011918 0.0110832 0.0841913 0.0177873 0.000599232 0.079734 0.00646758 0.0302668 -0.0094967 -0.000646508,800,0,cuda,34.86,43.09
test,235,american_pit_bull_terrier_41,american_pit_bull_terrier,dog,correct,american_pit_bull_terrier,lime,2,0.880237,38,0.53966,0.981387,0.441726,0.022491,0.667435,0.500691,0.418651,,,0.0127102 0.0280981 -0.00250371 -0.0117232 -0.0117446 -0.00847573 0.0170803 -0.0152593 -0.00698021 0.0515168 0.00991172 0.000685896 0.0002076 0.111209 -0.00844393 -0.00651653 0.110818 0.0864507 0.00787166 0.0468594 0.0135332 0.00108399 0.0425796 -0.0114302 0.0010424 0.0610265 -0.0155933 0.0124821 0.0148902 0.00965325 -0.00390634 0.037306 -0.00642039 0.015868 0.0127414 0.0116932 0.0395981 0.00558005,800,0,cuda,37.2,38.74
test,727,Bombay_41,Bombay,cat,correct,Bombay,lime,7,0.999908,33,0.741251,0.991189,0.249939,0.355376,0.793034,0.511311,0.65985,,,-0.00366791 -0.0134155 0.037479 0.0479037 0.0402105 0.0230081 0.120053 -0.00725238 0.141311 0.0975696 0.0438827 0.0340462 0.041031 0.0661592 0.101871 0.00556395 0.113216 0.0103598 0.151414 0.0101307 -0.00793799 0.015369 0.138318 0.0106219 0.120013 0.0201181 -0.00573562 0.00615369 -0.00878099 0.0318078 0.00976036 0.0873975 0.00508005,800,0,cuda,34.01,41.92
test,3003,scottish_terrier_30,scottish_terrier,dog,correct,scottish_terrier,lime,30,0.999946,41,0.746413,0.918166,0.171754,0.29655,0.882287,0.513649,0.777253,,,0.0189411 0.00866998 0.133214 0.00576361 -0.00754678 0.121774 0.0347937 -0.00145212 0.0191885 0.101305 0.123545 0.0507254 0.0385167 0.0221366 0.103579 -0.00597276 0.493926 -0.00144011 -0.00204019 0.0496784 0.00367929 0.0213982 -0.00413263 0.0226507 0.0649099 0.00251973 0.0046771 0.0845601 0.0424948 0.0148276 -0.000598233 0.0087506 0.0503371 -0.00661774 0.0143359 0.0377071 0.0415453 -0.00680421 0.010468 0.0212232 0.0268797,800,0,cuda,20.1,26.46
test,1255,english_cocker_spaniel_76,english_cocker_spaniel,dog,correct,english_cocker_spaniel,lime,12,0.999844,39,0.632235,0.979381,0.347147,0.175312,0.788165,0.306508,0.714288,,,0.142 0.0288291 0.376367 -0.020988 0.0864373 0.0575183 -0.00643618 0.144234 0.0860863 0.00415475 0.263252 -0.0206258 0.159042 0.0826489 0.232465 0.0558307 0.0217762 0.0222544 0.0467125 0.159854 0.0373603 0.0231733 -0.00981771 0.0122517 -0.063091 -0.00154398 0.0263953 0.00560648 0.00261735 0.0074529 0.0305023 0.0228819 -0.0075346 0.0282325 -0.00644254 0.00394227 -0.0104148 0.00625669 -0.030139,800,0,cuda,15.86,20.44
test,1021,chihuahua_42,chihuahua,dog,wrong,staffordshire_bull_terrier,lime,10,0.982486,44,0.686404,0.916463,0.230059,0.118427,0.679937,0.67645,0.367587,,,0.0100784 -0.000202105 0.00736315 -0.00113148 -0.00196011 0.00517717 0.0361292 0.036041 0.0456188 0.0032689 0.00732974 0.0467263 0.0265309 0.0594979 0.014538 0.00643536 0.00220997 0.0245271 0.0336508 0.065132 0.00419498 0.00596826 0.0235448 0.00124466 0.0366406 0.0085327 0.0209813 -0.00610294 0.00880352 -0.0047611 -0.00335168 0.00288044 0.012139 -0.00112606 0.012808 0.00118564 -0.00580198 -0.00396809 -0.00262425 -0.00835243 0.00665677 0.0126589 0.00438257 0.00353777,800,0,cuda,24.01,30.03
test,2370,Persian_88,Persian,cat,correct,Persian,lime,23,0.999774,33,0.767857,0.983718,0.21586,0.270609,0.916031,0.286111,0.6938,,,0.0011484 0.0380297 0.0159666 0.0311714 0.00973236 -0.0301599 -0.0568448 0.0217098 0.00206542 0.0111173 0.0928295 -0.0141366 0.00838318 0.0548707 -0.00994276 -0.0249397 0.068807 0.0127666 -0.00284743 0.00151694 0.0348441 0.334184 0.100166 0.0219605 0.0254271 0.0238486 0.0649686 0.260978 -0.00604593 0.00196268 0.00128027 -0.0192935 -0.0328373,800,0,cuda,28.19,30.87
test,1643,havanese_65,havanese,dog,correct,havanese,lime,16,0.970634,40,0.384546,0.8472,0.462654,0.077018,0.847321,0.141871,0.768504,,,0.0268567 0.0137945 0.0137583 0.0838286 0.0290315 -0.0489752 -0.00504815 0.0126026 0.0981035 -0.0340006 -0.00168711 -0.0124196 0.00399774 -0.0168978 0.00365806 -0.00764797 0.372818 0.0625308 0.0302662 0.00994778 -0.0154971 -0.00463557 0.0780166 0.0485056 0.0516139 -0.0091187 -0.00453211 0.00661416 0.305953 0.0230941 0.113655 0.0410051 0.0384349 0.0368355 -0.0333226 0.0313119 0.015361 0.0193938 0.0217452 0.0414082,800,0,cuda,35.94,51.7
test,2600,Ragdoll_258,Ragdoll,cat,correct,Ragdoll,lime,26,0.50285,34,0.680365,0.831872,0.151507,0.03989,0.176427,0.295892,0.398152,,,0.00562479 0.0115386 -0.00477968 0.011536 0.0294524 0.0021868 0.0303379 0.0169411 0.0128633 0.0741385 0.00702813 -0.000355892 0.0187884 0.0293986 -0.0307985 0.0318665 0.0072687 0.00615477 0.00695761 -0.0116183 0.0394796 -0.0025614 -0.0143295 0.000594827 -0.00938917 0.00150436 0.00381635 0.00573632 -0.00801407 0.00618096 -0.00122579 -0.00187774 0.0139808 -0.00220937,800,0,cuda,34.22,40.84
test,3384,staffordshire_bull_terrier_21,staffordshire_bull_terrier,dog,correct,staffordshire_bull_terrier,lime,1,0.511078,40,0.103356,0.426248,0.322891,0.013105,0.622875,0.178417,0.53076,,,0.00928626 0.00480452 0.00306932 0.00206246 -0.00573986 -0.00109669 -9.23426e-05 0.0103838 0.0204674 0.00414105 -0.0053134 0.0463358 0.0104998 -0.00200853 0.0335147 -0.00975349 0.150595 0.0962415 0.00458548 -0.0150541 0.0884589 0.0416582 -0.000659695 -0.0114731 0.0257066 0.00933528 0.00788322 -0.0075065 -0.0238688 0.00919144 -0.00435522 0.0342888 0.0134945 -0.0116076 0.00929931 -0.00784383 -0.0132779 -0.0199219 -0.0011744 0.00408584,800,0,cuda,38.87,44.66
test,2372,Persian_8,Persian,cat,correct,Persian,lime,23,0.999928,38,0.913664,0.998892,0.085228,0.262064,0.894648,0.414687,0.649703,,,0.0595106 0.0767979 0.0111991 -0.0196406 0.0643494 0.038686 0.00607279 -0.0195793 -0.00761643 0.0700993 0.0432379 0.0209051 0.033467 -0.0270461 0.123432 0.163371 0.0958243 0.0288606 0.114976 0.0284868 0.0967674 0.324594 0.0263735 0.0529112 0.0219796 0.0337088 0.0160463 0.0650552 0.0201625 -0.0193863 0.0305615 0.0110601 0.0184495 -0.0172313 -0.00247001 -0.00405889 -0.0150931 -0.0493933,800,0,cuda,31.63,32.22
test,2315,Persian_32,Persian,cat,correct,Persian,lime,23,0.999831,41,0.612026,0.96,0.347974,0.381695,0.890342,0.48019,0.692491,,,0.0304558 0.0142144 0.0240686 0.0887141 0.161497 0.0087587 0.0100996 0.026541 0.0551243 0.182905 0.141446 0.0129018 0.0138031 0.105718 0.181613 -0.0114732 0.0153846 0.0304124 0.0434274 0.00445477 0.00611807 0.0567248 0.00636268 0.0643373 -0.0018312 0.0263631 0.0190336 0.031977 0.00852298 -0.000995207 -0.00601596 0.0486273 0.00602122 0.00929872 0.0100664 0.0125907 -0.00625373 0.00975624 -0.00238384 0.00861108 -0.00490767,800,0,cuda,45.32,47.1
test,1370,english_setter_8,english_setter,dog,wrong,beagle,lime,4,0.944921,39,0.663963,0.983227,0.319264,0.258504,0.83744,0.401177,0.74808,,,0.0170951 0.00682341 -0.00509833 0.00990855 -0.00120299 0.000466238 0.00528597 0.0339118 0.0234825 0.00180151 0.0184083 0.0288932 -0.00295118 0.0378038 0.0627992 0.146794 -0.0109272 -0.00255433 1.94701e-05 -0.0368704 -0.0211113 0.0402258 0.195199 0.022062 0.00667803 0.106834 0.0893236 0.0745376 0.356007 0.0600281 0.021367 0.268241 0.0657999 0.000159919 0.0077283 -0.0169443 -0.0188033 -0.00208113 0.0182591,800,0,cuda,37.44,39.08
test,137,american_bulldog_43,american_bulldog,dog,correct,american_bulldog,lime,1,0.987052,45,0.357302,0.745051,0.387749,0.033951,0.895487,0.054942,0.831947,,,0.0185993 -0.016263 0.242992 0.075431 0.00260318 0.0382153 -0.000341284 0.0414904 0.0660087 0.0115403 0.0581467 0.676919 0.0578201 -0.000656114 0.0288244 0.00929566 0.0109246 0.0223 -0.0149565 0.000907186 0.0250375 0.013951 -0.00141671 -0.00806088 0.128871 0.00232233 0.00974681 -0.0026751 -0.012561 -0.00397638 -0.0457315 0.0120459 -0.0293178 -0.0139451 -0.0243546 -0.0168291 -0.00422874 -0.00538329 0.0107522 0.00708178 0.0230542 0.00209213 -0.0129714 -0.0302616 0.00597949,800,0,cuda,37.51,39.77
test,2865,saint_bernard_86,saint_bernard,dog,correct,saint_bernard,lime,28,0.999746,39,0.599988,0.779936,0.179948,0.308914,0.849224,0.5104,0.609457,,,-0.00168897 0.157724 0.236996 -0.0228671 0.0940688 0.0462864 -0.0170836 0.0141993 0.0226594 0.00969354 0.0282949 0.00908805 -0.00793115 0.142125 0.186655 -0.0404518 0.00961408 0.109687 -0.0161356 0.070973 0.0248251 0.00400419 0.0670536 0.0294166 0.0890608 -0.0235896 -0.0136588 0.0200073 -0.000872765 0.160947 0.0974631 -0.00860597 0.0286921 0.00284496 0.00953152 0.0719695 0.0266503 -0.00473072 0.012436,800,0,cuda,50.0,52.1
test,3429,staffordshire_bull_terrier_64,staffordshire_bull_terrier,dog,correct,staffordshire_bull_terrier,lime,34,0.962661,41,0.719507,0.997726,0.278218,0.157505,0.746618,0.543502,0.772285,,,0.0223656 -0.0098907 0.0197624 0.00182313 0.0331855 0.0237242 0.0373582 0.0369504 0.144912 0.0153132 -0.0023914 0.196331 0.0341867 0.0234154 0.30902 0.11154 0.163374 0.00149669 0.12176 0.045942 0.0560655 0.275125 0.0176708 0.0186137 0.0207953 0.00905265 0.00557956 0.0057641 0.0886125 0.0203255 0.234146 0.00897176 0.100753 -0.00937901 -0.0127132 -0.0286093 -0.0199188 0.0278352 -0.00120859 0.0314738 0.00994949,800,0,cuda,55.72,63.17
test,3195,Siamese_234,Siamese,cat,correct,Siamese,lime,32,0.899894,30,0.460379,0.88843,0.428051,0.059837,0.733992,0.301074,0.597727,,,0.0193406 0.0762125 0.0270836 0.0122488 0.00320783 -0.00860263 0.00568937 0.0944793 0.158004 0.0126318 0.220462 -0.00405549 0.00351517 0.00242599 0.141254 -0.0218682 0.0243062 0.00421528 0.0465868 -0.0154983 0.0266885 0.0663983 -0.00521998 0.00070828 0.0142432 -0.0111324 0.0138695 -0.00113875 0.00897333 0.00412114,800,0,cuda,28.76,31.88
test,353,basset_hound_5,basset_hound,dog,correct,basset_hound,lime,3,0.998759,43,0.374362,0.957497,0.583135,0.152774,0.903159,0.366065,0.711878,,,-0.00364252 -0.0121265 -0.0154309 0.0392206 0.00328474 -0.0110925 0.0859977 0.196623 0.00689097 0.0022763 0.0633362 0.0176837 -0.000285119 0.00628161 -0.00830429 -0.019634 0.00135425 0.00357493 -0.00323876 -0.0418373 0.0355089 0.0284725 -0.00584408 0.0391266 0.0509755 0.0396285 0.0205703 0.00977227 0.140109 0.0337331 0.000677855 0.372101 0.0986242 -0.00527425 0.00298012 0.262804 -0.00774922 0.210193 -0.0145388 -0.00661224 0.0376795 0.0288425 0.0165736,800,0,cuda,24.8,43.04
test,446,beagle_53,beagle,dog,correct,beagle,lime,4,0.996458,37,0.203743,0.411683,0.20794,0.07458,0.894228,0.390465,0.61982,,,-0.00565497 -0.0315905 -0.0011564 -0.00265623 0.167816 0.0251663 -0.0164519 0.287648 0.0051248 0.350079 -0.0168895 -0.02287 0.0170854 -0.0392735 0.0027014 -0.0194165 -0.00717697 -0.00644086 0.00840163 0.0169113 0.0103037 0.00953339 0.0290483 -0.00663367 -0.0190715 0.0332208 0.00911692 0.0153565 0.018843 -0.0358997 -0.00051809 0.0309064 -0.00835418 0.0304924 0.00630302 -0.0225341 0.0149286,800,0,cuda,36.71,37.99
test,175,american_bulldog_79,american_bulldog,dog,correct,american_bulldog,lime,1,0.999422,34,0.456613,0.975029,0.518417,0.242464,0.953989,0.336352,0.749373,,,-0.00473814 0.00179704 -0.0122876 -0.00910247 0.0395078 0.00560438 0.00707085 0.0336363 0.0163657 0.0191449 -0.00347437 0.085426 0.00567128 0.00989152 -0.00106745 0.0336416 0.108694 0.0187922 0.441391 0.00321797 0.0419178 0.0699283 0.00699856 0.013162 -0.00231297 0.00352272 0.167023 -0.00070034 0.0103025 0.00786326 0.0318179 -0.00031077 0.0127628 0.00746529,800,0,cuda,58.27,59.52
test,3633,yorkshire_terrier_68,yorkshire_terrier,dog,correct,yorkshire_terrier,lime,36,0.999858,34,0.719109,0.925732,0.206623,0.33409,0.942409,0.416778,0.61189,,,0.00623013 -0.0057238 -0.0106157 0.0055018 0.00633324 0.0187701 0.00374993 0.0495095 0.054422 0.0726509 0.0128678 0.0607219 0.103537 0.0401461 0.0974394 0.0241914 -0.00134311 0.104378 0.0752028 0.0319173 -0.0190434 0.110231 0.179442 0.242235 0.0202163 0.0123017 0.00384031 0.00574394 -0.0287081 0.00973049 -0.0345541 0.0116754 -0.0116368 -0.00655429,800,0,cuda,31.92,40.11
test,1015,chihuahua_37,chihuahua,dog,correct,chihuahua,lime,10,0.999715,35,0.450973,0.877066,0.426094,0.113892,0.918882,0.292952,0.678035,,,-0.014226 0.000778569 0.00776172 -0.0180471 -0.0213738 -0.0373868 -0.0280477 0.0211884 -0.00255114 -0.0160913 0.00320095 0.0218527 0.0584644 -0.0155197 0.189407 0.0250082 0.0322422 0.00258602 -0.0111436 0.357423 0.0264402 -0.0249412 0.223955 -0.035539 -0.0282356 0.0194816 -0.000700552 0.460524 0.0833714 0.0589887 -0.0276233 0.0110725 0.0158723 -0.00595882 -0.0141222,800,0,cuda,52.67,56.61
test,1983,Maine_Coon_227,Maine_Coon,cat,correct,Maine_Coon,lime,20,0.761133,36,0.657007,0.93663,0.279623,0.043218,0.870565,0.328888,0.635205,,,-0.0164729 -0.0306125 0.024412 -0.0720306 0.00901829 -0.0645111 -0.0236588 0.025238 0.0281406 -0.00766468 -0.0111131 -0.00755323 0.261348 0.0637332 0.0289329 0.034469 0.0446489 -0.0107758 0.0277111 0.161085 -0.020313 0.0535486 -0.0839827 0.157338 -0.0735094 -0.010186 0.0152807 -0.0207796 -0.00641459 0.0106199 -0.00778766 0.00104076 -0.00454276 -0.0257441 -0.00674352 -0.00911189,800,0,cuda,14.73,19.6
test,751,Bombay_65,Bombay,cat,correct,Bombay,lime,7,0.999947,36,0.646943,0.688653,0.041711,0.531762,0.847456,0.16335,0.334307,,,0.00995338 -0.00197955 -0.00537107 0.00817082 0.0116837 -0.00692572 0.0708549 0.0484786 0.0096355 -0.00602588 0.00986078 0.0494416 0.0215945 0.0206716 0.0768174 0.000156085 -2.94771e-05 -0.00958643 0.00482529 -0.000938378 0.00139531 0.0453346 0.0297477 0.0162114 0.0167931 0.00112733 0.00304806 0.0162273 -0.000390629 0.00804704 -0.00168888 -0.000253219 0.0100681 0.00627713 0.000850225 0.00764282,800,0,cuda,48.82,52.72
test,856,boxer_73,boxer,dog,correct,boxer,lime,8,0.999966,34,0.674765,0.992448,0.317683,0.433649,0.896723,0.313602,0.564558,,,-0.00541956 0.0129667 0.0591528 0.0173024 0.0146748 0.0164595 0.0300385 0.00627144 0.0929226 0.194569 -0.00454361 -0.0109706 0.0720329 -0.0136097 0.0163005 0.000956177 0.00286895 0.0422106 0.104657 0.0254563 0.0223477 0.00874986 0.00592825 0.00734878 0.00522174 0.0374255 0.0069843 -0.0128148 0.0188553 0.0251493 0.0242987 0.0127322 0.0199728 0.00771121,800,0,cuda,60.4,60.87
test,962,British_Shorthair_77,British_Shorthair,cat,correct,British_Shorthair,lime,9,0.800086,43,0.413365,0.758562,0.345197,0.106728,0.810604,0.057879,0.434349,,,0.0422281 0.056505 0.0516238 0.0439923 0.00924305 0.0310461 0.0233701 -0.00569225 0.00240927 -0.0520192 -0.00411265 0.085736 -0.00396333 -0.0160031 0.234154 0.0145241 0.093535 0.00990904 0.034026 0.1489 -0.00772681 -0.00717307 -0.0243471 -0.00564979 0.0274016 0.0369619 -0.0292034 0.0129088 0.0518114 0.0101591 -0.00104894 0.0593529 0.00245995 0.0267194 0.016067 0.0485921 -0.00977525 -0.0134669 0.036439 -0.0311706 -0.00704347 0.0131758 0.0463966,800,0,cuda,64.02,68.52
test,1749,japanese_chin_70,japanese_chin,dog,correct,japanese_chin,lime,17,0.999989,36,0.462432,0.673957,0.211524,0.219464,0.905666,0.390785,0.769619,,,0.114532 0.394726 0.0820046 0.0517981 -0.0164044 0.0180875 -0.0131912 0.226634 0.292814 0.0155885 -0.0176406 -0.000930187 0.0156641 0.108046 -0.00453715 0.00439034 0.00294867 -0.00579477 0.00403426 -0.00812662 0.00994875 0.10417 -0.00508515 0.0282449 0.0730643 0.0467864 -0.0130475 0.0106865 -0.00575074 -0.00954643 0.0258702 -0.00247639 0.000251222 -0.00955518 -0.00999076 -0.00718389,800,0,cuda,67.29,70.65
test,2931,samoyed_55,samoyed,dog,correct,samoyed,lime,29,0.998361,44,0.629385,0.993537,0.364152,0.393829,0.863413,0.509307,0.555914,,,0.00919723 0.0221608 0.0383636 0.0470822 0.00121336 0.000970169 0.0447283 0.00161995 0.0777525 -0.00865411 0.00211451 0.0792043 0.0360488 0.131087 -0.00352129 0.0804183 0.0426056 0.022061 -0.00521763 0.00871128 -0.0289018 0.12136 0.042114 0.0566661 0.0971963 0.00371166 0.00801765 0.176501 0.0102768 -0.0106294 4.19479e-06 0.0575463 0.00253195 -0.0270053 -0.0340939 0.00871559 0.00356072 0.0553426 0.0243018 0.0401246 -0.0143364 0.121494 0.0099528 -0.00974625,800,0,cuda,32.47,38.61
test,530,Bengal_39,Bengal,cat,correct,Bengal,lime,5,0.999904,40,0.398198,0.87985,0.481651,0.247983,0.967566,0.233232,0.438826,,,0.0123453 0.02047 -0.00251551 -0.00602647 -0.0264212 0.00681567 -0.0013827 -0.00375539 0.00642917 0.0258037 0.0209272 -0.000265025 0.00940193 -0.00849744 0.0165924 0.0802732 0.0468383 0.0719964 0.131295 -0.00320857 0.0157329 0.00295519 0.00336301 0.0287998 0.0615319 0.00974328 0.0975714 -0.00997728 0.0116179 0.0258435 -0.00522524 -0.0173699 0.0034851 0.0136978 0.0107372 -0.0164753 0.0126473 0.010803 -0.0116213 9.53443e-05,800,0,cuda,18.71,20.91
test,2407,pomeranian_33,pomeranian,dog,correct,pomeranian,lime,24,0.998398,29,0.375698,0.852192,0.476495,0.102443,0.895932,0.096277,0.847246,,,0.00417068 0.0293141 0.0313587 -0.0299832 0.010681 0.0114568 0.00404666 -0.021097 -0.00537583 0.552226 0.00423249 0.00895772 0.167918 0.00258285 0.059503 0.0354192 -0.0123252 -0.00769772 -0.0134175 0.373498 0.0511533 0.00856071 0.0050786 0.0100269 0.0456578 0.067343 -0.00483816 0.00881894 -0.010231,800,0,cuda,10.57,14.09
test,245,american_pit_bull_terrier_50,american_pit_bull_terrier,dog,wrong,staffordshire_bull_terrier,lime,8,0.512124,36,0.249402,0.377186,0.127784,0.076737,0.805123,0.252363,0.8072,,,0.00675108 -0.000769923 0.00865615 0.00270476 0.00560646 -0.0106072 -0.00451384 -0.0035321 0.160946 0.0487887 0.00863964 0.0254508 0.0854333 0.0281505 -0.00876244 -0.0286134 0.47975 -0.01279 0.00254997 0.000292866 0.0142496 0.0248195 0.00586164 0.000924736 0.132699 -0.00375402 -0.0242909 0.0274394 0.0241589 -0.0154121 -0.000463365 -0.0222016 -0.00743754 -0.000343553 -0.0187536 0.0034275,800,0,cuda,32.45,32.92
test,2478,pomeranian_98,pomeranian,dog,correct,pomeranian,lime,24,0.998721,35,0.85499,0.994207,0.139217,0.177803,0.886447,0.53939,0.639592,,,0.226422 0.0202904 0.0912896 0.0610621 0.114292 0.111635 0.300742 0.0445062 0.217477 0.0391367 0.155839 0.00441726 0.0247217 -0.0145381 0.0175217 0.138118 0.00850308 0.0294245 0.0973548 -0.00945428 0.0278079 -0.0128729 0.0240448 -0.00166056 -0.00803863 0.00327348 -0.0199343 -0.0102188 0.017202 0.0092429 -0.0020634 -0.00475202 0.0109504 0.00620218 0.00768105,800,0,cuda,28.93,32.01
test,1078,chihuahua_94,chihuahua,dog,correct,chihuahua,lime,10,0.99788,33,0.549665,0.984136,0.434471,0.183822,0.860322,0.322316,0.728628,,,-0.00183011 -0.0283403 0.00414296 0.0680692 0.0808471 0.184552 0.0780529 0.0108547 0.302003 0.176004 0.130087 -0.00255265 0.0401977 0.177157 0.0470593 0.352673 -0.0163283 0.00420841 0.0821839 -0.00357771 0.132192 -0.006402 -0.00690764 0.00151015 0.0877696 0.0262818 -0.009149 -0.00881725 -0.0361917 -0.0048511 -0.00996873 -0.0466289 -0.00451717,800,0,cuda,27.0,29.09
test,242,american_pit_bull_terrier_48,american_pit_bull_terrier,dog,correct,american_pit_bull_terrier,lime,2,0.651561,38,0.336117,0.701479,0.365362,0.019602,0.801146,0.273912,0.548433,,,0.0104428 -0.00826702 0.076312 0.00407114 0.0476246 0.0670556 -0.0115687 -0.0354444 0.0156397 0.0499816 0.000189523 0.225966 -0.0156576 0.028949 -0.0124305 -0.0110939 -0.0142659 0.00933535 -0.00864834 -0.0167419 0.00884725 0.00820344 0.0307202 0.0123266 0.00127535 0.069451 0.00694422 0.058741 -0.0370127 0.00546132 0.0015554 -0.00169209 -0.0175329 -0.0132682 -0.00265274 0.0119076 0.00211396 -0.00963738,800,0,cuda,40.35,47.72
test,1262,english_cocker_spaniel_82,english_cocker_spaniel,dog,correct,english_cocker_spaniel,lime,12,0.999998,44,0.82111,0.996903,0.175793,0.341641,0.776336,0.608659,0.45957,,,0.00669782 -0.0114913 0.066312 0.0286692 0.0176137 0.0318154 0.0127495 0.0668438 0.102346 0.0628686 0.128942 0.212055 0.00570548 0.0709361 -0.00742101 -0.00358032 0.0198491 0.0330362 0.14697 0.00791755 0.0501315 0.0837432 0.0289482 0.0145839 0.0530548 0.0281719 0.088075 0.0172631 0.071928 0.0032595 0.0337838 0.0774812 -0.00211471 -0.0085129 0.0247714 -0.0319119 0.00975065 -0.00106988 0.00416925 0.0364182 0.0138348 0.0132974 -0.0132818 0.00454714,800,0,cuda,17.69,20.05
test,1446,german_shorthaired_68,german_shorthaired,dog,correct,german_shorthaired,lime,14,0.999901,41,0.773158,0.957271,0.184112,0.375843,0.855201,0.274937,0.448537,,,-0.00132323 0.031814 -0.0041428 0.052337 0.0337345 0.0178444 0.0116944 -0.000536528 0.00795111 0.0807943 0.0707746 0.0306672 -0.010116 -0.010414 0.0106085 0.142581 0.0238293 0.00591772 0.0107652 -0.0188039 0.0374114 -0.0235099 0.00273162 0.0356079 0.0453493 0.00238661 -0.0060803 0.0448839 0.00758704 -0.00435372 -0.0229856 0.0549913 0.0677397 -0.00318822 0.0269035 0.00260155 -0.00183462 0.00332136 0.0104444 0.000495844 0.00329857,800,0,cuda,30.49,37.24
test,1550,great_pyrenees_71,great_pyrenees,dog,correct,great_pyrenees,lime,15,0.993209,33,0.435965,0.984094,0.548129,0.305069,0.958397,0.256491,0.799693,,,0.0466179 -0.0283524 0.00770737 0.02766 0.0177263 0.0156747 0.107709 -0.00345159 0.00762375 0.377531 0.00720073 0.00113855 0.0283652 0.0151298 0.0661983 -0.00106807 0.072129 0.00202529 0.0687462 -0.00185696 0.0109117 0.036977 0.0226624 0.0212894 -0.00318213 0.0103166 0.019014 0.0281907 0.0195455 -0.00375238 0.00147384 0.00865579 -0.000112088,800,0,cuda,43.58,48.47
test,1855,keeshond_77,keeshond,dog,correct,keeshond,lime,18,0.995045,29,0.803432,0.953832,0.1504,0.209246,0.827915,0.360845,0.758168,,,0.00132659 -0.00970295 0.00748064 0.00537357 -0.00874954 0.0382899 0.0744129 0.0686411 0.125573 0.0217894 0.0109993 0.0628271 0.0354401 0.059992 0.332614 0.438121 0.0486885 0.118952 0.0139065 -0.0010404 0.0353369 0.0188737 0.0113148 0.053889 -0.00596316 -0.0101079 0.00845027 -0.0293649 0.011456,800,0,cuda,34.71,37.83
test,3146,shiba_inu_6,shiba_inu,dog,correct,shiba_inu,lime,31,0.999128,33,0.344647,0.70732,0.362674,0.201137,0.81181,0.423853,0.677264,,,0.00671094 0.0204889 -0.000173531 0.0469875 0.0488019 -0.0117558 0.0474466 0.297504 0.0264501 0.183626 0.0161473 -0.0296683 0.0271831 0.0168586 0.0630547 0.0490984 0.0227537 0.321619 0.189361 -0.00781086 0.0725393 0.0166785 0.0606739 0.00557967 0.0194374 0.0179597 -0.0179246 0.0090495 0.0013127 -0.0216078 -0.00342965 0.0195593 0.00975726,800,0,cuda,23.46,26.37
test,3378,Sphynx_99,Sphynx,cat,correct,Sphynx,lime,33,0.973852,30,0.126335,0.488286,0.361951,0.096138,0.898439,0.062801,0.908603,,,-0.015304 -0.00885102 -0.00743287 -3.00801e-05 0.0036733 -0.00266739 -0.00225495 -0.0036532 -0.0140302 -0.0202145 0.0180456 0.00836209 0.00431597 -0.0168043 -0.00688666 0.0887639 0.0152659 -0.00690855 0.00458189 0.0805691 -0.00262541 -0.00775158 0.303633 0.602494 -0.000688378 0.0575179 -0.00411971 0.0481351 0.0762327 0.00898369,800,0,cuda,77.52,80.25
test,3448,staffordshire_bull_terrier_81,staffordshire_bull_terrier,dog,correct,staffordshire_bull_terrier,lime,34,0.889683,32,0.903081,0.995397,0.092316,0.075208,0.632639,0.358873,0.559317,,,-0.014024 0.0395905 -0.0012748 0.0399852 0.00901157 0.127953 0.00652303 0.0138355 0.0632684 0.0302752 0.0270773 0.0356474 0.131468 -0.032518 0.0349485 0.0052975 0.0622017 0.00902324 0.143847 0.0325929 -0.00199637 0.00125 -0.023735 0.063662 0.0921955 -0.01746 0.0176924 -0.0189402 -0.00506493 -0.00421703 0.00174834 0.0189507,800,0,cuda,42.4,48.27
test,2955,samoyed_77,samoyed,dog,correct,samoyed,lime,29,0.998618,38,0.665996,0.967273,0.301277,0.218074,0.934418,0.429204,0.676574,,,-0.00113624 0.0295044 0.13105 -0.000724652 0.147962 0.0519641 0.368179 0.274863 -0.00536764 -0.000291599 0.00456629 0.106323 0.0576976 0.0153831 -0.00583516 0.0509105 0.00670258 0.00730204 0.0563909 0.0132928 0.027414 -0.0160869 0.01704 0.0290269 -0.00386899 -0.000829605 -0.00539479 0.00607754 0.0203895 0.0505525 0.0346544 -0.0190285 0.00279332 0.0369502 0.0313051 0.0175602 -0.0067956 -0.0313599,800,0,cuda,31.58,42.93
test,666,Birman_71,Birman,cat,correct,Birman,lime,6,0.998043,47,0.453145,0.982293,0.529148,0.243024,0.919651,0.483566,0.695698,,,0.00138142 -0.000568415 0.00941527 0.177432 0.160576 -0.0200123 0.0299076 0.001508 0.0639339 0.0277142 -0.0173361 0.343655 0.116006 -0.0261679 0.00014341 0.135781 -0.00781436 0.0139694 -0.0184018 0.059965 0.0462134 0.00674152 0.202543 0.0193373 -0.00155278 0.0122581 0.0126693 0.0114587 0.00747615 0.0168458 0.0222457 0.000122027 -0.0154929 0.0100645 -0.00192161 0.00654786 0.0481551 -0.00723687 0.0118038 0.0431088 -0.00057713 0.00697176 0.0231832 -0.0240463 0.00230128 0.0246966 0.00757057,800,0,cuda,44.75,45.81
test,2367,Persian_85,Persian,cat,correct,Persian,lime,23,0.999727,33,0.413086,0.993114,0.580029,0.190704,0.926194,0.399117,0.759149,,,0.0133965 0.0280579 0.0302312 0.0209358 0.00593888 -0.000414912 0.0800695 -0.00467752 -0.00445571 0.365873 0.0219414 -0.00448438 0.0199045 0.133391 0.0397202 0.00083647 0.0430256 0.245609 0.0412845 -0.00504612 0.347357 -0.00370139 0.0038281 0.0211714 0.0132036 0.0059506 -0.0157607 -0.0117127 0.00681058 0.0100166 -0.0191694 -0.00342024 0.0106116,800,0,cuda,46.86,50.2
test,3212,Siamese_31,Siamese,cat,correct,Siamese,lime,32,0.999773,43,0.461296,0.960492,0.499195,0.186199,0.812533,0.607919,0.787033,,,0.0381821 0.0123868 -0.00142709 0.0638696 -0.0158562 -0.00664391 0.0146476 -0.0198172 0.00697404 0.0196746 0.105475 -0.0215081 0.010877 0.00529361 0.0784157 0.00483221 0.000817482 0.000167743 0.189004 0.299871 0.0266912 0.123177 -0.00235678 0.0762877 0.0111778 0.054229 0.000107399 0.151516 0.0681077 0.16816 0.213758 -0.0251296 0.0330011 0.042271 -0.0164216 -0.020648 0.150267 0.20762 0.0224493 0.0125217 0.0185464 -0.000336733 -0.01523,800,0,cuda,21.59,36.29
test,1662,havanese_82,havanese,dog,correct,havanese,lime,16,0.998854,31,0.518196,0.987276,0.469081,0.200678,0.8349,0.564584,0.731281,,,0.0179422 0.0495643 0.0453392 0.343377 0.109692 0.166444 0.0616664 0.160854 0.172311 -0.00373156 0.202005 0.00593639 0.0695837 0.00749897 0.190195 0.044038 -0.00331054 0.309087 0.0239308 0.00245798 -0.0251629 -0.00979318 0.0280102 -0.0128771 -0.000283909 -0.0228158 0.017845 0.00456879 0.00680019 0.0128007 -0.00952035,800,0,cuda,49.76,54.2
test,1037,chihuahua_57,chihuahua,dog,correct,chihuahua,lime,10,0.994642,31,0.527942,0.990664,0.462722,0.100344,0.845505,0.044313,0.680861,,,0.0380075 0.0541219 0.0075503 0.043751 -0.0232406 0.130657 0.345623 -0.0166222 -0.0209476 0.0500977 0.0918247 0.253275 0.00174174 -0.0284147 -0.0063252 0.166159 0.0097727 0.326407 0.0117372 -0.000834668 0.00537252 -0.0453388 0.0114514 -0.0235845 0.0607162 -0.00906483 0.00244381 -0.00707619 -0.0104557 -0.0377735 -0.0242945,800,0,cuda,33.64,39.41
test,1355,english_setter_76,english_setter,dog,correct,english_setter,lime,13,0.999129,38,0.341757,0.979261,0.637504,0.127317,0.937332,0.347282,0.731925,,,0.00496382 0.00617531 -0.0204529 0.0179677 -0.0109038 0.00789835 -0.0271733 0.0179216 -0.00181223 -0.00536224 0.595125 -0.0124943 0.019774 0.0169731 0.0534127 -0.0071371 0.209664 0.1369 0.01275 -0.00360909 -0.00776675 -0.0199817 0.0679059 0.000806337 0.0194603 0.0017171 0.0678968 0.223322 0.0102477 0.02607 0.0045798 0.00475818 -0.021922 -0.0167349 -0.00162777 0.0253463 -0.00062807 -0.0307806,800,0,cuda,32.65,33.89
test,1811,keeshond_36,keeshond,dog,correct,keeshond,lime,18,0.999551,34,0.480568,0.66069,0.180122,0.461813,0.935225,0.321032,0.565871,,,-0.0068917 0.00422508 -0.0111192 0.0406653 0.000377597 0.0195038 -0.011086 -0.0343976 0.0101875 0.0247296 0.0535884 0.0385019 -0.0168269 0.016375 0.2494 0.0638329 0.124797 0.0064416 0.0750554 0.00270586 -0.00370625 0.039294 0.0501723 0.0127089 0.0204261 0.023059 0.0331388 0.0118192 0.0376143 0.00698739 0.0140931 0.0220261 0.0038953 0.0229525,800,0,cuda,37.63,38.54
test,1087,Egyptian_Mau_19,Egyptian_Mau,cat,correct,Egyptian_Mau,lime,11,0.976066,34,0.510184,0.872536,0.362352,0.053686,0.857829,0.438227,0.525971,,,-0.0120854 0.0504259 0.047152 0.133991 -0.0457241 0.0143776 0.0199273 0.0977393 0.130598 0.0514847 0.026295 0.00204326 -0.0373289 -0.00602771 0.0785015 0.0528761 -0.00501601 0.00803294 0.037501 -0.0294521 0.128395 -0.0211514 0.0679521 0.138966 0.00641211 -0.0549594 -0.0417444 0.0443218 -0.0962654 0.0220753 0.00347903 -0.0513328 -0.0105737 -0.0144515,800,0,cuda,44.31,47.94
test,2308,Persian_273,Persian,cat,correct,Persian,lime,23,0.997425,36,0.701032,0.378181,-0.322851,0.108769,0.890429,0.190705,0.795028,,,0.0301684 -0.00212164 0.0394534 0.000866281 0.0471168 0.040684 -0.0267296 0.0165522 0.0932934 -0.0243301 -0.0134245 -0.0139088 -0.0118874 0.325786 -0.0171131 0.457471 -0.0143974 0.0437241 0.365222 0.0450934 0.00677187 0.00551281 0.0153568 0.0132264 -0.00455132 0.166078 2.58278e-05 -0.0168706 -0.00260264 0.00359448 0.0181 -0.0251758 -0.0127182 0.0102791 -0.017849 0.0105094,800,0,cuda,32.84,41.85
test,2293,Persian_25,Persian,cat,wrong,British_Shorthair,lime,23,0.990746,36,0.702507,0.947793,0.245286,0.16232,0.757786,0.102968,0.724228,,,-0.0191015 -0.00663967 0.0218926 0.0766286 -0.0281386 0.0355015 0.128034 -0.000481624 0.0429701 0.194149 0.0554242 0.00310036 -0.0373704 0.0260855 0.139395 -0.120478 0.023254 -0.0139418 0.025414 0.0195393 0.0939861 0.00709921 0.0363323 0.0180421 0.0722932 0.0435071 -0.0166749 0.0159749 0.223533 0.0446942 0.0307651 0.209326 -0.00580065 0.0704712 0.0102126 0.037923,800,0,cuda,45.21,47.4
test,53,Abyssinian_57,Abyssinian,cat,correct,Abyssinian,lime,0,0.929348,31,0.800283,0.909247,0.108964,0.140304,0.851736,0.065544,0.65758,,,0.321554 0.145555 0.0815754 -0.00944516 0.0431865 -0.00613718 0.293218 0.161727 0.0177956 0.0189379 -0.0536113 0.0310419 -0.00489294 -0.0172625 0.0427184 0.0154446 0.0429703 0.0376476 -0.0617109 -0.0288392 -0.0355889 -0.133133 -0.041867 0.0329681 0.0264459 0.00622172 0.00931692 -0.0195046 0.0705786 -0.048204 0.0465916,800,0,cuda,34.61,37.07
test,1555,great_pyrenees_76,great_pyrenees,dog,correct,great_pyrenees,lime,15,0.998738,32,0.629923,0.989164,0.359241,0.21991,0.853204,0.364813,0.692673,,,-0.00637106 -0.0105012 0.00949792 0.0323368 0.0408258 -0.0112461 0.00372101 -0.0168067 0.292333 0.174355 0.111902 0.0694411 -0.0175973 0.142044 0.266705 0.286016 0.0818183 -0.00697036 0.0552053 -0.0204801 0.0776893 0.00202906 0.0669616 0.041709 0.0250366 -0.0315721 0.0418121 -0.00804048 0.00610777 0.0251414 -0.0268793 -0.00352668,800,0,cuda,33.49,36.36
test,3291,Sphynx_232,Sphynx,cat,correct,Sphynx,lime,33,0.964839,34,0.570412,0.808377,0.237965,0.205937,0.736238,0.098766,0.675754,,,0.0320817 -0.0390243 0.00541872 0.020836 0.0885119 0.0119295 0.113385 0.0566733 0.149749 0.224492 0.0321062 0.0609573 -0.00979527 0.0606198 0.00544645 0.121556 0.0418973 0.0016311 0.0177871 0.142865 0.246856 0.0302975 0.0776887 0.00326904 0.0600731 0.00244988 0.119475 0.00106224 0.0418315 0.0158156 -0.0169715 -0.0165476 0.00173971 0.0186997,800,0,cuda,33.18,35.8
test,3028,scottish_terrier_53,scottish_terrier,dog,correct,scottish_terrier,lime,30,0.999879,43,0.328304,0.7773,0.448995,0.270744,0.932132,0.474819,0.579053,,,-0.00407759 0.0108308 0.00735042 -0.0027111 0.00721936 0.00027823 0.0070996 -0.000254449 0.0994581 -0.00517247 -0.00918973 -0.0231985 -0.00811733 0.0561705 0.0493921 0.0837601 -0.00785451 0.19862 0.0484937 0.111594 0.0112229 0.0313086 0.0204371 -0.0033861 0.119143 -0.00011639 0.0153567 0.143547 0.00345903 -0.00253025 0.044015 0.0779896 0.0359321 0.0269869 -0.0165266 0.0106773 0.0109968 0.0357311 -0.00647233 0.0133742 0.0225495 0.0627596 0.00951422,800,0,cuda,34.65,36.06
test,791,boxer_196,boxer,dog,correct,boxer,lime,8,0.999675,46,0.2842,0.610688,0.326488,0.11878,0.946555,0.13429,0.912481,,,-0.00232602 0.0146471 -0.00666694 0.00498485 -0.0169164 0.00950251 0.0198429 -0.00868638 -0.0269331 -0.0126796 -0.00501102 0.0040287 -0.0386798 0.104198 0.0899773 -0.0179061 0.0636824 -0.00154701 0.00961615 0.0160494 -0.0111539 0.0139607 -0.00520894 -0.0193343 0.0297058 0.0215576 -0.0143598 -0.0127492 0.71395 0.00432381 0.00521213 0.0171495 -0.00480824 0.00302384 -0.00135174 0.0372712 -0.00971423 0.00836303 -0.00429871 0.0180626 -0.00665292 0.0025438 0.0466622 -0.0184564 0.0113085 -0.00795831,800,0,cuda,24.38,31.47
test,1388,german_shorthaired_197,german_shorthaired,dog,correct,german_shorthaired,lime,14,0.999968,41,0.312081,0.874375,0.562293,0.320374,0.894131,0.330645,0.731546,,,0.0178228 -0.0100473 0.00808341 -0.0162074 0.0041535 0.0109294 0.0103167 0.0171578 0.0181246 -0.0112531 -0.0169796 0.019922 -0.0164059 0.0262439 -0.0193253 0.0303571 0.0826907 0.153346 -0.000688768 0.402093 0.0778478 -0.0179714 0.0990036 0.0400306 -0.00692322 0.00993531 0.0454767 0.00360935 0.007038 0.00165288 -0.00324156 0.00836927 0.0293329 0.0430017 -0.0196378 0.0624541 -0.000861269 0.00616116 -0.0081379 -0.00370829 0.0198394,800,0,cuda,61.55,64.58
test,3355,Sphynx_73,Sphynx,cat,wrong,Russian_Blue,lime,33,0.851825,43,0.146624,0.659729,0.513105,0.069878,0.899601,0.244424,0.857417,,,-0.00567607 -0.000217811 0.0203695 0.0524824 0.0641263 0.00619127 0.00636163 0.520215 -0.0305351 -0.0134005 -0.00480117 0.224487 0.00540203 0.00206262 0.00884218 0.306707 -0.00447796 0.00968659 -0.00250839 0.00554746 0.0474895 -0.00927034 0.00429059 0.00771497 0.00700944 -0.00667402 -0.00309238 0.025795 0.0134049 0.0101795 0.00249709 -0.000825966 -0.00246888 -0.0194592 0.0074957 0.00537759 0.014454 -0.00969681 0.00201045 -0.00669879 -0.00620352 -0.0150021 -0.00254087,800,0,cuda,39.23,42.01
test,2242,newfoundland_65,newfoundland,dog,correct,newfoundland,lime,22,0.999942,40,0.691765,0.856203,0.164438,0.308008,0.907438,0.414528,0.531833,,,-0.0193601 -0.00445454 0.00831533 0.173474 0.008632 0.0381673 -0.005874 0.00937907 -0.00261624 -0.0153217 0.0133982 -0.0176121 0.140485 0.0325501 0.015823 0.0186332 0.122351 -0.0114513 0.0499673 0.0599225 0.138511 0.062923 0.0808222 0.00316137 0.0405051 -0.0251482 0.0423091 0.0955607 -0.026771 0.0700673 -0.0413853 0.0261869 0.0110518 0.028551 -0.0177794 -0.00647657 -0.00944592 0.0428831 0.0204878 -0.00865276,800,0,cuda,44.1,47.85
test,1448,german_shorthaired_6,german_shorthaired,dog,correct,german_shorthaired,lime,14,0.999973,34,0.414102,0.936696,0.522593,0.325474,0.930323,0.421953,0.60001,,,-0.0184252 0.152491 0.00741807 0.0573437 -0.000212353 0.16297 0.184852 -0.0112254 0.00423484 0.00807934 0.0111763 0.0234918 0.00583884 0.0149596 0.010368 0.0115021 0.0224832 0.0558214 0.00548538 0.0909526 0.13503 -0.0289281 0.0997773 0.00320171 0.0688707 0.0773762 0.00989002 -0.00834435 0.0400088 0.0217844 0.00262176 0.0289457 0.0248374 -0.00627018,800,0,cuda,61.96,64.72
test,2203,newfoundland_2,newfoundland,dog,correct,newfoundland,lime,22,0.999389,38,0.482302,0.972987,0.490685,0.231053,0.86385,0.428156,0.727024,,,-0.0211107 0.0240447 0.00924443 0.0657331 0.0757303 0.00233903 0.153899 0.0497491 -0.018298 0.183483 -0.0318376 0.0210051 0.00699683 0.272008 0.0134074 -0.0144494 0.0443314 0.0608479 -0.000883198 0.0112918 -0.0112056 0.12328 0.0211143 0.265684 0.0132825 0.0233338 0.168185 0.0123152 -0.0467265 -0.00473091 0.0492176 0.0201045 -0.00457098 0.0211552 -0.0410027 -0.0150799 -0.0257282 0.00610718,800,0,cuda,28.17,29.5
test,1377,english_setter_96,english_setter,dog,correct,english_setter,lime,13,0.999808,37,0.439872,0.993566,0.553695,0.15028,0.779962,0.51958,0.655231,,,0.124031 -0.00352637 0.102206 0.00334405 0.0248128 0.365915 -0.0108512 -0.00945473 0.0254425 0.0229348 -0.00430838 0.106387 0.00423663 0.22926 0.014648 -0.0239058 0.0205043 0.00116666 0.129748 0.0107007 0.0781141 0.0362887 0.00896114 0.124824 0.0619639 -0.057277 0.112674 -0.00651663 0.285975 0.10747 0.0212542 -0.0389209 0.0195779 0.0788587 0.0180342 0.00447596 0.00368748,800,0,cuda,18.89,22.12
test,927,British_Shorthair_40,British_Shorthair,cat,correct,British_Shorthair,lime,9,0.995302,26,0.519312,0.830308,0.310996,0.24525,0.888734,0.355498,0.729156,,,0.00845114 0.00725742 0.0396257 -0.154109 0.23279 0.0139937 0.0160211 0.24838 0.222812 0.031758 0.246611 0.146421 0.0643433 0.172514 0.0489302 0.13739 0.0427654 0.0474676 0.0207175 -0.0128374 0.0385424 0.0174729 0.0819093 -0.015589 0.0392793 -0.00998657,800,0,cuda,19.12,22.86
test,3319,Sphynx_30,Sphynx,cat,correct,Sphynx,lime,33,0.996869,29,0.266881,0.73227,0.46539,0.183558,0.845689,0.405176,0.797571,,,0.10862 0.169272 0.261016 0.00780948 0.0141667 0.0744948 0.0771305 0.0267199 0.15174 0.0172329 -0.0234983 0.0295213 -0.00586769 0.0636916 0.373691 0.0575634 0.0482658 0.0123105 0.012158 -0.0189873 0.137564 0.00931892 -0.0213148 -0.00301475 -0.00316368 -0.00413146 0.0173582 -0.0174492 -0.0173875,800,0,cuda,29.77,33.75
test,1606,havanese_31,havanese,dog,correct,havanese,lime,16,0.997569,31,0.910136,0.889544,-0.020592,0.16362,0.749546,0.481341,0.813057,,,0.0544628 -0.0309214 0.173645 0.0375455 0.134593 -0.00963579 0.0538429 0.0616238 0.00488828 0.00270532 -0.0207746 0.0719008 0.0682827 0.0945197 0.0976381 0.086183 0.0655132 0.224318 0.385819 -0.0236721 0.0170788 0.0707306 0.187648 0.0716592 -0.0125276 0.0718045 0.0435772 -0.00327575 0.0377219 0.0220745 -0.0402131,800,0,cuda,30.08,33.95
test,3620,yorkshire_terrier_56,yorkshire_terrier,dog,correct,yorkshire_terrier,lime,36,0.99657,42,0.626335,0.993443,0.367108,0.081683,0.90306,0.040182,0.744192,,,-0.00814066 0.0153783 0.0054015 0.0803456 0.00770466 0.0156719 0.00425611 0.00924105 0.49411 0.204664 -0.01391 0.0407212 -0.0169398 -0.0390993 0.0304604 0.148062 0.0560311 -0.0370155 0.110857 -0.0258518 0.223454 0.051391 0.0520771 0.0338334 0.0155819 -0.0282977 -0.0439281 0.00776485 -0.00990825 -0.00154176 -0.0239648 -0.03562 -0.034807 -0.0166192 -0.00812465 0.000697086 0.0175266 0.0121278 -0.00771477 0.00461387 -0.0251388 -0.00525242,800,0,cuda,22.61,23.79
test,3320,Sphynx_31,Sphynx,cat,correct,Sphynx,lime,33,0.999986,32,0.480548,0.99143,0.510882,0.43668,0.916095,0.279948,0.501269,,,0.00157398 0.0204937 0.057868 0.00236591 -0.00625695 0.0167563 0.0029367 -0.00976835 0.00833595 0.00226025 0.0889122 -0.00241007 0.0155847 0.0468681 0.0175099 0.0666804 0.0095054 0.0173382 0.0731047 0.0613379 0.0133295 0.0303651 0.0561651 0.00927351 0.0374843 0.00945808 0.00251678 0.0187267 0.0441345 0.0274135 -0.0133402 0.0178003,800,0,cuda,34.74,35.48
test,149,american_bulldog_55,american_bulldog,dog,correct,american_bulldog,lime,1,0.999963,30,0.376853,0.936864,0.56001,0.207825,0.850438,0.1938,0.946064,,,0.00523411 0.00683891 0.00282634 -0.0093876 0.00290461 -0.0113215 0.00145497 0.0238205 0.0111477 0.0935064 0.00151558 0.0917346 0.024834 0.0277986 0.0217649 -0.00496802 -0.00264267 0.796021 0.0306369 -0.00129034 0.0127725 0.090985 0.00471703 0.0119923 -0.00964339 -0.00087646 0.007998 0.00374118 0.0260851 0.0103089,800,0,cuda,44.31,56.33
test,1736,japanese_chin_59,japanese_chin,dog,correct,japanese_chin,lime,17,0.999724,31,0.574597,0.79408,0.219483,0.213328,0.84075,0.536747,0.681367,,,-0.0216856 0.0272584 0.00511087 0.00410987 0.0130327 0.0118196 -0.00670521 0.0176737 -0.0126938 -0.0081817 -0.00427935 0.0257527 0.0102314 0.340125 -0.000356321 0.0160259 0.0193385 0.0259476 0.188696 0.197661 -0.0169608 0.00747659 0.19427 0.205861 0.0218475 0.0420513 -0.0175227 0.0264649 0.308519 -0.0148436 0.105039,800,0,cuda,27.33,30.13
test,1269,english_cocker_spaniel_89,english_cocker_spaniel,dog,correct,english_cocker_spaniel,lime,12,0.999964,47,0.522003,0.921187,0.399184,0.12272,0.882753,0.331239,0.754637,,,-0.00679971 -0.00668692 0.00306988 0.0228377 0.0487326 0.017421 0.0014592 -0.0193254 0.0199581 -0.0451394 -0.0570562 -0.00755142 -0.0133715 -0.00175397 0.123701 0.186171 0.129879 -0.00335852 0.36511 -0.00732187 0.0383649 0.00565837 0.33118 0.317081 -0.0160654 0.00146149 0.118211 0.0635386 0.157032 0.00217256 -0.0235216 -0.0120899 0.0480863 0.00512191 0.0092721 -0.000889273 -0.0047113 -0.0438487 0.00334788 -0.0171125 0.00689274 -0.00230433 0.0264331 0.000327974 0.0126437 0.00322077 0.0044087,800,0,cuda,35.66,46.03
test,2078,Maine_Coon_98,Maine_Coon,cat,wrong,Ragdoll,lime,23,0.816484,33,0.867925,0.993668,0.125743,0.326351,0.791771,0.420588,0.657224,,,0.0341776 0.076644 0.0285563 0.173473 -0.00979164 0.0620238 0.0600675 0.031021 0.035026 0.107211 -0.032916 0.10819 0.0969358 0.112747 0.103652 0.0228155 0.00778644 0.122224 0.0126927 0.0499503 0.090236 -0.0438387 -0.00944241 0.0261799 0.0216971 0.0315166 0.0116544 0.0116589 0.00170543 0.0265548 0.00257038 0.00487545 -0.00527573,800,0,cuda,38.29,41.87
test,2324,Persian_42,Persian,cat,correct,Persian,lime,23,0.999836,36,0.506218,0.99098,0.484762,0.307052,0.843548,0.528098,0.690518,,,0.0268647 0.0348989 0.0378247 0.0320002 0.0238303 0.0119331 0.00584455 -0.0116091 -0.00606989 0.00875511 0.0198733 0.0616723 0.0287342 -0.0105995 -0.000223672 0.406129 -0.00240924 0.2122 -0.0134997 0.0931875 -0.00176128 0.102317 0.167434 0.173889 -0.00219699 0.124432 -0.00820844 0.0179843 0.0472635 0.0131885 0.0482239 -0.00766893 -0.00941981 -0.00850035 0.138034 -0.00198557,800,0,cuda,64.26,72.47
test,1287,english_setter_196,english_setter,dog,correct,english_setter,lime,13,0.992952,26,0.340482,0.391454,0.050972,0.151546,0.904806,0.33184,0.669314,,,0.0159503 0.0479224 0.100042 0.232231 0.013124 -0.00286791 0.122286 0.0291434 -0.0656621 0.359297 0.0165818 0.00472799 0.0100326 0.0187754 0.000685801 0.130251 0.0528145 0.0382071 0.0472609 -0.0113637 -0.00437902 0.00894013 0.0233009 0.00763826 0.0174197 -0.00116938,800,0,cuda,61.91,66.34
test,332,basset_hound_40,basset_hound,dog,correct,basset_hound,lime,4,0.928611,40,0.647341,0.997996,0.350655,0.069998,0.922892,0.03945,0.530937,,,0.0476036 0.0167806 -0.00146564 0.0406977 0.0864323 0.0112572 -0.011787 0.00648642 0.0445068 0.0202056 0.0654978 0.202097 -0.0154181 -0.188822 0.0183088 0.0106774 0.216981 -0.0668161 0.0927942 -0.0375087 0.106952 -0.0103669 -0.013342 -0.00495956 0.0363962 -0.000690235 -0.0366225 0.131856 0.0825159 0.0365093 0.00481516 0.0379789 0.0743157 0.0623669 0.0409812 0.0335295 0.0533653 -0.0107225 0.0221697 0.00726369,800,0,cuda,74.6,77.63
test,1330,english_setter_53,english_setter,dog,correct,english_setter,lime,13,0.999559,38,0.204321,0.781623,0.577302,0.131112,0.893007,0.338066,0.737932,,,-0.0037396 -0.0332122 -0.00538779 -0.0264763 0.0176768 -0.00226348 -0.00439619 0.00755117 0.0164629 -0.0104361 0.0264235 -0.017557 0.00285372 -0.0219011 -0.000877202 0.042444 0.228406 0.0540788 0.498856 -0.00225714 0.297984 0.017987 0.0297925 0.293717 0.0690305 -0.00431012 0.0205778 0.000382205 0.0189905 -0.00150761 0.0745289 -0.00456657 -0.0294887 -0.00787819 -0.00569412 0.0185297 0.0140048 0.0167456,800,0,cuda,47.93,52.26
test,852,boxer_6,boxer,dog,correct,boxer,lime,8,0.54185,29,0.307956,0.589953,0.281997,0.122127,0.769792,0.470027,0.605439,,,0.142052 0.197488 -0.0112898 -0.00162406 0.0715435 -0.00672873 0.232101 0.150664 -0.0119747 -0.0284895 0.0177716 -0.028914 -0.0450035 0.20479 -0.00903622 -0.030644 -0.0124284 0.0783616 -0.0084775 -0.0849428 0.00156542 0.0211098 -1.79944e-05 0.0305322 0.0299303 -0.00344241 -0.0124189 0.00320946 0.0159089,800,0,cuda,42.73,52.19
test,2891,samoyed_200,samoyed,dog,correct,samoyed,lime,29,0.99883,40,0.241849,0.807023,0.565174,0.06433,0.972631,0.033171,0.98659,,,-0.00353826 0.00107886 -0.00481957 -0.00779648 0.00114144 0.00887036 -0.00330613 -0.00551686 0.00327923 0.00550091 -5.51953e-05 0.00315728 -0.00344204 0.00526354 0.854067 0.00508489 -0.00286504 -0.00302585 -0.0013306 -0.0129485 -0.000972082 0.00018051 -0.00927575 0.000430108 0.0346442 -0.00384055 0.0141233 0.00507527 -0.00371084 -0.00277918 -0.013769 -0.00557694 0.0394128 0.0251906 0.0130849 0.0128735 -0.00788274 0.00421301 -0.000637458 -0.000318112,800,0,cuda,55.99,60.94
test,2971,samoyed_91,samoyed,dog,correct,samoyed,lime,29,0.787396,40,0.150909,0.619365,0.468456,0.039584,0.778938,0.180398,0.791182,,,0.0112839 0.0119149 -0.00686417 -0.0123137 5.09605e-06 -0.00785439 -0.00730411 -0.00919895 -0.00860953 -0.0163081 0.00719986 0.000277987 -0.0200083 -0.000781965 -0.00825387 0.00485719 -0.0275954 0.00978763 -0.00660293 -0.000880717 -0.0020494 -0.00124908 0.00828215 -0.0124336 -0.00775626 -0.0150683 -0.0238201 -0.00687725 0.0186583 0.00975175 0.00301441 -0.00542591 -0.0205566 -0.0121105 0.489915 -0.0185036 0.0309896 0.128063 -0.0123899 0.185964,800,0,cuda,29.52,37.71
test,503,Bengal_197,Bengal,cat,correct,Bengal,lime,5,0.959926,41,0.513014,0.711137,0.198123,0.505343,0.898161,0.126688,0.501459,,,0.00277807 0.00286435 9.19834e-05 0.0149685 -0.0131261 -0.0293879 0.00431985 -0.00341084 0.00603663 -0.00773476 0.0102086 0.0343713 -0.0292603 0.0494277 -0.0145854 0.0463481 0.00502123 0.0224003 0.0133487 0.00315132 0.0170333 -0.00583888 0.0879101 0.0164694 0.0161894 0.0217052 0.0397659 0.00379196 0.0198574 -0.0124964 0.0201753 0.00482726 0.00538638 -8.95807e-05 -2.90512e-05 0.00487297 -6.40827e-05 -0.0121071 0.00499197 -0.000138621 0.0202725,800,0,cuda,80.39,89.64
test,1923,leonberger_48,leonberger,dog,correct,leonberger,lime,19,0.999718,37,0.927854,0.990367,0.062513,0.462773,0.84933,0.669452,0.647938,,,0.0425173 0.0432105 0.175959 0.00209789 0.00607694 0.13999 -0.0268779 0.020866 0.168429 0.0048303 0.010457 0.0737526 0.142895 -0.00487333 0.178501 0.0715377 0.049752 0.0930894 0.0542684 0.131665 0.000902558 0.151779 -0.0217901 -0.00353693 0.0762898 0.00768227 0.0268345 0.01626 0.0356462 0.151026 0.00529239 -0.00691196 0.158646 -0.001888 0.0249072 0.00669145 0.0146301,800,0,cuda,38.0,45.63
test,320,basset_hound_2,basset_hound,dog,correct,basset_hound,lime,3,0.999596,29,0.513512,0.857265,0.343753,0.338539,0.757498,0.518768,0.701723,,,-0.0104741 -0.00739881 -0.00416414 0.0850543 0.201901 -0.00614258 -0.0113071 0.00772414 0.0950002 0.145104 0.023986 -0.00200678 0.105922 0.108924 0.00925921 0.0670178 0.0325712 0.348154 0.0327469 0.0379174 -0.00312132 0.0289214 0.210773 0.000229006 0.114321 0.0107419 0.0248869 0.0262791 0.0456229,800,0,cuda,57.45,65.47
test,3369,Sphynx_8,Sphynx,cat,correct,Sphynx,lime,33,0.999619,31,0.533442,0.814047,0.280604,0.364132,0.863099,0.330618,0.727629,,,0.00904929 0.00630949 0.0124136 0.0147792 0.00740762 0.0642726 0.0236014 0.153024 0.0297698 0.00497094 0.0672485 0.0250588 0.199804 -0.00560098 0.0934838 0.0259541 0.36764 0.0140156 0.0161785 0.000386571 0.00539984 0.0503746 -0.0110236 0.0247613 0.00911116 0.00326004 0.0217134 -0.0152336 -0.0192076 0.000895721 -0.0299276,800,0,cuda,43.79,47.0
test,2140,miniature_pinscher_63,miniature_pinscher,dog,correct,miniature_pinscher,lime,21,0.873218,36,0.460081,0.977584,0.517504,0.194013,0.902761,0.452248,0.683119,,,0.00359418 -0.00123282 -0.00661193 0.0103948 -0.00857893 0.00182208 -0.0172448 -0.0148268 0.0109546 0.00262774 0.373276 0.0154976 0.0186303 0.135867 0.0473387 0.0209644 0.0407375 0.143786 0.196813 0.0428221 0.021127 0.00297565 0.019517 0.0154357 0.0164594 0.115192 -0.0223456 -0.00183036 -0.00772502 -0.00713686 0.00804904 0.00584094 0.0220512 -0.00943701 -0.0212548 0.0194608,800,0,cuda,43.85,58.25
test,1003,chihuahua_26,chihuahua,dog,correct,chihuahua,lime,10,0.961439,33,0.170918,0.980639,0.809721,0.044618,0.944828,0.03524,0.811062,,,0.00808086 -0.0210529 -0.00967899 0.0039297 -0.0226774 -0.000584209 -0.139952 -0.00867973 0.0234076 -0.00466536 0.0122491 0.0533633 -0.0187911 -0.0205566 0.0163761 -0.0584806 0.135606 -0.0160927 -0.0120081 0.104494 -0.0532023 -0.0446013 0.193897 -0.00915624 0.645682 -0.0113642 0.0106173 0.00924491 0.131518 0.116067 0.0108095 0.160497 0.00208122,800,0,cuda,32.42,41.82
test,3231,Siamese_52,Siamese,cat,correct,Siamese,lime,32,0.989941,36,0.647441,0.793196,0.145755,0.224702,0.80454,0.00567,0.661669,,,0.0140951 0.0489424 0.0547135 0.180716 0.0179123 0.0534202 0.00833929 0.0508259 0.0811869 0.0488624 0.0486092 -0.0420956 0.0128383 0.0359361 0.201692 0.0120604 -0.00446883 0.000877857 0.23814 0.0126303 0.0414209 0.0812929 -0.0456287 0.0178212 -0.00100468 -0.0138877 0.0402107 -0.0228978 0.0101061 -0.00773079 0.0681737 -0.000313832 0.00993235 -0.00749454 0.0716493 0.0402897,800,0,cuda,59.92,62.63
test,1798,keeshond_24,keeshond,dog,correct,keeshond,lime,18,0.999478,41,0.17893,0.987344,0.808414,0.101165,0.962605,0.354341,0.767329,,,0.000905602 -0.00568662 0.0429357 -0.0436366 -0.00605608 -0.00446214 -0.00160762 0.0327173 0.0349983 -0.0103939 -0.00645283 0.106016 0.0528578 -0.00934483 0.118703 0.0460601 0.528777 0.0980035 -0.00711402 -0.0335278 0.0117741 -0.0145617 0.162239 0.175684 -0.00623812 0.00693991 -0.0274131 0.108624 -0.0234476 -0.00730665 0.019805 0.0249752 0.00542096 0.00676443 0.0106445 0.00310428 -0.0120716 0.00321725 0.00810412 0.0156674 -0.0108605,800,0,cuda,33.6,50.97
test,3528,wheaten_terrier_63,wheaten_terrier,dog,correct,wheaten_terrier,lime,35,0.998856,31,0.545918,0.990078,0.44416,0.212322,0.888141,0.427134,0.711936,,,0.0164259 0.0417358 -0.0230748 0.0134961 0.104383 -0.0222024 0.210615 0.140906 -0.00532959 0.080031 0.0049594 0.0566185 0.305117 -0.0235177 0.289776 0.0346473 0.0163716 0.232405 0.0692215 0.115712 0.0106496 -0.0343999 0.029449 0.00958412 0.00109626 0.0324221 -0.0118794 -0.014978 0.0203971 -0.0140195 0.012199,800,0,cuda,73.59,74.85
test,1420,german_shorthaired_44,german_shorthaired,dog,correct,german_shorthaired,lime,14,0.999854,45,0.470265,0.966444,0.496179,0.272386,0.865347,0.446264,0.604919,,,-0.0185785 -0.00132268 0.00164045 0.0279773 -0.00368798 -0.00501159 -0.0143515 0.00854159 -0.0155644 0.00501541 0.00128308 0.0287696 -0.00258986 -0.00537076 -0.000690626 -0.00765156 -0.0222945 -0.00143268 0.126664 0.0554685 0.0152736 0.0483049 0.00616171 0.149825 0.00661629 0.180783 0.0567627 0.0351605 0.199072 0.00811811 0.0520675 -0.00644843 0.145453 0.078186 -0.0006958 0.0116239 0.0175977 0.0245901 0.127426 -0.0107786 0.0229739 -0.00330959 -0.0100216 0.010377 -0.0299508,800,0,cuda,57.77,65.55
test,3014,scottish_terrier_40,scottish_terrier,dog,correct,scottish_terrier,lime,30,0.999825,40,0.768973,0.994935,0.225962,0.372235,0.906228,0.432118,0.471316,,,-0.00830448 -0.0176016 -0.000590765 0.0318211 -0.00506545 0.0188876 -0.000427383 0.0632166 0.0100144 -0.00689483 0.046283 -0.00180318 0.0638082 0.00404294 0.132866 0.0679851 0.056592 0.0391555 -0.00782647 0.0266584 0.0702325 0.0050342 0.0170803 0.135134 0.0307117 0.0180967 0.0274019 0.042216 0.0254721 0.0701303 0.0516343 -0.0114636 0.0188491 0.0098362 -0.014109 0.0512741 0.0208674 0.0011574 0.015569 0.00399823,800,0,cuda,99.98,108.6
test,923,British_Shorthair_37,British_Shorthair,cat,correct,British_Shorthair,lime,9,0.999793,35,0.260742,0.822902,0.56216,0.135098,0.9091,0.278946,0.815727,,,-0.0223257 0.0240472 0.00448154 -0.00774153 0.134114 0.003844 -7.56114e-05 -0.00393754 0.00210107 0.557926 0.00776566 0.00601611 0.0212219 0.0692184 0.0144396 0.356737 0.0192482 -0.0161547 -0.00118328 -0.00136743 0.0360037 0.0858715 -0.0153463 0.0260871 0.0138955 0.141102 0.0434601 -0.0126099 0.0355891 0.0252994 0.00470509 0.0753308 0.0128853 -0.00730565 0.00790722,800,0,cuda,59.15,62.22
test,601,Birman_194,Birman,cat,correct,Birman,lime,6,0.895968,37,0.445213,0.930672,0.485459,0.105672,0.880666,0.026424,0.736171,,,0.0586502 0.162866 0.0721273 0.0104375 0.0333638 0.0541832 -0.0128875 0.349098 0.0605144 0.209298 0.0371514 0.0292114 -0.0588163 -0.0113544 0.125102 -0.0200651 -0.0273232 -0.0139849 0.00987097 -0.00797401 0.0317727 -0.0155758 0.00565485 -0.0288517 -0.00474188 -0.00276655 0.00505253 0.0246698 -0.00907844 -0.00140969 -0.0158792 -0.00401641 -0.014701 0.00266286 -0.0127907 -0.0218507 0.00171795,800,0,cuda,50.52,51.17
test,2673,Ragdoll_93,Ragdoll,cat,wrong,Birman,lime,26,0.5026,47,0.229751,0.836375,0.606624,0.050461,0.390276,0.29417,0.553698,,,0.0204529 0.00808859 0.00252886 0.00321825 -0.00327346 0.0064753 0.0045154 -0.0039642 0.00591988 0.00185065 -0.00158554 0.00133644 0.00603059 8.81694e-05 -0.000218966 0.00575085 -0.00249583 0.000384765 -0.00689313 -0.00321914 -0.00220738 0.00327079 0.00196696 0.00320137 -0.00164582 0.000632175 0.00834673 -0.000450396 0.0333849 0.00293581 0.0109402 0.00631187 0.0236745 0.0389842 -0.00183845 -0.000361203 0.0168512 0.0224861 0.0219436 0.00672166 0.023504 0.00798341 0.00940941 0.0413739 0.00142011 0.00885076 0.00588113,800,0,cuda,39.35,49.05
test,98,american_bulldog_203,american_bulldog,dog,correct,american_bulldog,lime,1,0.998576,37,0.445113,0.703885,0.258772,0.18426,0.836645,0.27498,0.760317,,,-0.0164155 0.104905 0.185526 0.00295315 -0.0102743 0.0190996 0.252949 -0.000991386 -0.00671058 0.0146572 -0.0211313 0.249505 -0.0129553 -0.0108963 0.00234287 0.0277924 -0.0231181 0.00349759 0.148015 -0.0236374 0.0302893 0.0544464 0.204477 -0.0317256 0.1191 -0.00755057 -0.018005 0.0853023 0.102778 0.0633088 0.120609 0.0350115 0.0459759 0.00246308 0.00868256 0.0145838 -0.00589427,800,0,cuda,69.48,74.33
test,2714,Russian_Blue_27,Russian_Blue,cat,correct,Russian_Blue,lime,27,0.999076,30,0.444874,0.930605,0.485731,0.28449,0.903179,0.49255,0.715096,,,-0.00558859 0.0413811 0.0165407 -0.0238406 0.0215055 -0.00396673 0.0173863 0.0376865 -0.0183383 0.232158 0.0774783 0.00825273 0.0446619 0.208539 0.0209287 0.0108561 0.169364 0.0234308 0.0061265 0.0237641 0.178825 0.000641642 0.00343177 -0.0094383 0.355326 -0.0252526 0.101264 -0.00320079 0.0538567 0.0023027,800,0,cuda,58.38,58.92
test,40,Abyssinian_44,Abyssinian,cat,correct,Abyssinian,lime,0,0.99988,33,0.467694,0.83997,0.372276,0.481051,0.95598,0.105543,0.240156,,,0.00886176 0.0066554 -0.00100471 0.0241702 0.00274035 0.0201126 0.00207084 0.00542652 0.00258746 0.00276059 0.00303792 -0.00253992 -0.00283673 0.0315944 0.00420195 0.0330779 -0.0018321 0.0305694 -0.00273376 0.000439962 0.0115587 0.0253058 -0.00617185 0.0173806 0.00324401 -0.00517754 0.0125055 0.021692 0.00680905 -0.00318239 0.019024 -0.00126196 0.00372029,800,0,cuda,78.49,87.81
test,2915,samoyed_40,samoyed,dog,correct,samoyed,lime,29,0.999601,30,0.95169,0.99712,0.04543,0.539108,0.777471,0.559602,0.667634,,,-0.0199737 0.00332639 0.0106364 0.0597782 -0.00259666 0.0937838 0.0206783 -0.0178781 0.0311891 0.0235024 0.0881173 0.193351 0.120947 0.110918 0.0153828 0.179597 0.0344491 0.0897175 0.0510762 0.0365115 0.0889482 0.0123909 0.467286 -0.0155745 0.0271565 0.0334045 0.0589688 0.0126051 0.043328 0.0122977,800,0,cuda,41.12,46.71
test,3209,Siamese_28,Siamese,cat,wrong,Birman,lime,32,0.934853,36,0.544045,0.970711,0.426666,0.126285,0.852194,0.244166,0.768091,,,0.00162187 0.00215604 -0.00418284 0.0185703 0.0758441 0.0207897 0.0214466 0.055296 -0.0171099 0.167518 0.0086535 0.00381235 0.0182605 -0.0129186 0.283278 -0.0122757 -0.0275551 0.169563 0.139893 -0.0263664 -0.157582 -0.000183211 1.45204e-05 0.109142 0.055902 0.0410144 0.116556 0.0780244 0.229582 0.00576904 -0.0231419 0.0182294 -0.0112807 -0.0113849 -0.020488 0.0482145,800,0,cuda,25.72,34.04
test,113,american_bulldog_224,american_bulldog,dog,correct,american_bulldog,lime,1,0.997682,35,0.899992,0.993531,0.093539,0.337485,0.737586,0.356197,0.778982,,,0.0156827 0.0824379 0.117128 0.0638502 0.0512662 0.0105003 0.299519 0.037265 0.0314046 0.0120805 0.284482 0.0279092 0.159693 0.0661877 0.0777569 0.137912 0.080349 0.102602 0.0118511 0.0460118 0.0412869 0.0686628 0.0303666 0.00156433 -0.00931256 0.0558529 0.0197436 0.0323874 -0.00208202 0.053281 0.0641049 0.0110533 0.0189801 0.0148223 -0.00220483,800,0,cuda,32.31,33.01
test,934,British_Shorthair_47,British_Shorthair,cat,wrong,Persian,lime,26,0.516055,30,0.584762,0.653097,0.068336,0.03009,0.576518,0.142952,0.477568,,,0.0134739 0.167846 -0.00312803 0.0556444 0.0410324 -0.0155877 0.174861 0.00463694 0.0712091 0.212402 0.0304639 0.0192809 -0.00191131 0.0200165 -0.0205611 -0.0146982 -0.0112924 -0.00860663 0.0224508 0.00453537 -0.023907 0.0800317 0.00940825 0.00106315 0.0543476 -0.0299876 0.00506891 0.0181514 -0.0364921 0.0342312,800,0,cuda,87.39,97.25
test,454,beagle_60,beagle,dog,correct,beagle,lime,4,0.999767,45,0.401248,0.942804,0.541557,0.143128,0.904722,0.302677,0.598487,,,0.0255776 0.00214138 -0.00623341 -0.000586523 -0.00875783 -0.00117694 0.00825976 -0.00921381 0.00277446 -0.0144835 0.00534109 0.0205655 -0.0139915 0.00145999 0.0178593 0.0506272 -0.0155563 0.41083 0.047991 0.00707496 0.208611 0.0451677 0.0660067 -0.0295954 -0.0212205 0.195139 0.148845 0.004384 -0.0500096 -0.00198363 0.0212061 -0.0324198 -0.0119402 0.00664408 -0.00804794 -0.0159907 0.0203356 0.00182708 0.0134484 0.0138729 -0.0176026 -0.0136877 0.027495 0.04388 -0.0327373,800,0,cuda,19.49,24.02
test,1697,japanese_chin_23,japanese_chin,dog,correct,japanese_chin,lime,17,0.999837,31,0.469089,0.987274,0.518186,0.249627,0.893623,0.38123,0.425886,,,-0.00971139 0.025282 0.014879 0.00835721 -0.0129143 0.135243 0.133349 0.0240847 0.103269 0.031767 0.00887244 0.059553 0.0458323 0.00505538 0.00314312 0.130018 0.0190675 0.0594919 0.0531399 0.157655 0.00136748 0.00609579 0.0211969 0.0119675 -0.00712751 -0.00567477 -0.0193327 0.0129592 -0.00603575 0.00031248 0.00215493,800,0,cuda,27.22,39.54
test,722,Bombay_37,Bombay,cat,correct,Bombay,lime,7,0.999873,35,0.655473,0.988315,0.332842,0.399836,0.89973,0.284329,0.534127,,,0.010102 0.0378279 0.0196544 0.0119524 0.147089 0.00619283 0.0456438 0.0750415 0.000466373 0.125937 0.0653681 0.0354883 0.0249186 0.0407148 -0.00839816 0.0067056 0.0789834 0.0282526 0.0162643 0.0174659 0.00889049 0.0189721 0.00167719 0.0139067 0.0148249 0.00108001 0.00675753 0.00443939 -0.00616769 -0.0130101 -0.00809456 -0.00761995 -0.00415616 -0.0157659 -0.00430486,800,0,cuda,58.49,62.11
test,1276,english_cocker_spaniel_95,english_cocker_spaniel,dog,correct,english_cocker_spaniel,lime,12,0.999999,36,0.912608,0.992633,0.080026,0.323211,0.813482,0.526149,0.698183,,,-2.84334e-05 0.0235526 0.0215719 0.0301408 -0.0247872 0.0101197 0.00170658 0.062097 0.165343 -0.0120533 0.0377678 0.0784922 0.32859 0.0821479 0.0803824 0.0212147 0.506088 0.0248271 0.0197286 0.0579904 -0.0116835 0.0434573 0.0948577 0.017929 0.0669971 0.00776188 0.0202027 0.0103142 -0.00907613 0.0148473 0.00558876 0.0147064 0.00628995 0.00492125 0.0183011 -0.00824637,800,0,cuda,63.5,68.09
test,411,beagle_21,beagle,dog,correct,beagle,lime,4,0.999842,31,0.371333,0.905765,0.534432,0.180656,0.963912,0.416544,0.62052,,,0.0712867 0.00594361 -0.00844154 0.0065438 0.0162641 0.342674 0.0242404 0.015941 -0.000737481 0.0211829 0.00289126 0.0275385 0.0116908 -0.00472553 0.0445828 0.200278 0.0994615 0.207947 -0.00177526 -0.0374952 0.0120923 0.000986649 0.0188873 0.00194255 0.195493 0.00537157 -0.00887984 0.00523104 0.000459128 0.00571546 0.0209572,800,0,cuda,56.62,59.98
test,3570,yorkshire_terrier_192,yorkshire_terrier,dog,correct,yorkshire_terrier,lime,36,0.928127,35,0.180644,0.977866,0.797221,0.134367,0.948687,0.501563,0.744719,,,0.00288655 -0.017625 -0.00208054 -0.00844367 0.0150782 0.00730485 0.0304166 0.0206696 0.50015 0.0159625 0.0278399 0.00849268 0.214385 0.140511 -0.0024808 0.160482 -0.00632999 0.124142 0.012083 0.0308091 0.00524159 0.00868689 0.0302376 0.00992995 0.0100945 0.0613664 0.0305469 0.0149303 0.0229189 0.00665447 -0.0141877 0.0149721 0.0080701 0.0214187 -0.00175987,800,0,cuda,62.97,81.66
test,2359,Persian_78,Persian,cat,correct,Persian,lime,26,0.659771,28,0.908243,0.998662,0.090419,0.053058,0.481976,0.260921,0.463645,,,-0.0158722 0.0465749 -0.00322658 0.0794667 0.0560448 -0.0204554 -0.0148423 0.0287348 0.00840207 0.108714 0.00932394 -0.0055298 0.0396533 -0.0123732 0.0518641 0.127883 0.00536691 0.0208055 0.000588736 0.0224857 0.0177348 0.0113913 0.0274978 -0.00071814 0.0126142 0.0170442 0.021039 -0.0126759,800,0,cuda,59.05,63.63
test,122,american_bulldog_2,american_bulldog,dog,correct,american_bulldog,lime,1,0.996046,36,0.427097,0.990167,0.56307,0.118609,0.806776,0.297488,0.806195,,,-0.0111751 0.0792126 0.00492936 0.0188883 0.289815 0.0815967 0.0577268 0.0330511 0.0434517 -0.00899439 0.00881851 0.000403476 0.00905643 0.00419202 0.190163 0.120593 0.344003 -0.027648 0.193264 0.0140421 -0.00490914 -0.0147948 0.00576248 0.0728374 0.0355535 0.134693 0.00269514 0.00100776 0.0316267 0.00282672 0.0103401 0.0039756 0.0174166 -0.0116074 0.00618734 0.00165412,800,0,cuda,83.87,86.17
test,3159,shiba_inu_81,shiba_inu,dog,correct,shiba_inu,lime,31,0.829891,39,0.347018,0.625451,0.278432,0.045387,0.61385,0.349993,0.601276,,,0.0487817 0.0560601 -0.000341418 0.0120029 0.120036 0.000192942 0.0715191 -0.00123605 0.0250737 0.00660913 -0.00873236 -0.0104008 0.163521 0.0995687 0.00284647 -0.0024149 0.00911855 0.00482518 0.0383807 0.0384896 -0.00206336 0.00679368 0.0101219 0.0232539 0.00757403 -0.00409659 -0.00849517 -0.00513276 0.00392882 0.00566341 -0.00168949 0.00235564 0.0191463 0.0106724 -0.00703879 -0.000765415 0.00771929 0.00261711 -0.00928743,800,0,cuda,31.49,42.19
test,3293,Sphynx_234,Sphynx,cat,correct,Sphynx,lime,33,0.999943,36,0.314094,0.943291,0.629196,0.162413,0.882037,0.327158,0.680086,,,0.0226604 0.0231746 -0.00183041 0.0110983 0.00310495 -0.0138705 -0.00216493 0.011672 0.327904 -0.0168823 0.0261209 -0.0121495 0.0426939 0.114207 -0.0243488 0.0168285 -0.018905 0.0163571 -0.00824202 0.142873 0.249905 -0.0228071 0.0112047 0.0298611 -0.0284372 0.153791 0.0646299 0.00483926 0.0145791 0.0434917 -0.0162092 0.0863963 -0.00789416 0.00396856 -0.0272749 -0.0247063,800,0,cuda,100.08,100.62
test,3458,staffordshire_bull_terrier_90,staffordshire_bull_terrier,dog,correct,staffordshire_bull_terrier,lime,34,0.986831,45,0.496672,0.983942,0.487271,0.207167,0.774567,0.599485,0.752999,,,0.155756 0.0488615 0.0757605 -0.0109416 -0.00142163 -0.0106114 0.0279677 0.00877821 0.0771295 0.264494 0.0197622 0.0337709 -0.0146689 -0.00695009 0.0137108 0.00995225 0.0185769 0.00445632 0.0158812 0.0354512 0.166708 0.020631 0.0694867 0.0216301 -0.0115412 0.00547483 0.0334498 0.0832417 0.00779448 0.0281258 0.00238847 0.245779 0.0299103 0.21261 0.0101721 0.0737999 0.0110271 0.0330091 0.0751498 0.0251626 -0.0053566 0.0116526 0.00960449 0.00147435 -0.0132366,800,0,cuda,63.07,68.8
test,1161,Egyptian_Mau_81,Egyptian_Mau,cat,correct,Egyptian_Mau,lime,11,0.998916,36,0.224988,0.941846,0.716858,0.07594,0.972358,0.154054,0.920988,,,-0.0185541 -0.0131559 -0.0115857 0.000512075 0.00142538 -0.00525604 0.000459241 -0.0189675 0.0158281 -0.0233684 0.00546723 0.0811449 0.00155468 -0.0136615 -0.00446623 0.0484933 -0.00963238 -0.00409905 0.0406847 -0.00246122 -0.00363674 0.729038 -0.00448413 -0.0033373 0.104193 0.00414637 0.012193 0.0667534 -0.000965148 0.0674839 -0.0110151 0.0400443 0.0329265 0.00128628 0.0112239 -0.00562237,800,0,cuda,50.17,51.39
test,396,basset_hound_99,basset_hound,dog,correct,basset_hound,lime,4,0.818014,40,0.290458,0.871927,0.581469,0.048377,0.947091,0.066992,0.688213,,,-0.00696107 -0.0176226 -0.0487013 -0.0646514 -0.000370799 -0.0204447 -0.0145221 0.00309362 -0.0121689 0.00545034 -0.00446665 0.0070837 -0.0177039 -0.00223219 0.0116195 -0.0602832 0.143589 0.0260629 0.0315455 0.321052 -0.0534128 -0.0166839 0.196283 0.139877 -0.0155201 -0.00222785 -0.07478 0.084199 0.212959 -0.0105295 -0.085141 0.202632 -0.00479523 -0.217369 -0.0135725 -0.0215144 -0.0839276 0.0189378 -0.110876 0.00294633,800,0,cuda,91.51,92.62
test,2719,Russian_Blue_32,Russian_Blue,cat,correct,Russian_Blue,lime,27,0.998439,33,0.618144,0.985034,0.366889,0.235294,0.895876,0.466113,0.66403,,,0.0618115 -0.00535181 0.0576886 0.015753 0.00238618 0.0187346 0.107688 0.116247 0.000267954 0.0321083 -0.000588269 0.0410276 -0.00133471 0.110541 0.00399543 0.272955 -0.00422392 0.183681 0.0158845 -0.0159993 -0.00996174 0.0118135 -0.00931605 0.120499 -0.0145045 0.0933764 0.0413792 0.157339 0.0631766 -0.00704041 0.0195052 0.0139875 0.0158725,800,0,cuda,57.05,68.53
test,3093,shiba_inu_212,shiba_inu,dog,correct,shiba_inu,lime,31,0.94541,39,0.394272,0.934731,0.540459,0.083701,0.91605,0.015129,0.681709,,,-0.00187292 0.0128482 0.00574321 -0.0101543 0.0169837 -0.0372363 0.0168559 -0.000688057 0.0579837 -0.00901801 -0.0226532 0.0119362 0.00308335 0.0122105 0.146099 0.183056 0.00999236 0.300532 0.000576894 0.0458021 0.00336472 0.324132 0.111514 -0.00392564 0.0748078 0.0126191 0.038008 0.0219498 -0.00198869 -0.00171733 -0.00442595 -0.00187677 -0.0145239 0.00196213 0.00238721 -0.00815059 -0.00341918 -0.0167352 -0.0179662,800,0,cuda,54.16,59.17
test,2275,newfoundland_95,newfoundland,dog,correct,newfoundland,lime,22,0.99979,34,0.92893,0.96403,0.0351,0.24922,0.838063,0.188338,0.705401,,,0.0420267 0.0741675 0.0656205 0.0480934 -0.13284 0.0845966 0.0574782 0.0809674 0.230745 0.029841 -0.0321561 0.03831 0.065634 0.0078527 0.00742149 0.341412 0.157234 0.0397948 -0.00670486 0.0367706 0.00449247 0.0255098 0.0515783 0.0148806 -0.0169342 -0.00725991 -0.0137708 0.00411865 -0.0120304 0.00831969 -0.0173221 0.00236838 0.0257092 -0.022092,800,0,cuda,89.79,93.66
test,1958,leonberger_7,leonberger,dog,correct,leonberger,lime,19,0.995484,39,0.238082,0.870488,0.632406,0.042406,0.913717,0.132714,0.86466,,,0.0410111 0.0086507 0.023531 0.00928642 0.0151484 -0.0174878 0.0108057 0.0624139 -0.000264285 -0.00841214 -0.00556412 0.000606636 0.0395059 -0.00222838 0.0363341 0.00121839 0.689209 0.00109168 0.00422217 0.018503 0.0259277 -0.00420038 -0.000768829 -0.0217612 0.0299802 -0.00967875 -0.0010532 0.133355 0.129122 0.00896068 0.214891 -0.0155679 -0.00781773 -0.0198056 -0.00949612 0.0200974 -0.0205698 -0.0123205 -0.00665934,800,0,cuda,84.01,84.6
test,702,Bombay_205,Bombay,cat,correct,Bombay,lime,7,0.999934,28,0.822365,0.996183,0.173818,0.581728,0.870124,0.252014,0.529061,,,0.0140433 0.00692922 -0.00123419 0.0176234 -0.0116467 0.0288997 -0.00218501 0.0295565 0.00499603 0.0159687 0.0989364 0.0231472 0.0217347 0.00445733 0.104717 0.0448206 0.0520952 0.0618922 0.0337778 0.0370125 0.0204352 0.0219888 0.010618 0.0327063 0.0452844 0.00560996 -0.0244183 0.00577148,800,0,cuda,53.13,56.44
test,3096,shiba_inu_23,shiba_inu,dog,correct,shiba_inu,lime,31,0.999605,44,0.424406,0.957625,0.533219,0.226332,0.908452,0.446369,0.647649,,,0.0233356 0.0676521 -0.00282718 0.0179232 0.0062558 0.0235464 0.316785 -0.00185391 0.216044 0.292982 -0.0247522 0.0445451 -5.75431e-05 0.0585908 0.20681 -0.00294399 -0.026635 0.136281 0.110392 -0.00150587 0.0404457 -0.00146778 0.0530199 0.0355068 -0.00077355 0.124517 0.0462545 0.00957424 0.0569996 -0.0104436 0.00506248 -0.0147297 0.014882 0.0388381 0.0140387 0.0600165 -0.00816651 -0.0108862 0.00294113 -0.0157927 0.0139547 0.0158923 0.0121275 -0.00613467,800,0,cuda,53.58,61.48
test,406,beagle_201,beagle,dog,correct,beagle,lime,4,0.99972,45,0.192164,0.66222,0.470057,0.095201,0.956687,0.161099,0.868229,,,-0.0126783 0.0108236 -0.00674159 -0.0334214 -0.00542964 0.0146396 0.00458575 0.174959 0.0145164 0.00223413 -0.00338587 0.0117034 -0.00664036 -0.00230093 -0.0128966 0.0253127 0.0620981 0.776105 -0.00342497 0.0873593 0.0336163 0.0163267 -0.0129167 -0.010342 0.0599207 -0.00749101 0.0957742 0.0132782 0.00752579 -0.0156075 0.00717581 0.0265594 0.0434392 -0.00659635 0.016932 -0.00094467 0.0252214 -0.0131077 -0.00351636 0.00149416 -0.0324149 0.00861059 -0.00110079 0.0167235 0.0156411,800,0,cuda,69.82,70.39
test,652,Birman_59,Birman,cat,correct,Birman,lime,6,0.694723,35,0.47166,0.888124,0.416464,0.091679,0.803992,0.185622,0.730924,,,0.0239019 0.0123089 -0.00808927 -0.00892101 -0.00984322 0.00632757 -0.0191698 -0.00331099 -0.01903 -0.0209104 -0.0131601 -0.0259528 -0.00313603 -0.0208895 -0.0438892 0.0137238 0.0794928 -0.00219313 0.127809 0.0135503 0.126155 0.266656 0.37336 0.0287221 -0.0355998 0.0964167 0.154003 -0.0351789 0.0440218 -0.00642916 -0.000477278 0.0205646 -0.0028203 -0.000178769 -0.0315044,800,0,cuda,99.79,100.81
test,2535,pug_58,pug,dog,correct,pug,lime,25,0.977456,36,0.322883,0.721272,0.398389,0.022344,0.820364,0.576305,0.488049,,,0.00323758 -0.0087765 0.0154151 0.000471179 0.0189255 0.00573656 0.0728747 -0.0151347 0.0347212 -0.012817 -0.0230601 0.0332641 0.00641363 0.0194076 0.0307944 0.072962 0.206181 -0.0107257 0.0282142 0.0944287 0.00434114 0.00369705 0.0101292 -0.00356763 -0.0349811 0.0927034 0.0144918 -0.00580058 -0.0270828 -0.0154674 0.0111497 -0.0331064 -0.001571 0.0301813 -0.0338167 -0.00550663,800,0,cuda,24.61,32.24
test,2695,Russian_Blue_21,Russian_Blue,cat,correct,Russian_Blue,lime,27,0.992263,40,0.781788,0.993186,0.211397,0.177128,0.570634,0.162412,0.513389,,,0.0191718 0.0482099 0.0101675 0.00553599 0.0357518 0.0167134 0.0477083 0.0183908 0.00347961 0.0433072 0.0197987 0.00333775 0.0425977 0.053341 0.0617217 0.00331977 0.0136995 0.0571498 0.0560509 0.0099772 0.00688112 0.024728 0.0791503 0.0623943 0.0421515 0.118099 0.0237976 0.0398568 0.00523193 0.0345761 0.129378 0.0405007 0.12021 0.0223657 0.0024916 0.0101421 0.0310345 0.016625 0.0378596 0.0143742,800,0,cuda,57.07,65.46
test,3637,yorkshire_terrier_71,yorkshire_terrier,dog,correct,yorkshire_terrier,lime,36,0.998361,27,0.163345,0.563835,0.40049,0.072532,0.942433,0.085241,0.748695,,,-0.0219878 -0.00719207 0.0131164 0.00305655 -0.0105437 -0.037827 -0.0342017 0.00487885 0.00179502 0.468379 -0.0371516 -0.00498541 0.458145 -0.000897308 -0.0140769 0.057757 0.153997 -0.00409966 -0.00596162 0.0194872 0.0649269 0.0595617 -0.00195537 0.00821456 0.00556109 -0.0290007 -0.00416992,800,0,cuda,59.27,62.86
test,1974,leonberger_94,leonberger,dog,correct,leonberger,lime,19,0.9694,51,0.188875,0.89005,0.701175,0.072155,0.905644,0.081705,0.860418,,,0.0215046 -0.00211264 0.00470101 -0.00475524 0.00791264 0.00359189 0.000938775 0.0183497 -0.0155863 -0.0136425 -0.00664588 0.141773 0.0128789 0.00600905 -0.000298477 0.11954 0.00273054 0.278985 0.0187408 0.0794848 0.0617767 0.435109 -0.0159579 0.0545831 -0.0188095 -0.0186268 0.00730456 -0.00586608 0.00672607 -0.117771 -0.0191671 -0.010062 0.00732489 -0.00436606 -0.0162195 0.0123113 0.00510531 -0.0215508 -0.0057778 0.00841927 -0.0108549 -0.00546158 -0.00329685 0.00368692 0.00708354 0.0182776 -0.00559862 -0.00276004 -0.00368699 -0.00281113 0.0133938,800,0,cuda,36.92,46.68
test,3123,shiba_inu_49,shiba_inu,dog,correct,shiba_inu,lime,31,0.999808,39,0.504464,0.975526,0.471061,0.181712,0.944862,0.365283,0.755067,,,0.0600209 -0.014838 0.542564 0.00363577 0.0555112 0.206382 0.0418465 0.0181702 0.0145725 0.0297715 0.183596 0.0168418 0.0449605 -0.0106312 0.0171915 -0.0477985 0.00481905 0.00616495 0.0109569 0.00865569 0.0845164 0.0498317 0.150781 0.0879532 0.00662023 -0.00620037 0.0490014 0.0133274 0.0122658 0.00252738 -0.0010057 -0.0618908 0.00625758 -0.000951487 0.0252552 0.0373667 0.00411252 -0.0199236 0.0189762,800,0,cuda,68.46,69.68
test,2060,Maine_Coon_79,Maine_Coon,cat,correct,Maine_Coon,lime,20,0.999961,41,0.581274,0.992467,0.411193,0.296905,0.957247,0.240201,0.440851,,,0.00562639 0.014347 0.0223031 -0.0264903 0.00315775 -0.0136862 0.0173644 0.0164993 -0.000577302 -0.00312833 0.0290902 0.0234685 0.0392077 0.0055427 0.0352652 0.00644805 0.0108176 0.00141819 0.0417602 0.0112123 -0.00880263 0.0869854 -0.00368466 0.0145112 0.0266097 0.00371738 0.00394978 0.0141878 0.0681706 -0.00886577 -0.0004529 0.0704978 -0.00580887 0.00722494 0.0571723 0.0523383 -0.00252532 0.0224262 -0.00115247 0.0012199 0.00372708,800,0,cuda,76.15,86.0
test,529,Bengal_38,Bengal,cat,correct,Bengal,lime,5,0.996259,41,0.641183,0.810011,0.168828,0.360704,0.848233,0.144685,0.371382,,,-0.00494492 -0.0172974 0.0536361 -0.00978555 -0.00102564 0.0024974 -0.00730012 0.00306166 -0.0153316 0.0248423 0.0355516 -0.0097279 -0.00221704 -0.00333475 0.00173443 3.03701e-05 0.0342621 0.00134218 0.0371179 0.0137767 0.00614612 0.00306361 0.0217443 0.0149972 -0.00980156 0.0174636 0.0203086 0.0463368 0.0325628 -0.00564888 -0.00851351 0.0454849 0.0331678 0.0442764 0.0105584 0.00229455 -0.0123455 -0.0107133 0.0181526 -0.00658514 0.0227555,800,0,cuda,34.12,40.23
test,1724,japanese_chin_48,japanese_chin,dog,correct,japanese_chin,lime,17,0.999855,38,0.572146,0.820531,0.248385,0.443267,0.868971,0.353643,0.588424,,,0.0530267 0.028625 0.0250133 0.0130906 0.0539339 0.0211387 0.0132401 0.00157933 0.0119552 0.0334619 0.0997367 0.00863814 0.0311384 -0.00102616 0.0178355 0.0371569 0.239811 0.0151307 -0.00556781 0.0191891 0.0164128 0.00983082 0.0419028 0.00604272 0.0750865 0.0557883 0.0215423 0.0024924 0.0234674 0.103168 -0.0113697 -0.0143338 -0.00489923 -0.013606 -0.00610305 0.00608034 -0.0078493 -0.0166868,800,0,cuda,60.67,65.31
test,3471,wheaten_terrier_193,wheaten_terrier,dog,correct,wheaten_terrier,lime,35,0.999858,41,0.472298,0.854021,0.381724,0.485513,0.899228,0.455505,0.561836,,,0.00221664 0.0326174 0.0050908 -0.00403946 0.0689171 0.0134683 0.0392491 0.0076131 0.0637864 0.015464 0.140065 0.0644454 0.0428257 0.00365105 0.0674303 0.00838262 -0.0078301 0.0060429 0.0468409 0.025701 -0.0097832 0.0596563 0.0120629 0.0768402 0.210133 0.0103623 0.0294233 0.0427109 0.0685162 0.0230126 -0.0167763 0.0244404 0.0135894 0.0204043 0.00908522 -0.00648708 0.0210523 0.0125065 -0.0289941 -0.00505734 0.00348347,800,0,cuda,38.52,52.37
test,3164,shiba_inu_86,shiba_inu,dog,correct,shiba_inu,lime,31,0.999514,34,0.612863,0.965063,0.3522,0.188857,0.830553,0.40154,0.655307,,,-0.00114931 0.00107793 0.0164203 0.031961 0.0423498 0.00213701 0.0328722 0.00979816 0.0806384 0.0552151 0.130697 0.172821 0.0138307 0.0621501 0.119068 0.312674 0.0650275 0.0410345 0.215025 0.329545 -0.0481282 0.0287184 0.0947343 -0.0183123 0.01029 0.0210036 -0.00277961 -0.0311611 0.0216248 -0.00508549 -0.0123631 0.00674646 0.0382189 -0.0447981,800,0,cuda,115.53,127.61
test,2124,miniature_pinscher_49,miniature_pinscher,dog,wrong,chihuahua,lime,10,0.999076,34,0.656828,0.989835,0.333008,0.153047,0.816258,0.340068,0.70231,,,0.0558334 0.0554299 0.0863968 0.0530593 0.0580672 0.0160084 0.0207238 0.170981 0.0888816 0.352935 0.0865613 0.104022 0.036029 0.0108592 -0.0216511 0.236147 0.106066 0.0577986 0.0252393 0.200945 -0.0243194 -0.0122735 0.0189587 0.0274273 0.0169013 -0.0400092 0.0126601 0.129151 0.00565631 -0.00271282 0.026887 -0.0269901 -0.0604284 -0.00569393,800,0,cuda,49.49,52.24
test,2505,pug_30,pug,dog,correct,pug,lime,25,0.999972,48,0.749362,0.994324,0.244962,0.341261,0.860856,0.543719,0.671465,,,0.028049 0.0138988 0.0277217 0.0168108 0.0490258 0.0908643 0.133475 0.0593764 0.0676888 0.151848 0.149127 0.00939123 0.0414504 0.0923638 0.0406375 0.0235883 0.330641 0.0762723 0.0105347 0.0834884 0.0218789 0.0563773 0.046898 0.0271581 -0.0184106 0.00279695 0.00713137 0.0103276 -0.014817 -0.00124824 0.00184196 0.00914089 0.00130364 -0.0142627 0.00286625 0.000481327 -0.00714881 -0.0172088 0.00819009 0.0163201 -0.0288064 0.00192872 0.0142376 0.0150329 -0.0159769 -0.00631637 -0.0198517 0.0155587,800,0,cuda,65.13,66.44
test,1432,german_shorthaired_55,german_shorthaired,dog,correct,german_shorthaired,lime,14,0.996802,41,0.332151,0.875069,0.542918,0.188655,0.878264,0.285287,0.787279,,,-0.000298508 -0.0134934 0.0331378 -0.000931793 0.0271421 -0.0376158 -0.013063 0.0456738 0.0148533 -0.0089461 -0.00174066 0.0117251 0.0207834 0.00189416 0.44154 0.00281456 0.228064 -0.0108314 -0.0247499 -0.0226239 0.0310439 0.00638159 0.103783 0.23171 -0.00663984 0.0562839 0.0138946 0.0314827 0.0205765 0.0218127 0.0598455 0.0224086 0.0305583 0.103226 0.00281018 0.0389128 -0.00210233 0.0124372 0.00417307 -0.0102818 0.0132519,800,0,cuda,40.8,52.4
test,1371,english_setter_90,english_setter,dog,correct,english_setter,lime,13,0.994159,39,0.617088,0.966206,0.349118,0.186973,0.825632,0.120324,0.704249,,,0.0283539 0.00423441 0.000796003 0.00629133 0.00423382 0.00862774 0.00401479 0.0210443 0.286412 0.0323568 0.0123204 0.025164 -0.00690974 0.0225594 0.0724203 0.020764 0.394571 0.0240439 -0.0271695 0.0172907 0.00749099 0.0202348 0.0012538 0.110406 -0.00295988 0.0270039 0.00181349 0.106197 0.034384 -0.00532047 0.00180265 0.00613238 0.00044726 -0.0262363 0.00617748 -0.0272216 -0.000745571 0.0131936 -0.0215521,800,0,cuda,23.52,35.28
test,3169,shiba_inu_90,shiba_inu,dog,correct,shiba_inu,lime,31,0.986896,37,0.8693,0.790415,-0.078886,0.300948,0.826952,0.166176,0.554235,,,0.0649381 0.0355922 0.0982947 0.0716591 0.0284343 -0.0630324 0.0521237 -0.022489 0.0425812 -0.0209243 -0.0207272 -0.0145899 0.052277 0.0287917 0.0302191 0.0249105 0.00552378 -0.000140539 0.000537989 0.0800546 0.214785 0.267401 0.0784901 0.0985012 -0.0145006 0.00272974 0.00752791 -0.0230533 0.151064 0.0595146 0.0792181 0.00767427 -0.00777044 -0.0102907 0.0420326 0.00969651 -0.0174126,800,0,cuda,67.92,71.77
test,2858,saint_bernard_7,saint_bernard,dog,correct,saint_bernard,lime,28,0.997447,36,0.296656,0.893741,0.597085,0.080873,0.90125,0.063159,0.753113,,,0.0726853 -0.0192803 -0.00937435 0.0621549 -0.00776325 0.518887 -0.0109008 -0.00485263 0.158246 -0.0196013 0.105204 0.0704984 -0.0206369 0.0131467 -0.00105703 0.00630316 -0.0214817 0.0041998 0.3224 0.0244322 0.00289806 -0.0200883 0.0125237 0.00582841 -0.0129797 -0.00611822 0.0152626 0.00940694 0.00187172 -0.0287949 -0.0040841 -0.0215925 -0.00392259 0.0291226 -0.00547069 0.0101915,800,0,cuda,55.98,73.33
test,2085,miniature_pinscher_195,miniature_pinscher,dog,correct,miniature_pinscher,lime,10,0.59302,37,0.267757,0.957895,0.690137,0.017912,0.903295,0.28757,0.513168,,,-6.97228e-05 -0.0123435 -0.0391322 -0.0111691 0.00666309 -0.0271467 0.00129642 0.0382333 0.000860095 0.0650807 -0.0151643 0.00705718 0.00900881 0.164219 0.0415444 -0.00209704 0.161926 0.0146717 -0.00551851 0.111634 0.0170351 -0.101982 0.00311519 -0.00291956 -0.00108706 0.0117865 0.0128404 -0.00738996 -0.00822022 -0.0253391 -0.012667 0.0187838 -0.0178352 -0.0203809 -0.00308984 0.000204968 -0.0104641,800,0,cuda,43.26,56.56
test,711,Bombay_24,Bombay,cat,correct,Bombay,lime,7,0.999929,36,0.542949,0.966406,0.423458,0.586482,0.969483,0.154396,0.397726,,,-0.00208341 -0.00919031 0.0130812 0.00384296 -0.00469247 -0.00327589 0.0010496 0.0212535 -0.00184042 -0.000154343 0.0069156 0.0908657 0.012158 0.0470346 0.0110791 0.0235329 0.000978659 0.00472781 0.00371591 0.0239424 0.0116001 0.0110552 0.00609295 0.0112631 0.0150509 0.0289963 0.037144 0.00590435 0.0103897 0.00428573 0.0125305 -0.0073364 0.0215971 0.00475297 0.00188204 0.000911932,800,0,cuda,60.18,75.75
test,2928,samoyed_52,samoyed,dog,correct,samoyed,lime,29,0.996367,38,0.813098,0.940145,0.127047,0.190933,0.892015,0.523861,0.684024,,,0.0174974 0.0248965 0.00183717 0.0294554 0.227851 0.284611 0.0944947 0.346435 -0.0164469 0.0206719 0.167943 0.118485 0.0421806 0.0966852 0.0204363 0.00685133 0.00870807 -0.000559907 -0.0014796 0.0921664 -0.0281478 0.0149463 0.00112098 0.0012581 -0.00163932 0.0143426 0.0520462 -0.00729301 -0.00587486 -0.000188044 0.00214295 0.0280843 0.0106793 0.0269651 -0.00610081 0.0253025 -0.0198678 0.0216306,800,0,cuda,37.08,47.43
test,2258,newfoundland_7,newfoundland,dog,correct,newfoundland,lime,22,0.999928,42,0.553591,0.978593,0.425002,0.41929,0.886808,0.314752,0.567641,,,0.0265075 0.0362974 0.00496301 -0.00516453 -0.00196172 0.00376121 0.0493558 0.0254258 -0.0190844 0.0145832 0.00661988 0.0201652 0.0302821 0.00971329 0.00256175 0.0316265 0.243856 0.0225996 0.0505959 0.0460079 0.00212073 0.0833872 0.00773559 0.0348162 0.0478531 -0.0191072 0.0394485 0.00497092 0.00137507 0.0144676 0.168291 -0.00432255 -0.0175698 -0.00532726 0.00450244 -0.00295391 -0.0158645 -0.00832963 0.0117468 -0.0072008 -0.0143154 -0.0179509,800,0,cuda,46.39,47.74
test,1887,leonberger_197,leonberger,dog,correct,leonberger,lime,19,0.993716,37,0.345265,0.98228,0.637016,0.153618,0.779792,0.380105,0.749747,,,0.0203422 0.00068471 0.0377777 -0.03053 0.00211284 0.011675 0.00313436 0.0156118 0.109518 -0.00429453 0.11377 0.0808354 0.170782 0.0307586 0.293652 0.0580305 0.171074 -0.00767538 0.370304 -0.0203402 0.0593118 0.0297224 0.355073 0.0085324 0.0182527 0.00459267 -0.0137615 0.0378689 -0.00571451 -0.017796 0.0256207 -0.0119199 -0.028103 -0.00410794 -0.00429482 -0.000683548 0.00566777,800,0,cuda,61.48,67.77
test,564,Bengal_6,Bengal,cat,correct,Bengal,lime,5,0.988414,34,0.290557,0.741577,0.45102,0.194343,0.912362,0.205963,0.544521,,,-0.00465568 -0.0114047 -0.00710209 0.14692 -0.00454323 0.00899119 0.0388557 -0.021093 0.0523011 0.0086402 0.0100782 -0.0215733 0.0111591 0.126449 0.0112148 0.0173755 0.0245689 0.204865 -0.0197228 0.0478747 -0.0821305 0.0254563 0.200389 0.0254672 0.189141 0.0136678 0.0307477 -0.012437 0.100068 0.0221322 -0.0119509 0.0063627 0.0189703 -0.0339027,800,0,cuda,45.26,52.51
test,1248,english_cocker_spaniel_6,english_cocker_spaniel,dog,correct,english_cocker_spaniel,lime,12,0.999991,40,0.771146,0.996748,0.225603,0.146591,0.774041,0.397058,0.730539,,,0.0457122 0.0402231 -0.0160289 -0.00634636 0.0719989 0.0641745 0.00923947 0.0188698 -0.00519489 -0.0140676 -0.0138004 0.0452722 0.529172 0.0498533 0.0402659 -0.0210547 0.102142 0.00227949 0.153725 0.0281871 -0.0247281 0.115177 0.0337301 0.1349 0.127219 0.0552478 0.055064 0.0791371 0.029409 0.0512574 0.034679 -0.00614693 0.112536 -0.00808511 0.0464514 0.0554221 0.0158426 0.00629748 -0.00386926 0.00514167,800,0,cuda,77.36,84.42
test,44,Abyssinian_48,Abyssinian,cat,correct,Abyssinian,lime,0,0.996548,28,0.783522,0.698864,-0.084658,0.148498,0.751472,0.031333,0.539847,,,0.0300338 -0.122693 0.0682712 0.0366978 0.00703109 -0.0515382 -0.0348786 0.143319 0.0348406 0.0466349 -0.029039 0.0309314 -0.0440194 0.0181162 -0.0207064 -0.0608859 0.031633 0.127983 0.171493 0.216069 0.0283484 -0.00454947 0.076061 0.134239 0.131728 0.0222777 -0.0174146 0.0434915,800,0,cuda,66.14,68.83
test,3518,wheaten_terrier_54,wheaten_terrier,dog,correct,wheaten_terrier,lime,35,0.995182,37,0.380142,0.93808,0.557938,0.254826,0.892564,0.384707,0.62037,,,-0.0207607 0.0284536 0.0150869 0.0415931 0.00463954 0.0306605 0.0303515 -0.0427082 0.0252876 0.0235853 -0.00278729 -0.0134216 0.0129715 0.259926 0.0357106 0.0107997 0.00652478 0.0500403 0.00136411 0.012728 0.0724525 0.138699 0.00621497 0.0455555 0.0296232 0.0704048 0.247816 0.0109965 0.0103128 0.0357552 0.00439712 0.00442911 0.00192813 0.00812411 0.00500988 -0.015105 0.048966,800,0,cuda,50.77,51.99
test,3535,wheaten_terrier_6,wheaten_terrier,dog,correct,wheaten_terrier,lime,35,0.989875,38,0.268196,0.79876,0.530564,0.086211,0.913414,0.162512,0.798525,,,-0.0220212 0.00306593 0.0106719 -0.0151448 -0.0211796 -0.0130756 0.00307756 -0.0108533 -0.0435086 -0.00127828 -0.0657416 0.0299647 0.0337424 -0.0331836 -0.00653801 -0.0275224 0.232844 -0.000395916 0.00504197 0.0771826 0.0719032 0.416882 -0.00914877 0.0139899 -0.0177295 0.157412 0.00721434 0.0284294 0.37865 0.118146 0.00668853 0.0176628 0.00110328 0.0332661 -0.00350776 0.00824725 0.0113911 0.0138764,800,0,cuda,97.85,107.33
test,1171,Egyptian_Mau_90,Egyptian_Mau,cat,correct,Egyptian_Mau,lime,11,0.999967,34,0.662309,0.981183,0.318874,0.428952,0.957831,0.215576,0.393809,,,-0.00858876 -0.00944119 0.0247053 0.0449337 0.0209787 -0.00915325 0.00966946 -0.00510417 0.0396838 0.0192051 0.0109875 0.0412559 0.0452624 0.0308269 0.0271745 0.0253649 0.00487412 0.0126914 0.00933123 0.0752923 0.00684914 0.0131799 -0.00998052 -0.00630141 0.000218243 0.0395467 0.0871258 -0.00441714 0.0133515 0.00271026 0.0140949 0.0150062 0.0238651 -0.00277498,800,0,cuda,52.15,58.54
test,2074,Maine_Coon_94,Maine_Coon,cat,wrong,Abyssinian,lime,20,0.894865,35,0.257793,0.696267,0.438474,0.185272,0.937749,0.252756,0.834421,,,-7.20743e-05 0.0702284 -0.0665103 0.00857876 0.0019828 -0.0319353 0.00288015 0.0778753 0.1093 -0.00389818 -0.00260274 0.202855 0.00764979 0.003563 0.445979 -0.00469367 -0.00895908 0.0110576 0.0197461 0.116741 -0.0136505 -0.00348425 -0.013405 0.00231315 0.0216519 -0.055937 0.0141638 0.00812711 0.00699933 0.00663081 0.021093 -0.0130896 0.0398274 -0.00315005 -0.00823336,800,0,cuda,35.36,53.39
test,806,boxer_28,boxer,dog,correct,boxer,lime,8,0.999865,36,0.672333,0.995124,0.32279,0.367628,0.935125,0.233003,0.393629,,,-0.00482149 0.011508 -0.0116319 0.0203141 0.0191029 0.0113505 -0.00119716 0.0370188 0.109954 0.0266266 0.0768077 0.0142257 0.04363 0.0178941 0.11741 -0.0056854 -0.012726 0.0109533 0.0236108 0.011242 0.00729346 0.00740907 0.047433 0.0416091 0.0150433 0.0248454 -0.0125207 -0.010157 -0.0037197 0.000118151 0.0166196 -0.0115215 -0.00114698 0.000557783 -0.0038106 0.0100573,800,0,cuda,72.42,77.19
test,2112,miniature_pinscher_38,miniature_pinscher,dog,wrong,staffordshire_bull_terrier,lime,34,0.450694,36,0.346281,0.639893,0.293612,0.039175,0.342954,0.230263,0.482259,,,0.00330794 -0.00281862 0.00840645 0.00389992 -0.00429871 0.00991394 0.00168342 0.00305597 0.00902125 0.0184509 0.00672585 0.0222794 -0.00741135 -0.00155602 -0.00112472 0.0355306 -0.000942156 0.0676348 0.00596962 0.0235623 -0.00808147 0.012196 0.00224657 0.00153545 0.0303516 0.0159509 0.0290762 0.00974763 -0.0109569 0.0132603 0.0143602 0.0163632 -0.00290472 0.0126623 -0.00251712 0.0122446,800,0,cuda,51.98,54.48
test,3132,shiba_inu_57,shiba_inu,dog,correct,shiba_inu,lime,31,0.998512,38,0.421078,0.990473,0.569395,0.139087,0.947702,0.534378,0.676299,,,-0.00514015 -0.0293156 -0.0151581 0.0126804 0.00514612 0.0682949 0.0251026 0.00731432 0.0128095 -0.0393877 0.0784045 -0.000948522 0.0540672 -0.0152925 0.276194 0.292626 0.0143565 0.00625081 0.0915418 0.0141399 0.292546 0.0921584 0.00611274 0.0211868 0.112873 0.0105462 0.0351616 0.0371616 0.137379 0.0166582 0.00748669 0.00883291 -0.0011531 -0.0110227 0.0177608 0.00587405 0.0165081 0.0022786,800,0,cuda,44.67,56.75
test,2597,Ragdoll_254,Ragdoll,cat,correct,Ragdoll,lime,26,0.999584,31,0.727041,0.988863,0.261823,0.225496,0.744692,0.045194,0.700321,,,0.0433646 0.0271014 0.0245581 0.0260795 0.0401132 0.0370172 0.00833999 0.219206 0.0218278 0.0211697 8.71728e-05 0.0516918 -0.0119624 0.00191366 0.035239 0.00865684 0.0803218 0.027051 0.108995 0.0216565 0.286602 -0.00118263 -0.00599089 -0.00959101 0.382319 0.0319188 0.00466341 0.0392045 0.0131097 0.127764 -0.017439,800,0,cuda,44.19,45.47
test,3520,wheaten_terrier_56,wheaten_terrier,dog,correct,wheaten_terrier,lime,35,0.932601,46,0.144631,0.689621,0.54499,0.096219,0.862315,0.156178,0.629057,,,0.00203519 -0.00107972 -0.0312304 -0.00798172 -0.0118 0.0390627 0.000682116 -0.0134222 -0.0032975 -0.00379913 0.0390416 -0.00889317 -0.0223964 -0.0137743 0.22253 0.0324385 0.00149376 -0.00326999 0.155162 0.0107767 0.00539582 0.000157417 -0.0397729 0.0264467 0.154582 -0.000799384 0.00768144 0.228875 0.0656778 0.0594023 -0.0175092 -0.000328294 0.00613899 0.0573696 0.0485564 -0.00221082 -0.0128808 -0.00168546 0.00722318 0.00813639 0.00991919 -0.00898859 0.00575565 -0.00415231 0.000702574 -0.00209744,800,0,cuda,60.48,63.29
test,1945,leonberger_68,leonberger,dog,correct,leonberger,lime,19,0.999477,46,0.822086,0.98513,0.163043,0.449921,0.841672,0.074954,0.142087,,,-0.005689 0.00441888 0.00460122 0.00149097 0.00067405 -0.000613593 0.00175028 0.0105204 -0.000480074 0.0057663 -0.000754486 0.00871669 0.00985556 0.00158436 0.00726966 0.00296823 0.00187253 0.0124668 0.00626565 0.00848508 -0.000921802 0.00350123 -0.00258332 0.0126585 0.00188461 0.00552764 0.00109388 0.00813447 0.0130567 -0.00222927 0.00809442 0.00968038 -0.000243802 0.00735664 0.00558677 0.00895603 0.00580871 0.00415694 -0.00113827 0.0119315 -0.000658945 0.00123826 -0.00194964 -0.00466981 0.00371112 -0.00393917,800,0,cuda,58.41,61.49
test,425,beagle_34,beagle,dog,correct,beagle,lime,4,0.999706,34,0.507354,0.984595,0.47724,0.22267,0.949129,0.346927,0.633978,,,0.000227703 -0.0176712 -0.00248131 0.0909383 -0.000900149 0.0440149 0.0212934 0.0963477 0.0107273 -0.0252957 0.00621971 0.0535042 -0.0301328 0.41088 0.00829134 -0.00580352 0.095077 0.0231262 0.137583 0.171994 0.0240828 0.0218694 -0.00163706 -0.0356765 0.0751403 0.0347778 0.00881999 -0.0140429 0.0342582 0.000177435 -0.0170876 0.00174184 0.00889989 -0.00191309,800,0,cuda,57.1,65.89
test,1535,great_pyrenees_58,great_pyrenees,dog,wrong,samoyed,lime,15,0.935623,34,0.595484,0.745507,0.150023,0.156579,0.680964,0.103395,0.52626,,,-0.0164193 -0.0455817 -0.0416473 -0.00597963 0.0564414 -0.010418 0.00863912 0.0441322 0.0742625 0.0382829 0.0403098 0.0264177 0.0233651 0.124277 0.00844876 0.027392 -0.00240221 0.0378569 -0.144251 0.0157742 0.0971165 -0.0469115 0.0232528 -0.03537 0.0834656 0.0966798 0.019805 -0.00889012 0.18574 0.0253469 0.0419557 0.0115703 0.0374109 0.00609594,800,0,cuda,94.76,97.32
test,1632,havanese_55,havanese,dog,correct,havanese,lime,16,0.988371,42,0.509247,0.994026,0.484779,0.112441,0.814134,0.092651,0.677017,,,0.0606594 0.0780465 -0.00618719 0.0426342 0.0631248 0.0106323 0.0272308 -0.00403193 -0.0156816 0.0363061 0.00494293 0.233617 0.0425255 0.104508 -0.0163602 0.0111903 0.0163425 0.00480733 0.089857 -0.032555 0.203399 0.0366997 0.000137159 -0.00568317 -0.000994832 0.166754 0.0877634 0.00276515 0.0420957 0.043907 0.00390914 0.00802335 0.0106626 0.0125204 0.0593443 0.108962 0.042425 0.0352823 -0.00115849 0.0258846 0.0398277 -0.00637279,800,0,cuda,64.52,66.07
test,3447,staffordshire_bull_terrier_80,staffordshire_bull_terrier,dog,correct,staffordshire_bull_terrier,lime,34,0.939605,43,0.335619,0.833773,0.498155,0.092968,0.676111,0.322845,0.802815,,,0.000945584 0.0169285 0.00626043 0.0103301 0.00240169 -0.00688008 0.0435068 0.0885069 0.0156122 0.0451336 0.0816541 0.0224865 -0.00364282 0.0311516 0.0165614 0.128038 0.0599625 0.0415634 0.00347098 0.510708 0.0364274 0.0145391 0.295195 0.0122417 0.105868 0.00241773 -0.00830487 0.0616422 0.00803286 -0.0472758 -0.00722303 0.0449205 0.00344085 0.0047928 0.00721881 -0.00579558 0.00655309 0.00333642 0.00218053 0.02154 0.0118533 -0.0153345 0.00818619,800,0,cuda,72.94,80.9
test,2278,newfoundland_98,newfoundland,dog,correct,newfoundland,lime,22,0.999867,35,0.388652,0.893438,0.504787,0.290458,0.890975,0.430013,0.682271,,,0.0297138 -0.00919119 0.0082596 0.105805 -0.010391 0.0347027 0.00314703 0.0524696 0.0228061 0.0621719 0.379542 -0.00933982 0.0789731 0.0561338 0.0605586 0.000587812 0.0653626 0.0418099 0.0351693 -0.0201603 0.0521596 -0.00563541 0.02206 0.02154 0.0603084 0.0025195 0.0318197 -0.00638409 0.00739866 0.0206913 0.0838023 0.0161773 0.0162864 0.00887911 -0.0111171,800,0,cuda,65.06,69.76
test,600,Birman_193,Birman,cat,correct,Birman,lime,6,0.993025,30,0.480309,0.713505,0.233196,0.099278,0.887066,0.221883,0.78294,,,0.00193571 -0.00531628 -0.0187121 -0.00904924 -0.00527327 0.0685348 -0.00933456 0.00185732 0.00327054 0.521606 -0.0132147 0.0658741 0.0977289 0.235307 -0.0461878 0.129741 0.0282139 0.0271591 0.0298945 0.00847342 0.228435 0.0244276 0.0256715 -0.000802391 -0.0272333 -0.0203912 0.0179008 -0.00886244 0.0120236 -0.0447525,800,0,cuda,34.78,50.71
test,2869,saint_bernard_8,saint_bernard,dog,correct,saint_bernard,lime,28,0.973368,37,0.522122,0.989826,0.467704,0.073299,0.741707,0.347307,0.623073,,,-0.0353467 0.0354292 0.0365908 -0.014787 0.000341158 -0.0170847 0.0135153 0.0247881 0.120621 0.0389613 0.0215166 0.33604 0.0886543 0.0428854 -0.0171391 0.027198 0.028765 0.0411043 0.00902752 -0.00813551 0.0575167 -0.0108388 -0.0166684 -0.00358306 0.025375 0.0268203 0.00679147 0.050242 -0.0406969 0.00906565 -0.00357149 0.00525069 0.0191757 0.00904531 -0.00952368 -0.00936667 -0.0131007,800,0,cuda,60.08,61.3
test,1888,leonberger_198,leonberger,dog,correct,leonberger,lime,19,0.998461,44,0.475327,0.992149,0.516822,0.059146,0.934281,0.050093,0.75057,,,-0.00211639 0.00351462 0.00729172 0.0294405 0.0371882 0.00177 0.00488926 0.0161836 -0.0189057 0.0202375 -0.00111874 0.00582936 0.0371203 -0.00314117 -0.00280168 0.00515397 0.0831671 -0.000256146 0.0375082 -0.0261338 -0.00620802 0.00409521 0.0263351 0.0078555 0.0483947 0.0101425 -0.0146924 -0.0130901 0.207266 0.12404 0.0249671 -0.0182856 0.0178214 0.0420518 -0.000519713 0.565729 0.0194853 0.0040859 0.185074 0.00858158 0.000506344 -0.0271166 0.0298613 -0.000230868,800,0,cuda,68.25,76.88
test,1038,chihuahua_58,chihuahua,dog,wrong,shiba_inu,lime,10,0.880436,37,0.129684,0.610488,0.480804,0.046842,0.709666,0.530435,0.512044,,,0.000113973 -0.0028779 0.00220014 -0.0166416 -0.00319792 -0.00159152 0.00886438 0.0158984 0.00132876 0.0738993 0.0117161 0.00347854 -0.00312522 0.00484469 0.064718 0.0154195 -0.00701557 -0.00230985 0.00162151 0.0933957 -0.00186787 0.0564405 -0.0101872 0.0338257 0.00135605 0.131939 0.00176418 -0.00202082 0.0163838 0.000640365 -0.00817402 -0.00319442 0.00886323 0.00718003 0.0114302 0.0135629 0.0165147,800,0,cuda,40.71,46.79
test,783,Bombay_97,Bombay,cat,correct,Bombay,lime,7,0.994878,36,0.581234,0.689081,0.107847,0.383041,0.866083,0.287098,0.660198,,,0.0212852 0.0363838 -0.00428623 -0.00737639 0.077212 0.102786 0.114047 0.0992102 0.0305131 0.0174005 0.0639329 0.0154596 0.0192219 0.0232004 0.00638286 0.0209749 0.183413 -0.0161781 0.0076378 0.0475964 0.00726633 -3.09143e-05 0.0119451 0.0363523 0.00884591 0.00100891 0.0525501 -0.0127437 -0.0225813 -0.000663724 0.0549122 -0.0168977 0.000990235 0.0172792 -0.00788818 -0.0133038,800,0,cuda,54.1,56.57
test,3345,Sphynx_58,Sphynx,cat,wrong,Russian_Blue,lime,33,0.998804,28,0.373047,0.788008,0.414961,0.175889,0.848135,0.383987,0.862476,,,0.100138 0.427914 0.000186804 0.0219888 0.0278098 0.0262619 0.0628959 0.0788088 0.00297134 0.0831611 0.0176199 0.120874 0.159635 1.11238e-05 0.0861443 0.0178965 0.354474 0.103231 -0.0125465 0.000766345 0.0339517 0.0725195 -0.00459208 -0.0429234 -0.0101158 0.00963634 -0.00280989 0.0256416,800,0,cuda,34.53,35.92
test,1129,Egyptian_Mau_47,Egyptian_Mau,cat,correct,Egyptian_Mau,lime,5,0.863055,40,0.777742,0.914292,0.13655,0.169719,0.931526,0.154952,0.643099,,,0.044827 0.023582 -0.00423851 -0.0158841 0.0173939 0.0318571 -0.0121987 0.0138598 0.0339789 0.025145 0.0734126 0.0246902 0.314075 0.0229809 -0.0364667 0.0387701 0.0416978 -0.0202101 0.0572437 0.008032 0.170887 0.00849217 0.0132343 0.0189536 0.111127 -0.0488908 -0.00272769 0.0334606 0.00918312 -0.000786347 -0.0242967 -0.0179868 -0.00865467 0.0203269 -0.0350038 0.00878879 0.0104353 -0.00851549 0.00858188 0.0221011,800,0,cuda,47.25,54.72
test,778,Bombay_91,Bombay,cat,correct,Bombay,lime,7,0.999992,33,0.731944,0.993854,0.26191,0.580182,0.936671,0.056559,0.192307,,,0.00184147 0.00241824 0.0106521 0.00349605 -0.0055165 0.0120214 0.00576493 0.00644851 0.00401125 -0.000695427 0.00484925 0.000276399 0.0142905 0.000368448 -0.00260768 0.00149208 0.00296747 0.00741498 -0.00190968 0.00292347 0.0172763 0.0179985 -0.00330529 -0.000404403 0.015139 -0.000494845 0.00167972 0.0100429 0.000340031 0.0139171 0.00375986 -0.00327295 -0.000919578,800,0,cuda,51.09,52.25
test,984,British_Shorthair_9,British_Shorthair,cat,wrong,Abyssinian,lime,0,0.590285,40,0.536412,0.985094,0.448682,0.355359,0.739634,0.843719,0.518281,,,0.0407385 -0.0132046 0.0217785 -0.00787301 0.0154473 0.00256735 0.054104 0.0625215 0.0160918 0.00898095 -0.0158089 -0.0446954 -0.004986 -0.021305 -0.0126559 0.00731736 0.0412036 0.0535715 0.110601 0.0101461 0.031796 0.163782 0.0182052 -0.0048339 0.125877 0.00898551 0.0438544 0.0593898 0.101911 0.0941926 0.0865236 -0.000846978 0.0716892 0.0484928 0.048168 0.0252178 0.0700128 0.0313936 0.0780913 0.0402784,800,0,cuda,55.81,56.39
test,3608,yorkshire_terrier_45,yorkshire_terrier,dog,correct,yorkshire_terrier,lime,36,0.999231,40,0.922692,1.0,0.077308,0.336986,0.907531,0.603984,0.510087,,,-0.0203859 0.0745481 0.0270326 0.0292123 0.0331295 -0.00138003 0.0560596 0.0619316 0.0262372 0.0172419 0.0107817 -0.0404483 0.0613341 0.074059 -0.0148345 0.0197887 0.0629644 0.0348555 0.06571 0.0942045 0.157863 0.0748025 0.121393 0.239816 0.00178332 0.00552417 0.00273536 0.0121156 0.0290429 -0.0240218 0.0962053 0.141107 -0.0171499 0.00972727 0.00611397 0.0462747 0.0116227 0.0312182 -0.0150644 0.006328,800,0,cuda,23.05,35.82
test,1927,leonberger_51,leonberger,dog,wrong,newfoundland,lime,19,0.915734,38,0.879484,0.99629,0.116806,0.099195,0.865973,0.172758,0.590215,,,0.0371153 -0.0201574 -0.0284412 0.178085 0.0175474 -0.0315796 0.0173647 0.0797399 -0.0203724 0.0172522 0.0796173 -0.179125 -0.203596 0.0154036 -0.0138865 0.00757611 0.0581125 -0.00435121 -0.00236108 0.072582 0.00184489 0.0856481 0.00453836 0.045056 0.0999174 0.0249908 0.0317565 0.0688047 0.0610098 -0.00980898 0.037344 -0.000313397 0.0770525 0.167903 -0.0411225 -0.029439 0.142142 -0.0123296,800,0,cuda,46.09,56.17
test,745,Bombay_5,Bombay,cat,correct,Bombay,lime,7,0.999997,27,0.451929,0.987269,0.53534,0.369637,0.954288,0.337046,0.544783,,,0.017635 0.046203 -0.00993969 0.000908937 0.027882 0.0249843 0.194172 0.00989004 0.0443939 0.0314483 -0.0230104 0.0208855 0.226686 0.0650608 0.0173296 0.0760878 0.00959683 0.0621466 0.043956 -0.0205633 0.0127121 0.0309093 -0.00899035 0.0364667 0.00512177 0.0131555 -0.00403599,800,0,cuda,43.48,57.02
test,3649,yorkshire_terrier_82,yorkshire_terrier,dog,correct,yorkshire_terrier,lime,36,0.999749,37,0.546257,0.859798,0.313541,0.16878,0.969247,0.209622,0.822267,,,0.018218 0.0194356 0.0144921 -0.0257131 0.602725 -0.0110534 0.00358825 -0.022717 0.0357046 -0.00859265 0.0242914 0.0349533 -0.00881793 0.0736861 0.131933 0.0865202 0.0285276 -0.00279726 -0.00290003 -0.038881 -0.0389138 0.0368153 -0.0187387 0.00327296 0.0533594 -0.00854517 -0.0173011 0.0106879 0.00236732 0.00741541 -0.0333507 0.0759861 0.0142343 0.014817 -0.00107809 0.00625018 0.0161822,800,0,cuda,47.3,64.72
test,1495,great_pyrenees_21,great_pyrenees,dog,correct,great_pyrenees,lime,15,0.991298,39,0.555485,0.985327,0.429842,0.286353,0.9028,0.446981,0.72841,,,0.00972961 -0.0082443 0.0156179 0.00973535 -0.0148842 -0.0422825 0.0443381 0.00788217 0.0550526 0.0505712 0.109197 0.0504304 0.00909435 0.238095 0.0534944 0.00650283 0.026267 0.0775716 0.0890662 0.0204754 0.0432255 0.128522 0.0703156 0.0499888 0.0236789 0.266605 0.0316755 0.0524874 0.0547946 -0.00147143 0.0250659 0.00314864 -0.0322627 -0.00580754 0.0298477 0.00230413 0.0187284 -0.00794689 0.0258402,800,0,cuda,40.1,66.11
test,1764,japanese_chin_84,japanese_chin,dog,correct,japanese_chin,lime,17,0.999919,34,0.672792,0.873744,0.200952,0.267619,0.862871,0.598115,0.649944,,,0.00839719 0.134542 0.0314337 0.205295 0.0039121 0.151019 0.2099 -0.00771026 0.0111064 0.158781 0.128943 0.223469 0.0320047 0.0733594 0.0315056 0.0461145 0.21258 -0.0248851 -0.0271311 0.0939098 0.0595986 0.00785813 -0.0386513 0.123277 -0.041096 0.0229209 -0.0201799 0.00910184 0.0772715 0.0179738 0.0644282 0.0185261 -0.0116741 -0.00179915,800,0,cuda,46.11,46.68
test,3292,Sphynx_233,Sphynx,cat,correct,Sphynx,lime,33,0.997672,32,0.392658,0.835068,0.442411,0.234944,0.901086,0.328109,0.78271,,,0.0647713 0.0998363 0.00443887 -0.0163658 0.0263534 -0.0009672 0.0238106 0.229731 0.194492 0.0253848 0.110811 0.0379725 0.00381923 0.260797 0.0392117 0.245852 0.0987792 0.00582598 -0.00747407 -0.0132427 0.00683677 0.0122451 -0.0227783 -0.0102301 0.00395352 -0.00555941 -0.00887077 -0.00140718 -0.019733 0.0010572 -0.00262273 -0.0175204,800,0,cuda,65.56,75.47
test,847,boxer_65,boxer,dog,correct,boxer,lime,1,0.883012,39,0.088489,0.358972,0.270483,0.06086,0.696588,0.042119,0.830537,,,0.00354449 0.00965978 0.00729728 -0.00381489 -0.00849393 0.00393547 0.00705062 -0.00277369 0.069803 0.0304983 0.00924957 0.0017022 -0.0013721 0.00444928 0.0271784 0.0827693 0.067826 0.0303996 0.00148129 0.0948364 0.0188158 0.462883 0.00813161 0.0386919 0.0630079 0.0027562 0.0203235 0.0517437 0.132757 0.00212995 0.0142502 0.0324685 -0.00536258 0.0043408 0.00551493 0.0178531 0.00303779 0.000658596 0.0051625,800,0,cuda,46.22,50.45
test,3342,Sphynx_55,Sphynx,cat,correct,Sphynx,lime,33,0.99995,30,0.595564,0.978626,0.383062,0.310386,0.890871,0.466283,0.712382,,,0.019925 0.0656441 0.0210783 0.00447992 0.0454395 0.103014 0.0484551 0.0362095 0.175017 0.32033 0.0447796 -0.0113923 0.190558 0.0405504 0.121661 0.0722406 0.0305117 0.0102089 0.0151571 0.0102139 0.0107835 0.0232137 0.000867138 0.0189672 0.0117997 -0.00422238 -0.000289353 -0.0181233 -0.0230091 0.0142072,800,0,cuda,50.65,51.14
test,3206,Siamese_25,Siamese,cat,correct,Siamese,lime,32,0.999162,32,0.734674,0.990771,0.256097,0.380231,0.797652,0.494285,0.563549,,,0.0134243 0.00331414 0.0336698 0.0272895 0.00941649 0.0605281 0.0862872 -0.00991272 0.165869 0.0510805 0.00242804 0.0323616 0.0792754 0.248894 0.0486789 -0.0157001 0.12767 0.122996 0.0233685 0.0299291 0.100966 0.00458381 0.0294296 0.0161156 0.0794907 0.0303266 0.00892666 0.0142984 0.0219748 0.0171484 0.0060355 0.000459697,800,0,cuda,44.57,51.93
test,2652,Ragdoll_74,Ragdoll,cat,correct,Ragdoll,lime,26,0.999007,25,0.601642,0.977582,0.37594,0.188602,0.84754,0.217019,0.772354,,,0.00809076 0.0198704 0.0355706 0.180109 0.0633025 0.0260512 0.00902296 0.328001 0.000648451 -0.0116096 0.207733 0.0178825 0.17893 0.0194962 -0.00978544 0.477944 0.0254378 -0.0195806 0.0478746 -0.0277536 -0.00250017 -0.0117012 0.019076 0.00147412 0.00507964,800,0,cuda,20.8,28.16
test,2655,Ragdoll_77,Ragdoll,cat,correct,Ragdoll,lime,26,0.833697,36,0.854114,0.944537,0.090423,0.108038,0.657743,0.233459,0.430155,,,0.0590943 0.0839121 0.00868568 0.0140672 0.0855682 0.00603441 0.0219099 -0.00119732 0.0778937 0.049859 0.108754 0.0154397 0.0378526 0.00538314 -0.0333197 -0.00527315 0.0595881 -0.00459452 0.0224975 0.0309842 0.020816 0.00392543 0.00212901 0.00185771 0.0489436 0.0232761 0.0514486 0.0149962 0.044458 0.00787765 0.0180879 0.0164568 -0.0141363 0.0158621 0.0277538 0.0257923,800,0,cuda,34.16,42.87
test,82,Abyssinian_86,Abyssinian,cat,correct,Abyssinian,lime,0,0.791107,40,0.570432,0.677265,0.106833,0.165706,0.822918,0.127378,0.614354,,,0.096549 0.0361931 0.0298891 0.0707208 0.20175 0.031859 -0.00964595 0.040575 0.0225676 0.0913968 0.209979 -0.0869635 0.186805 0.0387272 -0.00604614 0.00956988 0.0764569 -0.00663896 0.062337 -0.0477095 0.0129904 0.0623516 -0.0318471 -0.0380738 0.000596509 0.00788896 -0.0175674 0.0165689 0.0353287 0.0164473 0.00306411 -0.021474 -0.00316198 0.00922971 -0.0189329 0.0184503 0.00393923 0.0187691 0.0274013 0.00509275,800,0,cuda,32.76,33.37
test,746,Bombay_60,Bombay,cat,correct,Bombay,lime,7,0.817082,36,0.575634,0.988513,0.41288,0.064858,0.882471,0.129678,0.783945,,,-0.0390789 -0.0406391 -0.00805287 -0.0307645 -0.0204378 0.0199302 0.112061 -0.0238425 0.0181684 0.00306552 0.0103543 -0.0243749 0.0202674 0.296635 0.161655 -0.0427313 0.137487 -0.100382 -0.0275946 -0.00983592 0.0135799 0.245532 0.0752554 0.00269077 0.00621069 0.0206017 -0.0287078 -0.00507496 -0.0342946 0.00933312 0.0201862 -0.0101422 -0.0177086 -0.0218303 0.0129011 0.00648731,800,0,cuda,71.76,81.82
test,2866,saint_bernard_87,saint_bernard,dog,correct,saint_bernard,lime,28,0.999534,46,0.636679,0.953478,0.3168,0.430325,0.954837,0.373528,0.520255,,,0.0139666 0.00164768 -0.00502351 -0.00151584 0.0276953 0.0244803 -0.0128251 0.0123829 0.116283 0.0917332 0.0479766 0.0483245 0.00816055 -0.00380676 0.225778 0.0562687 -0.00108354 0.0173186 -0.00951752 0.0740384 0.0362422 0.00406155 0.201369 -0.0064281 -0.014423 0.0128724 0.00517647 0.064715 0.0225394 0.00284161 0.00888604 -0.0107353 -0.000255716 0.0180479 -0.0142823 0.0162403 -0.0193214 -0.00252407 0.00588122 0.0234749 -0.0256529 0.0201131 0.00501596 -0.0141384 0.00936836 -0.00312381,800,0,cuda,45.34,54.76
test,1137,Egyptian_Mau_54,Egyptian_Mau,cat,correct,Egyptian_Mau,lime,11,0.887928,40,0.258988,0.648803,0.389815,0.05199,0.860717,0.279096,0.705311,,,-0.0621053 -0.000380487 -0.0463225 -0.016465 -0.00930253 -0.00921828 -0.0204073 -0.045036 -0.00364621 -0.0209878 -0.0108361 -0.00813809 -0.104072 0.00890845 0.00649521 0.19896 0.0594365 -0.011329 -0.021121 0.013704 0.139789 0.0605223 -0.00392363 0.285308 0.162135 -0.0221509 -0.0322325 0.00934323 -0.00500666 -0.00347346 -0.0225116 0.0163586 0.0426231 -0.00617444 0.014366 -0.00270201 0.0297566 0.00336912 0.0189152 -0.0112676,800,0,cuda,61.25,69.52
test,995,chihuahua_1,chihuahua,dog,correct,chihuahua,lime,10,0.983801,33,0.298609,0.487047,0.188438,0.034724,0.810122,0.378845,0.611884,,,-0.00533669 -0.0178994 0.00114138 0.00932949 -0.00303579 -0.0124182 0.0941835 0.0248546 0.0339677 0.0516468 0.281531 0.0473115 0.0016794 0.113462 0.188639 0.0707329 0.0710108 0.0270331 -0.0146046 0.0535836 -0.0191007 -0.0472947 -0.020579 0.00283151 -0.028933 -0.0265645 -0.0160365 0.0167623 0.0216318 0.00484187 0.00569046 0.00566024 -0.0141403,800,0,cuda,72.25,91.78
test,2049,Maine_Coon_67,Maine_Coon,cat,correct,Maine_Coon,lime,20,0.999116,38,0.30122,0.698607,0.397387,0.350925,0.954061,0.172089,0.54934,,,0.01015 0.00173985 0.00390766 0.0144839 0.048062 -0.0192689 0.0168746 0.0021152 0.000285226 0.0292588 -0.0133306 -0.0069128 0.237682 0.0166951 0.0230475 -0.0010513 0.0218826 -0.00656828 -0.00103495 0.0408056 0.146545 0.1034 -0.00346112 -0.000293678 0.0143331 -0.00435691 -0.00844229 -0.00856853 0.0110508 -0.0101252 -0.00392319 -0.0289229 0.0109515 -0.00715924 0.000458661 -0.0146613 -0.00708783 0.00984477,800,0,cuda,48.18,52.37
test,141,american_bulldog_47,american_bulldog,dog,correct,american_bulldog,lime,1,0.999715,44,0.467893,0.990411,0.522518,0.218889,0.904517,0.646172,0.737152,,,0.0588989 0.0533747 0.00714902 -0.0169299 0.00710391 0.000408923 0.0072982 0.130493 -0.0210065 0.19929 0.177997 -0.0149327 -0.00730431 0.0133115 0.259284 0.0630828 0.014739 0.202309 0.000410383 -0.0118339 -0.00954294 0.286075 0.158424 -0.0140076 0.118081 0.0227201 0.196054 0.0106456 0.0599268 0.0397109 -0.00165949 -0.026742 0.0278108 0.0638614 -0.0225191 0.00173965 0.0208963 -0.0077617 0.00449578 0.00479709 0.0250136 0.00746386 0.0112983 0.0245134,800,0,cuda,83.98,88.3
test,862,boxer_79,boxer,dog,correct,boxer,lime,8,0.619007,38,0.239915,0.699295,0.459379,0.075872,0.787646,0.484237,0.79484,,,0.033808 -0.00793533 -0.0190068 0.122414 0.43717 0.00188603 0.0159573 0.014564 -0.0129045 0.215113 -0.0253953 0.00678338 -0.0148951 0.227071 -0.000642853 0.0342639 -0.0211501 0.039501 -0.00333926 0.0984486 -0.00423816 0.0171186 -0.0178979 0.0353733 0.00906566 -0.00993597 -0.0119661 0.0048124 -0.0100776 -0.00535344 0.0223735 -0.00163747 0.0448042 0.0261013 0.0210166 0.0132319 0.0149863 0.0152881,800,0,cuda,56.55,61.16
test,2491,pug_201,pug,dog,correct,pug,lime,25,0.986302,37,0.240573,0.801843,0.56127,0.045674,0.949061,0.00282,0.992707,,,0.00426511 0.00147871 0.0111238 0.00430009 0.0127278 -0.0217508 0.0118418 0.00250824 -0.0140018 -0.00514523 -0.0114949 0.874277 0.00148559 0.0280113 0.0113149 -0.00168753 0.000885955 -0.00631376 0.00821245 -0.00911003 -0.0205153 0.0090446 0.00193216 0.00674588 -0.00765424 0.0022112 0.00432243 0.00830594 0.0050359 0.0146306 0.0203742 0.00154935 0.00339776 -0.00382181 0.00782141 0.00138147 0.00583071,800,0,cuda,60.21,62.83
test,1254,english_cocker_spaniel_75,english_cocker_spaniel,dog,correct,english_cocker_spaniel,lime,12,0.999946,42,0.571169,0.971783,0.400613,0.299327,0.884126,0.608376,0.627131,,,-0.0159595 0.0170557 0.00198529 0.0337864 0.00563392 -0.0204279 0.0949734 0.092169 0.184237 0.0401443 0.0717602 0.0959421 0.0607866 0.104287 0.149793 -0.00513218 0.27076 0.0381439 -0.0235598 -0.0306994 0.0672428 0.128223 0.256623 -0.00576547 0.0499564 0.0934491 0.0531917 -0.00277057 0.0395918 -0.0159902 0.0184526 0.0497071 -0.0137791 -0.0230255 -0.0110863 0.00875313 -0.0211785 -0.00439127 -0.00875812 -0.00194078 0.0118935 0.0393317,800,0,cuda,52.14,53.17
test,1357,english_setter_78,english_setter,dog,correct,english_setter,lime,13,0.997364,48,0.402702,0.976347,0.573644,0.102501,0.887952,0.352071,0.738218,,,0.0332615 0.0318988 0.00218222 0.0431718 0.034799 0.029136 -0.00164096 0.268791 0.0168907 0.00909783 0.0922456 0.0956993 0.411598 0.0239361 -0.0152818 0.011537 0.0246214 -0.0125784 0.0237527 -0.00476527 0.0525191 0.0516246 -0.00706128 -0.00499371 0.00328171 -0.0104755 0.0915202 0.249909 0.0158805 0.0377633 0.105852 -0.00106216 0.0987164 0.000405334 -0.0163069 0.0056728 0.00520253 -0.013658 0.0141113 0.0152283 -0.0182386 0.0106857 0.0184574 -0.0081794 -0.0141671 0.032689 -0.00621206 -0.0289203,800,0,cuda,51.47,69.33
test,507,Bengal_1,Bengal,cat,correct,Bengal,lime,5,0.991618,31,0.422413,0.835573,0.41316,0.717686,0.915358,0.061557,0.264052,,,0.00840391 0.0200941 0.00539622 0.00449448 0.0147132 0.00123594 0.0206583 0.00245807 0.00697229 -0.000816816 0.0134198 -0.000372098 0.00266898 -0.00191256 0.00840016 0.000744895 -0.000838603 0.00176036 -0.00214923 0.00331831 0.00196203 0.00151672 0.00337189 0.0029503 0.00350088 0.0116826 0.00198276 0.00853305 0.000149858 0.00729671 0.00159165,800,0,cuda,41.19,50.07
test,2747,Russian_Blue_68,Russian_Blue,cat,correct,Russian_Blue,lime,27,0.999637,29,0.596361,0.990299,0.393938,0.336197,0.883844,0.408674,0.734626,,,0.0445066 0.00759975 0.0123036 0.0141569 -0.00365617 0.0178651 -0.0256171 -0.00911322 -0.00785201 0.0757882 0.0457821 0.341255 0.105174 0.0567085 0.0233806 0.0629271 0.0550077 0.0233693 0.00491161 0.017919 0.0290592 0.419576 -0.0153188 0.0582641 0.0193427 0.0842397 0.00489374 0.0304632 0.00122243,800,0,cuda,40.19,48.82
test,1979,leonberger_99,leonberger,dog,correct,leonberger,lime,19,0.998812,35,0.311464,0.492969,0.181505,0.084971,0.934499,0.171387,0.768774,,,0.0122538 -0.0123159 0.011294 -0.0216267 0.384006 0.0532564 0.00671694 -0.00274028 0.025219 -0.0128328 -0.0167383 0.0180845 0.0298886 -0.106779 0.508564 -0.0111806 0.00198103 0.0304676 0.0315008 0.0465952 0.0630718 -0.0136916 0.00480992 0.0286518 0.0731483 0.0302382 -0.00770436 0.0161477 0.14764 0.057122 0.0417947 0.0559369 0.0824902 -0.00707132 0.0146128,800,0,cuda,53.35,62.28
test,1547,great_pyrenees_69,great_pyrenees,dog,correct,great_pyrenees,lime,15,0.995826,36,0.447425,0.608617,0.161192,0.234142,0.915934,0.330049,0.844956,,,-0.0414153 0.052022 0.0761712 0.0210954 0.047075 0.0717946 -0.00971348 0.14568 -0.00854862 0.0516677 0.467729 0.00552213 0.00173552 0.0430486 -0.0103099 0.178816 -0.0315713 0.030325 0.00115539 0.0444875 9.93213e-05 0.0169394 0.00286543 0.0613734 0.0293666 0.065191 0.0176541 0.0096259 -0.0037987 -0.00295991 -0.0023491 -0.0119856 0.00135554 -0.0103977 0.0151381 -0.0155102,800,0,cuda,38.44,40.57
test,121,american_bulldog_29,american_bulldog,dog,correct,american_bulldog,lime,1,0.998892,38,0.547911,0.957132,0.40922,0.209978,0.852924,0.602311,0.735079,,,0.152825 0.0145398 0.0214158 0.354435 0.0917232 0.053235 -0.0227319 0.00477665 0.0839454 0.00330414 0.140373 0.132082 -0.0150366 0.0571202 0.0292216 0.000649382 0.201824 0.0677862 0.0123092 -0.0194588 0.0229261 0.143294 0.115628 0.0418322 0.0457907 -0.0110958 -0.00586066 0.0157325 0.088817 -0.00608479 0.0122945 0.0460504 -0.0150699 -0.00156945 -0.00412938 -0.0141644 0.0122008 -0.00457259,800,0,cuda,58.65,60.74
test,2475,pomeranian_95,pomeranian,dog,correct,pomeranian,lime,24,0.999257,27,0.645468,0.897415,0.251947,0.175418,0.876459,0.39232,0.740544,,,-0.0219887 -0.0347479 -0.000827926 -0.000131147 -0.0180199 0.00364679 0.0262224 0.0600635 0.245088 0.545502 0.0114679 0.10718 0.123032 0.0286273 0.30589 0.105625 -0.00709204 -0.00516744 0.113743 0.0412138 -0.0163632 0.0298365 0.0172636 0.0212819 -0.00154347 0.0690012 0.0168163,800,0,cuda,38.9,39.55
test,1362,english_setter_82,english_setter,dog,correct,english_setter,lime,13,0.999401,40,0.339465,0.5836,0.244135,0.256726,0.941007,0.485967,0.617913,,,-0.0325765 0.0136129 0.00745924 0.06629 0.00809957 0.0270925 -0.0263523 0.0274549 0.0120542 0.0295203 0.228942 0.0666195 0.0201927 0.0511027 0.000204681 0.0735541 0.0371353 0.0423134 0.0326514 0.0759437 0.384152 0.102903 0.0397961 0.0685619 0.0943298 0.0463817 0.00113605 0.0145842 0.0190677 -0.00962186 -3.34192e-05 -0.0283417 0.0241978 -0.0155178 -0.000858841 -0.012996 -0.000782474 -0.00604694 0.0159654 0.00309085,800,0,cuda,41.43,49.65
test,3607,yorkshire_terrier_44,yorkshire_terrier,dog,correct,yorkshire_terrier,lime,36,0.999207,39,0.336436,0.619923,0.283487,0.181452,0.94812,0.327659,0.740821,,,0.0844157 0.0846513 0.144994 -0.0240445 0.0106798 0.0242851 0.0148825 0.0648594 0.18598 -0.0136536 0.176035 -0.0160065 0.0891797 0.00930451 -0.0237893 0.0668225 0.0255267 -0.000522783 0.0131619 0.461834 -0.0226197 -0.0230716 -0.0172737 -0.0132637 -0.0128561 0.000559572 0.0173039 -0.00595862 0.0274398 -0.0038932 -0.0199371 0.00599453 0.00439493 -0.0340197 0.00153987 0.00793687 0.0216651 -0.0257061 0.0208848,800,0,cuda,75.35,76.09
test,3170,shiba_inu_91,shiba_inu,dog,correct,shiba_inu,lime,31,0.999565,24,0.199039,0.618489,0.41945,0.183398,0.857359,0.261603,0.643185,,,-0.000456579 0.00469627 -0.0175416 -0.020909 0.00525665 0.320323 -0.0663169 0.2459 0.291513 0.137132 0.0217304 0.0154216 -0.0280967 0.117526 0.022651 0.263005 0.00160387 0.0461789 0.00437716 0.0055943 -0.0225732 -0.0289939 -0.00747124 0.0028945,800,0,cuda,60.58,63.49
test,1773,japanese_chin_92,japanese_chin,dog,correct,japanese_chin,lime,17,0.995772,37,0.270548,0.893736,0.623188,0.206684,0.97032,0.202108,0.473836,,,-0.0102388 0.0033617 0.00936761 0.00242191 0.000809764 -0.0111632 0.00428489 0.108637 0.00056389 -0.0108164 0.0153265 -0.00905859 0.185482 -0.00337356 -0.0186493 0.0330774 0.0225253 -0.000463351 0.000564286 0.0456749 0.00414563 0.025366 0.00851523 0.0983157 0.0115954 0.109324 0.0160891 0.0058771 -0.0127419 0.00703349 0.0089708 -0.0352379 0.0102244 -0.0109482 -0.00228654 0.0117238 -0.00289707,800,0,cuda,58.22,70.38
test,206,american_pit_bull_terrier_199,american_pit_bull_terrier,dog,correct,american_pit_bull_terrier,lime,2,0.990943,44,0.627989,0.997431,0.369441,0.129233,0.840984,0.5299,0.726414,,,0.058939 0.0730412 0.0935272 0.0655189 0.0203343 0.0850065 0.017785 0.0934122 0.0363382 0.204425 -0.0327264 0.00313708 0.241586 0.402333 0.00148524 0.266711 0.0519212 0.0197049 -0.00346187 0.0262388 0.0351776 0.0537322 -0.0149047 0.134001 0.00297043 0.00833267 0.00154073 0.000725075 0.0166757 -0.028554 0.0382188 0.0523185 -0.00400257 -0.00788222 -0.0219204 0.0158753 0.0228495 -0.0017241 -0.00978772 0.0106161 -0.0279365 -0.0164155 -0.00234624 -0.00930261,800,0,cuda,23.07,25.3
test,1270,english_cocker_spaniel_8,english_cocker_spaniel,dog,correct,english_cocker_spaniel,lime,12,0.998707,44,0.682418,0.899794,0.217376,0.225866,0.578967,0.599478,0.477133,,,0.00570728 0.0651369 0.0104265 0.0948872 0.00720186 0.00867948 0.0231765 0.0358772 0.0242004 0.0254622 0.011831 0.00202246 0.00282286 0.0390882 0.0096239 0.00877372 0.0840547 0.0469424 0.0103412 0.00680049 0.0116314 -0.00918838 0.0239693 -0.00753496 0.00859171 0.0156995 0.00338662 -0.000865121 0.000785179 0.00589628 0.0198991 0.0192494 -0.00411401 -0.0122541 0.0101341 0.0124612 0.0129158 0.00934848 0.010258 -0.00624879 0.00965442 0.0111957 0.0176143 0.0056493,800,0,cuda,57.16,57.96
test,1529,great_pyrenees_52,great_pyrenees,dog,correct,great_pyrenees,lime,15,0.978648,31,0.691805,0.987923,0.296118,0.12446,0.808971,0.100207,0.76761,,,0.0118395 0.00230417 0.0778772 0.0837737 0.0122043 0.0657845 -0.00981718 -0.000137249 0.0119148 0.129241 0.395507 -0.112472 -0.0327051 0.0134947 0.271897 0.0267948 -0.00369023 -0.0411253 0.137853 0.107537 0.10518 0.0343647 0.062218 0.0338002 0.0138378 0.00396807 0.0214422 -0.0217313 -0.00226273 0.0267962 -0.0118802,800,0,cuda,56.73,57.82
test,1366,english_setter_86,english_setter,dog,correct,english_setter,lime,13,0.998498,36,0.495596,0.805841,0.310245,0.390408,0.885157,0.333516,0.539841,,,0.00492083 -0.0080073 -0.0159568 0.12228 0.0293085 -0.00525698 0.0383072 0.0836964 0.0117467 0.0164079 0.0436894 0.02061 0.0469012 0.00673649 0.0184236 0.0246109 -0.0079488 0.102492 0.100867 0.050876 0.0227951 0.00560299 0.00237745 0.0272665 0.0789386 0.0180596 0.02469 0.0259255 -0.00562354 0.00744947 0.0195176 0.00397696 0.00991834 -0.0133555 -0.00569273 0.0128457,800,0,cuda,81.07,99.37
test,1533,great_pyrenees_56,great_pyrenees,dog,correct,great_pyrenees,lime,15,0.995656,35,0.522939,0.98778,0.46484,0.149888,0.924037,0.463545,0.78111,,,-0.0145598 0.0525943 0.0193644 -0.00314031 0.014584 0.00645968 0.0197165 -0.00343549 0.487553 0.0872771 0.013555 0.0044972 0.0474907 0.00957121 0.151727 0.200387 0.193826 -0.00871961 0.0968657 -0.00301003 0.108293 0.0893664 -0.0235296 0.0822988 0.0790114 -0.00370864 0.0623635 -0.0254644 0.000928188 0.0154089 0.0111799 -0.0263791 0.00115124 -0.0225964 0.0274565,800,0,cuda,32.0,34.7
test,269,american_pit_bull_terrier_72,american_pit_bull_terrier,dog,correct,american_pit_bull_terrier,lime,1,0.506531,40,0.191307,0.821887,0.63058,0.009215,0.540476,0.25708,0.513875,,,0.013601 -0.00282204 0.00632199 0.0115286 -0.004932 0.00314366 0.019309 -0.0111344 0.0501392 0.00231891 0.00119199 0.0693899 0.0984939 0.0359689 -0.0020422 -0.0106894 0.00142342 -0.00859076 0.0154938 0.0147998 0.0331318 -0.000987459 0.0137545 -0.0074963 0.0281501 0.00598632 0.022642 0.000247779 0.00774264 0.00249748 0.00887486 -0.00705176 0.0120551 0.00296153 -0.00223182 0.00214662 -0.00108575 -0.00669556 0.00192161 -0.0226424,800,0,cuda,50.09,55.23
test,3566,wheaten_terrier_98,wheaten_terrier,dog,correct,wheaten_terrier,lime,35,0.999745,41,0.69037,0.976429,0.286059,0.291112,0.892064,0.439888,0.654069,,,0.0156718 -0.0138437 -0.0329563 0.0645635 0.118662 -0.0214424 0.0744667 -0.0050128 -0.00967612 -0.0232608 -0.0304051 -0.0149724 0.0332374 0.0284876 0.0239798 0.0303584 0.0188161 0.13869 0.0761375 0.0301021 0.0107337 0.00669884 0.157418 0.0274035 0.00794222 0.0997101 -0.000443827 -0.00835798 0.00994159 0.0236714 0.0280859 0.35406 0.00600392 0.00731758 0.0107696 -0.0014213 0.0222381 0.00599026 0.0136248 0.0400864 0.0378588,800,0,cuda,112.38,114.15
test,2543,pug_65,pug,dog,correct,pug,lime,25,0.99987,30,0.766582,0.997012,0.23043,0.358966,0.84953,0.277013,0.442,,,-0.00960935 -0.00831151 -0.000460741 0.0162779 -0.0151904 0.00641953 0.00387673 0.0537643 0.00536918 0.0250727 0.0123042 0.134556 0.0937221 -0.0163067 0.0881604 -0.0153058 0.00412567 -0.0175667 -0.003025 0.0138274 0.00124346 0.0364058 0.161517 0.125097 0.0112496 0.0222126 0.0196992 -0.00155422 0.00353201 0.0139715,800,0,cuda,48.88,49.51
test,850,boxer_68,boxer,dog,correct,boxer,lime,8,0.999803,34,0.487504,0.964932,0.477428,0.156864,0.946866,0.326238,0.851645,,,0.073419 -0.00344437 0.0391074 0.0195676 0.0409354 0.0303424 0.12276 0.0711705 -0.0129431 0.640163 -0.00396892 -0.00193019 0.00693895 0.0451184 0.162481 0.00660988 0.0191424 0.0169568 -0.00690165 -0.0253588 0.0336155 0.0162374 0.00696509 -0.0131094 0.00794713 0.0119633 -0.00902105 0.0174317 0.0145173 -0.00497617 0.00189565 0.0110471 0.00537196 0.00537276,800,0,cuda,49.75,55.7
test,135,american_bulldog_41,american_bulldog,dog,correct,american_bulldog,lime,1,0.995981,34,0.916374,0.992829,0.076455,0.28628,0.797262,0.607156,0.744878,,,0.0460955 0.0342224 0.0262585 0.0117367 0.290779 0.0474141 0.17146 0.0207107 0.0735446 0.00516966 0.197741 0.00350734 0.00386682 0.0347009 0.0646339 0.138157 0.0193319 0.0114925 0.0597826 0.210622 -0.0164358 0.0770671 0.0484582 0.106428 0.0480639 0.200041 -0.0226056 -0.0202091 0.0352263 0.0165493 0.05374 -0.0183744 0.00707668 -0.0101989,800,0,cuda,47.53,48.68
test,1867,keeshond_88,keeshond,dog,correct,keeshond,lime,18,0.999445,44,0.637376,0.764544,0.127167,0.480919,0.911281,0.23232,0.398312,,,-0.000751121 0.00350955 0.0266827 -0.0063638 0.00689552 0.115835 0.0117749 0.0424421 -0.0111485 0.058575 0.0366982 0.0304024 0.00790592 0.0166076 -0.0045784 0.0030411 0.0097052 0.0632227 0.0937323 -0.00537855 0.0211128 0.0144822 0.000881868 0.021541 0.00970897 0.0253622 -0.00857203 0.0220393 0.00460161 -0.00580731 -0.00336409 0.0095892 -0.0011921 -0.00940627 0.000207776 -0.00664065 0.00941917 -0.011533 0.0193853 -0.0121526 0.00568979 0.00138439 0.00581666 0.00583799,800,0,cuda,54.96,66.2
test,849,boxer_67,boxer,dog,correct,boxer,lime,8,0.974583,42,0.771006,0.998205,0.227199,0.235063,0.909016,0.407145,0.639766,,,0.00884404 0.0130217 0.0588265 -0.00919572 0.129373 0.0527224 0.0658589 0.0957553 0.234826 0.0761557 0.0385474 0.026896 0.0694487 0.0859191 0.0711729 0.077124 0.0225488 0.0170952 0.0591379 0.137659 -0.00873861 0.0431886 -0.0231603 -0.0498947 0.057117 0.0461885 0.0271624 -0.0172251 -0.0203059 0.0193776 -0.0506096 -0.046551 0.0306529 0.0105248 -0.0620358 0.0165479 -0.0104849 0.00117182 0.0146005 -0.0185937 -0.00370743 0.00138274,800,0,cuda,37.47,40.51
test,820,boxer_40,boxer,dog,correct,boxer,lime,8,0.999471,36,0.942004,0.989273,0.047269,0.40164,0.894039,0.320729,0.46588,,,0.0377056 0.0110205 0.046926 0.0232435 0.0372006 0.0239951 0.0110801 0.127939 0.187629 0.157634 0.0255458 0.0123615 -0.000353948 0.0476627 0.0559338 0.0152383 0.0461832 -0.00652375 0.0383972 0.0012104 -0.0049899 -0.00965795 0.00633096 -0.00363201 0.0163649 -0.00123511 -0.0319189 -0.0128059 0.00102899 0.00804274 0.000986134 -0.00823034 0.0138403 0.00783904 0.00384319 -0.00467441,800,0,cuda,39.44,48.38
test,886,British_Shorthair_213,British_Shorthair,cat,correct,British_Shorthair,lime,9,0.999959,37,0.575494,0.986858,0.411364,0.310352,0.886997,0.540574,0.590438,,,0.0189096 0.011378 -0.0119423 -0.00103662 0.0139893 0.0388203 -0.0185855 0.0826455 0.0108749 0.0237255 -0.012871 0.125167 0.0714407 0.0431897 0.0898449 0.0727185 -0.0106833 0.133563 0.0161285 0.0950134 0.159305 0.060555 0.049 0.151026 0.00429866 0.0138381 0.0899165 0.0307565 0.0634128 -0.00373282 0.0504921 -0.00578683 0.0214863 -0.0174927 0.0297825 0.000119428 0.0201781,800,0,cuda,55.98,63.36
test,2194,newfoundland_21,newfoundland,dog,correct,newfoundland,lime,22,0.991047,36,0.379365,0.797848,0.418483,0.218984,0.933605,0.215858,0.762968,,,0.00955414 -0.00465709 -0.0233557 0.0979443 0.029818 0.0241815 -0.0298203 0.0168767 -0.00400727 0.0232701 0.0502008 -0.0205486 0.0233154 -0.00546686 0.180189 0.0459563 0.00321236 0.423111 -0.0337831 0.00394991 -0.0443425 0.129057 0.0175969 0.0501357 -0.0142304 0.00516533 0.0105408 -0.0193792 0.00255299 0.0111646 0.00809522 0.00690134 -0.00852368 0.00958904 -0.00215294 -0.00772802,800,0,cuda,57.97,66.67
test,414,beagle_24,beagle,dog,correct,beagle,lime,4,0.999566,52,0.183195,0.843104,0.659909,0.130682,0.945768,0.329725,0.725947,,,-0.0280355 0.0163358 -0.0293763 0.0109326 0.0358464 0.0453109 0.0172742 -0.030757 0.0616812 0.0257467 0.0587478 0.00255532 0.390426 0.0247753 0.0312519 0.00595747 0.221046 0.453063 -0.00310874 0.0276197 -0.0138232 -0.0138627 0.00888419 0.0106367 0.0345546 0.0629212 -0.0120329 0.162688 -0.0122427 -0.00173543 -0.00156423 -0.00752068 -0.00482921 0.00625608 0.0233181 -0.0162207 -0.00717368 -0.0113845 0.00278132 -0.00791657 0.0165669 0.0168929 0.017324 -0.0159542 -0.0171636 -0.0402708 0.00867566 0.0236204 0.00536129 -0.00460741 0.00708271 -0.000608218,800,0,cuda,67.25,73.22
test,2234,newfoundland_58,newfoundland,dog,correct,newfoundland,lime,22,0.999772,36,0.870675,0.990756,0.120081,0.286979,0.861761,0.426689,0.661064,,,0.0274482 0.00261956 0.00439075 0.088919 0.0677608 -0.0118409 -0.0135517 -0.0277185 0.115679 0.00334534 0.0366866 -0.00340703 0.0514123 0.0108342 0.185973 0.324201 0.0283346 -0.0151239 0.00865633 0.0275584 0.000740289 0.0800603 0.140494 0.0244921 0.135824 0.0265668 0.00753755 0.0401393 0.00496852 0.0754216 0.0269082 -0.0142827 0.0267015 -0.00409133 0.0417533 0.0379025,800,0,cuda,68.18,69.99
test,3408,staffordshire_bull_terrier_45,staffordshire_bull_terrier,dog,wrong,american_pit_bull_terrier,lime,1,0.961979,39,0.236268,0.366952,0.130684,0.232629,0.78246,0.300983,0.65939,,,0.00762249 0.169888 -0.0211706 0.0612757 0.0453896 0.091228 0.0773821 0.0645939 0.0120307 0.0200152 -0.0133263 0.00815691 0.0302608 0.095881 0.0210891 0.14071 0.0526644 0.0810168 0.0610204 -0.0202306 0.0604577 0.161269 -0.013913 0.0195592 0.020697 0.0265563 0.0184189 0.0183931 0.00598702 0.0998945 0.0241725 0.114115 0.0300673 -0.00571956 -0.0156551 0.0340498 0.0262344 0.00897973 0.00167582,800,0,cuda,38.66,41.5
test,3652,yorkshire_terrier_85,yorkshire_terrier,dog,correct,yorkshire_terrier,lime,36,0.998713,34,0.814134,0.977555,0.163421,0.506672,0.952349,0.15729,0.304573,,,0.00295668 0.0054426 -0.00212984 0.00466482 0.00346202 -0.00419999 6.69196e-05 0.0691236 0.0157425 -0.00026533 -0.000266055 0.00937372 0.0643093 0.0778619 0.049141 0.00402239 0.0213684 0.0175673 -0.00339432 0.00650917 0.00663909 0.033574 0.0185088 0.0163101 -0.0100558 -2.68375e-05 -0.000763737 0.0157479 -0.00672548 -0.00648775 -0.018077 0.0056894 0.00801393 0.0149496,800,0,cuda,70.56,75.19
test,743,Bombay_58,Bombay,cat,correct,Bombay,lime,7,0.984496,27,0.40067,0.962744,0.562075,0.100219,0.923307,0.002334,0.891665,,,-0.0105856 0.003529 0.000211716 -0.0216195 -0.0368861 0.0371054 0.00532038 -0.00634271 -0.0010744 0.285069 -0.0297514 0.00736699 0.0226143 0.0324792 0.525339 -0.0269188 0.0396591 0.195187 -0.00885683 0.0252367 0.0400357 -0.0512515 -0.0127131 0.0212164 -0.00656322 -0.00217943 0.00130405,800,0,cuda,32.9,34.03
test,476,beagle_80,beagle,dog,correct,beagle,lime,4,0.999964,33,0.793467,0.994923,0.201456,0.345003,0.908849,0.520739,0.594764,,,0.0470918 0.0152154 0.0293421 0.0468493 0.102649 0.0355328 0.00587765 0.213651 0.147213 0.000402527 0.0773609 0.281539 0.106208 0.0886727 0.0319218 -0.0039789 0.00617608 0.125792 0.0642204 0.0320906 -0.0137554 0.00694134 0.0277652 0.10643 -0.0201181 0.00850282 0.0191878 0.0293023 -0.0132314 0.0122044 0.0013542 -0.0197933 -0.0187553,800,0,cuda,48.0,52.89
test,1505,great_pyrenees_30,great_pyrenees,dog,correct,great_pyrenees,lime,15,0.991912,40,0.400411,0.9854,0.584989,0.138659,0.918596,0.004507,0.859712,,,-0.0210504 -0.0112943 0.00226209 -0.0129781 0.0123821 -0.0335796 -0.00861233 -0.0193856 0.0183473 0.025709 0.0146738 0.259965 0.00363126 0.00632927 -0.0155977 0.000170066 0.0748654 0.0105203 -0.00219507 0.000800254 -0.00394851 0.625574 0.016938 -0.0131418 -0.0120747 -0.0163339 0.0280963 0.0417664 0.0872502 0.0116628 -0.0190897 -0.00411285 0.010853 0.0097794 0.00497781 0.050132 -0.00172059 0.00938608 -0.0144079 0.0139086,800,0,cuda,51.89,55.28
test,456,beagle_62,beagle,dog,correct,beagle,lime,4,0.999942,41,0.692742,1.0,0.307258,0.174928,0.929917,0.477353,0.69697,,,0.0513372 -0.0066229 -0.0243844 0.0156548 -0.00933975 -0.0124728 -0.00652172 0.0139406 -0.0231879 0.0594756 0.0168261 0.00593238 -0.0235614 0.214696 -0.0166863 -0.00220851 0.0932445 -0.028546 0.440397 0.0183003 0.048664 0.0418346 0.0582963 0.141578 0.00169544 0.000177 0.02115 -0.00574985 0.351347 0.000816931 0.0761099 0.0419692 0.0118196 0.0933461 0.0501984 0.0469242 0.0193638 -0.0181471 0.0146332 -0.00455865 0.000242987,800,0,cuda,78.17,79.35
test,1774,japanese_chin_93,japanese_chin,dog,correct,japanese_chin,lime,17,0.98728,36,0.204181,0.578138,0.373957,0.072808,0.918223,0.075878,0.733586,,,-0.0192935 0.0874051 0.00951783 0.0922353 -0.00750256 -0.00496979 -0.0312096 0.309097 -0.000381781 0.243771 -0.00402114 0.0209689 -0.045365 -0.0101312 0.0322592 0.499746 -0.0194069 -5.78086e-05 0.0619558 -0.00839817 -0.0216923 -0.0096454 0.00345691 -0.0096099 0.00286209 -0.0316755 -0.0220234 0.020327 -0.000964364 -0.00408794 -0.0209669 0.011909 0.00936228 -0.016001 0.0121329 0.0139637,800,0,cuda,68.07,77.76
test,762,Bombay_76,Bombay,cat,correct,Bombay,lime,7,0.999938,22,0.538345,0.730577,0.192232,0.335705,0.934605,0.213237,0.714308,,,-0.0303236 -0.0280975 0.0384595 0.0108076 -0.0168433 0.00517586 0.0942016 0.325847 -0.00668519 0.227273 0.044236 0.0174444 0.0699477 0.00668989 0.184929 0.0202031 -0.0309618 -0.0114252 0.0064581 -0.0174536 0.00426338 -0.0274542,800,0,cuda,31.25,35.55
test,988,chihuahua_194,chihuahua,dog,correct,chihuahua,lime,10,0.984673,33,0.581892,0.834409,0.252517,0.053507,0.886059,0.37141,0.608879,,,0.0320401 0.128434 0.0279266 0.0428285 0.10316 -0.0362319 0.014868 0.00181292 0.0285138 0.328543 0.223103 0.0684427 -0.00232678 0.0611137 0.0750718 0.0139759 -0.0121644 -0.0331561 -0.0606062 0.000916907 -0.0431869 -0.0363068 -0.0146216 -0.00129786 -0.026166 -0.0068008 -0.0292786 0.00243815 0.0125644 0.00225214 0.0135249 -0.00536649 -0.00260776,800,0,cuda,40.76,43.61
test,2594,Ragdoll_24,Ragdoll,cat,wrong,Birman,lime,6,0.555909,29,0.736547,0.931527,0.19498,0.15646,0.748101,0.500096,0.791308,,,0.178955 0.0191087 0.150089 -0.043757 0.029421 0.108023 -0.00586651 0.354844 0.0348311 -0.0098918 -0.0106072 -0.0157857 -0.0193721 0.00849467 0.0858811 0.0127576 0.00838652 0.0885114 -0.000971065 0.0136297 0.134124 -0.00162975 -0.0161429 -0.0144706 -0.0221329 0.0491136 0.149053 -3.57841e-05 0.0212224,800,0,cuda,42.66,43.12
test,1762,japanese_chin_82,japanese_chin,dog,correct,japanese_chin,lime,17,0.999831,33,0.265087,0.794044,0.528957,0.11646,0.913344,0.340608,0.857434,,,0.010381 0.00767705 0.0146492 0.00675969 0.00477711 -0.0104544 -0.00282067 -0.0136566 0.0218191 0.0603442 -0.00704964 0.0795859 0.202582 0.0365414 0.00489103 0.00800988 0.621137 0.0503281 0.00797685 0.0810567 0.157002 0.0586219 -0.0251862 -0.00117106 0.031373 0.0941106 0.0638994 0.0603359 -0.013431 0.0758895 0.0058746 -0.00270783 0.00149807,800,0,cuda,36.99,41.52
test,271,american_pit_bull_terrier_74,american_pit_bull_terrier,dog,correct,american_pit_bull_terrier,lime,2,0.719324,39,0.356346,0.981639,0.625293,0.021185,0.742987,0.365603,0.528231,,,-0.00188976 0.0102221 0.00592485 -0.0285005 -0.0124875 -0.0084386 0.00854661 -0.0421552 0.0171105 -0.0143133 0.00429218 0.00515838 -0.00190139 -0.0308898 0.0320674 -0.00925403 0.116464 -0.00428164 -0.0100098 0.0891577 0.00803955 0.200261 0.00970459 0.0415344 -0.00379187 0.0318903 0.00207007 -0.0165023 -0.000339769 0.0178143 0.029405 0.00229494 0.0327736 -0.00517833 0.00289309 -0.00905578 0.00937252 -0.0117107 0.0287823,800,0,cuda,55.87,64.31
test,1599,havanese_25,havanese,dog,correct,havanese,lime,16,0.998988,40,0.629803,0.988253,0.35845,0.235507,0.865091,0.581292,0.793971,,,0.0557542 0.0235622 -0.0142761 0.0434172 0.105291 0.111517 0.00731329 0.013847 0.0509278 0.144149 0.0205994 0.436576 0.00625828 -0.00260324 0.100555 0.136359 0.0265565 -0.014394 -0.00113043 0.0924456 0.00921322 0.016843 0.0717718 0.0726661 0.188646 0.0133755 0.0437634 0.0387249 -0.00352958 0.036797 -0.0131797 0.000118811 0.0409051 -0.00870749 -0.000269692 0.0400685 0.0116956 0.0393444 -0.028185 -0.00978492,800,0,cuda,42.49,43.22
test,3110,shiba_inu_37,shiba_inu,dog,correct,shiba_inu,lime,31,0.999222,41,0.564453,0.986627,0.422174,0.215802,0.94722,0.481131,0.637234,,,0.0144099 0.043849 -0.00686196 -0.0127883 0.0172932 0.111207 0.187522 0.0292482 0.0149865 0.253284 -0.00225557 0.143373 0.201768 -0.0043931 0.0105417 0.0843771 0.0188169 -0.00217801 0.00461353 0.232701 0.161418 0.0134701 -0.0147462 0.00230893 0.0201414 -0.0206341 0.00349157 -0.00829677 -0.0131371 0.0356392 -0.01309 0.0236226 -0.0208811 -0.00484178 0.00693764 0.0494083 0.00159174 -0.00517834 -0.0273823 -0.038059 0.0125353,800,0,cuda,49.25,49.87
test,2853,saint_bernard_75,saint_bernard,dog,correct,saint_bernard,lime,28,0.992834,38,0.559351,0.950126,0.390775,0.214125,0.870106,0.211941,0.657752,,,-0.00982409 0.128192 -0.0372747 -0.0321066 -0.019125 0.001643 0.124396 -0.0241271 0.0301813 0.0476972 0.218409 -0.0313924 0.0632825 -0.00084709 0.0116444 0.136616 0.0332886 0.0419941 0.0547337 0.056051 0.00444123 0.0434873 0.192928 0.0727144 0.0277925 -0.0101751 -0.00508307 0.0640607 -0.00643317 -0.00346802 -0.00361749 0.0121315 -0.0124428 0.00984208 0.00331935 -0.0146888 -0.010369 -0.0072592,800,0,cuda,70.92,78.32
test,2420,pomeranian_45,pomeranian,dog,correct,pomeranian,lime,24,0.998615,32,0.882055,0.988019,0.105963,0.197747,0.763664,0.338739,0.705475,,,0.0191781 0.0169653 0.055391 0.0038687 -0.00778012 -0.00189239 0.121761 0.35478 0.113202 0.0155697 0.0343206 0.0584118 0.106131 0.0311913 0.0258626 -0.000877883 0.0283888 0.0785561 0.373425 0.15455 0.0711692 0.0152445 0.0171585 0.0469656 0.105427 -0.0140447 0.0396386 -0.00136827 0.00626918 -0.00522898 -0.0158336 -0.00948419,800,0,cuda,52.55,65.34
test,2759,Russian_Blue_80,Russian_Blue,cat,correct,Russian_Blue,lime,27,0.853052,31,0.455198,0.905376,0.450178,0.21004,0.725942,0.265096,0.739057,,,-0.0209353 0.00618956 0.0598629 -0.00613285 0.0726646 0.0232649 0.00519125 -0.0144646 0.00416275 0.124279 0.00311094 0.0011192 0.0152432 -0.00635432 0.141481 0.0382907 -0.00445109 0.087928 0.0304526 -0.00116335 0.0357034 0.168398 -0.0131195 0.0631585 0.022947 0.215889 0.196467 0.0842085 0.0225143 0.130653 -0.0285407,800,0,cuda,66.72,67.42
test,672,Birman_77,Birman,cat,correct,Birman,lime,6,0.963163,38,0.431122,0.640651,0.209529,0.253091,0.922004,0.338016,0.56121,,,0.000546657 0.0309562 -0.0250938 0.0272629 0.0949091 0.0837168 0.0873504 0.00937342 0.24362 0.216424 0.00123949 -0.0150061 0.0862776 0.0228986 -0.0234757 -0.00976438 0.0698627 -0.0223044 0.0578002 -0.00372465 -0.00530976 0.0386973 -0.00687217 0.0102696 0.00492852 0.0425182 0.00534336 -0.0126261 0.0263654 0.0303501 -0.00196266 0.0142193 -0.0168944 0.0222732 -0.0102273 -0.0112226 -0.014063 -0.0106605,800,0,cuda,52.33,55.39
test,1303,english_setter_29,english_setter,dog,correct,english_setter,lime,13,0.999911,40,0.685447,0.989264,0.303817,0.206431,0.881593,0.504259,0.726222,,,0.0194885 0.00617318 -1.16551e-05 0.127712 0.0202835 0.0598605 -0.0200085 0.102167 0.193793 0.0782849 0.202006 0.514145 0.0275298 0.109297 0.0246832 -0.00252795 0.0243457 0.0534223 0.142136 -0.00274122 -0.00780047 0.0213493 -0.000178094 0.0247349 -0.00589225 0.0200042 0.00108646 -0.00605355 -0.00927222 0.0147527 -0.0328858 0.0126668 -0.0204798 0.0202081 -0.00948739 -0.000436532 0.0114771 0.00594007 0.0242345 0.0285294,800,0,cuda,38.09,42.58
test,655,Birman_61,Birman,cat,correct,Birman,lime,6,0.922183,35,0.498007,0.993025,0.495018,0.08829,0.830047,0.317398,0.6316,,,0.00560658 -0.0233671 -0.00518187 0.0149329 -0.0238212 -0.0124658 -0.0234492 0.0227442 0.00488986 0.00255407 0.0270124 -7.12231e-05 -0.0268543 -0.0352554 0.00535782 0.0106469 0.027022 0.0265316 -0.00854053 0.292379 0.0401695 0.214243 -0.00508454 0.0587655 0.135178 -0.0105847 0.0554913 0.0672476 0.0233306 -0.0171572 0.140815 0.0639745 0.000182819 0.03137 0.00472966,800,0,cuda,48.56,50.99
test,1341,english_setter_63,english_setter,dog,correct,english_setter,lime,13,0.999686,39,0.407486,0.977284,0.569799,0.140834,0.859946,0.440375,0.733028,,,0.011078 -0.00758451 0.0102044 0.00685168 0.00956776 -0.0223282 0.00849498 0.0183182 0.000501829 0.0213364 0.00823714 0.0104498 0.0231438 0.0289322 -0.00725815 0.00274952 0.17079 0.0227665 -0.00603714 0.0525575 0.429452 0.000771677 0.0569549 0.0163201 0.0448722 0.0325105 0.29928 0.0377721 0.0183092 0.289316 0.0099669 0.0565773 0.0103564 -0.00124016 0.0190429 -0.0116467 0.017788 -0.00259062 -0.00688614,800,0,cuda,61.36,72.55
test,2445,pomeranian_68,pomeranian,dog,correct,pomeranian,lime,24,0.99296,32,0.944077,1.0,0.055923,0.092326,0.842469,0.103529,0.756765,,,0.00992129 0.0230151 0.00664769 0.00688798 0.0245369 -0.00301092 0.0239868 0.0940488 0.0452692 0.415419 0.00548344 0.0376187 -0.0159433 0.180471 0.190279 0.0370482 0.0412408 0.336758 0.0655175 0.0464041 0.0210265 0.00692729 0.0180642 -0.000571926 0.0065511 -0.0044817 -0.0227855 -0.0112879 0.00695329 -0.00762029 -0.0145617 0.0206313,800,0,cuda,35.5,38.94
test,2432,pomeranian_56,pomeranian,dog,correct,pomeranian,lime,24,0.998227,36,0.985551,0.996005,0.010454,0.274514,0.7883,0.643431,0.689937,,,-0.0262628 0.0558526 0.188999 0.12979 -0.00673526 0.120716 0.120712 0.125539 0.0131779 0.111563 0.190361 0.152745 0.109183 0.0784041 0.133976 0.262599 0.151203 0.0120687 0.0178347 -0.00930857 0.177811 -0.00349357 0.0194281 0.0105098 -0.0114981 0.00469385 0.0374201 -0.00610064 0.00384255 -0.00431996 0.0121447 -0.0295938 0.00544945 -0.00854867 0.00209655 -0.0273216,800,0,cuda,46.72,55.94
test,700,Bombay_202,Bombay,cat,correct,Bombay,lime,7,0.977546,42,0.610431,0.994177,0.383746,0.284161,0.815758,0.525057,0.65694,,,0.0183941 0.028223 -0.0309171 -0.0291209 0.0891447 0.0204189 0.0969103 0.176523 -0.00634544 0.102066 0.0496675 0.0900333 0.196226 0.0156911 0.05794 0.0667746 0.0223847 0.0733279 0.074875 0.00537569 0.0824361 -0.00722164 0.018618 0.139755 0.0250122 -0.0218895 -0.0149742 0.0282172 0.0138361 0.00376051 0.0154785 0.0714777 0.00168851 0.00588228 0.0750586 0.112202 0.0994724 0.0391764 0.0489036 -0.0453476 0.138105 0.0268018,800,0,cuda,44.95,51.73
test,1878,keeshond_98,keeshond,dog,correct,keeshond,lime,18,0.999429,38,0.345065,0.728986,0.383921,0.170915,0.949441,0.396271,0.778153,,,0.000912984 0.0107548 -0.00154572 -0.0111201 0.0131009 -0.00244997 0.0119658 0.0924792 0.0104455 0.0935079 0.0978225 0.0205035 0.0795148 0.351281 0.00485756 0.0760285 0.481712 0.0366658 0.0686655 0.0113495 0.0406728 0.078613 -0.0219785 0.0441904 0.0519827 0.107227 -0.00904293 0.0307641 -0.00119868 -0.0212989 0.00436077 -0.0721864 0.0616337 0.0438948 -0.0460267 0.0636358 0.0247284 0.0493961,800,0,cuda,56.02,62.01
test,1328,english_setter_51,english_setter,dog,correct,english_setter,lime,13,0.983139,35,0.281429,0.550578,0.269149,0.09253,0.909719,0.34068,0.70559,,,-0.00665395 -0.0115246 0.00136298 0.171014 -0.0196657 0.00187782 -0.00043872 0.0342842 0.0387061 0.0227077 -0.0226093 0.0186201 0.227315 0.180104 0.0128814 -0.0210408 0.0899708 -0.00602565 -0.0086119 0.165244 0.0151044 -0.0150754 -0.0340244 0.487127 0.0305142 0.0886186 -0.0371405 -2.22478e-05 0.0205819 -0.0166927 -0.00695741 -0.0480549 -0.0181013 0.0415408 0.0237866,800,0,cuda,36.86,38.28
test,590,Bengal_93,Bengal,cat,correct,Bengal,lime,5,0.998716,30,0.326012,0.345567,0.019555,0.760617,0.881644,0.081301,0.419557,,,0.00830756 0.00199655 -0.000443062 0.00788788 0.0110574 -0.000614565 0.0208195 -6.68933e-06 0.00598093 0.040814 0.00321844 0.0281549 0.0189107 0.0125063 -0.00914256 0.00701733 0.0114196 0.0133752 0.0168681 0.0138531 -0.00704851 0.0311761 -0.0128473 0.00851366 0.00497417 0.00475234 0.0015995 0.000574823 0.000995196 0.00716317,800,0,cuda,64.01,68.94
test,2838,saint_bernard_61,saint_bernard,dog,correct,saint_bernard,lime,28,0.999571,36,0.382454,0.725255,0.342802,0.199207,0.892335,0.371132,0.635438,,,0.106432 -0.00568098 0.0193785 0.0588821 0.389432 0.0373246 0.221161 0.0340308 -0.00428653 0.0129541 0.194107 0.116703 0.0508676 0.127828 -0.0240701 0.0284216 0.0379399 0.0269245 -0.00575016 0.0118993 0.0113001 0.0544523 -0.0278618 0.0360858 0.00307756 -0.0150545 -0.0131948 -0.0230511 -0.00509341 -0.0358385 -0.0381303 0.00774603 -0.0298096 -0.00693354 -0.0253237 -0.00583828,800,0,cuda,30.11,31.32
test,2575,pug_95,pug,dog,correct,pug,lime,25,0.999133,30,0.715103,0.926771,0.211668,0.296003,0.798678,0.511842,0.605203,,,0.0371032 0.00389074 0.00991055 0.130385 0.307206 -0.00868859 0.00696205 0.127761 0.0402465 0.196513 0.0600255 -0.00875959 0.134244 0.0765112 0.0456146 -0.019165 0.00969493 0.119504 0.124704 -0.0119281 0.0580792 0.0155321 -0.00308149 0.0449743 0.0100788 0.00245689 -0.00971301 -0.00975583 -0.00573399 -0.000366316,800,0,cuda,58.6,67.47
test,314,basset_hound_24,basset_hound,dog,correct,basset_hound,lime,3,0.986441,30,0.354911,0.977008,0.622097,0.110423,0.924309,0.105483,0.781874,,,0.0318796 0.0506749 0.0694347 -0.03864 0.00552961 0.146725 -0.0138266 0.0493511 -0.00877067 0.560944 0.00948789 0.295956 0.157233 -0.00308452 -0.00883986 0.0120847 -0.00712149 -0.0202188 0.0237904 -0.00853957 -0.00664998 0.088179 -0.00945466 0.00971317 -0.00918045 -0.0356682 0.0199704 -0.0275443 0.0142102 0.00210547,800,0,cuda,77.05,81.38
test,119,american_bulldog_27,american_bulldog,dog,correct,american_bulldog,lime,33,0.623389,38,0.368383,0.86364,0.495256,0.111921,0.828154,0.336904,0.852936,,,0.0257803 0.0111924 0.00707869 -0.0482053 -0.0388895 0.00657522 -0.00348847 0.0284978 -0.0196087 1.19375e-05 -0.0342411 -0.00170489 0.0443666 0.00382827 -0.00774522 -0.0236311 0.391065 -0.00237767 0.0165605 0.066441 -0.0311073 0.170809 -0.0190165 0.00219649 0.220156 0.00648513 -0.00465985 0.0121093 -0.00331705 -0.00250239 -0.0067721 -0.0114399 0.0204315 -0.000871524 -0.00287946 0.0227837 0.0366665 -0.0152804,800,0,cuda,86.23,88.02
test,3422,staffordshire_bull_terrier_58,staffordshire_bull_terrier,dog,wrong,american_bulldog,lime,1,0.920389,36,0.842395,0.991881,0.149486,0.206581,0.819367,0.478404,0.672642,,,0.00696861 -0.0137401 -0.00237575 -0.00062945 0.0440184 0.282289 -0.00496775 0.243733 -0.0181617 0.196831 0.0421797 0.1317 0.208973 0.0637198 0.0788654 0.0364288 0.0102123 0.00940619 0.0230389 -0.0113673 0.00472885 -0.00361735 -0.0219326 0.0246594 0.0209346 0.0193807 0.0357547 -0.000233276 0.0623089 0.00389244 0.0127876 -0.00553707 0.0105509 -0.00937308 0.0128416 -0.00244267,800,0,cuda,59.14,59.7
test,2694,Russian_Blue_216,Russian_Blue,cat,correct,Russian_Blue,lime,27,0.296187,44,0.237504,0.967097,0.729593,0.006484,0.57934,0.203047,0.377681,,,0.00109103 -0.00566439 0.00675904 0.00071768 0.00495602 0.0104697 -0.0135132 -0.00215475 -0.0142242 0.00732566 0.0302136 0.00632766 0.00705246 0.00868818 0.00276136 0.00218843 -0.00655116 0.00114397 0.0403759 -0.00295155 0.00546128 -0.00822959 0.0250796 0.0121682 0.0169516 -0.00178764 0.00195708 0.0022794 -2.96926e-05 0.0127069 0.00234352 -0.00142727 -0.0073249 -0.00566706 0.000592862 -0.00286603 0.00350673 0.0118715 -0.00438516 0.000835638 -0.00437904 0.000699474 -0.00143995 0.00613583,800,0,cuda,69.88,76.67
test,3461,staffordshire_bull_terrier_93,staffordshire_bull_terrier,dog,correct,staffordshire_bull_terrier,lime,1,0.761036,41,0.338847,0.899917,0.56107,0.058616,0.788169,0.287591,0.767754,,,0.0068152 0.0159037 0.00289693 -0.00302725 0.0250466 0.0134817 0.00120834 -0.000927864 -0.0317248 -0.00441205 0.0216936 0.0015492 -0.010643 0.00433173 0.168483 0.456129 -0.0104573 0.0152184 0.075377 0.13224 0.00732971 0.0921779 -0.00738935 0.224993 0.000708994 -0.0181135 0.0938275 -0.0070101 0.00165432 0.09234 0.0511012 -0.00667431 -0.00277523 -0.0427738 0.0625125 -0.00412172 0.025292 0.0103067 0.0127508 0.00245474 0.00609791,800,0,cuda,88.28,101.5
test,3163,shiba_inu_85,shiba_inu,dog,correct,shiba_inu,lime,31,0.999374,39,0.346162,0.584568,0.238407,0.183354,0.890304,0.331876,0.72391,,,0.0110978 0.0293481 0.0254444 0.0366713 0.0368189 -0.000983656 0.0151584 0.00834551 0.468893 0.11334 0.0980627 0.00255 -0.00736293 0.229683 0.0106886 -0.0216552 0.274646 0.0848032 0.0864734 -0.0213322 0.00728096 -0.0397738 0.133016 0.0346715 -0.0104062 -0.0218654 0.0105846 0.0173031 0.00201097 -0.00288775 0.00214573 -0.00466414 0.0157299 -0.00394876 0.0265459 -0.0201252 -0.0166753 -0.000116326 -0.0454109,800,0,cuda,105.39,106.01
test,3044,scottish_terrier_68,scottish_terrier,dog,correct,scottish_terrier,lime,30,0.943171,36,0.413983,0.753207,0.339224,0.148936,0.914516,0.460454,0.728527,,,-0.00284394 0.00267294 0.0212396 -0.0145671 -0.00196398 0.100156 0.125263 0.0128752 -0.00292279 0.0793375 0.00786457 0.0656163 0.0225859 0.362468 0.0202268 -0.0252661 0.0346303 0.0721892 0.00614277 0.132712 0.0193237 0.262407 0.116638 0.0484946 -0.0338364 -0.0379053 0.0293433 0.0514077 0.0059735 0.00396737 0.0401258 -0.0281665 0.012942 -0.00549852 0.00374547 0.0141936,800,0,cuda,33.25,38.58
test,1980,leonberger_9,leonberger,dog,correct,leonberger,lime,19,0.998378,36,0.493622,0.891122,0.3975,0.227751,0.877807,0.399037,0.572755,,,-0.00132458 0.00748083 -0.0150599 0.0578435 0.0339976 0.0200734 0.00239165 0.0403088 0.0136723 0.0258716 0.0973124 0.205605 0.181579 0.00111284 0.172504 0.0102223 0.0278085 0.0789486 -0.00299233 -0.00324386 0.0141374 0.0237487 0.00542889 0.0160734 0.244656 0.0105794 -0.00268399 0.0248717 -0.012802 -0.013184 -0.00872148 -0.0093992 -0.00063589 0.0036769 -0.0126306 -0.0138075,800,0,cuda,46.51,47.16
test,942,British_Shorthair_55,British_Shorthair,cat,correct,British_Shorthair,lime,9,0.999972,32,0.710519,0.994298,0.283779,0.25954,0.879837,0.483303,0.607503,,,0.0117562 0.0486559 -0.041595 0.0213988 0.0166242 0.0625136 0.0120623 -0.0256874 0.104702 0.024069 0.0056101 0.0381688 0.0331475 0.0253146 0.117925 0.0465702 0.258446 0.0115193 0.095606 0.0937802 0.0120069 0.0272004 0.00136814 0.270298 0.0225433 0.010446 -0.0133423 0.0449374 0.101799 0.00157542 0.00653911 0.0123129,800,0,cuda,75.86,76.42
test,3315,Sphynx_27,Sphynx,cat,correct,Sphynx,lime,33,0.999814,34,0.645707,0.730623,0.084915,0.413299,0.833408,0.434171,0.734936,,,0.110627 0.157424 0.0471684 0.091783 0.00427148 0.0956789 0.0140649 -0.00274934 0.110259 0.015789 0.0470279 0.0318696 0.0243696 0.0657617 -0.00168162 -0.00936685 0.0232806 0.0219837 0.0114043 -0.00513308 0.0655476 0.0309357 0.00323339 0.203514 -0.00124962 0.00720896 0.129796 0.0269525 -0.00708442 0.0621485 0.00295398 0.00437915 0.0169825 -0.0271594,800,0,cuda,160.94,168.28
test,1282,english_setter_191,english_setter,dog,correct,english_setter,lime,13,0.999789,40,0.340003,0.9691,0.629097,0.237553,0.895126,0.533032,0.689232,,,-0.00889625 -0.0215255 -0.0218591 0.00666681 -0.00622271 0.0225083 -0.0162907 0.0460231 0.0261985 0.00717664 -0.01759 0.105354 0.261844 0.0256954 0.25296 0.00801372 -0.00698492 0.0740978 0.262718 0.0438942 0.122225 0.0455431 0.227462 -0.00366437 0.00706884 -0.000944573 -0.0150427 0.0805705 0.0634786 0.115398 -0.00319247 -0.0339081 -0.0249242 0.0112867 -0.0414806 0.0573933 0.0646584 0.00614994 -0.000356703 0.0383935,800,0,cuda,67.68,73.69
test,1182,english_cocker_spaniel_191,english_cocker_spaniel,dog,correct,english_cocker_spaniel,lime,12,0.999736,37,0.364397,0.936572,0.572175,0.052849,0.924915,0.12652,0.87074,,,0.0271685 0.0325862 -0.00871246 0.0261096 0.00870957 0.0143946 0.0322662 0.706992 0.0220152 0.118156 0.00588224 0.000138744 0.0226151 0.00123295 0.12146 0.0179005 0.012356 0.147536 0.0146822 0.011169 0.0570465 0.00729266 0.0266047 0.0116337 8.49646e-05 0.0008453 -0.00212788 0.0490308 -0.00510013 0.0124675 0.0093696 -0.017733 0.0235199 0.00893605 -0.00642049 0.00498499 -0.0112923,800,0,cuda,45.93,50.94
test,831,boxer_50,boxer,dog,correct,boxer,lime,8,0.991354,39,0.447644,0.992534,0.54489,0.1071,0.937903,0.470015,0.730198,,,0.106835 0.150791 0.0167025 0.0278763 0.0308582 0.260615 0.150879 0.415053 0.00688801 -0.00551451 0.105156 0.232607 0.00460453 0.0145532 -0.0193085 0.0110049 0.0257663 0.0178286 0.0413884 0.0314094 0.0149616 0.00318415 -0.00135899 0.0156972 0.0104462 0.00110297 -0.00138171 -0.00580236 -0.00399192 0.00744133 -0.0324978 -0.000958754 -0.014763 0.0177351 -0.0065479 -0.00965381 -0.015057 -0.00140644 0.00347116,800,0,cuda,101.94,105.13
test,215,american_pit_bull_terrier_21,american_pit_bull_terrier,dog,wrong,german_shorthaired,lime,21,0.451721,33,0.142219,0.55584,0.413621,0.037068,0.668554,0.064419,0.623825,,,-0.0214818 -0.00325677 0.0115929 -0.00343913 -0.0180288 -0.0559237 -0.0137367 -0.057618 -0.0565197 0.00409617 0.0290857 0.0660733 -0.00187312 -0.00568199 0.0169532 -0.0125232 0.158027 -0.00419297 0.000614768 0.123248 0.0108366 0.0079613 0.0830438 -0.00125456 0.116149 0.00783293 -0.00652567 0.00643151 -0.000706484 -0.00570912 -0.00227752 -0.0173896 0.00880271,800,0,cuda,53.88,65.43
test,392,basset_hound_95,basset_hound,dog,correct,basset_hound,lime,3,0.99984,33,0.757793,0.939644,0.181851,0.51776,0.872038,0.403832,0.509485,,,0.0100675 -0.00850279 0.0510036 0.00386628 -0.00303441 0.0446039 0.107104 0.0562546 0.0280754 0.0972694 0.0186974 0.0213563 0.0322215 0.00533938 0.0689262 0.0383504 0.0164318 0.101477 0.0956251 0.0832022 -0.00588814 0.0683968 0.0404183 0.0156457 0.00444114 0.0419381 0.0174579 -0.0163761 -0.00533216 0.0151674 0.0092958 0.00774942 0.0197851,800,0,cuda,66.6,67.31
test,27,Abyssinian_26,Abyssinian,cat,correct,Abyssinian,lime,0,0.755084,40,0.405991,0.668175,0.262185,0.085706,0.74452,0.396961,0.569545,,,0.0131606 0.0067596 -0.00106549 -0.00688615 0.00576686 0.0632419 -0.00630446 -0.0489527 -0.0170466 -0.0024544 -0.00942208 0.00988626 0.00319692 0.000479163 0.013984 -0.0063771 -0.0225133 -0.00282268 0.185071 0.0114613 0.050912 -0.00675932 0.00186914 0.0688888 0.0446742 0.000360446 0.00137803 0.0162499 -0.0162011 -0.00283984 0.00449354 0.0253088 0.0462501 -0.00506217 0.00803281 -0.0152223 0.0178282 0.00763775 -0.0149072 0.001341,800,0,cuda,73.75,88.27
test,2402,pomeranian_29,pomeranian,dog,correct,pomeranian,lime,24,0.999625,28,0.741968,0.993374,0.251406,0.192099,0.872762,0.527668,0.678657,,,0.0289943 0.0490058 0.0315475 0.0221195 0.00736797 0.00817917 0.0951632 0.319351 -0.0269297 0.0215515 -0.0138903 0.152598 0.302026 0.00371405 0.0149111 0.186681 0.333845 0.0113227 0.0528168 0.0297638 0.011798 0.0356421 0.0197952 0.0159872 -0.00969677 0.0385952 -0.000310222 0.0129606,800,0,cuda,73.53,79.4
test,752,Bombay_66,Bombay,cat,correct,Bombay,lime,7,0.997116,42,0.618244,0.996914,0.37867,0.178613,0.868864,0.324688,0.70375,,,0.0349141 -0.00119912 7.82819e-05 -0.0210527 -0.007658 0.0159401 -3.81307e-06 -0.00424635 -0.00111269 0.0473001 -0.0201468 0.16285 0.0446929 0.019535 -0.0393747 -0.00609855 0.0945945 0.0364776 -0.00435971 -0.0192528 0.401051 -0.0371926 0.136659 0.0100865 0.0445879 -0.0216739 0.0765435 0.0457667 0.0186676 -0.0371487 0.00529337 -0.0117655 0.0428659 0.00878684 -0.0134379 -0.00332965 0.00442493 0.0898561 -0.0158846 -0.00558087 0.0639393 0.0908774,800,0,cuda,39.08,48.68
test,478,beagle_82,beagle,dog,correct,beagle,lime,4,0.999878,37,0.558335,0.990095,0.431761,0.223505,0.930942,0.526002,0.519789,,,0.0375696 0.00205106 0.0130016 0.00514975 0.0380555 0.0167343 -0.0420684 0.0477207 0.0118615 0.0450312 0.213258 0.0710785 -0.00212134 0.22676 0.0849617 0.165099 0.0992598 0.0242376 0.0795375 -0.00899157 0.0670328 0.144089 0.1401 -0.0093938 0.0527079 -0.0275579 -0.00382123 0.0280252 0.0216392 -0.017572 -0.0186624 -0.0148526 -0.00549904 0.00623901 0.0276823 0.00657704 0.0181189,800,0,cuda,73.16,83.61
test,2718,Russian_Blue_31,Russian_Blue,cat,correct,Russian_Blue,lime,27,0.997193,39,0.665936,0.95916,0.293224,0.320301,0.852931,0.517677,0.621845,,,0.0159547 -0.0064282 -0.00435934 0.0987557 0.0566856 0.0222439 -0.0113396 0.0220236 0.0889674 -2.67734e-05 0.111205 -0.0142076 0.0615855 -0.0292609 0.0695782 0.164171 0.167532 0.0746304 0.0148978 0.14246 0.114555 0.0289593 0.0204738 0.0446881 0.00376777 0.197233 0.0167847 -0.0062338 -0.00778762 0.01179 0.061157 -0.000458744 0.0295667 0.0615777 -0.0129956 0.0394819 0.0164093 0.0079695 -0.0064344,800,0,cuda,72.62,73.23
test,2244,newfoundland_67,newfoundland,dog,correct,newfoundland,lime,22,0.999009,44,0.5398,0.984041,0.444241,0.315127,0.910506,0.371617,0.596713,,,-0.00455451 0.00432312 -0.00539242 0.00791281 0.000530777 0.00388472 0.0142573 0.0500034 0.0217956 -0.0113497 0.00947991 0.00786278 -0.0128641 -0.0148235 0.0288667 -0.00856586 -0.0034861 -0.00202785 -0.00116631 -0.0017369 0.0803617 0.0271761 -0.004409 0.0187469 0.124749 0.0196404 0.194164 0.0658613 0.00826928 0.0200545 0.0300884 0.196501 0.0493912 0.0345055 0.00656318 0.00643187 0.00825902 0.000182143 0.0176771 0.0441523 -0.00897904 0.0220989 0.00917478 -0.00523331,800,0,cuda,33.62,42.11
test,909,British_Shorthair_275,British_Shorthair,cat,correct,British_Shorthair,lime,9,0.997205,40,0.682458,0.990842,0.308384,0.171019,0.827659,0.354823,0.704473,,,0.062425 0.0305329 0.0718237 -0.00799472 0.183183 0.0402369 -0.0265695 0.237873 0.0309712 0.0183877 0.0304408 0.287553 0.094658 0.0445421 0.011869 0.156109 0.0142892 0.0686659 0.0147253 0.0578837 0.00293114 -0.00442412 0.0350176 0.100883 -0.00661343 -0.0128991 -0.00266033 0.00311465 -0.000404928 0.068531 -0.00169642 0.00175509 0.0100023 0.056391 0.00755646 0.0543673 0.0269786 0.031068 -0.00293285 -0.0124191,800,0,cuda,51.96,62.41
test,2656,Ragdoll_78,Ragdoll,cat,correct,Ragdoll,lime,26,0.999648,37,0.46295,0.990226,0.527276,0.139841,0.812126,0.141143,0.716455,,,-2.20009e-05 0.0151907 0.0449774 0.0435831 0.00137516 0.0450601 0.210955 0.130657 -0.000511172 0.0107335 0.0632431 0.0726493 0.0137204 0.0411107 -0.0236389 0.019548 0.248315 0.414766 0.00957478 0.0259459 0.0292828 0.00226847 0.0127683 0.093296 0.061318 0.0579647 -0.0149107 0.0794471 -0.00731691 0.0292317 0.0250127 -0.00218476 -0.0125366 -0.00774518 0.00290062 0.0144608 0.0239329,800,0,cuda,36.36,40.6
test,2079,Maine_Coon_99,Maine_Coon,cat,correct,Maine_Coon,lime,20,0.999993,32,0.620376,0.991451,0.371075,0.466912,0.953577,0.151342,0.402648,,,-0.0174323 0.00613045 -0.00205707 -0.00320161 -0.00533592 0.00625114 -1.7586e-05 -0.00704815 0.0392325 0.00288276 0.01904 0.0283649 0.0472155 0.0246782 0.00756044 0.0163886 0.000376036 0.092945 0.00374696 0.0128242 0.0310143 0.0196239 -0.00208336 0.0199029 0.00766856 0.0347266 0.00321391 -0.000301707 0.00892908 0.0125322 0.00633779 0.00660975,800,0,cuda,54.48,55.68
test,619,Birman_29,Birman,cat,correct,Birman,lime,6,0.979585,36,0.479133,0.921818,0.442685,0.059147,0.914237,0.11023,0.69811,,,0.00710711 0.0391618 -0.00812453 0.00418552 -0.0344352 0.0299795 0.0628314 0.00654749 0.306739 -0.0331959 0.237012 0.0285961 -0.00620327 0.00774226 0.346876 0.0738814 0.0573298 0.0111763 -0.008681 0.0480213 -0.0684075 0.00963043 -0.000314281 0.0356912 -0.00371726 -0.0433327 -0.0207582 -0.00670099 0.012822 0.00146929 -0.0179709 -0.023786 -0.021119 -0.00552918 0.0208817 -0.000547922,800,0,cuda,44.76,46.25
test,2453,pomeranian_75,pomeranian,dog,correct,pomeranian,lime,24,0.992421,33,0.323262,0.881329,0.558067,0.053399,0.893512,0.075956,0.783784,,,0.0436038 0.00685784 -0.00749339 0.00870454 -0.034005 0.00432815 0.00587343 0.517386 -0.0108503 -0.00715281 -0.0358568 0.315358 -0.00275582 0.0540786 0.149547 0.272215 -0.0238671 0.0937739 -0.00497384 -0.0102163 0.0847185 0.0120981 0.0113538 -0.00581836 0.0147053 0.024181 0.00738472 0.0018442 -0.0182543 -0.0163939 -0.00831088 0.00995949 0.0146746,800,0,cuda,67.03,73.45
test,2235,newfoundland_59,newfoundland,dog,correct,newfoundland,lime,22,0.997577,40,0.394312,0.870775,0.476463,0.21519,0.875203,0.430754,0.604984,,,-0.0174507 -0.0355556 -0.014174 -0.0170608 -0.00696719 0.0123228 0.000116315 -0.0576131 0.00423362 -0.014287 0.001899 -0.00725844 0.0554424 -0.00379501 0.113983 -0.0147224 0.0914714 -0.0127289 0.226307 0.171659 0.031822 -0.0230469 0.193009 0.0975181 0.0120029 0.0215751 0.00950572 -0.00118097 0.0802196 0.209402 0.135131 -0.00510147 -0.0141953 0.0256045 0.0284908 0.00601561 -0.00180141 0.00143142 0.0110879 -0.00689645,800,0,cuda,53.18,54.06
test,3629,yorkshire_terrier_64,yorkshire_terrier,dog,correct,yorkshire_terrier,lime,36,0.99999,47,0.4262,0.832777,0.406578,0.405385,0.957053,0.103446,0.175739,,,0.00612292 0.00390205 0.00686547 -0.000595121 0.00584651 0.00245465 0.0101865 0.0107379 0.00554197 0.00710454 0.00657252 0.0154248 -0.00219651 0.00220073 0.0119772 0.0145356 0.00330282 0.0165563 0.00809852 0.0137607 -0.00283326 -0.0039096 0.00182995 0.00682465 0.022562 -0.00160796 0.00175851 -0.00371802 0.00343869 0.00247783 0.00878919 0.017938 0.00709492 0.00685013 0.0107342 0.00120229 -0.00188743 -0.00608349 0.012492 -0.000641605 -0.00526231 0.0149573 -0.00180597 -0.000366736 -5.63189e-05 0.000841495 0.00170745,800,0,cuda,38.61,51.98
test,3501,wheaten_terrier_39,wheaten_terrier,dog,correct,wheaten_terrier,lime,35,0.992419,36,0.997708,1.0,0.002292,0.239504,0.861402,0.376607,0.675655,,,-0.00217586 -0.00282182 -0.00957744 0.028735 -0.00305676 0.0475973 0.00319918 0.00173602 0.030139 0.0110356 0.0341168 0.0521796 0.00305801 0.0646714 -0.00465257 0.0620806 -0.0200079 0.0141467 0.0130502 -0.000412052 0.0900079 0.0345261 0.0846644 0.0176116 0.380261 -0.00073127 0.0815349 0.117831 -0.000910381 0.188442 0.00466506 0.0194067 -0.00391816 0.0227118 0.0878127 0.0134379,800,0,cuda,77.97,82.52
test,132,american_bulldog_39,american_bulldog,dog,correct,american_bulldog,lime,1,0.998102,39,0.456952,0.974909,0.517957,0.118777,0.92801,0.344643,0.819219,,,0.0243622 0.0375326 0.0221949 0.0364335 -9.13794e-05 0.548139 0.12445 0.00769329 0.0709186 0.0372993 0.172411 0.156272 0.0259809 0.112439 0.0785481 0.0317375 0.0100922 -0.00130273 0.00462652 -0.0288335 -0.0181633 0.015386 -0.0045751 0.0423455 -0.0150708 0.00946692 0.00113853 -0.00608553 -0.0146182 0.000726344 -0.00330674 -0.0103722 -0.000636206 -0.0147502 -0.00343584 -0.0258679 -0.00330384 -0.004667 0.0246686,800,0,cuda,24.9,32.17
test,283,american_pit_bull_terrier_87,american_pit_bull_terrier,dog,wrong,staffordshire_bull_terrier,lime,2,0.503919,39,0.168925,0.698091,0.529166,0.017312,0.628255,0.039053,0.761445,,,0.0341764 0.0263043 0.0328691 0.127768 -0.00025456 -0.0124847 0.000716995 0.00664966 0.00349617 -0.0250251 -0.00192624 0.0747829 0.0217335 -0.00205404 0.0266559 0.321214 -0.00617229 -0.0082768 -0.0217452 0.0342901 -0.0283545 -0.0165769 -0.0048059 0.0411189 0.0148657 -0.00561945 -0.000531402 -0.00297801 -0.00897657 -0.0020078 0.0154762 -0.00336848 -0.0068535 -0.00570463 0.00450072 -0.0431607 0.00182395 0.00340712 0.00842066,800,0,cuda,45.72,48.8
test,2533,pug_56,pug,dog,correct,pug,lime,25,0.999878,40,0.310128,0.838504,0.528375,0.157172,0.910823,0.158993,0.704571,,,0.390389 0.0111676 0.0502589 0.00891085 0.0084765 0.0885509 0.0105767 0.00821134 0.0883912 0.180407 0.262096 0.045813 0.0363666 -0.00110431 -0.0019852 -0.0267866 0.0132761 -0.0412646 0.000654845 -0.0525521 0.0198578 -0.0414243 -0.012961 -0.0033424 -0.0106923 0.00403965 0.00386281 0.000617539 -0.00286098 -0.018292 -0.0425258 -0.0202015 -0.0261901 -0.0177151 -0.00913039 -0.0154882 0.01105 -0.00788221 -0.0282371 -0.0272169,800,0,cuda,45.9,49.79
test,563,Bengal_69,Bengal,cat,correct,Bengal,lime,5,0.989214,29,0.242945,0.595728,0.352783,0.063571,0.960905,0.04978,0.887316,,,-0.00119722 -0.0195892 -0.00372913 -0.00211811 -0.000746892 -0.0306445 0.00444114 0.00266458 -0.0142996 -0.013103 0.0159509 0.0349678 -0.0556064 -0.00624999 -0.0751966 -0.0118434 0.720593 0.0347162 -0.00764577 0.00280726 -0.000515493 -0.00334325 0.00124916 -0.00154097 0.012122 0.0123245 0.0720981 0.0033557 -0.0048826,800,0,cuda,58.8,60.46
test,1285,english_setter_194,english_setter,dog,correct,english_setter,lime,13,0.611212,36,0.209522,0.622524,0.413002,0.045312,0.690653,0.087936,0.722925,,,-0.027476 0.0130511 -0.0116077 -0.00279585 -0.014429 0.010538 -0.0197664 -0.00912467 -0.00270397 -0.00594749 -0.00798503 -0.0208321 0.00397755 0.00905753 0.016187 -0.0145468 -0.015731 0.0190626 0.366675 -0.0189156 0.00664983 -0.0120128 -0.00203193 -0.00823558 0.0799038 0.0774965 0.00265353 0.00228987 -0.0137943 0.00162797 -0.0049298 0.0272639 -0.0207987 0.238493 0.00405484 0.00775749,800,0,cuda,38.7,40.3
test,921,British_Shorthair_34,British_Shorthair,cat,correct,British_Shorthair,lime,9,0.68542,34,0.540856,0.557301,0.016445,0.083422,0.654622,0.294256,0.451234,,,0.0506465 0.00741086 0.00198818 0.0119137 0.0183825 -0.00248575 0.0054048 -0.00577674 0.0273401 -0.00812506 0.0186138 -0.00663671 0.0332941 -0.00786135 0.0230899 0.0271217 0.0907544 0.0892758 -0.0207825 0.0180012 0.0267954 0.0441501 0.0104581 0.0223455 0.0189973 0.00644358 -2.30937e-05 -0.0116141 -0.00155706 0.0187562 0.0442745 0.0248302 -0.00440807 -0.0162827,800,0,cuda,40.44,51.69
test,2883,samoyed_194,samoyed,dog,correct,samoyed,lime,29,0.998944,40,0.2272,0.972109,0.744908,0.107504,0.950041,0.58052,0.62186,,,-0.0113381 -0.0439098 0.0290187 0.0137189 -0.0203194 -0.021935 0.00345965 0.0492054 -0.0211568 0.00618253 0.0163319 0.0745012 -0.00529224 -0.00137869 0.133382 0.0784934 0.128433 0.00185831 0.0816724 0.223185 -0.015469 0.304693 0.0504913 0.210547 0.044166 0.303483 0.0532745 0.00475045 -0.00530383 0.0309761 0.0347212 -0.011601 -0.0100164 0.0131769 0.00816923 0.0159739 -0.0233022 -0.0153959 0.000734407 -0.00511917,800,0,cuda,71.14,88.65
test,969,British_Shorthair_86,British_Shorthair,cat,correct,British_Shorthair,lime,9,0.999238,30,0.409957,0.989457,0.5795,0.104804,0.895294,0.434507,0.767391,,,0.0121729 0.00535422 0.00223043 0.0131411 0.0121954 0.000618476 0.0326942 0.0330152 0.409958 -0.0049941 0.00539519 0.0349956 0.237714 0.00622039 0.0260619 0.275675 0.0993557 0.0281827 0.0181996 0.343035 0.0113691 0.0116379 0.0125651 0.161611 -0.0097545 0.0358443 -0.00120655 0.0226708 0.0621079 -0.00958826,800,0,cuda,51.57,52.08
test,1212,english_cocker_spaniel_37,english_cocker_spaniel,dog,correct,english_cocker_spaniel,lime,12,0.999931,32,0.619659,0.783616,0.163957,0.21927,0.823494,0.519027,0.752868,,,0.0530747 0.0828349 0.0137473 0.0119352 0.0194039 0.187638 0.084582 0.187663 0.0669592 0.404533 0.00772112 -0.0119224 0.249794 0.255147 0.0345598 0.277349 0.0568388 0.00819969 0.023632 0.0311857 0.0354489 -0.012223 -0.00348617 0.0278395 -0.0152444 0.0438469 0.0115579 0.000781123 0.0168035 -0.0118601 0.0188045 0.0379208,800,0,cuda,41.37,44.95
test,394,basset_hound_97,basset_hound,dog,correct,basset_hound,lime,3,0.998093,33,0.574039,0.889534,0.315494,0.255154,0.870203,0.18427,0.602328,,,0.0515188 -0.00987725 -2.90908e-05 -0.00232439 0.0212451 -0.0434491 -0.0256933 0.0849698 0.07112 0.00549432 0.308265 0.279412 -0.0260907 0.0309365 0.00287387 0.0336769 -0.0154883 0.131149 0.0830432 0.196812 0.0224581 0.0903801 -0.0715872 -0.00125514 0.0310824 0.00182822 -0.022139 0.0747037 -0.0117101 0.0170387 0.00646512 0.0149558 0.00894237,800,0,cuda,64.75,68.03
test,913,British_Shorthair_27,British_Shorthair,cat,correct,British_Shorthair,lime,9,0.999637,40,0.324876,0.794149,0.469272,0.218643,0.825415,0.374119,0.704836,,,-0.0207901 -0.00880102 0.0387661 0.0404464 0.0294431 0.0110565 0.0104884 0.0152567 0.00478653 0.00974429 0.00167914 -0.00630763 0.262787 0.000444364 -0.0045779 -0.0128427 0.165299 -0.00559602 0.323871 0.00638687 0.00285617 0.263057 -0.0191302 0.288374 0.0136942 0.0880523 0.00663524 -0.0165207 0.12052 0.0550854 0.00868028 0.0256616 0.0538565 -0.000789226 -0.00542045 0.0170978 0.0107142 0.0249459 -0.0027787 -0.00426439,800,0,cuda,62.09,73.89
test,2101,miniature_pinscher_28,miniature_pinscher,dog,correct,miniature_pinscher,lime,21,0.99481,37,0.213489,0.703569,0.490081,0.097287,0.934671,0.186243,0.744083,,,0.0747276 0.00558285 -0.0166824 0.0273267 0.0608958 -0.00327413 0.466076 0.164352 -0.0103401 0.0152236 -0.0017796 -0.0792096 -0.0158776 0.351233 -0.00102146 -0.00680708 0.00916523 0.00128104 -0.0250072 0.00401492 0.141999 0.028698 0.136471 -0.0112068 -0.00106342 0.00690254 0.0138049 -0.00242543 0.0503742 0.0231273 0.0208227 0.0165421 -0.000803838 0.0350741 0.00327966 -0.0142533 0.00322735,800,0,cuda,42.55,46.65
test,3051,scottish_terrier_74,scottish_terrier,dog,correct,scottish_terrier,lime,30,0.998398,36,0.547413,0.902926,0.355513,0.111865,0.895664,0.283109,0.801086,,,-0.031941 -0.0121845 0.0988029 0.00412346 0.015261 0.0316439 0.0121906 -0.0185003 0.0174119 -0.0120577 0.574009 0.00618785 0.00634019 0.0100784 0.00767076 0.311396 0.0222875 -0.0372222 0.0879127 0.0443022 0.0128394 -0.00363077 0.00429382 0.00921564 0.0220117 -0.0221363 0.245944 -0.0233262 -0.000520419 0.00779792 -0.019365 0.00939303 0.0137873 0.000596654 0.0207457 -0.0252571,800,0,cuda,48.61,49.16
test,2487,pug_199,pug,dog,correct,pug,lime,25,0.998869,32,0.452886,0.97757,0.524684,0.291917,0.812139,0.481207,0.754398,,,0.133186 0.0654879 0.0250244 0.191646 0.171843 -0.0022103 0.00891737 0.0637115 0.0366525 0.0747811 0.157767 -0.00211795 0.0436658 0.156096 0.0273465 0.0901291 -0.0212167 0.218215 0.0309 0.0295065 0.0127381 0.195776 0.00222034 -0.00514012 0.000374016 0.00901736 -0.0322017 -0.00338715 -0.0070725 -0.00222254 0.0110388 -0.0128019,800,0,cuda,73.15,83.67
test,2551,pug_72,pug,dog,correct,pug,lime,25,0.999633,46,0.517459,0.993629,0.47617,0.24955,0.895467,0.493587,0.795319,,,-0.00863916 0.0175798 0.0468011 0.0253092 0.0102522 0.072322 -0.0137557 -0.00136977 0.0908666 0.0360692 0.0426634 -0.00272015 0.183494 -0.00203566 -0.000857648 0.0358963 0.000476021 0.540993 0.00962076 0.124194 0.105363 -0.00487022 0.0244736 0.0383282 -0.0251583 0.121303 0.00543912 0.0114369 0.0290044 0.0019117 -0.00474021 -0.0158183 0.128899 0.0102008 0.00957473 -0.0121334 0.0626128 -0.014583 0.000188419 0.00552829 -0.0172883 0.0298774 0.0430289 0.0153666 -0.00984553 0.00362937,800,0,cuda,54.35,65.17
test,723,Bombay_38,Bombay,cat,correct,Bombay,lime,7,0.999636,41,0.421098,0.832849,0.411751,0.346826,0.943792,0.308157,0.607351,,,-0.0209979 -0.00505647 0.0386201 0.101717 0.00501553 0.0154643 -0.00608801 -0.00261744 0.0807637 0.00486362 0.117791 0.0158905 -0.00924101 0.0189762 -0.0052207 0.0652435 0.0705941 0.22071 0.0111877 -0.00194837 0.0111324 -0.00216444 -0.00573225 0.0176938 0.0546716 0.0191213 0.0112687 -0.00622618 0.0394611 0.016357 0.022062 -0.00350898 -0.0120007 -0.004357 -0.012662 0.00370452 0.0184745 0.0179859 -0.00280574 0.00252264 0.00666615,800,0,cuda,33.36,41.6
test,2949,samoyed_71,samoyed,dog,correct,samoyed,lime,29,0.999448,37,0.166534,0.52764,0.361107,0.087637,0.89625,0.058888,0.784594,,,0.0386202 -0.0141705 -0.00877223 0.129252 0.00480406 0.0228923 -0.00511038 -0.00898516 0.53915 -0.0226434 0.00122226 0.00297164 0.364902 -0.00428964 -0.0202668 -0.00212203 0.0039463 0.176625 0.00938377 -0.00622128 0.0314013 0.021136 -0.00778269 0.00166584 0.00962724 -0.00719627 0.00159579 -0.00287608 -0.0080926 0.00120771 0.0194514 -0.00548775 0.00830292 0.00152047 0.00749294 0.00687344 -0.0104184,800,0,cuda,36.02,38.8
test,2043,Maine_Coon_5,Maine_Coon,cat,correct,Maine_Coon,lime,26,0.649121,32,0.705935,0.997167,0.291232,0.013711,0.223665,0.551826,0.234783,,,0.0052831 -0.00358822 0.00092457 0.00345117 0.00617574 -0.00120138 0.00129761 0.000836977 0.0065114 0.0109803 0.00240658 0.00238692 0.0156032 0.00813609 0.00248244 0.0174036 0.00901213 0.00256556 -0.000728687 0.00455529 -0.00295819 0.00279541 0.0154067 0.0136903 0.00661948 0.00393891 0.00452357 0.00511037 0.0128493 0.00269344 0.0116045 0.00467243,800,0,cuda,52.03,58.75
test,1992,Maine_Coon_246,Maine_Coon,cat,correct,Maine_Coon,lime,20,0.50879,35,0.642,0.776527,0.134527,0.062888,0.826939,0.124226,0.78418,,,-0.0275236 -0.0133604 0.0171937 -0.099167 -0.0514555 -0.0589636 -0.016918 0.0271476 -0.0138077 -0.0864099 -0.0355084 -0.0171462 -0.0788942 -0.0142067 -0.0313092 -0.0184467 0.00964604 -0.0841981 0.030413 -0.011941 -0.0295585 -0.00650131 0.106444 -0.0557861 0.252744 0.234347 -0.0731504 0.447073 0.0508614 -0.0193615 0.0951402 0.0173265 0.0238067 -0.0182264 0.00756832,800,0,cuda,53.03,65.74
test,1027,chihuahua_48,chihuahua,dog,correct,chihuahua,lime,10,0.999938,42,0.45452,0.965955,0.511435,0.147126,0.824867,0.258731,0.675541,,,-0.0409631 0.0388909 -0.0418903 0.123766 0.0441207 -0.0109891 0.0260145 0.0349131 0.0187588 0.0651786 -0.0152995 0.0269359 0.113698 0.122892 -0.0551062 -0.000135911 0.176275 -0.0278481 0.313077 0.121009 -0.00599459 0.0164808 0.241147 -0.00141251 0.116533 0.00928811 0.1762 -0.0208162 -0.0136794 0.0008984 0.0156124 0.0934469 0.0544114 -0.0234988 0.00440773 -0.0105997 0.248171 0.0640967 -0.0278689 0.0065887 0.00930584 -0.0633665,800,0,cuda,101.46,111.08
test,597,Bengal_9,Bengal,cat,correct,Bengal,lime,5,0.946618,36,0.25012,0.878079,0.62796,0.067024,0.917632,0.014194,0.90724,,,-0.00181952 0.0120654 0.00658014 0.0244562 -0.00370749 0.00341304 0.000145995 0.00585969 0.0161468 0.0129231 0.000952968 0.0780289 0.112361 -0.00167891 -0.00152728 0.00496997 0.00108012 -0.00982818 -0.00550086 0.002049 0.0755548 -0.000620733 0.0581243 0.00509737 0.711623 -0.017936 -0.0126503 0.0374571 -0.0071729 -0.0599352 -0.0292736 -0.00733756 0.00392104 -0.0105201 0.0130487 0.00712606,800,0,cuda,55.22,59.51
test,2271,newfoundland_91,newfoundland,dog,correct,newfoundland,lime,22,0.999446,42,0.231047,0.907791,0.676744,0.146895,0.908665,0.173941,0.91389,,,0.00114457 0.0541841 -0.0157384 0.00773588 0.0258716 0.0190349 -0.0105841 -0.00724442 -0.0108959 0.647705 0.0356706 -0.00214514 0.0808699 0.00723024 0.0290002 0.0100582 0.0171986 0.0311058 0.0152829 0.0440375 0.216721 -0.0125531 0.0282144 0.0300322 0.0607715 0.0124586 0.0256978 0.000893108 -0.0104121 0.0128409 0.0226691 -0.0268443 -0.016363 0.0207672 -0.0125131 0.0191003 -0.00664902 -0.000124669 0.009902 0.00138531 0.017615 -0.00866136,800,0,cuda,93.65,101.02
test,1061,chihuahua_79,chihuahua,dog,correct,chihuahua,lime,10,0.999821,38,0.830497,0.992367,0.161871,0.1537,0.783153,0.017047,0.569471,,,0.0177197 -0.00558615 0.0109641 0.0789957 0.00240066 -0.0172063 0.10997 0.057433 -0.0210111 0.0151801 0.175516 0.0908584 -0.0236007 0.0857375 0.118742 -0.0247842 0.000703836 -0.0160028 0.209736 -0.0191986 0.0102676 0.0404772 0.205379 0.181856 -0.0332211 0.201153 0.0393857 0.065167 0.0290761 0.0394082 -0.0113903 -0.00689485 -0.0015406 -0.0263047 0.0310966 -0.0048492 -0.0313835 -0.00310001,800,0,cuda,36.0,41.65
test,997,chihuahua_20,chihuahua,dog,correct,chihuahua,lime,10,0.999365,37,0.462293,0.995765,0.533472,0.145797,0.941816,0.558488,0.600816,,,-0.0121437 0.0053334 0.0373037 -0.0135849 0.0691907 0.0628186 -0.00768765 0.0195144 -0.00894876 0.14889 0.0713054 0.0492192 0.00435671 0.0273995 -0.0144066 0.0115208 0.0641066 0.166459 0.242737 0.142538 0.0298511 0.0395485 0.0759483 0.1283 0.230675 -0.0263237 0.082101 -0.00224423 0.028829 0.0125569 0.0192611 0.0124462 -0.0411663 0.00464741 -0.0122806 0.00520441 -0.0145288,800,0,cuda,43.16,49.53
test,1571,great_pyrenees_90,great_pyrenees,dog,correct,great_pyrenees,lime,15,0.9956,35,0.608937,0.974867,0.365931,0.274354,0.848681,0.535493,0.702778,,,0.00158602 0.00437709 0.0308927 -0.00821744 0.0153948 0.0362047 0.105004 0.427601 -0.00117692 0.0748702 0.0643694 0.0203055 0.0754653 0.0680143 0.00450093 0.0451572 0.0153325 0.0474424 0.155839 0.0195924 0.0727807 0.189337 0.0333186 0.00159142 -0.000170546 0.0440426 0.00371107 0.0241112 0.0153579 0.0327266 0.0254425 -0.00334578 0.0100792 0.0134794 0.00418364,800,0,cuda,41.28,57.97
test,2901,samoyed_28,samoyed,dog,correct,samoyed,lime,29,0.997696,31,0.753966,0.995653,0.241687,0.224847,0.881234,0.406191,0.709158,,,-0.0158631 0.00838263 -0.0199127 0.0239299 0.00451148 -0.0259544 0.100328 0.0593337 0.540884 0.0108853 0.0024688 0.0364753 0.0205792 -0.00937341 0.0189899 0.303368 0.115891 0.0212334 0.0344874 0.0222062 0.0721151 0.0437738 0.0293747 -0.0195623 0.0431777 0.030585 0.0177896 -0.0185001 0.0326892 0.00955809 -0.0019799,800,0,cuda,46.95,47.75
test,1273,english_cocker_spaniel_92,english_cocker_spaniel,dog,correct,english_cocker_spaniel,lime,12,0.999992,35,0.373964,0.981612,0.607649,0.1264,0.880069,0.584724,0.742236,,,0.020494 0.0145991 0.0136375 0.00360838 0.00543317 0.00784204 -0.0103857 0.018178 -0.000666338 0.0705144 -0.0318388 -0.00528934 0.0691291 0.0516569 -0.00371501 -0.0135172 0.407425 0.41707 0.210309 0.0946481 -0.00304118 0.0677693 0.118519 0.187531 0.226561 -0.00549101 -0.0116463 0.0751473 0.033875 -0.00148837 0.0624055 0.120182 -0.0281008 0.0147026 -0.000352723,800,0,cuda,43.28,67.8
test,2823,saint_bernard_48,saint_bernard,dog,correct,saint_bernard,lime,28,0.99966,39,0.645468,0.987402,0.341934,0.316286,0.833294,0.509771,0.644089,,,-0.0118648 0.0853579 0.13798 0.0992522 0.0822918 0.0652746 -0.0106676 -0.00173374 0.255841 0.14461 0.115741 0.0353087 0.0220186 0.0415847 0.0778043 -0.0535834 0.218162 0.0147766 -0.0169854 0.0213458 0.031774 0.164513 0.0259236 -0.0340084 0.0344322 -0.0258692 0.0708913 0.0344073 0.035959 0.0288093 0.061772 -0.0490816 0.0104383 0.00526001 0.0024736 0.0147875 -0.0148024 0.0129923 0.01498,800,0,cuda,51.14,62.83
test,1275,english_cocker_spaniel_94,english_cocker_spaniel,dog,correct,english_cocker_spaniel,lime,12,0.999998,41,0.594886,0.933227,0.338341,0.17474,0.809311,0.384584,0.64741,,,0.0119395 0.0183644 0.131711 0.304817 0.0286815 0.0810682 0.0931022 0.0318113 -0.0211593 0.106152 0.164714 0.174347 0.167278 0.276119 0.0450836 0.130299 0.0341937 0.0741617 0.0505135 0.0351921 0.0504288 0.0971286 0.0326979 -0.0122004 -0.0232156 -0.0295404 -0.00796785 -0.00618546 0.0383189 -0.00489153 -0.0121097 0.0270917 0.0362391 0.0061305 0.0254346 0.0197024 0.0356946 -0.0309088 -0.00595138 0.000747857 -0.0101431,800,0,cuda,24.86,43.22
test,653,Birman_5,Birman,cat,correct,Birman,lime,6,0.999551,36,0.628966,0.962066,0.3331,0.214904,0.933195,0.513259,0.641539,,,0.0115643 0.0297875 -0.00853249 0.0141021 0.0192858 0.00854152 0.0796759 0.00379016 0.00854885 0.215007 0.0854131 -0.000167914 0.110878 0.121289 0.231736 0.2166 0.0233203 0.0238872 0.00714717 0.0263827 0.0303035 -0.0232731 0.00340957 0.0150479 0.119975 0.214403 0.00452928 0.0014961 -0.0109968 0.0227957 0.0140058 -0.00206028 0.00627578 -0.0243446 -0.00530162 -0.0172312,800,0,cuda,83.71,84.39
test,2929,samoyed_53,samoyed,dog,correct,samoyed,lime,29,0.998574,34,0.444176,0.988125,0.543949,0.132973,0.942629,0.097842,0.976153,,,0.00612734 -0.00305747 0.000768308 2.92609e-05 0.0149386 0.00314881 -0.00320216 -0.000793483 0.00276085 0.00172113 -0.00180835 0.00583249 0.0829592 -0.00788865 -0.00530756 -0.00608783 -0.00310897 -0.018498 -0.00309248 -0.00107269 0.0398174 0.843483 -0.000204651 -0.000492616 0.00535276 0.0110212 0.00960056 0.0014598 0.00922513 0.010257 0.000183256 0.00725686 0.0325438 0.023985,800,0,cuda,62.76,64.11
test,2455,pomeranian_77,pomeranian,dog,correct,pomeranian,lime,24,0.992238,39,0.200694,0.805917,0.605223,0.082401,0.90295,0.051594,0.818343,,,0.0200858 -0.00899408 0.0170093 -0.0207668 0.0158564 -0.0114908 0.0169067 0.0208326 0.0115573 -0.00726711 -0.0198187 -0.00779192 0.0149128 0.119413 0.00382172 -0.00745818 0.0153153 0.0272715 0.0483534 0.135559 0.221172 0.160779 0.00526203 -0.0156436 0.00423218 -0.00412724 -0.00615333 0.615205 -0.000866317 0.00865402 0.044716 -0.014407 0.000517717 0.0233826 -0.0108461 0.0139796 0.000430104 0.00834285 -0.00284915,800,0,cuda,70.93,77.65
test,2310,Persian_28,Persian,cat,correct,Persian,lime,23,0.999682,38,0.619599,0.823021,0.203422,0.198439,0.929022,0.327915,0.825722,,,0.0438799 -0.0137092 0.0320748 0.061903 0.0240907 0.00797314 0.0940226 -0.0147129 0.03677 -0.000307212 0.014094 0.0473143 0.0099864 0.000830719 0.196292 0.0347326 0.0337323 0.020766 0.0306598 0.134198 0.0228981 0.526191 0.0037312 0.0145509 0.0171436 0.0477294 0.0145197 0.000863328 0.00201834 0.0195986 0.0178279 0.0254865 0.000962459 0.0141045 0.0146121 0.0228182 0.00724413 -0.0228361,800,0,cuda,63.21,84.83
test,2225,newfoundland_4,newfoundland,dog,correct,newfoundland,lime,22,0.999708,29,0.549984,0.837792,0.287808,0.466913,0.911095,0.32413,0.700753,,,-0.010975 -0.00929299 0.018539 0.0184077 -0.00699107 0.0952378 0.0381599 -0.000792597 0.0115322 0.00360309 0.147492 0.29137 -0.029813 0.0308302 -0.00751114 0.0367379 0.0829547 0.0100501 -0.0117794 0.0760305 -0.00867353 0.059593 0.0501519 0.00157794 0.00826296 0.0465947 0.0846172 0.0177746 0.00519462,800,0,cuda,50.48,53.17
test,667,Birman_72,Birman,cat,correct,Birman,lime,6,0.642601,37,0.316885,0.859875,0.54299,0.077235,0.829641,0.123845,0.70622,,,-0.00887582 0.0165265 -0.00384776 -0.0353629 0.0150986 0.0022704 0.0167574 0.0112085 0.220596 0.109983 -0.027048 -0.0079707 0.00275124 0.228437 0.030309 0.121794 0.0431333 0.0170199 -0.00863231 -0.0389669 0.348043 -0.0442282 -0.00368337 -0.0162018 -0.0230298 0.0209276 -0.0149425 0.0145894 -0.0611732 -0.0633924 -0.00128762 0.00477271 0.00749594 -0.0213398 -0.00425463 -0.0170207 0.0150179,800,0,cuda,38.79,65.07
test,3373,Sphynx_93,Sphynx,cat,correct,Sphynx,lime,33,0.999696,36,0.34385,0.960355,0.616506,0.292905,0.939486,0.310977,0.666949,,,0.000395777 -0.0310164 -0.00831521 0.00825261 -0.00758819 -0.0038635 0.0505423 0.189588 -0.004864 -0.0151112 -0.00836885 0.00465641 -0.00786056 0.0114125 0.00140169 0.0143895 -0.0110042 0.0500622 0.249663 0.245857 -0.00560085 0.0761232 -0.0106649 0.0201447 0.0125166 0.0195613 0.0177822 0.0210932 0.0327408 0.0311753 0.0179901 0.00175169 -0.0061807 -0.00992961 0.0148443 0.00392944,800,0,cuda,62.61,65.34
test,878,boxer_94,boxer,dog,correct,boxer,lime,8,0.987028,39,0.812659,0.99988,0.187221,0.239522,0.886872,0.212275,0.507581,,,-0.00633389 -0.00273051 -0.00415171 0.136124 0.0629967 0.00700943 0.0725122 0.0403549 0.0724643 0.125974 0.0220668 0.00639819 0.0871201 0.0245598 0.102 -0.00850846 -0.00384578 0.00920635 -0.00230521 -0.0210016 0.0596285 -0.0201105 -0.00632142 -0.000660617 0.0113518 -0.00321593 -0.00614841 -0.00587142 -0.0102185 -0.00586237 -0.000711944 0.0123417 -0.00982844 -0.0434597 0.00836026 -0.00118217 -0.00848326 -0.0171246 0.00594159,800,0,cuda,63.69,64.67
test,241,american_pit_bull_terrier_47,american_pit_bull_terrier,dog,correct,american_pit_bull_terrier,lime,2,0.941533,44,0.79835,0.991625,0.193275,0.120922,0.774606,0.054767,0.581155,,,0.0219864 0.0299004 -0.00982276 0.0242195 0.00217346 0.0113849 0.035561 0.0339116 0.0649971 0.0171064 0.0561472 0.0914877 0.00486643 0.0449119 0.103549 0.0490171 0.000473591 0.0545187 0.169395 0.239725 0.0437651 0.0927768 -0.0163025 0.180289 0.0155376 -0.00329996 0.0633375 0.0226375 -0.00177335 -0.0172018 0.0246968 0.0268444 -0.0102345 0.011889 0.0314378 -0.0123018 0.00151452 -0.0215685 0.0122064 -0.0420762 0.0230313 -0.00262343 -0.0158239 0.0187949,800,0,cuda,52.11,56.32
test,340,basset_hound_48,basset_hound,dog,correct,basset_hound,lime,3,0.999975,28,0.805106,0.783444,-0.021662,0.578782,0.774588,0.359006,0.474892,,,0.0577646 0.0222151 0.0391343 0.177067 0.0575401 0.101188 0.0361542 -0.0239144 0.0364981 0.0629122 0.0655584 0.0221419 0.120243 0.01742 0.144499 0.0190317 0.0652209 0.019687 -0.034338 0.00138493 0.0142967 0.00774776 -0.0103892 -0.0110989 0.0334463 0.0622083 -0.000216835 0.0112266,800,0,cuda,27.12,43.85
test,3507,wheaten_terrier_44,wheaten_terrier,dog,correct,wheaten_terrier,lime,35,0.999396,44,0.299406,0.976203,0.676797,0.115879,0.957248,0.124983,0.734128,,,0.0123393 0.014718 -0.013832 -0.0250529 0.0319016 -0.000557458 0.0146571 0.0167735 -0.00522506 0.129259 -0.0237053 0.0355725 0.0101122 -0.00255096 0.0744941 -0.00332963 0.232687 -0.0153049 0.0110271 0.00863699 0.479791 0.0808543 -0.018905 0.0269001 -0.0187924 0.0151327 0.177253 -0.00239013 -0.0117285 0.00370664 0.0211633 0.0576856 0.0320524 0.0282146 -0.00205133 -0.00703802 -0.014899 -0.00410523 0.0122498 0.0801455 0.0129598 -0.0221932 -0.0103186 -0.00219487,800,0,cuda,49.17,55.07
test,2342,Persian_61,Persian,cat,correct,Persian,lime,23,0.999481,31,0.646445,0.995807,0.349362,0.330274,0.901479,0.570828,0.608065,,,0.0274289 0.0568659 -0.0127164 -0.0044262 0.0541643 0.0147745 0.0246595 0.0978157 0.0344754 0.0117114 0.10891 0.153004 0.0538364 0.0953666 0.094985 0.161307 0.15001 0.0178366 0.0118275 0.0672941 0.0875214 0.028788 0.0642428 0.00942167 0.0535889 0.136098 -0.0018385 0.0104749 0.00426717 -0.00295918 0.00421378,800,0,cuda,55.44,59.36
test,3150,shiba_inu_73,shiba_inu,dog,correct,shiba_inu,lime,31,0.999316,41,0.288285,0.911256,0.622971,0.067545,0.884218,0.051394,0.776319,,,-0.0061958 -0.00378604 -0.0707209 -5.23749e-05 -0.00105059 -0.0166912 -0.00519972 0.00541663 -0.00708404 0.409678 -0.0110491 0.0271953 -0.0167511 0.0024677 5.18408e-05 -0.0116056 0.000311197 0.466962 0.0822058 -0.00419201 0.0139908 0.0113759 -0.0316908 -0.00866538 0.0440781 -0.0115255 0.018237 -0.00626653 0.156043 -0.0248679 0.0194509 0.0396124 0.022051 0.007053 0.0155783 -0.00672336 0.0145902 -0.0377322 -0.00542818 0.0268663 -0.0115829,800,0,cuda,61.51,84.24
test,3294,Sphynx_235,Sphynx,cat,correct,Sphynx,lime,33,0.999917,37,0.459443,0.965245,0.505803,0.276778,0.909174,0.352547,0.695065,,,0.241538 0.026389 0.00408418 0.0196896 0.0117711 0.00516197 0.0863007 -0.0177882 0.0734329 -0.0216065 -0.0159704 0.00301068 0.0336544 0.0734017 0.13423 0.00142583 -0.0257426 -0.0154608 0.0673381 0.116013 0.023293 0.000524356 0.00959252 -0.00203369 0.0220915 0.0391392 0.00604461 0.0903537 0.00732838 0.069216 0.0125555 -0.0105407 -0.00717056 0.013283 -0.0104202 0.00641647 0.0205374,800,0,cuda,53.54,76.73
test,2350,Persian_69,Persian,cat,correct,Persian,lime,23,0.999112,37,0.707928,0.988649,0.28072,0.183883,0.925584,0.300594,0.720439,,,0.0629711 -0.00776245 0.0298281 0.0648856 0.0205263 0.0523024 0.257862 0.126487 0.0251719 0.0310766 0.0897456 0.0490994 0.409412 0.0574572 0.141043 0.0459147 0.057263 0.0180744 0.00916112 0.002423 -0.00717731 0.00420506 0.00124862 -0.00400099 0.0124589 -0.0335118 -0.0217948 -0.00539939 0.0300921 -0.00651317 0.00223802 0.013705 0.0113755 -0.0352445 0.00616708 0.00695217 0.0183036,800,0,cuda,61.94,65.61
test,1922,leonberger_47,leonberger,dog,correct,leonberger,lime,19,0.999076,41,0.129444,0.638232,0.508788,0.031297,0.960973,0.034506,0.977136,,,-0.000288348 -0.00627572 0.0041052 -0.00875526 -0.00464256 0.00202793 -0.00621433 0.00383463 0.00126419 0.00205393 -0.00458203 -0.000942413 0.00885514 -0.00430182 -0.00178287 0.00414897 0.0235835 -0.0159287 -0.0045151 0.00693186 0.000287413 0.906664 0.0417248 0.0373905 0.00314382 -0.00837958 0.00434126 0.0581016 -0.00608439 -0.0163073 0.00776754 -0.000602218 0.0175726 -0.00394886 0.00939559 0.00289135 0.00599329 0.00115772 0.00657116 0.00503003 9.2467e-05,800,0,cuda,61.74,67.37
test,2760,Russian_Blue_81,Russian_Blue,cat,correct,Russian_Blue,lime,27,0.994485,34,0.478177,0.950195,0.472018,0.104202,0.761433,0.037788,0.782719,,,-0.0136933 -0.0121704 -0.0355935 -0.0287229 0.0654445 0.0326823 0.0248745 0.0410117 -0.0278094 0.143473 0.103142 0.105099 0.0533747 -0.0188885 0.0079126 0.11274 0.445678 -0.00375197 0.0754564 0.0313927 -0.00888023 0.0435773 0.0144743 0.0147638 0.187271 0.0141668 0.0780872 -0.0065015 0.0014708 0.0096776 0.0112774 -0.00285533 -0.000904933 0.0394568,800,0,cuda,70.43,74.15
test,3029,scottish_terrier_54,scottish_terrier,dog,correct,scottish_terrier,lime,30,0.999374,34,0.362345,0.85629,0.493946,0.226195,0.958114,0.348138,0.675996,,,0.00199504 0.0914095 -0.0241732 0.0412961 0.177381 0.0584478 -0.000823454 0.314472 -0.010121 0.135754 -0.00935911 -0.013648 0.00667645 0.0110322 -0.0102826 0.00732856 0.020587 -0.0242544 0.0402731 0.0176921 0.163555 -0.00358029 -0.00564061 0.00134374 0.0610651 0.0241831 -0.0111323 0.0239803 -0.0132678 0.0127733 0.0251026 0.0209615 0.0038698 0.0282025,800,0,cuda,48.42,62.58
test,1950,leonberger_72,leonberger,dog,correct,leonberger,lime,19,0.999571,35,0.556481,0.976473,0.419992,0.292291,0.878995,0.442159,0.729726,,,0.0404859 0.0838588 0.0318888 0.161648 -0.0127348 0.0402711 0.184303 0.44717 0.0436081 0.175066 0.0282881 0.135203 -0.0244276 0.000525174 0.0392664 0.0220951 0.0638157 0.0128923 -0.0157518 0.0718044 0.0293555 -0.0295136 -0.0131625 0.0320415 -0.00610769 0.00634223 -0.0288226 0.0859087 0.0215265 -0.0096791 -0.0128334 0.0227133 0.0108674 0.0112686 0.0369163,800,0,cuda,51.54,54.86
test,518,Bengal_28,Bengal,cat,wrong,Egyptian_Mau,lime,5,0.992508,43,0.46873,0.889226,0.420496,0.305233,0.917471,0.276079,0.456821,,,0.0166939 0.0707868 -0.00302882 -0.00431956 0.00948478 0.0192246 0.00500277 0.00625226 0.0145163 0.00351227 -0.00877156 0.0350992 0.0156987 -0.0170518 0.0453038 0.0353708 0.00293153 0.00881842 0.0221474 -0.0179308 0.0747467 -0.00704859 0.00333084 -0.0274461 0.00182126 0.0411269 -0.0051867 0.0621114 0.0147041 0.0161393 -0.00584832 0.0210726 0.0753674 0.0627235 0.0161623 0.168544 0.00223414 -0.0142632 0.0158449 0.00575035 0.0141755 0.00781415 -0.0265954,800,0,cuda,53.3,68.67
test,2426,pomeranian_50,pomeranian,dog,correct,pomeranian,lime,24,0.99491,37,0.54253,0.99527,0.45274,0.127034,0.806264,0.083053,0.643904,,,-0.0173858 0.000498913 -0.00208395 0.00292515 -0.0416548 0.0476791 -0.00737329 0.0225208 -0.000432295 0.0480452 0.0319136 0.0188762 0.0765974 0.168796 0.0614195 -0.00220159 0.308024 0.169786 0.0202019 -0.0175639 0.0458463 0.0811544 0.0682258 -0.00530743 0.263909 0.0091492 0.021431 0.22248 -0.0015872 0.0126913 0.00595093 0.00946982 -0.0081339 0.0150834 -0.00902162 0.00618499 0.0339852,800,0,cuda,46.92,49.55
test,1424,german_shorthaired_48,german_shorthaired,dog,correct,german_shorthaired,lime,14,0.999544,22,0.122489,0.343034,0.220545,0.162811,0.868061,0.247255,0.804516,,,-0.00306403 -0.0101315 -0.0152273 -0.00379686 0.0208765 -0.00309212 0.0023334 -0.00423957 -0.00335962 0.0316885 -0.00687269 0.0472371 0.0121105 0.315767 0.126175 0.00667662 0.191257 0.482974 0.0304688 -0.00821744 -0.0274333 0.103326,800,0,cuda,46.25,53.22
test,1610,havanese_35,havanese,dog,correct,havanese,lime,16,0.996671,31,0.562221,0.853105,0.290884,0.186359,0.827614,0.433817,0.853619,,,0.0200634 0.0188181 0.0938916 0.0295656 0.0291157 0.0713459 0.000669687 0.123643 0.0250637 0.0203375 -0.0163916 0.0957076 0.0363951 0.0840983 0.576501 0.0191901 0.00294083 0.101968 0.0297497 -0.0151509 0.0105506 0.295699 -0.00617153 -0.00533359 0.0502983 -0.0077733 0.0383213 0.0119278 0.0108261 0.0027133 0.0598366,800,0,cuda,74.47,75.27
test,766,Bombay_7,Bombay,cat,correct,Bombay,lime,7,0.999962,36,0.351543,0.883378,0.531835,0.312566,0.977902,0.141641,0.537109,,,0.0265147 0.0060248 -0.000312469 -0.0107707 0.00108706 0.0035337 -0.000997697 0.13804 0.00632815 -0.0169841 0.00452948 -0.0130808 -0.0197601 -0.000369169 -0.00448813 -0.00352329 0.11672 0.181752 -0.00904661 0.00574007 -0.0171887 0.0141182 0.027905 0.00615016 0.0064512 0.0569489 -0.00877014 0.0178844 -0.0191214 0.000477567 -0.00653789 0.0162326 0.00960463 0.00788281 -0.0242374 -0.0156369,800,0,cuda,53.49,69.57
test,1976,leonberger_96,leonberger,dog,correct,leonberger,lime,19,0.988671,40,0.319376,0.94228,0.622904,0.085391,0.93217,0.129721,0.749636,,,0.00844882 -0.0139579 0.024718 0.0102138 -0.0135785 -0.0467151 0.513344 0.000218445 -0.0447272 0.0926549 -0.0423191 -0.161259 0.0335273 0.0141474 0.00332361 0.0124522 0.013 -0.0279156 0.0318115 0.232736 0.330576 0.00414268 0.00478522 -0.0084149 0.11222 0.0290317 -0.0163449 0.0561694 0.0142874 0.0402813 0.0148936 0.00143618 -0.0234329 -0.0146099 0.014955 -0.0119815 0.0119775 0.00994616 0.00175364 -0.00704221,800,0,cuda,25.7,53.37
test,3287,Sphynx_228,Sphynx,cat,correct,Sphynx,lime,33,0.999862,45,0.50564,0.832905,0.327265,0.341483,0.889905,0.535126,0.664124,,,0.0357767 -0.001251 -9.398e-05 0.0617036 0.00107974 -0.00162914 0.0194995 0.0447837 -0.0100576 0.0822662 -0.0101512 0.0330837 0.172665 0.170866 0.150532 0.0555272 0.0567671 0.0314869 0.0432346 0.010904 0.133707 0.0227253 0.0443585 0.0289735 0.0508734 0.0365209 0.0556653 0.0568834 -2.28418e-05 0.0449901 0.104725 0.00802422 0.0166897 0.00977153 0.0199403 0.00540752 -0.0129321 -0.0138299 -0.010403 0.0175193 0.011886 -0.0130704 -0.0119102 0.00170915 -0.0021921,800,0,cuda,36.78,55.23
test,2356,Persian_75,Persian,cat,correct,Persian,lime,23,0.997554,26,0.734116,0.996372,0.262256,0.15881,0.921071,0.215811,0.777459,,,0.0327238 0.0489711 0.015745 0.00859969 0.0797537 0.0227713 0.129379 0.211147 -0.00431499 0.176285 -0.0187656 0.0699379 0.0994705 0.000124835 0.573123 0.018368 -0.00298631 0.0377958 -0.0291693 0.00402118 -0.051425 0.0186184 0.0085781 -0.00905523 -0.00497052 0.0058125,800,0,cuda,61.77,68.69
test,906,British_Shorthair_272,British_Shorthair,cat,correct,British_Shorthair,lime,9,0.996444,33,0.831354,0.989431,0.158078,0.127111,0.849976,0.024409,0.762101,,,0.0699585 -0.0307142 0.0289919 0.0392759 0.0646407 0.00808174 0.000982329 0.0177386 -0.0147559 -0.0183198 0.208355 0.0208787 0.0115219 0.0729268 0.278045 0.0254232 -0.00166787 0.0335274 0.245768 0.358709 0.0144633 -0.00262251 0.0514891 0.065326 -0.0504151 -0.0286002 -0.0149292 0.00560067 -0.00180112 -0.000469664 -0.00916087 0.0107193 -0.0238204,800,0,cuda,39.07,43.98
test,2226,newfoundland_50,newfoundland,dog,correct,newfoundland,lime,22,0.999439,43,0.230289,0.513781,0.283491,0.161926,0.90877,0.313952,0.756877,,,-0.00871651 -0.00263001 0.00751809 -0.0154231 -0.00362249 0.0478681 0.0411583 -0.0135241 0.0480623 -0.00212423 -0.0041857 0.0178447 0.211302 0.0978278 0.00399606 0.422122 0.0953793 -0.0176628 0.120914 -0.00531591 0.00294742 0.251727 0.00191737 0.134273 0.000610082 -0.0193091 -0.00566676 0.00377432 0.0239516 -0.00942625 -0.0120742 0.0222793 0.0358686 -0.011079 0.0151312 -0.0192722 -0.000964434 0.00917894 0.00206284 0.00956688 0.0222446 0.013821 -0.0239658,800,0,cuda,51.09,61.6
test,2735,Russian_Blue_53,Russian_Blue,cat,correct,Russian_Blue,lime,27,0.906357,40,0.21307,0.757495,0.544425,0.057798,0.832086,0.36426,0.822136,,,0.0024751 0.0144292 0.0242481 -0.00476509 -0.0173245 0.0323744 -0.00757731 -0.00428593 0.0886141 0.00410643 -0.00769805 -0.00382475 -0.0249558 0.0196493 0.391587 -0.0108249 -0.0100681 0.0578038 -0.0099309 0.0885031 0.0205055 0.0284903 0.130312 -0.00456761 0.249234 -0.00349638 0.0365763 0.0228286 0.0104233 0.00923803 0.0337437 0.354928 0.0246076 0.0239231 0.0608971 0.00782214 0.0247383 0.0500892 0.024178 0.0205687,800,0,cuda,75.96,76.51
test,1324,english_setter_48,english_setter,dog,correct,english_setter,lime,13,0.999751,43,0.427256,0.914439,0.487183,0.267632,0.901486,0.459903,0.545912,,,0.00723402 0.0118765 0.0397259 0.044328 0.0125806 0.0394906 0.0104878 0.0727843 0.0169905 0.0662797 0.0253557 -0.00802643 0.12371 0.012678 0.0557159 0.160147 0.0311173 0.0146839 -0.00815672 0.036155 0.0270779 0.0104307 0.245393 0.00874085 0.021992 -0.00290447 -0.006767 0.145679 -0.00650693 -0.00336325 -0.0349811 -0.00194909 0.0612309 0.00586677 0.0162914 0.0037635 -0.00180443 -0.0102827 0.0404632 0.0179365 -0.0103055 0.00451274 -0.0151169,800,0,cuda,30.23,34.11
test,838,boxer_57,boxer,dog,correct,boxer,lime,8,0.798404,30,0.607502,0.822719,0.215217,0.12919,0.875306,0.358302,0.67434,,,0.0865915 0.16294 0.0910148 0.0357999 -0.0114431 0.0606263 0.138591 0.232153 0.218408 0.155488 0.127605 -0.00872791 0.00445706 -0.118969 0.000606711 0.00668208 0.0989318 -0.0533816 0.0485841 -0.00165203 -0.0293207 0.0453746 -0.0398984 -0.0192824 -0.00673543 -0.0176574 -0.00332824 -0.0181358 0.0304009 0.00992844,800,0,cuda,90.18,90.69
test,268,american_pit_bull_terrier_71,american_pit_bull_terrier,dog,correct,american_pit_bull_terrier,lime,2,0.776435,34,0.300841,0.969731,0.66889,0.038303,0.685845,0.153725,0.646186,,,0.0280589 -0.0376446 0.0135615 -0.00286955 0.0409398 0.0361717 -0.0120706 -0.00159404 -0.0255326 0.11761 -0.000326201 0.0493308 0.0674299 0.196258 -0.0423874 0.269282 0.00435475 0.00419846 -0.00808619 -0.0267023 -0.00499507 0.106634 0.0690179 -0.0376929 -0.0023183 0.0139265 -0.0113702 0.0122346 0.00459298 0.0461321 0.00451709 0.0072592 -0.00200154 -0.00508108,800,0,cuda,49.01,55.11
test,1049,chihuahua_68,chihuahua,dog,correct,chihuahua,lime,10,0.993443,44,0.568439,0.986358,0.417919,0.153284,0.797911,0.359506,0.588466,,,-0.00731455 -0.00556607 0.108222 0.0103378 0.097369 -0.0277084 0.00168753 -3.48889e-05 0.0660468 0.0169601 0.0634932 0.0283602 0.0594727 0.311311 0.0491302 0.0619269 -0.0828638 0.0990898 0.12535 0.021828 0.104908 0.141679 0.166297 0.278414 0.0840267 -0.0435646 0.103394 0.0222599 -0.0613575 0.00889531 -0.00485533 0.0780821 0.011657 -0.00140378 -0.00718724 -0.0994124 0.0266607 0.0166273 -0.00183043 0.00148757 -0.0183035 -0.0156873 0.021916 -0.0259819,800,0,cuda,59.31,62.6
test,1590,havanese_199,havanese,dog,wrong,english_cocker_spaniel,lime,12,0.617744,39,0.232801,0.436667,0.203866,0.13903,0.56292,0.074434,0.604515,,,0.0011072 -0.0126586 -0.0192836 -0.0293501 0.015831 -0.00542346 -0.00712387 0.0195443 0.00925248 0.00833391 0.023075 0.00814618 0.0362336 0.00857379 0.00900705 0.0144074 0.0296972 -0.00162636 0.0775258 0.00239563 0.012472 0.0516365 0.0291001 0.0236371 -0.000729996 0.00234101 0.00113331 -0.00995821 0.109247 0.0153895 0.00548585 0.129126 0.0201675 0.00165676 0.0924358 0.068485 0.00601341 0.0218375 -0.00342939,800,0,cuda,37.66,52.27
test,3137,shiba_inu_61,shiba_inu,dog,correct,shiba_inu,lime,31,0.976738,34,0.045081,0.231288,0.186207,0.027558,0.89745,0.308127,0.655213,,,0.0196935 0.0139664 -0.00298437 -0.0232918 0.00323054 0.0193756 0.0192872 0.00732595 0.00329667 -0.0149186 -0.0233978 0.00906257 -0.00461194 -0.0401836 0.0146228 0.121664 0.00850641 -0.0118398 -0.00993049 0.0486922 -0.00949435 0.344687 -0.0101752 0.0192745 0.235155 0.0123656 -0.0176536 0.00459805 0.0499159 0.0378402 0.131077 0.0111665 0.0180254 -0.0100181,800,0,cuda,29.7,30.85
test,2617,Ragdoll_34,Ragdoll,cat,correct,Ragdoll,lime,26,0.999516,29,0.774534,0.95786,0.183326,0.105741,0.729983,0.123456,0.826246,,,0.0868241 0.0197517 0.0164209 0.00663183 0.000214549 0.00387148 0.0331504 -0.0167526 0.0788177 0.0110972 0.00742466 0.0564246 0.0062372 -0.00776628 -0.0434769 0.0300376 -0.00790304 0.0481665 0.148515 0.696632 0.0464646 0.00461834 0.0236943 0.0411149 0.0530123 0.0239881 0.010445 0.0171337 0.016143,800,0,cuda,54.27,58.76
test,107,american_bulldog_216,american_bulldog,dog,correct,american_bulldog,lime,1,0.999958,36,0.535894,0.982846,0.446952,0.224382,0.815424,0.463711,0.754493,,,-0.00136921 0.00546534 0.0204425 -0.00777761 0.174651 0.0214155 0.0422082 0.016669 0.0443927 0.0332262 0.15587 -0.00441436 0.00856327 0.0970535 0.00979448 -0.0053967 0.0180027 0.0412408 0.326566 0.436693 0.0175989 0.000825207 0.0902546 0.0121938 0.0144516 0.0445045 0.000810341 0.000623442 0.00642814 0.079907 -0.0178829 -0.00692333 0.0101157 -0.0408948 -0.00891149 -0.0230439,800,0,cuda,61.43,62.71
test,3074,scottish_terrier_95,scottish_terrier,dog,correct,scottish_terrier,lime,30,0.999497,37,0.351323,0.76126,0.409937,0.137926,0.934012,0.407786,0.736718,,,0.0282169 0.00292403 0.221862 -0.0207835 0.0150597 0.032991 -0.0286534 -0.000149431 0.0201755 0.502498 -0.0223024 -0.00374942 0.0186419 0.372876 -0.0217958 0.0987518 0.0869466 0.0115734 0.0699635 0.00901721 -0.0254216 0.216876 0.0294073 0.00825475 0.00656485 -0.00458787 0.0115952 0.047027 0.0113395 0.0558633 -0.00612176 0.00455055 -0.00705929 -0.0250258 -0.016587 -0.00286918 0.00153769,800,0,cuda,81.45,90.36
test,3239,Siamese_5,Siamese,cat,correct,Siamese,lime,32,0.966285,28,0.423709,0.4528,0.029092,0.113577,0.833538,0.047038,0.714083,,,0.267601 0.0268435 0.0389593 0.0126819 0.327977 0.145923 0.00407715 0.0897109 0.144377 -0.00846471 -0.0343697 0.0268783 -0.00891066 -0.000699784 0.0404286 0.0194044 0.0352939 0.0180689 0.0229591 0.0429488 0.0274949 0.0246467 0.0352505 0.0430249 0.0454028 -0.00458412 0.0236934 -0.00491983,800,0,cuda,56.22,57.26
test,1081,chihuahua_97,chihuahua,dog,correct,chihuahua,lime,10,0.999431,35,0.57113,0.886174,0.315044,0.175664,0.785559,0.098779,0.586291,,,0.00464155 0.0101031 0.0126657 0.0664554 0.0584388 0.0200302 0.102941 0.100876 0.325716 0.0555684 0.0420071 0.269405 0.0750566 0.000728945 0.0227676 0.137683 0.00137052 0.145894 0.0491261 0.0166995 0.0246709 0.00886627 0.0344459 -0.00492414 0.0185398 -0.0101573 0.0318413 -0.015959 -0.0138471 -0.0176179 -0.012235 0.00798499 0.0127835 0.000217594 0.0113431,800,0,cuda,36.58,38.02
test,1748,japanese_chin_6,japanese_chin,dog,correct,japanese_chin,lime,17,0.999707,35,0.309391,0.716314,0.406923,0.083451,0.924304,0.135037,0.806949,,,-0.00136017 0.0127804 -0.00639669 0.407499 -0.00182364 0.0101148 0.020152 -0.0287329 -0.0315841 0.357555 -0.0074316 -0.0102726 0.53512 -0.0245778 0.0110751 0.0121111 -0.00260013 0.0265118 0.0139237 -0.0170834 -0.0221343 0.0189485 0.0091469 -0.00310051 -0.0322778 0.00275453 0.010387 0.00380928 0.0225775 0.0141747 -0.0237809 -0.00654885 -0.00107931 -0.0216301 -0.00952669,800,0,cuda,39.51,43.24
test,731,Bombay_46,Bombay,cat,correct,Bombay,lime,7,0.999583,37,0.52264,0.979757,0.457117,0.232892,0.892852,0.328261,0.817325,,,0.000321824 -0.00504416 -0.0012961 0.0509422 0.00194473 0.0463544 -0.0121343 -0.0171197 0.491333 -0.0118379 -0.00463026 0.0113023 -0.0374138 0.159822 0.10688 0.020709 -0.0126295 0.100911 0.0219967 0.281886 0.11465 -0.0385864 -0.00172883 0.0300364 -0.0234938 0.102405 -0.00943886 0.047973 0.0169401 0.0104506 0.00436445 0.0575627 0.015907 0.0770852 0.0246555 -0.0114835 0.0154717,800,0,cuda,72.38,72.96
test,1476,german_shorthaired_95,german_shorthaired,dog,correct,german_shorthaired,lime,14,0.999677,40,0.316725,0.548841,0.232116,0.189199,0.90896,0.137812,0.610291,,,-0.0445816 0.00480498 -0.0129338 -0.0142765 0.125259 0.0168978 0.00414614 -0.0402612 0.001754 0.138741 0.174603 -0.023873 0.180939 0.0111745 -0.020997 0.00578098 0.14483 -0.00515617 -0.00170343 0.0787538 0.0440259 0.0640133 0.113527 -0.0810267 0.00631974 -0.00694109 0.0102496 0.112362 -0.0022189 0.182562 0.0479218 0.0221626 -0.0228709 0.0122836 0.00203615 -0.0158073 0.0486184 0.0160027 0.0183754 0.0373272,800,0,cuda,56.74,58.78
test,3270,Siamese_91,Siamese,cat,correct,Siamese,lime,32,0.9998,39,0.538983,0.947462,0.408479,0.215543,0.776353,0.554491,0.661068,,,0.0592494 0.0400894 0.0141087 0.0539082 -0.00299712 0.0109393 -0.0122498 0.0744127 -0.0169937 -0.00134659 -0.00702793 -0.0107041 0.0441503 0.0433227 0.202223 -0.00288831 0.0752634 -0.0136656 0.000722821 0.156668 0.00541333 0.20254 0.0469122 0.0622723 0.0744532 0.214981 0.0736405 0.0231593 0.000430887 0.00982966 0.135298 0.123953 -0.0173542 0.00243777 -0.00727607 0.0728453 0.0148719 0.0208831 0.0605223,800,0,cuda,48.22,51.78
test,238,american_pit_bull_terrier_44,american_pit_bull_terrier,dog,correct,american_pit_bull_terrier,lime,1,0.346046,38,0.210738,0.250797,0.040059,0.035411,0.604072,0.340298,0.509093,,,0.0154333 -0.0108036 0.00254442 -0.0048939 0.0319245 0.0497995 -0.0204913 0.126838 0.0596706 0.0280417 -0.011526 0.0259995 0.0135144 0.0401957 0.00905105 0.0674167 0.0171032 0.0214266 0.0687686 0.0762072 0.160124 0.0327746 0.0153203 0.0165314 0.127529 -0.0387918 0.0125821 0.0256754 0.0059182 -0.0133744 0.0213429 -0.025637 0.01227 0.00638849 -0.0149431 -0.00370003 -0.0176717 -0.0179066,800,0,cuda,45.42,53.34
test,3049,scottish_terrier_72,scottish_terrier,dog,correct,scottish_terrier,lime,30,0.999737,44,0.442263,0.986244,0.543981,0.395012,0.944378,0.307011,0.453175,,,-0.0121524 -0.00932175 0.0288052 0.0116435 -0.0186568 0.0211172 0.00707238 0.0178864 0.0104314 -0.00478793 0.0325839 0.0782388 0.0272624 0.00110279 0.0504693 0.0139382 0.089333 0.0447388 0.00281915 0.0890938 0.121401 -0.0012214 0.0355366 0.0261384 0.0226975 0.0282017 0.00162298 0.0246758 0.0107164 0.0297693 0.00346063 0.0061865 0.0144923 -0.00785553 0.000658335 0.0120938 3.13333e-05 0.00404261 -0.006061 0.00143566 0.00458424 0.0114056 -0.0097723 0.00146731,800,0,cuda,63.32,64.0
test,2688,Russian_Blue_208,Russian_Blue,cat,correct,Russian_Blue,lime,27,0.879441,31,0.529217,0.98082,0.451603,0.207475,0.830405,0.616482,0.62903,,,0.0817082 0.0529881 0.141572 0.0201992 0.042642 0.193672 0.0759583 -0.0129341 0.0989389 0.0867701 -0.00330641 0.0781966 0.0189043 0.0680267 0.0671997 0.00672797 0.115159 0.0231004 0.0721813 0.0466333 0.149006 0.154065 0.0353965 -0.00956953 -0.0326182 0.0680135 0.00246349 -0.0152591 -0.0313817 0.00542682 -0.0033492,800,0,cuda,52.11,54.3
test,3420,staffordshire_bull_terrier_56,staffordshire_bull_terrier,dog,correct,staffordshire_bull_terrier,lime,34,0.973985,34,0.426778,0.922851,0.496074,0.137448,0.72674,0.065633,0.73034,,,0.0842909 0.0803143 0.111176 -0.000731586 -0.0219574 0.00695189 0.0207194 0.0134255 0.0289038 -0.00886351 0.13887 0.0182173 0.260185 -0.00860064 0.015839 0.186336 0.0246061 0.145738 0.0795685 -0.0102841 0.0250094 0.120598 0.0202291 -0.000441578 0.0321472 -0.00345274 0.0746479 -0.00369263 0.0140333 0.0178584 0.071121 0.0260584 0.0068019 -0.00367869,800,0,cuda,53.28,66.13
test,3019,scottish_terrier_45,scottish_terrier,dog,correct,scottish_terrier,lime,30,0.999809,34,0.312659,0.909605,0.596945,0.175888,0.96346,0.39246,0.706698,,,0.0117493 -0.00239042 0.00723919 -0.0232406 -0.0184264 0.000946156 0.00405753 -0.00126718 -0.0266703 -0.00282187 -0.00452715 0.160395 -0.0238398 0.0209803 -0.0121232 0.00156502 0.386286 0.107017 0.0346685 0.0257194 0.112541 0.036032 6.96569e-05 -0.0101642 0.0931767 0.0881445 0.0423553 0.0153646 0.147782 0.0183341 0.0194762 0.0321352 0.00107885 0.0103863,800,0,cuda,23.32,36.59
test,1587,havanese_196,havanese,dog,correct,havanese,lime,16,0.972098,36,0.442323,0.845081,0.402758,0.065564,0.730247,0.2018,0.774823,,,0.0162512 0.0513071 0.0345101 0.115456 0.169532 0.0247484 0.0363185 0.0140198 0.0303322 -0.0203142 0.0263431 0.402142 -0.0230391 0.0122049 0.0991307 0.0153916 -0.0154902 -0.0136809 0.291367 0.0383173 -0.0128637 0.0389262 0.0499205 0.0782733 -0.00596119 0.0261635 0.0101136 -0.000632713 0.00262504 0.00293173 -0.0371566 0.0440691 0.0356219 0.0108141 0.0240787 0.0124685,800,0,cuda,40.34,42.58
test,1474,german_shorthaired_93,german_shorthaired,dog,correct,german_shorthaired,lime,14,0.999978,23,0.187679,0.467021,0.279341,0.280896,0.850371,0.384411,0.798432,,,0.19078 0.130934 0.0227009 0.00521884 0.0368095 0.219744 0.0390677 0.0721256 0.202422 0.403244 0.139501 0.0997836 0.0909906 -0.00282878 -0.0094485 0.0074346 0.0173956 0.00628295 -0.0272419 -0.0157359 0.00905562 -0.00597874 -0.0348385,800,0,cuda,46.88,48.16
test,1491,great_pyrenees_19,great_pyrenees,dog,correct,great_pyrenees,lime,15,0.990309,37,0.521325,0.969507,0.448182,0.232937,0.793582,0.305808,0.717359,,,-0.0160134 0.0149309 -0.00100966 -0.032453 -0.0235653 -0.00444698 0.0093326 0.021328 0.044203 0.0307085 0.0286826 0.0285815 0.113005 0.0628743 0.190369 0.208653 0.339022 0.0459712 0.0904459 0.0289985 -0.00174054 0.141035 0.0212687 0.0425499 -0.00352064 -0.0452759 0.0439738 0.0679743 0.027318 0.000978699 0.00945726 0.027171 0.027165 0.0279024 0.00152783 -0.00585656 0.00458677,800,0,cuda,57.02,59.86
test,2038,Maine_Coon_54,Maine_Coon,cat,correct,Maine_Coon,lime,23,0.709798,30,0.515446,0.989973,0.474528,0.069223,0.798578,0.286712,0.485327,,,-0.0124139 0.0050448 -0.00478242 0.0192854 0.00728899 -0.0471615 0.00327255 0.0290624 0.006923 0.0869582 0.0199803 0.0181794 -0.013863 -0.0101181 0.0495321 0.130734 0.0900527 0.0610408 0.00459675 0.00410561 0.00746109 -0.0611521 0.135864 0.00856961 -0.0171991 0.0160469 0.0257722 -0.00663105 -0.0505774 -0.0104653,800,0,cuda,34.44,35.52
test,1728,japanese_chin_51,japanese_chin,dog,correct,japanese_chin,lime,17,0.999771,42,0.699916,0.992423,0.292506,0.293227,0.960046,0.30207,0.429513,,,0.00265747 -0.023026 0.00228933 0.0369635 0.00159088 0.0124131 -0.00703053 -0.00517503 0.0302192 0.108033 0.000938941 -0.00105633 0.0678527 0.00985672 0.0031772 0.170583 0.0300653 0.0112518 0.126326 0.0668851 -0.0135441 -0.00540234 0.0297539 0.0323176 0.00928628 0.0118182 -0.0109719 0.0841966 0.0106021 -0.000984065 0.0137548 0.0193173 0.0128356 -0.00340281 -0.00417819 0.0067536 -0.00630355 -0.0161624 -0.00143086 0.00095419 -0.0026868 -0.00790357,800,0,cuda,42.82,67.1
test,1475,german_shorthaired_94,german_shorthaired,dog,correct,german_shorthaired,lime,14,0.998056,40,0.678053,0.986517,0.308464,0.401871,0.859981,0.289381,0.473089,,,-0.025354 -0.0312088 -0.00939059 -0.0154419 -0.00405058 0.0132721 -0.0073331 0.0228549 0.00822766 0.0115253 0.0771894 0.0441397 0.0511388 0.0370605 0.0225585 0.00521957 0.0464618 0.038261 0.0289316 0.0913189 0.053276 0.0787274 0.0577003 0.00510683 0.0133122 0.00120933 -0.00781302 0.0289511 0.0305603 -0.0108992 -0.00282213 0.0514134 0.0175839 0.0230088 -0.0156007 0.0087199 0.0393813 0.0138955 0.0214609 0.00173254,800,0,cuda,33.1,60.36
test,1158,Egyptian_Mau_79,Egyptian_Mau,cat,correct,Egyptian_Mau,lime,11,0.992923,32,0.30387,0.890791,0.58692,0.12918,0.862108,0.090755,0.769489,,,-0.0235858 -0.0309398 0.0168866 -0.0189309 -0.00162848 0.0224388 0.0176782 0.00439946 -0.0265034 -0.010861 -0.0215948 0.0267951 0.00168929 0.0426103 -0.00267736 0.0187148 0.028348 0.184755 -0.00982587 0.268043 -0.0107372 -0.0319037 0.0257778 0.00974642 -0.0070745 -0.013649 -0.000299384 0.198414 0.198233 0.0167451 0.455808 0.0270872,800,0,cuda,42.79,55.12
test,3305,Sphynx_245,Sphynx,cat,correct,Sphynx,lime,33,0.999947,41,0.463927,0.927073,0.463146,0.302197,0.899205,0.314931,0.615447,,,0.0443265 0.0475743 0.00107253 0.0175226 0.00187484 0.00435224 0.00350385 0.000490236 0.199258 0.0403415 -0.00874338 0.00306498 0.027347 0.0108459 0.0589994 0.0429794 0.0155297 0.0976146 -0.00165511 0.0760941 0.0155592 -0.00164724 0.0941701 0.01139 0.0402117 0.0776455 0.0900644 0.00101806 -0.000297643 -0.00544699 0.000628891 -0.00181337 -0.00181523 -0.0241906 -0.00282732 -0.012087 -0.0147843 -0.00754395 -0.00308087 -0.00499885 0.00371179,800,0,cuda,30.35,33.14
test,2736,Russian_Blue_54,Russian_Blue,cat,correct,Russian_Blue,lime,27,0.995236,42,0.730429,0.993807,0.263378,0.228497,0.903598,0.531783,0.720774,,,0.0500173 0.0290964 0.033061 0.0406817 0.08243 0.013476 0.0586463 0.0474224 0.13427 0.0404257 0.0220039 0.00268704 -0.00648298 -0.0045892 0.156712 0.139392 0.142029 0.0356183 0.0206684 -0.0368674 0.304762 0.00205819 -0.0041206 -0.000973335 0.0348599 0.151313 0.16643 -0.00908056 0.041761 0.00230078 0.0986017 -0.0039746 0.0286334 0.00347508 0.0437523 0.0398673 0.018327 0.00933517 -0.0443522 0.0156527 0.00311418 -0.00205028,800,0,cuda,62.61,71.97
test,912,British_Shorthair_278,British_Shorthair,cat,correct,British_Shorthair,lime,9,0.999942,36,0.449139,0.987781,0.538642,0.159124,0.925417,0.539979,0.741623,,,0.0865889 0.0756619 0.0577048 0.00570199 0.0845827 -0.0183752 0.10939 0.0264147 0.0559721 0.364732 0.0759814 0.106928 0.214638 0.314406 -0.00639409 -0.00693743 0.135911 0.0143289 0.0617788 0.00763997 0.0228902 0.00266555 0.0521819 -0.018734 0.0285159 0.057497 -0.037071 0.0329352 0.0529544 0.0602608 -0.00611843 0.0138455 -0.0011022 -0.0164678 -0.00830761 -0.00222019,800,0,cuda,71.31,72.19
test,204,american_pit_bull_terrier_197,american_pit_bull_terrier,dog,correct,american_pit_bull_terrier,lime,34,0.604266,42,0.574558,0.991383,0.416825,0.10887,0.602596,0.233162,0.682893,,,0.0170304 0.0245896 0.0122194 -0.0130399 0.0185937 0.00805302 0.0205719 0.0154312 0.0465665 0.00998826 0.0184948 0.0146347 0.00453294 0.0532361 -0.00402645 0.00327111 0.0811327 0.00527855 0.122998 0.0727779 0.0123594 0.000396079 0.130733 -0.00155215 0.0187998 0.0889094 0.0289063 -0.020246 0.0222381 0.0418689 0.0695246 0.0894706 -0.001457 0.117796 -0.00235522 0.0291336 -0.0119392 0.0491026 -0.00694018 0.0169254 0.0162492 0.0250742,800,0,cuda,72.46,76.21
test,190,american_bulldog_93,american_bulldog,dog,correct,american_bulldog,lime,1,0.999974,32,0.50849,0.986865,0.478375,0.187003,0.924194,0.42341,0.67142,,,0.0020153 -0.00185258 0.00197477 -0.00440777 0.00107227 0.0792864 0.0285202 -0.0155747 0.470047 0.0669899 -0.00616996 -0.00344814 0.00504103 0.260587 0.0936764 -0.00673978 -0.0120108 -0.0020953 0.154599 0.0245726 0.00498133 0.122178 0.0461372 0.0399235 -0.00805846 0.0336714 0.00671142 0.00258234 0.0294963 -0.00448613 0.00520573 -0.0102883,800,0,cuda,29.17,62.12
test,487,beagle_90,beagle,dog,correct,beagle,lime,4,0.999994,34,0.768176,0.925258,0.157082,0.470641,0.899892,0.372962,0.427443,,,0.00708523 0.00274511 0.0020129 0.0214007 0.0601728 0.114151 0.0155691 0.0766503 0.0145602 0.00669929 0.0601068 0.160267 0.0415966 0.0249933 0.0190533 0.126815 0.000884753 0.0024223 0.0392495 0.00248561 0.0375403 0.0272979 0.028756 0.00254696 0.0519936 0.00656643 0.00382387 0.0166449 -0.0108389 0.0164595 -0.0205889 0.00831366 0.0113889 0.0215984,800,0,cuda,75.94,77.57
test,2537,pug_5,pug,dog,correct,pug,lime,25,0.995112,33,0.246632,0.907871,0.661239,0.040379,0.944301,0.001594,0.896677,,,0.0144811 -0.00621178 -0.0149017 0.00355228 0.225494 -0.0108729 -0.035969 0.0383955 0.00194057 0.0665493 0.0325287 -0.00171065 -0.0138479 0.011851 -0.0103448 0.726982 -0.0272288 0.0544416 -0.0217479 0.0102762 0.00362956 0.016988 0.0337951 0.0564832 -0.0058906 0.00493291 -0.00855817 -0.000371107 -0.000770899 0.0112358 0.00236132 0.0014411 0.000258366,800,0,cuda,40.03,45.23
test,438,beagle_46,beagle,dog,correct,beagle,lime,4,0.99982,34,0.663644,0.993221,0.329577,0.260473,0.921831,0.462846,0.638649,,,0.0543235 0.0102882 0.0254876 0.0808575 0.078172 0.0486001 0.0263601 0.0495982 -0.00739027 0.0426454 0.00906856 -0.000685645 0.121938 -0.0180439 0.101252 0.455541 0.0563245 0.0201048 0.00997353 0.0385593 0.0565398 -0.00501904 -0.00687275 0.0647978 -0.0134861 0.0581712 0.0296302 0.0151648 0.0100422 0.0123182 -0.00901661 0.00882302 0.0104747 0.0125388,800,0,cuda,62.08,62.66
test,244,american_pit_bull_terrier_4,american_pit_bull_terrier,dog,wrong,staffordshire_bull_terrier,lime,34,0.776891,33,0.370396,0.627322,0.256926,0.121415,0.57351,0.041679,0.701393,,,0.00289731 -0.00461105 0.196565 -0.0333054 0.136734 -0.00141381 0.0890801 0.0400691 -0.00200819 0.0104324 -0.00946358 0.0700748 0.0997158 -0.00291124 0.115006 0.0407681 0.0633059 -0.0302358 0.0648011 -0.00225353 -0.024363 0.0317802 0.023661 0.0130626 0.0105258 0.00549752 0.0175393 0.0285951 0.0104665 0.011325 0.00442459 -0.00240863 0.0191259,800,0,cuda,89.11,95.98
test,609,Birman_201,Birman,cat,wrong,Persian,lime,26,0.900701,34,0.442423,0.951925,0.509502,0.162503,0.732033,0.022068,0.648864,,,0.0264964 0.0194556 0.013226 0.0220108 0.0110261 0.0154802 0.00379875 0.00350258 0.0814228 0.0067533 0.012844 0.123604 0.0521849 0.141295 -0.0100607 -0.00861909 0.00223535 0.0195092 0.120323 0.0345443 0.19146 0.0504416 -0.00344549 0.0149314 0.120314 0.0739376 0.0471248 0.0209007 0.00377461 0.0437935 0.00153125 0.015651 0.041957 0.00392148,800,0,cuda,68.04,79.54
test,2219,newfoundland_44,newfoundland,dog,correct,newfoundland,lime,22,0.999281,31,0.422194,0.721941,0.299747,0.162291,0.850458,0.323735,0.794938,,,-0.0317994 0.000442201 -0.00338073 -0.00836013 0.0157487 -0.00878814 0.134505 0.446496 0.0658576 0.00952999 0.0841758 0.085107 0.0280875 -0.0548904 0.168185 0.113976 0.278327 0.0353919 0.0816704 0.0333135 0.0225724 -0.00901359 -0.0124218 -0.00468933 0.0150881 -0.00967193 0.00283621 0.024274 0.0178788 0.0221141 0.00865591,800,0,cuda,51.83,61.04
test,3655,yorkshire_terrier_88,yorkshire_terrier,dog,correct,yorkshire_terrier,lime,36,0.999687,31,0.440529,0.97942,0.53889,0.287236,0.949229,0.259592,0.464343,,,0.0603492 -0.000325677 0.0991813 0.0351313 0.000343197 -0.00805207 0.150222 0.0166786 0.00803483 0.000420642 -0.0128401 0.0212058 0.0268562 -0.00502113 0.125326 -0.00217727 0.00254417 -0.000654816 0.144099 -0.00460228 0.121478 0.0213457 0.00442213 -0.026031 0.00347008 -0.00918235 0.00516808 -0.00570778 0.00309342 -0.00438334 0.000201746,800,0,cuda,22.59,24.91
test,2741,Russian_Blue_61,Russian_Blue,cat,correct,Russian_Blue,lime,27,0.903466,36,0.251714,0.781616,0.529902,0.077877,0.734287,0.209028,0.69773,,,0.00377655 0.115109 0.0149874 -0.0108484 0.0614929 0.197268 0.0040227 0.0154292 0.169545 -0.0244106 -0.00617414 0.00320979 0.0222412 0.0228093 0.0918868 0.00864201 0.0327091 0.303816 -0.010154 -0.00719899 -0.012958 -0.00413665 -0.00851709 -0.0533948 0.0198605 -0.0104749 0.00617023 -0.00687532 0.0111492 0.00440999 0.0148783 0.0120714 0.0165082 -0.0176312 0.0169467 -0.00653893,800,0,cuda,69.32,76.39
test,1183,english_cocker_spaniel_192,english_cocker_spaniel,dog,correct,english_cocker_spaniel,lime,12,0.999295,38,0.507912,0.803304,0.295392,0.1631,0.881411,0.554273,0.641081,,,0.00809359 0.0478101 -0.0165972 0.0487179 0.01862 0.0181568 0.0144967 0.00340213 0.270169 0.0822847 0.209289 -0.0104922 0.0813605 0.0102768 0.0175306 0.0439005 0.195087 0.017595 0.0348704 0.216515 0.133618 0.0220253 -0.00651198 0.042178 0.010394 0.0929027 0.0209374 -0.0242302 0.0210377 -0.0106697 0.0188636 -0.00820498 -0.00634697 0.0135947 -0.0197965 0.00191799 -0.0033874 0.00337535,800,0,cuda,65.79,72.74
test,2052,Maine_Coon_6,Maine_Coon,cat,correct,Maine_Coon,lime,20,0.898867,29,0.510961,0.903801,0.392839,0.092936,0.859413,0.122114,0.698839,,,-0.0131542 0.235837 -0.015575 0.00253097 0.0581931 0.101364 0.298263 -0.0350075 0.0901411 0.0833099 0.0155888 0.0191545 0.110054 -0.0272965 -0.0162513 -0.0253312 -0.0287406 0.10966 0.0489142 -0.00111555 0.12293 -0.0746254 0.00289099 0.0363786 0.0605336 0.0713304 0.0616954 0.00107056 0.000269399,800,0,cuda,36.63,51.08
test,3022,scottish_terrier_48,scottish_terrier,dog,correct,scottish_terrier,lime,30,0.998839,41,0.333486,0.821124,0.487638,0.278146,0.844177,0.443341,0.749566,,,-0.00558577 -0.0053058 0.031025 0.0116242 0.00270735 -0.020149 0.00258481 0.00867042 -0.0045074 0.0382529 0.0896016 0.0180976 -0.0103266 0.0172764 0.0603637 0.0711231 0.000912422 -0.020303 0.391 0.0675178 -0.0237004 0.0109886 0.00232739 0.0347748 0.186298 0.014719 0.00878565 0.212478 0.0138969 -0.0198649 0.00286394 0.0136902 0.0194089 0.0663175 0.0128221 0.0176102 0.0317473 0.0133137 0.00556919 0.00250933 0.0095119,800,0,cuda,32.89,40.04
test,2570,pug_90,pug,dog,correct,pug,lime,25,0.999918,40,0.366111,0.893388,0.527277,0.147462,0.968487,0.473106,0.653977,,,-0.0354458 -0.0195104 0.00750248 0.00459991 -0.00623894 0.00486726 -0.0163882 0.014784 0.00141167 0.0109396 0.0161863 0.0146986 0.0131997 0.0348676 0.15022 0.170696 0.220794 0.042897 -0.0165199 -0.00667738 0.286428 0.250714 0.00967779 0.177204 -0.00667436 -0.00973081 0.0760443 0.0267599 0.0151902 0.0156059 0.00312382 -0.0436718 0.000617845 0.00139939 0.0175277 -0.0181379 0.0216949 0.0187755 -0.0146953 0.0239695,800,0,cuda,59.39,79.28
test,1431,german_shorthaired_54,german_shorthaired,dog,correct,german_shorthaired,lime,14,0.999927,36,0.366071,0.783179,0.417107,0.244802,0.931485,0.369812,0.600325,,,0.0334768 0.00994081 -0.00326005 -0.0218239 0.048622 0.100073 0.00549261 0.00654663 0.00491734 0.0267596 0.102476 -0.00338001 0.197845 0.044354 -0.0114662 0.019429 0.0567026 0.000578496 0.273581 0.1063 0.0666596 0.00730049 0.00060286 -0.00159186 0.0122311 0.0460104 -0.00909859 -0.00714826 0.00189425 -0.004703 0.0159858 0.00421558 -0.00187509 -0.0243472 -0.00371377 -0.000629754,800,0,cuda,40.03,42.13
test,108,american_bulldog_217,american_bulldog,dog,correct,american_bulldog,lime,1,0.997589,30,0.449458,0.981656,0.532198,0.223731,0.815393,0.183112,0.860612,,,-0.0133881 -0.0110989 0.00299704 0.0069456 0.0082268 -0.020007 -0.0179106 0.00630517 0.0247882 0.145872 0.0899337 0.00648232 -0.00198142 -0.00747151 0.0138861 0.0205333 0.379845 0.0606738 0.108226 0.0312907 0.0614396 0.03458 0.0108901 0.267045 0.244798 -0.00367432 0.00570595 0.000207178 0.0169641 -0.0187231,800,0,cuda,58.36,64.92
test,1079,chihuahua_95,chihuahua,dog,wrong,Sphynx,lime,10,0.932655,36,0.352738,0.833301,0.480563,0.048531,0.905188,0.131191,0.807927,,,0.0512197 0.00606446 0.0548702 -0.00563782 -0.0405936 0.00705234 -0.00656077 0.00151958 0.197958 0.0117684 0.00453469 0.0322402 -0.00292238 0.000334179 0.612903 0.0217644 0.00122932 -0.0348405 -0.00199953 -0.0180136 0.129955 -0.0284219 -0.016564 -0.00936867 -0.00134295 0.00911163 0.0619717 -0.00549453 0.0155985 0.00949402 -0.0216212 0.0100564 -0.0050815 -0.0104293 0.00240086 -0.00785037,800,0,cuda,75.34,78.84
test,3087,shiba_inu_206,shiba_inu,dog,correct,shiba_inu,lime,31,0.994193,41,0.255261,0.908515,0.653253,0.098561,0.882285,0.356223,0.771023,,,0.0282138 -0.00065665 0.044255 -0.00888642 -0.00666335 -0.00946859 0.0340722 0.0198832 0.0186441 0.0380596 0.00299558 0.00837248 0.0300574 0.0171643 -0.0058539 0.00929876 0.0128545 0.0112343 0.0820573 0.0420214 0.106922 -0.0249951 -0.0140644 0.150355 0.00855641 0.00702911 0.0288284 0.503841 0.0333009 0.00636211 -0.00269869 0.00218908 -0.036053 0.0146982 0.0341136 0.204676 0.160334 -0.00434896 0.016933 0.0249966 0.0108966,800,0,cuda,49.51,52.52
test,2872,saint_bernard_92,saint_bernard,dog,correct,saint_bernard,lime,28,0.998958,25,0.508271,0.998413,0.490142,0.18337,0.91469,0.304347,0.703814,,,-0.0171031 0.0170376 -0.00257603 0.0152196 -0.00260405 0.0189846 -0.0102696 0.311364 0.00762465 0.0878803 0.00675808 0.0889476 0.168838 0.00554781 -0.0221354 0.00392843 0.462458 0.0489127 0.0348672 0.000186258 0.00229036 -0.0128332 -0.00572025 0.0111261 0.0213638,800,0,cuda,61.66,67.73
test,1626,havanese_4,havanese,dog,correct,havanese,lime,16,0.986045,43,0.398617,0.68964,0.291024,0.252581,0.788961,0.282014,0.650527,,,0.0178762 0.11898 0.028995 0.030249 0.0392169 0.0201486 0.0291622 0.0440055 0.0231482 -0.00859995 -0.0100611 0.0403328 0.0299963 0.0298319 0.135198 0.220007 -0.0104048 0.111901 0.0224621 -0.0173995 0.0702103 0.0995249 0.0191773 0.0271231 0.147984 0.292754 0.0315021 0.0196327 -0.00532466 0.0249215 0.0271956 0.0124482 0.0528169 -0.00932076 0.00864941 -0.000332705 0.00170117 0.0221661 0.034512 0.0130928 0.0267153 0.0229599 0.0131553,800,0,cuda,57.0,65.14
test,426,beagle_35,beagle,dog,correct,beagle,lime,4,0.998671,31,0.859813,0.999418,0.139605,0.290188,0.925527,0.375046,0.661115,,,0.0174489 0.0373021 -0.0039892 0.0618616 0.0537225 0.0013125 0.0419674 -0.02104 0.284804 -0.0109532 0.0179787 0.0894463 0.0831612 0.0145649 0.0158451 0.270634 -0.000900778 0.0271342 0.103686 0.0154565 0.0114322 0.00398373 -0.00238169 0.0118078 0.018069 0.0607089 -0.0143375 0.0632473 0.000652966 0.00486332 -0.0148461,800,0,cuda,59.61,67.98
test,3482,wheaten_terrier_21,wheaten_terrier,dog,correct,wheaten_terrier,lime,35,0.999988,35,0.605927,0.971217,0.36529,0.387426,0.887699,0.390097,0.508918,,,0.0222191 0.116811 0.0125832 0.0237967 0.007481 0.0100482 -0.00964173 0.117845 0.0953618 0.0921209 0.0541623 0.0971695 -0.00713668 0.00478042 0.0304704 0.0517215 0.00055047 0.0404296 0.0472688 0.10381 -0.0113001 0.0221046 -6.1746e-05 -0.0105679 -0.00212672 -0.023105 0.0045919 0.0826296 0.00796693 0.00741371 -0.00789094 0.030604 0.00831251 0.0129012 0.0427743,800,0,cuda,81.94,87.22
test,3316,Sphynx_28,Sphynx,cat,correct,Sphynx,lime,33,0.999433,35,0.346261,0.786358,0.440097,0.175808,0.806869,0.3813,0.777466,,,0.144074 0.00209965 0.0771397 0.115709 0.010262 0.00455021 0.0475416 0.102577 0.260008 0.068232 0.216928 0.112158 0.0119512 0.227538 0.123815 0.0324938 0.00963472 -0.011986 0.00888923 -0.0146588 0.113813 -0.000542524 -0.00830079 -0.00654305 0.00637513 -0.0140266 0.017659 -0.0136359 -0.0126563 0.00484286 -0.0166529 0.00690388 0.00344085 0.0675531 -0.0312948,800,0,cuda,53.37,54.27
test,2480,pomeranian_9,pomeranian,dog,correct,pomeranian,lime,24,0.9957,37,0.224091,0.220978,-0.003114,0.037194,0.834772,0.19383,0.671535,,,-0.0765309 0.0123779 0.00739152 -0.0226868 0.117408 0.0215328 0.055003 0.00449917 -0.0274172 0.15351 -0.000226508 0.0911898 0.0107483 -0.0168041 0.396859 0.00932028 0.0212448 -0.0114664 0.133047 0.0170766 -0.00498688 0.0383832 0.231214 -0.0160563 0.00640667 -0.000181316 -0.00437464 -0.0145378 -0.0203217 0.0107904 -0.0104474 -0.0147893 -0.0160923 0.00642791 0.0236762 0.0180405 0.0273557,800,0,cuda,37.68,47.4
test,1376,english_setter_95,english_setter,dog,correct,english_setter,lime,13,0.999638,32,0.497688,0.832234,0.334546,0.21692,0.89433,0.317898,0.64922,,,-0.0109577 0.0127543 0.00679392 0.101519 0.0218178 0.129801 -0.00281568 0.0251978 0.233327 0.310045 0.00624357 0.0954971 0.100773 0.0200251 0.0107735 0.0720083 0.164449 -0.102808 -0.00780199 0.0744566 -0.200896 0.0350569 0.0480025 0.0141282 0.0383307 0.028297 0.0713297 0.0278856 0.00870805 0.00333167 -0.0204164 0.0306974,800,0,cuda,39.87,40.8
test,943,British_Shorthair_56,British_Shorthair,cat,wrong,Bombay,lime,7,0.832193,35,0.544882,0.717214,0.172332,0.092427,0.807753,0.221199,0.594542,,,0.0393343 0.0765475 0.054692 -0.0362962 0.0277095 -0.0198675 0.132957 0.0352652 0.0800655 0.0135879 0.313071 0.0151407 0.0221998 -0.0258926 0.0594654 0.142307 0.0014494 -0.0699783 -0.0485737 -0.0203244 0.00332109 -0.0957509 0.0464448 0.0255756 -0.0279565 0.054705 -0.0777 0.016801 0.00912676 0.0101237 -0.00588255 -0.0525394 0.0143915 0.000633102 -0.0411597,800,0,cuda,66.82,91.36
test,2567,pug_88,pug,dog,correct,pug,lime,25,0.999148,31,0.643973,0.896215,0.252242,0.090553,0.90613,0.258515,0.835588,,,0.0645857 0.0434113 0.131062 0.0305846 0.0210499 0.0224869 -0.0154784 0.0369192 0.193368 0.68236 -0.000536608 -0.000634495 0.0415839 0.10827 0.0103773 0.0528579 0.00823417 -0.0104436 -0.0127796 0.0324851 -0.0105845 0.0101661 -0.0042171 0.0096652 -0.01468 0.0178806 -0.00748716 0.00978135 -0.0143445 -0.0254584 -0.00796911,800,0,cuda,40.1,48.61
test,1296,english_setter_22,english_setter,dog,correct,english_setter,lime,13,0.9942,38,0.356266,0.770252,0.413986,0.067496,0.898235,0.056135,0.896127,,,0.00471019 -0.0172113 0.00153281 0.00180891 -0.0147745 0.00488951 0.0134862 -0.00740038 0.0083735 -0.0222272 -0.00440117 0.029586 -0.016084 0.00170273 0.000991356 -0.0125304 0.0214672 -0.0351863 -0.0307653 0.734997 0.00398154 0.146401 -0.0129362 0.0308222 -0.00390829 0.00675894 0.0392032 0.003639 0.0162277 0.0213893 -0.00237677 0.0135797 0.0845926 0.014876 0.00179921 0.0266398 0.00223106 -0.00775907,800,0,cuda,45.37,49.58
test,2439,pomeranian_62,pomeranian,dog,correct,pomeranian,lime,24,0.99365,38,0.584243,0.994345,0.410102,0.077746,0.919097,0.348433,0.787291,,,0.0299598 0.553226 0.0486003 0.0486643 0.135074 0.0834861 0.035351 -0.0125947 -0.0243092 0.0139304 0.249197 -0.00918232 0.00441536 0.00639545 0.233637 0.00137603 0.076065 0.0620935 0.0271955 0.050942 -0.0196081 0.0247507 0.00247811 0.0190607 0.00886636 -0.002012 -0.0470186 -0.020112 -0.0111981 -0.0117179 -0.00304561 -0.025875 -0.00390039 -0.00971841 -0.0140908 -0.0338349 -0.00781818 0.00448556,800,0,cuda,47.01,48.13
test,2010,Maine_Coon_272,Maine_Coon,cat,correct,Maine_Coon,lime,20,0.999978,35,0.667291,0.873476,0.206185,0.443734,0.964962,0.18603,0.327101,,,0.0101648 -0.00480612 0.0118129 -0.0153376 -0.00598923 0.010887 0.0193593 0.0103647 0.00887187 0.00770419 0.00790051 0.00251148 0.0741091 0.038896 0.0307251 0.022625 0.00274415 0.0419369 -0.00140325 0.0576251 0.00789262 0.0208645 0.000532321 0.0275962 0.0136457 0.0045202 0.028891 0.0142106 0.0155069 0.00270316 0.00381019 0.0216672 -0.0102092 -0.0135981 -0.00269689,800,0,cuda,67.09,69.02
test,812,boxer_33,boxer,dog,correct,boxer,lime,8,0.996666,33,0.541833,0.84761,0.305777,0.25163,0.84704,0.349507,0.807616,,,-0.0127803 0.0214269 0.0063119 0.0317801 0.0738094 0.00297875 0.00682006 -0.00712043 0.369702 -0.00903843 0.0603219 0.390952 -0.0252933 0.0200497 0.0353841 0.187236 -0.0186676 0.00614668 -0.00735837 0.0214659 0.0370789 -0.00476301 0.0201674 0.0207271 0.00186443 0.00714448 0.0458987 0.0526 0.0142226 0.00771811 0.108911 0.0258459 -0.00143819,800,0,cuda,59.82,60.38
test,459,beagle_65,beagle,dog,correct,beagle,lime,4,0.999824,41,0.395707,0.832978,0.43727,0.300209,0.906999,0.448504,0.666843,,,0.00557549 -0.014788 0.00582292 -0.0390307 0.0155859 -0.0107304 0.0193585 0.00842513 -0.0111944 -0.00479868 0.00241789 -0.00706154 0.00554687 0.0304712 0.0478471 0.00280673 0.0217874 0.28187 -0.0038122 -0.00902463 0.0132389 0.0175585 0.100637 0.106013 0.00830406 0.0262984 0.242737 -0.0329318 0.183519 0.0387762 0.0573717 0.159539 0.0272542 0.12195 0.0193452 0.00175905 -0.0204437 0.0137866 0.00059512 -0.0155876 -0.00112407,800,0,cuda,65.05,67.49
test,2531,pug_54,pug,dog,correct,pug,lime,25,0.997864,36,0.390346,0.911361,0.521015,0.119079,0.914008,0.334093,0.880121,,,0.00599537 -0.000653145 0.0031274 0.019054 0.101965 0.0260391 0.00176576 0.00205366 -0.0247425 0.102219 0.0963393 0.0210722 -0.0067177 0.0601177 0.138594 -0.0079211 0.00391612 0.00670287 0.00388372 0.0351921 0.00542374 -0.00604859 0.718836 0.121561 -0.0124272 -0.00391986 0.00401197 0.00668846 0.0880649 0.00852912 0.0181238 0.00336295 -0.0174441 0.000975276 0.0395593 0.014835,800,0,cuda,40.47,52.72
test,933,British_Shorthair_46,British_Shorthair,cat,correct,British_Shorthair,lime,9,0.987035,40,0.645827,0.98655,0.340723,0.043098,0.89085,0.405591,0.745512,,,0.0250171 -0.0511834 0.0870773 -0.0662791 0.114531 0.0437047 0.0200893 0.00393488 0.0228854 -0.0424517 0.0294371 0.0173359 -0.0308506 0.26334 0.214956 0.00445266 0.281641 0.0513127 0.0126882 0.156733 -0.0215911 0.000972153 0.0110137 0.0509118 0.0273492 0.033865 -0.00725534 0.0940319 -0.0110805 0.178012 -0.0195758 -0.0112855 0.0271481 0.166229 0.00995794 0.0110455 0.00333146 0.000281879 0.053295 0.024718,800,0,cuda,43.03,48.1
test,303,basset_hound_196,basset_hound,dog,correct,basset_hound,lime,1,0.581174,34,0.096919,0.216602,0.119683,0.126925,0.522339,0.021354,0.715344,,,0.00111673 0.00911224 0.0138989 -0.0101686 0.0133935 -0.0144473 -0.00274908 0.0143968 -0.0039082 -0.00489455 -0.00725661 0.0533537 -0.000357799 0.0231163 0.0213685 0.055413 0.00393966 0.0487283 0.0252867 0.0240999 0.000164861 -0.00537247 0.0542593 0.0719888 0.033271 0.108745 0.00500448 0.00506208 0.0282533 0.104045 -0.0178152 0.0254554 0.00883133 0.00928691,800,0,cuda,63.51,67.67
test,3286,Sphynx_223,Sphynx,cat,correct,Sphynx,lime,33,0.607152,39,0.283721,0.682362,0.398641,0.069243,0.578843,0.050744,0.650385,,,0.0377423 0.0257247 0.0387947 0.0139663 -0.0079979 0.0344408 0.0673115 0.00908785 0.142616 0.0292118 -0.0081661 -0.00729788 0.0541934 -0.00728148 0.0935937 0.0932568 0.00131702 -0.00244999 0.143691 0.0190976 0.00937201 0.00433911 -0.0202534 0.00240423 0.0227791 0.0213731 0.00174563 -0.00242731 0.0133078 -0.00527668 0.00885731 0.00839713 0.000507591 0.0151832 -0.0305965 -0.00494732 -0.00520112 -0.0162868 0.0233858,800,0,cuda,33.52,34.55
test,1138,Egyptian_Mau_56,Egyptian_Mau,cat,correct,Egyptian_Mau,lime,11,0.999934,34,0.418846,0.694692,0.275846,0.373493,0.931727,0.220994,0.449348,,,0.0224035 -0.00906566 -0.0116282 -0.0166954 -0.00597327 0.013595 0.00372082 0.080915 -0.00348647 0.000687185 0.0570788 0.053932 0.00210872 0.0114463 0.045878 5.29112e-05 0.070422 0.0903288 -0.00268938 0.00171544 -0.0166171 -0.028215 0.00702746 0.032758 0.0451944 0.0477854 -0.0133171 0.0100456 -0.00432549 -0.019101 0.0827634 0.0976567 0.00337062 0.00300137,800,0,cuda,53.17,60.04
test,676,Birman_80,Birman,cat,wrong,Ragdoll,lime,26,0.823409,30,0.377491,0.932799,0.555308,0.018646,0.672677,0.391642,0.421271,,,0.00186622 -0.00797387 0.017205 -0.00294852 0.0204705 -0.00354281 -0.0137829 0.0219988 -0.00359547 0.0452685 -0.0170572 0.030526 -0.020467 0.00794195 0.00674638 0.18343 0.000640382 0.0737135 -0.00374958 0.0432861 -0.00961396 0.0119552 0.0065033 0.107505 0.000933183 0.0082337 -0.00212584 0.0357441 0.0124457 0.0428049,800,0,cuda,32.33,34.65
test,2205,newfoundland_31,newfoundland,dog,correct,newfoundland,lime,22,0.999686,29,0.438915,0.965821,0.526906,0.277368,0.870459,0.329395,0.550134,,,0.0156775 0.00800362 0.0257813 -0.0045476 0.0113636 0.166988 0.00125171 0.0566129 -0.0134918 0.0130882 0.00551787 0.044668 0.0334896 0.0196435 0.00694134 0.171689 0.094411 0.0071947 0.0822248 0.0250544 0.00962771 0.00836411 0.0581702 0.105195 -0.0119728 -0.00178741 0.00919895 -0.0114691 -0.00119972,800,0,cuda,40.74,41.74
test,144,american_bulldog_50,american_bulldog,dog,wrong,american_pit_bull_terrier,lime,1,0.942233,38,0.645627,0.980592,0.334964,0.099038,0.779487,0.21301,0.627771,,,0.0461093 0.23575 0.15013 0.0166415 0.0179014 0.123624 -0.00886805 0.0499061 0.0362088 -0.0128169 -0.00275854 -0.000208628 0.027118 0.0137166 0.18537 0.0362089 -0.0130565 0.115365 0.0194994 -0.019261 -0.00160652 0.0142656 -0.0354762 0.0144901 0.0194849 0.0377891 0.035248 -0.0193701 -0.00646676 0.00519685 0.0145978 -0.0155161 -0.00305441 -0.0243801 0.00932856 0.0146515 -0.0171954 0.0247391,800,0,cuda,27.44,28.12
test,2347,Persian_66,Persian,cat,correct,Persian,lime,23,0.999772,38,0.623824,0.940267,0.316442,0.152369,0.910806,0.289957,0.780275,,,0.247825 0.151732 0.0203573 0.312296 0.0531781 0.0246483 0.0100101 0.0599349 0.00613874 -0.0111905 0.135083 0.206511 0.289111 -0.03219 0.021411 -0.00595309 0.0536186 0.00203342 0.00853974 -0.0113529 -0.003822 0.0432491 -0.0403435 -0.0628565 0.0205241 0.0138823 -0.00410366 -0.00792679 -0.0114314 -0.0107776 0.00591046 0.00740297 -0.0111366 0.00391872 -0.0166464 0.00568165 -0.0328334 -0.0309803,800,0,cuda,44.84,50.94
test,2638,Ragdoll_58,Ragdoll,cat,wrong,Persian,lime,26,0.97599,35,0.624781,0.967864,0.343083,0.075552,0.484819,0.579712,0.406697,,,0.0195715 0.0320743 0.0185485 0.011901 0.0136 0.076823 0.0128921 0.0264335 0.0145573 0.0171915 0.0137807 0.0879344 0.0245934 0.021489 0.00581426 0.0146738 0.0182629 -0.0342977 0.0237595 0.0051176 0.0363609 0.00938447 0.0240255 -0.00935297 0.00266583 0.0160001 0.00746443 0.0544134 0.00671096 0.0392914 -0.000841484 0.012798 0.00445259 -0.00251068 0.00597168,800,0,cuda,574.88,576.29
test,2181,newfoundland_191,newfoundland,dog,correct,newfoundland,lime,22,0.999956,38,0.907207,0.815375,-0.091832,0.306661,0.828559,0.338425,0.759768,,,0.124587 -0.0168397 0.100966 0.0185984 0.110587 0.00495531 -0.00235916 0.13381 0.0350965 0.015161 0.0398859 0.010858 0.032588 0.00347341 0.0726036 0.0218609 0.030112 0.567116 -0.00227878 -0.0138555 -0.00459142 0.0167418 -0.00795393 -0.0011613 0.00932845 -0.00370042 0.0122797 0.0298251 0.00513403 0.00802467 -0.0424775 -0.00083696 0.00594784 -0.010334 -0.00211409 0.00444719 -0.00829421 0.00388261,800,0,cuda,456.83,481.63
test,41,Abyssinian_45,Abyssinian,cat,correct,Abyssinian,lime,0,0.999703,35,0.525012,0.758335,0.233323,0.446586,0.835313,0.354139,0.499774,,,0.0159635 -0.0144555 0.0246785 0.0705044 0.0107773 -0.00644258 -0.0132797 0.0512588 0.0602309 0.00404847 0.0129059 0.0334591 0.0530838 0.0229241 0.154529 0.0176822 0.0170673 0.0956592 0.00346185 0.0061289 0.0189969 0.0187206 0.0372168 0.0219339 0.0589051 0.138923 0.0499345 0.0265727 0.00475934 0.0131502 0.0443736 0.0193042 0.00450701 -0.0351186 0.0262471,800,0,cuda,54.56,55.47
test,3493,wheaten_terrier_31,wheaten_terrier,dog,correct,wheaten_terrier,lime,35,0.996235,35,0.080816,0.391826,0.31101,0.091554,0.900155,0.205831,0.693351,,,-0.0068827 -0.0100434 0.00113469 -0.0259366 0.00887814 -0.0120387 0.00206583 0.00955284 -0.0165552 -0.00845845 0.00495263 0.00671537 0.00673241 0.00211977 -0.011399 -0.0222846 0.021088 -0.0127303 -0.0291467 0.0360865 -0.0485181 0.0128769 0.378436 0.234415 -0.00195452 0.0173831 0.0223102 -0.0211648 -0.00432659 0.0711874 0.0637361 0.290777 0.0322696 0.0505007 0.0367063,800,0,cuda,24.29,28.57
test,1264,english_cocker_spaniel_84,english_cocker_spaniel,dog,correct,english_cocker_spaniel,lime,12,0.999998,46,0.709801,0.989487,0.279686,0.308327,0.819313,0.753189,0.647821,,,-0.00731877 0.0321051 0.00196645 -0.0199024 0.0264008 0.00974661 0.00872483 0.0428453 0.00344444 -0.00125711 -0.0130999 0.289739 -0.00426873 0.0182128 0.0843686 0.0408314 0.189828 -0.0218847 0.0893548 0.034671 0.144059 0.171764 -0.00821412 0.064174 0.204673 0.039772 -0.0105235 0.0446532 0.0164114 0.043644 0.0181728 0.0737937 0.0106055 0.148412 0.336073 0.0718261 0.00528883 0.0224824 0.00859722 0.11911 -0.0169477 0.051682 0.00267448 0.00699427 0.013903 -0.0207582,800,0,cuda,38.35,41.9
test,3371,Sphynx_91,Sphynx,cat,correct,Sphynx,lime,33,0.999932,27,0.465163,0.933708,0.468545,0.246059,0.818408,0.422444,0.71348,,,-0.0203059 0.025184 0.0201541 0.0232594 -0.0119792 0.00456903 0.0475495 0.0431266 -0.0118892 0.0564443 0.0761426 -0.000769933 0.160323 0.0743428 -0.00579728 0.158381 0.140367 0.334918 0.00560781 0.0637818 -0.00388205 0.010579 0.0366891 0.218973 0.0243161 -0.00279052 -0.00999831,800,0,cuda,55.62,58.13
test,1695,japanese_chin_21,japanese_chin,dog,correct,japanese_chin,lime,17,0.999978,29,0.454759,0.723196,0.268437,0.256334,0.851715,0.611807,0.710798,,,0.00290129 0.157125 -0.000636706 0.0372647 0.0131824 0.0395013 0.0126602 -0.00383863 0.0996656 0.301168 0.0705209 0.186873 0.0239152 0.224862 0.149132 0.0189533 0.154086 0.0777228 0.154401 -0.0186792 0.247762 0.0548944 0.104765 -0.0242846 -0.0022407 -0.0169393 -0.0186712 0.0512139 -0.0215186,800,0,cuda,37.45,38.4
test,3348,Sphynx_61,Sphynx,cat,correct,Sphynx,lime,33,0.995453,44,0.180724,0.853975,0.673251,0.159858,0.924278,0.211677,0.829272,,,0.0149918 -0.00937117 0.00464894 -0.000688416 0.00295517 -0.00777885 0.00923897 0.0057703 0.0441193 -0.00270634 -0.00928641 -0.00755659 -0.0257507 -0.0195712 0.00363227 0.0205853 0.0599208 0.159974 0.39466 0.0312141 0.126509 0.0739522 0.232931 0.0519061 0.0128843 0.0201017 0.0312475 0.0140426 -0.00570793 0.00679924 -0.00256018 0.0081992 0.0173412 0.0117009 -0.0123902 0.0169174 0.0239699 -2.31062e-05 -0.00221328 0.00516797 -0.0131129 0.00186127 -0.0102088 -0.00802329,800,0,cuda,39.88,48.39
test,3554,wheaten_terrier_87,wheaten_terrier,dog,correct,wheaten_terrier,lime,35,0.998822,35,0.057179,0.387941,0.330762,0.053186,0.952639,0.039368,0.829628,,,0.000496826 0.0223182 0.0194582 0.00182255 0.00037388 0.0026375 -0.00566312 0.031521 0.237698 0.034329 0.04445 0.0243933 -0.0184515 -0.0100466 0.684646 0.00199558 0.215469 0.00807819 -0.00368195 0.0079964 -0.0376462 -0.0087723 0.0114238 -0.0041445 0.00132262 -0.00912431 0.0073384 0.0173767 0.0243104 -0.023629 0.00664998 -0.0283054 -0.018018 0.00756932 0.0082057,800,0,cuda,24.42,34.66
test,2096,miniature_pinscher_23,miniature_pinscher,dog,correct,miniature_pinscher,lime,21,0.956374,42,0.448262,0.992514,0.544252,0.186216,0.860845,0.354561,0.635661,,,0.0642176 0.177399 -0.0278012 -0.00767665 0.0575824 0.00592271 0.0988571 -0.0117805 0.155443 -0.00590441 -0.0167184 0.102297 -0.0216448 -0.00774604 0.134964 0.0264734 -0.0106141 0.0635455 0.0156577 -0.0224608 0.000492494 0.0708697 -0.00741425 -0.0183122 0.0279411 -0.0243826 0.0131943 0.00711432 -0.00234309 -0.00339359 0.19475 -0.00188166 -0.00270873 -0.0102814 -0.00117162 0.0170416 -0.00544838 0.00897919 -0.000862068 -0.00225861 -0.0160631 0.0227446,800,0,cuda,37.15,43.21
test,2959,samoyed_80,samoyed,dog,correct,samoyed,lime,29,0.999694,31,0.78986,0.996458,0.206598,0.198273,0.866142,0.594894,0.672554,,,0.00654552 -0.0110985 0.0307348 -0.0110072 0.00576695 0.0618147 0.0189435 0.0353497 0.0204481 0.0178215 0.152918 0.39644 0.0551767 0.0161515 0.198503 0.208991 0.0817824 0.0772893 0.048472 0.0228824 -0.00649273 0.227389 0.135358 0.0263243 0.00232093 0.00764232 0.0295457 -0.00791534 -0.0170479 0.0235599 0.0175366,800,0,cuda,37.03,47.31
test,1380,english_setter_99,english_setter,dog,wrong,german_shorthaired,lime,13,0.693736,37,0.586236,0.9187,0.332464,0.053475,0.786792,0.058897,0.708594,,,-0.00894432 0.0177472 -0.00729164 0.0117578 0.00681491 -0.000147433 0.0305438 0.156884 -0.00709559 0.0657087 0.0114821 -0.0409135 0.0555251 0.0075988 0.00590013 0.364749 0.0541388 -0.008773 0.0806837 -0.0104746 0.000759765 0.0305595 0.00474103 0.0627274 0.0018411 0.0836074 -0.0188229 -0.0161794 0.00817144 -0.0348465 0.031769 -0.0485325 -0.0457986 -0.00394165 -0.0306021 -0.0256228 -0.0670367,800,0,cuda,30.66,31.28
test,1654,havanese_75,havanese,dog,correct,havanese,lime,16,0.665759,42,0.368603,0.509918,0.141316,0.032453,0.649499,0.229994,0.437624,,,-0.0111201 0.024016 0.0136666 0.0079989 0.0613742 0.0152136 0.0114494 0.0154556 0.000436878 0.0974779 0.0144028 0.0109954 0.0393893 -0.0376976 0.0404634 0.0920186 0.00247831 0.0179168 0.0103688 0.0174671 0.016875 0.00141188 0.0595747 0.0173264 0.0200089 0.013903 0.0222474 0.00538435 -0.0165967 0.0238131 0.0188719 0.00826523 0.00580999 -0.00313856 0.0252731 -0.00810334 -0.00094871 0.0215397 0.0139577 0.00895494 0.00502883 -0.00200427,800,0,cuda,34.31,36.43
test,1471,german_shorthaired_90,german_shorthaired,dog,correct,german_shorthaired,lime,14,0.998618,35,0.536571,0.954545,0.417974,0.391687,0.907013,0.262767,0.420428,,,0.012205 0.00689217 -0.00744043 0.00247107 0.0186705 0.102257 0.0527502 0.00542857 0.00471059 -0.00676907 0.0539221 0.0550846 -0.00356114 0.00922508 0.0226456 0.00715631 0.0105856 0.029496 0.0232146 0.0173484 -0.00896685 0.0646137 -0.00158915 0.000721551 0.0668081 0.00844566 0.0101835 0.0439384 0.054098 -0.00162106 0.0274244 0.00646926 -0.00517004 -0.00164561 0.00726936,800,0,cuda,32.35,41.09
test,2523,pug_47,pug,dog,correct,pug,lime,25,0.99842,37,0.703504,0.869428,0.165924,0.170673,0.940842,0.366388,0.726366,,,-0.0410141 0.0150874 0.053046 0.0107571 -0.00308998 0.0322415 0.0791133 0.0094161 -0.00696431 0.0215568 0.04872 0.0481789 0.512357 -0.0229399 0.0216372 -0.0203176 0.245157 0.0399853 0.144852 -0.0149244 0.0476399 -0.0160045 0.0117442 -0.0232175 0.0252653 0.0196353 0.0221604 -0.00456 -0.00471999 0.00607046 0.00937241 0.0266579 0.0197166 -0.00141673 -0.00262129 0.00268516 -0.01348,800,0,cuda,42.78,46.93
test,390,basset_hound_93,basset_hound,dog,correct,basset_hound,lime,3,0.998649,45,0.375897,0.986338,0.610441,0.334432,0.897663,0.409371,0.512484,,,0.0188218 -0.00450668 0.00844319 0.036567 -0.0151163 0.0185232 -0.0108063 0.0225448 0.0164026 0.0291943 0.006927 0.0122067 0.0107812 0.21429 0.0100487 0.104532 0.0109218 0.0742146 0.0134726 0.110932 0.0649531 0.0548343 0.0173776 0.0431268 -0.0146095 0.0311932 0.0181107 0.0201093 0.00265494 0.0229196 0.00599154 0.0375879 -0.00207609 0.0109533 -0.00116714 0.0043873 0.0328076 0.0102367 0.00165463 0.00626553 0.0257492 0.0130219 -0.000986822 0.000820366 0.0252543,800,0,cuda,43.88,44.67
test,2906,samoyed_32,samoyed,dog,correct,samoyed,lime,29,0.997866,46,0.314553,0.985127,0.670574,0.117719,0.949448,0.368948,0.7703,,,-0.0140564 0.0140287 -0.0235448 -0.035684 -0.00565984 0.000460446 0.0392868 0.0153275 0.00779646 -0.0160469 0.0123778 0.0357022 -0.0155318 0.44288 -0.00628534 -0.0240368 0.0360998 0.237789 -0.0051987 0.155273 0.0113149 0.0273158 0.0131246 0.0213876 0.237669 0.0192576 0.0132667 0.0782988 0.0919285 -0.0185714 0.0451497 0.220235 -0.00232193 -0.0154832 -0.0146876 0.0232435 0.00221747 -0.0231619 -0.00969424 -0.0136519 0.0166644 -0.00970587 -0.0280128 -0.00720838 0.0130147 0.00269608,800,0,cuda,34.51,47.46
test,2204,newfoundland_30,newfoundland,dog,correct,newfoundland,lime,22,0.996898,43,0.176539,0.802588,0.626049,0.149794,0.899724,0.194419,0.820279,,,0.0146851 0.00477658 0.00129508 0.0154888 -0.00417622 -0.0267593 0.0229628 -0.0188175 0.00127815 -0.00299772 -0.0401478 -0.022038 0.0117083 -0.0129369 0.00819491 -0.0155016 0.0279115 0.0172783 0.261397 -0.0273745 0.0781976 0.00345785 -0.00187659 0.0171831 0.374699 -0.00310373 0.00430101 0.415615 0.0130905 0.00970991 -0.0137052 0.0366831 -0.0118048 1.18409e-05 -0.0153725 -0.00195097 -0.0105839 0.0150302 0.00357588 0.00147293 0.00641505 0.00111989 0.0172211,800,0,cuda,32.35,57.5
test,1949,leonberger_71,leonberger,dog,correct,leonberger,lime,19,0.999952,30,0.757733,0.854155,0.096422,0.324877,0.855347,0.377089,0.40562,,,0.0676562 0.0127116 0.114018 0.0531244 0.0708508 0.065978 0.0220386 0.00306365 0.073604 0.0685775 0.062862 0.0636192 0.0954062 0.00766613 -0.0125308 -0.00614331 0.0184815 0.000376743 0.00143232 0.04482 0.0204842 -0.00980523 0.0752352 0.0384811 -0.00886945 0.0458004 -0.0257581 0.00921926 0.0152444 0.0103403,800,0,cuda,29.97,33.01
test,3174,shiba_inu_95,shiba_inu,dog,correct,shiba_inu,lime,31,0.999987,39,0.479652,0.990112,0.51046,0.152402,0.940336,0.410932,0.718266,,,-0.00486803 0.0304352 0.0351507 -0.017676 -0.00794309 0.00255476 0.0397928 0.00994403 0.0141697 0.0605292 0.000209629 -0.000289173 0.109872 -0.0026827 0.0196173 0.0164806 0.107686 0.00869303 0.27695 -0.0116175 0.0956092 0.0277387 -0.00571186 0.534956 0.0453523 0.0177662 0.0914492 0.0225881 0.0264909 0.0210978 0.00863372 0.00703321 -0.0017315 -0.0127111 0.0108944 -0.0296277 -0.0156549 -0.0146373 -0.0107881,800,0,cuda,44.05,46.66
test,251,american_pit_bull_terrier_56,american_pit_bull_terrier,dog,wrong,american_bulldog,lime,1,0.966426,33,0.14499,0.317307,0.172317,0.047879,0.837861,0.070032,0.806162,,,-0.0220993 0.000653772 -0.00165722 0.0292844 -0.00750016 -0.00149428 0.0130572 0.0206744 0.00159777 0.0442805 0.00739945 0.222349 0.0690162 0.0261251 0.0250663 0.0263415 0.524498 0.148331 -0.0013989 0.00353609 0.00259992 0.011449 0.0195554 0.0041617 0.0255094 0.00952147 -0.00754527 -0.000586188 -0.0205162 -0.00516238 0.0101629 0.0345391 -0.0120592,800,0,cuda,33.34,40.75
test,1767,japanese_chin_87,japanese_chin,dog,correct,japanese_chin,lime,17,0.999991,42,0.919284,0.978763,0.059479,0.210248,0.842455,0.58269,0.713194,,,-0.0190911 -0.0288918 -0.0171338 0.00663201 0.0130894 -0.0109268 0.039172 0.107969 0.00715908 0.0213474 0.0590554 0.000455233 0.0116806 0.00910965 0.226933 0.0278577 0.165428 0.12414 0.0293274 -0.00403322 0.255225 0.0603052 -0.0186636 -0.00106465 0.229079 0.157175 0.13701 0.0231579 0.105684 0.00404168 0.14586 0.0469396 0.043829 0.0353584 0.141187 -0.0197305 0.0522543 0.0483951 -0.0195254 0.00134226 -0.0144065 0.00206279,800,0,cuda,27.49,30.06
test,357,basset_hound_63,basset_hound,dog,correct,basset_hound,lime,3,0.529847,40,0.326232,0.644573,0.318342,0.071067,0.868343,0.395562,0.731947,,,-0.00462015 -0.00331265 0.00932365 0.020258 0.00897362 -0.0138564 -0.00220434 -0.02406 -0.0343541 -0.000979346 0.0299146 0.0584083 -0.0200404 0.0302603 -0.0523829 0.486247 -0.0123382 -0.0428318 -0.00736937 0.0557896 -0.0175235 0.0174144 0.0412535 0.0732542 -0.0152347 0.0666122 -0.0223534 0.0168431 -0.0999308 0.0210426 -0.0327511 0.00931794 0.0139088 0.0109055 0.028103 0.0174631 0.0174212 0.0367532 0.165458 0.0284052,800,0,cuda,30.7,41.15
test,278,american_pit_bull_terrier_80,american_pit_bull_terrier,dog,wrong,american_bulldog,lime,1,0.995356,38,0.364019,0.990382,0.626363,0.103269,0.628106,0.407503,0.48486,,,0.0107401 0.0185956 0.0773072 0.0130702 -0.000496611 0.0288181 0.0202959 0.0822076 0.0436579 0.0734896 0.0702802 0.0882359 0.00745714 0.043862 0.00452977 0.0116469 -0.00797146 -0.0126569 0.085462 0.0096748 0.0534924 0.00154473 0.00820813 0.0108145 0.0553448 0.0298462 -0.00242024 0.0153274 -0.015613 0.0239776 0.0155244 0.0649902 -0.0061893 -0.0149158 0.00936252 0.00663927 0.0185832 0.0304979,800,0,cuda,39.57,45.11
test,3456,staffordshire_bull_terrier_89,staffordshire_bull_terrier,dog,correct,staffordshire_bull_terrier,lime,34,0.989316,40,0.37498,0.968413,0.593433,0.18918,0.844023,0.658096,0.710287,,,-0.000649156 0.0289382 0.056432 0.21397 0.0595826 0.149627 -0.00928129 0.160864 0.189148 0.00574163 0.0179979 0.0665278 0.0367896 0.0159147 -0.000385255 0.0205299 0.0401359 0.0337389 0.0234598 0.121735 0.193852 0.101986 0.0424498 0.106397 0.019355 0.0335351 0.0590707 0.0110496 0.128805 0.0363468 0.036496 -0.000716262 0.0125248 0.0231218 -0.032074 -0.0144549 0.0216932 -0.0268345 0.00825135 0.0310251,800,0,cuda,28.94,33.61
test,3021,scottish_terrier_47,scottish_terrier,dog,correct,scottish_terrier,lime,30,0.999589,35,0.449896,0.96529,0.515393,0.252402,0.907953,0.409795,0.703019,,,-0.0131866 -0.0325616 0.0210076 0.0143766 0.0171284 0.0116606 0.021175 0.0135738 -0.0193785 -0.0353862 -0.00503275 0.0899908 0.00235037 0.239895 -0.0181803 0.267091 0.00673301 -0.0163831 0.0114565 0.0980516 0.187521 -0.0203452 0.00989367 0.23827 -0.00363227 0.161665 0.0197409 0.00751239 0.0401881 0.0264654 -0.0326264 -0.00714016 0.0126541 -0.015016 0.0163512,800,0,cuda,24.37,28.9
test,232,american_pit_bull_terrier_38,american_pit_bull_terrier,dog,wrong,american_bulldog,lime,1,0.947287,37,0.602539,0.979648,0.377109,0.138191,0.867309,0.168316,0.771445,,,0.017465 -0.00679065 0.158071 0.252589 0.0438589 0.0304474 -0.000337994 -0.000297529 -0.00619164 0.036985 0.0167195 0.0143774 0.058944 -0.00652131 -0.0121651 -0.0249467 0.0362883 0.36539 0.0205067 0.0418355 -0.0151291 0.0167958 0.208781 0.000124153 0.090662 0.0126939 -0.0514959 -0.0145891 -0.010549 0.0107202 0.00215628 -0.0344277 -0.0252943 0.0285569 0.00386398 -0.00157814 0.000762401,800,0,cuda,46.81,48.54
test,610,Birman_20,Birman,cat,correct,Birman,lime,6,0.796729,42,0.583905,0.749243,0.165338,0.254149,0.812283,0.418971,0.595858,,,0.0157924 -0.0294259 -0.0160368 -0.0105781 -0.00906028 -0.0422536 -0.0213585 0.00302433 -0.00618285 0.00236554 0.0980203 0.026109 0.157106 -0.00573838 0.0930926 0.00700282 0.026286 0.155766 0.0970592 0.00663049 -0.0108574 0.140228 -0.0265912 -0.000666408 0.00421595 -0.0342994 0.220453 -0.00496372 0.0999585 -0.00519917 0.00779758 -0.0275424 0.0294317 -0.00377098 -0.0198192 0.00187223 0.0229248 0.00793455 -0.00103674 -0.001653 -0.00610374 0.0126176,800,0,cuda,24.23,26.33
test,3372,Sphynx_92,Sphynx,cat,correct,Sphynx,lime,33,0.999858,40,0.495157,0.847123,0.351966,0.34199,0.842572,0.515062,0.677127,,,0.000896822 0.0516256 0.0118075 0.00579279 0.033302 0.0736602 0.00855048 0.00114335 0.066074 0.00687513 7.1839e-05 0.0838459 -0.0044976 0.00821347 0.189581 0.053605 0.0137657 0.0383972 0.170251 0.23672 0.00243361 0.172307 0.0451822 0.172799 -0.00394876 0.0279882 0.00929457 0.0159662 0.000396222 -0.00994174 0.0034133 0.0117376 0.0202923 0.0170854 0.00516512 -0.0167848 -0.0277183 0.0149035 0.00443256 0.00369179,800,0,cuda,21.75,25.68
test,2464,pomeranian_85,pomeranian,dog,correct,pomeranian,lime,24,0.999169,36,0.859435,0.994197,0.134763,0.176408,0.845663,0.498866,0.749461,,,0.0233416 0.0271776 0.0221626 0.0744873 0.0486436 0.0192801 0.0350193 0.187489 0.0163367 0.51854 -0.0087292 0.101452 0.0411725 0.202119 0.0616077 0.0936828 0.157481 0.0855774 0.095136 0.00649461 0.0540661 0.0115367 0.0426964 -0.0355377 0.0276577 0.11745 0.0077306 -0.0148945 -0.0148566 -0.0298009 -0.0385853 -0.0236296 -0.00382699 -0.00490418 0.00758215 0.00477061,800,0,cuda,33.64,35.24
test,328,basset_hound_37,basset_hound,dog,correct,basset_hound,lime,3,0.997791,42,0.56531,0.992112,0.426802,0.168746,0.887521,0.525756,0.653999,,,0.0061526 -0.00855893 0.00607746 0.00838363 0.00445517 0.0159573 -0.00227001 0.0123125 0.00837155 0.0121526 -0.00694578 0.0035972 0.0338111 0.0633936 -0.0134768 -0.0318168 -0.00431182 0.0388168 0.255834 0.0902086 0.352226 0.0507164 0.204945 0.0152355 0.165209 0.0962837 0.0195579 0.091625 0.0298972 0.0496926 0.0190929 0.011112 -0.0208583 0.0177573 0.040326 0.0220479 0.00615326 -0.0180912 -0.0166074 0.00825627 -0.00461588 0.00405999,800,0,cuda,27.26,32.0
test,937,British_Shorthair_50,British_Shorthair,cat,correct,British_Shorthair,lime,9,0.953288,27,0.470225,0.653983,0.183758,0.040026,0.831795,0.39322,0.597858,,,0.0132436 0.0202421 0.0105874 0.01717 0.00099651 -0.0146157 -0.0397507 -0.092575 0.162726 0.0265886 0.0884167 0.0265667 -0.0101214 0.252706 0.0530392 0.121392 0.0319673 0.161448 -0.0379523 -0.0331735 0.00628332 0.0387596 0.0202392 0.0195637 -0.0147421 0.00308886 0.00175645,800,0,cuda,29.79,31.09
test,781,Bombay_95,Bombay,cat,correct,Bombay,lime,7,0.999621,39,0.898139,0.852363,-0.045776,0.2998,0.867675,0.438479,0.729224,,,0.0168009 0.00102067 -0.015387 0.0987645 0.0367789 0.00212185 0.0235816 0.213408 0.135859 -0.00764547 0.0266406 -0.0670651 0.0298201 -0.0224725 0.0266502 0.221154 0.100885 0.0195024 0.029278 0.146015 0.0832995 0.0500849 0.124285 0.106799 0.0783758 0.141639 0.00350175 0.00244989 -0.0167928 0.00851376 0.0591055 -0.00169082 0.0198726 -0.0356781 -0.00301154 0.00685884 -0.0250147 0.00360833 0.0176387,800,0,cuda,39.99,49.65
test,2713,Russian_Blue_264,Russian_Blue,cat,correct,Russian_Blue,lime,9,0.892979,48,0.456712,0.98245,0.525738,0.062942,0.730247,0.007847,0.760336,,,0.0356895 -0.00822319 0.0181432 -0.00865526 -0.0117181 0.0254536 0.0154371 -0.0024376 -0.0156772 0.0182549 -0.0436032 0.0160993 0.0347976 0.12436 0.0849823 0.0771035 0.0064403 0.083894 0.0598879 0.306989 0.00207254 -0.0100937 0.0906352 0.0471358 0.0200745 0.149545 0.0627235 0.0518089 -0.0154116 0.0234951 -0.0137004 0.0654334 -0.00423866 -0.0118666 -0.0214734 -0.00922068 0.00290262 0.000936272 0.0199791 0.0114562 -0.00799841 -0.0156662 -0.0178319 0.00692538 0.00977143 -0.00095745 -0.0012553 -0.00149833,800,0,cuda,30.92,32.83
test,68,Abyssinian_72,Abyssinian,cat,correct,Abyssinian,lime,0,0.981989,31,0.642518,0.979567,0.337049,0.293798,0.900628,0.205334,0.363752,,,0.0203135 0.00672782 0.0216521 0.0225189 0.050708 0.0112625 0.0288158 0.0217018 0.00251832 0.00470615 0.014878 -0.00826056 0.0318404 0.050015 -0.00591473 0.0564804 0.000171929 0.126064 -0.0224446 0.0139105 0.0616159 0.0395105 0.0950596 -0.00839351 8.74563e-05 0.0255135 -0.00180695 -0.0117516 -0.0173998 0.00176325 -0.00266939,800,0,cuda,28.99,33.31
test,993,chihuahua_199,chihuahua,dog,correct,chihuahua,lime,10,0.999699,30,0.341398,0.813191,0.471793,0.151181,0.945088,0.283027,0.756436,,,0.0753056 -0.0328371 0.00836013 -0.00401024 0.0235039 0.514053 0.0789322 0.0164535 0.0398254 -0.00254879 0.00820139 0.328916 -0.0144002 0.015332 0.0180337 0.0228559 0.113109 -0.00626486 0.00113187 -0.0138194 0.0165549 -0.0114298 0.007422 0.019946 -0.0248751 -0.0211137 -0.00245397 0.00173187 0.0350266 0.0110954,800,0,cuda,45.96,47.66
test,1190,english_cocker_spaniel_199,english_cocker_spaniel,dog,correct,english_cocker_spaniel,lime,12,0.99996,37,0.48868,0.9305,0.44182,0.124726,0.857301,0.183064,0.689772,,,0.0250858 0.00179609 -0.0199417 -0.00846629 0.0125844 0.0698447 -0.0360547 0.0658475 0.30784 -0.00138436 0.0260338 0.0108927 0.409548 0.0160918 -0.0217504 0.0155097 0.134945 0.00446041 0.00928056 0.00918561 0.137225 0.186042 -0.00130746 0.0308281 0.0959316 0.123186 0.0753135 -0.0343144 0.0378731 -0.000904839 0.0152811 0.0105956 0.0356632 0.00859654 -0.0234929 0.0579672 0.00681218,800,0,cuda,44.72,47.22
test,3398,staffordshire_bull_terrier_36,staffordshire_bull_terrier,dog,correct,staffordshire_bull_terrier,lime,34,0.78886,39,0.488102,0.946207,0.458105,0.077409,0.612175,0.083374,0.698623,,,0.0528808 -0.00804665 -0.00977983 0.0178079 0.0324282 0.00962861 0.0781724 -0.0102469 -0.00345971 0.0759776 0.0277981 -0.0174656 0.106467 0.0309967 0.027079 0.0261849 -0.011642 0.0196989 0.15332 0.0066411 -0.0238943 0.314404 0.0706228 0.0338994 0.0709064 -0.0418233 0.0453778 0.00599002 0.0089137 -0.00171093 -0.0166405 -0.00743754 -0.0263287 -0.00132385 -0.00491057 0.0371046 -0.00517105 -0.00367655 0.0238896,800,0,cuda,39.32,40.7
test,1224,english_cocker_spaniel_48,english_cocker_spaniel,dog,correct,english_cocker_spaniel,lime,12,0.927166,45,0.579361,0.984776,0.405416,0.048447,0.795287,0.375868,0.532284,,,-0.0130958 0.0276268 -0.000326448 0.0206349 0.00805759 0.0307477 0.00476142 0.0239974 0.00650543 0.0252235 -0.0178525 -0.0121426 0.097737 0.0293917 0.0441201 0.0254956 0.0327146 -0.00198722 -0.0238754 0.0054453 0.00681558 0.0271546 0.0249367 0.0614834 0.0566726 0.113401 0.0114341 0.00519643 0.180929 -0.0391258 0.0203547 -0.00902596 0.0122738 0.00265733 0.00294499 -0.0337782 0.0122728 0.000824676 0.127952 0.00314435 -0.00984198 -0.0242764 0.0154339 -0.0077554 0.0104906,800,0,cuda,50.42,52.01
test,3248,Siamese_6,Siamese,cat,correct,Siamese,lime,32,0.993023,37,0.550044,0.987707,0.437663,0.147155,0.637516,0.266101,0.569082,,,-0.00821066 0.00433965 0.00438095 0.0403979 0.00373771 0.0229972 0.0349454 0.00128678 0.00463526 0.019724 0.00142561 0.109467 -0.0176156 0.0824597 0.0964359 -0.0235161 0.0795167 0.198031 0.10014 0.0063339 0.136416 0.0104269 -0.00124784 0.0122269 -0.00251166 0.03815 0.0193865 0.0192082 0.0269785 0.0151411 0.019145 0.042045 0.0179946 0.0210815 0.00647054 -0.0102799 0.0141509,800,0,cuda,25.45,27.09
test,2622,Ragdoll_40,Ragdoll,cat,correct,Ragdoll,lime,26,0.999329,36,0.189872,0.541929,0.352057,0.073584,0.829001,0.099922,0.880558,,,0.000152552 0.00733968 -0.000457802 0.00623694 0.0302255 -0.00240952 0.0257757 0.0417091 -0.011607 0.0171173 -0.00837041 0.0304499 0.00300818 0.0383426 0.0726514 -0.0220452 0.116548 0.0233897 0.0227089 0.050286 0.240934 0.00893272 -0.00137282 0.696354 0.00145972 0.00801423 0.00772469 0.0134372 -0.00478772 -0.000859226 0.0127946 -0.00481946 0.00319183 -0.0094528 -0.00510206 -0.0119301,800,0,cuda,47.39,58.1
test,2615,Ragdoll_32,Ragdoll,cat,wrong,Persian,lime,26,0.947943,36,0.6194,0.925188,0.305789,0.227316,0.754072,0.132851,0.704293,,,0.0403634 0.100508 0.0303459 0.0380463 0.0247636 0.013068 0.00537284 0.0124314 0.273406 0.00965714 0.0041649 0.0017823 0.0217002 0.0109542 0.0362044 0.00692732 0.00151336 0.182413 -0.0137549 0.0787444 0.0108567 0.0079483 0.00504359 0.0219677 0.00682045 0.092825 0.00519207 0.0350209 -0.0102509 0.0320172 0.0734024 -0.0129846 0.0097307 0.00514099 -0.00527864 0.022371,800,0,cuda,30.42,37.69
test,2013,Maine_Coon_29,Maine_Coon,cat,correct,Maine_Coon,lime,20,0.999958,35,0.746971,0.996023,0.249052,0.58178,0.960675,0.094596,0.252719,,,0.00825843 0.0063564 0.00249658 0.00384174 0.00594178 0.00665146 0.00144108 0.00120034 0.00232199 0.00324873 0.00244967 0.0172162 0.00356677 -0.0048455 0.0389989 0.020934 0.000864947 0.0242167 0.00236666 0.00278618 0.00747904 0.00118334 0.0326331 0.00699398 -0.00122562 0.00174623 0.0128078 0.00806677 0.00778553 0.000992334 -0.000557605 0.00259172 0.000815897 0.00176264 0.00764206,800,0,cuda,20.75,28.55
test,1783,keeshond_192,keeshond,dog,correct,keeshond,lime,18,0.998395,44,0.870695,0.994753,0.124058,0.213988,0.871036,0.355129,0.746382,,,-0.00368363 -0.002744 0.0255583 0.0123113 0.0442508 -0.0338787 0.186285 -0.0319803 -0.0221026 -0.0145182 0.0184392 -0.0286543 0.262905 0.0463703 0.0120423 -0.0199486 0.0544324 -0.00558927 0.131907 0.0203421 0.0865036 -0.00956456 0.0767066 -0.0142888 0.170472 0.505373 0.00485023 0.0537298 0.0148019 0.13329 0.0364118 0.0230784 -0.00925867 -0.0230056 0.0289674 -0.00696799 -0.0154698 0.00274716 0.0216839 -0.00637689 -0.000469601 -0.0133749 0.00475374 -0.0245956,800,0,cuda,32.52,33.87
test,1894,leonberger_21,leonberger,dog,correct,leonberger,lime,19,0.982548,48,0.376614,0.942305,0.565691,0.110723,0.877558,0.048265,0.66306,,,0.0352163 0.0258711 -0.0047811 0.00933118 -0.0275162 -0.00392993 0.0162939 0.0184757 -0.00644745 -0.0127692 -0.0583359 -0.00867915 0.0177074 0.0428653 0.0186592 -0.0470266 -0.000425137 0.0234062 -0.00908062 0.0313134 -0.0274284 0.0412225 0.206171 -0.0963087 0.0426881 0.0939391 0.0308237 0.0774197 -0.00226966 0.249087 0.0381534 0.0280474 0.0252943 0.0154948 0.219762 0.0215079 0.0140543 0.098382 0.019821 0.0209806 -0.0225544 0.0102526 -0.000826974 0.169735 0.0222957 0.00675045 0.0168185 -0.0150032,800,0,cuda,38.73,41.51
test,1592,havanese_1,havanese,dog,correct,havanese,lime,16,0.99962,35,0.690649,0.992178,0.301529,0.36012,0.833234,0.629394,0.644112,,,0.071177 -0.00831477 -0.000372751 0.0118278 0.0721954 0.00108808 0.0436633 0.0538307 0.0453831 0.147952 0.159016 0.0604805 0.140272 0.0305874 0.0102797 0.0703041 0.0445765 0.258269 0.00385996 0.047102 0.0176809 0.255484 0.0281558 0.0943566 0.0606311 0.00357851 0.00279546 0.0224191 0.0327244 0.00033359 0.014993 -0.00265815 0.0160476 -0.000794304 0.0148113,800,0,cuda,30.23,31.44
test,1739,japanese_chin_61,japanese_chin,dog,correct,japanese_chin,lime,17,0.999584,42,0.239118,0.507179,0.268061,0.096247,0.942285,0.101262,0.792582,,,-0.000497241 0.00166287 -0.0179831 0.00334297 0.0135998 0.0110089 0.00381497 0.016497 0.0381417 0.00700712 0.0220948 0.0241394 0.00489459 0.0523904 -0.0197178 0.012985 0.133537 0.0809922 -0.0045119 0.0205596 -0.018485 0.165888 0.015431 0.022254 0.577191 0.0461539 0.0455465 0.07749 0.00961579 -0.00581152 0.0688956 0.000459356 0.0240098 0.131543 -0.00750044 0.0112611 -0.0179385 0.0054554 -0.0149134 -0.04028 -0.00321119 -0.0314634,800,0,cuda,35.25,45.33
test,2416,pomeranian_41,pomeranian,dog,correct,pomeranian,lime,24,0.994504,36,0.358697,0.782683,0.423986,0.100133,0.929891,0.213605,0.755494,,,-0.0257998 0.0288833 -0.00468722 0.00679048 0.130858 0.00181561 0.0225731 0.0151726 0.0498866 -0.0218466 -0.0211262 -0.00182865 0.246788 0.0278355 -0.00632816 0.0063485 -0.0197666 0.448018 0.290877 0.0899863 -0.0266615 0.0410451 0.00451065 0.022921 -0.00703677 0.126915 0.0532063 -0.0146269 0.0420156 -0.0314178 -0.00910099 0.0104437 0.0205827 0.0236903 -0.00925585 0.00795392,800,0,cuda,27.91,34.34
test,2991,scottish_terrier_1,scottish_terrier,dog,correct,scottish_terrier,lime,30,0.999192,40,0.334164,0.982852,0.648688,0.22991,0.85661,0.49696,0.716164,,,-0.011835 -0.00042812 -0.0123928 -0.00361316 -0.0125618 0.00893686 0.0110459 0.0230709 0.00349119 0.0316779 0.0195463 0.0613187 0.0138165 -0.00442267 0.00564672 0.00266768 0.00777806 0.0251541 0.0756111 0.0170486 0.0720287 0.00807869 -0.00610746 0.0524796 0.364101 0.112253 0.0823382 0.0338415 0.0097407 0.0648247 0.177777 0.106836 0.0492717 0.0033264 0.00245926 0.0144963 0.011906 0.0165078 0.0254589 0.0271337,800,0,cuda,35.6,38.44
test,636,Birman_44,Birman,cat,correct,Birman,lime,6,0.943916,30,0.525032,0.877907,0.352875,0.236885,0.877088,0.422104,0.829286,,,0.00580227 0.0352505 0.0883797 0.00759909 0.00591514 0.0912608 0.000745918 0.0183464 0.000378644 0.00928783 0.0260262 0.00322621 0.578855 0.198764 0.0118943 -0.00554746 -0.0121998 0.00490714 0.0407471 0.134267 0.0282508 0.141614 -0.0112117 0.0187981 0.00346011 0.0525441 0.031456 0.0139493 -0.0054335 0.0259919,800,0,cuda,49.06,49.54
test,1845,keeshond_68,keeshond,dog,correct,keeshond,lime,18,0.999856,33,0.751694,0.913971,0.162277,0.52083,0.825168,0.473343,0.66793,,,0.000453099 -0.00632509 0.0327803 -0.0109915 0.034365 0.0252278 0.0503713 -0.00547751 0.0743516 0.0236636 0.0168921 0.0140854 0.191402 -0.00345947 0.121942 0.233774 0.0693398 0.00166835 0.0234092 0.0542712 0.0101197 0.00918323 0.249124 0.020475 0.0340317 0.0264442 0.0324656 0.0258715 0.0102142 0.0268338 0.0303458 -0.015345 0.00925203,800,0,cuda,28.32,33.01
test,784,Bombay_98,Bombay,cat,correct,Bombay,lime,7,0.999985,29,0.677256,0.893416,0.21616,0.360493,0.894779,0.341161,0.777839,,,0.0542774 -0.00720719 0.0959443 0.0571533 -0.012413 -0.00230329 0.103351 0.0155966 0.300174 -0.0126855 0.0748637 0.107483 0.105864 0.211183 0.0424555 0.0554112 0.0424845 0.0646861 -0.0115027 0.0193004 -0.00489056 0.0127949 -0.0100983 0.0905816 -0.0138936 -0.0190093 -0.00465418 -0.00725395 -0.00685487,800,0,cuda,31.15,31.8
test,522,Bengal_31,Bengal,cat,wrong,Egyptian_Mau,lime,5,0.975921,34,0.561703,0.768212,0.206509,0.439843,0.938226,0.29041,0.493341,,,-0.00716423 0.0120389 0.0173998 -0.00520881 0.00164557 0.0150905 0.0574163 0.00577494 0.00868789 0.0568264 -0.00376047 0.0395492 0.0299288 0.0023732 0.00794194 0.00244693 0.100594 -0.00724356 0.0194347 0.116787 0.0182745 -0.0221693 0.0450874 0.0390059 0.0522614 -0.00278624 0.0223897 -0.000115136 0.0202401 0.0254126 0.00697682 0.034985 0.00249572 0.0368949,800,0,cuda,36.71,41.16
test,2033,Maine_Coon_49,Maine_Coon,cat,correct,Maine_Coon,lime,20,0.939427,40,0.131716,0.380118,0.248402,0.132494,0.854475,0.050892,0.790803,,,-0.00362641 0.00867792 -0.00106865 -0.00846195 -0.011252 -0.0522891 0.00586072 0.0141846 0.00342142 0.00261198 -0.023836 -0.0207924 0.00220791 0.00627099 0.0828703 0.0460866 -0.00924154 0.0690304 0.00173917 0.010517 -0.00205644 0.0566581 0.0176011 0.0923757 0.0121906 -0.00360692 0.0715221 0.0647237 0.451263 0.0050764 0.0101993 -0.0222561 0.0481678 -0.00301329 0.0147223 0.0203475 0.0395853 -0.00523811 0.00230145 -0.0140392,800,0,cuda,27.62,43.81
test,2890,samoyed_1,samoyed,dog,correct,samoyed,lime,29,0.997698,42,0.461256,0.989878,0.528621,0.082735,0.940311,0.29983,0.846527,,,-0.0229943 0.0147277 -0.0174207 0.00949863 0.00868352 0.0028152 0.0381866 0.00216138 -0.0077154 0.0198273 -0.0113262 -0.0087789 0.0535637 0.0842094 0.0329638 0.00539843 -0.00159607 0.24776 0.0290851 0.202717 0.026893 -0.00159395 0.0198306 -0.0130696 0.0254884 0.00205065 0.585995 0.00459594 0.0525799 -0.00239597 0.0601255 0.0675451 -0.0100598 0.00518593 0.00187407 0.0217607 -0.00219688 -0.0152709 -0.00604949 -0.0180628 0.000978197 0.00786102,800,0,cuda,43.38,43.93
test,2041,Maine_Coon_57,Maine_Coon,cat,correct,Maine_Coon,lime,20,0.9998,32,0.835938,0.990093,0.154156,0.492798,0.909203,0.277521,0.568223,,,-0.0417067 0.0445802 -0.00970462 0.00686061 0.00310745 0.0201109 0.00492526 0.0881533 0.00850888 0.00329782 0.0391257 0.0563638 0.00127697 0.0451808 -0.00861985 0.0678617 0.0911251 0.0422637 0.0466877 0.0108804 0.0390143 0.0061429 0.0411677 0.088647 0.010606 0.0254694 0.00386694 -0.00280914 0.00725586 0.0214225 0.0157689 0.0456152,800,0,cuda,18.84,25.66
test,2877,saint_bernard_97,saint_bernard,dog,correct,saint_bernard,lime,28,0.999087,33,0.750996,0.995168,0.244172,0.246332,0.935144,0.169967,0.682247,,,-0.00644557 0.0337522 -0.0392013 0.00686818 -0.00723136 0.0194022 -0.00364337 0.0341259 0.0853317 0.0245489 -0.031189 0.0488297 -0.00959606 0.117966 -0.00894008 0.0231814 -0.0144576 0.221582 0.0618944 -0.0447631 0.00707745 0.13265 0.0403281 0.489208 0.0521672 0.108355 0.0252117 0.00775952 -0.0212709 -0.0360101 0.0924109 0.0622859 0.0371429,800,0,cuda,20.15,31.85
test,1580,great_pyrenees_99,great_pyrenees,dog,correct,great_pyrenees,lime,15,0.998218,30,0.387954,0.913192,0.525238,0.186639,0.93722,0.333846,0.793084,,,-0.000201645 0.00363688 -0.01996 0.00525012 -0.00972724 0.0302463 -0.00111541 -0.0289202 0.0179884 0.160843 0.00221172 0.00160839 0.00168628 0.510546 0.0925371 0.0133563 0.0299931 0.0595744 0.00899932 0.0342238 0.0104674 0.138033 0.00148637 0.133359 0.0285209 -0.0010135 0.0107089 0.0231972 0.0543889 0.00667182,800,0,cuda,28.24,37.44
test,1083,chihuahua_99,chihuahua,dog,correct,chihuahua,lime,10,0.999931,33,0.417251,0.773881,0.35663,0.103424,0.9317,0.237456,0.79004,,,-0.00236393 0.0243453 0.0549291 0.0444312 0.015653 0.0197879 -0.0389536 0.0247158 0.048336 0.012715 0.298181 0.0876859 -0.0292577 0.0434169 0.190893 0.0910437 -0.0446112 0.0259232 0.0111549 0.650749 -0.059003 0.0110194 -0.00504512 -0.00350356 -0.0253281 0.00571814 -0.00891343 -0.00641862 0.0155194 -0.0189062 -0.0254792 -0.0283224 -0.000727467,800,0,cuda,32.27,34.72
test,1017,chihuahua_39,chihuahua,dog,correct,chihuahua,lime,10,0.997641,38,0.605608,0.994286,0.388678,0.17838,0.817648,0.278389,0.654456,,,0.0151681 0.103334 0.0537373 0.0333137 0.0473729 -0.00418866 0.044859 0.102498 0.172374 0.0428635 0.00995134 0.3398 -0.0282567 0.0249922 0.0883458 0.208772 0.0152216 0.00291492 0.0237493 -0.0277047 0.256605 0.00982886 -0.0276978 -0.00476963 0.0549054 0.15576 0.0600714 -0.0342692 -0.0171823 -0.0732781 -0.0140393 0.0138451 0.013476 0.191932 -0.0105717 0.0128479 -0.0335649 0.0334936,800,0,cuda,41.66,43.09
test,3563,wheaten_terrier_95,wheaten_terrier,dog,correct,wheaten_terrier,lime,35,0.999149,40,0.328085,0.643905,0.31582,0.232395,0.934326,0.495795,0.723188,,,-0.0139889 0.0118202 -0.019731 0.0255574 0.00342513 0.00938065 -0.0073826 0.0166793 0.00973969 0.165756 0.0203736 0.0229254 0.0153113 0.00619986 0.0173615 -0.0255951 0.0319868 -0.00771863 0.017864 0.454848 -0.00150435 0.080759 0.106595 0.0022235 0.0838749 0.135081 0.0140515 0.242633 0.0185152 0.0429088 0.0128102 0.027346 0.0287044 0.00758544 0.00688824 0.0136998 0.0322629 0.0408547 -0.016143 0.0383569,800,0,cuda,25.64,27.96
test,2066,Maine_Coon_84,Maine_Coon,cat,correct,Maine_Coon,lime,20,0.997028,35,0.410236,0.900258,0.490022,0.261317,0.896699,0.208328,0.631254,,,-0.0236854 -0.0213781 -0.00606418 -0.00188729 -0.0371084 -0.00918839 -0.000538604 -0.00797159 0.00597716 0.00512198 0.0164964 0.0127744 0.0225328 0.0106655 -0.00251871 0.0023559 -0.00215353 -0.00495429 0.00645795 0.191464 0.00602508 0.00524037 0.021981 -0.00467882 0.131127 0.143038 0.0139716 0.0421395 0.0642625 -0.0206573 0.110091 0.0139638 0.00381881 0.0358906 0.0122854,800,0,cuda,34.63,36.35
test,1374,english_setter_93,english_setter,dog,correct,english_setter,lime,13,0.998676,37,0.334722,0.823458,0.488736,0.144898,0.89771,0.20537,0.800579,,,-0.00256702 0.178778 0.000280399 0.0148075 -0.0318683 0.136703 0.0197672 0.00687199 0.0049839 -0.0218139 -0.00890693 0.525633 0.182281 -0.0075077 6.34315e-05 -0.00830395 -0.0166592 0.0500887 0.0182797 -0.0491694 0.205972 0.119448 0.0388236 -0.00315487 0.00822626 0.0220386 -0.00963638 -0.0473695 0.014599 -0.0212577 0.00735936 -0.0110056 -0.00443115 -0.00311953 -0.017099 0.00064128 -0.0181191,800,0,cuda,33.16,43.04
test,1244,english_cocker_spaniel_66,english_cocker_spaniel,dog,correct,english_cocker_spaniel,lime,12,0.999997,39,0.539999,0.989257,0.449257,0.205662,0.885865,0.568562,0.640335,,,0.00609352 0.0205037 -0.0399577 0.0269412 0.0390227 0.00898137 0.0247866 -0.0279023 0.0323224 0.0299102 0.264042 0.0775361 -0.0087681 0.0684439 0.0849396 0.335725 0.180143 0.0816168 -0.00679932 0.103797 -0.0540768 0.0244315 0.0909074 0.121112 0.143668 0.298321 -0.0432554 -0.0153737 0.0892416 0.0955341 -0.0309321 0.192874 0.000535106 -0.0167163 0.0552199 -0.051335 -0.000471828 0.0163902 0.0288656,800,0,cuda,31.66,37.11
test,2515,pug_3,pug,dog,correct,pug,lime,25,0.999757,41,0.629106,0.995224,0.366119,0.32723,0.897664,0.417668,0.547189,,,0.0163867 0.0130356 0.00360932 -0.0135656 0.0312883 0.0133465 0.0315186 -0.00434042 0.0546926 0.0684176 0.0945276 0.058671 0.0210946 0.0140726 0.0261324 0.158025 0.0427457 0.0463686 -0.0049033 0.160724 0.149411 0.0553608 0.072618 0.0338548 0.0144864 0.0327861 0.0308861 0.0178419 -0.0141779 -0.00701302 -0.00842399 -0.00298111 0.000324267 0.0107803 -0.0136803 -0.0182421 -0.0105398 -0.0164573 -0.00798222 -0.0255664 0.0202057,800,0,cuda,32.5,39.27
test,145,american_bulldog_51,american_bulldog,dog,correct,american_bulldog,lime,1,0.995841,41,0.337612,0.976165,0.638554,0.231265,0.788795,0.457802,0.780006,,,0.0753754 0.292523 0.00655198 0.0168296 0.124217 0.0809238 0.00467379 0.0119355 0.0167524 0.0460781 -0.00063719 0.0036774 -0.0107102 0.113414 0.00100403 0.0160615 0.00122336 0.0356691 -0.004203 0.0010287 0.0473457 0.256069 0.0302179 0.0630293 -0.00238295 0.0185954 0.019931 0.0283969 0.325497 0.00883335 0.00379323 -0.000690056 0.00708899 -0.0254679 0.000406936 0.00217437 -0.0146127 -0.00416336 0.00619113 -0.00436508 0.00658545,800,0,cuda,35.61,42.75
test,8,Abyssinian_212,Abyssinian,cat,wrong,Russian_Blue,lime,27,0.634694,37,0.379644,0.86127,0.481626,0.108824,0.460955,0.140338,0.530829,,,0.0273436 0.0389658 0.00793545 0.0290309 0.0491831 0.0121162 0.0579624 0.0156779 0.0322134 0.00781964 0.00876201 0.00483411 0.0058529 -0.00376693 0.0111599 0.0097179 0.0270867 0.0837132 0.0389468 0.0291374 0.0096832 0.0045375 -0.00542659 0.0461841 0.000502186 0.00919685 0.0384254 0.00448504 0.0559611 0.0334637 -0.028861 0.0259293 -0.00375895 0.0653733 0.00623089 0.00223197 0.0233635,800,0,cuda,24.5,31.34
test,2468,pomeranian_89,pomeranian,dog,correct,pomeranian,lime,24,0.999694,35,0.995894,0.989602,-0.006292,0.296241,0.745277,0.564549,0.58281,,,0.0213283 -0.00169841 0.0358258 0.0140516 0.338116 0.143795 0.0254369 0.00247575 0.00264989 0.0136302 0.110178 0.114374 0.0171623 -0.00812791 0.0135783 0.0659587 0.0459921 0.150854 0.187557 0.134443 -0.0152215 0.0514359 0.054213 -0.0114866 0.0271623 0.011789 0.0157575 -0.00800262 0.0227163 0.00177567 0.0330702 0.00108726 0.0271125 0.0227991 -0.0201367,800,0,cuda,35.38,38.66
test,2984,scottish_terrier_194,scottish_terrier,dog,correct,scottish_terrier,lime,30,0.999655,42,0.319834,0.94822,0.628386,0.264597,0.851396,0.405773,0.829183,,,0.0267141 -0.0227061 0.0403591 0.0550531 0.0516498 0.0629148 -0.00452267 0.00350695 0.119251 0.0537921 0.0307831 0.251175 -0.00518732 0.0222141 0.112338 0.0546227 0.0469513 0.486224 0.000931226 9.02541e-05 0.0245147 0.0152878 0.0360591 0.0243965 0.0342971 0.0316741 0.0359337 0.0224707 0.0642633 0.00837735 0.000827573 0.00398583 -0.00159252 0.0064025 0.0238667 0.064001 -0.0186147 -0.0145208 0.00656023 -0.016514 -0.00136367 -0.0278191,800,0,cuda,47.33,49.23
test,3658,yorkshire_terrier_90,yorkshire_terrier,dog,correct,yorkshire_terrier,lime,36,0.99446,45,0.868642,0.975838,0.107196,0.230664,0.953449,0.48539,0.644909,,,0.0115095 0.0474686 0.0227945 0.0464947 0.00813106 0.0396291 0.0542305 -0.00259956 0.130469 0.0191268 0.0072297 0.178065 0.0013829 0.111272 0.111549 0.0112069 0.0732995 0.197949 0.293803 -0.00502215 -0.00153065 0.0126388 0.0767542 -0.0056455 0.00959286 0.0215654 0.0117891 0.0153718 -0.0366482 0.0298726 -0.0212406 0.0222106 0.0149805 -0.000943164 0.019391 -0.00453231 0.00450773 -0.00243311 0.00111872 -0.00310229 1.29849e-05 0.00620018 -0.00445493 0.00852059 0.00224415,800,0,cuda,57.3,57.98
test,162,american_bulldog_67,american_bulldog,dog,wrong,german_shorthaired,lime,1,0.338103,43,0.173529,0.310489,0.13696,0.022865,0.674627,0.165207,0.774853,,,0.0304075 -0.0151643 0.0038586 -0.00614608 0.0651107 0.00413454 0.0145392 0.0149889 0.00158611 0.010515 0.00218625 0.0189853 -0.025961 0.0512698 0.0161642 0.00732365 0.344731 0.00770139 0.046549 0.0310161 0.0131231 0.0291688 0.0671561 -0.0947308 -0.022273 0.00882071 -0.0254546 0.0061291 -0.00774972 -0.00238528 -0.0105636 0.00881972 -0.014277 -0.00466985 -0.00506718 0.00189028 -0.000909254 -0.0263459 0.00725017 -0.00174272 -0.0163238 -0.00113132 -0.00457358,800,0,cuda,21.92,26.34
test,2715,Russian_Blue_28,Russian_Blue,cat,correct,Russian_Blue,lime,27,0.809359,32,0.0624,0.173412,0.111012,0.049824,0.744848,0.131314,0.778959,,,0.00149635 0.0173903 0.00916678 -0.000488071 0.0367949 0.00328744 0.0221101 0.061412 -0.0115207 -0.0122575 -0.0108163 -0.0168289 0.00565631 -0.0155644 0.145823 0.0118696 0.013776 -0.0055925 -0.0145155 0.0605741 0.0423733 -0.00791109 -0.0437005 0.41173 0.0594303 0.126101 0.024445 0.00181657 0.00872247 0.00705259 0.0244423 -0.00531159,800,0,cuda,43.18,45.02
test,3070,scottish_terrier_91,scottish_terrier,dog,correct,scottish_terrier,lime,30,0.999085,45,0.874581,0.991055,0.116474,0.525149,0.898557,0.082647,0.253367,,,0.00242795 0.00193804 0.00413953 -0.000840241 0.00589002 0.00595415 0.00426144 0.00742445 0.0205539 0.016474 0.0107217 0.00474529 0.00169475 0.016772 0.00235117 0.0134512 0.0140336 0.0150246 0.000332641 0.00949843 0.00177168 0.0163858 0.00685308 0.00982642 -0.0045775 0.00885411 -0.00130254 0.00168754 0.00708334 0.000248476 -0.00386994 0.0053326 -0.00337531 -0.00278723 0.00156892 -0.00419891 -0.00582068 0.00773861 0.00202648 -0.00126381 0.0020756 0.00375279 -0.00514714 0.00688321 -0.00197205,800,0,cuda,31.93,37.17
test,1106,Egyptian_Mau_224,Egyptian_Mau,cat,correct,Egyptian_Mau,lime,11,0.982483,44,0.415816,0.98462,0.568804,0.171432,0.957256,0.17293,0.67062,,,-0.0117137 -0.0431638 -0.00115107 -0.0178515 -0.022428 0.00644889 -0.0136922 0.0141453 -0.00189841 -0.0368587 0.00415684 0.133875 0.0246054 -0.0187604 -0.0251446 -0.0158994 0.0880517 0.26413 0.00967014 0.175822 -0.015478 0.0106214 0.0530991 0.0101842 0.00191704 0.0215407 0.161522 0.0202915 -0.0104688 0.0205656 0.0388253 -0.000216872 -0.0220617 0.0537389 -0.00366805 -0.00536021 0.0109569 -0.000937332 -0.0097133 -0.000287073 -0.00881005 -0.00787433 -0.0147699 0.00286102,800,0,cuda,36.53,57.19
test,2843,saint_bernard_66,saint_bernard,dog,correct,saint_bernard,lime,28,0.998101,41,0.725466,0.989727,0.26426,0.238297,0.943174,0.439251,0.603608,,,-0.0141215 -0.0162303 -0.0283097 -0.0255465 -0.00715747 -0.0114742 0.0894451 -0.00918849 0.00394326 0.0781995 0.074368 0.00408704 0.0648236 0.124672 0.0929555 0.193876 -0.000297444 0.0132877 0.0142946 0.0378916 0.289562 0.0173768 0.00251456 0.140392 -0.00530717 0.00499926 0.0446269 0.0519299 -0.00729936 -0.012559 0.0079899 0.0540069 0.0180281 0.056604 0.0311044 -0.00109852 0.010334 0.00125688 0.00949523 -0.0400055 0.0292956,800,0,cuda,26.32,31.42
test,359,basset_hound_65,basset_hound,dog,correct,basset_hound,lime,3,0.660107,31,0.191486,0.548545,0.357059,0.085788,0.634099,0.076194,0.598148,,,0.0516482 0.0138902 0.00572809 -0.00863878 -0.000222239 0.0165474 0.0163876 0.0185192 -0.0100357 -0.00146462 -0.00350809 0.187204 -0.0157982 0.145125 0.00867258 -0.02504 0.149927 0.0200216 0.0469563 0.0389001 0.00948937 0.0296048 -0.0254346 0.0396416 0.00856379 0.0110017 0.0116025 0.030113 0.00385278 0.0100864 0.0262733,800,0,cuda,36.19,37.23
test,486,beagle_8,beagle,dog,correct,beagle,lime,4,0.999487,34,0.939334,0.999924,0.060591,0.151367,0.808321,0.130813,0.738644,,,-0.0172697 0.00787233 -0.0288363 -0.0149098 -0.0172931 0.0236123 -0.0136974 -0.024744 0.00200753 -0.0199444 -0.00376173 0.0773171 -0.0326414 0.021036 0.374727 0.0389637 0.128092 0.0353693 0.017846 0.178577 0.0730249 -0.0138468 0.0977844 0.321729 -0.0141824 0.135139 0.00647074 -0.0298517 0.0412377 -0.00678579 0.118821 0.0375136 0.0486522 0.0128465,800,0,cuda,49.74,54.0
test,1187,english_cocker_spaniel_196,english_cocker_spaniel,dog,correct,english_cocker_spaniel,lime,12,0.999948,40,0.25556,0.977113,0.721552,0.167884,0.856897,0.669154,0.748921,,,0.0350017 0.0406577 0.0840555 -0.0134607 0.212121 0.119374 -0.00560415 -0.000862714 0.107134 0.0137446 0.174493 0.173529 0.323838 0.138076 -0.0171046 0.0366556 0.0411904 0.0385081 0.163662 -0.0152715 -0.0103818 0.241842 0.222968 -0.0155856 0.0343278 0.0366062 0.0798825 0.0106986 0.0240644 0.0300138 -0.0229229 0.0108622 -0.00697849 0.0827663 -0.00473489 0.0233434 0.00369326 0.00555988 -0.00494089 0.00213951,800,0,cuda,40.04,57.81
test,13,Abyssinian_219,Abyssinian,cat,correct,Abyssinian,lime,0,0.997153,30,0.608119,0.974656,0.366537,0.274587,0.897759,0.309008,0.656361,,,0.0342174 0.0349926 0.00851133 0.0524882 0.0264291 -0.0104106 0.0134807 -0.000160331 0.0105286 0.0185237 0.13384 0.0106595 0.0469819 0.143097 0.0194613 0.154247 -0.00789438 0.263552 0.0680286 0.00253001 0.284043 0.0024688 0.0203718 0.004266 0.00379098 0.00637625 0.0372078 0.011291 -0.107609 0.00458683,800,0,cuda,35.7,36.26
test,1231,english_cocker_spaniel_54,english_cocker_spaniel,dog,correct,english_cocker_spaniel,lime,12,0.999808,32,0.399673,0.720936,0.321263,0.157165,0.733129,0.348455,0.472299,,,0.000348445 0.0576416 0.00403929 -0.00385569 0.0750859 0.0273047 0.0474111 -0.017219 -0.00646659 0.0821769 0.163024 0.0402261 0.0134481 0.0862272 0.0402919 0.163062 -0.00293778 0.0375638 0.0276441 0.0697151 0.0365589 -0.018686 -0.0171355 0.063379 0.0696542 0.0325409 0.00171111 0.0166431 0.0330273 -0.0112866 0.00311168 0.0116698,800,0,cuda,35.84,40.72
test,1839,keeshond_62,keeshond,dog,correct,keeshond,lime,18,0.999425,34,0.855947,0.997861,0.141914,0.321414,0.953885,0.360445,0.525929,,,0.0161492 0.0265873 0.028764 0.0214322 0.0333732 0.0171257 0.085211 0.0269346 0.0374611 0.0328922 0.018737 0.0110775 0.123821 0.0514731 0.0162211 0.0209913 -0.00309028 -0.0176074 0.192302 0.0739921 -4.83235e-05 0.0674469 0.0184458 -0.0053578 0.0332626 -0.000995216 0.0289395 -0.00222002 0.0086074 0.0303921 -0.018486 0.00405401 0.0123368 -0.00405244,800,0,cuda,40.08,40.88
test,2709,Russian_Blue_253,Russian_Blue,cat,correct,Russian_Blue,lime,27,0.596031,38,0.644711,0.819092,0.174381,0.031758,0.462828,0.42108,0.376254,,,0.00723131 0.00901965 0.0102449 0.00802704 0.00330054 0.010668 0.0374894 -0.00406768 0.00168267 0.0166688 0.0275168 0.0300118 0.00476692 0.00743881 0.00396598 0.00537506 0.0195938 0.0122095 0.0175799 0.00103414 0.00150425 0.0063026 0.0100408 0.00336407 0.0020389 -0.00424457 -0.000338285 0.00622136 0.00868298 0.00893289 0.00320237 0.0131767 0.00523609 0.00673635 -0.00221581 0.00422119 0.0027799 0.00604932,800,0,cuda,32.82,34.41
test,379,basset_hound_83,basset_hound,dog,correct,basset_hound,lime,3,0.961993,39,0.238241,0.797367,0.559126,0.058679,0.969595,0.073983,0.920826,,,-0.0330363 0.0205152 -0.0398667 -0.0289786 -0.0213935 -0.000703756 -0.0349332 -0.00401653 0.0026807 0.00883731 -0.0307743 -0.00678074 0.00231959 0.0078809 0.00399206 0.712818 -0.0276738 -0.00442117 -0.00419024 0.130989 0.00374308 -0.000286548 0.0699033 0.00751548 0.0302536 0.000919498 0.00652435 -0.00225414 -0.00660169 0.039943 0.0312271 -0.0142876 0.00935819 -0.0041576 0.0258153 0.0332984 0.0164841 0.0126107 0.00609194,800,0,cuda,30.72,31.53
test,1760,japanese_chin_80,japanese_chin,dog,correct,japanese_chin,lime,17,0.991373,35,0.241769,0.519941,0.278172,0.094822,0.865681,0.017283,0.714686,,,-0.00873275 -0.0100279 -0.0070344 -0.0111276 0.00967502 0.0163592 0.0591077 -0.00151556 0.0185429 -0.00959535 0.198717 -0.0109455 0.00959257 -0.0136752 0.00938894 -0.000119364 0.281983 -0.00951835 0.0976685 0.111188 0.414479 0.0428619 -0.0276769 0.147066 -0.0114685 0.0355823 0.00752127 -0.0182457 0.00381215 1.29481e-05 0.0207855 0.0123211 0.01117 0.00483589 -0.00341151,800,0,cuda,42.24,46.16
test,1964,leonberger_85,leonberger,dog,correct,leonberger,lime,19,0.999309,30,0.459164,0.854434,0.39527,0.206139,0.895506,0.349902,0.623591,,,-0.0159863 0.0030801 -0.00641724 0.0188871 0.044321 -0.00362684 0.0482195 -0.00919093 0.300499 0.168455 -0.00160955 0.311949 -0.0163097 -0.00477112 -0.0104225 0.00684618 0.0177478 -0.00157159 0.0594767 0.027492 0.18674 -0.0242987 0.033992 0.0757317 -0.0261012 0.0469948 -0.0267565 0.0291578 -0.0122487 -0.0346817,800,0,cuda,50.63,58.32
test,3042,scottish_terrier_66,scottish_terrier,dog,correct,scottish_terrier,lime,30,0.999845,31,0.520568,0.987387,0.46682,0.199958,0.964272,0.299322,0.557485,,,-0.0221178 0.0134507 -0.0184442 0.0145411 0.0318449 -0.0159388 0.00113993 -0.009814 -0.00955012 0.0471896 -0.00712586 0.149842 -0.0076143 0.101529 0.0345887 0.0124153 -0.00152468 0.336976 0.00205362 0.0649187 0.0389729 0.0866218 0.017474 0.0194699 0.10524 -0.0144233 0.0112034 -0.0152024 0.0176342 -0.0153882 0.0161219,800,0,cuda,30.46,31.43
test,757,Bombay_71,Bombay,cat,correct,Bombay,lime,7,0.999933,37,0.50843,0.93933,0.4309,0.293222,0.919066,0.410892,0.701335,,,-0.0228982 0.00985059 0.0209433 -0.0121599 -0.0248613 0.132759 0.321501 0.067819 -0.0381383 0.0286364 0.00628603 0.178979 0.121562 0.0369672 0.219517 0.0827813 0.0547878 0.121583 0.108537 0.000523175 0.0621375 -0.0151655 -0.00788192 0.0863699 0.0237117 -0.0095709 0.0352484 -0.000376758 -0.00257034 0.0200491 -0.0133148 0.00990555 -0.0231125 -0.021272 -0.0353753 -0.00787111 -0.019465,800,0,cuda,27.98,37.76
test,1063,chihuahua_80,chihuahua,dog,correct,chihuahua,lime,10,0.991773,36,0.238162,0.80096,0.562798,0.066489,0.927862,0.137151,0.781389,,,-0.00495344 -0.00444871 0.028975 0.0542108 0.016449 0.00704953 0.134961 0.0072338 -0.00663816 -0.0111068 -0.0317809 -0.000210731 -0.00366695 0.0868676 0.59309 0.0457242 0.230417 -0.0381059 0.236092 0.00278836 0.00353424 -0.0070297 0.0201993 -0.0341231 0.10802 0.000979781 0.00830562 -0.0197745 -0.00166643 -0.00786083 0.0118226 0.00883976 0.0141465 -0.00485099 0.0129977 0.020356,800,0,cuda,28.17,30.25
test,2837,saint_bernard_60,saint_bernard,dog,correct,saint_bernard,lime,28,0.999763,42,0.0,0.0,0.0,0.345521,0.942869,0.405821,0.694259,,,0.00111984 -0.0107046 0.0128303 -0.00562231 -0.020931 0.0102016 0.00607266 0.00424893 -0.00143761 0.0311927 0.0206242 0.0429042 0.0278394 0.0385539 0.102686 0.0548227 -0.000921759 0.164123 0.0167928 0.0906524 0.0330125 0.043379 0.0682569 0.0070427 0.298624 0.0368269 0.0409754 0.0625131 0.00498976 0.00204865 0.010709 0.0170868 0.00386435 0.0200671 0.0119662 0.0157162 -0.00066139 0.0167524 -0.00103974 -0.0036853 -0.000524329 -0.012523,800,0,cuda,42.43,46.27
test,1952,leonberger_74,leonberger,dog,correct,leonberger,lime,19,0.999976,43,0.846361,0.870126,0.023766,0.226868,0.783568,0.335148,0.4491,,,-0.00146271 0.0261815 -0.140581 0.00739445 0.0589993 0.0550325 0.0161951 0.20606 0.0380598 0.0268285 0.179427 0.00272305 0.00794078 0.00145625 0.0830652 0.0425776 0.0300443 0.0130517 -0.0355917 0.0281434 -0.00634263 0.0191019 0.0041553 0.0415096 -0.0387771 0.00913439 0.0156442 0.0366054 -0.00273889 0.0770329 -0.000932009 -0.0313344 0.0603718 0.0203191 0.0528538 -0.0139256 -0.00935357 0.00585365 0.000700531 0.00924851 -0.0013932 0.0202514 0.0148188,800,0,cuda,41.06,41.95
test,2993,scottish_terrier_21,scottish_terrier,dog,correct,scottish_terrier,lime,30,0.999974,34,0.31248,0.885987,0.573507,0.180652,0.891231,0.255848,0.684468,,,0.00662701 0.0313638 -0.0041706 -0.00552799 -0.0130817 0.0145024 -0.0064942 -0.00666163 0.0131386 0.00401987 -0.0178388 0.00158187 0.0355092 0.023278 0.0418606 0.449851 0.0169001 0.42214 -0.00863102 0.0461648 0.032251 0.0152483 -0.0106594 -0.00782165 0.012471 -0.0209166 -0.0119925 -0.00253909 -0.00970617 -0.00383187 0.0027663 0.0190738 -0.00656936 -0.00152865,800,0,cuda,19.85,26.68
test,1055,chihuahua_73,chihuahua,dog,correct,chihuahua,lime,10,0.999736,37,0.411611,0.683709,0.272098,0.216918,0.824669,0.630275,0.738189,,,0.0042922 0.0166365 -0.00257584 0.0460463 0.0619214 -0.00154432 0.0706691 0.098677 -0.000448601 0.000481737 0.0794583 0.313741 0.00796193 -0.0201732 0.0117148 0.314682 0.0524097 0.0264553 -0.019672 0.157591 0.199671 0.00105392 0.137321 -0.00661794 0.151054 0.112698 0.05552 0.00777316 0.190563 0.0155251 0.178265 0.00718844 -0.00888046 -0.00826836 0.0130517 0.0902303 0.0372875,800,0,cuda,44.26,54.98
test,3519,wheaten_terrier_55,wheaten_terrier,dog,correct,wheaten_terrier,lime,35,0.996023,42,0.101303,0.382371,0.281068,0.092226,0.849317,0.112775,0.800055,,,-0.00290713 0.0201614 0.00910486 -0.0117882 -0.00159412 -0.0136366 -0.0149551 -0.00992081 -0.0126735 0.00440659 0.0105036 0.00714289 -0.0273202 -0.00740984 0.00028608 0.00383791 0.0153263 -0.0180535 0.012993 0.00330398 0.0313429 -0.00131978 0.0178903 0.165341 0.00264869 0.161493 0.0586152 0.00428535 0.0988576 0.435252 0.157013 -0.0136911 -0.000140928 0.0110324 0.016703 0.00703278 0.0147084 0.00624458 0.0511383 0.00841023 -0.00451404 -0.0125488,800,0,cuda,45.29,47.12
test,2355,Persian_74,Persian,cat,correct,Persian,lime,23,0.999876,30,0.698501,0.984889,0.286387,0.179189,0.940653,0.358745,0.684326,,,0.0284029 0.0479693 0.486489 0.043081 0.0597943 0.0134319 0.246467 0.112032 -0.0213353 0.0722739 0.0972341 0.0456202 0.0706644 0.018261 0.0388505 -0.00102485 -0.00140841 0.015622 0.00322038 -0.0255042 -0.00265756 -0.0187854 0.0114168 -0.00656104 -0.0226444 -0.0270371 0.0181339 0.000719816 -0.000103536 -0.000550152,800,0,cuda,26.32,30.29
test,966,British_Shorthair_83,British_Shorthair,cat,correct,British_Shorthair,lime,9,0.999991,33,0.526726,0.969641,0.442915,0.115755,0.932712,0.263234,0.626467,,,-0.0102378 -0.0212617 -0.0150813 0.00204523 -0.065758 0.010014 -0.0181261 0.0534722 0.0232971 -0.0218989 0.0297394 -0.0170529 -0.00255873 0.0189974 0.285361 0.0164609 0.0185545 0.0429299 0.374637 0.00383614 -0.00957163 0.00710497 0.0292626 0.0316724 -0.0016472 0.096091 0.0343392 0.0234693 0.0429814 -0.0147898 0.0246489 -0.00989733 0.00976367,800,0,cuda,39.03,42.79
test,2476,pomeranian_96,pomeranian,dog,correct,pomeranian,lime,24,0.981993,40,0.266861,0.771516,0.504656,0.075659,0.945405,0.281923,0.790776,,,0.0115391 -0.0138447 0.00358776 0.0206865 0.0489618 0.0032756 0.479195 -0.0274183 0.338052 0.0609024 -0.00861593 0.049578 0.450949 0.071285 0.00663433 0.0367937 0.0250785 0.0218912 -0.00713046 0.0117275 0.0283032 -0.0118412 0.0452571 -0.00355638 -0.00138594 -0.0016072 0.0457152 -0.0242818 -0.0093267 -0.0249375 -0.0118207 -0.0130754 -0.0148879 -0.0141278 -0.0112032 -0.034108 -0.00834916 0.0200318 -0.0153326 0.00295555,800,0,cuda,41.78,42.4
test,59,Abyssinian_63,Abyssinian,cat,correct,Abyssinian,lime,0,0.899494,35,0.677954,0.941407,0.263453,0.138113,0.831104,0.037729,0.704373,,,0.00714467 0.130645 0.0163035 -0.0343783 -0.0194943 0.00735755 0.0606109 0.0842283 0.122233 -0.00242272 -0.0328415 -0.00610365 0.203661 -0.0458208 0.00662184 0.00990826 -0.00735416 -0.00595762 0.0137196 0.026726 0.0957014 0.223938 0.159435 0.0834792 0.0462254 0.0474513 0.0805137 -0.00933391 -0.0495346 0.0202044 0.0177735 0.0226673 0.00345911 0.0044918 0.0246993,800,0,cuda,29.35,29.99
test,2631,Ragdoll_4,Ragdoll,cat,correct,Ragdoll,lime,26,0.999976,31,0.469188,0.856515,0.387326,0.056732,0.893791,0.050945,0.988022,,,0.0116439 0.00371119 0.0132017 0.016522 0.00291832 0.00411403 0.00142127 0.00571872 -0.00564895 0.00656333 0.00212847 0.900322 0.00310397 -0.00339796 0.0295357 0.00410569 -0.00316616 0.00390384 0.00230084 0.00195855 0.0187615 0.0359464 0.015266 -0.00237723 0.00526172 -0.000314769 -0.00110124 -0.00446916 0.00617062 -0.000946425 -0.00641508,800,0,cuda,44.07,49.2
test,2250,newfoundland_72,newfoundland,dog,correct,newfoundland,lime,22,0.997109,42,0.356963,0.678703,0.32174,0.102461,0.936631,0.150119,0.5512,,,0.0160461 -0.00354034 -0.014374 0.144978 0.023913 0.0286582 0.125492 -0.0326339 -0.0320294 -0.00741276 -0.0145187 0.044525 0.255082 -0.0138485 0.045367 0.220542 0.0221709 -0.119577 0.00929196 0.129288 -0.0203227 0.0322519 -0.0450205 -0.0129212 0.005363 -0.0287915 0.0585193 0.0467031 -0.000263488 0.0103704 0.00790911 0.0289707 -0.00940324 -0.00792968 -0.00105123 -0.0249704 0.105482 -0.00727967 0.0185995 0.0110705 0.0499894 -0.0270982,800,0,cuda,37.8,39.47
test,963,British_Shorthair_78,British_Shorthair,cat,correct,British_Shorthair,lime,9,0.949537,39,0.56256,0.677773,0.115213,0.162584,0.479184,0.646593,0.38603,,,0.0171513 0.0108358 -0.00174554 0.0266829 0.0110344 0.0102129 -0.00333538 -0.0020182 0.00790888 0.034368 0.0118226 0.0510244 0.0219356 0.0381824 0.013873 -0.00534078 0.000374111 0.0147819 0.0157994 0.00127885 0.0260266 -0.00122654 0.00932752 0.0173547 0.0167116 0.0185298 0.00644624 0.00188258 0.0213749 0.0111154 0.00584365 0.0268764 0.00778746 0.0277617 0.0116667 0.00862512 0.017962 0.0103196 0.010898,800,0,cuda,17.11,26.13
test,3218,Siamese_37,Siamese,cat,correct,Siamese,lime,32,0.999477,39,0.438636,0.982805,0.544169,0.232987,0.92458,0.471765,0.571482,,,0.0738031 0.0231851 -0.0181092 0.000302814 0.0665828 0.121813 0.053655 -0.0131825 0.014401 0.0521209 -0.00487667 0.0474029 0.14383 -0.0203542 0.0125689 0.119297 0.0256706 0.148958 0.0317193 0.23925 0.00337749 0.0630731 -0.0218001 0.0165076 -0.0206821 -0.00665229 -0.0539104 0.0137472 0.0767555 0.0122385 0.0449289 0.13195 0.0271167 0.0185299 0.0255763 0.0198205 0.000135432 -0.0157969 -0.000875304,800,0,cuda,36.79,47.28
test,1074,chihuahua_90,chihuahua,dog,correct,chihuahua,lime,10,0.767694,46,0.078185,0.308203,0.230018,0.018801,0.630112,0.50065,0.439648,,,-0.0074051 0.0101613 -0.00388516 -0.00628482 -0.000545603 0.00334753 0.00321903 -0.00372715 -0.00225114 0.00985611 0.0080452 0.0400822 0.00644333 -0.00054318 0.0733872 0.000127185 0.0022515 0.0144214 -0.00642498 0.0224854 0.0734318 0.0036521 0.00659266 0.0145277 0.0496622 0.0131354 0.0237302 0.00861214 -0.00210541 0.0254045 0.00386508 -0.00117408 0.0254356 -0.0119714 0.0100456 0.0200895 0.0323616 -0.0170185 0.00817502 0.00879627 -0.00513491 0.00449639 0.00243343 -0.0074447 0.000494578 -2.91899e-05,800,0,cuda,33.76,40.99
test,1713,japanese_chin_38,japanese_chin,dog,correct,japanese_chin,lime,17,0.99822,38,0.734534,0.95298,0.218445,0.247603,0.92428,0.344713,0.65611,,,0.0317109 -0.00532555 0.158599 -0.0122415 -0.0210389 0.0277355 0.185566 0.0402897 0.0033726 0.0220209 0.0132413 0.100518 0.0510692 -0.00303003 0.0404362 0.0324326 -0.0199918 0.37817 0.00295566 0.0261003 -0.00109184 -0.0119286 0.044511 -0.00518368 0.0034798 -0.00888791 0.00482168 -0.00471021 0.0117401 0.013961 0.00595839 0.0104059 -0.0124515 0.0145378 -0.000874279 0.0127792 -0.00601686 0.00835343,800,0,cuda,27.78,32.02
test,2799,saint_bernard_26,saint_bernard,dog,correct,saint_bernard,lime,28,0.999116,37,0.668666,0.994519,0.325852,0.345609,0.896517,0.360473,0.517792,,,0.0224431 0.00195367 0.0105665 0.00350391 0.0571019 0.0602182 0.0122295 0.0610819 0.0750662 0.0107415 0.117771 0.0403288 0.0098009 0.0490099 0.125707 -0.00452921 0.0262429 0.00980665 0.185508 -0.0262367 0.0235061 0.0186281 -0.00334043 0.0700481 0.0004304 -0.0125687 -0.0148219 -0.00145176 -0.0127549 0.0101674 0.0130437 0.153739 -0.00196241 -0.0269517 -0.000412544 0.00282683 -0.00890915,800,0,cuda,24.58,27.43
test,2151,miniature_pinscher_73,miniature_pinscher,dog,correct,miniature_pinscher,lime,21,0.989772,39,0.392399,0.985455,0.593056,0.089874,0.917904,0.081799,0.703716,,,0.0285811 -0.00613237 0.0059147 0.0674485 0.0114766 -0.00564436 0.181106 0.25521 0.0116064 0.0075378 -0.0138048 0.196458 0.0188984 0.00697415 0.0162188 0.208287 0.106132 0.0137793 0.0228396 0.0163494 -0.0394395 -0.00703137 0.0107049 -0.0141782 0.179862 0.123534 0.00233947 0.0387276 0.131927 -0.0071556 0.0254034 -0.00879624 -0.0219486 0.000280302 -0.0114817 -0.00207012 0.0422308 0.00108444 0.030174,800,0,cuda,19.38,22.67
test,3094,shiba_inu_21,shiba_inu,dog,correct,shiba_inu,lime,31,0.999807,37,0.385842,0.951888,0.566046,0.118762,0.890527,0.22136,0.741553,,,-0.0116015 0.0296525 0.0741305 0.0203995 0.0109778 0.24825 0.039231 0.201957 0.179255 -0.017776 0.0129659 -0.0159301 0.0200126 0.449493 0.00902495 -0.00640609 0.272065 -0.0208513 0.0822049 -0.0140351 -0.0233213 -0.00190294 0.00338975 -0.0284288 0.0344186 0.0135953 0.0481649 0.0233442 0.0409895 0.0172044 0.00960743 -0.00452909 0.00631523 -0.0187818 0.00704563 0.00137133 -0.00701033,800,0,cuda,27.26,41.02
test,3613,yorkshire_terrier_4,yorkshire_terrier,dog,correct,yorkshire_terrier,lime,36,0.999286,34,0.427236,0.765625,0.338389,0.146124,0.9591,0.298965,0.778572,,,0.0121377 0.0119006 0.0220069 -0.00761354 -0.0168289 -0.0259247 -0.0379533 0.00535913 -0.01219 -0.0154421 0.0150499 0.00307389 0.096558 0.493851 0.0170225 0.0151808 0.0311502 0.223603 -0.0458422 0.0617552 0.18884 0.0351334 -0.00255465 0.110723 0.0172607 0.0362065 -0.0372364 -0.0109945 0.0549198 0.0107078 0.0141466 0.00301947 0.010499 -0.00716242,800,0,cuda,39.92,41.01
test,3272,Siamese_93,Siamese,cat,correct,Siamese,lime,32,0.998621,46,0.190131,0.613309,0.423179,0.082005,0.924379,0.307677,0.853016,,,0.00913572 0.00692805 0.00776505 0.00276788 0.0156573 0.0219594 0.0235332 -0.0250044 0.0120546 -0.0184724 0.0146066 -0.00667398 0.00908911 -0.00444905 -0.00341686 0.0281045 0.00309008 0.154602 0.18355 -0.00837741 0.0282203 -0.0191484 -0.00173588 -0.000673985 0.00988862 0.335503 0.0174801 0.0988257 0.592055 0.0296065 0.00271032 0.00518711 -0.0026487 0.0565577 -0.00535341 0.00335034 0.0721015 0.0679101 -0.0148459 -0.0110017 0.0130667 0.000848979 -0.0170165 -0.0240379 -0.0383591 -0.00851994,800,0,cuda,39.05,48.09
test,2849,saint_bernard_71,saint_bernard,dog,correct,saint_bernard,lime,28,0.99941,39,0.546755,0.952815,0.40606,0.230003,0.870783,0.467104,0.638773,,,0.0359607 -0.00114278 -0.0153273 -0.0303282 0.0952068 0.0743335 0.0743624 0.0713495 -0.0126615 0.00598729 0.162742 0.154167 0.0111289 -0.0238175 0.1173 0.10177 0.197044 -0.0249098 0.112972 0.278737 -0.00794016 -0.0125818 0.0461655 -0.0336018 -0.0275873 0.0113698 0.0269219 0.0264063 0.0920652 0.0703565 0.00329302 -0.028719 0.0079049 0.000237373 0.00452509 -0.0153608 0.00383515 0.00289694 -0.0227829,800,0,cuda,29.01,37.44
test,440,beagle_48,beagle,dog,correct,beagle,lime,4,0.898877,44,0.557577,0.746876,0.189299,0.086381,0.869148,0.075647,0.740636,,,0.0683942 -0.00256711 0.064333 -0.0259534 0.277303 0.0207013 -0.00938609 0.385066 0.239747 -0.00483136 0.0318857 0.0075479 -0.033097 0.105494 0.123288 -0.0041282 0.12205 0.0123477 0.0063673 -0.00469868 0.00451702 -0.00919654 -0.0312289 -0.00191196 -0.00245955 -0.00804195 -0.0248025 0.0082654 0.0112801 -0.0159159 -0.0147026 -0.0439293 0.00556715 -0.0358203 -0.01469 -0.00230117 -0.0260473 -0.00135434 0.0236638 0.0102911 0.00378088 -0.017354 -0.0121183 0.0259361,800,0,cuda,37.5,39.87
test,2158,miniature_pinscher_7,miniature_pinscher,dog,correct,miniature_pinscher,lime,21,0.896677,37,0.230967,0.7867,0.555733,0.141105,0.915453,0.408652,0.880786,,,-0.00138999 -0.00925092 0.0260866 0.00527938 0.00311489 0.00673398 0.00326216 0.00608593 0.0189671 -0.004345 -0.00663618 0.00822225 0.0646366 -0.021514 0.0319548 0.0730526 -0.0145617 -0.00521208 0.690433 0.0351874 0.075021 -0.0266904 0.111487 0.0311493 0.00988373 0.0751304 -0.0123297 0.104495 0.0157359 -0.0025445 0.097139 0.0255387 -0.00327772 -0.00817126 0.0302345 0.0298977 -0.00281048,800,0,cuda,31.68,32.38
test,477,beagle_81,beagle,dog,correct,beagle,lime,4,0.999781,32,0.356824,0.736687,0.379863,0.17058,0.949211,0.317173,0.609972,,,0.00350485 -0.0148027 0.0134082 0.312603 0.0190172 0.00138934 0.0118465 -0.000716411 0.0174109 0.0222424 -0.0440518 -0.00808951 -0.0121913 0.155014 0.0201973 0.148704 0.269152 0.0422325 0.0350033 0.122032 0.0423547 -0.0365366 -0.0160562 -0.00723009 0.0356511 -0.0370476 -0.00802628 0.0216342 -0.0103335 0.0131788 -0.0327184 -0.0116933,800,0,cuda,33.52,35.5
test,3312,Sphynx_251,Sphynx,cat,correct,Sphynx,lime,33,0.986318,32,0.565589,0.719615,0.154026,0.192701,0.74953,0.060126,0.653553,,,0.00937227 0.00166569 -0.0107126 -0.0207568 0.0100547 0.0998609 0.0216983 0.187195 0.0443668 0.0559062 0.0951072 0.0748539 0.11841 0.0360411 0.0826338 0.0379124 0.0947344 0.0468052 0.0666579 -0.000126106 0.0207598 -0.0202188 -0.0750552 0.0134638 0.0726478 0.286523 0.00817346 -0.00154693 -0.0654704 0.0344911 0.0116384 0.011976,800,0,cuda,51.31,57.83
test,1117,Egyptian_Mau_33,Egyptian_Mau,cat,correct,Egyptian_Mau,lime,11,0.999867,39,0.283084,0.956473,0.67339,0.292249,0.951845,0.267696,0.488767,,,-0.0128901 -0.0166048 0.012446 0.0185173 -0.0177168 0.0132452 0.00527045 0.000642514 0.0318985 0.00197516 -0.0137363 -0.00525041 -0.00932618 0.0174541 -0.00382404 0.00346988 0.0180183 -0.0133661 0.1824 0.00419286 -0.0174275 0.0143686 0.136891 0.00154783 0.0113012 -0.00431665 0.0271061 0.0377982 0.0541882 0.0633833 0.00423616 0.018689 0.0128864 0.0168889 0.11484 -0.00591214 0.0155785 0.0399239 0.033659,800,0,cuda,30.7,35.73
test,715,Bombay_29,Bombay,cat,correct,Bombay,lime,7,0.989008,37,0.546676,0.96083,0.414154,0.39014,0.832887,0.377072,0.680807,,,-0.0320806 0.0104005 0.00585199 -0.00331873 0.0092784 0.037309 0.0230915 0.040655 0.0228172 0.0617345 -0.0195783 0.0361318 0.0393516 0.217246 0.117798 -0.00586959 0.0595653 0.142241 0.0381457 0.0647165 0.090996 0.103307 -0.00407774 0.0235446 0.0708862 0.0191538 -0.00781175 0.0534219 0.0728593 0.0120959 0.0110263 0.00260799 -0.00510445 -0.0248952 0.00644705 -0.00945115 -0.0161269,800,0,cuda,39.38,42.96
test,3207,Siamese_26,Siamese,cat,correct,Siamese,lime,32,0.995672,35,0.350785,0.825865,0.47508,0.131069,0.878366,0.517313,0.802167,,,0.171117 0.0333179 0.015225 0.0223111 0.0422892 0.0303934 -0.012722 0.0678009 -0.0132672 0.0413753 0.08765 0.0339028 -0.021586 0.365672 0.0707688 0.0838928 0.339396 0.0131948 0.0173504 0.0436543 0.189324 0.0317977 0.20017 0.0546117 -0.00525525 0.0928962 0.0515818 0.0204478 0.00157638 -0.0166044 -0.0232288 0.0127728 0.0105668 -0.00543207 -0.00729928,800,0,cuda,39.02,41.83
test,2377,Persian_97,Persian,cat,correct,Persian,lime,23,0.998482,36,0.721002,0.972514,0.251512,0.223205,0.867323,0.465232,0.746623,,,0.0391592 0.0120396 0.00910074 0.319282 0.00321607 0.084875 -0.0183507 0.0469242 0.284418 0.0398704 0.0114548 0.293464 0.0952233 0.162425 0.0904608 0.0277977 0.0272131 0.0194924 0.0614274 0.00316124 -0.0293701 0.00780938 0.0130523 0.0549709 0.00902018 0.0132901 -0.01332 -0.00323774 0.0080489 -0.00872431 0.0114904 0.0136633 0.000701323 0.0341422 -0.0240854 0.00272981,800,0,cuda,36.19,44.42
test,3214,Siamese_33,Siamese,cat,correct,Siamese,lime,32,0.999762,35,0.748665,0.989144,0.24048,0.339729,0.762874,0.663802,0.680576,,,0.0107789 0.0430797 0.0517391 0.195206 0.0395264 0.0224661 0.0293001 0.150046 0.124122 0.00573841 0.0790312 0.0623285 0.0755392 0.108625 0.116306 0.16876 0.140483 -0.0169116 0.0175922 0.0198581 0.0353498 0.13093 -0.0152908 0.0103557 -0.000905147 -0.0184077 0.208844 0.0359451 0.00537326 0.0515743 0.0113291 0.051423 0.035566 0.0465842 -0.00797904,800,0,cuda,41.51,42.81
test,6,Abyssinian_20,Abyssinian,cat,correct,Abyssinian,lime,0,0.896664,36,0.31533,0.57696,0.26163,0.143737,0.908833,0.118934,0.666614,,,-0.0286768 0.018703 0.048083 -0.066171 0.0276088 -0.0160338 -0.000125909 0.0230606 0.116307 0.0743722 -0.0736683 -0.0124702 0.0150224 -0.0133576 -0.00591252 0.369808 0.0812562 -0.0570367 0.0215217 -0.0143753 -0.00525008 0.261353 0.0160409 0.0576749 0.053307 -0.0179076 -0.0018445 0.000899701 -0.00250141 -0.0307255 -0.00417717 -0.00452414 0.030245 -0.0199421 -0.00536549 0.00215899,800,0,cuda,45.14,46.92
test,1372,english_setter_91,english_setter,dog,correct,english_setter,lime,13,0.949486,43,0.441307,0.795887,0.354581,0.210399,0.889071,0.328935,0.692369,,,0.051533 0.00182558 -0.00806352 -0.0221898 0.121194 -0.00216187 0.0216102 -0.00190299 0.145253 -0.0174328 0.0677425 -0.0484095 -0.00801174 0.160589 0.116714 0.0381906 0.0291808 0.00718694 0.0176219 0.0268801 0.230257 0.0134769 0.0968062 0.250715 -0.0105217 0.012389 -0.00405866 0.0268112 -0.00654188 -0.0239036 -0.005789 0.00974124 0.0328836 -0.0300662 -0.00655752 -0.0246468 -0.00558268 -0.00527617 0.0068774 -0.0230425 -0.00827235 0.0201648 -0.0292491,800,0,cuda,31.69,34.29
test,125,american_bulldog_32,american_bulldog,dog,correct,american_bulldog,lime,1,0.975704,38,0.551,0.71483,0.163829,0.108653,0.717642,0.203565,0.57313,,,0.0340617 -0.017023 0.0643768 0.0561158 0.0540066 0.0164253 0.076613 0.0151249 0.0173491 -0.0145594 -0.00846888 0.0172643 0.226121 0.230505 0.00852952 0.0113095 0.0424183 0.0187332 0.0800335 0.0192052 0.0182239 0.0898472 0.00673315 0.0304027 -0.0118431 0.0231102 0.0115112 0.00075216 0.041846 -0.00412115 -0.0127514 0.00655446 0.000556728 0.00252027 -0.000275302 0.0264252 -0.000655802 0.0149708,800,0,cuda,38.58,42.96
test,1897,leonberger_24,leonberger,dog,correct,leonberger,lime,19,0.999792,43,0.775789,0.993077,0.217287,0.296919,0.89206,0.534538,0.560057,,,0.00881043 0.0255657 0.0480887 0.0279808 -0.00285131 0.0698952 0.0486336 0.0350276 0.00506448 0.029136 0.13531 0.031419 0.224784 -0.000253618 0.0391496 0.0856011 0.169196 0.024677 0.0334822 0.00936295 -0.000511688 0.0633237 0.0764927 -0.0151092 0.111153 0.151423 0.0621442 -0.0261336 -0.0293875 0.00474593 0.0625251 0.012434 0.0577951 -0.0322333 0.0342434 0.000231017 -0.011341 0.00627507 0.0147677 -0.0133387 0.0223369 0.0683873 -0.00174135,800,0,cuda,47.09,52.31
test,708,Bombay_21,Bombay,cat,correct,Bombay,lime,7,0.999724,34,0.742765,0.916284,0.173518,0.416623,0.919345,0.272887,0.561251,,,0.00414677 0.0145333 0.00548139 -0.0108597 -0.015065 0.0156941 0.0242093 -0.0207901 -0.00307386 0.0656438 0.0497995 0.00375882 -0.00542802 0.0286866 0.0463643 0.0396525 -0.00762987 0.108281 -0.028584 0.110301 0.0372309 0.12768 0.026436 0.014612 0.0120952 0.00199061 -0.0253966 0.00944307 0.0013969 -0.00633203 0.056042 0.130388 0.0157727 -0.020259,800,0,cuda,32.74,35.08
test,1756,japanese_chin_77,japanese_chin,dog,correct,japanese_chin,lime,17,0.999744,32,0.438955,0.984657,0.545702,0.241117,0.890227,0.428205,0.621828,,,0.0533184 0.0113862 -0.00842495 0.0200839 0.0269669 0.155193 0.243996 0.350537 -0.00849501 0.0401075 -0.0343264 0.159892 -0.00257865 0.0233939 0.00482484 0.0165159 -0.00199459 0.00149197 0.0132608 0.060551 0.0984284 -0.0175464 0.0530075 0.0393019 -0.000861612 0.0640327 -0.018521 0.00931821 -0.012817 0.00822943 0.0116972 6.17763e-05,800,0,cuda,22.01,23.71
test,3379,Sphynx_9,Sphynx,cat,correct,Sphynx,lime,33,0.992157,40,0.317024,0.944144,0.627119,0.165768,0.87098,0.201359,0.824491,,,-0.0131005 0.00953998 -0.00447759 0.0516113 0.0159138 0.00564438 -0.000706677 0.0393194 0.0151729 -0.0689543 0.129827 0.049263 -0.00522788 -0.0196739 0.0371771 0.048113 0.0166787 0.0800973 -0.0176146 0.264576 -0.00172044 0.258409 0.0117814 -0.00643449 0.0480921 0.0258184 0.00781985 0.0387786 0.276752 0.0109383 -0.0509162 -0.0143004 0.00477392 0.000176909 -0.0108972 -0.0496524 0.0289816 -0.0203851 0.0303833 -0.0179094,800,0,cuda,51.62,61.91
test,391,basset_hound_94,basset_hound,dog,correct,basset_hound,lime,3,0.99895,38,0.247409,0.673915,0.426506,0.270861,0.947582,0.28385,0.687652,,,0.0035002 -0.0113711 0.00513687 0.00445145 -0.0140315 -0.0181994 0.00308997 0.0012797 0.00726526 0.0601012 0.00433836 0.00659803 -0.0020613 -0.000423498 0.0175482 0.225199 0.023414 0.00920333 0.00251785 0.327915 0.00263196 -0.0126123 -0.00809253 0.010171 0.0946801 0.0200015 0.0112277 0.0612342 -0.000962927 0.0523929 0.00264562 0.0107262 0.00675343 0.0196381 0.00408599 0.0204598 0.0121914 -0.0166095,800,0,cuda,20.75,28.75
test,3597,yorkshire_terrier_35,yorkshire_terrier,dog,correct,yorkshire_terrier,lime,36,0.9996,38,0.766801,0.949235,0.182434,0.674464,0.962859,0.077553,0.237938,,,-3.71975e-05 0.00519412 0.00566943 0.00299677 0.00546243 0.00544903 0.0027984 0.00357844 0.000990924 0.0137418 0.00421084 -1.01311e-05 -0.000360569 0.00624007 0.0197872 -0.00508523 0.0123394 0.027561 0.00341063 0.0126856 0.00292042 0.00159512 0.0201057 0.00654851 0.0112314 0.00645534 0.0075112 -0.000492544 -0.000729874 0.000612147 0.00420014 0.00318796 0.00325244 -0.000785048 -0.000755026 0.00356421 -0.00112121 -0.0028658,800,0,cuda,17.33,19.19
test,220,american_pit_bull_terrier_26,american_pit_bull_terrier,dog,wrong,american_bulldog,lime,1,0.842281,42,0.61924,0.887772,0.268532,0.071683,0.861392,0.257147,0.760739,,,0.00983575 0.026228 0.0106753 -0.00485406 -0.0206185 0.0401573 -0.00969689 0.00351554 0.0121033 -0.0164979 -0.0272297 -0.0228246 -0.0022461 -0.0208323 0.0545204 0.116193 -0.0228893 0.00924131 0.000839912 -0.00449182 0.0503595 0.018363 0.0371966 0.491318 0.022778 0.000828895 0.117226 0.0206374 0.00993108 -0.0097264 0.209455 0.00348839 0.107574 0.0220892 0.0210561 0.0223774 0.0328075 -0.00316836 0.052255 0.00178689 -0.00187541 0.0300577,800,0,cuda,30.96,44.62
test,985,chihuahua_191,chihuahua,dog,correct,chihuahua,lime,10,0.998978,33,0.336177,0.779185,0.443008,0.1506,0.940153,0.217029,0.751774,,,-0.0295821 0.0691147 0.0405059 -0.0201404 -0.0235819 0.000574503 -0.0350794 -0.0218979 -0.0381434 0.0102738 -0.00404227 0.0259689 0.011932 0.0658369 -0.014475 0.522345 0.0654712 -0.0153741 0.0125558 0.362434 0.00165446 0.0202648 0.0183253 0.308832 -0.0202035 -0.00393383 -0.00697842 0.0112865 0.00725469 0.00488098 0.00133332 -0.0101874 -0.0378742,800,0,cuda,33.32,34.14
test,2295,Persian_261,Persian,cat,correct,Persian,lime,23,0.998567,28,0.609973,0.942752,0.332779,0.199747,0.956969,0.246534,0.821206,,,0.0124081 -0.00415548 -0.00197577 0.0352453 -0.00426144 0.000564653 0.00896486 0.0238884 -0.0198213 0.18702 0.0171983 0.0880155 0.0599496 0.0150006 -0.000405313 -0.00171733 0.506367 0.00515307 0.00494314 0.0320164 0.0264586 0.0163789 0.0216096 -0.0157482 0.0129159 0.0156566 0.0132258 -0.00469758,800,0,cuda,34.46,37.74
test,1238,english_cocker_spaniel_60,english_cocker_spaniel,dog,correct,english_cocker_spaniel,lime,12,0.99965,36,0.142379,0.751137,0.608758,0.047645,0.93202,0.066928,0.767208,,,0.0328256 -0.0270635 0.029079 0.0217076 -0.0118674 0.00367908 0.0282028 0.0203989 0.0080653 -0.0127833 0.0629749 0.512982 0.00911316 0.00464004 -0.0338268 0.428941 0.00338066 -0.0408227 0.0916116 0.0496395 0.0003037 0.071025 -0.0035087 0.0204009 0.0083653 -0.0192184 -0.0146813 0.0273834 -0.0375725 0.0151916 0.00248142 0.00884433 -0.0167239 0.0150284 0.0022926 0.00332141,800,0,cuda,39.03,41.46
test,1041,chihuahua_60,chihuahua,dog,correct,chihuahua,lime,10,0.938761,30,0.118144,0.68519,0.567046,0.029504,0.967079,0.041824,0.996108,,,-0.0061384 -0.0103716 -0.00199176 0.00242688 -0.00627541 -0.00266797 0.000966459 -0.00476301 -0.00146119 -0.00496453 -0.00438502 -0.0106236 -0.0040587 -0.00227199 -0.00905589 -0.00756528 -0.00645435 -0.000481837 0.903873 0.0136568 0.00899776 -0.00935302 -0.026462 0.0275518 -0.00406192 0.00334059 -0.00672204 0.00735943 0.00383338 -0.000172385,800,0,cuda,48.24,49.64
test,58,Abyssinian_62,Abyssinian,cat,correct,Abyssinian,lime,0,0.955782,33,0.489019,0.981799,0.49278,0.165146,0.877163,0.174304,0.762744,,,0.0192709 -0.0194968 0.0314933 0.0655789 -0.0156385 -0.0357223 0.00745496 -0.00162755 0.00267543 0.0660073 0.00283438 -0.00407656 0.0164125 -0.0248578 -0.00913022 0.0143695 -0.0202115 0.0517985 0.0145324 0.00119868 0.457367 -0.00380217 0.0319699 0.16766 0.0244311 0.131738 0.0050227 0.101882 0.0400821 0.0251767 0.0141506 -0.0349449 0.00365055,800,0,cuda,31.2,40.68
test,568,Bengal_73,Bengal,cat,wrong,Egyptian_Mau,lime,5,0.997483,33,0.373426,0.983268,0.609842,0.309112,0.937401,0.221881,0.379163,,,0.0159466 0.00854377 0.0176119 -0.0131651 0.00139012 0.00254505 0.0195508 0.00811793 0.0207219 0.0498714 0.0703481 0.0384868 -0.000293192 0.0229889 0.0395219 -0.00548524 0.0156719 0.0281822 0.0304961 0.010311 0.0194449 0.000406339 0.056773 0.0188706 0.0044313 0.0858187 0.0267953 -0.00526841 0.00516659 0.0019696 0.0204364 -0.00246133 -0.00319934,800,0,cuda,30.67,39.82
test,1881,leonberger_191,leonberger,dog,wrong,keeshond,lime,19,0.997696,38,0.652523,0.641579,-0.010944,0.397983,0.778151,0.701621,0.689766,,,0.0431249 0.031615 0.112944 0.100683 0.0606885 0.0441602 0.0333414 0.250024 0.0439897 -0.0153054 0.292844 0.262575 0.033478 -0.0185519 0.0372601 0.219451 0.0297967 0.00812496 0.117149 -0.0247986 0.0113133 0.0902906 0.0506066 -0.000742506 0.036303 0.0307629 0.08157 0.115604 0.0343968 0.0471645 0.0809042 0.0249861 0.0710751 0.00511239 0.0189479 0.118231 0.0167939 0.00273599,800,0,cuda,28.68,35.44
test,813,boxer_34,boxer,dog,correct,boxer,lime,8,0.999644,38,0.721022,0.990003,0.268981,0.488885,0.964584,0.148584,0.291075,,,0.00183114 0.00445726 0.00345976 0.0103896 0.0378079 -0.00368585 -0.00373905 0.0100227 0.00906219 -0.00102818 0.0625871 -0.00129778 0.00730543 0.0552622 0.0079806 0.0145893 0.0132708 0.0577537 0.00608089 0.0168192 -0.000330881 0.0101186 0.0233531 -0.00416435 0.0122576 0.0114233 0.0217766 0.0038966 4.85708e-05 0.0152939 -0.00577504 -0.000952014 -0.000928063 -0.00336048 -0.00361013 -0.00371141 -0.0114513 0.00375558,800,0,cuda,24.95,30.46
test,2821,saint_bernard_46,saint_bernard,dog,correct,saint_bernard,lime,28,0.999559,30,0.908482,0.996743,0.088261,0.216604,0.848388,0.350902,0.657033,,,-0.0115147 0.000165285 0.0142767 0.0503014 0.137508 0.010004 0.111216 0.0906857 0.111583 0.0555406 0.0508456 0.380899 -0.0349815 0.225181 0.0910728 -0.0283161 -0.00378596 -0.0315717 0.0146949 0.00266938 -0.0294884 0.0233511 0.103388 0.00945179 0.00241136 -0.0180493 -0.0263128 -0.02416 -0.008555 0.0109964,800,0,cuda,23.27,26.49
test,2313,Persian_30,Persian,cat,correct,Persian,lime,23,0.999841,32,0.997987,0.997005,-0.000982,0.499823,0.804717,0.378794,0.580748,,,0.0275293 0.265217 0.023226 -0.00697921 0.0308998 0.0326515 -0.00535471 0.0503559 0.0720016 0.00773794 0.0166382 0.0278303 0.131331 0.0478227 0.0671302 0.0595659 0.0707864 0.053106 0.0311604 0.035382 0.03586 0.0157539 0.0153627 0.00447387 0.01769 0.00265378 -0.00185519 0.00214466 0.0110121 0.00746968 -0.0108598 -0.0178146,800,0,cuda,17.99,26.27
test,703,Bombay_208,Bombay,cat,correct,Bombay,lime,7,0.923118,33,0.1875,0.793651,0.606151,0.080559,0.8514,0.230075,0.765617,,,-0.0191163 -0.00973343 0.00230933 -0.0524039 -0.0316603 -0.0173722 -0.00609421 0.0271693 -0.000214609 -0.0140282 0.206989 -0.00484501 0.0516229 0.0407395 0.47097 0.105151 -0.0231574 0.0273317 0.0062844 0.0288736 0.0112531 -0.00233583 -0.0118644 -0.020211 0.00670043 -0.00768309 0.00422284 -0.00280945 -0.00185117 0.0191147 -0.0118865 0.00626196 0.00624861,800,0,cuda,47.32,55.29
test,3202,Siamese_24,Siamese,cat,correct,Siamese,lime,32,0.705041,44,0.580616,0.986117,0.405501,0.029175,0.785591,0.050161,0.634937,,,0.000968284 -0.0194958 0.00530331 0.0494605 -0.014026 -0.00691883 0.00821485 0.150277 0.0706835 0.0133424 -0.00290186 -0.00518375 0.0689426 -0.0140824 -0.0759296 0.0875224 0.148333 0.0122234 -0.0257984 -0.00711025 0.108867 -0.0266574 0.0300893 -0.0356534 -0.0861376 0.028772 0.208813 -0.0162605 -0.054427 0.022463 0.00644929 0.045638 -0.00791167 0.0106089 -0.0225189 -0.0408228 0.101197 0.00591676 0.00324871 0.0989141 0.0425945 0.0868861 -0.0125628 0.0109731,800,0,cuda,26.91,32.98
test,261,american_pit_bull_terrier_65,american_pit_bull_terrier,dog,wrong,staffordshire_bull_terrier,lime,34,0.945457,31,0.407904,0.886394,0.47849,0.049384,0.676704,0.001964,0.853494,,,0.0226735 0.00419487 0.0178644 0.052371 0.0429848 0.0225069 -0.00376898 0.0249541 -0.00162382 0.00966393 0.00265581 -0.00809596 0.000518582 0.209356 0.0470644 0.0381089 -0.0153763 0.573178 0.00613234 0.0372992 0.0165938 0.000693081 0.085866 0.0485219 0.0177062 -0.00861766 0.00901925 0.0299638 -0.00702985 0.00954949 9.9618e-06,800,0,cuda,35.82,45.16
test,2488,pug_19,pug,dog,correct,pug,lime,25,0.999755,36,0.841737,0.995606,0.153868,0.413408,0.840217,0.648076,0.690657,,,0.0261961 0.00564078 0.0209603 0.0385024 0.00406512 0.00665721 0.049752 0.0180745 0.0244714 0.00643983 0.0412721 0.00248061 0.00448706 0.155875 0.0476116 0.0223471 0.0170152 0.096682 0.220701 0.232891 0.259501 0.114492 -0.0104154 0.0203772 0.116012 0.162409 0.0376168 0.0223819 0.00241058 0.0201112 0.122571 0.00111932 0.00311508 0.00928769 -0.0195405 0.0424341,800,0,cuda,16.43,26.0
test,1953,leonberger_75,leonberger,dog,correct,leonberger,lime,19,0.999871,39,0.803073,0.993437,0.190364,0.466349,0.861678,0.33149,0.43771,,,0.0276352 0.119764 0.0583743 0.032127 0.0755776 0.0235091 0.0226239 0.0558596 0.0108783 0.0536421 0.0387076 0.0413719 0.0405013 0.00918734 0.00793237 0.00672937 0.0244183 0.0201892 0.0366357 0.0376107 -0.00519113 -0.00609178 -0.00865142 -0.0116325 -0.0212981 0.00121932 -0.00649776 0.0692468 0.00782875 -0.00541639 -0.00412146 -0.0114249 0.00160477 0.000858801 0.0496654 0.018905 -0.000880173 0.0205677 0.0299305,800,0,cuda,30.02,37.49
test,1759,japanese_chin_7,japanese_chin,dog,correct,japanese_chin,lime,17,0.999854,34,0.824996,0.987154,0.162158,0.291816,0.890882,0.45169,0.561601,,,0.0228586 -0.000381735 0.102588 0.0166777 0.119021 0.268527 0.232512 0.0244721 0.0314893 0.125714 0.0189572 0.0116499 0.0177309 0.0346858 0.00682975 0.0528357 -0.00453408 -0.0116136 0.0995978 -0.00572682 0.0359363 0.0120762 0.0032045 0.0378949 0.0158917 -0.00737931 -0.0179448 -0.000158085 0.0327764 0.0136709 0.00539667 -0.00799057 -0.0137429 -0.026187,800,0,cuda,26.89,27.57
test,1293,english_setter_200,english_setter,dog,correct,english_setter,lime,13,0.984679,41,0.603416,0.994233,0.390817,0.115048,0.919368,0.429201,0.624194,,,0.00246577 0.16112 -0.0151808 0.0158822 0.079993 0.0311677 -0.00225843 -0.00673772 0.0094534 0.0285749 0.049526 0.0180655 0.0945021 0.025775 0.0612413 0.0145336 -0.0420315 -0.0122829 0.010706 0.164717 0.00255181 -0.00706448 0.366659 0.113518 -0.0030299 0.0284425 0.00648962 0.00461026 -0.00284524 0.0282842 0.025541 -0.0130208 -0.0162737 -0.0180908 0.009928 0.0202155 0.0102323 -0.003035 0.0160105 0.00186403 -0.0107607,800,0,cuda,32.64,41.95
test,1173,Egyptian_Mau_92,Egyptian_Mau,cat,correct,Egyptian_Mau,lime,11,0.983721,39,0.374542,0.978419,0.603878,0.255489,0.967958,0.23297,0.530364,,,0.00737633 -0.0111127 0.0107946 -0.00190436 -0.00294898 -0.00162572 0.0145558 0.00701475 -0.00503732 0.00307112 -0.0117316 0.0013223 -0.0199515 0.0178063 0.0996439 0.0209564 -0.000139882 0.108761 -0.0029876 0.0272889 -0.00394908 0.0766356 0.220274 -0.0319026 -0.0040516 0.0289324 0.0382009 0.0132337 0.00620758 0.0611174 -0.0256735 0.023105 0.0513807 0.00840398 0.00238408 0.00928124 -0.0323036 0.00480032 -0.00473902,800,0,cuda,32.61,41.87
test,3106,shiba_inu_33,shiba_inu,dog,correct,shiba_inu,lime,31,0.997656,33,0.200574,0.608881,0.408307,0.040875,0.950134,0.170629,0.78098,,,-0.0125185 -0.0012787 0.0102727 0.0041492 -0.0166948 -0.00235626 -0.0182691 -0.00145419 -0.0111599 0.0864082 0.300384 0.0196302 0.501446 -0.0229334 -0.0234356 0.125656 0.0128995 0.0511048 0.0017401 0.117286 0.260836 0.0502756 0.0506247 0.00148759 -0.0445937 0.0145939 -0.048376 -0.000442715 0.0236756 0.0190857 0.00173469 -0.00857179 -0.000634092,800,0,cuda,46.28,47.61
test,1136,Egyptian_Mau_53,Egyptian_Mau,cat,correct,Egyptian_Mau,lime,11,0.996777,39,0.261539,0.963334,0.701795,0.168774,0.950029,0.34778,0.595003,,,-0.00259169 0.00873317 -0.0171182 -0.00590243 0.00762801 -0.0175919 -0.00774786 -0.0223507 0.00529916 0.0136775 0.0300619 0.0284568 0.00398067 0.0248527 0.058732 -0.00332897 0.19988 0.0602552 -0.00325816 0.280438 0.00236008 0.010193 0.0320377 -0.0152911 0.0929022 0.10791 0.0857195 0.0458989 -0.0017062 0.00858517 0.0131408 0.0328221 0.0200898 0.00654865 0.012691 -0.0363152 0.00535892 -0.00175133 -0.00812617,800,0,cuda,32.9,39.55
test,717,Bombay_30,Bombay,cat,correct,Bombay,lime,7,0.999744,34,0.592494,0.955044,0.362549,0.172525,0.954853,0.338482,0.619329,,,0.088841 -0.0153271 0.0303335 0.00869604 0.00388997 0.0468441 0.18137 -0.0114177 -0.0236566 -0.00579693 0.192723 -0.0105939 0.00727356 0.219702 0.0859291 0.214585 0.00137118 0.0234848 0.0539553 -0.00213113 0.0112028 -0.0313244 -0.0105584 0.0235513 -0.00531333 -0.0327577 0.0837558 -0.018175 -0.00630155 -0.013334 0.0102047 0.00887094 0.00334417 -0.0203491,800,0,cuda,50.92,51.44
test,1025,chihuahua_46,chihuahua,dog,correct,chihuahua,lime,10,0.996792,44,0.291992,0.793282,0.50129,0.053182,0.885346,0.240292,0.675392,,,-0.0303431 0.000659363 0.00627541 0.0445339 0.00197356 -0.0136942 0.0148398 0.0206806 0.0361718 -0.034066 -0.00757199 0.271777 0.169963 0.226393 0.0204325 -0.0164169 0.249161 0.210563 0.0439723 0.184005 0.00475267 -0.0202316 -0.037533 -0.0613667 0.00615081 -0.0170983 -0.00858323 0.0080552 -0.00577406 0.000784166 -0.0462403 -0.0152106 -0.0144962 0.00197097 0.00780985 -0.0204324 -0.022349 -0.028437 -0.0085006 -0.0574703 0.0282345 -0.0323146 0.000151948 0.00134357,800,0,cuda,34.77,45.03
test,384,basset_hound_88,basset_hound,dog,correct,basset_hound,lime,3,0.818653,30,0.438217,0.808175,0.369957,0.188858,0.865678,0.45862,0.674196,,,0.0058824 0.0526482 0.10798 0.0130613 0.0101764 0.184747 -0.0172123 -0.00936319 0.0500646 0.134287 0.405555 0.0217964 0.0340817 0.196064 -0.0105699 -0.0219114 0.0273916 0.00441833 -0.00543033 0.0498468 -0.00560262 0.00403636 -0.000995855 0.00879142 -0.0214816 -0.0130288 -0.0168231 -0.012305 -0.0027526 -0.000659883,800,0,cuda,38.77,40.62
test,588,Bengal_91,Bengal,cat,wrong,Egyptian_Mau,lime,5,0.987028,36,0.556302,0.992787,0.436485,0.137078,0.923844,0.208391,0.581621,,,-0.000326949 0.00769169 0.00856642 -0.0433245 -0.00131587 -0.00555523 0.0155348 -0.0132303 0.00769068 -0.0560966 -0.0201904 0.017133 -0.0264202 0.0126613 0.0165459 -0.000948329 0.0324886 -0.00606562 0.0426816 0.0836687 0.0621623 0.0170225 0.0545752 0.155782 0.0213814 -0.0216155 0.166879 -0.0314558 0.0492695 0.156337 0.0807196 -4.27237e-05 0.0375334 -0.0136859 -0.0156059 0.0132544,800,0,cuda,47.82,50.05
test,2320,Persian_39,Persian,cat,correct,Persian,lime,23,0.999821,40,0.373007,0.986249,0.613242,0.18951,0.872382,0.258685,0.714842,,,0.0429908 0.0247797 0.00668885 0.00109579 0.0269597 0.00376199 0.0294694 -0.00316664 -0.00637165 -0.0143426 0.0607718 0.0351965 0.0123352 0.0829888 0.148139 0.18264 0.289643 0.377226 0.023738 0.0597572 0.138709 0.185504 -0.00436518 -0.00894973 0.1478 -0.0234086 0.00950682 0.000134361 0.00876281 -0.0295073 -0.0216998 0.00183442 -0.0274228 -0.0165466 0.00574669 0.00634938 0.00532362 -0.0203563 -0.0107972 0.00849077,800,0,cuda,28.72,38.28
test,1477,german_shorthaired_96,german_shorthaired,dog,correct,german_shorthaired,lime,14,0.999995,38,0.852121,0.877861,0.025741,0.60064,0.809657,0.385347,0.533769,,,0.00683965 0.00892606 -0.00060794 0.0653068 0.00142436 0.00610539 0.0472242 0.0184035 0.00510519 0.0225442 0.0122063 0.00422207 0.0520284 0.0281096 0.0328577 0.148064 0.010426 0.0336271 0.0469723 0.0533128 0.0353623 -0.00518914 0.10832 0.0377429 0.0104484 0.0626168 0.00351163 0.0165006 0.00782673 -0.0130153 0.00794709 -0.00581829 0.0523354 0.0355808 0.032842 -0.00366817 0.0430301 0.00686121,800,0,cuda,29.6,38.76
test,1836,keeshond_5,keeshond,dog,correct,keeshond,lime,18,0.999812,45,0.464266,0.796556,0.33229,0.34234,0.949384,0.388715,0.54129,,,-0.0111062 0.0247528 0.00334105 0.00944889 0.00825756 0.0108923 -0.00320213 0.0350311 0.0724668 -0.000490407 0.00522774 0.0271928 0.0851619 0.0114018 0.0065418 0.0185115 0.0837065 0.0103696 0.0595823 0.20973 0.0381121 -0.0129792 0.0125341 0.0315948 -0.00119621 0.0674864 0.0388658 0.00672547 -0.000751343 -0.0147029 0.0794731 0.00415642 0.0282739 0.0145484 0.0262412 -0.0176887 -4.77628e-05 -0.0244446 0.000152437 0.0362124 0.0307146 0.051576 0.0158265 -0.00197728 -0.0155873,800,0,cuda,40.46,41.94
test,3521,wheaten_terrier_57,wheaten_terrier,dog,correct,wheaten_terrier,lime,35,0.999463,38,0.655194,0.990645,0.335451,0.182505,0.861749,0.434269,0.660506,,,0.205446 0.0573372 0.0142105 0.243812 0.00662041 0.0747624 0.0183253 -0.0186079 0.143743 -0.00188174 0.121885 0.00743739 0.239091 -0.0141974 0.0687427 0.0869847 -0.00186666 0.0413446 0.0372107 0.00596514 0.019491 0.0069324 0.0147307 0.107925 -0.00501864 0.0341978 -0.00312274 0.0108723 0.0208391 0.0725537 -0.0087391 -0.0219192 -0.0622831 0.0222074 0.0316657 0.0187461 -0.00394343 0.0428521,800,0,cuda,39.92,45.7
test,3325,Sphynx_38,Sphynx,cat,correct,Sphynx,lime,33,0.999969,40,0.485192,0.915836,0.430644,0.211939,0.839137,0.534847,0.724744,,,0.200577 -0.0168626 0.0869437 -0.00424549 0.0120602 -0.00501618 0.0571223 0.201246 -0.00354372 0.0883888 0.0991516 0.00741522 0.0149511 0.0879314 0.00928568 0.0398344 0.00786032 0.0269658 0.0162189 0.0683282 0.13237 0.215491 0.030394 0.0676471 0.00874877 0.0379945 0.0423512 -0.00344908 0.0655847 0.0139389 0.101534 0.00315581 0.0113756 -0.010879 0.0142019 0.0120453 0.00665244 0.0127599 0.0267202 0.00980943,800,0,cuda,39.69,40.75
test,1806,keeshond_31,keeshond,dog,correct,keeshond,lime,18,0.955146,33,0.56531,0.921796,0.356485,0.271307,0.684504,0.321823,0.724093,,,0.0184416 -0.0106081 -0.00101881 0.135746 0.0564385 0.088757 -0.0250743 0.0032146 0.111936 0.191153 0.01344 0.0387251 0.0997181 0.28778 0.00961986 -0.0108803 0.186615 -0.0708371 0.221992 0.173894 0.0404152 0.128367 -0.0181967 0.00678316 0.0123556 -0.00737953 -0.0131391 0.0198504 0.0197445 -0.00936584 -0.0151942 0.00495312 -0.00420786,800,0,cuda,34.42,40.73
test,2110,miniature_pinscher_36,miniature_pinscher,dog,correct,miniature_pinscher,lime,21,0.959679,40,0.236787,0.740048,0.503262,0.066877,0.909363,0.155871,0.808457,,,-0.0327377 -0.00405199 -0.0120179 -0.00959797 -0.0119157 -0.0131456 0.00248235 -0.0195 0.00444014 0.127257 0.253371 -0.00133583 0.114327 0.556896 0.066846 -0.0138005 0.182538 0.153998 -0.0230032 -0.00996174 0.0343426 0.0138838 0.0389902 -0.0245328 0.0266022 0.0177726 0.0143621 0.00260252 0.00527818 0.0192125 -0.00834996 -0.0445099 -0.0253579 0.0154023 0.00516135 -0.00934037 -0.00623479 -0.00747901 0.0023599 0.00239223,800,0,cuda,39.86,49.06
test,2706,Russian_Blue_242,Russian_Blue,cat,wrong,Bombay,lime,7,0.919109,35,0.547433,0.981097,0.433664,0.11529,0.907043,0.087708,0.737731,,,-0.0284343 -0.0687047 -0.00738672 -0.00154331 0.00715091 0.219412 0.222335 0.0828764 0.0148529 0.0135266 0.281779 -0.0203131 0.0677761 0.0910249 -0.000900601 0.0673947 0.0226921 -0.0109949 0.107527 0.0010158 0.0465139 -0.00482907 -0.0155602 0.158822 0.0109368 0.00437735 0.0203361 0.00124881 -0.0398451 -0.0291254 0.0519633 -0.0230712 -0.0175757 0.010179 0.00168897,800,0,cuda,21.82,23.23
test,855,boxer_72,boxer,dog,correct,boxer,lime,8,0.985158,47,0.315928,0.9715,0.655572,0.099705,0.867102,0.179877,0.797771,,,0.0459589 -0.0124402 0.000139586 0.0256002 -0.0125531 0.444414 0.00736644 0.0314371 -0.0047538 -0.0140989 -0.000620961 0.0311153 0.143359 0.022288 0.157761 0.00591294 0.00592964 0.073893 0.172436 0.0293926 -0.00132523 0.0649681 0.0100373 0.00797341 0.0404563 0.0864546 0.0123425 0.0371917 0.0240071 0.0159242 0.0435281 -0.01503 0.0126509 0.0236428 0.00403694 0.0116404 0.007291 -0.00619937 0.0230476 0.00972761 0.0303689 0.00163953 0.0205175 0.00773311 0.00464009 0.0280484 0.00857151,800,0,cuda,38.26,40.34
test,3193,Siamese_232,Siamese,cat,correct,Siamese,lime,32,0.940622,28,0.933215,0.873494,-0.059721,0.13558,0.563195,0.364451,0.587975,,,0.0781723 0.0121193 0.0804874 -0.022285 0.0577877 -0.0142168 0.0348842 0.0396542 0.0617839 0.0602664 0.0345873 0.0224826 0.00792593 0.130686 0.0283426 0.113439 0.00845753 0.0845946 -0.0106288 0.0225612 -0.00923827 0.0507433 0.0149466 0.0112302 -0.00728551 0.0332458 0.0320072 -9.94402e-05,800,0,cuda,51.64,55.57
test,3228,Siamese_49,Siamese,cat,wrong,Russian_Blue,lime,32,0.906976,36,0.447465,0.976744,0.529279,0.034572,0.80133,0.05348,0.717169,,,0.0228017 0.0185895 0.0227871 0.00903508 0.0239873 -0.00451839 0.0022726 0.00755284 0.00226023 0.0595263 0.0401623 -0.00711704 0.258283 0.170564 0.0261183 0.0173544 0.014435 0.0134042 0.498975 -0.00139316 0.00517695 0.0105384 0.00799848 0.0207049 0.0667135 -0.00296368 -0.0228284 0.0192089 0.131356 -0.0234805 -0.0113568 -0.00896248 -0.00610804 -0.00574529 0.00825488 -0.00690486,800,0,cuda,26.64,40.78
test,2824,saint_bernard_49,saint_bernard,dog,correct,saint_bernard,lime,28,0.999619,45,0.554767,0.991302,0.436535,0.309023,0.971197,0.403425,0.531947,,,0.0329964 0.0469377 -0.00451161 0.0761695 0.00766388 -0.0130904 0.0114924 0.0410344 0.0128125 0.00501108 0.00218282 0.0887607 -0.0139766 0.139046 -0.0194169 0.221957 0.0102466 -0.0311379 0.0162608 0.0187347 0.0121007 0.255314 0.0098747 -0.0011876 -0.000770617 0.0149418 0.0133028 -0.00568265 -0.0119597 0.0137319 0.0330846 0.0198778 0.0452003 0.0129048 0.0166752 -0.00146902 -0.00777931 -0.00617878 0.0290625 0.00466785 -0.00357538 0.0244348 0.000382249 0.0130255 0.00330138,800,0,cuda,22.81,26.77
test,3572,yorkshire_terrier_194,yorkshire_terrier,dog,correct,yorkshire_terrier,lime,36,0.68863,34,0.344607,0.703616,0.359009,0.180751,0.852686,0.40525,0.517183,,,-0.0222987 0.0143819 -0.051033 -0.02931 0.012876 -0.0145971 0.00757478 0.0552333 0.00878374 0.0956496 0.00269748 0.0249177 0.291918 0.13837 0.0208523 0.0198904 -0.00486484 0.0150552 0.0707316 0.100284 -0.025057 0.00550413 -0.0131111 -0.0137644 0.0803627 0.0592561 0.010144 -0.01719 -0.0303733 0.0156731 -0.0152498 0.000705681 -0.00891749 -0.0102487,800,0,cuda,43.23,44.41
test,3289,Sphynx_230,Sphynx,cat,wrong,Russian_Blue,lime,10,0.555517,39,0.38341,0.621662,0.238251,0.015312,0.7653,0.309787,0.570679,,,0.0551335 0.0061254 0.0123262 0.0808693 0.0654956 0.0100687 0.119694 -0.0138292 0.0241787 0.00855059 0.102831 0.0330225 -0.0107024 0.00175578 0.0162724 -0.0425265 0.0128026 0.0116942 -0.0110312 -0.000238648 -0.00442666 -0.0357069 -0.0211139 -0.0266673 -0.0352257 -0.0151446 -0.00194331 -0.00534046 -0.00749783 -0.020737 0.00118235 0.00590605 -0.0062781 0.00589662 0.00984977 0.0132241 -0.0298218 -0.00878882 -0.018903,800,0,cuda,34.61,38.83
test,2073,Maine_Coon_93,Maine_Coon,cat,correct,Maine_Coon,lime,20,0.999634,40,0.330377,0.984595,0.654218,0.158843,0.972074,0.247936,0.526937,,,-0.0172329 0.0309709 -0.00179861 -0.018154 0.000211156 0.00915296 0.008458 -0.00578743 0.0112849 0.0149965 0.0145429 0.00242724 0.00620062 0.0249267 0.223636 0.0107234 0.0176703 0.0963893 0.0101704 0.110177 0.0224655 -0.0015406 0.0116512 0.0482822 0.0898683 0.101433 -0.00658051 0.00283373 -0.00871077 -0.0080348 -0.00693987 -0.0277555 0.00444936 -0.00408858 -0.00244945 -0.00327158 -0.00658965 -0.00224591 -0.00848608 0.0150629,800,0,cuda,45.65,50.16
test,1056,chihuahua_74,chihuahua,dog,correct,chihuahua,lime,10,0.99979,33,0.269671,0.909186,0.639515,0.135525,0.897807,0.295117,0.824624,,,-0.030441 -0.00632727 0.0360248 -0.00704107 0.00074768 0.0198177 -0.0191151 0.0625887 -0.0212362 0.178715 0.0161216 0.0109977 0.179728 0.0664905 0.0108551 0.305958 -0.00727336 -0.00542726 -0.00202272 0.0144755 0.00659461 -0.00614963 0.00342453 -0.0218473 0.142595 0.0116755 0.569235 0.0220633 -0.00928518 0.013355 -0.00399408 0.020394 0.00971594,800,0,cuda,26.5,31.16
test,819,boxer_3,boxer,dog,correct,boxer,lime,8,0.999041,37,0.069456,0.348489,0.279033,0.033363,0.975039,0.029752,0.993362,,,-0.00150818 0.000232168 -0.00112709 -0.00408256 0.000232871 0.00974435 0.00323796 0.000949313 -0.00452386 -0.00357512 0.00226429 0.00152645 0.00135088 -0.00311266 -0.00437343 -0.0051227 -0.00027572 -0.000147133 -0.00285762 -0.00057936 -0.000873654 0.919379 0.0238134 0.0405836 0.00392322 0.00604897 0.00399019 0.00484393 0.00103038 0.0017249 0.0242138 -0.00221918 -0.00356356 -0.0035771 0.00153894 -0.00582601 2.11934e-05,800,0,cuda,42.01,46.91
test,3072,scottish_terrier_93,scottish_terrier,dog,correct,scottish_terrier,lime,30,0.999635,40,0.562062,0.724987,0.162926,0.48641,0.920998,0.255626,0.489372,,,0.0671303 0.0547362 0.0141805 -0.00291645 0.0068582 0.0103554 0.092372 0.00959426 0.0301167 0.0636974 0.0163471 0.0539635 0.0209448 -0.00795972 0.052067 -0.010127 0.114228 0.0117147 0.0184387 0.0098124 -0.0118537 0.00167777 0.00274787 0.0133336 0.0114473 -0.00790886 0.00915003 0.0163988 -0.00212774 -0.00271478 0.0123439 0.00207848 0.0186482 0.00729735 -0.00770976 0.00289196 0.00405199 -0.000319148 0.0141466 0.00609398,800,0,cuda,29.9,38.15
test,2133,miniature_pinscher_57,miniature_pinscher,dog,correct,miniature_pinscher,lime,10,0.875338,34,0.315988,0.821287,0.5053,0.056299,0.634456,0.523547,0.477622,,,0.000168195 0.00468669 -0.0148268 -0.0066699 0.00902213 0.0775564 0.0321731 0.00641017 0.00186799 0.0911893 0.00471313 0.146272 -0.0112195 0.0614336 -0.00269833 0.0217401 -0.00171901 0.0940751 0.0161828 0.00599221 0.00662735 0.00693269 0.0319295 -0.00743978 -0.00295171 0.00925393 0.0176142 -0.0309836 0.00918225 -0.00983438 0.00452188 -0.00688377 0.00995851 -0.0173543,800,0,cuda,36.2,44.79
test,2871,saint_bernard_91,saint_bernard,dog,correct,saint_bernard,lime,28,0.999875,34,0.580018,0.953106,0.373088,0.295299,0.957337,0.441682,0.749269,,,0.00258841 -0.0240032 0.0520303 0.016182 0.194061 0.026605 0.47163 0.0347085 -0.000367685 0.251503 -0.000478163 0.0120967 0.0217521 0.049088 0.0577835 -0.019419 0.0122639 0.0156396 0.118573 -0.00927411 0.00759628 -0.0246294 0.159062 -0.013677 -0.00894172 0.0730692 0.0262386 0.00637434 0.0459429 0.0163188 -0.00595597 0.0234969 -0.00905714 -0.00489326,800,0,cuda,38.14,40.35
test,455,beagle_61,beagle,dog,wrong,basset_hound,lime,4,0.995674,35,0.41767,0.992888,0.575218,0.056527,0.9303,0.113765,0.772716,,,0.0211221 0.0755702 -0.00994177 0.0345206 -0.0162833 0.011089 0.16277 0.113521 0.00140542 -0.0094274 0.0919018 0.00855704 0.0393515 0.600919 0.0895775 0.0227175 0.191277 -0.00271348 0.00364738 0.0619453 -0.0120439 0.0265836 -0.010326 -0.0338054 0.0119875 -0.00569977 0.0078468 -0.0104379 0.0188783 -0.0227267 0.00301627 -0.00123987 0.00508358 -0.000988394 0.0145392,800,0,cuda,32.16,39.17
test,52,Abyssinian_56,Abyssinian,cat,correct,Abyssinian,lime,0,0.999654,37,0.407745,0.796499,0.388754,0.422858,0.835513,0.303632,0.639384,,,0.00308739 0.0895931 0.0109394 -0.00188525 0.00391531 0.00215726 -0.00305414 -0.011847 0.00874344 0.0624272 0.0534334 0.0122933 0.0062758 0.0036362 0.0348296 0.0835854 0.0114956 0.0063289 0.00605403 0.00408347 -0.00432275 0.030041 -0.00304312 0.0336873 0.22444 0.0133611 0.034708 0.0172112 -0.0173691 0.188586 0.0355342 -0.003969 0.00698206 0.0266544 0.00905482 0.000213471 -0.00426596,800,0,cuda,27.09,28.44
test,2482,pug_194,pug,dog,correct,pug,lime,25,0.99983,37,0.657187,0.957903,0.300717,0.286263,0.912387,0.478822,0.792428,,,0.0122286 0.0393685 0.0407968 0.019415 0.0191084 0.132079 0.00605072 0.123024 0.0126621 0.0612552 -0.00832325 0.0189862 0.0282584 0.396142 0.0304622 0.172486 0.0252342 0.0262059 0.18814 0.0325671 0.0286636 0.0191169 0.010969 0.0182112 0.0345439 0.0529724 0.0902826 -0.0140365 0.0719253 0.00488806 0.0179879 9.7753e-05 0.0111209 0.0163414 0.0135167 -0.0234996 -0.00297797,800,0,cuda,30.57,33.17
test,20,Abyssinian_226,Abyssinian,cat,wrong,Ragdoll,lime,26,0.186524,38,0.272321,0.48229,0.209969,0.005723,0.246133,0.16141,0.163219,,,-0.000123491 0.000475791 0.000990358 0.00191812 0.00219545 0.00106389 0.000739397 0.00245756 0.000333574 0.0012476 0.00246334 0.00169667 0.0009582 -6.38055e-05 -0.000232599 0.00233802 0.00136986 0.00169391 0.0006035 0.000755211 0.00239941 0.00155568 0.000781505 0.00099138 0.00210086 2.39483e-05 0.000759329 0.00127777 0.00159174 0.000524897 0.000698139 0.00158437 0.000637204 0.000960325 0.00074117 0.000683325 6.58176e-05 0.000742381,800,0,cuda,30.74,37.24
test,1418,german_shorthaired_42,german_shorthaired,dog,correct,german_shorthaired,lime,14,0.999985,41,0.563556,0.977031,0.413475,0.26951,0.874838,0.364704,0.487975,,,-0.000333678 0.00835489 0.00308623 -0.0329088 -0.0139458 0.0129539 0.000976874 0.0143947 0.00155507 0.015065 0.0683511 0.15322 -0.00113973 -0.00664968 0.0605304 0.0570256 0.0857219 0.0943631 -0.0108873 -0.0142816 0.124958 0.0493249 0.00293149 0.0458375 0.0414562 0.0136875 -0.0220912 0.114562 0.0294537 0.000264284 -0.0019153 0.00479812 0.0147666 0.0275826 -0.00439915 0.0681452 -0.00492925 -0.00357996 0.0108288 -0.0152251 -0.0172425,800,0,cuda,29.59,31.74
test,1957,leonberger_79,leonberger,dog,correct,leonberger,lime,19,0.99022,42,0.260463,0.583674,0.323211,0.157372,0.916783,0.479941,0.648696,,,0.0193926 -0.00969455 0.005009 0.00187393 0.00544081 -0.0110959 -0.00680258 -0.00918728 0.107765 0.00184239 0.310364 -0.0148221 0.15464 0.058692 0.0341923 0.0398112 0.00976484 0.0604551 0.0872565 0.033676 -0.0217913 0.286768 0.00625628 0.00753932 0.0498294 -0.0219996 0.084363 0.16092 0.000258853 0.00449853 0.00652752 0.00101043 0.00776175 0.000886461 0.000405376 0.014657 0.0227477 -0.00981821 -0.0151521 0.0135603 0.00805259 -0.00139364,800,0,cuda,41.04,44.61
test,3396,staffordshire_bull_terrier_34,staffordshire_bull_terrier,dog,correct,staffordshire_bull_terrier,lime,2,0.53063,35,0.189812,0.882169,0.692357,0.039743,0.816846,0.029474,0.889357,,,0.00403786 0.0336328 0.0175315 0.00903618 -0.0243042 0.0147143 -0.0135399 0.033279 0.0307671 -0.00624058 0.0016417 -0.0313817 -0.0175078 0.472408 -0.0183961 0.000423416 -0.00020878 -0.0299135 0.00376042 0.0363081 0.024452 0.00417371 -0.0551723 0.141998 0.0481337 -0.0336464 -0.0564325 -0.0218105 0.00675814 -0.0199346 -0.044759 -0.00476103 0.010012 0.0114095 -0.00324559,800,0,cuda,53.53,54.98
test,194,american_bulldog_97,american_bulldog,dog,correct,american_bulldog,lime,1,0.996601,42,0.283502,0.622619,0.339117,0.198458,0.861612,0.520743,0.77115,,,0.0343763 0.157474 0.00869146 -0.0267054 0.0339297 -0.0247515 0.0278896 0.0348139 0.0549435 0.0564623 0.0442444 0.150219 0.310862 -0.0231882 0.033826 0.0394602 -0.0406608 0.345995 0.0304128 0.100136 0.0365817 0.0497217 0.0586885 0.0895238 0.252755 0.0343294 0.0812237 -0.00112315 0.0144566 -0.00321974 0.0405827 -0.00417385 0.00442702 -0.00655902 0.0323164 0.00168572 -0.00136336 -0.00526872 -0.00363987 -0.0124462 0.00933975 -0.00441543,800,0,cuda,31.42,37.29
test,1213,english_cocker_spaniel_38,english_cocker_spaniel,dog,correct,english_cocker_spaniel,lime,12,0.999764,42,0.250219,0.860208,0.609988,0.136973,0.855825,0.167093,0.674594,,,0.119195 0.0903869 0.0302492 0.150121 0.0206995 0.0662505 0.197697 0.088058 0.16743 0.0185499 0.32526 0.0223171 0.0145544 0.345345 -0.0125746 0.0284873 0.0352035 0.0185208 -0.0311768 -0.00203982 0.000267246 0.0179227 0.0151092 0.0201059 0.00520155 -0.00126293 0.00611052 0.0102056 0.00826562 -0.0158013 0.0259584 0.0195142 -0.0213074 0.00229196 -0.01167 -0.00325415 0.00932989 0.00488448 0.00183565 -0.0274791 -0.00304239 -0.0238151,800,0,cuda,38.69,49.15
test,2726,Russian_Blue_41,Russian_Blue,cat,correct,Russian_Blue,lime,27,0.998365,35,0.340043,0.490185,0.150142,0.082481,0.929078,0.25161,0.800479,,,0.0157984 0.0680006 0.00953133 0.144616 0.0424691 -0.0172684 0.00478281 -0.0787385 0.0325456 0.509504 0.0139312 0.217486 0.0444712 0.0159166 -0.00816906 0.135639 0.0426725 0.0501218 0.0566524 -0.0313067 0.0334587 0.0180751 0.0128134 0.0874525 0.116041 0.0666761 -0.0238364 0.0186929 -0.00933941 -0.0150411 0.0542709 -0.0192231 -0.0330519 -0.0142893 0.0100451,800,0,cuda,39.55,44.26
test,1086,Egyptian_Mau_199,Egyptian_Mau,cat,correct,Egyptian_Mau,lime,11,0.998302,38,0.578922,0.838281,0.259358,0.292997,0.903971,0.142733,0.69917,,,-0.00330721 -0.00888852 -0.0139053 -0.0857738 -0.000176507 0.0226338 0.0409789 -0.0312514 -0.000878154 0.112146 0.0166771 -0.00639073 -0.000478263 -0.00721669 -0.0301057 -0.0135688 0.0938321 -0.00832947 0.0338877 0.0199723 0.00556786 -0.0127815 0.03333 0.0308248 0.015776 0.347653 0.0904954 0.00371532 -0.00446332 0.0807464 -0.011301 0.033278 -0.00115149 -0.000163779 0.0823706 0.0215744 -0.0122702 -0.0071757,800,0,cuda,20.85,25.55
test,3321,Sphynx_33,Sphynx,cat,correct,Sphynx,lime,33,0.99978,41,0.384168,0.887724,0.503556,0.226882,0.86895,0.405109,0.764187,,,-0.0190016 0.104286 0.137389 0.0610142 0.0529402 0.0128634 -0.0180347 -0.0136523 -0.00718257 0.102656 0.132021 0.124198 0.0225559 0.0323136 0.120337 0.00629761 0.21143 0.225578 0.0184727 0.0524902 0.0115355 -0.00908945 -0.028351 0.0688999 0.149046 0.0377362 -0.0374849 0.022393 -0.071467 -0.00738711 0.00468267 -0.00840881 0.00744537 0.0154216 0.0277487 -0.0117828 0.00209282 -0.0107466 -0.0535021 -0.0244288 0.00807757,800,0,cuda,37.74,38.48
test,1217,english_cocker_spaniel_41,english_cocker_spaniel,dog,correct,english_cocker_spaniel,lime,12,0.992938,50,0.333925,0.418906,0.084981,0.044447,0.862622,0.389499,0.486661,,,-0.0159129 -0.00474542 0.161081 0.0267753 0.0140521 0.0925014 0.0224717 -0.0222476 0.039129 0.000211144 0.017496 0.136017 0.028275 -0.00586317 0.0206727 0.00877578 0.146814 0.0501388 0.126199 -0.00526433 0.0291581 0.0118883 -0.00904671 0.0297136 -0.00624298 0.0192811 0.00764696 0.0238126 0.00207482 0.00376211 0.0200875 0.0116173 -0.00548765 -0.0328568 -0.00780012 0.00437004 -0.00478384 0.0127413 0.0234252 -0.00522391 0.0284169 0.0174065 -0.0032895 0.00185856 0.0111418 -0.0323711 -0.00481237 0.0239109 0.0102027 0.00846989,800,0,cuda,17.64,19.15
test,264,american_pit_bull_terrier_68,american_pit_bull_terrier,dog,wrong,american_bulldog,lime,33,0.558108,38,0.40061,0.813054,0.412444,0.203794,0.778712,0.47934,0.658171,,,-0.0442009 0.0834664 -0.0266438 0.000575884 0.0395287 0.0444372 0.122073 -0.0401441 0.0256063 0.213941 0.027286 0.0119323 0.0102252 0.00829267 0.00912302 0.00155436 -0.0156287 -0.0220843 -0.0146532 -0.00744631 0.0368262 0.16898 -0.00209989 -0.000729301 0.0344576 -0.00639926 -0.00133405 -0.0274562 0.00940303 0.0465551 0.0429972 -0.0285195 0.0292392 0.0181467 0.00778049 -0.00600758 -0.0313455 -0.0091504,800,0,cuda,29.64,40.88
test,2188,newfoundland_198,newfoundland,dog,correct,newfoundland,lime,22,0.999916,45,0.569336,0.966674,0.397338,0.31437,0.942605,0.330805,0.600497,,,0.0175989 0.0287167 0.0225704 0.00734941 0.0153134 0.0158416 0.00565287 -0.00744265 0.0165738 0.0203129 0.0880778 0.0102132 -0.000652592 -0.0126865 0.156161 -0.0158802 -0.0327765 -0.0144954 0.011504 0.0481062 0.0180912 0.0237384 0.0132854 0.00667602 0.00462712 -0.0231474 0.187791 -0.0096003 0.0856389 0.0462021 0.0158377 0.0142113 0.145261 0.0343031 0.0138377 0.00457691 0.00516902 -0.0173766 -0.000922238 0.00211503 0.0143601 -0.00198914 0.000298249 -0.00901402 0.0232249,800,0,cuda,29.36,41.12
test,3111,shiba_inu_38,shiba_inu,dog,correct,shiba_inu,lime,31,0.998049,38,0.573461,0.987721,0.414259,0.276785,0.906246,0.542329,0.724062,,,0.0438123 0.0115709 -0.00787229 -0.00730572 0.0287397 -0.0123408 -0.0280539 0.00535816 0.0391408 0.0526971 -0.0131464 -0.000493066 0.0111384 0.340566 0.0182513 0.1416 -0.0299804 0.256908 0.0314546 0.201766 0.265207 0.0123034 0.00718973 0.0314201 0.0434268 0.0321516 0.0917663 0.011597 -0.0427571 0.188386 0.0346802 0.0124653 0.0517099 0.0144787 -0.00804494 0.0420245 0.0627133 0.00512756,800,0,cuda,22.34,24.52
test,1454,german_shorthaired_75,german_shorthaired,dog,correct,german_shorthaired,lime,14,0.982426,43,0.454361,0.974169,0.519809,0.259189,0.772041,0.353151,0.697537,,,-0.00405183 0.0168008 -0.0120234 0.0269322 0.0616903 0.00481435 -0.0146556 0.0338682 0.1388 0.0259122 -0.00193332 0.0556134 -0.004062 -0.00561675 0.0280376 0.0343411 0.236508 0.0358958 0.16353 0.0253719 0.00853708 0.0176496 0.03487 0.00265883 0.0170332 0.039354 0.137551 0.0109443 0.0301129 0.0163464 -0.0240918 -0.000682534 0.0757174 0.122336 0.0407605 -0.0249933 0.193293 0.01779 -0.000479456 0.026575 0.0245061 0.00149024 0.0142792,800,0,cuda,18.35,21.56
test,2888,samoyed_199,samoyed,dog,correct,samoyed,lime,29,0.996769,28,0.907964,0.957317,0.049353,0.222776,0.835086,0.468684,0.670512,,,0.139559 0.00536391 0.118505 0.0200012 0.0624182 0.148601 0.00886524 0.0279619 0.432051 0.0709656 0.138144 0.250853 0.221172 0.123103 0.181111 0.0751279 0.0409767 0.00550427 0.00449468 -0.0199307 0.0102329 -0.00986418 -0.0327982 -0.0111174 -0.0140483 -0.0279786 0.00410849 0.0154448,800,0,cuda,23.69,25.69
test,2075,Maine_Coon_95,Maine_Coon,cat,wrong,Persian,lime,26,0.882891,44,0.347437,0.984151,0.636714,0.076968,0.849588,0.390628,0.532199,,,-0.0079829 0.00217391 0.0125187 0.0216476 0.0375321 0.0339467 -0.00444765 0.0135672 0.00605094 -0.0186307 -0.0167239 0.00105423 0.00520828 -0.012164 -0.0217107 0.0142357 0.10896 0.0188315 -0.00819614 -0.00641957 0.00163432 0.0205782 0.0330458 0.0174757 -0.00239583 0.108325 0.062724 -0.0123771 0.0260427 0.0147122 0.170058 -0.010449 0.0274592 -0.0126128 0.112321 -0.00234261 -0.0112061 0.00744519 0.023981 0.00608061 -0.00220308 -0.000796913 0.00805596 -0.00513287,800,0,cuda,29.49,33.35
test,2103,miniature_pinscher_2,miniature_pinscher,dog,correct,miniature_pinscher,lime,21,0.982618,38,0.494818,0.800605,0.305787,0.264952,0.936091,0.256813,0.617163,,,-0.00893704 0.0184752 0.00253834 0.0703258 0.0197252 0.00736472 -0.0120742 -0.00480265 -0.00947708 0.210582 -0.0234757 -0.0110551 0.0564269 0.121909 0.0796098 -0.0162608 0.00674211 0.0346088 0.00808392 0.0683142 0.0182581 0.0115211 0.0145093 0.0419381 0.0276389 0.0241913 -0.0117754 -0.02028 -0.0237819 0.0383091 -0.0118704 0.0688809 -0.0160968 0.0122688 0.0303642 -0.00179392 -0.00661615 -0.00457816,800,0,cuda,45.4,50.22
test,2456,pomeranian_78,pomeranian,dog,correct,pomeranian,lime,24,0.998326,34,0.514708,0.990208,0.4755,0.097971,0.900798,0.243683,0.813827,,,0.0114613 0.0115698 -0.00744215 -0.0134353 -7.89133e-05 -0.00383032 -0.00931588 -0.0190413 0.579961 0.0756626 0.0306791 0.0675757 -0.0122442 0.00942341 0.0863514 0.169458 0.057235 0.20559 0.0130259 0.246757 0.0239151 0.00217945 0.0889153 -0.00226956 0.0345045 -0.0160251 0.0181624 -0.00755874 -0.0188846 -0.00481943 -0.0214058 -0.00386197 0.0201734 -0.02489,800,0,cuda,43.65,50.31
test,2835,saint_bernard_59,saint_bernard,dog,correct,saint_bernard,lime,28,0.999463,38,0.077188,0.309197,0.232008,0.085506,0.981175,0.204626,0.810652,,,0.00367533 -0.00757768 -0.0130817 -0.018423 0.224682 -0.0291909 0.00841798 0.06407 0.118522 0.237674 -0.00686572 -0.0197909 0.18947 0.00666013 0.00258675 -0.00554572 0.0139865 -0.0171701 0.536311 -0.0231499 0.00473079 0.0669717 -0.0421668 0.0315617 -0.0205043 -0.00168348 0.00847573 -0.00715622 -0.00993536 -0.00441272 -0.0131379 0.0256687 -0.0343447 -0.0309282 -0.0150951 -0.00098155 -0.000308693 -0.00627311,800,0,cuda,28.58,31.11
test,318,basset_hound_28,basset_hound,dog,correct,basset_hound,lime,3,0.995381,32,0.26979,0.812391,0.542601,0.06394,0.934848,0.096694,0.947378,,,-0.000135528 0.0109702 -0.0092204 -0.00253998 -0.00379946 -0.000109134 -0.00478748 0.00347719 0.00484463 -0.00718818 0.00688704 0.00390649 -0.00736394 0.768958 0.0609866 0.0410032 0.0560181 0.0141793 0.0248759 0.0107412 0.0887409 0.0111944 0.000467678 0.00165321 0.0282371 -0.0108142 -0.00623318 -0.00158236 0.000265719 0.00739507 0.0132088 0.00846906,800,0,cuda,24.54,25.11
test,579,Bengal_83,Bengal,cat,correct,Bengal,lime,5,0.998951,39,0.391223,0.737497,0.346274,0.290438,0.970489,0.150295,0.351448,,,-0.0112759 0.0205917 0.00805102 0.0535593 0.00810527 -0.0268475 -0.0143471 -0.0102347 0.0168677 0.00538814 0.00748668 0.0338848 -0.00389299 -0.0135583 0.000424947 0.0260134 -0.0146553 0.0175243 0.0167336 -0.0143549 -0.000226151 0.0690749 0.018478 0.0777277 0.00580877 0.0625954 0.0123102 0.000249818 0.0206516 -0.00559155 0.00750558 0.0720218 -0.00117808 -0.00616923 0.0144895 -0.000873167 -0.013295 -0.00955129 -0.00332968,800,0,cuda,47.6,49.65
test,1931,leonberger_55,leonberger,dog,correct,leonberger,lime,19,0.982977,39,0.287309,0.808138,0.520829,0.165462,0.940102,0.411662,0.696954,,,-0.00345412 0.045671 0.125064 -0.00549731 0.0146026 -0.0089111 0.0267985 0.010189 0.0236328 -0.00135646 0.0326086 -0.0325563 -0.0321046 0.0684427 0.391615 0.0350129 0.0108321 0.00508699 0.0485232 0.0161264 0.0164504 0.0477461 0.361455 -0.0204434 0.00760988 0.0396516 0.0421447 -0.0104899 -0.00126574 0.000457302 0.0247919 0.0194565 0.0177791 0.0205649 -0.00456068 0.0348971 0.00475858 0.0163988 0.0176677,800,0,cuda,32.44,35.44
test,3450,staffordshire_bull_terrier_83,staffordshire_bull_terrier,dog,correct,staffordshire_bull_terrier,lime,34,0.962847,42,0.171855,0.791058,0.619203,0.093179,0.81052,0.315062,0.87215,,,0.00803389 0.0185499 0.00655598 0.0158986 0.0487999 0.0478481 0.0239763 0.131226 0.00381609 3.2132e-05 0.00908896 0.385123 0.00513795 -0.00797883 0.0148652 0.0019227 0.0248982 0.0548411 0.0087798 0.177588 0.000197494 0.0407275 0.00819168 0.00163189 0.179151 0.24369 0.0113048 0.00417521 -0.00567894 -0.00715425 0.0505085 0.171154 -0.0145648 0.00900969 0.0206258 0.0527179 0.00483354 0.0077457 0.00148708 0.011032 0.000285126 0.0120339,800,0,cuda,36.77,37.6
test,3576,yorkshire_terrier_198,yorkshire_terrier,dog,correct,yorkshire_terrier,lime,36,0.996929,43,0.456692,0.903086,0.446394,0.23129,0.944179,0.257092,0.618217,,,-0.0193324 -0.00629258 -0.00617751 0.00805222 -0.0113173 0.00847693 0.323972 0.00802652 0.00466601 0.066819 0.0134996 0.0398692 0.0204288 0.246391 0.0671049 -0.00712454 0.159183 -0.0482317 -0.00276841 0.0218938 0.0440027 0.00332428 -0.00388604 0.0490574 -0.0120546 0.00707253 0.00696118 -0.0215996 0.0546405 -0.0298767 -0.0374032 0.00899195 -0.000684765 0.00665292 0.00416373 0.00277545 -0.0271645 0.00521055 0.00621336 -0.00647929 0.00745559 0.00711065 -0.0240909,800,0,cuda,31.0,37.04
test,48,Abyssinian_51,Abyssinian,cat,correct,Abyssinian,lime,0,0.999329,41,0.449318,0.76059,0.311272,0.210756,0.920205,0.102973,0.450165,,,0.0646535 -0.00222638 0.0278535 0.0107413 -0.00420247 0.0165998 0.107719 0.00294353 -0.0054619 0.00584206 -4.0221e-05 0.0293198 -0.0598804 -0.00438635 0.0135625 -0.00826824 0.0398977 -0.0118846 -0.0225783 -0.00869284 -0.00890101 -0.00161231 0.0511711 -0.106186 -0.0214041 0.0330237 -0.010518 0.084437 0.0216146 0.168153 -0.0119246 0.0993409 -0.00501847 0.115594 0.10264 0.000458872 0.106349 0.148028 0.0120108 0.0108396 0.187687,800,0,cuda,39.42,40.67
test,1710,japanese_chin_35,japanese_chin,dog,correct,japanese_chin,lime,17,0.99785,34,0.270886,0.912522,0.641635,0.061235,0.947957,0.125472,0.866109,,,0.0120741 0.0212922 -0.000196343 -0.00279213 0.0167494 -0.011853 -0.00792109 -0.00709076 -0.0244232 0.020936 -0.00668607 0.0559284 0.194726 0.652815 -0.0324493 0.0201834 0.0023373 0.00419954 -0.00202045 0.256405 0.0366467 -0.0134698 -0.00203024 0.0256898 0.00878113 -0.0209499 -0.0141435 -0.00554644 0.0241078 -0.0123588 0.0125442 0.0204372 -0.0152402 0.00283316,800,0,cuda,33.53,34.66
test,803,boxer_25,boxer,dog,correct,boxer,lime,8,0.993207,40,0.652742,0.899604,0.246861,0.144314,0.884994,0.411891,0.795956,,,0.0220104 0.0446909 0.0746749 -0.00317167 0.0686029 0.0037601 0.046333 -0.00567154 0.412782 0.0365335 0.0579538 0.0265431 0.260638 0.0388832 0.0230763 0.0618356 0.0903658 0.0229644 -0.0104818 0.014368 0.0588275 0.0589308 0.0126266 0.0358518 0.0673376 0.00494705 0.0430864 0.00939982 0.00688349 0.0517823 0.00297247 0.0207446 -0.00396134 0.00641336 0.00409332 0.0091503 0.0158674 0.00486894 -0.0106444 -0.00179302,800,0,cuda,20.14,20.73
test,1649,havanese_70,havanese,dog,correct,havanese,lime,16,0.993559,40,0.483757,0.888116,0.404359,0.131076,0.797396,0.505384,0.763662,,,0.0759663 0.0066135 0.0182227 0.0491244 0.0834703 0.0254708 0.0155487 0.0276357 -0.0120558 0.109691 -0.0223372 -0.00474591 -0.0034139 -0.0692415 -0.0145896 0.31812 0.134959 0.296303 -0.00119366 -0.00140852 0.156481 -0.0672265 0.0744571 0.0337651 0.0825073 -0.0158362 0.146804 0.00794158 0.00614447 0.0416836 0.0250711 0.0506524 0.00508364 0.149012 0.116291 0.0112474 0.0432583 0.0181085 0.00779927 0.0291335,800,0,cuda,40.02,40.61
test,223,american_pit_bull_terrier_29,american_pit_bull_terrier,dog,correct,american_pit_bull_terrier,lime,2,0.956946,43,0.42614,0.987733,0.561593,0.111637,0.882243,0.304643,0.674379,,,0.0124257 0.0249898 0.00703473 0.0580427 -0.036817 0.0304996 -0.0132807 -0.000144652 0.044683 0.259166 0.0280387 0.0967574 -0.00714303 0.0270024 0.141862 0.116103 0.0882513 -0.0147693 -0.0196742 -0.00585181 0.022555 0.18226 -0.0110886 0.118544 0.158094 0.0130315 -0.0296946 -0.0112489 0.0924115 0.1708 -0.00323 0.140031 0.0149794 0.0271899 -0.000963065 0.00474748 0.0718591 0.0110726 -0.0186517 -0.0020196 0.0707038 0.0197462 -0.0217339,800,0,cuda,40.49,51.15
test,585,Bengal_89,Bengal,cat,correct,Bengal,lime,5,0.999661,42,0.768475,0.981823,0.213348,0.531994,0.888907,0.076345,0.220708,,,-0.000552042 0.00241155 -0.00297846 -0.00141691 0.0131934 -0.00287433 0.0161701 0.00303103 0.00247172 0.00391411 0.00142428 0.0122566 0.00047533 0.00268522 0.0107657 0.0195791 -0.0022585 0.0104542 0.00123086 0.0124143 0.00682614 0.00606769 0.00938408 0.00345036 0.00470646 -0.00404881 0.00545947 0.00146228 0.0142356 -0.00281723 0.00284087 0.00847397 0.0149482 0.000513391 0.0112657 0.00842251 -0.000688845 0.00189397 -0.00830385 -0.00591452 0.00807312 0.00182634,800,0,cuda,25.49,35.35
test,2895,samoyed_22,samoyed,dog,correct,samoyed,lime,29,0.996994,33,0.86936,0.994399,0.125039,0.298693,0.872442,0.515343,0.707971,,,-0.000115309 0.0064296 0.00254769 0.0103944 0.00857475 0.00258685 0.321722 0.00136073 -0.00874646 0.0070206 0.0577581 0.0446161 0.0432058 0.0149973 0.0101811 0.10495 0.161433 0.00525455 0.259766 0.0127192 0.147054 0.0110916 0.0209398 0.0596451 0.0100393 0.0380863 0.0644374 -0.00862877 0.0104519 0.105557 0.0854516 -0.011846 -0.00967094,800,0,cuda,32.73,39.02
test,2065,Maine_Coon_83,Maine_Coon,cat,correct,Maine_Coon,lime,20,0.999193,40,0.799426,0.999243,0.199817,0.218107,0.926804,0.189796,0.661898,,,-0.0224773 -0.0261482 -0.0255312 0.000997205 -0.0137194 0.00828049 -0.0256967 -0.0281969 0.0603426 0.0480777 0.00510464 0.0974072 -0.0407068 -0.027164 -0.058241 -0.0165262 0.0276541 0.143248 0.0275911 0.0188537 0.148037 0.201265 0.233216 0.0345298 0.0578364 0.0762384 0.0162962 0.0254312 0.00425159 -0.0232274 0.00784623 0.00459925 0.00542885 -0.0189935 -0.00901104 0.00340062 0.00185143 0.00249007 -0.00903716 -0.0298918,800,0,cuda,41.91,54.9
test,1235,english_cocker_spaniel_58,english_cocker_spaniel,dog,wrong,newfoundland,lime,12,0.998643,35,0.402603,0.900008,0.497405,0.169738,0.75608,0.242261,0.557142,,,0.0503191 -0.0224951 0.11356 0.0241761 0.00614485 0.0240563 -0.0112167 0.0102887 0.0282075 -0.00525687 0.145844 0.142851 -0.00340342 -0.015578 -0.0155645 -0.00441207 0.104256 0.0385745 0.0221329 0.00295611 -0.0139526 0.0175687 -0.0277421 0.00974046 0.014086 0.231931 0.189015 -0.00812021 0.0645359 0.0134617 0.025075 0.00848785 -0.0198717 0.0175662 0.0274875,800,0,cuda,31.88,37.46
test,3583,yorkshire_terrier_22,yorkshire_terrier,dog,correct,yorkshire_terrier,lime,36,0.999827,36,0.668766,0.990019,0.321253,0.594713,0.938125,0.054676,0.225078,,,0.00185998 -0.000788554 0.0101897 0.00912373 -0.00357598 0.00222361 0.0140754 0.001529 0.00395109 -0.00101839 0.00205958 0.000623081 0.0111506 0.0024236 0.0140099 0.00759723 -0.00150545 0.00941593 0.00456304 0.00113197 -0.00311024 0.00322482 0.004997 0.00893042 0.01276 -0.000629307 0.0053459 0.00413695 0.00179467 0.00493598 0.00208092 0.00265541 8.46964e-05 0.00288827 -9.07149e-05 0.000345523,800,0,cuda,25.9,31.5
test,829,boxer_49,boxer,dog,correct,boxer,lime,8,0.987867,39,0.820033,0.998137,0.178104,0.125411,0.914563,0.219004,0.775334,,,0.0532357 0.0175375 0.0319272 -0.0241485 0.264229 0.0217512 0.0983306 -0.0184118 0.0165774 0.0057865 -0.00624976 0.0624885 0.00306393 0.0146974 0.0935987 0.453189 0.0497207 0.00116689 -0.0148349 -0.00740773 0.135499 0.0146825 0.0097305 0.0431146 0.0171494 0.00753632 -0.0108481 0.0217695 0.00870844 -0.0346599 -0.0258305 -0.0534515 -0.00414441 0.00678554 0.00510242 -0.0187352 0.00515568 0.0406376 -0.0185659,800,0,cuda,30.21,39.06
test,2378,Persian_98,Persian,cat,correct,Persian,lime,23,0.997842,34,0.654596,0.977737,0.323141,0.27994,0.920889,0.536596,0.712914,,,0.0382666 0.0150472 0.0180297 0.0422818 0.0560616 0.0619282 0.450287 0.01286 0.0437545 0.174619 0.135341 0.0347278 0.112432 -0.0107804 0.159691 0.141012 -0.000149489 0.0140918 0.0589888 0.0157875 0.00486575 0.0389436 -0.0161884 0.0164541 0.00938135 0.0243866 -0.000310454 -0.00284848 0.0075471 0.0068796 0.00613565 0.01185 -0.0106962 -0.00419726,800,0,cuda,47.6,49.84
test,2596,Ragdoll_252,Ragdoll,cat,wrong,Birman,lime,6,0.946305,31,0.575793,0.988519,0.412726,0.106471,0.862717,0.313004,0.837275,,,-0.0134253 -0.0119284 0.000262448 0.0281176 0.024427 -0.00623886 -0.016935 0.0182858 0.304552 0.00279642 0.0140283 0.0159595 0.191687 0.10098 0.00664624 0.0992508 0.0416068 0.0113857 0.0614542 0.522677 -0.0149895 0.0389798 0.0032464 0.133731 0.0429569 -0.0155992 0.0351361 0.0173099 0.0474795 0.0249249 -0.0125687,800,0,cuda,33.11,34.05
test,689,Birman_92,Birman,cat,correct,Birman,lime,26,0.913069,40,0.493862,0.995706,0.501844,0.09057,0.617826,0.350928,0.481039,,,0.00336509 0.0454209 -0.00345545 0.00839736 0.0129654 0.0275373 -0.023849 0.0128513 0.0500522 0.0551642 0.03187 0.0523598 0.0230979 0.00712364 0.0367786 0.0630943 0.120837 -0.0123991 -0.0311536 0.0829399 0.0872973 0.0192727 0.0100355 -0.00492829 0.0136114 0.015685 0.0479795 -0.0151631 0.0588659 0.0140259 0.00451195 0.0189284 0.0542842 -0.00448053 0.00176651 0.00768328 0.00526439 -0.00465978 0.0098889 0.0190977,800,0,cuda,26.55,33.68
test,1625,havanese_49,havanese,dog,correct,havanese,lime,16,0.99332,33,0.738999,0.991355,0.252356,0.122725,0.843807,0.368917,0.720976,,,0.0804381 0.0338613 0.054543 0.0982641 -0.00782779 -0.0119362 0.088421 0.0153303 0.0501273 0.0165275 0.214859 0.0863876 0.234463 0.00746804 -0.0437179 0.0925028 0.0832521 0.270869 0.0533621 0.00291149 0.291045 -0.0214441 -0.00191202 0.0134278 -0.0346861 -0.0136324 0.023196 0.0290651 0.0431239 -0.00787548 -0.0027865 0.01169 0.0275902,800,0,cuda,38.05,42.21
test,964,British_Shorthair_79,British_Shorthair,cat,correct,British_Shorthair,lime,9,0.712358,36,0.718511,1.0,0.281489,0.024808,0.793069,0.254118,0.648968,,,-0.00149472 -0.00833746 0.0115043 -0.00788041 -0.0425947 -0.0238691 0.00459787 -0.0397895 -0.0346527 0.00655634 -0.0142665 0.065979 0.0539684 -0.00963025 -0.0137778 0.00993571 0.127705 0.0174703 0.143302 0.103412 0.0144619 0.253937 0.0902524 0.0105746 -0.0125851 -0.00469423 -0.0959721 -0.0216512 -0.0170586 -0.0616657 -0.0231034 0.00316315 0.00412989 0.0211638 0.00778137 0.0172721,800,0,cuda,31.45,32.65
test,468,beagle_73,beagle,dog,correct,beagle,lime,4,0.999902,37,0.654277,0.924082,0.269805,0.352704,0.835004,0.403577,0.534807,,,0.0244665 -0.00419788 0.0456233 0.0215189 -0.0151346 0.0225925 -0.00556945 0.0410456 0.114309 0.0208781 0.17483 0.089835 0.0194693 0.16684 0.00760956 -0.0211733 0.136282 0.00628161 0.0274666 0.129961 -0.00247838 -0.00931188 0.0204281 0.0320326 0.111977 0.0154632 0.00861726 -0.00899962 0.0762577 0.00904228 -0.00667712 -0.00740958 0.00072752 -0.00458949 -0.020846 0.0195743 -0.0250754,800,0,cuda,29.25,33.82
test,1315,english_setter_3,english_setter,dog,correct,english_setter,lime,13,0.99871,37,0.711755,0.960512,0.248757,0.150647,0.76648,0.393786,0.75722,,,0.00141611 0.022893 -0.00207234 -0.00706275 0.0434955 -0.0206379 0.0144884 0.0384746 -0.00118401 0.11933 0.0302206 0.0880324 -0.00995153 -0.00269129 0.134186 0.0360942 0.413413 0.0692302 0.0453391 0.0326595 -0.00933883 0.0326898 0.147659 0.0157361 0.0656352 0.271282 0.0368304 0.00888813 0.081544 0.151121 0.00338767 0.0858123 -0.032326 0.0548888 -0.0100941 0.00191773 0.0214136,800,0,cuda,41.42,43.35
test,1147,Egyptian_Mau_67,Egyptian_Mau,cat,correct,Egyptian_Mau,lime,11,0.995471,30,0.216897,0.676914,0.460017,0.093642,0.955766,0.037507,0.862278,,,-0.0294125 -0.0119574 -0.0229202 -0.02106 -0.0358031 -0.0157936 0.00796242 0.0211412 -0.0256059 -0.0327128 -0.0159372 0.070168 -0.0253478 -0.00489952 0.204708 -0.0138339 0.156498 0.00356098 -0.00570591 -0.0200216 0.0454306 0.126878 -0.0454519 0.574297 -0.0194446 -0.027292 -0.00987492 0.00296717 -0.0181728 0.0242777,800,0,cuda,40.53,44.16
test,286,american_pit_bull_terrier_8,american_pit_bull_terrier,dog,wrong,staffordshire_bull_terrier,lime,34,0.550557,39,0.655433,0.965078,0.309645,0.042514,0.281795,0.344265,0.341163,,,0.00763997 0.0116873 0.0131859 0.0046418 0.0151791 -0.00542552 0.0142351 0.00889504 0.0239034 0.0271264 0.0043465 -0.00155401 0.00364073 0.00280845 0.0258812 0.00558591 0.00643514 0.0272799 0.0114949 0.0117753 0.0179964 0.0213639 0.00470258 0.011757 0.0248976 0.00906501 0.00786872 0.00808187 -0.0121287 0.00498194 0.000622882 0.00210612 0.00345689 0.0144103 0.00949272 -0.00036368 0.0165474 0.000843749 0.000989725,800,0,cuda,24.34,27.28
test,1222,english_cocker_spaniel_46,english_cocker_spaniel,dog,correct,english_cocker_spaniel,lime,12,0.99999,36,0.410555,0.989184,0.57863,0.229332,0.809925,0.487505,0.784031,,,0.0589215 0.0711617 -0.000456614 0.0199208 -0.0164689 0.0109025 0.00841207 -0.0179279 0.0310854 0.568269 0.0705184 0.146905 0.0108569 0.0787912 0.029989 0.0138938 -0.00428112 0.0604353 0.236946 0.143208 0.118394 0.0110681 0.0424487 0.0101105 0.00884007 0.0244726 0.120367 0.153907 0.0289947 0.00744057 0.0210768 0.000713451 0.0044446 0.0124199 0.015628 0.0287679,800,0,cuda,26.64,30.05
test,2448,pomeranian_70,pomeranian,dog,correct,pomeranian,lime,24,0.999748,30,0.731764,0.996303,0.264539,0.228875,0.863838,0.501734,0.662552,,,0.100545 0.00536158 0.00346011 0.309998 0.00372308 0.00196255 0.0107389 -0.000942065 0.250717 0.0173036 0.0527903 0.0122191 -0.0182271 0.381116 -0.0117111 0.124337 -0.00165408 0.0682181 -0.00743478 -0.0036886 0.0963171 -0.0105212 0.149897 -0.010585 0.0207147 -0.0184082 0.10454 0.0100136 -0.0243566 0.0388003,800,0,cuda,33.92,47.31
test,2472,pomeranian_92,pomeranian,dog,correct,pomeranian,lime,24,0.997906,42,0.577746,0.892437,0.314691,0.180066,0.908555,0.38951,0.725214,,,-0.00874023 0.0226272 0.0338612 0.0203697 0.0864447 -0.00976217 0.0517283 0.231567 0.0442099 0.0236802 0.00512873 0.0115922 0.245682 0.0434139 0.0570699 0.0167337 0.45561 0.0193189 0.23496 -0.0218563 0.00828875 -0.023852 -0.058422 -0.0241269 -0.00747802 0.0321109 0.0171916 -0.00854075 -0.0346192 -0.0163454 0.00437363 0.00552594 -0.0529569 -0.0145346 0.000838203 -0.00624448 0.00627765 0.00817595 0.0205389 0.0213834 0.0223421 -0.00960372,800,0,cuda,27.08,33.87
test,1482,great_pyrenees_191,great_pyrenees,dog,correct,great_pyrenees,lime,15,0.997023,33,0.474849,0.990589,0.51574,0.236544,0.933719,0.191654,0.804505,,,-0.0132426 0.00929787 0.00790874 0.000451312 0.0122894 0.0511579 -0.0118358 0.0996289 0.0051812 -0.0915964 0.430962 0.0118594 0.0082689 0.018513 -0.013152 0.185445 0.0192861 0.0341118 0.0692606 0.0164669 0.0406848 0.107602 0.00297038 0.00608059 0.0296792 0.0379926 0.00817885 0.00366319 -0.000965218 0.0155189 0.00613575 -0.0186805 0.0082221,800,0,cuda,33.33,36.19
test,1972,leonberger_92,leonberger,dog,correct,leonberger,lime,19,0.999927,42,0.772182,0.980737,0.208555,0.267351,0.905544,0.438898,0.549108,,,0.0222026 0.0372845 0.00961634 0.0278309 0.0105031 -0.011626 0.00562152 0.0737623 0.025023 -0.0267911 0.265369 0.0515881 0.0341263 0.0364847 -0.015292 0.0995062 0.012253 0.128401 0.000593157 -0.00113257 0.012329 0.0515217 0.0626833 0.0923322 -0.0042576 0.0170906 -0.018894 0.11586 -0.0204983 0.116019 -0.00261825 -0.00990319 0.0125929 0.0118866 0.0136847 0.0311123 0.0165206 -0.00984948 -0.00370841 -0.000920675 0.00206775 0.0129549,800,0,cuda,40.58,43.06
test,1230,english_cocker_spaniel_53,english_cocker_spaniel,dog,correct,english_cocker_spaniel,lime,12,0.91118,34,0.252651,0.597743,0.345092,0.070474,0.821552,0.252541,0.57157,,,0.0201167 0.0156637 0.0526012 0.0078603 0.0166387 -0.00881168 0.127233 0.0342273 0.0104035 0.0174359 0.242355 0.0895891 0.00111312 0.014129 0.13164 0.033157 -0.00410889 0.0367786 0.23444 -0.00367974 -0.0354535 0.00298938 0.0177387 -0.0039401 -0.0210613 0.0146981 -0.016143 0.00109523 0.00286841 -0.00876881 0.0170384 -0.00132051 0.00397321 -0.00632781,800,0,cuda,39.76,41.05
test,97,Abyssinian_9,Abyssinian,cat,correct,Abyssinian,lime,0,0.99975,32,0.481924,0.986298,0.504374,0.34167,0.92693,0.255983,0.530014,,,0.0151612 -0.0111243 0.0139172 -0.00869992 -0.0211036 -0.0177306 0.00814582 -0.00423609 0.00534498 -0.00534241 -0.00391719 0.1243 0.0513774 0.00270131 0.025548 0.0571033 0.0489854 0.132969 0.131748 0.0939989 0.00684764 0.0112953 0.0371787 0.0449348 0.0170371 0.0398759 -0.00329345 -0.0273054 0.0141986 0.0161912 0.00350689 0.000666462,800,0,cuda,26.24,27.95
test,1099,Egyptian_Mau_218,Egyptian_Mau,cat,wrong,Maine_Coon,lime,11,0.848003,44,0.416315,0.840453,0.424138,0.190031,0.850421,0.170784,0.578132,,,-0.00843492 0.0062823 -0.0202693 0.0507167 -0.0703207 -0.00298912 0.000873568 -0.00698974 0.0441474 -0.0357116 0.00576544 0.114887 -0.0116132 0.0121518 0.0781809 0.00777561 -0.00905502 0.0548615 -0.0130925 0.0202787 0.109349 0.032627 0.0364698 -0.0096642 0.0254617 0.0403144 0.0576278 -0.000255541 0.166306 -0.0208299 0.0289345 -0.01454 0.160201 0.0776516 -0.045927 0.031561 0.0934664 0.0255434 0.0407421 -0.00503098 0.00530736 -0.0319623 0.00433735 -0.0265027,800,0,cuda,26.47,27.02
test,72,Abyssinian_76,Abyssinian,cat,correct,Abyssinian,lime,0,0.978887,36,0.120018,0.283451,0.163434,0.169,0.854536,0.099614,0.736557,,,0.00784559 0.0191369 0.0239408 0.0302512 -0.00981925 0.00302811 0.0211925 0.000263304 0.0104442 0.0055367 0.0812982 0.0119065 0.0225179 0.00108828 0.0532311 0.00518246 0.00253456 0.0231725 0.0427822 0.311548 0.0795679 0.0260532 0.0348697 0.0165162 0.37627 -0.00907971 0.00936779 0.06297 -0.00353141 -0.00937309 0.00606646 0.0568676 0.0858918 -0.0126229 -0.00968481 -0.014358,800,0,cuda,2.57,3.26
test,3172,shiba_inu_93,shiba_inu,dog,correct,shiba_inu,lime,31,0.998091,32,0.110651,0.211296,0.100646,0.233647,0.876563,0.250283,0.776633,,,0.0298584 -0.00319911 0.0332277 -0.0105165 0.022934 0.02316 0.0227324 0.419759 -0.00075952 -0.0303206 -0.00540695 -0.0102259 0.325236 0.225119 0.139797 0.152177 -0.0144462 0.10644 -0.002097 0.0911892 -0.0174044 -0.0015779 -0.0148109 0.0191488 -0.0123682 0.028181 -0.00695379 -0.00713024 0.0135314 -0.0252805 0.00526965 -0.00325495,800,0,cuda,2.56,3.27
test,3188,Siamese_225,Siamese,cat,wrong,Ragdoll,lime,32,0.871369,28,0.557258,0.862375,0.305116,0.062218,0.725532,0.179208,0.72309,,,0.00526949 0.0199341 0.139211 0.225176 0.00754003 0.00626805 0.00592331 -0.00561921 0.0456744 0.0281057 0.371252 0.00190156 0.00308121 0.068142 0.00874738 0.0941292 -0.0230982 -0.0195621 0.026222 0.0327916 -0.0380887 0.0423117 -0.0167734 -0.0485133 -0.011663 -0.0209363 0.00825283 0.0394593,800,0,cuda,3.1,3.69
test,795,boxer_19,boxer,dog,correct,boxer,lime,8,0.998975,40,0.833566,0.996801,0.163236,0.46431,0.777815,0.530177,0.64885,,,0.00242925 0.0271567 0.0655446 0.00100043 0.0220229 0.000573832 0.0265948 0.0834581 0.0801508 0.0230151 0.0771661 -0.00814596 0.0575613 0.187597 0.0875832 0.0472189 -0.00168615 0.0271673 0.0548533 0.125701 0.0117851 0.021018 0.0155861 0.00542205 0.0628075 0.0459117 0.109159 0.0177579 0.0313104 0.027602 -0.0156726 0.0558591 0.013369 0.0505203 0.056974 0.00937998 -0.00198789 -0.013108 0.0116262 0.00161928,800,0,cuda,2.95,3.57
test,3487,wheaten_terrier_26,wheaten_terrier,dog,correct,wheaten_terrier,lime,35,0.990231,24,0.492048,0.993606,0.501558,0.191164,0.906182,0.294563,0.789588,,,-0.0171001 0.0152329 -0.00457138 0.0193878 0.171317 -0.00396363 0.014755 0.011386 0.644808 -0.0319405 0.109705 -0.00965096 0.014476 -0.0126167 0.0460459 0.0500271 0.0295458 0.0141453 0.13986 0.129007 -0.00290533 -0.0247565 -0.00161768 -0.00244494,800,0,cuda,16.41,16.97
test,3410,staffordshire_bull_terrier_47,staffordshire_bull_terrier,dog,wrong,american_bulldog,lime,1,0.6354,36,0.789979,0.716134,-0.073845,0.118907,0.580391,0.185839,0.650224,,,0.0468351 0.0446769 0.0604487 0.0442497 0.171769 -0.0227326 0.208069 0.256033 0.0485145 0.0293245 0.0160571 0.0621958 0.0101743 -0.0406209 0.0112789 -0.0446658 0.00551534 0.0448517 -0.00410229 -0.000328823 -0.0694781 0.0195714 0.0153414 0.0623267 0.0439082 -0.0122898 -0.0875728 0.0152822 0.0263027 0.0715758 0.0281219 0.0838074 -0.0088193 -0.00775121 0.0254303 0.00985791,800,0,cuda,35.54,40.02
test,285,american_pit_bull_terrier_89,american_pit_bull_terrier,dog,wrong,staffordshire_bull_terrier,lime,34,0.910899,45,0.147999,0.512814,0.364815,0.05456,0.596082,0.230963,0.663615,,,0.00110692 0.0518296 0.0165073 0.041494 0.00258597 -0.00948866 -0.0200756 0.0152801 0.126215 0.171377 0.00610458 -0.0121548 0.0224086 0.0157032 -0.0322532 0.126296 0.243359 -0.00216448 0.0231403 -0.0157944 -0.00353207 -0.0035462 0.0526211 0.0368371 0.0126286 -0.0151448 0.0219376 -0.0144346 0.0104294 0.0099568 0.00395547 0.0151119 -0.0149767 0.0136751 0.00401393 0.00988358 -0.0102223 0.00128868 0.0101002 -0.000366094 0.0118042 0.00745022 0.00668785 0.010986 -0.0235141,800,0,cuda,41.03,55.1
test,557,Bengal_63,Bengal,cat,correct,Bengal,lime,5,0.998185,31,0.540896,0.992142,0.451246,0.389999,0.937665,0.046734,0.143123,,,-0.00312004 -0.00112997 0.000759331 -0.000525446 -0.00624852 0.00482436 0.00321425 0.00592436 0.00573674 0.00163916 0.0117744 0.0104921 -0.000913359 0.00454268 0.0197872 0.000199536 -0.00110644 0.0126515 -0.00236331 0.00195195 -0.00255013 0.0204456 0.00275152 -0.000708548 0.00188112 0.00184872 -0.00213237 0.0163655 0.00651925 0.00944118 0.00245922,800,0,cuda,45.94,46.56
test,2263,newfoundland_84,newfoundland,dog,correct,newfoundland,lime,22,0.999803,39,0.581055,0.953789,0.372735,0.305143,0.913531,0.395936,0.540516,,,0.03144 0.0146868 0.0414501 0.325045 -0.0168848 0.0413401 0.153964 0.0540716 0.0636669 -0.0100657 0.0131683 -0.00729256 0.0171995 0.0515072 0.00991111 0.129899 0.0328895 0.0257085 0.0142483 0.000390744 0.0397715 -0.0154759 0.0478085 -0.0158094 -0.00443025 0.0175953 0.00993637 -0.00778085 0.0759773 -0.0111496 0.00177861 0.0126091 0.00326789 0.00812089 0.0143329 -0.0189063 0.0114796 0.000115298 0.0193095,800,0,cuda,27.53,30.12
test,3484,wheaten_terrier_23,wheaten_terrier,dog,correct,wheaten_terrier,lime,35,0.99967,41,0.960997,1.0,0.039003,0.14993,0.891306,0.341639,0.686125,,,0.00587301 -0.0319121 0.0686423 -0.0203764 -0.00672909 -0.00221961 0.000273922 -0.0225178 -0.0293017 -0.000100418 -0.00884696 0.0651091 0.215423 0.235351 0.0955164 0.136538 0.169994 0.312543 0.0227501 0.10893 0.00269426 5.44075e-05 0.313006 -0.0309582 0.11041 0.0311868 0.00512603 0.00825904 -0.0250926 -0.00548059 -0.0143915 -0.0296086 -0.0443339 -0.00754529 0.0101849 0.0592388 0.00239352 -0.00576741 0.0316912 0.0183187 -0.00869256,800,0,cuda,41.24,48.5
test,1916,leonberger_41,leonberger,dog,correct,leonberger,lime,19,0.9985,33,0.63349,0.991214,0.357724,0.26063,0.864536,0.506264,0.789898,,,0.0144531 0.00344232 0.0491436 0.0433766 0.0362637 0.567473 -0.000666699 0.084894 0.107529 0.0268649 0.0501579 0.0116063 -0.0117854 0.0795526 -0.0110776 0.119824 0.129316 0.00654531 0.000988135 0.104497 0.0304683 -0.00057974 0.0150316 -0.00189478 0.188538 0.0107333 0.00495554 0.0564413 0.0777001 0.0196055 0.00369439 0.0175079 0.00202014,800,0,cuda,45.0,49.71
test,3617,yorkshire_terrier_53,yorkshire_terrier,dog,correct,yorkshire_terrier,lime,36,0.999762,43,0.538325,0.985076,0.446751,0.423925,0.941781,0.208737,0.514508,,,0.00619287 0.0396653 0.00125437 0.00998754 0.00209315 0.0113478 0.0540485 0.0233641 0.0172739 0.000220045 -0.00225834 0.00128656 0.125319 0.00024567 0.132352 -0.00827766 0.020154 -0.00780649 0.00953916 -0.00635825 0.0246253 0.0221895 0.00172126 0.0132573 -0.0144088 0.0475523 0.01031 0.00361075 -0.0059984 0.0185806 0.0134997 0.00848242 0.00927731 0.0177686 -0.00766882 -0.00395326 0.000328279 0.00164655 0.00361026 -0.0116294 0.0285511 0.00236107 -0.0115084,800,0,cuda,48.44,53.64
test,315,basset_hound_25,basset_hound,dog,correct,basset_hound,lime,3,0.994795,36,0.364158,0.767009,0.402851,0.230123,0.806508,0.321078,0.766371,,,-0.00627293 -0.0154899 0.0210942 -0.00617181 -0.00186601 0.00815359 0.0313131 0.0253903 0.0213282 -0.0143844 0.0499156 0.152759 0.0305369 0.0562267 0.0454613 0.311791 0.269987 0.0205826 0.028503 0.00466526 -0.00129878 0.0348399 0.123401 0.000983954 0.00990574 -0.0100898 0.156325 0.03811 0.00586252 0.0302118 0.00222707 0.0219059 0.018055 0.0322016 -0.0147111 0.0295647,800,0,cuda,38.81,50.63
test,2291,Persian_258,Persian,cat,correct,Persian,lime,23,0.997371,27,0.524952,0.992295,0.467343,0.112181,0.862546,0.214339,0.758019,,,9.96829e-05 0.0109711 0.0443246 0.0197677 0.338796 0.0783059 0.0171439 0.00629144 0.143944 -0.00566873 0.491594 0.21773 0.0197431 -0.00639998 0.0534886 0.0858118 0.0338471 0.083562 -0.0035496 -0.019593 -0.0160179 0.138188 0.00946802 0.00258564 0.0047227 0.0188486 -0.00610122,800,0,cuda,32.21,36.42
test,926,British_Shorthair_3,British_Shorthair,cat,correct,British_Shorthair,lime,9,0.999712,37,0.301439,0.599018,0.297579,0.205833,0.887916,0.390069,0.750868,,,0.0174976 0.103577 0.0380296 0.0448405 -0.0145567 0.00638308 0.200032 0.0957675 0.0148161 0.000599687 0.039129 -0.0167847 0.00990049 0.0122707 0.0467216 0.480275 0.195707 -0.0212135 0.0446678 -0.000698702 0.0593409 0.00657723 0.00925774 0.0755586 -0.0109439 0.0211358 0.0437841 0.195448 0.0106194 -0.0124612 0.0198178 0.0203338 -0.0364891 0.0116876 0.0201184 -0.00194937 -0.00116198,800,0,cuda,39.95,45.08
test,133,american_bulldog_3,american_bulldog,dog,correct,american_bulldog,lime,1,0.986747,39,0.138891,0.823712,0.684821,0.071549,0.903469,0.033518,0.804553,,,0.00607676 0.0236942 0.0165206 -0.0156859 0.0220432 0.00951625 0.0121135 0.0745084 0.0850071 -0.0202326 -0.0224393 0.037745 0.0194506 0.415175 0.00179236 0.0120863 0.500575 -0.0108178 -0.0011531 0.027301 0.0199617 -0.00506126 0.0476113 0.0729431 0.0140075 0.00308471 -0.0200433 -0.0276315 0.00509363 -0.00873541 -0.0195878 0.00564151 -0.00944717 -0.0131341 -0.0164542 -0.0126029 0.0143596 -0.00291064 -0.00132556,800,0,cuda,37.89,42.5
test,1698,japanese_chin_24,japanese_chin,dog,correct,japanese_chin,lime,17,0.999905,40,0.704819,0.963119,0.2583,0.429593,0.810801,0.554008,0.676171,,,-0.0142387 0.0625759 0.025791 0.167331 0.0843324 0.000649055 0.208484 0.149035 0.016026 0.0385244 0.119148 0.0270325 0.0301864 5.39724e-05 0.103323 0.116838 0.0151573 0.108382 0.0206004 0.00782064 -0.00596578 0.0433772 0.0463987 0.00403484 0.0438403 0.19978 0.0359947 0.018887 -0.0222395 0.011873 0.00202103 0.010704 0.00613788 -0.0238026 -0.020664 0.000470879 -0.00944247 -0.00222426 -0.00268605 0.0163723,800,0,cuda,65.87,68.78
test,2645,Ragdoll_67,Ragdoll,cat,wrong,Birman,lime,6,0.912905,36,0.817562,0.854611,0.037049,0.043013,0.774319,0.259615,0.640281,,,0.0267755 0.0225919 0.03095 0.0140823 -0.0382845 -0.00369714 -0.0747387 0.0988285 -0.00174705 0.0385709 0.00464186 0.0166534 0.0188227 -0.0160576 0.0876005 0.0258029 0.157033 -0.0313454 0.0993612 0.00201207 0.0332132 0.0102599 0.239829 -0.00481596 -0.00292967 0.00972776 -0.0167323 0.0697648 0.0495987 0.00907354 0.0319141 0.00638107 0.039813 0.0131325 0.0170258 0.0535819,800,0,cuda,30.6,32.55
test,1752,japanese_chin_73,japanese_chin,dog,correct,japanese_chin,lime,17,0.999944,34,0.500698,0.962947,0.462249,0.351379,0.938959,0.421212,0.611825,,,-0.00920025 0.00474487 0.0059033 -0.0129973 0.0086166 0.106522 0.10175 0.000596083 0.162952 0.0214318 -0.0142251 0.0197168 0.070627 0.0223638 -0.0144918 0.237183 0.0387522 0.0273312 0.184301 0.0281279 -0.00840207 -0.00602201 0.0398538 0.00861425 -0.0035429 0.0307656 0.0389707 0.0163965 0.0498944 0.0342268 -0.0221693 0.0102471 0.0333385 0.00366033,800,0,cuda,30.56,31.3
test,2563,pug_84,pug,dog,correct,pug,lime,25,0.940478,37,0.236886,0.888092,0.651206,0.021495,0.948034,0.109256,0.836327,,,0.00401066 -0.00147486 -0.000492113 -0.00654961 -0.0165449 0.0050844 0.0116414 0.0283855 0.0338729 -0.00639232 0.00594083 0.0139521 -0.000374232 0.0255847 -0.0224544 0.685308 -0.0124057 0.0088008 -0.0298312 0.102577 0.246587 9.65464e-05 0.0100826 -0.0123489 -0.00351501 -0.0122754 -0.0232889 0.0169481 -0.00374354 -0.00734847 -0.0282801 -0.00517487 -0.0287769 -0.0323615 -0.00154758 -0.00559156 -0.00536384,800,0,cuda,35.36,45.73
test,602,Birman_196,Birman,cat,correct,Birman,lime,26,0.656326,36,0.447485,0.968017,0.520532,0.097248,0.486698,0.138978,0.75531,,,0.0575953 0.0318772 0.00892588 0.02385 0.002723 0.145251 0.0036223 0.027909 -0.00193625 0.0343995 0.0409985 0.0527874 0.0643401 -0.000373235 -0.00421809 0.0310701 0.0349603 0.0413101 0.00305335 0.0396434 0.00660208 0.0170608 0.00983319 -0.0010621 0.012795 0.021288 0.0408133 0.00258526 0.00623517 -0.00259679 0.00817803 0.0256819 -0.00101639 0.0112065 -0.0200966 0.0112143,800,0,cuda,39.36,43.4
test,3365,Sphynx_85,Sphynx,cat,correct,Sphynx,lime,33,0.99979,24,0.192243,0.575292,0.383049,0.221098,0.93786,0.382313,0.692506,,,0.0213933 0.023243 0.0542613 0.0207503 0.035113 0.241916 0.373078 0.0190872 0.0256785 0.0558144 0.0784919 -0.0132548 0.0172016 0.0589035 0.0964944 0.0407524 -0.00511785 0.00170572 0.0337367 0.0128532 0.0462581 -0.00273328 -0.0199942 0.0209603,800,0,cuda,28.31,30.88
test,1103,Egyptian_Mau_221,Egyptian_Mau,cat,correct,Egyptian_Mau,lime,11,0.996898,39,0.465541,0.921673,0.456131,0.240639,0.878652,0.42627,0.568498,,,-0.0210543 -0.0124561 -0.00738262 0.0146804 -0.026345 0.0124955 -0.0096454 -0.0204675 -0.00293071 0.0132945 0.0289004 0.112647 0.0168398 0.0245977 0.0779637 -0.00181874 0.0840825 0.123238 0.0166516 0.00338113 0.0456748 0.0156477 -0.0143243 0.131938 0.0698107 -0.0282273 0.123403 0.139639 0.00132816 0.0745831 0.126532 0.0306005 0.157935 0.0150002 -0.0361918 0.00163755 0.00444266 0.147391 0.0833356,800,0,cuda,50.13,52.27
test,1399,german_shorthaired_25,german_shorthaired,dog,correct,german_shorthaired,lime,14,0.999892,40,0.85228,0.972534,0.120254,0.515172,0.898376,0.175881,0.282987,,,-0.00343629 -0.00452078 0.0192871 -0.000938692 0.0448337 0.0215348 0.0105007 0.0260543 0.00953075 0.0324541 0.00199092 0.00345887 0.0057855 0.00336919 0.011035 -0.00208063 0.000997207 0.0138668 0.00181053 0.00403609 0.0169712 0.0267662 0.0166039 0.0271025 0.0332257 0.00189759 0.0124349 0.0202564 -0.00258375 -7.4344e-05 0.017598 0.00847932 0.010334 0.0210897 -0.00453889 -0.00169775 0.00868241 0.00168291 0.00909945 0.0109528,800,0,cuda,41.29,41.94
test,1955,leonberger_77,leonberger,dog,correct,leonberger,lime,19,0.999752,40,0.889987,0.999862,0.109875,0.442521,0.888536,0.51269,0.416031,,,0.0282264 0.014538 0.024202 0.0712443 0.0255372 0.0105368 -0.00781933 0.117584 0.0103502 0.0359199 -0.01299 0.00353241 0.0130867 0.108683 0.0337299 -0.00794003 0.0816891 0.103642 0.00223218 -0.00769047 0.0443948 0.0353182 0.0651681 0.106861 0.022535 0.0205758 0.0459977 0.0267134 0.00105411 0.0471222 -0.00311416 0.0170893 0.0684508 0.000802753 0.0456401 -0.0226639 0.0267488 0.0232211 0.0354436 0.0166405,800,0,cuda,26.25,37.82
test,3417,staffordshire_bull_terrier_53,staffordshire_bull_terrier,dog,correct,staffordshire_bull_terrier,lime,1,0.522671,32,0.420659,0.759542,0.338883,0.078911,0.548943,0.086511,0.547741,,,0.00348896 0.0473835 0.0818234 -0.0239991 0.0500269 0.0253129 -0.000583879 0.00279312 -0.0110489 -0.0440379 0.102135 0.0910006 0.0382834 0.0149031 0.0557947 0.0500657 -0.0109474 0.0433049 0.0114276 0.098155 0.0275835 0.0193847 0.122077 -0.00388159 -0.00782534 -0.0233781 0.0886638 -0.00907377 0.0199402 -0.00655515 -0.0219373 0.0111641,800,0,cuda,24.03,33.47
test,949,British_Shorthair_62,British_Shorthair,cat,correct,British_Shorthair,lime,9,0.999969,30,0.71293,0.995898,0.282967,0.247832,0.911449,0.292614,0.545482,,,0.0103927 0.00596982 0.014974 0.0614535 -0.0535358 -0.0142083 -0.00963764 -0.00376879 -0.00439973 -0.00562694 0.0966353 0.151155 0.0550357 -0.00749642 0.0125536 -0.0202668 0.106894 0.0271241 -0.00625333 0.141839 0.0215036 0.0113332 -0.00135221 0.0560531 -0.0121521 0.0253174 0.0265849 0.0141643 -0.00385029 0.222582,800,0,cuda,32.61,34.99
test,3565,wheaten_terrier_97,wheaten_terrier,dog,correct,wheaten_terrier,lime,35,0.999986,35,0.481047,0.84341,0.362363,0.23956,0.900208,0.359079,0.709035,,,0.0923446 -0.0141011 -0.020376 -0.0137028 0.0908038 0.000659254 0.0267881 0.0915986 -0.0230921 0.00842355 -0.0205689 -0.00781295 0.0551534 0.196358 -0.0183664 0.0166249 0.0484502 -0.0304632 0.341766 0.00568867 0.03071 -0.0193229 0.0459834 0.227849 0.117617 0.21542 -0.015564 0.0314499 0.0383734 -0.00895808 0.0294571 -0.014773 0.00624524 0.023496 0.111764,800,0,cuda,31.29,35.98
test,2144,miniature_pinscher_67,miniature_pinscher,dog,correct,miniature_pinscher,lime,21,0.94085,47,0.343212,0.859803,0.516591,0.134485,0.9155,0.305858,0.83252,,,0.0147647 0.0145006 -0.00257551 0.000623866 0.0178712 -0.0223464 0.0140052 0.0171912 -0.0176187 0.00683634 0.0165133 0.00227235 -0.00534725 0.0175524 -0.018637 0.508764 0.00849204 0.0206157 0.0377952 0.0142429 0.0161561 0.0765439 -0.00842119 0.00761023 0.178722 0.0418939 0.0391526 0.0329426 -0.0119832 0.0294722 0.00561023 -0.00371668 0.0234832 0.0352966 0.00673279 -0.00881988 0.0572466 -0.00531742 -0.0306256 0.00842613 -0.00170969 0.0043833 -0.0132063 -0.00473446 0.0144335 0.0424199 -0.0136102,800,0,cuda,35.39,44.97
test,996,chihuahua_200,chihuahua,dog,correct,chihuahua,lime,10,0.99977,40,0.387117,0.831087,0.443969,0.063896,0.957221,0.016961,0.939991,,,0.00653778 0.00672144 0.000140392 0.0733999 0.0915215 -0.00140838 0.000698857 0.0225938 0.815686 -0.020005 -0.0049645 -0.00103486 0.00168205 0.0883303 -0.0231156 -0.00443763 -0.00749279 -0.0138351 0.029385 -0.00644916 -0.0068394 -0.00768924 0.0153313 -0.012229 -0.0148128 0.00649915 -0.00202511 0.00472441 -0.0149227 -0.00299174 -0.0183317 -0.00438347 -0.00748085 -0.000167033 0.00706519 -0.00892003 0.00343117 0.00586677 0.0114237 -0.00319707,800,0,cuda,24.68,43.53
test,2592,Ragdoll_235,Ragdoll,cat,wrong,Birman,lime,32,0.690551,39,0.363481,0.951407,0.587927,0.022335,0.777502,0.245521,0.52338,,,0.0143308 -0.0124566 0.00937055 0.0198634 0.0335181 -0.0246027 -4.27449e-05 -0.00634066 -0.0131792 0.00811197 0.018137 0.0743681 0.0025461 0.0119467 0.088592 0.00667826 0.172165 0.152404 -0.0294386 0.0256638 0.0393235 0.00587668 0.00912083 0.0397786 -0.00940092 -0.0118598 0.0466732 0.000587862 0.00683242 0.00273569 0.0155336 -0.0100774 0.0209605 0.00755559 -0.00121229 -0.00538463 0.0142345 0.00910575 -0.00480463,800,0,cuda,31.89,37.42
test,1458,german_shorthaired_79,german_shorthaired,dog,correct,german_shorthaired,lime,14,0.999187,41,0.257394,0.952376,0.694982,0.187816,0.963256,0.23867,0.635461,,,-0.0143815 -0.0080303 -0.00871889 -0.00267452 -0.0260002 0.012488 0.0111071 0.0101448 0.0233298 -0.0236681 -0.0109561 0.361223 0.00550383 -0.0173869 0.0268131 0.00652406 0.00485968 0.0366123 -0.0153884 0.0644659 0.0329253 0.00800824 0.0208967 0.0154271 0.00523433 0.0601554 0.0030536 0.00512625 0.0177135 0.264932 -0.0117494 0.0267662 -0.0216356 -0.00365204 0.0130429 -0.00696359 0.00425674 -0.00193154 -0.0102088 0.0200268 0.00215899,800,0,cuda,32.53,33.98
test,11,Abyssinian_216,Abyssinian,cat,correct,Abyssinian,lime,0,0.993316,36,0.688756,0.893757,0.205001,0.108957,0.824071,0.104914,0.541933,,,0.0231941 0.109322 0.00829955 0.0442263 0.0130765 -0.0571271 0.025945 -0.0110413 0.114227 -0.00361597 0.00160594 -0.032264 0.0285446 0.0458174 0.0563095 -0.0589094 0.0722281 -0.113659 -0.0245012 0.0487386 0.00639179 -0.0322829 0.000595143 -0.00147946 -0.0436441 0.0869493 -0.0255706 0.00532449 0.0549711 0.117573 0.247499 0.00746065 -0.00351963 0.110517 0.0764669 0.0835903,800,0,cuda,27.64,38.21
test,1857,keeshond_79,keeshond,dog,correct,keeshond,lime,18,0.999253,38,0.405114,0.946187,0.541073,0.210944,0.852978,0.5247,0.655044,,,0.0470615 -0.0210929 0.0540385 0.112179 0.0146022 0.0134917 0.00681517 0.0540958 0.00045354 0.0210033 0.232134 0.0449785 0.0866443 0.0153071 0.0224388 0.0112955 0.0691324 0.0618716 0.0157776 -0.0114985 0.189057 0.119844 0.00449136 0.0148325 0.00252076 0.0278955 0.00500883 0.00139487 0.111989 0.0324516 0.157669 -0.0201903 -0.0354228 0.0188628 0.0101924 0.000154029 -0.0148737 0.039843,800,0,cuda,37.83,41.23
test,2231,newfoundland_55,newfoundland,dog,correct,newfoundland,lime,22,0.99646,36,0.244021,0.756976,0.512954,0.182602,0.912581,0.260922,0.835308,,,0.0134116 -0.0034502 0.00400482 -0.00625758 -0.0014164 -0.00624476 0.0128437 -0.0113351 -0.000421973 0.0510955 -0.00590543 0.462181 0.0146723 -0.0151155 0.0896238 0.0826941 0.0524085 -0.0165619 0.000738953 -0.0120007 0.262235 0.00915413 0.00529096 0.0121382 -0.00230849 -0.0114824 0.0640837 0.00255038 0.0327192 0.0474774 0.0407392 0.0200019 0.00562124 0.0146394 0.0372554 0.00196831,800,0,cuda,42.77,44.82
test,2196,newfoundland_23,newfoundland,dog,correct,newfoundland,lime,22,0.996969,36,0.33245,0.442567,0.110117,0.107108,0.832033,0.04385,0.746958,,,0.00979937 -0.0310579 0.020711 -0.0224122 0.0231118 -0.00951933 0.154293 -0.00351404 0.126608 0.00038429 -0.0462641 0.032638 0.476231 0.0327017 0.274888 0.0196993 0.145691 0.00423286 0.00412426 0.10251 0.0131523 -0.029437 0.00135932 0.00487724 0.0327591 0.0114449 0.0105093 0.0244116 -0.010799 -0.0175517 -0.0100678 -0.000183766 0.00465183 -0.0137551 0.0235967 -0.00937036,800,0,cuda,44.82,52.98
test,3552,wheaten_terrier_85,wheaten_terrier,dog,correct,wheaten_terrier,lime,35,0.999444,35,0.373525,0.848252,0.474727,0.142301,0.869812,0.118064,0.743329,,,-0.00710304 0.00202656 0.0356415 -0.039888 -0.0217192 0.00240347 0.459945 0.022153 -0.00619121 0.00107875 0.062826 0.0107092 0.045914 -0.0125586 -0.0277966 0.368227 0.0745679 -0.00454335 0.0127559 0.120067 0.0073036 0.0413146 0.00917118 0.0405434 0.0137628 0.00844206 0.0130481 0.00229434 -0.00468929 -0.0204237 -0.0262451 -0.0186788 0.0120939 -0.00268148 -0.00562508,800,0,cuda,42.63,52.07
test,2132,miniature_pinscher_56,miniature_pinscher,dog,correct,miniature_pinscher,lime,21,0.99655,31,0.354094,0.903837,0.549743,0.173494,0.927853,0.440038,0.7145,,,-0.00134836 0.0120707 0.00882708 0.0114836 -0.00608 0.0894346 0.163703 0.0390841 0.0223939 0.00485926 0.397842 0.0117014 0.00630494 0.318843 0.0381719 0.0929536 -0.0121271 0.000377682 0.0764603 0.0808177 -0.0117659 0.102738 0.0256584 0.026139 -0.00794506 -0.00758615 -0.0241453 0.0045221 0.00890763 -0.00521255 0.016425,800,0,cuda,48.51,50.22
test,442,beagle_4,beagle,dog,wrong,basset_hound,lime,4,0.970619,36,0.116829,0.504722,0.387893,0.017774,0.96319,0.222028,0.724889,,,0.0869458 0.017543 -0.00857813 -0.00854279 0.00706766 0.00704792 -0.0350183 0.0219724 -0.0258309 0.338066 -0.000959652 0.0343166 -0.0306004 0.556796 0.00217143 0.00584865 0.127843 -0.0328586 -0.0182913 -0.0258443 0.0324449 -0.0346665 0.00882924 -0.0188833 -0.0433754 -0.00116081 0.00913532 0.0166666 -0.0141874 -0.0194487 0.03531 -0.0133456 0.00464615 -0.0286437 0.0118614 -0.00861205,800,0,cuda,48.95,60.92
test,1642,havanese_64,havanese,dog,correct,havanese,lime,16,0.997583,39,0.592853,0.97309,0.380237,0.223914,0.734219,0.355891,0.858449,,,0.0101444 0.0289768 0.0358828 0.0621413 0.0413751 0.573896 0.021537 0.0811339 0.00717581 0.0244253 0.0456584 -0.0183929 -0.0177594 0.0114817 0.0850206 -0.0386526 -0.00794268 0.142639 0.115426 0.00449889 0.064348 -0.0028601 -0.00402092 0.0900203 0.00734412 0.00234104 -0.00883226 0.0169076 0.043832 0.159235 0.0422728 -0.00276935 0.00310105 0.013454 -0.00189891 0.020734 0.000157863 -0.00195549 -0.0197083,800,0,cuda,41.33,44.68
test,1772,japanese_chin_91,japanese_chin,dog,correct,japanese_chin,lime,17,0.999922,42,0.574239,0.992796,0.418557,0.319942,0.921392,0.530495,0.559966,,,0.000640119 0.0286687 0.0197607 0.0181364 -0.0145448 0.0125344 0.0132764 0.012145 0.111856 0.000893588 0.151144 -0.00176274 0.00566843 0.0642375 0.221316 -0.0106981 0.00797016 0.0221586 0.0103768 -0.00386067 0.0759624 0.0272774 0.090205 0.00405791 -0.00699478 0.103362 0.100271 0.000607892 0.0552366 0.0506775 -0.00550755 0.127488 0.00649492 0.00860568 0.026684 -0.00140937 0.0362175 0.0100386 0.00710356 0.0322058 -0.00287909 -0.0144645,800,0,cuda,31.0,33.96
test,157,american_bulldog_62,american_bulldog,dog,wrong,american_pit_bull_terrier,lime,1,0.557602,31,0.152204,0.507243,0.355039,0.05187,0.679492,0.073992,0.59974,,,-0.00703499 -0.0238469 0.0424156 -0.0139669 0.0377356 0.0155976 0.0112791 0.0167109 0.129275 -0.0062381 -0.00904518 0.117469 0.0194275 0.153445 0.00339018 0.00661415 4.75484e-05 0.0995334 0.0726721 0.014793 -0.010702 0.00833461 0.013001 0.015838 -0.00525285 0.0114163 0.0229244 0.00533507 -0.0191183 -0.0126776 0.0123668,800,0,cuda,21.6,28.73
test,2368,Persian_86,Persian,cat,correct,Persian,lime,23,0.999664,29,0.609475,0.946902,0.337427,0.257515,0.912182,0.235787,0.759114,,,-0.00909818 -0.0121766 -0.00353615 0.0181041 -0.00866542 0.0089551 0.0103442 -0.0317586 0.0643173 0.276206 0.00402786 0.051277 0.032982 -0.0179805 -0.00374058 0.0553274 -0.0224384 -0.01148 0.329856 0.00183961 0.404305 0.0161598 -0.000876181 -0.0136684 -0.000339301 -0.00685452 0.0274629 0.0109398 0.0201805,800,0,cuda,38.47,40.55
test,2985,scottish_terrier_195,scottish_terrier,dog,correct,scottish_terrier,lime,30,0.892015,38,0.443718,0.971904,0.528186,0.142094,0.697498,0.061703,0.755862,,,-0.0155345 0.00736265 0.00972299 -0.0169931 0.0354835 -0.00493858 0.00567608 0.0401007 0.00551352 0.00679618 0.000376506 0.00744844 -0.00576431 -0.000265336 -0.0145074 0.0108379 0.00431279 0.0355489 0.0545473 0.0947502 0.023199 0.00902256 -0.00526491 0.0318583 0.0416903 -0.0124947 0.00312861 0.0591335 0.158979 0.418609 -0.00097191 0.00879557 0.027328 0.0405358 -0.00302895 -0.000326138 0.0203057 0.0400125,800,0,cuda,52.73,53.71
test,505,Bengal_199,Bengal,cat,correct,Bengal,lime,5,0.988955,39,0.702447,0.855313,0.152866,0.227499,0.870577,0.124966,0.676464,,,0.0205958 -0.0216706 0.0605416 -0.000471297 0.0322978 0.00338663 0.00966188 0.028281 0.033988 -0.0171842 -0.0222596 -0.0123362 -0.00610824 -0.00512221 -0.0114706 0.0204173 0.103877 0.0938211 0.146725 0.0233061 0.0903497 -0.00667515 0.0997862 0.158288 9.8616e-06 -0.00216827 -0.0632203 0.353422 0.0178489 0.0323817 0.138107 -0.0255635 -0.00169003 0.0615772 -0.0130309 -0.0180972 -0.0238671 -0.00397365 -0.00195351,800,0,cuda,36.74,40.55
test,1245,english_cocker_spaniel_67,english_cocker_spaniel,dog,correct,english_cocker_spaniel,lime,12,0.99998,44,0.561623,0.979576,0.417953,0.160619,0.913045,0.687397,0.674432,,,-0.0225261 0.053139 0.0156811 -0.0232407 0.0172063 0.0337972 0.0360335 -0.0197919 -0.0138575 0.127581 0.107841 -0.0147277 -0.0192654 0.0370516 -0.0187232 0.0737889 -0.0128797 0.0147955 0.225226 0.161194 0.102022 0.385587 0.0101673 0.174548 0.223712 0.094094 0.00964677 0.0554182 0.11597 -0.0126795 0.0497266 0.0360207 -0.00798428 0.0283438 0.0299156 0.0343312 0.00967861 0.00796095 -0.0174153 0.0283508 0.0172898 0.0170648 0.0297765 -0.0127973,800,0,cuda,43.1,45.91
test,2106,miniature_pinscher_32,miniature_pinscher,dog,correct,miniature_pinscher,lime,21,0.765668,38,0.447007,0.99009,0.543084,0.124441,0.901314,0.420527,0.745418,,,-0.0060173 0.0139812 0.0120958 0.0178413 0.0275007 -0.0385989 -0.00403755 0.0055371 -0.0278217 0.0107221 0.00554271 0.0135239 0.449492 0.0141928 -0.0104892 0.00546893 -0.00877283 0.286204 -0.00636326 -0.0258959 0.0223702 0.0781326 0.0217398 0.00355387 0.00156307 0.0670275 0.0848338 0.00726229 0.0801715 0.043982 0.00634011 -0.00266132 -0.012305 -0.00467609 -0.00517347 -0.00225308 0.0180677 -0.00331226,800,0,cuda,39.57,42.42
test,2300,Persian_266,Persian,cat,correct,Persian,lime,23,0.540149,34,0.290537,0.597533,0.306995,0.036053,0.766368,0.143162,0.7104,,,0.0171436 -0.00784137 0.0108917 0.0154009 -0.00691922 0.0060805 0.0156866 0.0618324 -0.00971011 -0.0295441 0.00780998 0.0374734 0.0274954 0.352265 0.00909625 0.413973 0.0159526 -0.00279331 0.0102157 -0.00858982 -0.0107152 -0.011438 0.00398957 0.0162658 0.00726693 0.014282 -0.0200989 0.0115465 -0.00226812 0.0280132 -0.00413801 -0.00405946 -0.0185031 -0.00391115,800,0,cuda,29.29,33.89
test,18,Abyssinian_224,Abyssinian,cat,correct,Abyssinian,lime,0,0.998749,36,0.568618,0.977743,0.409124,0.332737,0.813213,0.309099,0.540742,,,0.0841241 0.0455998 0.0122397 0.0101969 0.0780828 -0.0188195 0.00502778 -0.0592043 0.00372247 0.0130303 -0.0204882 -0.0263858 0.0802428 0.0796963 0.016273 0.135152 -0.00987723 0.0409724 0.110085 0.00807491 0.0910378 -0.0471375 0.00423226 0.00295151 0.103438 0.0378837 0.0532153 0.0698349 0.0107492 0.0582577 0.0946826 0.00391276 -0.0131741 0.00517402 -0.00510317 0.00670454,800,0,cuda,32.19,36.24
test,1738,japanese_chin_60,japanese_chin,dog,correct,japanese_chin,lime,17,0.999959,39,0.201391,0.956503,0.755111,0.05948,0.953357,0.223933,0.824087,,,0.0111196 0.314333 0.266159 -0.00362658 0.0186305 0.0079385 0.0157778 -0.0382024 0.00327012 0.639827 0.00810424 0.0501163 -0.0041275 -0.000684184 0.0712505 0.00246608 0.0459853 0.0419014 0.0104464 -0.00423239 -0.00175409 0.0166588 0.00392257 0.0291709 0.00144761 -0.000108601 0.0349195 0.00398342 -0.00618033 -0.0041295 0.00707238 -0.0110064 -0.00645823 -0.0205419 -0.0112407 -0.00718786 -0.0077391 -0.00238832 -0.00316988,800,0,cuda,24.84,34.21
test,200,american_pit_bull_terrier_193,american_pit_bull_terrier,dog,correct,american_pit_bull_terrier,lime,2,0.999382,32,0.712233,0.95675,0.244517,0.331033,0.835686,0.439937,0.609735,,,0.0140599 0.0418636 0.0374344 0.138258 0.0777892 0.0590509 0.0307488 0.0205521 0.00105496 0.0191136 0.147904 0.0828915 0.0485446 0.256967 0.0287818 0.0152112 0.0117707 0.05214 0.00379418 0.0672036 -0.0033114 0.0358743 0.014579 0.0105446 0.0361356 0.0320635 -0.00873543 0.0406335 0.00106508 -0.00989398 -0.00249901 0.016094,800,0,cuda,35.88,42.25
test,2326,Persian_44,Persian,cat,correct,Persian,lime,23,0.999824,35,0.648378,0.977345,0.328968,0.186945,0.90368,0.406933,0.741396,,,0.0266177 0.0288766 0.0444599 0.0376009 0.0392072 -0.00960564 0.44892 0.058959 -0.00674343 0.121041 0.259067 0.0275067 0.0170443 0.152219 0.252478 0.0286585 -0.0137662 0.00745219 0.195521 0.0911411 0.0704311 0.0110877 -0.00104625 0.0394376 0.0329121 -0.0104624 -0.00737035 -0.00787808 -0.00427552 -0.0278935 -0.0143436 -0.0109955 0.0249705 0.0188012 -0.0103727,800,0,cuda,36.68,44.03
test,3476,wheaten_terrier_198,wheaten_terrier,dog,correct,wheaten_terrier,lime,35,0.9994,37,0.892877,0.996945,0.104068,0.254643,0.864827,0.279636,0.837447,,,0.0262136 -0.0103315 0.0375916 0.00849342 0.0107782 -0.0171955 0.0196202 -0.0152365 0.00943788 0.0135597 0.0534901 0.122904 0.0116096 0.00370269 -0.0265173 0.139312 0.00679149 0.112833 0.0312635 0.0140805 0.018095 0.00832349 -0.00323593 0.0586378 -0.00266318 0.596057 0.0241308 0.0224833 -0.0061974 -0.00581739 0.0195655 0.0226445 0.0158634 0.0109766 -0.0025801 0.00743086 0.00165621,800,0,cuda,57.74,64.72
test,1452,german_shorthaired_73,german_shorthaired,dog,correct,german_shorthaired,lime,14,0.995559,33,0.401048,0.621706,0.220657,0.159244,0.842273,0.164812,0.939966,,,-0.00547646 0.00119027 -0.00443771 0.0197856 0.0218614 0.00476795 0.00732787 0.00432434 0.0183603 -0.00477546 0.0277844 0.0136433 0.0156083 0.760117 -0.00634834 0.02656 0.00529188 0.110024 0.0148559 0.131676 0.0122667 0.013819 0.0157852 0.00513589 0.0116923 0.012141 0.0110018 -0.00724008 0.0257434 -0.00475696 0.0133187 0.00063658 0.0092319,800,0,cuda,25.56,30.43
test,2323,Persian_41,Persian,cat,correct,Persian,lime,23,0.563999,28,0.973832,0.965023,-0.008809,0.080856,0.599922,0.148343,0.677644,,,-0.00193209 -0.0016671 -0.0182015 -0.009151 0.00557913 0.0509933 -0.00603206 0.00433223 0.0015227 0.0376824 0.00370942 0.0106484 -0.0124152 0.00631484 -0.0220217 0.0238002 -0.0457458 -0.0443211 0.0723222 0.0179078 0.017939 -0.0291442 0.104508 0.0161535 0.14943 0.00971908 0.00237405 0.0378881,800,0,cuda,33.77,40.0
test,646,Birman_53,Birman,cat,correct,Birman,lime,6,0.992888,43,0.630859,0.828947,0.198088,0.084342,0.916074,0.308219,0.872406,,,0.0718584 0.0170858 0.0180224 0.0709974 0.108079 0.134958 0.0661698 0.00536722 0.0881087 -0.0104481 0.168861 0.0510325 0.0920559 -0.000934741 0.610823 -0.0032119 0.0111347 0.0109934 0.0426295 0.00619217 0.00614244 0.0499744 -0.011863 0.0334297 -0.0142185 0.0103011 -0.0144587 -0.00664617 -0.0282902 -0.000499473 -0.00254766 -0.00158945 -0.00720504 0.0141647 -0.0116591 -0.00925843 -0.0145438 -0.00548334 0.0120088 -0.00158398 0.00158225 -0.0102725 -0.00332638,800,0,cuda,41.74,44.9
test,3561,wheaten_terrier_93,wheaten_terrier,dog,correct,wheaten_terrier,lime,35,0.99876,39,0.502312,0.568846,0.066534,0.253312,0.94716,0.46949,0.643785,,,-0.00569484 0.019404 0.0026792 0.0393315 0.0445563 -0.00945402 0.184378 0.0863271 0.0189765 -0.0235897 0.0258669 0.0315387 -0.0106279 0.196437 -0.0132101 0.246323 -0.000400798 0.124623 0.127922 -0.00357129 0.0444912 0.0633199 0.0075563 0.048314 0.00624855 0.0421477 0.00800919 0.0065134 0.0093873 0.011395 -0.0129867 0.00263328 0.0325097 -0.000450462 0.0310376 -0.00273421 0.0166588 -0.0138167 -0.0130369,800,0,cuda,56.96,59.94
test,1521,great_pyrenees_45,great_pyrenees,dog,correct,great_pyrenees,lime,15,0.997221,34,0.530572,0.976572,0.446,0.120803,0.875675,0.09549,0.806848,,,-0.0120063 -0.0210589 -0.0221251 -0.00499706 -0.0177626 0.0313917 0.00795679 0.00575776 0.0350247 -0.000234123 0.0461593 0.00806807 0.194857 0.0269727 0.0199527 0.00823684 0.49186 0.00886424 0.0117032 0.34476 0.0422809 0.147482 0.004968 0.0264208 -0.00231263 0.0132645 -0.00980097 -0.0459335 0.00497575 0.0549096 0.0380723 0.0148055 -0.0113454 0.0268055,800,0,cuda,34.26,35.58
test,772,Bombay_86,Bombay,cat,correct,Bombay,lime,7,0.99979,36,0.478157,0.984893,0.506737,0.415023,0.957094,0.141589,0.401354,,,0.00282291 0.000311324 0.000264783 -0.00314107 0.000561074 0.00539174 0.00650704 -0.00722944 0.0679286 0.0139887 -0.00127204 -0.00582489 0.00449584 0.0220665 -0.00462231 -0.0023065 0.00636521 0.000908664 0.017113 0.00358726 0.0818341 0.0666976 0.0128664 0.0182148 0.00330057 0.000188211 0.0135729 0.0191489 0.0256666 0.00745445 -0.00734928 0.00528484 0.00775965 -0.00226287 0.00355105 0.00451161,800,0,cuda,39.16,41.15
test,47,Abyssinian_50,Abyssinian,cat,correct,Abyssinian,lime,0,0.66015,37,0.497509,0.55868,0.061171,0.081522,0.82147,0.013983,0.749568,,,0.0355693 0.0198501 0.0552155 0.268937 0.025956 -0.0294694 0.0143772 -0.00893675 0.399598 0.0166378 0.0153663 0.037916 -0.0377548 0.0257083 -0.00820866 -0.0178888 0.0217982 0.0151129 0.0248598 -0.0221772 -0.0473298 0.00511226 0.00101854 -0.0101332 0.0153929 0.00641009 -0.0182348 -0.0193391 -0.00735066 -0.0211516 -0.0201871 -0.0114018 -0.0468755 0.01345 -0.00310648 0.00718225 -0.00351657,800,0,cuda,37.55,41.76
test,2178,miniature_pinscher_98,miniature_pinscher,dog,correct,miniature_pinscher,lime,21,0.971867,44,0.203663,0.599305,0.395642,0.108785,0.941123,0.272206,0.866183,,,0.0149054 0.0194344 -0.027391 -0.00035514 0.00819169 0.00821449 -0.0253546 0.0122201 0.0414741 -0.0126445 0.00792154 -0.0111734 0.00444898 0.616186 0.000439226 0.00996294 -0.016161 -0.00918756 0.00696614 0.00762225 0.00067125 0.0741128 0.0274596 0.0154617 -0.0019781 0.00158765 0.0430944 -0.00964108 0.250082 0.0309074 -0.00328423 0.0369877 -0.0126123 -0.00974477 -0.00230354 -0.00152635 -0.00492294 0.00707356 0.0220222 0.00407611 0.013608 0.0770687 0.0736106 0.00537236,800,0,cuda,43.29,47.36
test,2574,pug_94,pug,dog,correct,pug,lime,25,0.998386,44,0.726184,0.992518,0.266334,0.254541,0.943452,0.219984,0.960262,,,0.00975656 -0.0174296 0.0122782 -0.00390086 -0.00673664 0.0048919 0.00471929 0.0174623 0.0124516 0.00457299 -0.000664002 0.00731591 0.00977838 0.00545298 0.0220915 0.0490213 0.0309642 0.00817416 0.0252175 0.0380115 0.0120388 0.00468166 0.047874 0.0128965 0.0135743 0.839013 0.00878476 0.00388238 0.0471971 0.0302278 -0.000881668 0.00573709 -0.0129982 0.0226033 0.0278572 0.0155978 0.00638098 -0.0137379 0.00176974 -0.00555101 0.0104867 0.004104 0.00267443 0.010535,800,0,cuda,43.46,44.6
test,2254,newfoundland_76,newfoundland,dog,correct,newfoundland,lime,22,0.987767,42,0.419543,0.986384,0.566841,0.149004,0.909868,0.085046,0.710109,,,-0.0294443 0.0235666 -0.0121847 0.00407047 -0.0178832 -0.0216905 0.0227551 0.0221612 -0.0282894 0.0095098 -0.0185091 -0.00270564 -0.0361875 0.230149 0.0630447 0.170832 -0.0118858 0.00754191 0.0438361 -0.0237636 -0.0302114 0.0126275 0.100147 0.266004 0.240954 -0.0403443 0.0182539 0.0312559 0.0820125 0.0433514 -0.00923659 -0.00735154 0.0350126 -0.0387684 -0.0342959 -3.24341e-05 0.00152046 -0.058061 -0.0480276 0.035272 0.000406245 -0.00242172,800,0,cuda,25.11,35.93
test,1791,keeshond_19,keeshond,dog,correct,keeshond,lime,18,0.999787,41,0.261639,0.877891,0.616252,0.132114,0.949871,0.370204,0.761942,,,0.0223561 0.00119613 0.0169699 -0.0184216 0.00901928 0.0231789 0.0260047 -0.0022244 -0.00893464 -0.0126197 0.00341145 0.0143526 0.0124345 -0.0111901 0.0215311 0.0867748 -0.0125735 0.345227 0.0225988 0.0120028 0.026454 0.440255 0.0163117 0.0574461 -0.00389842 0.00737683 0.159148 0.0079873 0.0103293 0.124203 -0.00179921 -0.0116135 -0.0107328 0.00674627 0.014717 0.0138567 0.0199192 -0.0184486 0.0100379 -0.0143285 -0.0278514,800,0,cuda,24.97,27.77
test,1199,english_cocker_spaniel_25,english_cocker_spaniel,dog,correct,english_cocker_spaniel,lime,12,0.994198,45,0.703663,0.99122,0.287557,0.129683,0.799116,0.081893,0.643064,,,-0.00437281 0.0778395 0.0863881 0.038692 0.0424629 0.0100127 -0.0180401 0.0083499 0.104421 -0.0198865 0.0066959 0.0378617 0.0221464 0.282566 0.0878446 0.295853 0.104967 0.0898248 0.0341653 0.087437 -0.0743036 0.0883044 -0.00631627 0.0402022 0.0397594 -0.0164269 0.069288 0.0239031 0.0283489 0.00113207 -0.0138059 0.0531623 0.0076129 -0.00291434 -0.00817562 0.0132823 0.00852329 -0.0105219 0.00998088 0.014778 0.00946136 -0.0192746 0.0101494 0.0307523 -0.0244891,800,0,cuda,63.67,65.83
test,2756,Russian_Blue_77,Russian_Blue,cat,correct,Russian_Blue,lime,27,0.99422,37,0.711595,0.988594,0.276999,0.165931,0.830082,0.345021,0.733075,,,0.0616108 0.0594206 0.030186 0.0185191 0.106349 0.0361677 0.0415241 0.0559653 0.0490947 0.084973 0.155479 0.0910858 0.0623803 0.181205 -0.018493 0.373182 0.00688253 0.0349381 0.0767943 -0.0278491 0.0627674 0.0134195 0.0434703 0.0102984 0.000811904 0.123199 -0.0253126 -0.0362445 0.0594143 -0.0346331 0.00461586 -0.0257258 0.0832892 0.133973 -0.0750394 -0.0189282 0.0280139,800,0,cuda,33.28,35.14
test,1485,great_pyrenees_194,great_pyrenees,dog,wrong,english_setter,lime,29,0.321381,35,0.73025,0.992017,0.261768,0.017428,0.458219,0.136703,0.482049,,,-0.00719565 0.00131669 0.00274432 -0.00176558 -0.00109 0.00848632 0.00679385 0.00216117 0.0113151 -0.0166251 0.00652244 0.000390286 -0.00461621 -0.000526357 -0.00275505 -0.0154078 0.00231807 0.0352042 0.0736564 -0.0031724 0.0396117 0.0107107 0.052516 0.0375105 -0.00581948 0.0290723 -0.000441394 0.0275413 -0.00448198 -0.00498823 -0.00451202 0.0113045 0.00159896 0.000475195 -0.017714,800,0,cuda,24.66,28.72
test,1430,german_shorthaired_53,german_shorthaired,dog,correct,german_shorthaired,lime,14,0.99991,41,0.672313,0.980835,0.308522,0.331484,0.912013,0.453121,0.586304,,,-0.000146108 0.00584363 -0.00755893 -0.00117616 0.00284502 0.005552 0.0114756 0.00950085 0.0923387 0.0110387 -0.00567928 -0.00480854 -0.00318413 0.17218 0.00652084 0.218281 0.0346924 0.106267 0.151783 0.126869 0.0359463 0.0227764 0.0208344 0.0509089 -0.00521951 0.0708563 0.00800189 0.0297937 -0.0328988 0.0121628 -0.00295016 0.0452591 0.0230075 -0.00494634 0.0223847 0.0123011 -0.00644959 0.0184033 -0.00313112 0.00476974 0.000845985,800,0,cuda,22.13,27.33
test,1658,havanese_79,havanese,dog,correct,havanese,lime,16,0.963283,38,0.694057,0.991157,0.2971,0.139044,0.819969,0.127589,0.761892,,,0.0189365 0.0850371 -0.0110403 0.0871816 0.0898126 0.0122122 0.0249329 -0.0663761 0.0886905 -0.093343 -0.00648003 0.0309759 -0.117411 0.0320365 -0.00148236 0.193343 0.263244 -0.0232704 0.0120885 0.159267 0.138262 0.000353627 0.0443074 -0.0151322 0.0108833 -0.00592079 0.01066 0.0636914 -0.00907072 0.022169 -0.017625 0.0405067 -0.00427778 -0.0223733 0.00699648 0.236273 -0.0454542 0.0246918,800,0,cuda,45.69,57.07
test,1553,great_pyrenees_74,great_pyrenees,dog,correct,great_pyrenees,lime,15,0.997306,37,0.480429,0.728409,0.24798,0.247396,0.907278,0.238372,0.810025,,,0.0628015 0.0309491 0.0373182 -0.0486858 0.017398 0.00655992 0.24909 0.00240391 -0.0246203 0.00594954 0.124475 -0.00421899 0.286747 0.0169266 0.291039 0.0123287 -0.00111562 0.0269497 0.0232695 -0.00662118 0.0167366 0.00418846 0.0102975 0.0527709 0.0181021 0.0373513 0.00874387 -0.00368968 -0.0193031 0.0206312 -0.0109798 0.0056233 0.00612641 -0.0178219 -0.00678241 0.00878073 -0.011054,800,0,cuda,42.1,42.85
test,2174,miniature_pinscher_94,miniature_pinscher,dog,wrong,staffordshire_bull_terrier,lime,34,0.548833,43,0.175203,0.63968,0.464477,0.026092,0.547203,0.140521,0.624125,,,0.0189465 -0.000668966 -0.00532938 0.0683608 0.0337399 0.000663793 -0.000155425 0.0114668 0.00691128 -0.0715993 0.0202086 0.0302259 0.157835 0.000901534 0.0754921 0.0657921 0.0401632 0.0279129 0.00532821 0.00334894 0.0050877 0.00337387 0.0102038 0.00542156 0.0121294 0.00364503 0.0245327 -0.00584172 0.00481853 -0.00146738 0.00791238 0.013621 0.00380928 0.00202272 -0.0111138 0.0121462 -0.00132299 -0.00330394 0.012014 0.026626 0.0112124 0.0136115 0.0187429,800,0,cuda,41.18,46.14
test,1001,chihuahua_24,chihuahua,dog,wrong,staffordshire_bull_terrier,lime,34,0.662328,34,0.142897,0.631133,0.488236,0.04215,0.733187,0.204924,0.8554,,,-0.00170533 0.0400209 0.0147456 0.0120511 0.000699397 0.0399032 0.00877527 -0.0746091 -0.024567 0.0112717 0.0340049 0.0176174 0.176311 0.0167979 0.00896902 0.00190099 0.00514967 0.420522 0.00980422 0.0433974 0.162323 0.0288657 0.0321326 0.0326951 0.0563619 -0.000464344 0.00421708 0.0026826 0.0126238 0.00410928 0.000810444 -0.0132197 0.0135341 0.00675912,800,0,cuda,35.3,40.57
test,2209,newfoundland_35,newfoundland,dog,correct,newfoundland,lime,22,0.999946,34,0.884586,0.990819,0.106233,0.518164,0.883393,0.279563,0.391365,,,0.0356032 -0.00119142 0.0343571 0.0572117 0.0263708 -0.0164901 0.0157912 0.116135 0.00817594 0.00644529 0.0154194 0.0678382 0.0250041 0.014745 0.0371651 0.0132906 0.017231 0.056249 0.0104303 0.0259483 -0.00882241 0.00745157 0.0299153 0.0349541 0.016825 0.0270638 0.0362476 0.0211971 -0.0117677 6.45282e-06 0.00517166 -0.00661044 -0.000859376 -0.00170142,800,0,cuda,33.53,36.77
test,897,British_Shorthair_263,British_Shorthair,cat,wrong,Bombay,lime,7,0.827813,37,0.814453,0.863777,0.049324,0.223713,0.908493,0.337585,0.489623,,,-0.00234019 0.0321127 0.0471693 0.00681903 0.0891178 0.0258005 0.0367545 0.0508209 0.0119451 0.0256496 0.0088236 0.0377825 0.168279 0.0442932 0.0296992 0.0253952 -0.00415784 -0.0456858 -0.0174635 0.01454 0.0131657 -0.0116947 -0.0142952 -0.0201191 -0.0184378 0.00546504 0.0121385 -0.0143892 0.0211331 0.00873972 6.81108e-05 -0.0117155 -0.000963993 0.0109375 0.00296987 0.0626616 0.015601,800,0,cuda,40.49,46.59
test,1062,chihuahua_7,chihuahua,dog,correct,chihuahua,lime,10,0.982722,41,0.149275,0.597487,0.448213,0.041854,0.899666,0.214437,0.658107,,,0.0153316 -0.0332995 0.0047865 0.0170201 -0.00580432 0.00792775 -0.0108095 -0.0131757 0.0156789 -0.0106143 -0.00591888 0.00678224 -0.0108182 0.00956428 -0.0040635 -0.0200788 0.174002 0.0160191 -0.00875361 -0.0145978 0.212497 -0.00473076 0.109873 0.0186504 -0.00177221 0.18928 0.399852 -0.0159382 -0.0243602 0.0211478 0.0191411 -0.00324369 -0.00547074 0.0303402 -0.0153457 0.0149735 0.0172769 0.0208929 -0.00831353 0.0351574 0.00160772,800,0,cuda,17.25,20.04
test,657,Birman_63,Birman,cat,correct,Birman,lime,6,0.999278,30,0.962671,0.999098,0.036427,0.193506,0.8923,0.498566,0.656299,,,-0.0119976 0.0232819 -0.0564666 -0.0342519 0.064705 0.0122199 -0.0398465 0.284416 0.265792 -0.0262528 -0.0192177 0.158896 0.162273 0.045958 0.0457726 0.125745 0.00374406 0.0580449 0.0373439 0.0600422 0.106201 -0.000578768 0.0756121 0.0591277 0.0748828 -0.00966838 0.0990562 0.0194523 0.0177761 0.00327655,800,0,cuda,36.67,37.29
test,1637,havanese_5,havanese,dog,correct,havanese,lime,16,0.994967,42,0.847198,0.995829,0.148631,0.035059,0.821296,0.338035,0.585042,,,-0.00204335 0.0197299 0.101347 0.00837555 0.120602 0.10334 0.00943305 0.146402 0.010479 0.146696 0.134696 0.0839007 0.0114353 0.148086 0.00131556 -0.0627674 -0.0059875 0.21304 0.0917075 0.0598866 -0.0167756 0.00842747 -0.076243 -0.0136418 -0.0282277 0.000862512 0.000926724 0.067129 0.036544 0.0212536 -0.0259542 0.0183345 0.0207884 0.0128258 0.00684492 0.0067565 0.00534495 -0.0345707 0.0222205 -0.00779939 0.010362 -0.00509358,800,0,cuda,33.59,34.41
test,2918,samoyed_43,samoyed,dog,correct,samoyed,lime,29,0.6375,31,0.465462,0.937006,0.471544,0.185749,0.881714,0.073239,0.685685,,,0.0157229 -0.00964054 -0.000967918 0.0219403 0.00180473 0.00247599 -0.0176424 0.0446792 0.0815049 0.02373 0.00179236 0.000279255 -0.0615106 0.0687341 0.0577457 0.0562648 -0.00273039 0.490746 -0.0779868 0.0397161 -0.00377622 0.0105824 -0.0838611 0.0257635 -0.0620645 -0.0421886 0.015753 0.0263891 0.0103196 0.00880136 -0.00782267,800,0,cuda,31.64,41.93
test,2064,Maine_Coon_82,Maine_Coon,cat,correct,Maine_Coon,lime,20,0.994345,26,0.682159,0.882624,0.200466,0.414622,0.921066,0.195023,0.60856,,,-0.0519851 0.035961 0.0112895 0.0322716 0.042508 -0.0033057 0.0165583 0.0971371 -0.0152442 0.0916289 0.0724777 0.0760537 0.00435594 0.00549871 -0.0373008 -0.0108966 -0.00226142 0.000169499 0.033726 0.00564586 0.0113263 0.163007 0.0330023 0.127513 0.0146031 0.00956055,800,0,cuda,41.0,45.83
test,1824,keeshond_48,keeshond,dog,correct,keeshond,lime,18,0.998804,41,0.795659,1.0,0.204341,0.224581,0.922262,0.504915,0.734183,,,-0.0426352 0.0135378 -0.0173749 0.0399783 0.00688545 -0.000273146 0.213317 0.00151905 -0.011405 0.0809685 -0.0341752 0.0444223 -0.0230682 0.00274201 0.0465091 0.0332758 0.0474154 0.345663 -0.00439018 -0.0158578 0.256419 0.0161529 -0.00522517 0.0595776 0.14473 0.0236106 -0.0118167 0.240612 0.0592729 0.0911879 0.0302079 0.00619402 0.0295849 0.147832 -0.017699 0.0160449 0.00246059 -0.00111731 -0.0125095 0.0237222 0.0318681,800,0,cuda,33.44,40.02
test,3549,wheaten_terrier_82,wheaten_terrier,dog,correct,wheaten_terrier,lime,35,0.999799,30,0.442961,0.771194,0.328233,0.368584,0.892218,0.373081,0.636668,,,0.0256439 0.112362 0.00181958 0.00936397 0.0270487 0.193104 0.0340176 0.0756295 0.066297 -0.00782841 0.0749856 0.0116556 -0.0284365 0.261416 0.0429107 -0.0101586 0.226568 0.0194917 0.0093225 -0.0117688 0.0211566 -0.0211319 0.0482474 -0.0124922 0.0146707 -0.00470096 0.0110698 -0.0303645 -0.0216838 0.103749,800,0,cuda,35.32,37.95
test,1252,english_cocker_spaniel_73,english_cocker_spaniel,dog,correct,english_cocker_spaniel,lime,12,0.999902,30,0.19876,0.545759,0.346999,0.08557,0.926827,0.278778,0.848868,,,0.00770432 -0.00185409 -0.00344709 0.0264613 0.0206939 0.00910583 0.000810065 0.0267703 0.00178244 0.186577 0.0274388 0.0045263 -0.0159514 0.0169445 0.0113528 0.0131063 0.0770182 0.0868462 0.00231957 0.0136115 0.00584984 0.0662818 0.685858 0.302159 -0.00333107 0.0339209 -0.0201882 -0.00128432 0.0445455 0.0724623,800,0,cuda,42.72,45.2
test,3020,scottish_terrier_46,scottish_terrier,dog,correct,scottish_terrier,lime,30,0.999962,32,0.62504,0.906593,0.281553,0.34047,0.862887,0.413448,0.652067,,,-0.0177847 -0.00826681 -0.00303631 0.0134118 0.0149411 0.000997017 0.0441941 0.00208011 0.0509105 0.0615635 0.244084 0.221381 -0.0136019 0.0817794 0.0951828 0.0590508 0.110586 -0.00101862 0.00092672 0.0327308 0.0468661 0.0564386 0.0197928 0.00233318 0.0301638 -0.010666 -0.00581742 0.100788 0.0312096 0.0222734 0.0127342 -0.00290891,800,0,cuda,41.93,44.15
test,1010,chihuahua_32,chihuahua,dog,correct,chihuahua,lime,10,0.999907,42,0.404994,0.806093,0.401098,0.095535,0.90831,0.26758,0.720502,,,0.0619539 0.0545468 0.024572 0.0383482 0.0029154 0.0556666 -2.95846e-05 0.414174 0.00878343 0.0763329 0.152982 -0.0171688 0.00528452 -0.003658 -0.0202909 0.158968 0.444927 0.00794409 0.020275 0.0475322 0.164081 0.113993 0.0576343 0.0151816 0.0143372 0.0125455 0.0141895 -0.0243662 0.00477515 -0.00718452 0.0363429 -0.0141088 0.0139373 -0.021356 -0.0328007 -0.0411009 0.00488115 -0.0135508 -0.0080254 0.0111709 0.0128033 -0.0313119,800,0,cuda,34.67,38.4
test,2108,miniature_pinscher_34,miniature_pinscher,dog,correct,miniature_pinscher,lime,21,0.564742,36,0.186623,0.61243,0.425807,0.15213,0.894549,0.499666,0.797785,,,-0.0230642 0.03204 -0.023856 -0.00296471 -0.00452489 -0.0223206 -0.0788367 0.00731731 -0.0328501 0.00933108 0.420459 -0.00501428 0.0752954 -0.00730547 0.142555 0.00554708 -0.00806443 0.14614 0.00862649 0.019791 0.152984 -0.0192749 0.00795794 0.049036 0.0895402 -0.0134859 0.0848958 0.167873 0.00163981 -0.00587952 -0.0150831 0.0488729 -0.00484009 -0.0244408 0.00170948 -0.00423967,800,0,cuda,43.62,46.18
test,1627,havanese_50,havanese,dog,correct,havanese,lime,16,0.999081,29,0.56826,0.894115,0.325856,0.229727,0.803614,0.381049,0.844013,,,-0.00282772 0.0218611 0.0378268 0.0353873 0.0470959 0.0684318 0.100714 -0.0179732 -0.0252136 0.198826 0.143416 0.0149663 0.0226753 0.154545 0.0151476 0.0233636 0.593917 0.281891 0.0384395 0.00306872 0.0154675 0.0150816 0.0055188 0.0188274 0.0165097 0.0138587 0.010338 0.0168916 -0.0132398,800,0,cuda,36.81,43.82
test,413,beagle_23,beagle,dog,correct,beagle,lime,4,0.999978,36,0.73852,0.998684,0.260163,0.159757,0.906166,0.337128,0.817077,,,-0.0185993 0.023163 0.0501848 0.00617009 -0.00331337 0.228837 -0.0113079 0.0261565 -0.00404328 0.0589288 0.0472315 -0.00662016 0.00121383 -0.00100759 0.0771688 0.0191842 0.0689724 0.0126898 0.0663446 -0.00285717 0.0600952 0.667736 -0.0187408 0.0176207 0.00406159 -0.00804417 0.0196885 -0.0238671 0.0617757 -0.0125302 0.0190312 0.0156079 -0.0184696 0.00454054 0.0123384 0.00442087,800,0,cuda,24.23,29.16
test,2447,pomeranian_6,pomeranian,dog,correct,pomeranian,lime,24,0.999724,34,0.882573,0.999285,0.116712,0.354439,0.863595,0.260702,0.427727,,,0.000548265 0.0225119 -0.0175661 -0.00476653 -0.0147218 0.000637641 0.0174695 -0.0228394 -0.00147342 0.0140043 0.0602768 -0.0152395 0.0197032 -0.00781667 0.00461924 0.081186 0.0229898 -0.00749568 0.0985341 0.0186534 -0.0011173 -0.0050284 0.0988043 0.0494614 0.0439321 -0.0149324 0.0234633 -0.00889949 0.0903466 0.0459152 0.0212326 0.0318172 0.0249205 0.0413783,800,0,cuda,28.52,30.65
test,254,american_pit_bull_terrier_59,american_pit_bull_terrier,dog,correct,american_pit_bull_terrier,lime,34,0.482763,40,0.591179,0.865504,0.274325,0.103874,0.174516,0.188337,0.458857,,,0.00683247 0.00883118 0.0204378 0.0013044 0.0241305 0.00350662 -0.00191018 0.0143276 0.00568611 0.006342 0.012464 0.0221337 0.0702272 0.00833665 0.0165949 0.0207857 0.00982079 -0.0118338 0.00592266 0.0436095 0.0326931 0.0256612 0.00880404 0.00269562 0.00353661 0.0112023 0.0130759 0.0322268 0.0115953 0.00167016 0.0017376 0.00855679 0.00693563 -0.00380823 -0.0029179 0.000389879 0.012128 0.0225155 -0.000146101 0.0059997,800,0,cuda,28.61,33.51
test,2404,pomeranian_30,pomeranian,dog,correct,pomeranian,lime,24,0.993523,30,0.595006,0.854127,0.259122,0.061161,0.907986,0.06986,0.775098,,,0.0340309 0.0513507 0.00241282 0.0141362 0.0245061 0.0291947 0.141399 0.0153869 0.0225137 0.0172013 -0.00511787 0.518709 0.315342 0.0154612 -0.00578718 0.0102618 0.0481639 0.00283508 0.0218087 0.029439 0.0113424 -0.0103899 -0.0102496 -0.00785436 -0.0287046 0.0140056 -0.0103396 0.00962481 0.0106502 0.00512115,800,0,cuda,45.37,48.12
test,2836,saint_bernard_5,saint_bernard,dog,correct,saint_bernard,lime,28,0.999279,41,0.182478,0.450586,0.268109,0.180688,0.936149,0.30825,0.762847,,,0.025188 -0.029141 -0.0345279 -0.0198806 0.0183006 -0.0217716 -0.0121604 -0.0434966 0.00559161 0.0183767 -0.00166901 -0.0044289 0.240398 0.183883 -0.0145036 0.0114078 0.119771 0.139792 0.0263975 -0.0137414 -0.0162025 0.043554 0.00532317 0.150322 0.00531348 0.0317434 0.0229103 -0.0391672 -0.027288 0.480173 -0.00306781 0.000675789 -0.00897901 0.0193462 -0.0102296 0.0116757 -0.0196236 -0.00654029 0.0392937 0.0169615 0.021044,800,0,cuda,15.19,43.74
test,1260,english_cocker_spaniel_80,english_cocker_spaniel,dog,correct,english_cocker_spaniel,lime,12,0.999994,39,0.50853,0.878046,0.369516,0.215661,0.898311,0.582692,0.680016,,,0.0835403 0.284312 0.01656 -0.0169367 0.183354 0.04551 0.00377167 0.19564 0.00268481 0.105356 0.228975 0.0282727 0.135361 0.300318 0.0837075 0.0535497 0.0204366 0.0141078 -0.0282459 0.0453058 0.021223 -0.0391167 0.0217816 0.000796906 0.0617931 0.0708807 -0.00494749 0.0110478 0.00212356 -0.0151022 0.0191241 -0.0200098 0.0158241 -0.00522344 -0.00944689 -0.0355398 -0.0301608 -0.0265793 0.0103711,800,0,cuda,27.47,39.68
test,684,Birman_88,Birman,cat,correct,Birman,lime,6,0.905577,37,0.468571,0.677964,0.209393,0.15175,0.903124,0.415828,0.767002,,,0.0253582 -0.0303115 0.205233 0.0160304 0.455773 0.00244798 -0.024552 0.0931344 0.101304 0.0111741 0.256486 0.223518 -0.000202487 0.108573 0.00484685 0.0454182 -0.0108991 0.012354 -0.0457084 -0.020583 0.00414056 0.0319462 0.0139749 0.03381 -0.0139544 -0.0276055 -0.0025207 -0.0301392 0.0169436 0.0414406 0.00691832 0.00334991 0.000208946 0.00315765 -0.00560614 0.0192254 -0.00323218,800,0,cuda,29.48,37.61
test,300,basset_hound_193,basset_hound,dog,correct,basset_hound,lime,3,0.913304,33,0.331553,0.881043,0.549491,0.078466,0.739932,0.171067,0.656718,,,-0.00138378 0.0649577 -0.00159032 -0.0297349 0.00966259 0.0030134 0.0211569 0.0413254 0.258929 0.0026141 -0.00182996 0.190355 0.0973468 0.0192897 0.000169967 -0.00673836 0.0879547 0.0343763 0.197203 0.0129272 0.0143631 -0.0019656 0.00531986 0.00481172 0.0122234 0.0390186 0.00615774 0.0332085 0.0114898 -0.0042415 -0.00434927 -0.000489179 0.015406,800,0,cuda,52.98,53.59
test,128,american_bulldog_35,american_bulldog,dog,wrong,boxer,lime,28,0.75817,29,0.581692,0.999817,0.418125,0.023883,0.737483,0.538124,0.49878,,,-0.0221891 0.0112182 6.99969e-05 -0.018252 -0.019479 -0.0857397 0.0103007 -0.0264467 0.0447071 0.00821944 0.0927526 0.0314997 0.00175801 0.0858491 0.0382872 0.0322328 -0.00691088 0.0143101 0.00684391 0.0262656 0.057704 -0.0119683 -0.0155141 0.00148743 0.0035731 0.0157319 0.0104456 -0.0158192 -0.00984601,800,0,cuda,26.58,31.02
test,1054,chihuahua_72,chihuahua,dog,correct,chihuahua,lime,10,0.988425,34,0.64774,0.933639,0.285899,0.203711,0.763438,0.039097,0.548181,,,0.157885 0.121118 0.141191 0.275099 -0.0328646 0.077142 -0.00433644 0.0598661 0.0310789 -0.0186326 0.0396114 0.0170181 0.0101879 -0.00260785 0.0586027 0.0398995 0.0168785 0.0420496 0.0242113 0.0891769 0.0136976 0.024086 0.0574343 -0.0544257 -0.00412369 0.0575938 0.00846715 0.0216083 0.0114681 0.0387812 0.0399646 -0.00479838 -0.00798355 -0.00816951,800,0,cuda,38.27,42.55
test,2016,Maine_Coon_31,Maine_Coon,cat,correct,Maine_Coon,lime,20,0.999978,40,0.810387,0.99317,0.182783,0.679805,0.965526,0.021124,0.270458,,,0.000833961 0.00440536 0.0034105 0.00100194 8.48186e-05 0.00197118 0.00556178 0.00493594 -0.000731333 0.00162858 0.000713855 0.000386874 -0.000201362 0.00702161 0.00116197 0.00341831 0.00116482 0.00203435 0.00080668 0.00198621 0.00121051 0.00196854 0.00163453 -0.000355951 0.000675765 -0.000629385 0.00166423 0.00105206 0.00226102 0.00011488 -0.000992185 0.000649738 0.00183873 0.00243678 -0.00139086 -0.000324809 0.000504551 0.000144518 0.00101313 0.000128738,800,0,cuda,69.49,76.41
test,3568,wheaten_terrier_9,wheaten_terrier,dog,correct,wheaten_terrier,lime,35,0.999938,35,0.811165,0.715097,-0.096068,0.355989,0.847483,0.505223,0.725388,,,0.0209152 0.0337485 0.0541282 0.0585814 0.0162417 0.0254411 0.0596174 0.050719 -0.0113838 -0.0142571 0.0071336 0.0890779 -0.0245312 0.0559836 0.181523 0.0216885 0.0231053 0.00952926 0.0111791 0.419945 0.233304 0.00883544 0.0544969 0.0999718 4.89284e-05 0.281118 0.0903127 0.0213174 0.0368754 0.0171469 0.0159964 0.0338721 0.0242163 -0.02003 0.0367293,800,0,cuda,34.33,46.79
test,1257,english_cocker_spaniel_78,english_cocker_spaniel,dog,correct,english_cocker_spaniel,lime,12,0.998214,37,0.095823,0.476383,0.38056,0.062227,0.928393,0.205808,0.878537,,,0.0202412 0.00164081 0.00727957 0.00895753 0.0199084 0.0150677 0.00677626 0.00661756 -0.00509332 0.00664344 0.0276417 0.0179321 0.00121084 0.0158792 -0.00166393 0.0187129 0.0502979 0.0456113 0.605404 0.0201659 0.0306495 0.148098 -0.000723517 0.00121179 0.00600476 0.291545 -0.00876276 -0.0081702 -0.00586494 -0.0144006 0.0176902 -0.00251662 -0.0106675 0.0092598 0.00236373 -0.00320741 -0.00596066,800,0,cuda,31.67,32.7
test,1105,Egyptian_Mau_223,Egyptian_Mau,cat,correct,Egyptian_Mau,lime,11,0.62695,39,0.2444,0.622443,0.378044,0.124533,0.858145,0.031044,0.611332,,,-0.0209987 -0.0038489 0.000312821 0.00273504 -0.0154883 -0.017954 -0.00836335 0.231725 0.126715 -0.0410024 -0.00203807 0.00256335 -0.0231755 0.0934496 -0.0133033 -0.0180092 0.101996 0.0728293 0.00749117 0.241741 0.0323955 -0.0228916 -0.0176058 -0.0274893 -0.077491 0.0164391 0.00782776 -0.0136437 -0.0322208 -0.000235149 -0.0133061 0.0108189 -0.0144366 -0.00432598 0.00731573 -0.0221039 0.0249044 -0.0106257 0.00983223,800,0,cuda,40.36,42.84
test,846,boxer_64,boxer,dog,correct,boxer,lime,8,0.999792,32,0.847616,0.993942,0.146325,0.529331,0.938043,0.224854,0.500519,,,0.00397076 0.0161543 0.0128485 0.0185565 -0.00962253 0.0219029 0.0155508 -0.00790428 0.0113827 0.0193407 0.0250792 0.00112329 0.162003 0.00809566 0.160821 0.0313152 -0.0072055 0.0246936 0.0326733 0.0125413 -0.00885569 0.00142689 0.030869 0.0174941 0.0249237 -0.00575588 0.0133269 0.00491573 0.00133023 0.0103815 0.00392978 0.00115553,800,0,cuda,40.16,42.45
test,2465,pomeranian_86,pomeranian,dog,correct,pomeranian,lime,24,0.999808,29,0.928392,0.998191,0.069799,0.325458,0.807398,0.561464,0.671732,,,0.00722027 0.183853 0.12775 0.0464961 0.0169301 0.0493981 0.162374 0.0388348 0.331114 -0.000234834 0.0619201 0.0612989 0.00177728 0.316199 0.0546692 0.113048 0.0161901 0.10078 -0.0104182 0.0205525 0.00322216 0.00363998 0.0525094 -0.00471646 0.0172623 0.0139439 -0.00378823 0.0264836 0.00529496,800,0,cuda,27.87,29.73
test,2210,newfoundland_36,newfoundland,dog,correct,newfoundland,lime,22,0.999891,37,0.556441,0.954101,0.397659,0.362884,0.922929,0.32856,0.515524,,,-0.0129067 0.00135982 0.0142366 0.0034086 0.208138 0.0133234 0.00916927 0.00885057 0.0344 0.0439113 -0.0217265 0.0316653 0.0627943 0.0783853 -0.0115819 -0.0116811 0.100893 0.0293143 0.00970707 0.0167957 -0.01464 0.031326 0.0283765 0.0440439 0.109403 0.0513066 -0.00569604 0.00978765 0.00932686 0.0150699 0.0098308 -0.0216059 0.0825996 -0.00190925 -0.0015033 -0.0181389 -0.0123197,800,0,cuda,42.64,47.76
test,3259,Siamese_80,Siamese,cat,correct,Siamese,lime,32,0.999923,35,0.507952,0.793609,0.285657,0.330098,0.890861,0.624065,0.622183,,,0.0205466 0.0550369 0.0936192 0.0351197 0.0163732 -0.0219943 -0.015913 0.20629 0.0608386 0.0539189 0.0423387 -0.00119184 0.0577631 0.13876 0.143594 0.000650672 0.0330079 0.0732504 0.321686 -0.0108876 0.0442422 0.0376492 0.0410922 0.0386415 0.125931 0.0492791 0.0159427 0.0260568 0.000289334 0.0247189 0.0129117 0.0705548 -0.0193527 -0.00367271 0.00953775,800,0,cuda,41.09,49.07
test,1334,english_setter_57,english_setter,dog,correct,english_setter,lime,13,0.999765,43,0.606864,0.941032,0.334168,0.236031,0.837515,0.318211,0.678458,,,-0.0372721 0.0221433 -0.00156999 0.0031101 0.000222296 0.0514865 0.00885 -0.000536025 -0.00148165 0.0760548 0.329638 0.211285 0.00412896 0.201193 -0.00302892 0.127767 0.2448 0.0192477 0.0151366 0.149534 0.0344848 0.155113 -0.0457064 0.0100653 -0.0175242 0.00162944 0.00215702 -0.0230788 -0.0306585 -0.0238218 -0.0080923 0.0116085 -0.0129839 -0.0185533 -0.0270801 -0.00504499 -0.000608061 0.00771023 0.0356666 -0.00856819 -0.0167466 -0.0132399 -0.00992788,800,0,cuda,48.5,57.07
test,386,basset_hound_8,basset_hound,dog,correct,basset_hound,lime,4,0.850695,37,0.528599,0.987799,0.4592,0.060587,0.787308,0.333133,0.549194,,,0.0391972 0.140033 0.020222 0.0114332 0.00392403 0.0119353 0.0282109 0.180216 0.00781242 -0.0276976 -0.00828564 0.100162 0.0940407 0.0723234 -0.00578085 0.0282378 -0.00575603 0.0356674 0.0395894 0.00843843 0.0234951 -0.00889596 0.00818483 0.0190041 0.014244 0.0126267 0.0038631 0.00281177 -0.031036 -0.0097695 -0.00784889 0.0036507 0.00119478 0.018997 -0.0372499 -0.0178412 0.0118377,800,0,cuda,31.94,33.38
test,651,Birman_58,Birman,cat,correct,Birman,lime,6,0.928833,37,0.758211,0.989245,0.231034,0.184284,0.859914,0.128807,0.614151,,,0.000166625 -0.00448788 -0.108243 0.0619909 0.0185336 0.000496772 0.061195 0.173561 0.0358973 0.338256 0.103978 0.129654 -0.0206818 0.0261155 0.0795068 0.0031603 0.142421 0.052967 0.0159356 0.0249366 0.0682021 -0.0247304 0.0855161 0.000420079 0.015514 -0.00534683 0.00687394 -0.0459937 -0.0237988 -0.0244861 0.0203495 -0.0429087 -0.0469361 0.0294461 0.0189439 0.0100565 -0.0126344,800,0,cuda,20.39,23.67
test,3621,yorkshire_terrier_57,yorkshire_terrier,dog,correct,yorkshire_terrier,lime,36,0.999762,42,0.504046,0.679149,0.175103,0.426318,0.933034,0.257177,0.423403,,,0.026581 -0.00890455 -0.00779027 -0.00437558 0.00139982 0.00979552 0.000120263 -0.0204826 0.0407949 0.0020025 0.0222897 0.0116795 0.105684 -0.00247126 0.00710551 0.0159857 0.0184481 0.0285006 0.0943279 0.0387826 0.0760011 -0.0128145 0.0149627 0.0306341 0.00342254 0.00343448 0.0184179 0.000741171 0.11851 -0.00143553 0.01594 0.0107769 0.00594645 0.0105214 0.00911839 0.0183296 -0.00366484 -0.00886201 0.00675564 -0.0113084 -0.0160466 -0.00117905,800,0,cuda,33.35,35.74
test,2618,Ragdoll_35,Ragdoll,cat,wrong,Birman,lime,6,0.607384,39,0.622608,0.991072,0.368464,0.096646,0.849755,0.409449,0.586683,,,0.00873225 -0.011699 -0.0230201 0.00925253 -0.0534875 0.0183986 -0.043715 0.185245 0.0168113 0.0225559 0.220514 -0.038143 0.0276458 0.00392215 0.0377412 0.276076 0.0289841 0.154898 -0.00205349 0.0159126 -0.0176414 0.196911 0.00400423 -0.0181596 -0.0338294 0.0195139 -0.0174246 -0.0423291 0.0149657 0.0478771 0.0249279 0.0171462 0.0406602 0.0079604 0.0213719 -0.0109552 -0.012608 0.0183826 0.0213777,800,0,cuda,48.11,55.32
test,3175,shiba_inu_96,shiba_inu,dog,correct,shiba_inu,lime,31,0.999708,38,0.389967,0.978654,0.588687,0.164054,0.933716,0.540243,0.612561,,,0.0211419 0.0228702 0.0316376 0.0715435 0.00635288 0.0505831 0.0905781 0.0133483 0.0736628 0.366454 0.0405956 0.0770527 0.00289387 0.0395686 0.0281957 0.194075 0.0581927 0.028182 0.0227112 0.0879913 -0.0158888 0.165708 0.0988975 -0.00203454 -0.0086646 0.0219556 -0.0309868 0.00567036 0.0102829 -0.00711506 -0.0202255 -0.0228972 0.0591678 -0.00305439 0.00657249 -0.0101973 0.0134615 -0.00887767,800,0,cuda,52.45,58.45
test,2765,Russian_Blue_86,Russian_Blue,cat,correct,Russian_Blue,lime,27,0.992268,32,0.554329,0.995,0.440671,0.208396,0.899565,0.265638,0.837982,,,0.038058 0.00927986 0.00334279 0.00355022 0.0425025 0.00432577 0.0151344 -0.0151088 -0.0507174 0.0548617 -0.0131956 0.250483 0.101787 0.0137674 0.00506667 0.00827179 0.0050529 0.0485744 0.366887 0.124114 0.0270243 -0.00387181 -0.0229884 -0.011879 0.0178717 0.0492365 0.344131 0.0344059 -0.0148595 -0.000703459 0.0212975 0.054034,800,0,cuda,34.93,40.26
test,805,boxer_27,boxer,dog,correct,boxer,lime,8,0.989401,37,0.760682,0.993415,0.232733,0.37279,0.906733,0.457411,0.600469,,,0.038475 0.0129459 0.0401752 0.183032 0.0157254 0.0462693 -0.0344573 -0.00660714 0.0965066 0.0244012 0.0503507 0.0565029 0.25939 0.145664 -0.0047119 0.123256 -0.00285595 -0.00235322 0.0504938 0.0518913 -0.01677 0.0340275 0.0139661 0.0119653 0.0269781 0.0143719 0.00739989 0.0118408 -0.00816131 0.0241676 0.00899334 0.0211656 6.45432e-05 -0.00069491 -0.000378887 -0.0242247 0.00798503,800,0,cuda,56.62,58.12
test,2192,newfoundland_200,newfoundland,dog,correct,newfoundland,lime,22,0.946943,33,0.299127,0.6279,0.328773,0.114072,0.668615,0.063452,0.771683,,,-0.0107926 0.0314443 0.0126652 0.00374518 0.0454585 0.0564469 -0.0212986 -0.00788668 0.0143891 0.0374559 -0.0135166 0.0383749 -0.0104371 0.0237955 0.0143992 -0.00876496 -0.019251 -0.00465881 0.128954 0.0159342 0.318917 0.249799 0.113349 0.0449193 0.0021934 -0.00154794 0.0182694 0.00159995 0.00678134 0.0269613 0.0346533 0.021856 0.026002,800,0,cuda,37.4,41.53
test,366,basset_hound_71,basset_hound,dog,correct,basset_hound,lime,4,0.541702,35,0.447325,0.60556,0.158235,0.032534,0.653504,0.164708,0.437916,,,0.00722683 0.053213 -0.0074968 -0.00529487 -0.00573436 0.00494894 -0.0272488 0.00592441 0.0106555 0.0262203 0.00705942 -0.00431526 -0.00315254 0.198205 0.022582 0.00325609 0.0333549 -0.0296331 0.1288 0.00792318 -0.00822436 -0.0339602 0.0864595 0.0109273 0.00133648 -0.00554811 -0.00734864 -0.00426868 0.0223625 0.0121215 0.000153262 -0.00695913 0.00441015 0.0387443 -0.0014825,800,0,cuda,39.57,47.67
test,3648,yorkshire_terrier_81,yorkshire_terrier,dog,correct,yorkshire_terrier,lime,36,0.997926,40,0.384287,0.953587,0.5693,0.136628,0.941042,0.409977,0.705834,,,-0.000365648 0.00697229 -0.0626291 0.0256351 -0.00284967 0.0225764 0.0661338 0.176324 -0.00415375 -0.0161374 0.0427912 0.000870859 0.198432 -0.0290879 -0.0170269 0.247367 -0.00539635 -0.00251789 0.301385 0.00978764 0.0341095 -0.0156331 0.198358 0.00855897 -0.00920201 0.036823 -0.00151982 0.0675766 -0.0167827 0.020249 0.000685191 0.0208811 0.0591663 0.0815993 -0.022775 -0.0105975 -0.0272389 0.00348634 0.0192625 -0.0154673,800,0,cuda,40.54,45.52
test,2815,saint_bernard_40,saint_bernard,dog,correct,saint_bernard,lime,28,0.996303,42,0.627192,0.998877,0.371685,0.206491,0.92384,0.331044,0.515446,,,0.00301742 -0.0269834 -0.00874369 0.00885499 -0.00991105 -0.0131851 -0.016598 0.0818159 0.0412576 0.0368856 -0.00592533 0.0153271 0.0537062 -0.00277934 0.0643887 -0.00805973 0.0556751 0.0177097 0.00161931 0.191098 -0.0161107 0.0334876 0.047088 0.0352926 -0.0154954 0.0263812 0.0483279 -0.00658054 0.259477 -0.00976736 6.49231e-05 0.0301812 -0.0059347 0.0325619 -0.0106433 0.0187485 0.00752969 -0.025717 -0.000892997 0.0012763 0.0193579 0.0105617,800,0,cuda,23.98,26.33
test,3076,scottish_terrier_97,scottish_terrier,dog,correct,scottish_terrier,lime,30,0.999957,45,0.649015,0.791979,0.142963,0.437941,0.823998,0.474357,0.504624,,,0.001575 0.0380559 0.00794641 0.0819944 0.00854668 0.00240569 0.0411997 0.0169166 0.0553081 0.00831326 0.00183734 0.0700225 0.0179689 0.0536726 0.0560212 0.0123833 0.00651032 -0.00451155 0.0718519 0.0327367 0.0125311 0.135527 0.0454586 0.0779998 -0.00313629 0.0421775 0.018457 0.0280043 0.0023779 0.0033939 0.0227464 0.0369013 0.0078151 0.0123227 0.0391223 0.0192836 0.00513918 0.0169775 0.041347 -0.000746049 0.00983095 0.023513 0.0116248 -0.00471787 0.00588098,800,0,cuda,23.45,32.99
test,3253,Siamese_74,Siamese,cat,correct,Siamese,lime,32,0.997564,46,0.225526,0.389242,0.163715,0.066532,0.928581,0.258648,0.825483,,,0.00732008 0.280945 -0.0155946 0.0211252 0.000756474 0.0430021 0.00835659 0.124222 -0.00156081 0.000746716 0.21687 -0.0264085 0.0258194 -0.00911429 0.0896915 0.0110972 0.00497497 0.0258583 0.576669 0.0845313 0.0059276 0.0266899 0.0250899 -0.0202046 0.023381 0.00305997 -0.00405134 0.00488545 -0.0280987 0.0030287 0.00165777 -0.00753788 -0.00734641 0.0114662 -0.00488464 0.0208719 -0.0182077 0.0240456 -0.00691186 -0.0054277 0.0118573 -0.0106477 -0.00114225 -0.0104309 0.0245893 -0.00807632,800,0,cuda,32.34,35.35
test,1301,english_setter_27,english_setter,dog,correct,english_setter,lime,13,0.998178,41,0.526527,0.993606,0.467079,0.161089,0.869122,0.473363,0.63678,,,0.0120023 -0.00566263 0.00578526 0.00118211 -0.00329342 0.0220379 0.1696 0.00861593 0.0266808 0.0421707 0.172698 0.082041 0.0291778 0.184527 -0.00477586 -0.0207854 -0.00431759 0.202613 -0.0147451 0.0104183 0.240468 0.182032 0.0192946 0.274579 -0.0103239 0.0457346 -0.0435214 -0.0185537 0.114261 0.0697931 -0.0735588 0.0261176 -0.0530822 0.026099 0.0171243 0.0355367 0.0298674 0.0579202 0.0188291 0.00684152 0.000972094,800,0,cuda,27.28,29.93
test,3575,yorkshire_terrier_197,yorkshire_terrier,dog,correct,yorkshire_terrier,lime,36,0.984356,40,0.61643,0.996526,0.380095,0.218305,0.915604,0.279615,0.513535,,,-0.0179848 0.0178609 -0.0150557 -0.00243808 0.00315002 0.00324155 0.030973 0.0169724 0.0165172 0.012582 0.136065 0.0535051 0.0499546 -0.00124383 0.19527 0.0426383 0.0419668 0.0077324 -0.00738464 0.0349585 0.0619478 0.141586 0.030993 -0.00494024 0.0472665 -0.00337691 0.00474271 0.00624425 0.0110493 0.00823361 -0.00946453 -0.0473016 -0.0157206 0.00872777 -0.0051819 0.0122523 -0.0243758 -0.00722744 0.00420861 -0.0165752,800,0,cuda,47.26,55.88
test,1794,keeshond_20,keeshond,dog,correct,keeshond,lime,18,0.998228,39,0.303352,0.667071,0.363719,0.079216,0.915847,0.170408,0.851418,,,0.00520815 0.0269215 0.0139523 -0.0170316 0.013034 -0.0261973 -7.47657e-05 -0.00837154 -0.0021399 0.0148793 -0.0113686 -0.0069885 0.00525413 0.0361437 -0.0202012 -0.0136955 -0.00901259 0.0180328 0.0442299 -0.0285255 0.636755 0.00596375 -0.0224499 0.0952251 -0.0394534 -0.0192917 0.056362 0.126544 -0.0160497 0.0105332 0.0160459 -0.0069375 0.0048858 0.26954 -0.0148479 0.0230471 0.00760683 0.0559738 -0.0130946,800,0,cuda,41.77,53.1
test,2510,pug_35,pug,dog,correct,pug,lime,25,0.914062,44,0.276228,0.53575,0.259522,0.025297,0.808767,0.579762,0.495033,,,0.115569 0.0485269 0.00616512 -0.0132353 -0.00312553 0.0116963 -0.00746336 0.151622 -0.0106886 0.115652 0.0260187 -0.00774759 0.039465 -0.00274702 0.00555828 -0.00212609 -0.00302285 0.00319652 -0.000881505 -0.00369195 -0.0103985 0.011181 -0.00627136 0.00146094 0.00631821 0.0119107 0.00968015 0.00627558 -0.000145619 0.00452463 -0.00436944 -0.000147647 0.00425825 0.00227154 -0.0023204 0.00222926 0.0112849 -0.00611003 0.00722191 0.00124739 0.00764204 -0.00619468 0.00558899 -0.0171706,800,0,cuda,23.13,26.76
test,2549,pug_70,pug,dog,correct,pug,lime,25,0.999549,43,0.387855,0.852419,0.464564,0.070945,0.96879,0.180936,0.845006,,,0.0157862 0.00860687 0.0136458 0.00566508 -0.00246064 0.0114308 0.0054768 -0.0114543 0.0719179 0.00174173 0.0276078 0.0103504 -0.000332422 0.0262469 0.319652 0.638156 0.00976679 0.0485065 0.0547279 0.00364351 0.0686034 0.04551 0.0206239 0.00959208 0.140074 0.0229347 0.0488787 -0.00488625 0.000462567 -0.0205176 -0.0101399 -0.000201668 0.028803 -0.0329477 0.0123803 -0.00262159 -0.00911684 -0.0193124 0.00288761 -0.00599508 -0.0105225 -0.0107843 0.0140365,800,0,cuda,58.23,62.51
test,1411,german_shorthaired_36,german_shorthaired,dog,correct,german_shorthaired,lime,14,0.999973,41,0.384367,0.959101,0.574734,0.230562,0.95847,0.278244,0.422316,,,0.00246255 -0.00300346 -0.00119617 -0.00270671 -0.0282963 -0.0139275 -0.0194029 0.00910984 0.00750554 0.00114036 -0.000792017 0.179679 0.0156164 -0.00516359 0.0104955 0.0438693 0.00733676 0.00220387 0.0253198 -0.00954843 0.048977 0.160675 -0.0157611 0.0029882 -0.00166793 0.0660537 0.00648073 0.0116918 0.0672402 -0.00975578 0.116316 0.000579912 0.0125222 0.0124882 0.00877323 0.0253448 0.0258964 0.0229059 0.00129654 -0.00477083 -0.0082233,800,0,cuda,33.88,34.68
test,3432,staffordshire_bull_terrier_67,staffordshire_bull_terrier,dog,correct,staffordshire_bull_terrier,lime,34,0.975964,37,0.515645,0.996348,0.480703,0.243598,0.743227,0.69007,0.714156,,,0.0632942 0.0612274 -0.00228863 0.0271603 0.0324633 -0.0114118 -0.0187019 0.066818 0.0801651 -0.0336216 0.111369 0.0444828 0.0781196 0.0245015 0.219721 0.118334 0.00501696 0.111819 0.0466331 0.0830632 0.0648251 0.0257353 -0.0103619 0.291974 0.165392 0.00338756 0.0770262 0.0637424 0.0350998 0.0633227 0.185712 -0.0123871 0.106466 -0.00910868 0.129036 0.0855235 0.0249703,800,0,cuda,37.8,41.71
test,3639,yorkshire_terrier_73,yorkshire_terrier,dog,correct,yorkshire_terrier,lime,36,0.997957,40,0.713807,0.960009,0.246202,0.285549,0.910357,0.359053,0.647458,,,-0.0106675 0.00124956 -0.0060406 -0.0187247 -0.00435096 0.0112174 0.00263788 0.0102307 0.0446736 -0.00273113 0.0103195 0.0308678 0.298927 0.0145276 0.0204933 0.362378 0.081005 0.0235916 0.0139512 0.0905943 0.0470448 0.00307367 0.0385871 0.103149 -0.0151442 0.0334584 0.0599693 -0.0393971 0.0238097 -0.00122176 -0.0194155 0.0122317 -0.00976617 0.019893 0.00918841 0.0217751 -0.0197519 0.00629 -0.0076494 -0.00409405,800,0,cuda,44.24,45.68
test,3634,yorkshire_terrier_69,yorkshire_terrier,dog,correct,yorkshire_terrier,lime,36,0.99966,45,0.714126,0.992849,0.278723,0.463063,0.949056,0.161703,0.345406,,,0.0260271 7.18122e-05 0.00970164 0.00270321 -0.00117312 0.0330446 0.00576367 0.00105087 -0.00354727 0.00386766 0.014992 0.0235055 0.0328249 0.010774 0.0161894 0.0111922 0.0260881 0.00998422 0.00531007 0.0583877 0.0295748 0.0104919 0.0161019 0.00839025 0.0202545 -0.00201707 -0.00231222 0.00327991 0.0116174 0.0197993 -0.0049136 0.00341196 0.00897273 0.00200223 0.00566268 0.00310284 0.00581872 -0.00631274 0.00214281 0.00355092 -0.00630235 -0.00181172 -0.0017042 0.00219784 -0.00788051,800,0,cuda,41.87,47.18
test,1263,english_cocker_spaniel_83,english_cocker_spaniel,dog,correct,english_cocker_spaniel,lime,12,0.921808,43,0.34381,0.985628,0.641819,0.044448,0.860317,0.37168,0.470651,,,-0.00665156 0.00529298 -0.000146526 0.0279413 -0.000411412 -0.0122865 0.0176388 0.0150391 0.0148838 0.0157719 0.00575955 -0.00433655 0.00059774 0.00434836 -0.0122327 0.00359445 0.00503982 -0.00505212 0.0132161 0.096658 0.00152374 -0.0267937 0.0826232 0.112226 0.00654088 0.0025741 0.000665108 0.143249 0.155848 -0.00161022 -0.000367508 0.038567 -0.00709341 -0.000304984 -0.0113592 0.0537947 0.00304067 0.037965 1.33815e-05 0.0815504 0.0149543 0.0148938 0.00528658,800,0,cuda,30.83,36.61
test,2794,saint_bernard_21,saint_bernard,dog,correct,saint_bernard,lime,28,0.994137,38,0.16484,0.940338,0.775499,0.131553,0.939603,0.282618,0.758439,,,0.193096 0.330108 -0.0189959 0.0013766 0.0907421 -0.0013085 0.21187 -0.00357141 -0.0770754 0.36922 0.00757381 0.0765114 0.0688455 0.0849951 -0.00993003 0.0763829 0.0265322 0.0665552 0.00605354 -0.00281193 -0.0107161 0.0340474 0.00845554 -0.0091826 -0.004961 -0.0235786 -0.0238775 -0.00588709 -0.00485695 0.000807973 0.00242967 -0.0348125 -0.033505 -0.010259 0.00437597 -0.0034113 -0.0399834 -0.0155227,800,0,cuda,58.35,62.85
test,458,beagle_64,beagle,dog,correct,beagle,lime,4,0.997119,34,0.29548,0.34066,0.04518,0.201086,0.959026,0.100428,0.954774,,,0.00085114 0.809737 0.00999964 -0.0025574 0.054264 0.0691077 0.0201917 0.0114569 0.0470852 0.000693855 0.00108466 0.0224559 0.0315318 0.0294323 0.0128131 0.0212938 -0.0160299 0.0334979 0.0342898 0.00144198 0.0138863 -0.00655198 -0.00881133 -0.00822022 -0.000371604 0.00515611 -0.00853644 -0.0036621 -0.0111852 -0.0158703 3.47442e-06 -0.000314804 -0.00898228 0.00950099,800,0,cuda,29.42,30.18
test,1657,havanese_78,havanese,dog,correct,havanese,lime,16,0.998281,29,0.566924,0.984617,0.417692,0.132957,0.8212,0.333348,0.824101,,,0.0215228 0.0587449 0.0687266 0.0112781 0.0767322 0.0356986 0.00864515 0.0203625 0.602438 0.196872 0.0117515 0.0158369 0.00359605 -0.0161411 0.0204175 0.0164398 0.180815 0.251743 0.0139096 0.0196606 0.00410759 -0.00489407 0.0136088 -0.0211221 0.00361512 0.0214287 -0.0118419 -0.0165103 0.00174694,800,0,cuda,32.44,33.05
test,2697,Russian_Blue_221,Russian_Blue,cat,wrong,Bombay,lime,7,0.999283,33,0.266123,0.816463,0.55034,0.129936,0.927267,0.175932,0.841918,,,0.0140557 0.012431 -0.0119965 -0.0149524 -0.0541872 0.0128004 0.058648 -0.00112418 -0.0331986 -0.00309506 -0.019915 0.256823 0.0455921 -0.00295204 -0.00430422 0.0253804 0.012464 0.397568 0.216951 -0.00762626 0.181346 0.0261439 0.0353316 0.016875 0.0207833 0.000970247 -0.00187725 -0.0456516 -0.014902 -0.00396221 -0.0438473 0.0194073 0.00131747,800,0,cuda,5.41,6.23
test,1211,english_cocker_spaniel_36,english_cocker_spaniel,dog,correct,english_cocker_spaniel,lime,12,0.985525,35,0.341757,0.578079,0.236322,0.068847,0.808952,0.090641,0.671375,,,0.00755229 0.0538373 0.0125183 0.0301579 0.0077664 -0.00917514 0.286808 0.122247 0.0021318 0.0717436 0.29957 0.108877 0.065508 0.151254 -0.0105812 0.0459546 0.00343941 0.0887041 -0.000880662 -0.00356454 0.0165683 0.0540626 0.00507746 0.0166271 0.00349967 -0.00771562 -0.00735162 -0.00557882 -0.00406735 0.0138728 -0.00496998 0.000766019 -0.019669 0.0116212 0.00349654,800,0,cuda,45.47,49.45
test,1012,chihuahua_34,chihuahua,dog,correct,chihuahua,lime,10,0.998667,47,0.160555,0.401943,0.241388,0.040908,0.907203,0.087602,0.727405,,,0.0014726 0.0129069 0.0272414 0.0769094 -0.00619411 0.0159962 -0.00197048 0.0121592 -0.0186556 -0.0022444 -0.0025907 0.540153 -0.0415071 0.0745003 0.0175456 0.0255955 0.236111 0.0316807 -0.0043703 -0.00697799 -0.00368732 0.0116094 -0.0141855 0.265554 -0.0236016 -0.000856895 0.0155474 0.039885 0.0138998 0.0318899 -0.0143593 0.0498374 -0.016344 -0.00707767 -0.00192211 -0.00779778 -0.0331706 0.0171582 -0.0214908 -0.0119501 -0.0337799 -0.0235874 0.024811 0.000645564 -0.0102574 0.014076 0.0239205,800,0,cuda,56.15,56.78
test,2044,Maine_Coon_60,Maine_Coon,cat,correct,Maine_Coon,lime,20,0.977791,33,0.539182,0.843586,0.304404,0.101513,0.938057,0.158609,0.743109,,,-0.0169639 -0.0125267 -0.0118698 -0.0708367 0.0464402 0.135214 -0.0052912 0.381167 0.0177619 0.0467888 0.296421 0.0731981 0.162367 0.00923111 0.00621764 0.110902 0.131393 0.037027 0.0118171 0.0143585 0.0207305 -0.0376033 -0.0228329 0.00533614 0.0204111 0.00769183 -0.0258322 0.00400988 0.0137128 0.0343149 0.0360481 0.00692134 0.000340394,800,0,cuda,71.37,77.62
test,1240,english_cocker_spaniel_62,english_cocker_spaniel,dog,correct,english_cocker_spaniel,lime,12,0.999998,39,0.788504,0.711807,-0.076698,0.399895,0.789981,0.61373,0.633966,,,-0.0121363 0.0417758 0.0149389 0.240361 -0.00984626 0.0963821 0.0287497 0.0343678 -0.00413607 0.00895036 0.0196036 0.143286 0.155185 0.207558 0.010525 0.0684951 0.109569 0.00948229 0.0813034 0.0381209 -0.0112248 0.202247 0.0251154 0.0390197 0.0382109 -1.59335e-05 0.0936034 0.0169169 -0.00992739 0.0165954 0.0248146 -0.00201899 -0.00181635 0.000390384 0.0100681 0.0346316 -0.00239458 0.0174075 -0.00720446,800,0,cuda,52.49,54.57
test,2441,pomeranian_64,pomeranian,dog,correct,pomeranian,lime,24,0.993069,39,0.359913,0.951585,0.591672,0.063564,0.950938,0.167241,0.80596,,,0.0120649 -0.000342457 0.0102394 -0.00579201 -0.00480405 -0.000421258 0.0110455 0.00105309 0.0178216 0.00465825 0.014846 0.00961635 -0.0282883 0.00229118 -0.0193109 0.00492409 -0.0116225 0.272533 0.682884 0.00174131 0.0111537 0.00496263 0.0190648 -0.00768267 0.0242782 0.00289487 0.0297809 -0.0183566 0.275588 -0.00154019 -0.0304454 0.0252529 0.108623 0.00311987 0.0303235 0.0179016 0.0058357 -0.016356 -0.0170112,800,0,cuda,45.29,54.78
test,3363,Sphynx_83,Sphynx,cat,correct,Sphynx,lime,33,0.99999,34,0.297333,0.918515,0.621181,0.3176,0.859876,0.468914,0.711908,,,0.0754262 -0.00220702 0.0250442 0.0149332 0.0775158 -0.000669057 0.148762 0.119773 0.058276 0.00122923 0.025581 -7.1416e-05 0.0451208 -0.00537133 0.00565923 0.244269 0.0141408 -0.00485969 0.202069 0.0629281 0.0362752 -0.011297 0.0147269 -0.00154294 0.0488391 0.0474444 0.0432012 0.0195391 0.0215702 0.00425208 -0.0167539 0.0677664 0.0307508 0.000501345,800,0,cuda,34.73,48.49
test,2842,saint_bernard_65,saint_bernard,dog,correct,saint_bernard,lime,28,0.998933,39,0.263393,0.983206,0.719813,0.175232,0.94105,0.445224,0.656405,,,0.00558354 -0.0099472 0.0435493 0.0573948 0.0403496 0.338277 0.220809 0.00125675 0.00219589 0.0398192 -0.0268534 -0.0177477 0.0554886 0.0095427 0.145919 -0.000867427 0.33853 0.00730989 -0.00165139 -0.00371323 -0.00475378 -0.00562089 -0.0109494 -0.00248415 0.133714 0.0103079 0.0277817 0.0131444 -0.0184333 0.0145838 -0.00204469 -0.014327 -0.014314 0.013237 0.0194765 0.0445475 0.0180335 0.0111201 -0.00972664,800,0,cuda,27.63,35.63
test,1030,chihuahua_50,chihuahua,dog,correct,chihuahua,lime,10,0.999627,47,0.395867,0.967925,0.572058,0.045309,0.942944,0.192972,0.736737,,,0.00212171 0.0130417 -0.0283241 0.0165765 0.0161388 -0.0150841 -0.0298943 -0.0128102 -0.0184496 0.0023139 -0.0192468 0.0176427 0.0355829 0.0581818 -0.00710947 -0.00906347 -0.00574636 -0.0110214 -0.01115 0.0271981 0.0183871 -0.0253807 0.0151594 0.00184886 0.0208728 0.0501927 -0.0213454 0.00893771 0.117193 0.0438495 0.0309591 -0.0548333 0.00339457 0.30506 0.34728 0.00981651 0.0321178 -0.0160126 -0.00170598 0.34834 -0.0195877 0.00313732 0.136911 0.00175102 0.0343549 -0.0146797 0.197559,800,0,cuda,39.17,47.47
test,3199,Siamese_240,Siamese,cat,wrong,Birman,lime,6,0.948739,40,0.765784,0.989238,0.223454,0.157754,0.835819,0.279118,0.781747,,,0.0502208 0.0822526 0.0637396 0.0110303 0.0271171 0.024111 0.00258252 0.0888663 0.219783 0.0779819 0.00835687 0.00185876 0.0195018 0.402026 0.0578448 -0.00345435 -0.0487062 0.183154 0.0609123 -0.00551531 -0.0489364 0.25214 0.0492864 0.0109041 -0.0120285 0.0852918 0.0405029 0.0218511 -0.0193563 -0.0288744 -0.00210282 -0.0129786 0.0119778 0.0548974 -0.00639836 -0.00404078 -0.0132175 0.0272525 0.011629 -0.00227076,800,0,cuda,45.41,50.93
test,2864,saint_bernard_85,saint_bernard,dog,correct,saint_bernard,lime,28,0.913571,37,0.662309,0.99422,0.331911,0.048321,0.771382,0.627149,0.348974,,,0.0108297 0.0247944 -0.00142831 0.00481528 -0.00520249 0.0330803 0.00144039 -0.00207904 0.0386446 0.00857666 0.0852672 -0.00636563 0.0290435 0.0418649 0.0635049 0.0032522 0.0100622 0.0108795 0.0336712 -0.0109918 -8.14223e-05 0.0055277 0.0466405 0.0192269 -0.00804641 -0.00649541 -0.0351569 -0.00444004 0.00637347 0.000767487 0.000914158 0.00646331 0.0036876 0.0122803 0.000111935 0.00805873 0.00870102,800,0,cuda,46.56,52.58
test,87,Abyssinian_90,Abyssinian,cat,correct,Abyssinian,lime,0,0.598678,35,0.853954,0.860641,0.006687,0.076102,0.857327,0.287372,0.617162,,,0.016305 0.0205275 0.0340677 0.00337336 0.0268892 0.00156546 0.0657986 0.019327 0.0284516 0.0203872 0.101041 0.0120845 0.0105062 -0.0732738 -0.0599886 0.188201 -0.0244206 0.0195609 0.0173042 0.000298965 -0.016495 0.0319317 0.0826599 0.0251775 -0.025983 -0.021659 0.0310401 0.0166313 -0.118544 -0.000834094 -0.283233 -0.0390112 -0.0235568 -0.0151381 -0.0318901,800,0,cuda,49.11,64.86
test,3222,Siamese_42,Siamese,cat,correct,Siamese,lime,32,0.998858,32,0.627651,0.86101,0.233359,0.220078,0.714932,0.46904,0.690426,,,-0.0110481 -0.0085877 0.00503043 0.0112398 0.153954 0.0393956 0.22474 0.185103 0.121111 -0.0122625 0.155522 0.0516527 0.0271118 0.0198949 0.237833 0.0525548 0.0595652 0.0836757 -0.000807496 0.197208 -0.0157983 0.0572688 -0.0143596 0.1544 0.00672489 -0.0164134 -0.0195692 -0.0264542 0.0238543 -0.00606492 -0.0299511 0.00512322,800,0,cuda,46.06,52.49
test,1569,great_pyrenees_89,great_pyrenees,dog,correct,great_pyrenees,lime,15,0.991121,38,0.399932,0.803909,0.403976,0.171962,0.88306,0.085397,0.709055,,,0.00379301 -0.0456218 0.144469 -0.00820511 0.0132771 0.0164081 0.205513 0.0279759 0.00493632 0.0238367 -0.00375354 7.04383e-05 0.237939 0.00561813 -0.0190228 0.185066 0.08303 0.016635 -0.0310944 0.0523213 -0.0364152 0.158211 0.00919892 0.0593576 0.0277626 0.0141746 0.0141821 -0.0115228 -0.000486973 0.00274626 -0.0230177 0.075094 0.00952992 -0.000631524 0.00859969 0.00751332 0.0269281 -0.00135454,800,0,cuda,64.6,76.31
test,1191,english_cocker_spaniel_19,english_cocker_spaniel,dog,correct,english_cocker_spaniel,lime,12,0.999969,38,0.591159,0.987631,0.396472,0.138343,0.888273,0.489866,0.810724,,,0.0542849 0.292562 0.0633264 0.0351992 0.0171783 -0.00438827 0.0548043 0.0309241 0.133409 0.0543371 -0.00994681 0.151665 -0.0137573 0.0743603 0.0246158 0.0064553 0.575418 -0.00904382 0.014692 0.111801 0.0195267 0.0100527 0.0931085 0.0670514 0.0287093 0.0131553 0.00249359 -0.00227049 0.004531 0.00275718 0.0256975 -0.00141314 -0.0148014 -0.0137978 0.0198369 0.0109248 0.0200221 -0.008572,800,0,cuda,40.56,46.27
test,1512,great_pyrenees_37,great_pyrenees,dog,correct,great_pyrenees,lime,15,0.959983,34,0.273278,0.885622,0.612344,0.191505,0.897026,0.365698,0.792406,,,-0.0105931 -0.0108177 -0.00877301 -0.01635 -0.0299841 0.0409673 0.00753312 0.00130191 0.0259124 -0.000298068 0.0179121 0.012573 0.0715796 0.133674 0.0727283 0.112417 0.0041853 0.0517099 0.0468265 0.00770322 0.110472 0.00539308 0.459006 0.0227567 0.0111347 0.176605 0.00701039 0.0267881 0.0150283 0.0232535 -0.00604837 -0.018115 0.0251683 0.0690417,800,0,cuda,36.42,41.66
test,1709,japanese_chin_34,japanese_chin,dog,correct,japanese_chin,lime,17,0.998707,29,0.425961,0.828023,0.402062,0.200571,0.90446,0.279539,0.611226,,,0.0200843 -0.00901301 0.00309952 -0.0309645 -0.00277903 0.00448513 -0.0124116 -0.00600248 0.00869844 0.0193483 0.0144529 0.138533 0.00943664 0.0149785 -0.00236947 -0.0209383 0.329472 0.159905 -0.000981368 0.0249146 -0.0122709 0.0086461 0.015636 0.0431478 0.294193 -0.00738404 0.00923484 -0.00645353 0.0105622,800,0,cuda,44.42,55.41
test,2319,Persian_38,Persian,cat,correct,Persian,lime,23,0.912916,30,0.384188,0.912167,0.527979,0.058372,0.886303,0.129636,0.833775,,,-0.0103118 0.0114586 -0.0344772 -0.00938855 0.00197082 -0.0179601 0.507664 0.0796896 0.0158582 0.0224268 0.255093 0.000125682 -0.0121416 -0.0150355 0.323364 -0.0219101 -0.000883475 -0.00017769 0.0861004 -0.0290553 0.104531 0.00314543 -0.0159775 -0.0192167 -0.000708491 0.041011 0.0103113 -0.0043774 0.00923813 -0.00768249,800,0,cuda,60.56,61.21
test,354,basset_hound_60,basset_hound,dog,correct,basset_hound,lime,3,0.995566,35,0.230927,0.796681,0.565754,0.077197,0.940566,0.042882,0.801461,,,-0.0113246 0.00365093 -0.0194344 0.00223308 0.015459 -0.00418538 0.00761589 0.0230715 -0.0193467 -0.00349346 0.0180614 -0.0098069 -0.0181534 0.132022 -0.00993913 0.00308384 0.0238656 0.537334 -0.00337241 0.0229774 -0.00840578 0.022118 0.294971 -0.00648456 0.0091434 0.0334516 0.0210786 -0.00388929 0.0134162 0.0249476 0.124683 -0.0399834 0.0108487 0.0436233 0.0122716,800,0,cuda,32.67,35.73
test,1018,chihuahua_3,chihuahua,dog,wrong,staffordshire_bull_terrier,lime,34,0.56122,33,0.314513,0.57659,0.262077,0.018297,0.533249,0.272779,0.487399,,,0.0292973 -0.00525719 0.00465105 0.010427 -0.000973218 -0.00357701 0.00137416 -0.00425891 -0.0101907 -0.0252027 0.0555182 0.00316925 0.0699778 -0.00557692 0.00304251 0.00274411 0.0823866 0.0232473 -0.00765955 0.0460705 0.0247865 0.00631494 0.0777631 0.0110571 0.0114981 0.0178695 -0.000452627 0.0156087 0.02127 -0.00210149 0.0117658 0.00216444 0.00918334,800,0,cuda,52.41,61.35
test,1620,havanese_44,havanese,dog,correct,havanese,lime,16,0.991878,32,0.608837,0.801791,0.192954,0.181201,0.768235,0.182636,0.742471,,,0.10339 0.074527 -0.0113751 0.0105505 0.278598 -0.00326739 -0.0112387 0.0738907 0.0168816 0.145484 0.407619 -0.00230912 0.0260477 0.0410889 0.0412199 0.0488004 0.031858 0.0338266 -0.00080864 0.113957 -0.0156551 0.043788 0.0381515 0.0098368 -0.0122942 0.0621228 0.0212318 0.0196257 0.0283069 0.0174663 0.0259503 -0.00404465,800,0,cuda,56.33,61.61
test,2184,newfoundland_194,newfoundland,dog,correct,newfoundland,lime,22,0.999909,44,0.471201,0.900309,0.429108,0.363147,0.908868,0.489591,0.630567,,,0.0465074 0.263249 0.0117164 0.0131854 0.0740364 0.0923748 0.0489717 0.112715 0.0757063 0.109386 0.105573 0.0115311 0.0889221 -0.00110812 -0.0173543 0.0387637 0.0124378 -0.00339059 -0.0233266 0.00614676 0.0289961 0.0182679 0.0325708 0.0494189 0.0157635 0.0119312 -0.0100438 0.0022054 0.0137733 0.0292182 0.012654 -0.0171126 0.0305767 0.0612522 0.00855791 0.00600558 -0.0188069 -0.0026902 0.0200537 -0.00122355 -0.0260081 0.0129418 0.0166829 0.00272619,800,0,cuda,43.19,49.06
test,3451,staffordshire_bull_terrier_84,staffordshire_bull_terrier,dog,correct,staffordshire_bull_terrier,lime,34,0.948697,43,0.420121,0.972912,0.552791,0.266902,0.807633,0.528483,0.68865,,,0.0509009 0.00215292 0.0156997 -0.0110186 -0.000799066 0.0285719 0.0456618 0.0129475 0.185134 0.145589 0.0367657 -0.0171732 0.0743932 0.0499751 0.00492797 0.0775013 0.0275888 0.212561 0.035347 -0.00986249 0.0189076 0.0751135 0.0629796 0.0170579 0.0061543 0.0318471 0.0345591 0.018267 0.0359779 0.0437538 0.0148604 -0.0117308 0.020415 0.0221419 0.0244508 0.0102683 0.0100474 0.00812486 0.0454027 0.0300788 0.0348877 -0.00171754 0.0182819,800,0,cuda,44.7,47.14
test,2039,Maine_Coon_55,Maine_Coon,cat,correct,Maine_Coon,lime,20,0.999238,36,0.88628,1.0,0.11372,0.348771,0.85033,0.315719,0.603212,,,-0.0110308 -0.0127901 -0.00534448 0.00886427 -0.0210315 0.0723936 -0.0357038 0.0264617 0.0189406 -0.00580735 -0.00168057 0.025999 -0.012403 0.0432469 0.0103329 0.029632 -0.0161088 0.0625172 0.0496294 0.0148072 0.0389731 0.0268336 0.0152525 0.0260548 -0.0283217 0.120398 0.0748245 0.082152 0.0268784 0.0915715 0.0963787 0.0367588 0.0171091 0.0946502 0.0190621 0.0218842,800,0,cuda,59.11,60.95
test,876,boxer_92,boxer,dog,correct,boxer,lime,8,0.997228,40,0.796696,0.999236,0.20254,0.303058,0.910033,0.353959,0.624008,,,0.0438249 0.0147247 0.0530322 0.0256513 0.022813 0.175012 0.000828426 0.0358248 0.000197765 0.118928 -0.0013969 -0.0314571 -0.00489842 -0.0136567 -0.0189459 0.0302668 -0.0115177 0.0108556 0.046262 0.079852 0.225755 0.00646706 0.0575056 0.0136588 0.0209044 0.0495164 0.0433458 0.0577763 0.0420786 -0.00407677 0.0264767 -0.0317891 0.0203898 0.0192492 0.0096872 0.00651022 -0.00168451 0.0280971 0.0414692 -0.0039134,800,0,cuda,20.04,31.22
test,444,beagle_51,beagle,dog,correct,beagle,lime,4,0.998955,37,0.495735,0.987542,0.491807,0.103909,0.943497,0.073687,0.823201,,,-0.016634 -0.0137301 0.00841358 -0.00590622 0.00466348 0.0086655 0.00316612 0.0188767 0.129868 -0.0171342 0.0167717 0.0700264 0.0179084 -0.0130737 0.163608 -0.0120556 0.00922737 0.743985 0.0252352 0.0195609 -0.0088867 0.00320798 -0.00100947 0.0607419 -0.0121513 0.0281521 0.00702567 -0.0121259 -0.000181318 -0.0226144 -0.00103967 -0.017812 -0.0171283 -0.0115234 0.0460624 -0.0108345 -0.000871108,800,0,cuda,64.7,71.39
test,161,american_bulldog_66,american_bulldog,dog,correct,american_bulldog,lime,1,0.999975,32,0.556182,0.979746,0.423564,0.226586,0.89466,0.507104,0.713773,,,0.0481659 0.0152717 0.123886 0.0161843 0.309818 0.0117864 0.0909038 0.00375931 -0.00658216 0.0816922 -0.0407537 0.00450185 0.333698 0.19897 -0.00382506 -0.006291 0.0199422 0.0295376 0.0192845 0.0519832 0.0523839 -0.00106001 0.0421513 -0.0348331 0.107057 -0.00560701 0.0375474 0.0467156 -0.00533683 0.0351512 0.00769971 0.0161421,800,0,cuda,57.63,63.63
test,2369,Persian_87,Persian,cat,correct,Persian,lime,23,0.999812,34,0.793128,0.960263,0.167135,0.30292,0.956464,0.383262,0.637908,,,0.0802537 0.0280102 0.143014 0.117907 0.0297721 0.133022 0.367405 0.0284687 -0.00187463 0.21739 0.0465332 0.0147243 -0.0110167 0.0192387 -0.0247712 -0.00367562 0.0425508 -0.00841117 0.0206257 -0.00883979 -0.0140754 0.011623 -0.00751053 -0.0137423 0.00648551 -0.0284777 -0.017389 -0.00513796 -0.00249457 0.017819 0.0159472 0.00242188 -0.00701914 -0.0213364,800,0,cuda,26.19,32.81
test,249,american_pit_bull_terrier_54,american_pit_bull_terrier,dog,wrong,staffordshire_bull_terrier,lime,34,0.39263,31,0.316346,0.523247,0.206901,0.021257,0.420786,0.205837,0.510364,,,0.00606998 -0.00141964 0.0109798 0.00599519 -0.0319387 -0.0147243 -0.00232584 -0.000502891 0.00454459 0.0213438 0.0156219 0.0810312 0.0222446 0.0066883 -0.00672493 0.08152 0.00347579 0.0228186 0.0193778 0.0105532 -0.00551727 0.006531 0.0124994 0.0117644 -0.0121636 0.00954505 -0.00768693 0.00303413 -0.000429809 0.00431488 -0.0015809,800,0,cuda,54.54,55.13
test,3176,shiba_inu_97,shiba_inu,dog,correct,shiba_inu,lime,31,0.995598,36,0.25562,0.980298,0.724677,0.152897,0.909023,0.18588,0.756978,,,0.0126479 0.0189069 0.0174012 0.0282189 -0.0211395 0.0237207 0.0536351 0.010848 -0.0292953 -0.0295526 0.0301917 -0.00582326 0.00243679 -0.0309734 0.171736 0.480524 0.0182405 -0.0181968 -0.0254371 0.0663485 -0.0201883 0.0251204 -0.00403971 0.212155 -0.0260722 0.103122 0.264393 -0.0188023 -0.00367738 0.0592826 0.0454026 0.0137113 -0.02059 0.0678563 0.0135863 0.103013,800,0,cuda,55.61,68.01
test,980,British_Shorthair_96,British_Shorthair,cat,correct,British_Shorthair,lime,9,0.993347,26,0.233319,0.509811,0.276492,0.101636,0.777457,0.112548,0.680649,,,0.0346274 0.0119994 0.0127866 0.158865 0.0490453 0.0108364 0.0787665 0.00648059 0.0522967 0.0111107 -0.00262948 0.243018 0.174162 0.0120306 0.0579642 0.0395719 0.336043 0.0205629 -0.0134774 -0.00891909 0.082924 -0.0669622 0.00550597 0.00862772 -0.0519739 -0.00748964,800,0,cuda,51.96,56.78
test,884,boxer_9,boxer,dog,correct,boxer,lime,8,0.98896,35,0.769631,0.99169,0.222059,0.241705,0.938197,0.273212,0.437684,,,0.0434844 0.045018 0.0176955 -0.00336674 0.0628864 0.00901824 0.0661739 0.00595959 0.100317 0.0597464 -0.00735508 -0.0133872 0.106585 0.00179556 0.0833666 0.0256807 0.0284561 0.0740726 0.00360053 -0.00209905 -0.0174883 -0.0193815 0.0246109 -0.00748378 -0.0191582 -0.023864 0.00774505 0.00263691 0.0223554 0.00929895 -0.00978859 -0.0013515 0.00168887 -0.00718742 0.0441214,800,0,cuda,51.78,58.67
test,3327,Sphynx_3,Sphynx,cat,correct,Sphynx,lime,33,0.997404,23,0.28687,0.607642,0.320772,0.182921,0.823061,0.354868,0.867841,,,0.0551921 0.0799572 -0.00329537 -0.0133349 0.0972204 0.0279066 0.277369 0.0088051 0.538293 0.110755 0.0827263 0.152758 0.00199453 0.066884 -0.0202316 0.0527316 -0.00343938 0.00841517 0.015091 0.029759 -0.00115617 0.0580357 0.0085822,800,0,cuda,42.63,45.64
test,2249,newfoundland_71,newfoundland,dog,correct,newfoundland,lime,22,0.999752,32,0.316028,0.730147,0.414119,0.336782,0.877551,0.293335,0.526232,,,-0.00785804 0.028412 -0.00571948 9.9494e-06 -0.00574627 -0.0108692 -0.00621854 -0.0153065 0.0264114 0.0300877 -0.0109323 -0.000442747 -0.0338487 0.101805 -0.00752277 0.0637307 0.0297288 0.00124844 0.00419613 0.144116 0.199532 -0.0104453 0.0285955 0.00020802 0.0240149 0.0147706 0.164285 0.0600754 0.0190755 0.0265206 -0.00267855 0.0288883,800,0,cuda,45.4,49.23
test,3486,wheaten_terrier_25,wheaten_terrier,dog,correct,wheaten_terrier,lime,35,0.999721,41,0.638851,0.989346,0.350494,0.340768,0.859453,0.46157,0.583229,,,0.0243768 -0.00602859 -0.00610582 -0.0154666 -0.0174821 -0.0119448 0.00379526 0.0156752 0.0175402 -0.0149615 0.184345 0.0312746 0.0308931 0.047293 0.0225483 0.0555385 0.0398021 0.0588922 -0.00185498 -0.0316692 0.00893381 0.0310178 0.0153858 0.0750978 0.120023 0.00686117 0.00807743 0.173243 0.0293775 0.176218 0.0362138 0.0836486 -0.0158888 0.0418019 0.0731033 0.0130433 0.0126362 0.00552572 0.00862519 0.00802037 -0.00402815,800,0,cuda,39.27,56.59
test,173,american_bulldog_77,american_bulldog,dog,correct,american_bulldog,lime,1,0.998254,35,0.542231,0.992562,0.45033,0.243964,0.856424,0.52853,0.588675,,,-0.00909319 -0.00412394 -0.0136967 0.0436376 0.0365877 0.0118577 0.00828211 -0.00142702 0.00535302 0.163163 0.0170983 0.0242834 -0.00275564 0.0609671 0.00662501 0.012617 -0.0293401 0.0320165 0.141918 0.0858158 0.0169783 0.176281 0.0375443 0.00685763 0.102266 0.0873529 0.00432873 0.0525733 0.031249 0.192284 0.00602958 0.111177 0.00253837 0.0120669 0.0299556,800,0,cuda,65.47,72.81
test,3453,staffordshire_bull_terrier_86,staffordshire_bull_terrier,dog,wrong,american_bulldog,lime,1,0.994311,41,0.503368,0.98809,0.484722,0.326552,0.858832,0.554648,0.644886,,,0.0326397 0.0124897 0.0364934 0.0315974 0.0515949 0.0154407 0.0120955 0.0156605 0.0265141 0.26715 0.0124936 0.00434925 0.0279741 0.0128639 0.0164205 0.0069418 -0.0226135 0.0157257 0.00754882 0.184223 0.171488 0.00798714 0.0494045 0.127568 0.00813266 0.0602793 0.0497866 0.00551669 0.00755033 0.00187137 0.0176803 0.0119958 0.0094763 0.0122591 -0.00837654 0.115597 -0.0135024 -0.0124549 0.022486 0.0739472 0.0670208,800,0,cuda,50.79,59.23
test,2213,newfoundland_39,newfoundland,dog,correct,newfoundland,lime,22,0.997875,29,0.469428,0.980913,0.511485,0.215037,0.893811,0.237539,0.698727,,,0.0781223 -0.00268323 -0.00769116 0.0519428 0.308056 0.0426138 0.0242573 0.0536058 0.023884 0.27913 -0.00817547 0.0230973 -0.00713739 0.0454458 -0.0358893 0.119206 -0.0294143 0.0364797 0.103907 -0.0123906 0.128725 0.0304573 -0.0721557 0.0278343 -0.0136617 -0.0145216 -0.0276061 -0.0231905 0.0664269,800,0,cuda,51.2,56.48
test,1917,leonberger_42,leonberger,dog,correct,leonberger,lime,19,0.99639,43,0.211157,0.664826,0.453669,0.094475,0.870696,0.08586,0.703784,,,0.0229381 -0.0116574 -0.00107845 0.0066284 -0.00746967 -0.00372576 0.00669088 -0.0120314 -0.00693674 -0.00107324 -0.02431 -0.0240374 -0.0154591 0.0147843 0.00719011 0.0156828 0.0621515 -0.00315647 -0.0156716 0.00977353 0.00199179 -0.00723322 0.00764031 -0.00466584 -0.013315 0.0140682 0.0504511 0.030113 0.37047 0.0795115 0.184013 0.0132634 0.046192 0.0600015 -0.00204692 0.0803831 0.357911 -0.0165687 0.0174898 -0.000226828 0.0382701 -0.0126214 0.0238058,800,0,cuda,92.72,100.76
test,822,boxer_42,boxer,dog,correct,boxer,lime,8,0.872674,39,0.40332,0.87217,0.468849,0.073836,0.846483,0.168808,0.827955,,,0.014677 0.0664048 -0.011549 0.0158252 0.0285376 0.00839983 0.0112546 0.125864 0.561046 0.0085525 0.00329941 0.00844399 -0.00942582 -0.0130459 0.0135092 -0.0115154 -0.0140383 0.0201081 -0.0310918 0.0803792 -0.00120844 0.0720863 0.0213706 0.0304959 -0.0245554 0.00649422 -0.00400094 0.0514072 -0.0119326 -0.000538506 -0.0210885 -0.0118916 -0.0134613 -0.0102312 0.00351705 0.00349113 -0.0125708 0.000591595 -0.0097576,800,0,cuda,62.89,66.55
test,2774,Russian_Blue_94,Russian_Blue,cat,correct,Russian_Blue,lime,27,0.997143,40,0.387058,0.983032,0.595974,0.229298,0.931591,0.324328,0.862955,,,0.0131288 -0.0093993 0.00608647 -0.0126118 0.0201682 0.0120957 -0.0125916 0.0102575 -0.00471949 0.00852923 0.0181732 0.0129101 -0.00948491 0.0845636 0.0195585 0.0203983 0.0057941 0.00256029 0.0121578 0.632802 0.0320243 0.0068555 0.015608 0.0186796 0.0841679 0.0116531 0.00808892 0.0292583 0.0956357 0.0166201 0.172551 0.0162484 -0.012349 0.00521484 0.0231109 0.000514808 -0.00627126 0.00332471 -0.00429242 0.00211981,800,0,cuda,50.86,60.07
test,665,Birman_70,Birman,cat,correct,Birman,lime,6,0.968012,40,0.722337,0.990115,0.267778,0.133328,0.920931,0.392318,0.711663,,,-0.0133984 -0.0139597 -0.00911524 0.0106464 0.029761 0.00645196 0.00181263 0.015959 -0.00881155 -0.0163509 0.122662 0.0898436 0.0327454 0.388475 0.0173823 0.0476869 -0.0372553 0.0416901 0.107787 0.227054 -0.00251132 0.0186733 0.082859 0.106129 0.0314601 0.0318079 0.00637369 -0.0217708 0.0517505 0.0197766 -0.0246166 -0.000642569 -0.00398456 0.000510952 -0.00696574 0.0232802 0.0213192 -0.0257956 0.0162487 0.0172534,800,0,cuda,40.89,41.48
test,3213,Siamese_32,Siamese,cat,correct,Siamese,lime,32,0.999991,37,0.57101,0.925288,0.354278,0.23556,0.90207,0.418039,0.841349,,,0.0973923 0.0832121 0.0813672 -0.00456469 0.0169061 0.0318347 0.000329994 0.210112 0.0528657 0.039706 -0.027095 0.597768 0.0442432 -0.00569521 0.0043228 0.123906 -0.00233002 -0.013314 -0.0222043 0.0226898 0.0313917 0.00310311 0.0452643 -0.00294168 0.0797504 -0.00068898 0.0297304 0.0464558 0.0361667 0.0191289 0.000523851 0.0294572 -0.0032152 0.0381806 0.0152191 -0.00365397 0.0173218,800,0,cuda,51.47,58.45
test,42,Abyssinian_46,Abyssinian,cat,correct,Abyssinian,lime,0,0.951769,35,0.277922,0.696517,0.418595,0.093063,0.885647,0.102605,0.740217,,,0.00792995 0.0152095 -0.000305266 0.0719868 -0.0208833 0.0449459 -0.00795491 -0.0157634 -0.0133989 -0.00355629 0.0423917 0.0170737 0.0202599 0.0178663 0.249807 -0.0080712 0.110421 0.0280626 0.447106 0.0173034 -0.0145696 0.0161 0.13239 0.0387773 0.111175 0.0141535 -0.00396831 -0.00406832 0.0158315 -0.0181575 0.0166316 -0.0296507 -0.02835 -0.0174725 -0.00400254,800,0,cuda,46.98,49.45
test,3160,shiba_inu_82,shiba_inu,dog,correct,shiba_inu,lime,31,0.999056,42,0.439752,0.954366,0.514614,0.116336,0.923685,0.502549,0.715351,,,0.00934706 0.152095 0.410355 0.206995 0.0639983 0.019244 0.157692 0.00335404 0.122013 0.0031422 0.415282 0.173126 0.0605982 0.0222204 0.0779889 -0.0250973 -0.0124863 0.0370991 0.0152571 -0.0150682 -0.000935419 0.0276631 0.0347871 -0.00889758 0.0161287 -0.0176438 0.0204818 -0.000188842 0.0353452 -0.037738 -0.00352332 -0.0019078 0.00956858 0.018293 -0.0226127 0.011701 -0.00913909 -0.00314401 -0.0205516 0.0127662 0.0273302 0.0111528,800,0,cuda,52.39,60.86
test,3138,shiba_inu_62,shiba_inu,dog,correct,shiba_inu,lime,31,0.987124,55,0.08532,0.377529,0.292209,0.035986,0.907505,0.14493,0.649615,,,-0.0101436 0.0101969 -0.00422685 -6.39762e-06 0.00378508 -0.000267132 0.00191816 -0.00874995 0.0175357 -0.00396179 -0.00407798 0.00857943 -0.0158793 0.0236679 -0.0209648 0.00935994 0.0246347 3.42285e-05 -0.00294109 0.050812 0.0328033 -0.0147615 -0.000316791 0.0255361 -0.024391 -0.0012404 0.0142735 0.0400216 0.115472 0.00282114 0.0198454 0.0651715 -0.0350679 -0.0257419 -0.0165769 0.352941 0.0118667 0.0120196 -0.0145653 0.00861078 0.0198336 0.0378737 0.0896893 0.00814605 0.0245557 0.0120948 0.193547 0.0767276 0.0571856 0.114322 -0.00301608 0.0120504 -0.0116904 0.00966047 0.00233008,800,0,cuda,32.03,35.52
test,3048,scottish_terrier_71,scottish_terrier,dog,correct,scottish_terrier,lime,30,0.999802,34,0.469049,0.988405,0.519356,0.280924,0.922664,0.414887,0.535517,,,-0.0189961 0.0035135 -0.00450401 0.0137768 0.0131082 -0.00904299 0.0346344 0.0632056 0.0103382 0.026137 -0.0101207 0.0125477 0.225706 0.0446418 0.0625174 -0.0101135 0.0120138 0.0437094 0.198624 0.0928437 0.0161875 -0.0265398 0.042162 0.0446249 0.0824364 0.0712893 0.0138121 0.0754852 0.00928416 0.0536285 0.0249776 0.000946618 -0.0143639 -0.0185924,800,0,cuda,40.53,48.67
test,158,american_bulldog_63,american_bulldog,dog,correct,american_bulldog,lime,1,0.993134,40,0.320372,0.75288,0.432507,0.148875,0.758459,0.084868,0.718552,,,-0.00382927 0.0209306 0.0133028 0.133739 -0.00171753 0.078706 0.0950314 0.019913 0.0130001 0.00683907 0.196866 0.310019 0.138604 0.0408948 0.131341 -0.00494574 0.0612216 0.0540227 0.161121 0.141234 0.000974779 -0.0106077 -0.00142587 0.0183354 0.0132301 0.0433005 -0.000739421 -0.0005781 -0.00104224 -0.011608 0.0194638 -0.00409255 0.0108864 0.00541467 0.0194715 -0.0246355 -0.000867189 0.00869995 -0.0189936 0.00531645,800,0,cuda,37.77,47.61
test,139,american_bulldog_45,american_bulldog,dog,correct,american_bulldog,lime,1,0.99779,40,0.46313,0.963881,0.500751,0.192884,0.866937,0.631386,0.714734,,,-0.00552268 -0.0107004 0.00560217 0.0674215 0.00389126 0.108068 0.14951 0.0638106 0.0642284 0.201469 -0.0199118 0.27162 0.145637 0.00766273 0.104159 0.206993 0.0682452 0.0271139 0.133435 0.0106366 -0.00950885 0.146359 0.040839 0.0853488 -0.0142685 0.0233233 0.0171079 -0.0123827 0.00732176 0.0334948 0.0032411 -0.00515733 0.00987182 0.0328879 0.0350156 -0.00453412 0.0430361 -0.00312057 -0.00808547 0.0161487,800,0,cuda,44.89,53.26
test,2062,Maine_Coon_80,Maine_Coon,cat,correct,Maine_Coon,lime,20,0.998838,36,0.43196,0.777275,0.345316,0.354086,0.913088,0.300911,0.629929,,,0.0767998 0.120898 0.00899134 -0.0133277 0.0170271 0.000220253 0.0112841 0.00803133 0.133543 -0.0223448 0.0126786 0.000187614 0.172279 0.0194738 0.00480487 0.128626 0.0323199 0.0107559 -0.0220309 0.0711214 0.0709216 0.0185121 0.0182679 0.0804066 -0.00300104 0.00653932 -0.0104904 0.0155622 0.0120457 0.00973213 -0.00546894 0.00090944 0.00743338 -0.0117538 -0.0205184 0.000727101,800,0,cuda,34.03,34.81
test,574,Bengal_79,Bengal,cat,wrong,Maine_Coon,lime,5,0.786139,36,0.52569,0.810144,0.284455,0.212648,0.837853,0.130698,0.447961,,,0.0292965 -0.0102861 0.0125323 0.00164354 -0.0206654 0.00253627 0.0147756 0.103277 0.0858619 0.0454355 0.0322951 -0.00536885 0.068144 -0.0621742 0.0607942 0.0141778 -0.0660712 -0.0182913 0.00384412 0.00573552 0.0597692 -0.121259 -0.00123293 -0.0133325 0.00714878 -0.00497099 0.0883184 -0.0209181 0.0986585 -0.00235921 -0.0150712 0.135506 -0.0168105 -0.00822276 -0.00414807 0.0118608,800,0,cuda,48.7,51.5
test,1618,havanese_42,havanese,dog,correct,havanese,lime,16,0.964982,39,0.634447,0.833619,0.199173,0.294226,0.726986,0.249118,0.811969,,,-0.0726745 0.261024 0.0594078 0.011096 0.0340279 0.059606 -0.0163887 0.141141 0.0639067 0.00551255 0.00433383 0.305951 -0.00198165 0.0695867 -0.000737912 0.0693784 0.0399163 0.0218912 0.099525 0.0429707 0.0173461 0.0880356 -0.00756697 0.0190393 0.0528283 -0.00340177 0.0572378 0.0161687 0.0172177 0.0817679 0.041306 0.00272309 0.00131036 0.00666145 0.00825844 0.0303172 0.0278868 -0.00119688 0.0331464,800,0,cuda,54.8,67.54
test,3184,Siamese_218,Siamese,cat,correct,Siamese,lime,32,0.858041,37,0.228237,0.81184,0.583603,0.018919,0.755983,0.470568,0.443358,,,0.115565 0.017529 0.0290717 0.0071764 0.0346888 0.0185608 0.0530553 -0.0103723 0.113091 0.0394888 0.0891733 -0.0056943 0.0170763 -0.00811477 0.0233421 0.0140339 -0.00592962 0.0271878 0.0114762 0.014448 0.012141 0.0142886 -0.00831666 0.000451721 0.00138824 0.0354094 -0.00511216 -0.0104669 0.0123549 -0.00332109 -0.0121777 0.00716841 -0.0107165 0.0183069 0.0167339 -0.000903217 -0.00595658,800,0,cuda,35.54,37.85
test,1757,japanese_chin_78,japanese_chin,dog,correct,japanese_chin,lime,17,0.999682,38,0.593312,0.998685,0.405374,0.306846,0.824891,0.692409,0.677777,,,0.0428316 0.0218469 0.0234362 0.013568 0.0528134 0.00944091 0.0556928 0.116749 0.149428 -0.00700885 0.123736 0.0150267 -0.0226276 0.235543 0.137319 0.0183051 0.09093 0.188798 -0.00131108 0.0338298 0.143729 -0.00830804 0.0632713 0.020873 0.00505334 0.0604028 0.00320169 0.135102 0.0199583 0.0104316 0.00540276 0.0123421 0.0364701 0.0501464 0.053281 0.106309 0.0665683 0.00978053,800,0,cuda,51.35,60.56
test,2189,newfoundland_199,newfoundland,dog,correct,newfoundland,lime,22,0.999407,39,0.317502,0.980666,0.663164,0.131379,0.932175,0.345797,0.706523,,,0.0412707 -0.0276044 -0.00776441 0.0180946 -0.0022529 -0.00032211 0.123415 0.00168803 0.0224567 0.0183024 -0.0129971 -0.00906743 0.222245 0.0292962 0.2495 -0.000110013 0.0102682 0.216101 0.149017 0.0162591 -0.02102 0.013989 -0.0272241 0.117984 -0.0351631 0.00847495 0.0227147 0.0115494 -0.0115835 -0.0471086 0.117908 0.149315 -0.0171838 0.00183873 -0.0111503 -0.00954116 -0.00988217 0.0158845 0.0206277,800,0,cuda,56.0,66.37
test,773,Bombay_87,Bombay,cat,correct,Bombay,lime,7,0.998734,34,0.308394,0.600317,0.291923,0.327872,0.926055,0.279855,0.792442,,,0.00148622 -0.00294231 0.0151173 0.00196854 0.0310493 0.0141876 0.0325346 0.0148798 0.0749413 0.148668 0.505131 0.0346822 0.0104514 0.0484071 0.0170719 -0.00292196 -0.00178792 0.014393 0.253134 0.0149497 0.0150662 -0.0194143 -0.0247658 -0.00327698 0.0477052 -0.0156032 -0.00587049 -0.00762412 0.0103781 0.00354726 0.0190243 0.0165106 -0.00744871 -0.00985359,800,0,cuda,53.7,64.89
test,3217,Siamese_36,Siamese,cat,correct,Siamese,lime,32,0.986602,42,0.400889,0.934838,0.533949,0.242195,0.874207,0.575244,0.71646,,,-0.00357791 -0.00987341 0.0268325 -0.00411894 0.0166187 0.00820047 -0.0112333 -0.00231958 -0.0203361 -0.00501853 -0.0206982 -0.00572064 0.0109139 0.00394954 0.0418708 0.010388 -0.0169126 0.00662116 -0.00226905 0.0137558 0.18863 0.0380951 0.0769021 0.0475241 0.136024 0.0236576 0.0210983 0.00963341 0.0901441 0.0694392 0.115036 0.0428198 0.243407 0.306404 0.0261631 0.0405138 0.0614218 0.0183286 0.107042 0.0891082 0.0812393 0.103152,800,0,cuda,47.06,51.87
test,2590,Ragdoll_228,Ragdoll,cat,wrong,Birman,lime,6,0.866552,30,0.728715,0.992535,0.263821,0.157796,0.753192,0.326719,0.684356,,,-0.00655998 -0.00781083 -0.0168303 -0.0650775 -0.0178387 -0.0450774 -0.0464922 -0.0291797 -0.00702493 0.132405 -0.0183793 0.109517 0.244194 -0.0367986 0.0323174 -0.0209981 0.0462656 0.0482002 0.0703218 0.0237676 0.121304 0.0800206 0.069325 0.0511971 0.0199613 -0.0361461 0.300785 0.272599 0.0231508 -0.000805881,800,0,cuda,46.48,51.33
test,2542,pug_64,pug,dog,correct,pug,lime,25,0.997151,40,0.271126,0.960539,0.689413,0.088552,0.877094,0.064244,0.791172,,,0.0481444 0.177436 0.0168263 -0.00449975 0.260125 -0.000511411 0.0559019 0.00949901 -0.0141439 0.0130926 0.430046 0.0953685 -0.00706859 0.00068264 0.0200872 0.123977 0.00951319 0.148746 0.073244 0.031598 0.00462679 0.0117959 0.0133774 0.0325341 0.00799041 0.0207118 0.025721 -0.0098885 -0.0170128 -0.00807231 0.00541495 -0.00208662 -0.00511752 0.000143331 -0.012419 -0.0114441 -0.0125768 -0.0160398 0.00382657 -0.0136708,800,0,cuda,51.39,55.77
test,342,basset_hound_4,basset_hound,dog,wrong,beagle,lime,4,0.887194,28,0.523358,0.949052,0.425694,0.183128,0.879397,0.114888,0.68557,,,0.0596681 -0.017465 -0.0265974 0.0106912 0.0150086 -0.019104 0.114781 0.0187387 -0.0400791 -0.0329941 0.150213 0.159244 0.0452552 0.380326 0.00138462 -0.0521322 0.127271 0.0942137 0.0117932 -0.0158489 0.0389627 0.0105525 -0.00648076 0.039662 -0.00443775 0.0150266 -0.0179651 -0.0167386,800,0,cuda,54.5,55.75
test,792,boxer_197,boxer,dog,correct,boxer,lime,8,0.99464,33,0.126714,0.573234,0.44652,0.082635,0.947543,0.092072,0.842665,,,-0.00229707 0.0166145 0.0343383 0.0424098 -0.0122713 0.0254066 0.0146567 -0.00348378 0.0277841 -0.0639545 -0.0163421 0.0924945 -0.000203302 0.0121073 0.433234 0.0557479 0.00488645 0.0219454 -0.0266188 0.000815116 -0.0129756 0.00970791 0.471594 0.0624289 0.0218871 0.00622344 0.00474391 -0.00782314 0.00534276 0.0126721 0.00154994 -0.00361303 0.0101244,800,0,cuda,42.54,47.06
test,1000,chihuahua_23,chihuahua,dog,correct,chihuahua,lime,10,0.999218,37,0.422971,0.618377,0.195406,0.095787,0.920527,0.283113,0.701234,,,0.00286541 0.011632 -0.0083957 0.149029 -0.0150288 0.194267 0.208405 0.0137784 0.0771417 0.0364842 -0.00949834 0.106071 0.495033 0.042773 0.0756569 0.00693058 0.122102 0.0650756 0.115531 -0.00790601 0.110592 0.00150569 0.00657597 0.0155778 0.0904245 -0.0259624 -0.0093295 -0.00675155 0.0291688 0.000865491 -0.0150125 0.00784462 -0.0243966 0.0097212 0.0185509 -0.0227594 -0.00835699,800,0,cuda,48.12,50.14
test,2990,scottish_terrier_19,scottish_terrier,dog,correct,scottish_terrier,lime,30,0.97999,38,0.126714,0.561059,0.434345,0.096434,0.931404,0.062154,0.981136,,,-0.0154735 -0.0226739 0.00214267 0.0482004 0.00522937 -0.00690433 0.00723338 0.000749632 0.00393119 -0.0018729 -0.0468711 0.00824022 0.0161972 -0.0127574 0.876942 0.000155625 0.00446929 0.00223204 0.00127671 -0.00142676 0.00166988 0.00920688 0.00146935 -0.000874254 0.00473937 -0.00409811 -0.00327088 -0.00182214 -0.00573899 0.0062468 -0.00126187 -0.00307498 0.00485193 0.00119298 -0.00167284 -0.000783361 0.00224424 -0.00686065,800,0,cuda,41.39,45.08
test,441,beagle_49,beagle,dog,correct,beagle,lime,4,0.999163,35,0.459403,0.98726,0.527857,0.238441,0.973987,0.318052,0.520033,,,-0.00448078 0.00798018 0.0233897 -0.0061761 0.235533 0.00132538 -0.0110074 0.0145797 0.0188915 0.0253368 0.166301 0.00435005 0.0192484 -0.00975936 0.0896545 0.0270996 0.0510532 0.0761604 0.15516 0.0560561 -0.013005 0.0268423 0.0502024 -0.0232805 0.0189777 -7.36561e-05 0.00643836 -0.00194254 -0.0320989 -0.00932285 0.019398 0.0105765 -0.0166651 -0.0289917 -0.0152147,800,0,cuda,43.19,59.62
test,789,boxer_194,boxer,dog,wrong,american_bulldog,lime,1,0.721274,35,0.651088,0.988424,0.337335,0.03089,0.805113,0.115017,0.595596,,,0.000321682 0.0203747 0.0170138 -0.00623327 -0.0059962 0.018893 0.0544051 -0.00491542 0.0597567 -0.0897804 -0.00430668 0.000148437 0.0696069 -0.0202528 0.0322389 -0.00797075 0.0214873 0.129096 0.221394 0.0946265 -0.00837149 0.00920154 0.152973 -0.0109877 0.00169407 0.0244291 0.0035708 -0.0121483 0.153421 0.00613001 -0.007907 -0.00212736 -0.0100773 0.0142314 -0.0102377,800,0,cuda,44.86,53.51
test,1302,english_setter_28,english_setter,dog,correct,english_setter,lime,13,0.999593,31,0.494619,0.741532,0.246913,0.208943,0.777469,0.307988,0.804558,,,0.0370656 0.0333558 -0.0202771 0.00896637 -0.00999643 0.0221268 -0.0013764 -0.0042269 -0.0128751 0.0630676 0.0511461 0.0178783 -0.00366949 0.00704032 -0.011721 0.0376971 0.04369 0.656259 0.0508993 0.0436315 0.00302539 0.187844 0.00738101 0.0232876 0.0543257 -0.000717165 0.0213379 0.0586745 -0.00693703 0.0119091 0.0549041,800,0,cuda,49.3,50.68
test,2054,Maine_Coon_71,Maine_Coon,cat,correct,Maine_Coon,lime,20,0.986466,37,0.927615,0.99728,0.069665,0.280205,0.935487,0.085202,0.460514,,,0.00481147 -0.00498564 0.00509233 -0.013811 -0.00832755 -0.0135936 0.0307716 0.0696766 -0.0119938 -0.00333422 0.00170585 0.00615971 0.00610932 0.036142 0.0697759 -0.0111338 0.00713909 0.0575402 -0.000604001 0.0294549 0.0536556 0.0208298 -0.00506463 -0.0314839 0.0378631 0.0169679 -0.00767447 -0.00330496 0.00356943 -0.000532991 -0.00542062 0.0100417 -0.0101693 -0.00266304 -0.0126793 -0.0109068 -0.0119423,800,0,cuda,58.8,59.45
test,2057,Maine_Coon_76,Maine_Coon,cat,correct,Maine_Coon,lime,20,0.999987,35,0.776287,0.85645,0.080163,0.624194,0.933603,0.09465,0.39457,,,0.000424182 -0.0124178 0.00664025 0.0018313 0.0132772 0.00559922 0.0155349 0.00901119 0.0236781 0.000302765 0.0262975 0.00472687 0.0313848 0.0254729 0.00769208 0.0162824 0.00194439 -0.00117348 0.00693409 0.0252388 -0.00318774 0.0012467 0.0101326 -0.000356938 -0.00390287 0.00547359 4.90662e-05 0.000126601 0.0103585 0.00549511 0.00594592 0.0100564 -0.000619752 0.000751558 0.00469147,800,0,cuda,53.12,55.84
test,3242,Siamese_63,Siamese,cat,correct,Siamese,lime,32,0.983086,35,0.516044,0.885023,0.36898,0.242407,0.770785,0.297939,0.802883,,,0.0218044 -0.00599747 0.00945068 -0.0125403 0.108858 -0.00688251 0.0826854 -0.0302021 0.285364 0.323327 0.360162 0.0557837 0.0289047 0.0080996 -0.00172763 0.014132 0.182784 0.0206695 0.00881376 0.010583 -0.0122171 0.053304 -0.0226841 -0.00511308 0.0635482 -0.0255594 0.0025823 -0.0244867 0.00215439 -0.00332903 -0.0165507 -0.0140071 -0.00220152 -0.00263673 0.0240584,800,0,cuda,69.04,75.41
test,535,Bengal_43,Bengal,cat,correct,Bengal,lime,5,0.998837,40,0.534479,0.707851,0.173372,0.784194,0.9346,0.03043,0.17678,,,-0.00027075 -0.00128684 0.0023368 0.00154673 -0.00150407 -0.000682017 -0.000666993 -0.000583908 0.000242071 0.00104131 0.00225552 0.00723695 -0.00222805 0.00269669 -0.00356266 0.00309288 -9.25237e-05 0.0153966 0.000920889 -0.000669542 -0.000893585 0.00240797 0.00587537 0.000240394 0.000364371 0.00442728 0.00881909 0.00253708 -0.0009669 -0.0013666 0.00885332 0.00481432 0.00737485 0.00144182 0.00237106 0.000967128 0.00612857 -0.000450965 0.00734673 0.000468826,800,0,cuda,56.26,71.5
test,3182,Siamese_210,Siamese,cat,correct,Siamese,lime,32,0.999919,31,0.592554,0.981618,0.389064,0.364749,0.862795,0.438592,0.615119,,,0.0442462 0.0620381 0.000170346 -0.012894 0.0292235 0.0704276 0.192692 -0.00611132 0.0631044 -0.0120756 0.0597426 0.0434757 0.00972802 0.0101044 -0.000529319 0.0754732 0.316741 0.0715458 0.0226591 0.0972555 0.0336367 0.00719054 0.0158922 0.0311229 0.083913 -0.00388897 0.00240318 0.00673983 -0.0143243 -7.00182e-05 0.0135066,800,0,cuda,35.5,39.26
test,916,British_Shorthair_2,British_Shorthair,cat,correct,British_Shorthair,lime,9,0.998603,37,0.698441,0.983095,0.284654,0.154446,0.885016,0.478803,0.754523,,,0.0813869 0.000714922 -0.0130308 0.0195131 0.0725843 0.180244 0.133615 -0.014491 -0.0195994 0.0977208 0.0673895 0.154277 0.476199 -0.0183363 0.0262382 0.0393991 0.101407 0.0140855 0.0173642 0.134934 0.0453988 -0.0182077 0.050616 0.0119981 0.0231036 -0.0010341 0.00478024 0.0204197 0.0113688 0.157438 -0.00209091 0.0050907 -0.0173791 0.0149383 -0.00062542 -0.014529 -0.0165746,800,0,cuda,37.27,39.51
test,1751,japanese_chin_72,japanese_chin,dog,correct,japanese_chin,lime,17,0.999918,33,0.790059,0.993213,0.203154,0.358251,0.906821,0.498257,0.635857,,,0.0182044 0.0134263 0.159462 0.187058 0.0306129 0.0430204 0.0794534 0.0173307 0.067087 0.0129193 0.0734256 0.32124 0.0179263 0.0476206 -0.0118371 0.0928348 0.01082 0.0122431 0.0485393 0.0189941 -0.00644581 0.009408 0.0591157 0.0071387 0.0575731 -0.0013552 0.0370054 0.00193793 -0.0184369 -0.00148118 0.0187649 6.95126e-05 0.00665456,800,0,cuda,50.47,63.02
test,1382,german_shorthaired_191,german_shorthaired,dog,correct,german_shorthaired,lime,14,0.999941,32,0.272321,0.563943,0.291622,0.213877,0.948995,0.189322,0.8841,,,0.00244613 0.01282 0.0110712 -0.00245677 -0.018848 0.00759526 0.00936935 -0.00882474 -0.00284957 -0.0146862 -0.00386626 -0.00719052 0.0147987 0.111257 -0.00922288 0.00961774 0.00419047 0.694381 -0.0184797 0.0224173 0.122814 0.00183833 0.0228842 0.0158743 0.0863471 0.0171286 0.0177885 0.014718 0.00936183 -0.00305353 -0.00369783 0.00571969,800,0,cuda,55.93,63.44
test,3318,Sphynx_2,Sphynx,cat,correct,Sphynx,lime,33,0.889876,24,0.324717,0.718519,0.393802,0.150824,0.742204,0.282233,0.791291,,,0.0981805 0.0384222 0.0543163 0.0437751 0.000319761 0.0846403 0.0429487 0.00521851 0.100559 0.000986587 0.00214598 0.188916 0.0110488 0.0192598 0.252766 0.323305 -0.0288172 0.078912 -0.0313916 0.0295021 0.0408261 -0.0258879 0.204783 0.000531011,800,0,cuda,42.94,48.87
test,43,Abyssinian_47,Abyssinian,cat,correct,Abyssinian,lime,0,0.896332,37,0.610591,0.890079,0.279488,0.15373,0.827822,0.12775,0.550169,,,0.0197889 -0.0780258 0.0433239 0.0559589 -0.0279022 -0.0304391 0.1126 -0.00930105 0.0179889 0.0125055 0.0058445 0.0213075 0.151185 0.0747876 0.0503206 0.0170827 0.180614 -0.0241603 0.0899927 0.00769569 -0.023016 0.0516431 0.021274 0.115176 -0.0195273 -0.0166374 0.0445795 0.107674 0.0488039 0.0159319 0.0175004 0.0753189 0.00223244 -0.014894 0.110126 -0.029854 0.109906,800,0,cuda,41.0,42.81
test,1766,japanese_chin_86,japanese_chin,dog,correct,japanese_chin,lime,17,0.999816,33,0.914361,0.998149,0.083788,0.325777,0.919664,0.416848,0.533833,,,0.16181 0.0132354 0.0178731 0.146898 0.0691964 0.0357996 0.0518387 0.000998365 0.221566 0.0631309 0.110658 0.019302 -2.34087e-05 0.0914845 0.0335337 0.0857105 -0.010368 0.0298205 0.0326145 0.0210272 -0.0214259 0.0229454 0.00128106 -0.00584966 -0.00374544 -0.00467504 0.000196339 -0.00894951 0.00298827 0.000530262 -0.00995568 -0.0127565 -0.00200352,800,0,cuda,65.5,70.47
test,2055,Maine_Coon_72,Maine_Coon,cat,correct,Maine_Coon,lime,20,0.998557,40,0.757374,0.992099,0.234725,0.412462,0.929771,0.141513,0.502964,,,-0.0163844 -0.0331421 -0.0332951 0.0223154 -0.0524921 -0.0122829 0.00625016 -0.0094502 -0.0259162 0.00574878 0.00241125 -0.0405984 0.0608078 0.0789585 -0.02567 0.0145487 0.0187656 0.0686776 0.0558872 0.117515 0.0238918 -0.0109435 0.0059731 0.116568 0.165604 0.00908643 0.0164744 0.0322884 0.0192613 0.00508507 0.0747786 0.00389979 -0.00661676 -0.0131803 0.0050393 0.00657154 -0.0051603 -0.0272024 -0.000824847 -0.0158542,800,0,cuda,35.73,41.38
test,3144,shiba_inu_68,shiba_inu,dog,correct,shiba_inu,lime,31,0.998428,37,0.581792,0.996413,0.414621,0.149086,0.879035,0.248345,0.727174,,,-0.00289332 0.00620918 0.00754893 0.0126191 0.0694709 0.0315373 0.0166726 0.00424554 -0.0081732 -0.00675032 0.00461134 0.0363064 0.00433037 -0.0106558 -0.0356977 0.00861463 0.0321865 0.0226408 -0.00287736 0.0358639 0.087374 -0.0818946 -0.019961 -0.0282382 0.014143 0.393885 -0.00706496 0.150398 0.0323872 0.0228006 -0.0134537 0.397679 0.122857 0.17181 0.030198 0.105226 -0.0190154,800,0,cuda,73.73,79.8
test,1507,great_pyrenees_32,great_pyrenees,dog,correct,great_pyrenees,lime,15,0.996007,39,0.394272,0.981874,0.587602,0.237792,0.89721,0.321278,0.659196,,,0.0187763 0.00202976 0.00170667 -0.00622242 -0.0262171 0.0480183 0.010938 0.0180142 0.0323559 -0.0141905 -0.0118546 0.160579 0.262947 -0.0067977 0.00292231 0.00595666 0.0918337 -0.00146839 -0.00892063 0.219149 0.0129102 -0.00842374 0.00959078 0.328793 0.0613427 -0.00256092 -0.0320003 0.0199716 0.0177547 -0.00027641 -0.00157452 -0.012095 0.0467931 -0.0249575 0.0159383 -0.00513111 -0.0251382 0.00541079 0.0201557,800,0,cuda,42.5,43.36
test,80,Abyssinian_84,Abyssinian,cat,correct,Abyssinian,lime,0,0.999547,29,0.618164,0.989321,0.371157,0.36075,0.925725,0.212068,0.418195,,,0.0286155 0.000266249 0.00152983 0.00342853 0.0206758 -0.0202877 0.0145229 0.0785712 0.00424207 0.00943382 0.00820126 0.0537313 0.0307182 0.0336949 -0.0165827 0.104004 0.043309 0.00172899 -0.00519263 -0.00451973 0.0112713 0.00352594 0.000799236 0.0190567 0.041215 0.101343 0.020026 -0.0109301 0.00209212,800,0,cuda,29.99,36.34
test,1780,japanese_chin_99,japanese_chin,dog,correct,japanese_chin,lime,17,0.999962,36,0.921038,1.0,0.078962,0.31784,0.910022,0.428794,0.5773,,,0.0417904 -0.0103257 0.0671346 -0.0109775 0.00293071 0.00319966 0.0199971 -0.0027409 -0.0208161 0.182878 0.0546148 0.203018 0.00215408 0.0649381 0.0162842 0.00146813 0.0398694 -0.00989411 0.0690775 0.0640653 0.185504 -0.00640359 0.0201734 0.0273988 0.0488264 0.145454 0.0800864 -0.0120099 -0.0215796 0.0088002 -0.00521906 -0.0171981 -0.00370985 -0.0167864 0.0215324 0.0326592,800,0,cuda,44.77,62.78
test,270,american_pit_bull_terrier_73,american_pit_bull_terrier,dog,correct,american_pit_bull_terrier,lime,2,0.927327,36,0.240155,0.661221,0.421066,0.029879,0.864259,0.112535,0.889728,,,0.0334242 0.00769512 0.099582 0.0317843 -0.0156606 0.0137734 -0.00603591 -0.0108687 0.00133245 0.0559219 -0.0410345 -0.0103047 0.00983762 0.634572 0.0451909 0.010543 0.0492513 0.00371191 -0.00402277 -0.0114627 0.0301606 -0.0258858 0.00408931 0.0567633 0.0293254 -0.0061042 0.0129284 -0.014863 -0.00477269 -0.0451916 0.084033 0.0264119 -0.00657611 -0.0357473 -0.0100437 2.12055e-05,800,0,cuda,49.15,52.28
test,2457,pomeranian_79,pomeranian,dog,correct,pomeranian,lime,24,0.985766,29,0.492905,0.70364,0.210735,0.081086,0.825645,0.060327,0.730644,,,0.0501069 0.115401 -0.00730555 -0.0344722 0.317021 0.0358794 -0.0306484 0.169029 0.0865314 -0.0189443 0.416557 0.0513064 0.00958573 0.0765407 0.0241554 0.144257 0.0372196 -0.00750155 0.00769371 -0.0160547 0.00767268 0.00526765 0.020321 -0.00847389 0.00355311 0.0352473 0.0126845 -0.00446702 -0.0181615,800,0,cuda,77.8,85.38
test,2239,newfoundland_62,newfoundland,dog,correct,newfoundland,lime,22,0.777969,35,0.235611,0.693674,0.458063,0.073553,0.683364,0.244486,0.756605,,,0.023781 0.0196683 0.000662028 0.0148608 -0.00362366 0.0198081 -0.0202441 0.00530601 0.0589477 -0.00770084 -0.0748606 -0.00234593 0.00196126 -0.00760288 0.0161201 -0.0253212 -0.00162709 -0.0505108 0.138988 -0.0400207 0.014471 -0.00589318 -0.00559085 -0.0471672 0.0219819 0.0176547 -0.00935405 0.00392335 0.33869 -0.00739789 0.0132096 -0.0235917 0.0308819 -0.00447808 -0.00145174,800,0,cuda,56.28,58.95
test,511,Bengal_21,Bengal,cat,correct,Bengal,lime,5,0.999689,32,0.503528,0.988828,0.485301,0.473798,0.966439,0.119619,0.30836,,,0.0177329 -0.0103007 -0.00321721 -0.0117674 -0.00463335 0.0152322 0.00920581 -0.00340566 -0.00249402 0.0567941 0.0420323 -0.0122455 0.00293487 0.00515843 0.0394866 0.0966372 0.0279108 -0.00422018 0.016119 -0.00190351 0.00808235 0.025709 0.00701257 -0.00435147 0.00605394 0.0227027 -0.0113289 -0.00092872 0.0156154 0.00209184 0.00377492 0.00118809,800,0,cuda,39.77,44.48
test,475,beagle_7,beagle,dog,correct,beagle,lime,4,0.999936,38,0.283024,0.768178,0.485154,0.264186,0.937365,0.280021,0.690889,,,-0.0181607 -2.22577e-05 -0.0210203 0.00170105 0.026132 0.0232617 0.0163671 0.00587995 0.0425385 0.0183895 -0.0124016 -0.0251719 0.159609 0.0362423 0.0153105 0.00193172 0.436108 0.21348 0.0178885 -0.00220956 -0.00187672 0.155254 0.0359405 -0.00663241 0.0234871 -0.00309783 -0.000169395 0.00242008 0.0193557 0.00979877 0.00136583 0.0144885 -0.00110855 -0.00491384 -0.00896051 0.021131 -0.0419222 -0.00886982,800,0,cuda,37.74,49.99
test,532,Bengal_40,Bengal,cat,correct,Bengal,lime,5,0.999281,44,0.382195,0.974894,0.592699,0.263005,0.960816,0.212012,0.383785,,,-0.0165851 -0.015161 0.00708286 -0.0159262 0.0127321 0.00578316 0.0541825 -0.0107991 0.0154807 -0.00582292 0.0193025 -0.00971315 0.0138771 0.0167607 0.00951865 0.0353166 -0.00648748 0.0460765 0.0101886 0.00430715 0.0349875 0.0191279 0.0826631 0.0033355 -0.00179562 0.0661179 0.0111874 0.0427418 -0.00186726 -0.00622777 -0.00356013 -0.00609793 -0.00630632 -0.00579791 0.000871831 0.0415027 0.133962 -0.00616275 0.0247079 -0.00923504 -0.00679622 0.00108534 0.00457061 -0.000581059,800,0,cuda,39.33,48.29
test,3340,Sphynx_53,Sphynx,cat,correct,Sphynx,lime,33,0.998649,31,0.4319,0.985775,0.553875,0.228624,0.870348,0.366832,0.777676,,,0.0553974 0.0392942 -0.00911376 0.103087 0.013126 0.0110744 0.00562326 0.135531 0.00348059 0.247043 0.201934 -0.0209055 0.0861564 -0.0149223 0.0233814 0.17211 0.058939 0.133415 0.136903 0.00804756 0.0327557 -0.0275685 0.0126905 0.0105611 -0.0249792 -0.00626966 0.0018552 0.0867825 0.00865122 0.0482775 -0.00969601,800,0,cuda,36.29,37.71
test,1323,english_setter_47,english_setter,dog,correct,english_setter,lime,13,0.999139,43,0.352679,0.781486,0.428807,0.294689,0.861399,0.582955,0.760087,,,0.0204994 0.00676427 0.0931247 0.145118 0.00256871 0.0976869 0.0138842 -0.0027899 -0.0131478 0.0242678 -0.00432863 0.00768632 -0.00677857 0.00067473 0.441787 0.051392 0.0382203 -0.00257052 0.237464 0.185967 0.0115261 -0.0260326 0.0794319 -0.00212809 0.00894226 0.0602665 0.0268903 0.0384662 0.0817838 0.0310192 0.00812895 0.0101598 0.181573 0.0429887 0.00811157 0.0207138 0.0108768 0.057411 0.00922801 0.0212369 -0.0018026 0.00880239 -0.0090162,800,0,cuda,52.16,57.81
test,893,British_Shorthair_241,British_Shorthair,cat,correct,British_Shorthair,lime,9,0.922524,36,0.384905,0.625,0.240095,0.058334,0.707767,0.482372,0.501728,,,0.0152597 -0.00154681 0.00717888 0.0732419 -0.0297216 0.0116908 0.038793 0.0110343 0.0950904 0.0658918 0.00976338 0.0421853 0.0509708 0.0546803 0.106429 0.0184496 0.0191155 0.0158142 0.0269258 -0.0259615 0.055355 0.00195762 0.00143786 0.0147263 -0.014796 0.0321132 0.00323454 0.0162794 0.00236364 -0.000176598 0.00559876 0.024067 -0.0168542 -0.00123684 -0.00397179 0.00977415,800,0,cuda,58.13,66.96
test,2233,newfoundland_57,newfoundland,dog,correct,newfoundland,lime,22,0.981266,40,0.237663,0.872519,0.634855,0.171877,0.881098,0.158737,0.792475,,,-0.000354714 0.00105643 0.0335397 0.0107894 -0.0120189 -0.00543626 -0.00841674 0.00805369 -0.00097151 -0.00312156 -0.0146355 -0.00601 -0.01341 0.0659768 -0.0102209 -0.00065839 0.0342728 0.0445389 0.0014059 0.0176242 0.148465 0.0867709 0.0928261 0.43111 -0.0078956 -0.00444261 -0.0139181 0.296092 -0.0063915 0.00102938 0.0124242 0.00599751 0.00451483 -0.0283046 -0.000949788 0.025029 -0.00972963 -0.00850151 0.0165963 0.0137016,800,0,cuda,45.42,48.45
test,2548,pug_6,pug,dog,correct,pug,lime,25,0.546328,35,0.406071,0.540927,0.134857,0.030638,0.750395,0.015313,0.675347,,,0.00857829 0.044893 -0.0284606 0.0044438 0.00195481 -0.0110514 0.0418808 0.0264715 0.208981 0.0352062 0.0609739 0.0221082 0.00207011 -0.0649101 0.291399 0.0323895 -0.00158333 -0.0160054 0.0203307 -0.0130859 0.0324846 0.0212747 -0.0272961 0.0244468 0.0126743 -0.00488994 0.0221536 -0.00780662 0.00287905 0.0156633 0.00662408 0.00828037 -0.0168084 0.0188902 -0.00709425,800,0,cuda,43.02,51.65
test,267,american_pit_bull_terrier_70,american_pit_bull_terrier,dog,correct,american_pit_bull_terrier,lime,2,0.955316,41,0.571249,0.97663,0.40538,0.114139,0.780163,0.101326,0.654532,,,0.0403602 0.0113602 0.0179427 0.06326 0.0251656 -0.0228941 0.034236 0.0167805 -0.0358271 0.00190419 0.0631275 0.098048 0.13091 0.0798351 0.0632664 0.0431624 0.0171851 0.331901 0.242632 0.0178034 -0.000296678 0.147032 0.0905494 -0.0243436 -0.00435934 0.00447828 0.0111651 0.0740122 0.0113304 0.0819739 0.000596836 -0.0295259 0.0243774 0.0237069 0.00535584 -0.000533636 -0.0157483 -0.00872662 -0.0102097 0.00584065 -0.00256091,800,0,cuda,52.31,55.14
test,1509,great_pyrenees_34,great_pyrenees,dog,correct,great_pyrenees,lime,15,0.989556,36,0.248884,0.550095,0.301212,0.185516,0.928006,0.274439,0.77168,,,0.0245026 -0.0479425 0.163074 -0.0102354 0.0149618 -0.0228396 0.00885219 0.0287117 0.385371 0.0268593 -0.0120452 0.0494422 0.330785 0.20793 -0.000110556 0.0285938 0.00944678 -0.0145949 0.0288769 0.109039 -0.0239995 2.82979e-05 0.0907914 0.00541597 0.0288015 -0.00430895 0.021964 -0.00683894 0.00147391 0.00906662 -0.000613312 0.0290616 0.0132347 -0.0138002 -0.0160988 0.0108953,800,0,cuda,77.07,84.67
test,233,american_pit_bull_terrier_39,american_pit_bull_terrier,dog,correct,american_pit_bull_terrier,lime,2,0.990578,35,0.597676,0.972902,0.375226,0.162457,0.8512,0.500411,0.677684,,,0.0424748 -0.00234131 0.0559493 0.000158193 -0.0417929 0.149099 0.280218 0.0050537 0.065012 0.0105951 0.0308443 0.127933 -0.0212562 0.246666 0.121479 0.00578032 -0.0106057 0.200496 0.119821 0.0442129 0.0417293 0.063084 0.00292983 0.0271753 0.017259 0.203552 -0.00101112 -8.12349e-05 0.123833 -0.00808676 -0.044392 -0.0147047 0.0295112 -0.010718 0.038321,800,0,cuda,55.82,61.06
test,2845,saint_bernard_68,saint_bernard,dog,correct,saint_bernard,lime,28,0.999613,29,0.246751,0.796202,0.549451,0.058873,0.953214,0.096302,0.731171,,,-0.0210032 -0.0779876 0.0203342 -0.0309625 0.111022 0.00998588 0.140446 0.085332 -0.0160884 0.00537777 -0.00785341 0.000270517 0.0139754 0.426043 0.241627 0.0444001 0.00994108 0.0623637 -0.00751476 0.192528 0.264032 -0.0128564 0.0557819 0.025739 -0.00659267 0.00775777 0.0186305 -0.00881334 0.0168511,800,0,cuda,55.96,64.96
test,2941,samoyed_64,samoyed,dog,correct,samoyed,lime,29,0.997806,30,0.678292,0.977711,0.299419,0.20339,0.917546,0.404311,0.71208,,,0.0125658 0.0231988 0.0155663 0.321759 0.0129754 0.383971 0.264084 0.0190864 0.0227817 0.109234 0.22577 0.0348363 0.0884786 -0.00539073 0.119904 0.00414087 0.00647353 0.00808272 -0.00321016 -0.0151695 0.00542577 0.0535042 -0.022856 0.00533893 0.00200631 -0.00755075 -0.00943917 -0.00731021 0.0144024 -0.0121263,800,0,cuda,37.45,45.15
test,2346,Persian_65,Persian,cat,correct,Persian,lime,23,0.999869,32,0.881477,0.99629,0.114813,0.368359,0.83456,0.310678,0.691564,,,-0.00684191 0.0394775 0.170974 0.00745553 0.017075 -0.0167225 -0.0357123 0.0241641 0.0430876 0.00589768 -0.0106122 0.29938 0.0371861 0.0130293 0.144788 0.010041 0.0366785 0.181869 0.0279536 0.183299 0.127044 0.10586 -0.0341397 0.0201755 0.0143174 -0.0117725 -0.0161322 -0.0133237 -0.014536 -0.00558295 -0.0209745 -0.00420566,800,0,cuda,42.48,52.67
test,2088,miniature_pinscher_198,miniature_pinscher,dog,wrong,american_pit_bull_terrier,lime,21,0.776541,40,0.334582,0.612385,0.277803,0.104637,0.858207,0.02341,0.674858,,,0.103719 0.00898512 -0.0475808 -0.0250277 0.00363287 0.00769659 0.212429 -0.00569618 0.212773 0.0584771 -0.0124712 -0.00106608 0.0183791 0.0599339 -0.0100475 0.0276134 -0.0266847 -0.0210845 0.00838894 -0.0079667 0.032452 -0.0433592 0.0135451 -0.0163168 0.0529275 0.055051 -0.0109026 -0.0270903 0.0204198 -0.00141792 0.0351562 -0.00948136 0.00626546 -0.0247532 -0.0205503 0.0322813 0.0417632 -0.00431273 -0.0103424 -0.0122747,800,0,cuda,53.96,60.39
test,287,american_pit_bull_terrier_90,american_pit_bull_terrier,dog,wrong,staffordshire_bull_terrier,lime,34,0.49256,37,0.745197,0.992239,0.247042,0.069188,0.681172,0.03598,0.706096,,,-0.0149279 0.00579638 0.0139502 0.0360995 0.00140216 -0.0181305 0.0202678 0.0131269 -0.00637256 0.000917314 0.00796264 0.00752278 0.0147343 -0.00278444 0.0384982 -0.00382362 0.0603615 0.0833373 0.0035661 -0.017308 -0.00532606 0.0119615 0.042871 -0.0230227 -0.0206703 0.29976 -0.018174 -0.00947477 0.069129 0.00336497 -0.0246811 -0.0205292 0.0483868 0.0488408 -0.0166857 0.00815786 -0.0195275,800,0,cuda,33.64,40.38
test,1091,Egyptian_Mau_207,Egyptian_Mau,cat,correct,Egyptian_Mau,lime,11,0.842473,39,0.53691,0.991619,0.454709,0.116811,0.773944,0.271137,0.542554,,,0.0198675 0.0484521 0.00283588 -0.0151142 0.000713705 0.00395199 -0.00668961 -0.0108057 -0.0309831 0.0143148 0.00497033 -0.0180787 0.030948 0.146488 0.0176017 -0.000388767 0.022651 0.0157566 0.00508671 0.0690975 0.0705026 -0.0152551 0.0511512 0.202952 -0.0292767 0.0119295 0.093692 0.00347812 0.0138058 0.094876 0.00401601 0.0104232 -0.0227347 0.0318489 0.00282629 -0.00237941 -0.0661611 0.00734313 -0.0162393,800,0,cuda,47.73,53.14
test,733,Bombay_48,Bombay,cat,correct,Bombay,lime,7,0.984918,31,0.455497,0.79367,0.338173,0.402155,0.775891,0.276757,0.61219,,,-0.00462039 -0.017419 0.00476348 0.010029 0.0165146 -0.0117592 0.0162875 0.0448895 0.0379197 0.0472403 0.0202107 0.0631598 0.0264068 0.0194064 0.0223061 0.0867085 0.0249705 -0.0142609 0.155184 0.0932363 -0.00904284 0.0360275 0.121772 0.0122414 0.0584124 0.0894749 0.00667777 0.0387131 0.0183002 0.0160398 0.0187355,800,0,cuda,48.1,51.09
test,3004,scottish_terrier_31,scottish_terrier,dog,correct,scottish_terrier,lime,30,0.996449,37,0.61091,0.980208,0.369298,0.183655,0.832932,0.443678,0.792506,,,0.0852718 -0.0290179 -0.0041053 0.0596528 0.0374282 -0.00743834 0.0201932 0.195704 -0.00773854 0.0205779 -0.00935948 0.0135037 0.0360197 0.273535 0.00919966 0.401101 -0.00568934 0.159407 0.0388941 0.0605966 0.0296873 0.188473 0.0420169 0.0233813 0.0130648 0.00765634 -0.00956013 0.0338574 0.0029433 -0.00170686 -0.0204748 -0.0103725 -0.0198249 0.0216114 0.0253452 0.00614259 -0.00543659,800,0,cuda,68.51,77.69
test,512,Bengal_22,Bengal,cat,correct,Bengal,lime,5,0.993189,45,0.214186,0.663582,0.449396,0.141092,0.926154,0.271126,0.643312,,,-0.0101682 -0.0218832 -0.0255204 -0.013206 -0.000100079 0.0152582 0.0172639 -0.0206276 0.0213806 0.0105154 -0.00305567 0.00450552 0.0109716 0.00320571 0.0229857 -0.00346702 0.0064278 0.00210277 -0.0334141 -0.0087101 0.120181 -0.0128249 0.0136824 0.319697 0.0224295 0.00734079 0.0720176 -0.00707624 0.040456 0.00427532 -0.00426306 0.286307 -0.0130833 0.0042544 0.0336902 0.0139528 -0.000557529 -0.0110991 0.0329791 0.000315822 0.0221086 0.059222 0.0222538 0.00506947 0.0117255,800,0,cuda,41.51,42.6
test,1790,keeshond_199,keeshond,dog,correct,keeshond,lime,18,0.997469,43,0.746492,0.596833,-0.149659,0.074234,0.809706,0.073079,0.543842,,,0.00281988 0.0381372 0.0886592 -0.0250586 0.337561 0.0527372 0.00208005 -0.0578245 0.0746158 0.084997 0.0886231 0.128301 0.00807431 0.209618 -0.0154858 0.00344464 0.0121666 0.0073341 -0.154672 0.0260696 0.0620976 0.0714174 0.00246427 -0.00379628 0.0924428 -0.00581008 0.132016 -0.00906385 0.00587128 -0.015876 -0.0116747 -0.029998 0.0583537 -0.0160428 0.0080422 0.0234006 0.0133352 0.0133739 -0.0174532 -0.0586341 0.0959054 0.0376732 -0.0256339,800,0,cuda,63.27,66.16
test,810,boxer_31,boxer,dog,correct,boxer,lime,8,0.999185,41,0.91191,0.995669,0.083759,0.399737,0.844302,0.340392,0.582427,,,0.0189822 -0.0149611 0.0154755 0.00549374 0.00913779 -0.00624076 0.0159552 0.0253969 0.00895608 -0.0161222 0.115205 0.0399568 0.228502 0.00830937 0.0226722 0.00939733 0.0956752 -0.00161555 0.0379762 -0.00171524 0.0114478 0.00644922 0.000679559 0.0542919 0.0250345 0.0605629 0.0375111 0.00101766 0.077906 -0.000972903 -0.0135554 0.0107024 0.0187464 -0.0174568 0.0395969 -0.00743242 -0.00726984 0.0128219 0.00647922 0.0232039 0.0181814,800,0,cuda,51.6,57.46
test,3047,scottish_terrier_70,scottish_terrier,dog,correct,scottish_terrier,lime,30,0.998352,32,0.808155,0.94762,0.139465,0.173707,0.879347,0.307,0.906245,,,0.0383517 -0.0150541 0.0344586 0.0945508 0.0763371 0.0961315 0.0252938 0.0118207 0.0593163 0.0675231 0.723859 0.0647805 0.00861996 0.0238899 0.0394616 0.0202574 0.0528037 -0.00284625 0.0365297 0.00622954 0.0250255 0.00945433 0.0222763 0.0163435 -0.00865306 0.00404448 0.00723393 0.0108101 0.039855 -0.00122497 0.0031214 6.39272e-05,800,0,cuda,61.55,69.53
test,3387,staffordshire_bull_terrier_25,staffordshire_bull_terrier,dog,correct,staffordshire_bull_terrier,lime,34,0.50175,42,0.191785,0.735527,0.543742,0.016578,0.318946,0.328792,0.505915,,,0.0157194 0.0167428 0.0108054 7.68956e-05 -0.00232397 0.00109766 0.0027713 0.00465503 0.0629167 0.00461704 -0.00934882 -0.0102315 -0.000739359 0.00307787 -0.00150097 -0.00702921 -0.00284363 0.00851662 -0.00136112 0.0686832 -0.00417159 0.00650604 0.000560154 0.00753457 0.0169041 0.00721342 0.013947 -0.00128418 0.00474955 0.0165273 0.00583335 0.00364643 0.00363402 0.00988966 0.00454517 0.00401223 0.00617261 0.00401813 0.00474553 -0.000759309 0.00174809 0.00181904,800,0,cuda,38.96,39.62
test,1679,havanese_98,havanese,dog,correct,havanese,lime,16,0.986616,39,0.648019,0.97761,0.329591,0.309555,0.805172,0.461674,0.726541,,,0.0413882 0.0601705 0.122151 0.0766876 0.242431 0.0144228 0.0801348 0.000662642 0.187502 -0.00580152 0.202629 0.0218516 0.00474014 0.10391 0.0785692 0.243119 0.0158873 0.021603 0.101124 -0.0104044 0.0211086 0.00256773 0.044992 0.016923 -0.0583398 0.00429622 0.0117249 0.0190159 -0.00957656 0.0439517 -0.0256142 -0.00106362 0.0431913 -0.00296645 -0.014025 0.0162003 0.0527465 0.02078 0.0305477,800,0,cuda,56.53,65.74
test,815,boxer_36,boxer,dog,correct,boxer,lime,8,0.946506,40,0.815629,0.936204,0.120575,0.344768,0.879977,0.348128,0.649956,,,0.020948 0.0854096 0.0678223 0.161562 0.0196833 0.0200899 0.0171276 0.178073 0.0843035 -0.0292751 0.00808134 0.00931736 0.0155977 -0.0161099 0.150331 0.0633514 -0.0402457 0.00496133 0.0133097 0.00487312 -0.00281466 0.0108508 0.0911622 0.0235092 0.00540345 0.0374719 0.0340594 0.007256 -0.00943132 0.0101196 -0.00440297 -0.0152912 -0.00194608 0.00326731 -0.00695127 0.0207036 -0.0208212 -0.00334265 -0.000774786 0.0167627,800,0,cuda,41.86,50.14
test,828,boxer_48,boxer,dog,correct,boxer,lime,8,0.998769,38,0.537807,0.549521,0.011714,0.364119,0.936847,0.352572,0.710114,,,0.0739719 0.0576926 0.0290907 0.0842068 0.0337784 0.375951 0.017383 0.0334846 -0.0164256 0.0460447 0.00524145 0.0328827 -0.0099723 0.0684524 0.0172874 0.00363582 0.0984709 -0.007743 0.0112625 0.00838202 -0.0141084 0.0280937 0.0566374 0.029299 0.0289671 0.00337943 0.00459804 0.0241854 0.000190301 -0.0253311 -0.0016211 -0.00678035 -0.00450967 0.023504 0.0107955 0.0326242 -0.0109989 -0.00303926,800,0,cuda,66.31,80.41
test,1261,english_cocker_spaniel_81,english_cocker_spaniel,dog,correct,english_cocker_spaniel,lime,12,0.999989,50,0.253468,0.434777,0.18131,0.203462,0.872579,0.553017,0.67567,,,0.0202157 0.00376695 -0.0122068 -0.0367912 -0.0175837 -0.00373913 0.0149966 -0.00651153 0.0155056 -0.0330662 0.0196387 0.0142288 -0.0454477 -0.0346757 0.00013225 -0.0237423 0.00492082 0.00904166 0.00234843 0.00219682 -0.0410503 0.00953196 -0.000420272 0.0172894 0.235983 0.257526 0.155996 0.277589 0.00268747 0.0876801 -0.00565446 0.153224 0.0730986 0.166622 0.115556 -0.0238094 0.259068 -0.0280817 0.0167792 0.0174827 0.196743 -0.0120044 0.027858 -0.0283266 -0.0335385 0.0294004 -0.0293861 0.0477158 -0.00598468 0.0105026,800,0,cuda,44.51,48.94
test,1577,great_pyrenees_96,great_pyrenees,dog,correct,great_pyrenees,lime,15,0.976963,35,0.372349,0.987665,0.615316,0.131317,0.871924,0.009504,0.739214,,,-0.00805146 0.00174881 0.0379234 -0.0152593 -0.0316576 -0.0170366 0.0312942 0.000661859 0.196815 0.0273354 0.0756528 -0.0560848 0.112708 -0.00651785 -0.0246471 0.445829 -0.00420962 -0.0221771 0.0704265 0.0253879 0.0149825 0.0541912 -0.034903 0.161462 0.0930704 0.000532644 -0.0122878 -0.0209305 0.00327742 0.0123948 0.0152861 0.014064 0.0112736 -0.0133457 0.00566467,800,0,cuda,25.9,29.95
test,2147,miniature_pinscher_6,miniature_pinscher,dog,correct,miniature_pinscher,lime,21,0.846592,37,0.301698,0.747919,0.446221,0.275498,0.861206,0.152443,0.51491,,,-0.0240805 -0.00966889 -0.0725451 -0.0946602 -0.00510436 0.0252742 -0.0727959 0.0539933 -0.00211607 -0.00497903 -0.0164092 -0.0113524 -0.013058 -0.0132687 -0.00878499 0.0250862 0.0175241 -0.00780833 0.0103012 0.00522005 0.00189055 0.00733528 -0.000894011 0.242415 0.000228664 0.0164047 0.0374682 -0.00244937 -0.00679431 0.0561531 0.00704247 0.021589 0.00560467 0.197143 -0.00385205 -0.00729011 0.00579917,800,0,cuda,60.4,68.87
test,279,american_pit_bull_terrier_81,american_pit_bull_terrier,dog,correct,american_pit_bull_terrier,lime,2,0.50889,37,0.59945,0.992043,0.392593,0.032112,0.598927,0.190135,0.436956,,,0.00991903 -0.00135809 0.00118114 0.00160644 -0.00904613 -0.00241838 0.00857142 0.0096391 -0.00735925 -0.0023165 -0.00134794 0.00599538 0.0161586 -0.0035255 -0.00382475 0.0653171 -0.00687018 0.0178419 0.00341588 -0.00744934 0.0788095 0.0172844 -0.00986573 0.0376103 0.00650321 0.00237965 0.0332192 0.0582609 0.00552815 0.0669114 0.00139582 0.0421459 -0.00153066 -0.00343907 0.0735426 0.0258615 0.00410675,800,0,cuda,49.41,62.61
test,744,Bombay_59,Bombay,cat,correct,Bombay,lime,7,0.999951,34,0.879823,0.863262,-0.016561,0.566885,0.877078,0.463719,0.479618,,,0.0167555 0.0156283 0.0509317 0.000241026 0.0537114 0.00963119 0.168397 -0.0142284 0.0542086 0.0913253 0.0398265 0.0938011 0.0311841 0.0727226 0.0700465 0.00101584 0.0667784 0.0727155 0.0101512 0.0166343 0.0106359 0.0163858 0.000876851 0.0112773 0.0226514 0.0241049 0.00775526 0.0350902 0.0431889 0.0106817 0.0349428 0.0180233 0.0344098 -0.00296431,800,0,cuda,40.94,41.69
test,1277,english_cocker_spaniel_96,english_cocker_spaniel,dog,correct,english_cocker_spaniel,lime,12,0.999931,49,0.323043,0.753657,0.430614,0.09701,0.860749,0.461924,0.74077,,,0.0109078 -0.00275581 0.00721092 0.0258925 0.00996878 0.0393199 0.0125921 -0.0160247 -0.000565741 -0.0188105 0.00818823 0.00706573 -0.0230198 0.0296734 0.0384671 0.00848685 0.0146339 0.136414 -0.0639028 -0.00251469 -0.026468 0.124033 0.0021667 0.022671 -0.00258086 0.224122 0.00701177 -0.0240037 0.344289 0.00568782 0.155064 0.00729735 0.0222828 0.0328487 0.457131 0.0947812 0.0277181 0.0564875 -0.00312082 0.000776654 0.0519555 0.00524569 0.043806 -0.0168299 -0.00461267 0.0193665 -0.00373627 0.00143728 0.0025265,800,0,cuda,36.12,40.46
test,1687,japanese_chin_196,japanese_chin,dog,correct,japanese_chin,lime,17,0.99926,35,0.783542,0.999027,0.215486,0.256804,0.790482,0.47452,0.682714,,,0.00500044 0.0233545 0.0411044 0.000107178 0.131748 -0.00325994 0.10979 0.0565338 0.0209467 0.033254 0.0122278 0.0327698 0.0884719 0.00510815 -0.0159281 0.119416 0.00234638 0.129175 0.00670143 0.14031 -0.021496 -0.00877236 -0.00561104 0.0685464 0.0464321 0.0342546 0.0418955 -0.0185653 0.307688 0.0269209 0.03901 0.0276111 0.00342835 0.0659603 -0.0238971,800,0,cuda,66.08,78.78
test,250,american_pit_bull_terrier_55,american_pit_bull_terrier,dog,correct,american_pit_bull_terrier,lime,2,0.534429,38,0.529835,0.713289,0.183454,0.037052,0.58277,0.107,0.721876,,,0.0264388 -0.00420074 0.00962511 0.010467 0.0259489 0.014135 -0.02143 -0.0124188 0.0928249 0.0474808 -0.0160594 0.0503076 0.033204 0.0705778 0.0526731 0.298806 0.00955957 0.00395965 0.155012 0.0264357 0.0365806 -0.00696447 0.0160276 0.0234123 0.00132573 0.00904934 -0.100616 0.0194897 -0.0126453 -0.0188482 0.0180688 -0.0377399 -0.00487908 -0.018697 -0.0256429 0.00042152 -0.0109073 -0.00528873,800,0,cuda,50.86,66.47
test,2868,saint_bernard_89,saint_bernard,dog,correct,saint_bernard,lime,28,0.998952,34,0.399414,0.981865,0.582451,0.136991,0.872079,0.263207,0.708717,,,0.0506764 0.124558 0.00616511 0.0259165 -0.00960296 0.0187686 0.00175835 -0.0277354 0.226515 0.392069 -0.0122217 0.195143 0.0330597 0.0164281 -0.0243543 0.099912 -0.115304 -0.00233063 -0.0270439 0.00466168 0.0933831 -0.00519565 0.0503837 0.00208242 0.0121916 0.0183682 0.128688 0.0103479 -0.0191743 0.150818 -0.0151226 -0.0116867 0.00783319 0.0164392,800,0,cuda,31.56,37.24
test,2374,Persian_91,Persian,cat,correct,Persian,lime,23,0.994456,40,0.560846,0.999251,0.438405,0.091898,0.939914,0.094564,0.774585,,,0.0306607 0.010416 -0.121582 -0.00350186 0.00664838 0.0035207 0.0145329 0.0636318 0.00906989 0.218178 -0.00167225 -0.0371066 0.0119984 0.224666 -0.00321982 -0.00161117 0.333346 0.00875763 -0.00750981 0.427606 0.0403038 0.01153 0.0230595 0.0333282 0.00822495 0.0126473 -0.0166456 -0.0301836 0.00193619 0.0260229 0.00843139 -0.0287571 -0.0214236 -0.0156888 0.0374547 -0.00703498 -0.0332362 -0.052698 -0.0264006 -0.0120629,800,0,cuda,55.2,65.74
test,2302,Persian_268,Persian,cat,correct,Persian,lime,23,0.996965,30,0.293068,0.024452,-0.268616,0.108416,0.84135,0.108633,0.571292,,,0.00520835 0.0171921 0.00200816 -0.000535569 0.0820516 -0.0154441 -0.00969798 0.0685246 0.0706777 0.274344 0.0190936 0.0265766 0.0744591 0.173636 0.207732 0.0323497 -0.0150558 0.0368343 0.160311 0.0238415 -0.000989067 -0.0008504 0.0017643 0.00922391 0.056067 -0.00480677 -0.00237304 -0.0205317 -0.0142678 -0.015314,800,0,cuda,37.42,45.28
test,2390,pomeranian_19,pomeranian,dog,correct,pomeranian,lime,24,0.99875,35,0.531529,0.994909,0.46338,0.150106,0.890531,0.138304,0.765272,,,-0.0139818 0.0270045 0.328107 -0.0299275 -0.0282187 0.117152 0.0137253 0.00432521 -0.0430751 0.345009 0.00896439 0.0833557 0.00193554 -0.0127077 0.0202304 0.392464 0.0825812 0.122034 0.11744 -0.0200885 -0.0169602 0.02543 0.0249485 0.0190426 0.0187626 -0.0344459 -0.038843 0.0120379 -0.00784881 -0.0159535 0.010272 -0.0234238 -0.0263442 -0.0152398 -0.0348908,800,0,cuda,72.73,79.88
test,2193,newfoundland_20,newfoundland,dog,correct,newfoundland,lime,22,0.999469,37,0.24713,0.699345,0.452215,0.161829,0.953776,0.239766,0.915242,,,-0.00719993 0.0205417 0.032298 -0.00401945 0.0122641 0.0224434 0.00912611 0.0447366 -0.0166126 0.0127338 -0.00871892 0.023076 0.108917 0.0352062 0.0238806 -0.00121002 0.0761467 0.0537169 0.747975 0.0402493 0.00704554 0.00679461 0.0208681 0.00807275 -0.00302124 0.00200142 -0.00532411 -0.0106572 -0.0121195 0.0119861 0.0059288 0.025282 -0.0156571 -0.00100855 0.0128547 -0.0127434 0.00972974,800,0,cuda,37.87,52.47
test,1962,leonberger_83,leonberger,dog,correct,leonberger,lime,19,0.999394,35,0.619081,0.893112,0.274031,0.290228,0.890211,0.416334,0.557786,,,-0.0082817 -0.0072098 0.0163141 0.240052 0.0941343 0.0969027 0.0171057 0.0430035 0.00722224 0.0926983 0.0414418 0.194731 -0.00680701 0.0834956 0.0576031 -0.0128044 2.76697e-05 0.0133911 0.017718 0.0513039 0.01465 0.198439 -0.0102224 -0.0164824 -0.0370011 -0.0127419 0.0492123 -0.00522899 0.0366631 0.0292355 0.00841829 0.0234863 -0.00953742 -0.0227089 -0.0310615,800,0,cuda,60.44,64.56
test,1045,chihuahua_64,chihuahua,dog,correct,chihuahua,lime,10,0.999606,39,0.204879,0.44856,0.243681,0.075876,0.902631,0.04581,0.809289,,,-0.00794572 0.0353502 -0.00145981 -0.0073183 0.152906 0.00272958 0.0378061 0.0260068 0.00556112 0.657387 0.066413 0.0590357 0.00114457 0.0230414 0.0143026 0.128629 0.0167651 0.005499 -0.00687646 0.1447 0.0259825 0.0148231 -0.0256818 -0.00462037 -0.0117914 8.34759e-05 -0.00864436 0.0225278 -0.030012 -0.0134457 0.0466014 -0.00723801 -0.0115896 -0.00303369 -0.00774506 0.0100091 0.0367524 0.0148538 -0.0340755,800,0,cuda,38.73,46.43
test,2351,Persian_6,Persian,cat,wrong,Maine_Coon,lime,23,0.928758,43,0.870197,0.99698,0.126783,0.206513,0.86287,0.174513,0.713241,,,0.0101064 0.0492034 0.103891 0.0427002 -0.0235015 -0.0493515 0.0401247 -0.0287819 -0.0084804 -0.0267311 -0.077584 -0.0102851 0.0218021 0.0368141 0.0196648 0.0276483 0.0169324 0.134801 -0.02438 -0.0106504 0.129055 0.212087 0.145108 -0.0248458 0.136081 0.1632 0.150434 -0.0101872 -0.034142 -0.0207819 0.00734081 -0.000416759 -0.0229661 0.0145067 0.0177088 0.0142303 0.0250125 -0.0064067 -0.00320814 0.0138695 -0.0113915 0.00287524 -0.0128785,800,0,cuda,37.02,40.0
test,1854,keeshond_76,keeshond,dog,correct,keeshond,lime,18,0.999683,34,0.680086,0.986283,0.306197,0.360645,0.937741,0.331397,0.5753,,,-0.0144648 -0.00728172 0.0221073 0.0185183 0.0052901 -0.00044808 0.0192179 0.0328918 0.00623502 -0.00983577 0.000748731 0.101635 6.91376e-05 -0.00540527 0.0660507 -0.010884 0.00288066 -0.00146164 0.109283 0.233597 -0.00590059 0.0126288 0.066643 0.0271634 0.0356167 0.0214021 0.0268939 0.00533457 0.047044 0.0517259 0.026777 0.0252744 0.0502982 -0.00107163,800,0,cuda,56.13,62.71
test,31,Abyssinian_30,Abyssinian,cat,correct,Abyssinian,lime,0,0.998405,29,0.379982,0.673583,0.293601,0.258897,0.96467,0.215132,0.633362,,,-0.0135036 0.0608726 0.0160636 0.0170978 0.00235331 -0.0173743 0.0181659 0.032708 0.256666 0.0479619 0.256443 0.110119 0.0133289 0.0150201 0.0325297 0.00127824 0.0280098 0.0353456 0.0304377 -0.000906481 -0.0518561 0.00276949 0.0212131 -0.0126778 -0.0188472 -0.0182771 0.0112863 0.00341199 -0.00745241,800,0,cuda,50.16,61.71
test,3426,staffordshire_bull_terrier_61,staffordshire_bull_terrier,dog,correct,staffordshire_bull_terrier,lime,34,0.892182,46,0.181501,0.607563,0.426062,0.088777,0.664671,0.112521,0.645669,,,0.185111 0.0250343 0.0988775 0.0696033 -0.00631532 0.0449487 0.00269554 0.0942468 0.0093924 0.00612845 0.0187054 0.118731 0.0724498 0.0216243 0.0570774 -0.00607086 0.00341116 0.02419 0.0613192 -0.0075358 0.00113855 -0.00454243 0.00780945 0.003398 0.0246448 -0.00209701 0.0300297 -0.00223484 0.0274286 0.00585575 0.0181842 -0.00697725 0.0111603 -0.0139036 0.0347175 0.0255563 0.0144234 -0.00427584 0.015092 0.0182365 0.0155256 0.00208598 0.0115505 -0.00435027 -0.00603544 0.0182,800,0,cuda,38.68,42.03
test,864,boxer_80,boxer,dog,correct,boxer,lime,8,0.999287,39,0.91767,0.996733,0.079063,0.323978,0.811783,0.41719,0.582456,,,0.0569739 0.0130923 0.0243811 0.0295553 0.0188287 0.1055 0.0201352 0.081753 -0.00914549 0.0202522 0.0813914 0.109785 0.0587505 -0.0142284 0.0429914 -0.000448665 0.0672378 0.177975 -0.00264364 0.0446974 0.00464514 -0.0144165 0.0759609 0.0395943 0.0322629 0.00465644 0.0128014 0.0967941 -0.0163926 0.012628 0.0278609 0.0108016 -0.0105814 -0.0129878 0.0224542 -0.00647386 -0.00481288 0.00408972 0.000274476,800,0,cuda,30.61,43.13
test,3460,staffordshire_bull_terrier_92,staffordshire_bull_terrier,dog,correct,staffordshire_bull_terrier,lime,2,0.508029,40,0.473194,0.730215,0.257021,0.08109,0.791572,0.342139,0.592429,,,-0.00360589 0.0541205 0.0257009 -0.00924438 0.0253885 0.0224576 0.0180573 -0.00510388 -0.00375779 0.173866 0.130172 -0.0102483 0.0641792 -0.0296833 0.0636138 -0.000716549 0.166189 -0.0303044 -0.0400238 0.0107528 0.171316 -0.01774 -0.0253308 -0.0230037 -0.120014 -0.00622806 -0.01076 0.0194884 0.0301534 0.00932389 0.0327822 -0.0311781 -0.151994 0.00599089 0.0312737 -0.0135222 0.201949 -0.0106505 -0.0213399 -0.00565553,800,0,cuda,42.55,49.04
test,3646,yorkshire_terrier_7,yorkshire_terrier,dog,correct,yorkshire_terrier,lime,36,0.981011,48,0.196927,0.63189,0.434963,0.065148,0.946688,0.031033,0.994771,,,-0.00161112 -0.00198042 0.00318737 0.00448716 -0.00163413 0.00473026 -0.00253844 0.000639337 0.00869731 0.0012031 -0.00186127 -0.000641228 0.00220099 0.0167635 -0.00192007 -0.00758414 -0.00404157 0.00843113 0.00223694 -0.00438812 0.932556 0.0135156 -0.00114156 -0.0253661 -0.00307174 -0.000998395 0.00112082 0.00225913 -0.00522576 -0.00187544 -0.000413512 -0.0032476 0.0167715 -0.00126318 -0.00341294 -0.00694828 -0.0023519 -0.00294339 -0.00414309 -0.00312512 -0.00236162 -0.00139736 -0.00168509 -0.000787281 9.39674e-05 -0.00158259 0.000222706 -0.00322669,800,0,cuda,33.52,36.78
test,2031,Maine_Coon_47,Maine_Coon,cat,correct,Maine_Coon,lime,20,0.97973,34,0.168666,0.345693,0.177027,0.187774,0.843098,0.080588,0.825347,,,0.0151947 0.0184853 -0.0668096 -0.00942549 -0.000287873 0.0127185 0.0112789 0.290898 -0.00974954 0.0169795 0.0430332 0.00147816 -0.00923863 0.00538145 0.349815 -0.0232003 0.00808848 0.0238023 0.0116299 0.205741 0.0756314 -0.000441098 0.0575661 0.00886421 0.0169013 0.0114174 0.163304 -0.0197959 0.0392444 0.00824827 0.0126854 0.00653786 0.00441317 0.0123227,800,0,cuda,47.1,50.24
test,2379,Persian_99,Persian,cat,correct,Persian,lime,23,0.999493,34,0.8807,0.997032,0.116332,0.343024,0.873347,0.564439,0.669951,,,0.0200934 0.0296759 0.0251113 -0.0155481 -0.00510274 -0.005866 0.0359688 0.00269825 0.00755105 -0.00513312 0.318827 0.175748 0.0283308 0.0290666 0.184405 0.215799 0.014171 0.159213 0.00260031 0.139892 0.143756 0.114307 0.034875 0.04151 0.0503769 0.0388084 -0.0169794 0.0124699 0.00375352 0.016333 0.00697069 0.00308819 -0.00508051 0.00523985,800,0,cuda,60.73,76.38
test,1912,leonberger_38,leonberger,dog,correct,leonberger,lime,19,0.999204,34,0.319675,0.819837,0.500162,0.152609,0.919624,0.382903,0.673317,,,0.0035331 0.0221432 0.0120337 -0.0140463 0.0298292 0.000993983 -0.0226455 0.00970966 0.112333 0.292619 0.0106412 0.211851 0.0367749 0.161593 0.0245457 0.359468 0.00512338 -0.0167708 -0.0142249 0.0418339 0.0239777 0.0222794 0.00508726 0.265691 0.0842159 0.238181 0.0307297 0.00547449 -0.0410563 -0.0175483 0.00919162 -0.00273886 -0.019099 0.00103704,800,0,cuda,43.27,51.15
test,842,boxer_60,boxer,dog,correct,boxer,lime,8,0.99909,36,0.75273,0.996948,0.244218,0.247359,0.914838,0.522782,0.663669,,,-0.00291152 0.0386219 0.00465339 0.0728346 0.0149988 0.00645611 0.0387157 -0.0235138 0.0221537 0.070488 0.011772 0.0269881 0.0801319 0.14697 0.04907 0.145283 0.196155 -0.00806091 0.31265 0.000279096 0.00887201 0.0461494 0.0202891 0.230281 0.0677034 0.0503137 0.0251445 -0.0106415 0.014311 0.0177757 -0.0228228 0.0233701 0.0179351 -0.0147203 0.0203929 -0.0130834,800,0,cuda,44.83,58.8
