split,position,image,true_breed,species,group,predicted_name,method,label,p_label,num_segments,area,overlap,excess,deletion,insertion,additivity,fit_r2,seed_rho,seed_jac,weights,num_samples,seed,device,runtime_s,total_s
test,2807,saint_bernard_33,saint_bernard,dog,correct,saint_bernard,lime,28,0.98345,32,0.104114,0.299547,0.195433,0.151313,0.889381,0.202858,0.740272,,,-0.0131867 0.01064 0.00477319 -0.021065 0.23539 0.253553 -0.00682171 -0.000411818 0.0108258 -0.00896957 0.220504 0.222105 0.369219 0.00489604 0.0219842 0.0555239 0.0249534 -0.0195137 -0.0243848 0.0200515 0.00757228 0.001793 -0.0267303 0.000552696 0.0123877 -0.0300574 -0.0208556 0.0108292 0.0059743 -0.0121143 0.00199623 -0.0525329,800,0,cuda,51.2,62.86
test,2095,miniature_pinscher_22,miniature_pinscher,dog,wrong,chihuahua,lime,10,0.969969,35,0.367566,0.881784,0.514218,0.028147,0.926748,0.42302,0.555706,,,0.0876539 0.0737158 -0.00452558 -0.0177274 0.143013 0.0777259 0.00273941 0.165061 0.136525 0.0612269 0.1464 0.0166636 -0.0111689 0.0609453 0.0667208 0.00716625 0.0153388 -0.00391959 0.0201256 -0.0166301 0.00631851 -0.0145938 0.00423663 -0.010401 -0.0392831 0.00138787 -0.0242124 -0.0110464 -0.0146009 -0.0225221 -0.0295589 0.00357157 -0.0321236 -0.0125554 -0.00603436,800,0,cuda,62.68,65.93
test,2216,newfoundland_41,newfoundland,dog,correct,newfoundland,lime,22,0.999886,35,0.37486,0.896752,0.521892,0.140483,0.879343,0.410622,0.771676,,,-0.0118425 0.0388213 0.100803 0.00990444 -0.00732335 0.0530377 0.0972082 0.00560195 -0.0145252 0.254686 -0.00210708 -0.0152394 0.0451789 0.381733 -0.019461 -0.0108674 0.0426442 -0.0125649 0.29055 0.00489204 0.0586604 -0.0112743 -0.0131438 -0.0217985 -0.00655761 0.307315 0.035593 0.0195184 0.000733041 0.0154216 0.0558776 4.61141e-05 -0.0121635 0.0248397 -0.00194819,800,0,cuda,73.69,74.79
test,2796,saint_bernard_23,saint_bernard,dog,correct,saint_bernard,lime,28,0.999334,38,0.56244,0.964201,0.401761,0.195488,0.795711,0.272232,0.629111,,,-0.015429 0.0478479 0.0695365 -0.00251995 -0.000342821 0.156199 -0.0124052 0.0499149 0.053007 0.0761129 0.102002 0.148859 0.120189 0.0802271 0.174722 0.211179 0.200645 0.0529118 0.0427238 0.034722 0.118004 0.161777 0.0927914 -0.00791016 -0.0128081 0.00117034 -0.0258256 -0.0356085 0.0251263 -0.0180128 -0.0439391 -0.00338053 0.0133726 -0.023721 -0.00588659 -0.00883658 0.0025757 -0.0100677,800,0,cuda,62.57,67.69
test,2525,pug_49,pug,dog,correct,pug,lime,25,0.998885,36,0.489039,0.9945,0.505461,0.08174,0.925462,0.170058,0.837917,,,0.0253642 0.00562105 0.000707235 -6.3376e-05 0.0161452 -0.0138729 0.00814558 -0.00706016 -0.00586338 -0.0152909 -0.0148695 -0.00674725 -0.0257861 -0.0202035 0.0146217 -0.0396402 0.00616195 0.0737668 0.0688455 -0.000523941 -0.0219457 0.00242241 0.132594 0.00953736 0.0462654 0.721168 -0.00156778 0.18006 0.0408449 0.0228576 0.0106331 -0.00926696 -0.00235237 -0.0140802 0.00548036 0.0115545,800,0,cuda,24.95,30.25
test,3122,shiba_inu_48,shiba_inu,dog,correct,shiba_inu,lime,31,0.996718,44,0.273577,0.945169,0.671592,0.081359,0.872458,0.274516,0.655422,,,-0.0219053 0.0103005 -0.0328789 0.0953761 0.00806742 0.0120994 0.0243505 -0.00784941 0.16377 0.0152638 0.110525 0.288203 0.156681 -0.00328389 0.100785 0.0298855 0.0619341 0.0475113 -0.0208039 -0.0215223 -0.000586469 0.0130431 0.214498 0.0276698 0.0567574 0.0137564 0.151649 0.262441 -0.023355 -0.0331143 -0.00736954 -0.0122124 -0.0399298 0.026489 -0.0279384 -0.0172974 -0.0267249 0.0022296 -0.0107477 -0.00569505 -0.0393 -0.00622056 0.0112018 0.00506551,800,0,cuda,54.18,59.01
test,3665,yorkshire_terrier_97,yorkshire_terrier,dog,correct,yorkshire_terrier,lime,36,0.999377,47,0.363441,0.979556,0.616115,0.134453,0.961679,0.401806,0.681966,,,0.00287389 -0.0145893 0.025957 -0.0270342 -0.0143525 0.0128492 0.0103799 -0.0446064 0.00627208 -0.00608917 0.0348325 0.0535574 -0.014151 0.117544 0.33994 0.0954378 -0.0319948 -0.0303036 0.0473697 0.0759776 0.157383 0.0936599 0.392907 0.00154866 0.0528166 -0.0143406 0.106205 -0.00333518 0.0167359 0.0290305 -0.0126231 -0.00571843 -0.0192925 -0.000197193 -5.99421e-05 -0.00998825 -0.00412564 0.00787617 0.0217568 0.0105091 0.0410735 -0.0183762 -0.0236992 -0.0213126 -0.00406136 0.0072146 -0.00908745,800,0,cuda,31.16,35.18
test,3491,wheaten_terrier_2,wheaten_terrier,dog,correct,wheaten_terrier,lime,35,0.999312,39,0.768754,0.691455,-0.077299,0.286747,0.84414,0.476524,0.632779,,,0.00122356 -0.00256394 -0.0056327 0.000616032 -0.0166499 0.0254169 0.0643002 0.0526607 -0.00202948 0.0699006 0.0856209 0.0228418 0.0313559 -0.0334841 0.0560261 0.109385 0.0618444 0.0252571 0.223672 0.23421 0.103212 0.0530253 0.0670864 -0.00148402 -0.0195132 0.154172 0.15586 0.015068 -0.0112694 0.00568436 0.0972132 -0.0230219 -0.00461204 -0.0292185 -0.0349213 -0.00073914 0.0541423 0.012472 0.000771262,800,0,cuda,64.7,66.62
test,2583,Ragdoll_205,Ragdoll,cat,correct,Ragdoll,lime,26,0.999546,36,0.686384,0.992368,0.305984,0.02503,0.880533,0.135859,0.776431,,,0.0103739 0.0298406 0.0160278 -0.00852239 0.00231277 0.0480465 -0.0198048 -0.00168978 0.0387973 0.0377191 0.0841502 -0.00102262 0.00780936 -0.00808557 0.297348 0.060542 0.00468259 0.0247345 0.639847 0.00663059 0.0375493 -0.0079889 0.109713 0.0300098 -0.00127326 0.0819962 0.00856152 0.0438339 0.0220449 0.0106047 -0.001265 -0.0125698 -0.00833074 0.0170486 -0.0136073 -0.0212227,800,0,cuda,35.23,40.0
test,1393,german_shorthaired_200,german_shorthaired,dog,correct,german_shorthaired,lime,14,0.999869,26,0.368244,0.741511,0.373268,0.36348,0.898972,0.388757,0.513838,,,0.00565717 0.024436 0.00901356 0.0794365 -0.0143904 0.0142818 0.00818539 0.00133662 0.0941985 -0.022775 0.199649 0.0577915 0.0926756 0.144164 0.034278 0.0652911 0.0306344 0.0285354 0.0329375 0.00391816 0.0450494 0.0158918 0.046277 0.0637574 0.005901 -0.000709495,800,0,cuda,58.46,61.11
test,1818,keeshond_42,keeshond,dog,correct,keeshond,lime,18,0.998992,51,0.214605,0.966756,0.752152,0.122559,0.924988,0.479576,0.690408,,,0.0273658 -0.00502097 0.0223414 -0.0250292 0.0287109 0.0451035 -0.0132887 -0.0207602 -0.023654 0.0245559 -0.0185554 0.0104317 0.024739 0.120268 0.0253242 0.00665677 0.0693598 0.123607 0.0262805 0.233286 0.0132859 0.0173462 0.0327669 0.11975 0.0576941 -0.0137511 0.00689164 0.0159811 -0.0167759 0.367773 0.00701688 -0.00703142 0.181021 -0.010546 0.0318054 -0.00602206 0.0346344 0.0131064 -0.0323821 -0.00274039 -0.00796305 0.0199224 0.00165219 -0.00370111 0.0159485 0.0183227 -0.00651075 -0.0106135 -0.00295964 0.00684749 -0.0143558,800,0,cuda,33.72,41.11
test,309,basset_hound_200,basset_hound,dog,wrong,beagle,lime,4,0.999972,35,0.655552,0.994534,0.338981,0.268005,0.951609,0.467667,0.607297,,,-0.00648829 0.00626947 0.0462142 0.227077 -0.028194 0.00462502 0.159219 -0.00919648 -0.0306672 0.0121151 0.0346936 -0.0158209 0.0843315 -0.0105394 0.221317 0.209417 -0.0101809 0.0560616 0.0996402 0.0174775 0.0963503 0.0581377 0.0043825 0.0428968 0.0347474 -0.00183438 -0.00592559 -0.015325 -0.00146101 -0.00151713 0.0932156 0.00333487 0.0098789 0.01229 0.0118742,800,0,cuda,59.75,62.44
test,1827,keeshond_50,keeshond,dog,correct,keeshond,lime,24,0.923799,46,0.642638,0.783394,0.140756,0.115988,0.81988,0.066724,0.655629,,,0.099566 0.098974 0.12534 -0.00970543 -0.00894986 -0.00756195 -0.0615037 0.153118 0.00212748 0.177934 0.207218 0.0017164 0.178936 0.0342432 0.0421425 0.000726499 0.230799 0.00754183 0.00717773 0.0223512 0.0168848 -0.00196029 0.0101664 -0.0603769 0.0128023 0.00160227 0.00665243 -0.101354 0.0144129 0.0317673 0.00273046 -0.0339908 0.0142482 -0.0151464 -0.0386779 -0.0189173 0.020936 -0.0264808 -0.0216336 -0.0114546 -0.02687 0.0276672 -0.00664686 -0.0151988 -0.0333179 0.0310953,800,0,cuda,52.72,54.33
test,2343,Persian_62,Persian,cat,correct,Persian,lime,23,0.9995,43,0.652802,0.990548,0.337745,0.106794,0.933994,0.288929,0.760783,,,0.0171933 0.0420971 -0.0212522 0.0567063 -0.00221932 0.000914748 0.00691547 0.0106344 -0.00809594 -0.0130785 0.334564 0.111228 -0.00843696 -0.00676357 -0.0322188 0.086317 0.0321635 -0.00428872 -0.0139561 0.335211 0.441445 0.135406 0.0264789 -0.0124682 -0.00218312 -0.000907805 -0.00770139 0.0025187 -0.00405092 -0.0229649 -0.0176867 -0.0256725 0.008069 -0.0192797 -0.0291915 -0.0127621 -0.0157243 -0.0211616 -0.000805047 0.00200846 0.00799212 0.0124535 0.00204471,800,0,cuda,61.37,69.52
test,3638,yorkshire_terrier_72,yorkshire_terrier,dog,correct,yorkshire_terrier,lime,36,0.999961,34,0.674047,0.971109,0.297062,0.320359,0.975823,0.236372,0.410179,,,0.000388398 0.0288847 -0.00294286 0.00548817 0.0109922 0.0911257 -0.00199417 -0.00998948 0.00663316 0.031963 -0.00836685 -0.00416816 0.0538827 -0.0124543 0.000836773 0.137142 0.0114958 0.00861182 0.162717 0.0293726 0.0051142 0.00293442 0.0170492 -0.00870014 0.0163412 -0.0118307 0.00305173 -0.000734064 0.0774366 0.000293579 0.0164461 -0.00630565 0.0265569 -0.00618078,800,0,cuda,54.96,63.19
test,490,beagle_93,beagle,dog,correct,beagle,lime,4,0.999963,36,0.477818,0.995436,0.517618,0.175844,0.926811,0.591779,0.679478,,,0.0193069 0.0221632 -0.00633168 0.0318276 0.00171298 0.0538759 0.0892236 0.00887171 0.0465382 0.0684814 -0.0158261 0.0919306 0.0366996 0.210194 -0.0531281 0.26565 -0.0259305 -0.0119427 0.153107 0.211528 0.254441 0.136546 0.0307609 0.0679839 0.000678363 0.0401818 0.218688 0.0700692 -0.00474428 0.0529516 0.0205862 -0.00404985 0.0396112 -0.00977143 0.00660639 -0.000271549,800,0,cuda,39.23,44.64
test,818,boxer_39,boxer,dog,correct,boxer,lime,8,0.999719,35,0.696747,0.883284,0.186537,0.327588,0.941699,0.326528,0.489689,,,0.0221724 0.0090633 0.13377 0.198918 -0.00278677 -0.0101453 0.0313782 0.00226519 0.0712077 0.108455 0.0252989 -0.0188028 0.0752236 0.00270987 0.00691924 0.00840278 0.00392599 0.0171497 0.0210345 0.021064 0.0357932 0.0271127 0.0377108 0.0215189 0.00920668 -0.0213788 9.4195e-05 0.0123427 0.0188036 0.0214099 -0.00352161 0.00771999 0.0109179 -0.00809182 0.00184007,800,0,cuda,78.39,85.69
test,1944,leonberger_67,leonberger,dog,correct,leonberger,lime,19,0.999871,41,0.153041,0.768167,0.615125,0.170924,0.970051,0.408953,0.720983,,,0.0176601 0.0133351 0.0149005 -0.015402 -0.0223808 0.0434049 0.0272346 0.0137954 0.0170766 -0.010672 0.00944688 0.0466685 0.0416614 -0.0106472 -0.00407098 0.0226186 0.484137 0.067009 -0.0162366 0.168898 0.0596135 0.0268416 0.186928 0.0134064 0.0162109 0.0232906 0.0152641 0.125348 -0.000988157 0.000280488 0.000398546 -0.00647662 0.0257533 -0.0206692 0.0109999 0.0183967 -0.0344292 -0.00886478 0.0100296 -0.0104606 -0.0104565,800,0,cuda,31.12,36.89
test,1779,japanese_chin_98,japanese_chin,dog,correct,japanese_chin,lime,17,0.994445,39,0.122389,0.548294,0.425905,0.110032,0.91877,0.166673,0.970858,,,-0.00829747 0.00578803 0.00293299 -0.00141117 -0.000414473 0.00209311 0.0015301 0.0758372 0.00590622 -0.00717483 0.00566763 0.00700309 0.00571114 0.0185759 -0.00697034 0.0542258 0.024636 0.010287 0.0762814 0.00354963 -0.00758503 0.806012 0.0280853 -0.00239432 0.0186969 0.00357976 -0.00131218 0.016672 0.00358426 0.0106473 0.0168576 0.0146467 0.00713953 0.00488404 0.00828588 -0.00768658 0.0114756 0.00150129 0.00571266,800,0,cuda,36.28,46.21
test,2281,Persian_21,Persian,cat,correct,Persian,lime,23,0.999894,42,0.60218,0.997055,0.394875,0.228397,0.897481,0.372857,0.768637,,,0.0846313 0.0471077 0.0192556 0.0137774 0.0634893 0.269513 0.0083133 0.00423736 0.11058 -0.000484183 0.0893308 0.037122 0.449091 0.0752203 0.281707 0.050331 0.132498 -0.00374188 0.0939178 0.0579305 0.00541959 0.0157158 0.0274327 -0.0096216 -0.0444714 -0.0056517 -0.018104 -5.1409e-05 -0.0102312 0.000116983 0.00269826 -0.00219091 0.0251644 0.0198702 -0.00876668 -0.0410583 -0.0115756 -0.00387259 0.00542558 -0.0114088 -0.000448701 0.00192395,800,0,cuda,46.49,48.65
test,2650,Ragdoll_72,Ragdoll,cat,correct,Ragdoll,lime,26,0.99875,30,0.569615,0.889481,0.319866,0.216067,0.903803,0.530388,0.762564,,,0.0110097 -5.49684e-06 0.05529 0.0735017 0.182126 0.0289374 0.0379738 0.0240088 0.034636 0.00197312 0.155151 -0.00267377 0.197542 0.0617776 0.000879393 0.0806204 0.0443139 0.366645 0.0247548 0.140934 0.0052409 0.00910883 0.22126 0.00144262 0.0485717 0.0280953 0.0241987 0.0506662 0.00298703 0.0265249,800,0,cuda,47.99,53.17
test,1539,great_pyrenees_61,great_pyrenees,dog,correct,great_pyrenees,lime,15,0.982035,31,0.482581,0.621006,0.138424,0.141229,0.945517,0.007197,0.802137,,,0.0150442 0.0266414 -0.0239827 0.0559303 0.563459 0.0161233 0.0287068 0.0334317 0.0158666 0.0149201 -0.0865777 0.134494 -0.00290745 0.00453 0.0423949 -0.0563988 -0.0165306 0.0256409 -0.0306637 0.0268753 0.02116 0.00858364 -0.000687384 -0.00107858 0.0124542 -0.0276865 -0.00326768 -0.00890172 0.0242727 0.00728405 -0.0389827,800,0,cuda,35.33,35.84
test,1758,japanese_chin_79,japanese_chin,dog,correct,japanese_chin,lime,17,0.998154,48,0.286213,0.791706,0.505494,0.068555,0.934913,0.112388,0.711754,,,-0.0174403 0.0217113 0.00944932 0.0287845 0.00898993 0.0200959 -0.00115984 0.0137303 -0.00412645 -0.0119137 -0.00516935 -0.00292301 -0.0113285 0.0210931 -0.0153515 -0.00169781 0.0212052 -0.0241719 0.00613703 0.0530623 0.474028 0.0295567 -0.0130762 0.00512067 -0.0017022 -0.0172275 0.35482 -0.053268 0.0479807 0.0254886 0.0197094 -0.00221214 0.0924481 -0.00950882 0.0615135 0.00630737 0.00693361 0.0262193 0.00384599 0.0120572 0.0027742 -0.0145714 0.0138858 0.0302586 0.00468228 -0.0174916 -0.00237052 -0.00601536,800,0,cuda,75.35,104.07
test,2704,Russian_Blue_239,Russian_Blue,cat,wrong,Bombay,lime,7,0.991788,40,0.471181,0.922386,0.451204,0.163213,0.938672,0.196191,0.868348,,,-0.0181371 -0.00147981 -0.0164411 -0.0102955 -0.0359496 -0.0314323 -0.00499037 -0.0188522 0.0180125 0.0251196 0.0235823 0.00530756 0.00564071 0.438915 -0.0061015 0.0770321 0.133535 0.0296083 0.00503349 0.0336 0.140922 0.00999875 0.00040441 0.0195512 0.0452546 0.0241941 0.0139487 0.0151487 0.00106865 0.0546296 0.00295553 0.00254102 0.0213386 0.0919885 -0.00369974 -0.0135121 0.000936736 0.00925108 -0.0060085 0.0360064,800,0,cuda,50.68,54.23
test,3317,Sphynx_29,Sphynx,cat,correct,Sphynx,lime,33,0.999564,33,0.64212,0.987436,0.345316,0.361658,0.890944,0.334848,0.698117,,,-0.00597909 0.00957998 0.00572446 0.0198341 -0.00640852 -0.00659523 0.017843 0.032804 0.0168805 0.00812041 0.00735538 0.0151973 0.0278976 0.109198 0.028945 0.0349765 0.0111897 0.123166 0.0101461 0.105327 0.0212101 0.160852 0.0530567 0.0355019 -0.00861204 0.0657303 -0.00885068 0.125581 0.0270145 0.0640705 0.0205725 -0.00916594 0.000712721,800,0,cuda,35.13,46.42
test,3190,Siamese_228,Siamese,cat,wrong,Birman,lime,6,0.957361,31,0.739338,0.84877,0.109433,0.189402,0.790347,0.146509,0.792432,,,-0.0309965 0.073012 0.000919211 0.00334726 0.0114671 0.0551239 0.148603 0.00927449 0.167863 0.0472574 0.0617746 0.122732 0.512002 0.00438198 0.0951937 0.0318535 0.0431793 0.038156 0.00518575 0.0540482 0.105663 0.0590146 -0.00563661 -0.00900698 -0.0196404 0.000715356 0.0205727 -0.0239713 0.00248569 0.0118237 -0.014106,800,0,cuda,92.01,92.54
test,1538,great_pyrenees_60,great_pyrenees,dog,correct,great_pyrenees,lime,15,0.853661,40,0.318718,0.761974,0.443256,0.065196,0.929548,0.037332,0.761698,,,-0.0327199 -0.0181382 -0.00873508 0.00190761 -0.0139901 0.00830244 -0.0247691 0.0203804 0.00777386 -0.00283774 -0.00610484 -0.100865 -0.0108524 0.0271276 -0.07492 0.0194382 -0.00938529 0.0488962 0.153465 0.478737 0.0201702 0.00822275 -0.0712891 -0.0175417 0.0129121 0.00820794 -0.00108534 0.0172747 0.0594232 -0.00389065 -0.0274485 0.058043 0.0124809 0.0255792 -0.0167066 0.0757877 -0.00902735 0.0748289 -0.00596922 0.052729,800,0,cuda,73.39,76.17
test,1259,english_cocker_spaniel_7,english_cocker_spaniel,dog,correct,english_cocker_spaniel,lime,12,0.999992,42,0.503807,0.842714,0.338907,0.148807,0.897235,0.436787,0.745869,,,0.00356873 0.0226088 -0.0110152 0.00726447 0.0407453 0.00977651 -0.0152039 -0.0127305 0.0338526 0.0488434 0.351323 -0.000128351 -0.0275395 0.183704 0.0242625 0.0918712 0.0339569 0.0125994 0.031341 0.519675 0.162057 0.00372608 0.0235804 0.0483412 -0.00831762 -0.00453328 0.0373473 0.00775651 0.00575905 0.0196052 0.0222441 -0.0209538 0.035696 0.024 0.0176625 -0.006087 0.0300635 0.00358179 -0.0205032 -0.0045029 0.0151903 -0.00433926,800,0,cuda,42.74,52.23
test,1165,Egyptian_Mau_85,Egyptian_Mau,cat,correct,Egyptian_Mau,lime,5,0.978107,39,0.333187,0.59707,0.263882,0.356993,0.96359,0.092491,0.517278,,,0.0553152 0.0176178 -0.00842213 -0.00250903 0.071924 0.0675637 -0.0157586 0.0473279 0.00297384 0.0447726 -0.0108926 0.023839 -0.0152393 0.00424216 0.0273064 0.00296111 0.0159393 -0.0434592 0.016396 0.0120236 -0.0333034 0.0226223 -0.033128 -0.0405599 0.0115058 -0.0503257 0.013142 0.0207022 -0.00138127 0.211176 0.00672002 -0.00076776 0.00474869 -0.0166563 0.00628569 0.090449 0.00544243 -0.0048203 0.0037817,800,0,cuda,34.26,39.35
test,892,British_Shorthair_239,British_Shorthair,cat,correct,British_Shorthair,lime,11,0.710713,40,0.485332,0.879197,0.393865,0.12353,0.916432,0.371632,0.778877,,,0.0142758 -0.0144126 -0.0238858 -0.0331973 0.0176373 -0.00364052 -0.000504034 0.0153136 0.012192 0.0093883 -0.0227235 0.0465723 -0.0056405 -0.0230573 -0.018014 -0.0108129 -0.0168619 -0.0126344 0.0238257 -0.00464864 0.503339 0.0657475 0.0577172 0.0232309 -0.00705101 0.15463 0.0424815 -0.00725077 0.0722069 0.000801657 -0.0280167 0.00888799 0.00784218 -0.00154737 0.00685662 0.00570661 -0.013587 -0.00188993 -0.0162601 3.09499e-05,800,0,cuda,48.96,64.19
test,970,British_Shorthair_87,British_Shorthair,cat,wrong,Abyssinian,lime,9,0.839664,32,0.191067,0.594902,0.403834,0.045725,0.700698,0.179912,0.692693,,,0.00920235 0.00754912 0.00887738 0.00868308 0.0435 0.00267559 -0.0127979 -0.0145622 0.0292902 -5.29868e-05 0.0233983 0.0605491 0.0253146 0.0776919 -0.0164518 0.285717 0.0416582 0.0214547 0.020839 -0.0364134 0.302123 0.0518774 0.0159338 0.0422928 -0.00601468 0.00237034 0.00721604 -0.0117696 0.0122815 -0.00156112 -0.0204538 -0.00356803,800,0,cuda,42.86,45.5
test,2126,miniature_pinscher_50,miniature_pinscher,dog,correct,miniature_pinscher,lime,21,0.916355,37,0.45468,0.989106,0.534426,0.239878,0.94413,0.152061,0.279159,,,-0.00394527 0.00419877 -0.0101533 0.00788935 -0.00201407 -0.00845509 -0.00539667 -0.0182711 -0.00519329 0.0098723 0.0105475 0.0117953 0.0139631 0.0374866 -0.0175874 0.0547909 -0.011442 0.0114693 -0.0152781 0.0676365 0.0286513 0.0152737 0.00879499 0.00474539 0.0986857 -0.0119313 0.00308069 0.0319931 0.00333485 0.00052046 -0.00499451 -0.00293279 -0.000861486 -0.0033486 0.00417901 -0.00243553 0.0141826,800,0,cuda,81.8,86.85
test,2560,pug_80,pug,dog,correct,pug,lime,25,0.999517,35,0.38353,0.773077,0.389547,0.065323,0.901629,0.135545,0.802646,,,0.00122594 0.0366514 -0.00941145 -0.0162822 -0.0239973 0.106746 0.00912373 0.031596 0.169073 0.0637975 0.0147127 0.0135345 0.013785 -0.0018916 0.00822827 0.0880654 0.56185 0.00695116 0.0107618 -0.00185809 0.0246295 0.318735 0.00802305 0.113187 0.050379 -0.00451778 -0.0506659 -0.0106551 0.0126333 -0.00346954 0.00442626 -0.00864124 0.0261663 0.0214881 -0.0395922,800,0,cuda,42.4,46.48
test,2873,saint_bernard_93,saint_bernard,dog,correct,saint_bernard,lime,28,0.998566,36,0.506776,0.907647,0.400871,0.174292,0.918156,0.245916,0.732878,,,-0.0195675 -0.0156124 0.133555 0.0730764 -0.0222012 -0.0516522 0.0122032 -0.060162 0.0019072 0.0762893 -0.0680859 0.21075 0.29619 0.0356034 0.0860701 0.0691533 -0.00986114 0.101382 0.094833 0.3928 0.0144529 0.024465 -0.0354618 0.0425322 -0.00497156 -0.000524246 0.00974896 0.186739 0.049453 0.00246149 -0.012795 -0.0110341 0.00163915 -0.0159499 -0.000505324 -0.024342,800,0,cuda,36.04,39.79
test,1188,english_cocker_spaniel_197,english_cocker_spaniel,dog,correct,english_cocker_spaniel,lime,12,0.99946,37,0.433036,0.701014,0.267978,0.133209,0.850841,0.33724,0.756498,,,0.324139 0.0850424 -0.0154363 -0.0049035 -0.00888284 0.0846304 -0.0359616 0.0186209 0.0418135 0.00897588 -0.000476638 0.402503 -0.0140582 0.0385491 0.0412036 0.098944 0.0609943 0.101929 0.0506143 -0.0119927 0.0116032 0.248306 0.0301506 0.00871973 0.0318936 0.0730583 0.0384816 0.0197749 0.0421966 -0.0092281 0.0141558 0.0784822 -0.0167676 0.0135738 0.0691896 -0.00234949 -0.00278594,800,0,cuda,54.49,77.79
test,2961,samoyed_82,samoyed,dog,correct,samoyed,lime,29,0.994288,40,0.335639,0.886804,0.551165,0.118929,0.819716,0.16192,0.800742,,,0.0528519 0.0510028 2.39646e-05 0.403606 0.0134896 0.0745537 -0.0141641 -0.000442534 -0.00215196 0.0440293 0.327899 0.0338921 0.167966 -0.00814169 -0.00411817 0.0237828 0.0128776 -0.00779297 -0.0136015 0.000292056 0.0585706 0.210333 0.0186841 0.0181992 -0.0145591 -0.00331511 -0.00717833 0.0090403 0.0267748 0.0283539 0.00633328 0.0106446 0.00261613 0.0106762 0.0291138 0.00393941 -0.0120656 0.00997733 -0.0100585 0.000282854,800,0,cuda,93.27,105.88
test,2692,Russian_Blue_212,Russian_Blue,cat,correct,Russian_Blue,lime,27,0.911647,31,0.548509,0.638823,0.090314,0.026282,0.839947,0.304881,0.480143,,,0.0227673 -0.0524747 0.00272288 0.0329483 0.011508 0.0377821 0.11394 0.13661 0.00898997 -0.101072 0.0559756 0.121923 0.0631224 -0.0049501 0.174828 0.0914486 -0.00184676 0.0293429 -0.0486201 -0.00153166 -0.0156212 0.102457 -0.029075 -0.0218015 -0.0141165 0.0295193 0.0446809 0.0448064 -0.00549996 0.0317249 0.0361506,800,0,cuda,50.2,54.73
test,521,Bengal_30,Bengal,cat,correct,Bengal,lime,5,0.99764,32,0.081453,0.354707,0.273253,0.057153,0.945055,0.123711,0.786223,,,0.0116283 -0.00187207 0.00321168 0.0132119 0.00457319 -0.00988883 0.0209619 -0.00528012 -0.00221591 -0.012022 0.0028317 0.0161765 -0.0234006 0.0129608 0.000739263 -0.0171149 0.0684475 0.0056515 0.520846 0.000825264 0.320443 0.0436213 -0.0119978 0.0327443 -0.0303689 0.0346987 0.0291437 -0.0247311 0.0490857 0.00641973 0.0299126 -0.0147312,800,0,cuda,29.92,33.37
test,3310,Sphynx_24,Sphynx,cat,correct,Sphynx,lime,33,0.999932,25,0.490175,0.976541,0.486366,0.224968,0.863058,0.522872,0.730831,,,0.135422 0.0369244 0.0654206 0.170176 -0.0243939 0.0478758 0.0286722 0.230428 0.0336854 0.166153 0.082236 0.120726 0.236384 0.244776 0.0469763 0.00773869 0.0424395 0.0220163 0.0383485 0.0383889 0.0167394 -0.0151434 -0.00999201 -0.00517528 -0.00445353,800,0,cuda,42.23,53.68
test,3437,staffordshire_bull_terrier_71,staffordshire_bull_terrier,dog,wrong,american_pit_bull_terrier,lime,2,0.84677,33,0.562221,0.989883,0.427662,0.070436,0.732275,0.138508,0.602979,,,0.027784 0.120177 0.0284052 0.0400875 0.113152 0.0498419 -0.0322058 0.159586 0.115063 0.0886595 0.0192906 0.0481149 -0.0208199 -0.0454685 0.0265401 0.00276389 -0.0299913 0.225415 0.00680086 -0.0335205 -0.0291481 0.0234995 0.00309205 -0.0134409 0.0120183 0.00943126 0.0113531 -0.0269569 -0.0220616 0.00779629 -0.00577668 0.00584907 -0.0339331,800,0,cuda,37.15,38.16
test,393,basset_hound_96,basset_hound,dog,correct,basset_hound,lime,3,0.78607,43,0.78111,0.976484,0.195374,0.15892,0.786312,0.099403,0.551337,,,0.031709 0.00402118 0.00293414 0.0627508 -0.0364023 0.0336615 0.03908 -0.0086286 0.0101766 0.0645546 0.145275 -0.0242728 0.053203 0.0284847 0.0671009 -0.0127201 -0.0359087 -0.0115558 0.00577781 0.0491949 0.0150341 0.189948 -0.000259136 0.0183806 0.0407471 0.0120001 0.0317973 0.0110953 0.0277502 0.0417732 0.00190211 0.0180611 0.0172296 0.0200354 0.0265021 0.0247009 0.0090563 0.024361 0.00958125 -0.0248216 -0.00151124 0.00399567 0.00532258,800,0,cuda,36.38,41.57
test,2373,Persian_90,Persian,cat,correct,Persian,lime,23,0.846698,36,0.79267,0.960661,0.167991,0.093794,0.894358,0.338873,0.674842,,,-0.0218996 0.0355297 0.0208479 -0.029544 0.0195011 -0.0139785 -0.0045596 -0.0485534 0.0237675 -0.0558833 0.0192054 0.0370375 -0.111698 0.0534854 -0.0035392 0.348158 0.227621 0.0248696 0.247538 0.0275755 0.173093 -0.0440369 -0.0109109 0.0434886 0.0555719 0.00470953 -0.011147 -0.00126045 -0.0012834 0.0214518 0.0037395 0.0109746 0.0164127 0.0275797 0.0259328 -0.0100621,800,0,cuda,43.94,49.0
test,77,Abyssinian_80,Abyssinian,cat,correct,Abyssinian,lime,0,0.999904,32,0.387536,0.986621,0.599085,0.236761,0.880091,0.354613,0.540442,,,-0.00574258 0.010452 0.0776439 -0.000813183 0.0152131 0.00242528 0.00781973 -0.00448298 0.00620063 0.0158611 -0.00374454 0.0321271 0.0269683 0.00443631 -0.00836484 0.0145737 0.0848648 -0.000779863 0.0206894 0.00105413 0.0129197 0.00600444 0.0496499 0.0219262 0.183355 0.0115873 0.118856 0.00594866 0.0115641 0.0363329 0.124081 0.150035,800,0,cuda,40.25,44.94
test,1564,great_pyrenees_84,great_pyrenees,dog,correct,great_pyrenees,lime,15,0.99941,34,0.608379,0.990729,0.382351,0.135916,0.918721,0.395512,0.762564,,,0.0282184 0.0575539 0.0139069 -0.0154807 0.0505578 0.512964 0.0182601 0.0823995 0.0130375 0.303252 0.359237 0.0288053 0.068248 0.0282662 -0.019279 0.0262392 -0.00369511 0.0596273 0.00649679 0.000815916 0.0118057 0.00704797 -0.0103232 -0.00893972 -0.0240788 0.00364831 -0.00955168 -0.00564431 0.0184216 0.00778349 0.0104038 0.0217444 0.0311388 -0.00687618,800,0,cuda,55.16,62.3
test,1417,german_shorthaired_41,german_shorthaired,dog,correct,german_shorthaired,lime,14,0.973847,30,0.435268,0.845688,0.41042,0.273288,0.7837,0.296966,0.628537,,,0.0105662 0.100599 0.0318453 -0.0154109 0.219915 0.0091612 0.173638 0.00793767 0.124686 0.0852441 -0.0280934 0.000376687 0.0943932 -0.0295903 0.105605 0.0755946 0.0575648 0.0119817 0.0298013 0.0648041 0.020728 0.00612538 0.0849805 -0.023145 0.125383 0.0985338 0.054498 -0.0052858 0.0313424 -0.00315419,800,0,cuda,31.32,34.03
test,3349,Sphynx_65,Sphynx,cat,correct,Sphynx,lime,33,0.999984,36,0.391283,0.708972,0.317689,0.319573,0.855991,0.332439,0.511679,,,0.0433683 0.00969593 -0.00928789 -0.00220343 0.0419659 0.000181684 0.0415614 0.157484 0.0271615 0.00460496 -0.00977943 0.12485 0.00388547 0.0244156 0.0250765 0.0263203 0.0542123 0.00928532 0.00504656 0.00911411 -0.00481501 0.0296551 0.14318 0.0943579 0.0138204 0.0541811 -0.00208448 -0.00760033 0.0427925 -0.0128205 0.00467278 0.0223507 0.00110683 0.0259329 -0.0200965 -0.0348377,800,0,cuda,45.07,45.59
test,262,american_pit_bull_terrier_66,american_pit_bull_terrier,dog,wrong,american_bulldog,lime,1,0.921096,36,0.212034,0.390621,0.178587,0.122508,0.667285,0.140351,0.681943,,,0.0109856 0.0171519 0.0117267 0.0156539 0.0094693 0.0129597 0.010047 0.00264399 0.0730183 0.123153 0.03758 0.0238484 -0.000557181 0.162562 0.00165381 0.016378 -0.0535692 0.173583 0.0124954 0.0025248 0.24674 0.0188008 -0.00400056 0.0239971 0.0161923 0.0296516 0.0122201 0.0152794 0.00247766 0.00651789 0.0231806 0.0273162 0.0157426 0.0148156 -0.00426349 0.0120328,800,0,cuda,65.47,70.53
test,198,american_pit_bull_terrier_191,american_pit_bull_terrier,dog,wrong,german_shorthaired,lime,2,0.926052,33,0.712432,0.672698,-0.039734,0.146299,0.783494,0.013734,0.799916,,,-0.0104317 0.0921442 0.164302 0.00879993 0.0695708 0.0174094 0.0718966 0.44621 0.0117 0.00492423 0.185835 -0.0027457 0.0424744 -0.00174178 0.0253675 0.00626481 0.0174869 -0.00146859 -0.012001 0.0125019 0.0143894 0.0285456 -0.0412778 -0.0132902 0.0284273 0.00633536 -0.000372926 -0.0260812 0.00753711 0.0246088 0.0280014 -0.0133081 -0.000350663,800,0,cuda,49.16,49.75
test,1936,leonberger_5,leonberger,dog,correct,leonberger,lime,19,0.99782,40,0.345125,0.523929,0.178804,0.21039,0.945374,0.437657,0.654948,,,0.00530196 0.0271459 0.015655 -0.000778925 0.0301442 0.00478048 0.0127048 0.00984855 0.0781568 0.436334 -0.0257518 0.0942571 0.0156571 0.100101 0.0562292 0.147082 0.0171976 0.00303245 -0.0318392 0.0247643 -0.00180167 0.127093 -0.025123 -0.00204602 0.0276997 0.0448049 -0.00902292 -0.00662082 -0.00657218 0.117646 0.085844 0.00323881 -0.0244849 0.0451934 -0.0261305 0.0433003 0.0168271 0.0447906 -0.0123814 -0.0123503,800,0,cuda,42.46,50.54
test,240,american_pit_bull_terrier_46,american_pit_bull_terrier,dog,wrong,staffordshire_bull_terrier,lime,34,0.93978,40,0.651786,0.986518,0.334732,0.268897,0.714569,0.560618,0.661073,,,0.02929 0.00923086 0.0601015 0.0710299 0.0328361 0.154117 0.0642092 0.256764 0.0349482 0.150904 0.0391981 0.057835 0.0133416 0.0311973 0.070922 0.0256544 0.00694673 0.0384711 -0.0103738 0.0631645 0.16943 0.008293 0.08494 0.0710107 0.0477358 0.00775732 0.0456087 0.0124661 0.0528643 -0.00321764 -0.0178661 0.0484596 0.0694887 0.0105885 -0.0118755 0.00722218 -0.0182904 0.0161945 0.0481173 0.00319487,800,0,cuda,49.47,61.44
test,721,Bombay_36,Bombay,cat,correct,Bombay,lime,7,0.86524,36,0.102738,0.529581,0.426843,0.071793,0.93338,0.005274,0.980068,,,-0.0131469 -0.000756911 -0.0126917 -0.00587265 0.00434696 -0.0258686 -0.0302056 -0.00861735 -0.00668594 -0.0129027 0.795242 -0.0170321 0.0020266 -0.00262579 0.0414704 -0.0121868 -0.00825312 0.0581848 -0.00204421 -0.0018446 -0.0193236 0.000791166 -0.00403774 0.0107838 -0.00817324 -0.00237808 0.0085587 -0.00490596 -0.00136294 -0.0131627 -0.00531696 -0.00659409 0.00412403 0.00159305 0.00101776 -0.00903206,800,0,cuda,51.11,53.6
test,2340,Persian_5,Persian,cat,correct,Persian,lime,23,0.999545,44,0.634845,0.70907,0.074224,0.227309,0.917034,0.355451,0.736536,,,0.000843226 -0.014597 -0.00262454 0.0460453 0.0140806 0.0656932 0.0662336 -0.00730459 0.00527741 0.38561 0.0522517 -0.00380794 0.0048714 -0.0166385 0.00484452 0.25356 -0.0149637 0.118905 -0.02239 0.00384694 0.167172 0.00471818 -0.000909567 0.0315373 -0.0104615 0.0395859 0.0253993 0.0135141 0.0153067 0.0077333 0.0628444 -0.0062902 0.000282627 0.00101068 0.0492154 0.0125404 0.00984713 -0.00537007 -0.00822402 0.0357922 -0.0361602 -0.00242732 -0.00282616 -0.00101385,800,0,cuda,55.25,64.18
test,1875,keeshond_95,keeshond,dog,correct,keeshond,lime,18,0.998505,45,0.340242,0.983137,0.642895,0.196158,0.933555,0.317581,0.568084,,,0.0211268 -0.00687788 -0.0167838 0.00721142 -0.00765968 0.0264011 -0.0261448 0.0221612 0.0541312 -0.0169945 -0.0464004 0.0204111 0.00719377 0.00537499 0.00789257 0.0314526 0.0138644 0.186571 -0.00902819 0.0142728 -0.0111811 0.0741813 0.0194118 0.00216659 0.17428 -0.0129509 0.196713 0.0670589 0.11435 -0.0131079 -0.000390055 -0.0186867 -0.00480778 0.00838158 -0.0165449 0.113093 0.00604131 -0.0200131 0.00325643 0.00699227 0.0177032 -0.0158367 0.00631351 -0.0111425 -0.0120233,800,0,cuda,42.42,46.33
test,3657,yorkshire_terrier_8,yorkshire_terrier,dog,correct,yorkshire_terrier,lime,36,0.998088,43,0.30403,0.986803,0.682773,0.131064,0.978869,0.250273,0.460871,,,0.00774124 0.0141299 0.0116186 0.000614142 0.0097816 -1.26002e-05 -0.00559081 0.000478671 0.0255112 0.0148242 0.031362 -0.00827464 0.0730076 0.09815 0.00176824 0.000994302 -0.019673 0.171831 0.00410443 0.00743183 0.159797 0.0468289 0.0202579 -0.0160394 0.0157011 -0.00156945 0.0357178 0.0241984 0.0369592 -0.00763103 0.0347279 -0.00104974 -0.0192991 0.0310066 -0.0229733 0.00388461 -0.0345776 0.000885749 -0.000942452 -0.00531285 -0.00115586 -0.00549806 -0.00866027,800,0,cuda,53.78,58.03
test,2115,miniature_pinscher_40,miniature_pinscher,dog,correct,miniature_pinscher,lime,21,0.986546,42,0.294603,0.967956,0.673353,0.156413,0.934551,0.273869,0.483954,,,6.91109e-05 -0.00209486 0.0182856 0.00774506 0.00311901 -0.00676344 0.0999688 -0.00568843 0.0976584 -0.0137387 0.116806 0.0976226 -0.0104874 -0.0136871 0.0941143 0.0428168 -0.00353899 0.0177867 0.000947644 0.0252619 0.0034477 -0.000266878 -0.0129628 0.116885 -0.00242243 -0.0122826 -0.00259106 0.0138917 -0.0123469 0.0412677 0.00867661 -0.00861655 0.0276062 0.0143149 -0.020316 0.0411954 0.0125132 0.00264159 0.00393484 -0.0104507 0.0213181 0.000284298,800,0,cuda,35.31,36.41
test,2500,pug_26,pug,dog,correct,pug,lime,25,0.990472,44,0.604532,0.977211,0.372679,0.080173,0.838413,0.002191,0.695838,,,0.0171169 0.015838 0.0009265 -0.00272981 0.0092449 -0.000127789 -0.02094 0.102007 -0.0239618 0.193426 0.0330759 0.112068 0.0500634 0.0292317 0.00434284 -0.0574293 0.0940629 0.0306876 0.234387 0.111391 0.0175751 0.000642451 0.187363 -0.0229351 0.195552 -0.00820164 0.0603989 0.0160761 -0.00636764 0.027693 0.0471196 0.00499078 -0.00867779 0.0508919 0.00390279 0.00492714 0.0120418 0.0101487 -0.019405 -0.000397199 0.0027666 0.00576076 0.0167436 -0.0144326,800,0,cuda,46.88,50.08
test,3171,shiba_inu_92,shiba_inu,dog,correct,shiba_inu,lime,31,0.99809,36,0.211037,0.936101,0.725064,0.112858,0.940289,0.130402,0.677356,,,0.0111061 -0.000484103 0.0344032 -0.0230507 -0.0430779 0.0416042 0.164176 -0.0182171 0.243572 0.0517489 0.0357286 0.0127928 0.192158 0.013008 0.019635 0.207004 -0.0236255 0.462798 0.0373731 -0.0122615 -0.0131348 -0.0333125 0.00537253 -0.00314937 -0.0242843 0.00403304 -0.0358231 0.00963819 -0.00531667 -0.00883029 -0.0103813 0.00705665 -0.00673231 -0.00216053 0.0254284 -0.00612973,800,0,cuda,97.63,99.87
test,1058,chihuahua_76,chihuahua,dog,correct,chihuahua,lime,10,0.99954,35,0.376834,0.744076,0.367242,0.131244,0.928531,0.404039,0.730466,,,0.00430844 0.128745 0.00761193 0.115149 0.0914387 -0.00129118 0.242997 0.477815 0.207401 -0.0112144 0.081434 -0.037559 0.29417 0.0481964 0.00943682 0.00979886 0.00718415 0.00887902 0.134265 -0.0517045 -0.00573096 0.00921052 -0.000163178 0.0285128 0.0190134 0.00195979 -0.0112488 0.00831885 0.00265936 0.00652 0.00317894 -0.00488044 -0.0215326 0.0094366 0.00640816,800,0,cuda,37.45,41.11
test,3107,shiba_inu_34,shiba_inu,dog,correct,shiba_inu,lime,31,0.999675,36,0.450175,0.987243,0.537068,0.138447,0.883654,0.482748,0.738699,,,0.0533876 0.0281746 0.0250947 0.0463489 0.0148183 0.0643618 -0.00488628 -0.00128889 0.123191 -0.00255713 0.0312955 0.326421 0.0320264 0.400541 -0.0289797 0.00447156 0.0593163 0.0254315 0.283218 -0.021075 0.0341363 -0.00923075 0.0697407 0.16122 -0.0104931 0.12724 0.000240806 -0.0141347 0.0152589 0.00874096 0.0132586 0.000842756 -0.0379838 0.0239409 -0.0313164 -0.0135655,800,0,cuda,31.81,37.17
test,799,boxer_21,boxer,dog,correct,boxer,lime,8,0.978955,39,0.782127,0.993193,0.211066,0.305,0.868874,0.37117,0.535091,,,0.0151426 0.00104589 0.00443582 0.0148232 0.0494598 0.0195121 0.10854 0.00129944 -0.00105918 0.0583716 0.0181531 0.0442084 0.0294384 0.0908677 0.00523535 0.0216362 0.107119 -0.0080162 -0.0210289 0.0524902 0.0211958 0.231601 -0.00572334 0.0267936 0.00435655 0.00869393 0.0265773 0.0203958 0.0566638 0.0172409 -0.0107472 0.0157783 0.00699034 0.0123733 0.00935162 0.00947327 -0.00253201 -0.00330097 -0.0220036,800,0,cuda,32.45,34.79
test,3273,Siamese_94,Siamese,cat,correct,Siamese,lime,32,0.999133,39,0.475108,0.949258,0.47415,0.159745,0.86294,0.294863,0.817751,,,0.0157903 0.00938141 -0.00627434 0.00564242 0.00648228 -0.0351577 0.0678047 -0.00974108 0.0198125 -0.0546734 0.397934 -0.025354 0.0010511 0.31626 0.00649224 -0.0261676 0.188497 0.267082 0.00206858 -0.00757022 -0.0270789 0.0187674 0.106596 -0.0231847 0.0577942 0.143638 0.0626289 -0.00414786 0.00267197 0.0330689 0.144186 0.00411126 0.00870478 -0.00155229 -0.0126793 0.0203094 0.0144235 -0.0148539 0.0088938,800,0,cuda,49.84,56.48
test,3581,yorkshire_terrier_20,yorkshire_terrier,dog,correct,yorkshire_terrier,lime,36,0.995378,42,0.897202,0.973213,0.076011,0.452445,0.92767,0.300831,0.463408,,,0.0123426 0.0134493 -0.000920992 -0.0176914 -0.000340604 -0.00511682 0.0160306 0.018698 0.00813011 0.022258 0.0135581 0.00168885 0.0121259 0.016803 0.0616221 -0.0022598 0.0214182 0.00117313 -0.0056526 0.0350643 -0.00275058 0.0276854 0.0264361 0.00973566 0.0573115 0.000154118 0.087623 -0.00401136 -0.0276611 0.0276969 0.16753 0.0575711 -0.0245264 0.00893803 0.0125028 0.00737129 -0.00759907 0.0453837 0.0706674 0.00325779 0.0454236 0.0260813,800,0,cuda,80.56,83.88
test,381,basset_hound_85,basset_hound,dog,correct,basset_hound,lime,3,0.967508,37,0.396365,0.858125,0.461761,0.20716,0.92979,0.403074,0.49588,,,-0.0055055 -0.00443812 -0.00414784 -0.000238443 -0.00495204 0.168337 -0.0113822 -0.00331479 -0.0155295 0.0261405 0.0528865 0.00835286 0.17842 0.00130573 0.144321 0.0447237 0.124619 0.100308 -0.0212421 0.10425 0.0454493 0.00838294 0.00866252 -0.0226226 0.0262797 0.0436652 -0.00808014 0.0283627 0.00145643 0.0218361 0.0408049 0.00522709 -0.0141939 0.0265854 0.00961256 -0.00938155 0.0489293,800,0,cuda,40.62,43.25
test,3105,shiba_inu_32,shiba_inu,dog,correct,shiba_inu,lime,31,0.982903,26,0.573162,0.60695,0.033788,0.083826,0.891519,0.011926,0.704546,,,0.146142 0.0427893 0.225405 -0.00986835 0.00756387 0.156521 0.202883 0.304352 0.0161104 0.197455 0.146758 -0.00355753 0.0116199 0.049581 0.126038 -0.108511 -0.0393175 -0.0551592 0.0600649 -0.1285 -0.0552926 -0.0830026 -0.0398528 -0.00662616 -0.04766 0.0292898,800,0,cuda,53.33,57.9
test,3439,staffordshire_bull_terrier_73,staffordshire_bull_terrier,dog,wrong,american_bulldog,lime,1,0.628896,32,0.502431,0.990912,0.48848,0.072265,0.662925,0.353004,0.693493,,,0.0972976 0.0167372 -0.00428808 0.0113118 0.0451962 0.0965897 0.231246 0.024905 0.0283311 -0.00526503 -0.0099929 0.169872 -0.0476122 0.160174 0.0535833 0.12939 0.202666 0.00401473 0.0333831 0.00529328 -0.00466944 0.0246071 0.0151532 -0.0220064 0.0135472 0.0595827 0.0225321 0.000355878 -0.00769291 0.0238092 -3.49304e-05 0.0223232,800,0,cuda,97.17,98.17
test,1969,leonberger_8,leonberger,dog,correct,leonberger,lime,19,0.994019,38,0.447007,0.992278,0.545271,0.125687,0.916393,0.358221,0.831147,,,0.0289877 0.00541568 0.0282814 -0.0119077 0.166212 -0.0209271 0.00944215 -0.0204121 0.0881148 0.0158359 0.023339 0.00898959 0.171451 0.669629 0.0168745 0.0336722 -0.00314883 0.011015 0.0675727 0.0186846 0.00505834 0.00843322 0.0845267 -0.0128747 0.0379506 0.0106716 0.02071 0.0252932 0.0186517 0.0705125 0.0162123 0.013897 -0.00422809 0.00300642 0.0188033 -0.0193955 -0.00742486 -0.0235486,800,0,cuda,61.46,66.2
test,1036,chihuahua_56,chihuahua,dog,correct,chihuahua,lime,10,0.999884,44,0.322345,0.976826,0.65448,0.070928,0.941061,0.278218,0.751546,,,-0.000146147 0.00614148 0.0406902 -0.0191232 -0.0157114 0.0271501 0.010322 -0.00146969 0.0533712 0.137578 0.559299 0.00448077 0.00396062 0.0518442 0.136651 -0.0244175 0.19658 0.354213 -0.0292147 0.0230139 0.136403 -0.00770497 -0.0254082 0.00325965 -0.0227734 0.0133643 0.000805585 -0.000885213 -0.00030708 0.0107033 -0.0266922 -0.00520158 -0.00540843 0.0109684 -0.0227123 0.00171685 -0.0133777 0.0191838 -0.0109956 -0.0126239 0.0176695 -0.0266742 -0.0163955 0.010943,800,0,cuda,68.61,83.79
test,1210,english_cocker_spaniel_35,english_cocker_spaniel,dog,wrong,newfoundland,lime,12,0.998193,43,0.508311,0.938894,0.430584,0.107657,0.805681,0.185056,0.591741,,,0.0159761 0.0106177 0.00385354 -0.0614261 -0.168568 -0.0136729 -0.0209314 -0.00672775 -0.0270045 0.029332 0.0181467 0.0916351 0.0924358 0.136425 -0.0741143 -0.0189768 0.0508389 -0.0434669 0.02456 0.00386439 0.043216 0.0173925 0.180746 -0.0210102 0.00364826 0.0520416 0.0847447 0.23813 -0.0498734 0.0459036 -0.0138151 0.0958852 0.0213158 -0.0086019 0.11922 0.0204993 0.00366081 0.0313216 0.189541 0.0100891 -0.00394864 0.0552722 -0.0130763,800,0,cuda,39.6,44.83
test,3278,Siamese_99,Siamese,cat,correct,Siamese,lime,32,0.998455,34,0.569814,0.995464,0.42565,0.301053,0.835584,0.508002,0.544156,,,0.00940204 0.0729337 0.0157493 0.0238542 0.0010104 0.0228178 0.0232569 -0.000999977 0.0507518 -0.0138089 0.00390721 0.0306385 0.0262113 -0.00869353 0.0921681 0.176027 0.126174 -0.000916339 0.0323569 0.0122017 0.0531475 0.0744211 0.00755856 0.162081 0.151869 0.00592147 -0.000877674 0.0472391 0.0119359 0.054025 0.0171215 -0.000745243 0.0904959 0.0844639,800,0,cuda,61.44,68.34
test,3258,Siamese_79,Siamese,cat,correct,Siamese,lime,32,0.999249,41,0.60501,0.747781,0.142771,0.292142,0.876942,0.34579,0.755246,,,0.0590588 0.0828491 0.0464814 0.0026348 0.0248636 -0.00230701 0.378856 0.0426394 0.00658107 0.09906 -0.0111669 0.00218564 0.00745249 0.0836787 0.00166199 0.00019855 0.0354414 0.00580821 0.0803261 0.094002 0.014908 0.00704168 -0.00550255 0.0358489 0.0467908 0.0200134 7.36872e-05 0.0121484 0.00961463 0.036665 -0.0120035 0.032321 0.00141792 -0.00798249 -0.0665542 0.00141648 0.0240833 -0.0130833 -0.00696333 -0.0040976 -0.0119053,800,0,cuda,62.87,63.48
test,1494,great_pyrenees_20,great_pyrenees,dog,correct,great_pyrenees,lime,15,0.996353,35,0.529456,0.974599,0.445142,0.359106,0.945015,0.19044,0.7373,,,0.000410905 -0.0132261 -0.0277773 -0.0100493 -0.00315556 0.0103938 0.00036574 0.335793 0.0113343 0.0129449 0.000894187 0.00867974 0.0852674 -0.0339461 -0.00274539 0.0135857 0.0499723 0.0110959 0.00828299 0.0937076 0.0375736 0.0425916 -0.00177236 0.00138426 0.0230643 0.0177373 0.0493267 -7.51479e-05 0.00708588 0.0280089 0.0244475 0.00597977 0.00377263 -0.000969281 -0.00996101,800,0,cuda,51.92,93.35
test,2485,pug_197,pug,dog,correct,pug,lime,25,0.999758,44,0.485092,1.0,0.514908,0.190267,0.906574,0.414615,0.643256,,,-0.0172917 -0.00382725 0.0499167 0.0517882 0.0234316 0.11287 0.0483761 0.0228555 -0.0143049 0.261404 0.0167079 0.0693781 0.0400643 -0.00208233 -0.0221303 0.152973 0.321316 0.0131308 0.011618 0.0240072 0.00603907 0.0500558 0.0421788 0.0560009 0.00309471 0.00051188 -0.00106946 0.00572746 0.00723155 -0.000508447 -0.000955952 0.00794925 -0.00360757 -0.00874147 -0.0126742 -0.0341654 -0.0134443 -0.0089867 0.0127888 -9.48171e-05 -0.00980573 0.0191612 0.00266936 -0.00216764,800,0,cuda,61.85,81.63
test,1515,great_pyrenees_3,great_pyrenees,dog,correct,great_pyrenees,lime,15,0.975871,35,0.474868,0.794699,0.319831,0.120961,0.76753,0.097781,0.707028,,,-0.0646524 -0.0292195 0.0762883 -0.0866935 -0.0139539 0.184962 0.014719 -0.0214503 0.0710034 0.269259 0.0969159 0.139406 0.000627517 0.0874733 -0.0141675 -0.00949853 0.0736008 -0.0132315 -0.00549 0.0374199 0.261929 -0.0236291 -0.0117784 0.00112971 -0.015561 0.0496157 0.0626497 0.00766192 0.0198427 -0.000401798 -0.00391484 0.0156486 0.0231022 0.0282179 0.0143181,800,0,cuda,79.48,88.04
test,106,american_bulldog_214,american_bulldog,dog,correct,american_bulldog,lime,1,0.999217,32,0.573541,0.902013,0.328472,0.241755,0.817627,0.250014,0.808802,,,0.130492 0.00626929 0.39115 0.0391855 0.0211883 0.0464148 0.0480884 0.232054 -0.00136521 0.206611 0.00285626 0.0406864 0.0268677 0.0803723 -0.00536926 0.0257883 0.257691 0.00175795 0.0302826 0.0197821 0.00161151 0.0436877 -0.00307522 -0.0144587 0.0076967 -0.0168794 -0.0123286 -0.0163002 -0.00698407 -0.018399 0.00690276 0.00514141,800,0,cuda,52.87,54.72
test,1703,japanese_chin_29,japanese_chin,dog,correct,japanese_chin,lime,17,0.999963,43,0.234235,0.982607,0.748371,0.189152,0.943386,0.363252,0.701547,,,-0.00801039 0.00458871 0.0209704 0.0190514 -0.00578152 0.0312208 0.0176483 -0.0190571 0.0167999 -0.0240684 0.00908897 0.0311257 0.00440998 -0.0383697 0.402895 -0.00978283 0.0249178 -0.0126653 0.0699698 0.0179557 0.0214348 0.282381 0.00293016 0.0218737 0.0689593 0.011626 -0.00199238 0.220514 0.000753427 -0.0248078 -0.0174588 -0.00541484 0.176416 0.00178407 0.00714876 0.016142 0.0239283 0.00701843 0.0282976 -0.00904887 -0.0117246 -0.00396334 -0.00856757,800,0,cuda,56.93,71.58
test,85,Abyssinian_89,Abyssinian,cat,correct,Abyssinian,lime,0,0.997826,41,0.643196,0.978695,0.335499,0.26399,0.876404,0.438709,0.636948,,,0.00739883 0.0234002 0.015088 -0.0125163 -0.00859853 0.0678291 0.0138734 0.0561787 0.0110182 0.00854789 0.00208294 -0.0621728 -0.0170109 0.0509025 0.0611812 0.0152668 0.0275204 0.157181 -0.0208521 0.0472996 0.139151 0.0613223 0.0501257 0.274325 0.00471796 0.0525985 0.0438788 0.0179346 0.0426137 0.171068 0.000725915 0.034028 0.0218429 0.0857452 0.0133874 -0.00636418 -0.0152805 0.0112787 -0.027616 -0.00967574 0.0150611,800,0,cuda,63.42,71.73
test,1226,english_cocker_spaniel_4,english_cocker_spaniel,dog,correct,english_cocker_spaniel,lime,12,0.998126,39,0.43469,0.578912,0.144222,0.067065,0.910974,0.056203,0.907592,,,0.0275839 0.00723735 0.050629 0.0559301 0.0102824 0.0123666 -0.00171321 0.00706136 0.750556 0.101579 -0.00214635 0.0280848 -0.000898548 0.00668725 0.192455 -0.00188016 0.0397264 0.0428436 -0.00813082 0.0237312 0.000743001 5.54274e-05 -0.00615493 0.0218216 -0.00615865 0.0115325 -0.0179784 0.00529444 -0.00236147 -0.00207536 -0.00315833 -0.0140921 0.00122611 -0.0109468 -0.015078 -0.00036625 0.00666882 -0.012539 -0.00266379,800,0,cuda,60.41,75.26
test,2616,Ragdoll_33,Ragdoll,cat,correct,Ragdoll,lime,26,0.9994,30,0.793168,0.844665,0.051497,0.11597,0.903063,0.110623,0.880143,,,0.00481351 0.0400444 0.102504 0.00515602 0.0233039 0.0187696 0.0724394 0.0294785 0.00578122 0.00033529 0.0228875 0.00715291 0.77005 0.026729 0.0148461 0.0478062 -0.0122514 0.0375939 0.0295356 -0.00914027 0.0168995 0.0241563 0.000989753 0.0126022 0.00830421 -0.00994925 -0.00186916 0.0195178 0.0254768 -0.0136272,800,0,cuda,82.28,85.31
test,1039,chihuahua_59,chihuahua,dog,correct,chihuahua,lime,10,0.999763,32,0.538564,0.994404,0.45584,0.148988,0.874671,0.509461,0.672918,,,0.0470521 -0.00327219 -0.0095739 -0.000335754 0.0589709 0.00335279 -0.00223109 0.0499952 0.00421057 -0.0187104 -0.0341605 0.0139783 0.349316 0.287607 -0.0338098 -0.0094559 0.0264948 0.0341183 0.24538 0.209834 0.0238676 0.238162 0.130549 0.00993616 0.0530954 -0.0180226 -0.0400986 0.00792449 0.15386 0.0172495 0.0133693 -0.00706913,800,0,cuda,39.09,41.66
test,474,beagle_79,beagle,dog,correct,beagle,lime,4,0.999938,36,0.137795,0.670136,0.532341,0.123261,0.962566,0.305802,0.756064,,,-0.00496938 -0.00746445 -0.00325252 -0.0119609 0.624302 -0.0115906 0.0141652 -0.00572517 0.00541508 0.194114 -0.00462014 0.0171943 0.239428 0.00334809 0.0858921 -0.00981208 0.0787524 0.0447272 -0.0158413 0.0177932 0.09641 0.103013 0.00131269 0.00619083 0.0373864 0.0552511 -0.0105755 0.00694897 0.00994887 0.0574642 -0.00832754 -0.0178099 -0.00371545 0.0220897 -0.00651781 0.00714137,800,0,cuda,96.74,103.56
test,1195,english_cocker_spaniel_21,english_cocker_spaniel,dog,correct,english_cocker_spaniel,lime,12,0.999954,44,0.540039,0.827617,0.287578,0.157475,0.910312,0.474581,0.67884,,,-0.013832 0.100596 0.0926708 0.275227 0.0189186 0.00727418 0.0364087 -0.0191707 -0.00705068 0.0902899 0.0684751 0.0483911 0.0335067 -0.017627 0.371698 -0.00712591 0.307477 0.0178842 0.193241 0.0412697 0.0183777 0.0598244 0.20919 0.0962887 0.0378122 0.00592883 0.00363418 -0.000262235 0.0861793 -0.016802 -0.00222137 -0.0208296 0.011439 -0.0138899 0.027525 -0.0285334 -0.0316754 -0.00185457 -0.0196135 -0.0248201 0.0159204 0.00404978 -0.0207951 0.011469,800,0,cuda,96.76,103.72
test,1142,Egyptian_Mau_5,Egyptian_Mau,cat,correct,Egyptian_Mau,lime,11,0.999831,35,0.453125,0.742262,0.289137,0.449023,0.932004,0.203286,0.436282,,,0.00755986 -0.00758383 -0.00289319 0.0104116 0.0126104 -0.00756515 -0.00207514 0.00739443 0.0139482 -0.00249286 0.0118725 0.0530804 -0.00257898 0.0525335 0.0496253 0.0782227 0.00622769 0.0559455 -0.00167678 0.0680559 0.035971 0.0418588 0.0786389 0.00839342 0.00366043 0.00830106 -0.00425129 0.00645411 0.00538362 0.00673406 -0.00788547 -0.00942019 -0.0133437 -0.00614972 0.00498787,800,0,cuda,80.34,84.78
test,3232,Siamese_53,Siamese,cat,correct,Siamese,lime,32,0.993983,32,0.912847,0.999379,0.086532,0.271794,0.593882,0.352353,0.706727,,,0.0366622 0.0825262 0.0624601 0.163127 -0.0169598 0.0595554 0.0519699 0.0855122 0.0926569 0.0145352 0.00100322 -0.0121144 0.0229773 0.110639 0.0664636 0.00779532 0.0789477 0.00756067 0.0895449 0.119196 0.089358 0.0527775 0.115742 0.0329968 0.119434 0.25076 0.00731127 0.0379693 0.00859995 0.0604068 -0.00253164 0.104502,800,0,cuda,67.46,70.06
test,3631,yorkshire_terrier_66,yorkshire_terrier,dog,correct,yorkshire_terrier,lime,36,0.945945,36,0.563437,0.974697,0.41126,0.111327,0.942126,0.278265,0.718307,,,0.0118375 -0.000164755 0.00778901 -0.00103617 -0.00866352 0.00549933 0.286553 -0.00297184 0.277378 -0.0273256 0.0127986 0.0194063 -0.0201519 -0.000168659 0.041503 0.0915153 0.221402 -0.0443209 0.30509 -0.0298446 -0.100543 0.00529271 -0.0279806 0.111251 -0.00874349 -0.0445667 -0.0127305 -0.00743354 -0.0106711 -0.0155631 -0.00446344 -0.00833709 -0.0371754 0.0185801 0.0158323 0.0095653,800,0,cuda,88.58,97.08
test,431,beagle_3,beagle,dog,correct,beagle,lime,4,0.999987,34,0.542869,0.996034,0.453164,0.199979,0.928486,0.380135,0.58146,,,0.0529549 0.0688076 -0.00858401 0.0529524 0.0419234 -0.0244911 0.385756 0.000545999 0.196168 0.0181079 0.102904 -0.00392057 0.0170638 0.0168802 0.0818987 0.00516956 0.278929 -0.0123394 -0.0069592 -0.00244688 -0.0226108 -0.0123578 -0.00908523 -0.00691583 -0.0122073 -0.00430907 0.0079862 0.0157177 -0.00411742 0.00479952 0.00116979 0.0328502 0.00513159 -0.00286321,800,0,cuda,27.24,31.79
test,1526,great_pyrenees_4,great_pyrenees,dog,correct,great_pyrenees,lime,15,0.938963,38,0.283044,0.938007,0.654963,0.062982,0.872025,0.045715,0.727756,,,0.0187325 -0.029772 -0.0177331 0.00589025 0.00263245 -0.0194809 0.00613484 -0.030808 0.0363555 0.0230525 0.00651044 0.318079 -0.00841757 0.011363 -0.000542017 0.0199365 -0.0498065 0.133642 0.013706 -0.0215456 0.143811 0.178394 0.0447222 0.0197518 0.148089 0.00669581 0.220037 -0.00754778 0.0145346 0.00076456 0.124438 0.0327906 -0.0463581 -0.00477207 0.0241794 0.0155721 0.00449758 -0.0375677,800,0,cuda,65.98,72.76
test,513,Bengal_23,Bengal,cat,correct,Bengal,lime,5,0.996901,46,0.666474,0.865487,0.199013,0.459675,0.930118,0.156344,0.299007,,,-0.00574753 0.0200216 0.00308295 0.023736 -0.00503171 0.00409499 0.0123112 0.0374117 0.024078 0.012209 0.0131929 0.058265 0.0200061 0.00244289 -0.0112467 -0.00269682 0.00489208 0.0149256 0.0104836 0.0227399 0.00747893 0.000137631 0.0128237 0.0101502 -0.000526171 -0.0103515 0.0183004 0.00713432 0.0723407 0.011891 -0.00532564 0.00129791 -0.00231975 -0.00250282 0.00383743 0.00915008 0.0125826 0.00338428 -0.00555028 -0.00360817 0.00777114 -0.00399079 0.00444144 0.00512832 -0.00303438 0.0143752,800,0,cuda,98.04,98.67
test,1725,japanese_chin_49,japanese_chin,dog,correct,japanese_chin,lime,17,0.999694,32,0.371991,0.925751,0.55376,0.273464,0.872821,0.387117,0.541771,,,0.0416771 0.0702776 0.18701 0.0245046 0.14466 0.128572 0.0353855 0.0381382 0.00920371 0.00662396 0.0194473 0.048732 0.0887928 -0.00997447 0.0102898 0.222139 0.0364821 -0.0117002 -0.013881 -0.0146078 -0.0143814 -0.0198085 0.007134 -0.0141148 0.00578197 0.0197934 0.00998298 0.0182119 -0.00139606 -0.000688773 0.0135555 -0.0109867,800,0,cuda,29.7,34.58
test,2312,Persian_2,Persian,cat,correct,Persian,lime,23,0.991609,33,0.656091,0.83927,0.183179,0.106942,0.928183,0.204132,0.828753,,,0.11479 0.104101 0.0273808 -0.0212307 0.53818 -0.0159961 0.189282 0.173611 0.226017 -0.0314827 -0.0317204 0.00651609 0.0239634 0.000819306 -0.00228662 0.0106026 0.00313119 0.000297949 -0.0331914 -0.03634 -0.0113164 0.00245459 -0.0243583 0.00180262 -0.00654749 -0.0182199 0.0238693 0.0142748 -0.0141537 0.00705748 0.000500875 -0.0104813 -0.0214608,800,0,cuda,81.01,90.9
test,1351,english_setter_72,english_setter,dog,correct,english_setter,lime,13,0.979498,32,0.788086,0.993847,0.205761,0.082584,0.836426,0.2646,0.789073,,,0.0189955 0.00651214 0.058349 0.0387479 0.00178753 0.0424105 0.464163 0.0055616 -0.016668 0.191521 0.318506 0.0197165 0.112383 -0.0593533 0.0973619 -0.0166257 0.0195285 0.00974175 0.0429991 -0.00158284 -0.0254143 0.0351692 0.0686332 -0.00603018 -0.0153679 0.0101127 0.0113585 -0.00815468 0.00183766 -0.0267254 0.00292049 -0.0417829,800,0,cuda,61.27,67.15
test,1678,havanese_97,havanese,dog,correct,havanese,lime,16,0.998892,37,0.5739,0.99575,0.42185,0.192588,0.846706,0.553589,0.725501,,,0.0331236 0.000598518 0.0141906 0.0741008 0.0538463 0.103332 0.00230168 -0.00405718 0.00451272 0.021679 -0.0272403 0.0396307 0.00284055 0.0131918 0.0254405 0.0408877 0.0419386 0.00724793 0.264184 0.025617 0.0475438 0.0386048 0.451662 0.00446373 -0.00765416 0.0269997 0.0257206 0.0392491 0.0122406 0.0182422 0.09267 0.0793096 0.000238857 0.0158547 0.0743511 0.0518211 0.0129754,800,0,cuda,54.73,63.04
test,3336,Sphynx_48,Sphynx,cat,correct,Sphynx,lime,33,0.999986,35,0.317383,0.681746,0.364363,0.297014,0.877301,0.266306,0.661846,,,-3.52723e-05 0.225005 0.0202955 -0.0154606 -0.00256789 -0.0032303 -0.00495876 0.0295799 -0.0124724 0.00674668 0.00423546 0.143683 0.157514 0.0080256 0.0105345 0.0786846 -0.00168124 0.162878 0.027824 0.000270825 -0.0192029 -0.00576007 0.0342645 0.0293319 0.00761984 -0.0253605 0.00152788 -0.00492602 0.00747294 0.00228344 -0.00169094 0.0357491 -0.0104664 -0.00813121 0.00983982,800,0,cuda,59.79,60.41
test,2267,newfoundland_88,newfoundland,dog,correct,newfoundland,lime,22,0.993392,41,0.463369,0.867126,0.403757,0.208915,0.876277,0.42064,0.772403,,,0.0201844 -0.00553397 0.0461845 -0.0147552 0.0629834 -0.000309533 0.0103526 0.0950666 0.199343 0.392058 -0.0442827 0.0453028 0.089219 0.0984704 0.0719636 0.00575197 -0.0120098 0.202714 0.00871504 0.0134362 0.00998008 0.0310376 -0.00447609 0.0849456 0.0109131 0.000726919 0.0756816 0.0477653 0.0376383 -0.0090812 -0.0105354 0.00961244 -0.00410708 0.0109035 -0.00421399 -0.00301452 -0.00995074 0.00695631 0.0130761 0.0132582 0.00405556,800,0,cuda,55.94,69.04
test,633,Birman_41,Birman,cat,correct,Birman,lime,26,0.351748,33,0.545599,0.922711,0.377112,0.025384,0.36193,0.1803,0.529871,,,-0.00267683 0.00264427 0.00828803 0.0150526 0.00929838 -0.00221928 0.00227351 -0.0023939 0.011293 0.023224 0.00853683 -0.0108039 -0.00180516 -0.000434697 -0.052234 0.000600691 -0.00201357 0.0112634 0.0466885 0.0561032 -0.00336727 0.0322316 -0.00200849 -0.0042302 0.0262889 0.0497646 -0.0198281 -0.00542441 0.00427252 0.0211275 0.00378976 0.00406654 0.0020861,800,0,cuda,61.51,62.23
test,2284,Persian_228,Persian,cat,wrong,Bombay,lime,7,0.95796,29,0.787847,0.927186,0.139339,0.359579,0.855423,0.256625,0.7983,,,0.10081 0.0637624 0.0560834 -0.00349109 0.00825587 0.0767421 0.327659 0.0293269 0.0027709 0.0291541 0.077453 0.131398 0.00915792 0.0264783 -0.0371186 0.0106837 0.056297 0.0108677 0.00669749 -0.0198328 0.0751534 0.029358 0.0101809 0.0106887 0.023997 0.0181593 -0.0452928 0.00745916 0.0113711,800,0,cuda,41.66,42.19
test,629,Birman_38,Birman,cat,correct,Birman,lime,6,0.634762,34,0.644153,0.9934,0.349247,0.082092,0.788588,0.212865,0.683154,,,0.014101 0.0612548 0.245264 0.0607142 0.199076 0.000896062 -0.0170237 0.0797393 0.00037363 0.0102812 0.229789 0.194541 0.0250194 -0.0195514 0.0109719 -0.00229961 -0.0185449 0.0458289 -0.00594442 0.0116327 -0.0154832 -0.00397448 -0.0097642 0.0273039 -0.00471242 -0.00799014 -0.000363237 0.0144454 -0.0213945 0.0162849 0.0319242 -0.0260574 0.027362 -0.0218299,800,0,cuda,79.18,83.88
test,1656,havanese_77,havanese,dog,correct,havanese,lime,16,0.964497,42,0.706553,0.755785,0.049232,0.09342,0.580569,0.331018,0.594317,,,0.163868 0.00357906 0.0596064 0.0934107 0.0403166 0.0459301 0.0092596 0.0420569 0.0093218 0.0229575 0.0250509 0.0192658 0.0301065 -0.0100602 0.131776 0.041733 -0.00540333 0.00181903 0.0174388 0.0350734 -0.0337753 0.0189171 -0.00351292 -0.000721605 0.0256266 -0.0463223 -0.0020716 -0.00431111 -0.00037525 0.0497467 0.0303715 -0.00147441 -0.0201904 0.0257603 0.00369137 0.0121186 0.0058337 0.0172757 0.0173667 0.00103583 -0.000994589 0.00912774,800,0,cuda,47.04,53.38
test,3197,Siamese_238,Siamese,cat,correct,Siamese,lime,32,0.84869,37,0.649494,0.770334,0.12084,0.030091,0.622168,0.559702,0.431715,,,0.0208743 0.0554127 0.00421896 0.00365488 0.0190512 0.0359942 0.060472 0.0766524 0.0237603 -0.0124633 0.0404857 0.00963421 0.0197362 0.0139392 0.0159597 0.0103802 -0.0197807 0.00618958 0.0207069 -0.00164579 0.0201624 0.00968345 0.0219125 -0.0040645 0.00243097 0.0181072 0.00598713 0.00129903 0.00501643 0.000177215 0.00622983 -0.00937283 -0.00200769 0.00743045 0.00531665 0.00299789 0.00712449,800,0,cuda,80.29,82.84
test,1339,english_setter_61,english_setter,dog,correct,english_setter,lime,13,0.982472,41,0.278061,0.757398,0.479336,0.027535,0.877071,0.406532,0.516266,,,0.019787 0.0111197 0.00455933 0.0110492 -0.0223436 0.0291031 -0.00357995 -0.0106674 0.00968915 0.0344261 -0.00422699 0.0159508 -0.0320418 -0.00289631 -0.00291385 0.0694874 -0.00173701 0.0713029 0.213574 0.0538358 0.106002 0.116644 -0.00333566 -0.00533482 -0.0120444 -0.026607 0.138344 0.0385336 0.0236289 0.00869094 -0.00556633 0.0286727 0.00559217 0.00576476 0.00145483 0.00144611 -0.0164766 0.0247333 0.014918 0.0196834 -0.00617209,800,0,cuda,47.91,48.68
test,2361,Persian_7,Persian,cat,correct,Persian,lime,23,0.999669,30,0.664521,0.994422,0.329901,0.393454,0.931222,0.305782,0.511972,,,-0.0037492 0.00249696 0.000922787 0.0141671 0.00749441 0.00969998 0.00993913 -0.0051579 0.015521 0.0213738 -0.00698788 0.0478136 0.0845542 0.00504427 0.012516 0.116895 0.0901697 -0.00243161 0.120021 0.031138 0.0570276 -0.00809232 0.168207 -0.00120408 0.016879 -0.00587196 0.0367202 0.0235115 0.00247321 -0.0195951,800,0,cuda,75.68,81.23
test,2703,Russian_Blue_237,Russian_Blue,cat,correct,Russian_Blue,lime,9,0.843261,37,0.409578,0.855226,0.445648,0.094013,0.619257,0.433685,0.541941,,,0.00582202 0.0268783 0.0163523 0.0694094 0.0388715 0.00771219 -0.0071239 0.0457393 -0.00377966 0.0152501 0.0673217 -0.00121512 0.0231427 0.00680466 0.0916073 0.0632958 0.0189457 0.0154299 0.0325031 0.0458342 -0.00631567 0.0046239 0.011787 0.014398 0.0279298 0.00712018 0.0187794 -0.00658 0.00956029 0.00182439 -0.00115681 -0.00475857 -0.00326464 0.00302754 0.00208819 0.0256188 0.000769708,800,0,cuda,42.44,50.66
test,301,basset_hound_194,basset_hound,dog,correct,basset_hound,lime,3,0.785206,41,0.709004,0.987899,0.278895,0.069011,0.685039,0.324095,0.555898,,,-0.00275937 0.0270527 -0.0380291 -0.0163493 0.0332455 0.0140586 0.0526386 -0.00256248 0.00198788 0.0203747 0.0379493 -0.00967394 0.0446443 0.110947 0.02707 0.0104131 0.0163728 0.0257488 -0.00888544 0.0601643 0.0341529 0.0379918 -0.000947678 0.00155598 -0.00120499 -0.17839 -0.00168951 -0.00221699 0.015597 0.0880228 0.00896047 -0.00409641 0.0112771 0.0151446 0.0255929 0.0297884 0.01443 0.0316957 0.0206475 0.0315602 0.0327066,800,0,cuda,32.59,36.71
test,345,basset_hound_52,basset_hound,dog,correct,basset_hound,lime,3,0.964703,43,0.4432,0.801376,0.358176,0.232392,0.940548,0.433316,0.557993,,,0.0053923 -0.00166038 0.02494 0.00729288 0.0369899 0.00893646 0.011609 -0.000819966 0.0169302 0.0052288 0.117381 -0.00709003 0.0379237 0.00803715 0.0589229 -0.00638732 0.0812011 -0.00163196 0.00817376 0.069102 -0.00174211 0.0299947 0.006172 0.096255 -0.0508267 0.249547 0.0772668 0.00289613 0.0427901 -0.0149878 0.0475933 0.0489948 -0.00274194 0.00770627 0.0238527 0.00373861 0.0149235 0.00739772 0.0138924 0.0139791 0.010542 0.0107569 0.0128667,800,0,cuda,70.81,102.13
test,2739,Russian_Blue_59,Russian_Blue,cat,correct,Russian_Blue,lime,27,0.99874,37,0.562839,0.747673,0.184834,0.211242,0.957134,0.375402,0.831053,,,0.0975808 0.0133138 0.026866 0.00413073 0.0576557 0.05048 0.0105969 0.0743013 0.030374 0.101451 0.0147093 0.105631 0.0313525 0.0183805 0.145072 0.00252371 0.577989 0.00774056 0.0278246 0.0906474 0.0231348 0.0825572 0.0301459 0.0071416 -0.0109004 -0.0169921 -0.00541844 0.011551 -0.00282258 -0.0103174 0.0540186 0.0235226 0.0038131 -0.00711148 0.000937551 0.0236349 0.00822633,800,0,cuda,53.13,56.49
test,3082,shiba_inu_201,shiba_inu,dog,correct,shiba_inu,lime,31,0.999291,44,0.222317,0.721441,0.499124,0.11018,0.892766,0.217242,0.760448,,,0.0853852 0.0472334 0.0272367 0.0226986 0.00611995 0.00745159 0.00632169 0.0220497 -0.000911132 -0.0130633 -0.0340443 -0.00977732 -0.0159871 -0.00774394 0.578308 0.00394636 0.0124984 0.131013 -0.0209985 -0.0139637 0.00319211 -0.0252295 0.131408 -0.0419183 -0.00304492 0.207405 0.051836 0.0168335 0.0186761 -0.00744473 0.146706 0.00621155 0.0588931 0.00738438 0.0281442 -0.0056797 -0.0105121 0.00883879 -0.0156384 -0.00520047 0.0452095 -0.00462695 0.0071198 -0.0207537,800,0,cuda,85.18,99.98
test,1817,keeshond_41,keeshond,dog,correct,keeshond,lime,18,0.997995,40,0.36093,0.994635,0.633705,0.110169,0.911936,0.265534,0.811094,,,0.091932 0.0821704 -0.00621024 -0.00982496 0.0875409 -0.00593662 0.0773727 0.0527296 0.0372855 0.00471031 0.0474349 0.42417 0.383987 -0.000858235 0.151713 0.0193664 0.0052985 0.0371979 0.0158013 -0.000663691 0.0129806 0.156811 0.00405708 0.0162032 0.0698524 0.00161666 0.0122577 -0.0240098 -0.00424312 0.0238242 -0.000925543 -0.00102015 0.024294 0.00661028 -0.0113189 0.0223736 -0.0139513 -0.00766668 -0.000380646 -0.0121657,800,0,cuda,32.18,36.44
test,2792,saint_bernard_200,saint_bernard,dog,correct,saint_bernard,lime,28,0.999898,38,0.182119,0.690579,0.508461,0.147775,0.912911,0.41653,0.747302,,,-0.00969878 -0.023125 -0.012405 0.0120828 -0.0115328 0.00231259 -0.00156045 -0.00808344 -0.0206647 0.00315769 0.0258463 0.00512413 -0.00500306 0.0252495 -0.0105339 0.00372699 0.0160668 -0.0122934 0.0744349 0.130866 0.0363414 0.46625 0.0210244 0.0475152 0.194096 0.0552472 -0.0052739 0.291651 0.137143 0.025709 0.0229875 0.0221569 0.00322263 0.0277524 -0.0208554 -0.0147476 0.0169813 0.00183574,800,0,cuda,72.61,87.49
test,1815,keeshond_3,keeshond,dog,correct,keeshond,lime,18,0.99992,36,0.823242,0.989306,0.166064,0.548979,0.918702,0.32296,0.457664,,,0.00203337 0.0333252 -0.00552576 0.072143 0.0111435 0.00424379 -0.00441579 0.0581143 0.05127 0.0272393 0.00832108 0.012221 0.0716722 0.0127369 0.0728703 0.0777087 -0.0213604 0.0268396 0.0771397 -0.000797724 0.000121309 0.0757793 0.0131538 0.0478644 0.0131512 0.0176726 0.0273502 0.00474174 0.0162046 -0.000929715 0.0105608 -0.00911255 0.00461234 0.024173 0.00439558 0.00437996,800,0,cuda,114.25,117.3
test,2027,Maine_Coon_42,Maine_Coon,cat,correct,Maine_Coon,lime,20,0.98767,45,0.362325,0.984646,0.622321,0.197868,0.942924,0.293686,0.76126,,,0.0107993 -0.0060587 -0.0300155 0.0380899 -0.00329165 -0.0216912 -0.00952239 0.0148221 0.0156201 0.0247897 -0.019843 -0.00617984 0.0213014 0.0925016 -0.0244351 -0.00458476 0.172522 0.183698 0.0194548 -0.00373115 0.0738757 0.458836 0.173746 -0.0100461 0.0110767 0.0259609 -0.00404013 0.0235372 0.0190949 0.0101889 -0.0031977 0.0503273 -0.0145429 0.0165809 -0.0164588 -0.00863871 -0.00703665 -0.0140548 0.00107289 0.0168668 0.00593641 -0.00739308 -0.0236631 -0.0118497 0.00572278,800,0,cuda,18.15,22.73
test,2722,Russian_Blue_35,Russian_Blue,cat,correct,Russian_Blue,lime,27,0.993875,37,0.584821,0.990484,0.405663,0.272372,0.879249,0.517476,0.651034,,,-0.00554861 0.0780517 -0.00331434 0.0571081 0.0166493 0.00891944 0.0332948 0.0728793 -0.0161314 -0.040252 0.0934549 0.0505935 0.101323 0.0279389 -0.0457678 0.0748026 0.0330983 0.0735076 -0.010652 0.156016 0.103988 0.17675 0.0255323 0.141528 0.1018 0.0308986 0.0124742 0.250435 0.1108 0.0148286 0.0151668 0.0384999 -0.0276386 0.0421757 0.00204375 -0.0413869 0.00580638,800,0,cuda,65.51,83.21
test,1907,leonberger_33,leonberger,dog,correct,leonberger,lime,19,0.999915,38,0.338309,0.883257,0.544948,0.244637,0.926729,0.407512,0.526637,,,-0.0148867 0.017011 0.151853 0.0811421 0.00365591 -0.0286854 -0.0119295 -0.0066892 0.0581967 0.00876802 0.00607169 -0.0197156 0.21024 0.0336151 0.00779072 0.00138542 0.000910031 0.103728 0.00806422 0.0931112 0.113514 0.000908873 -0.00414196 0.00683109 0.0305402 0.0201061 0.037135 0.0627906 0.0771209 0.00318882 0.0259996 -0.0162017 0.0727681 0.0512406 -0.00628254 -0.0110888 -0.0072202 -0.00470242,800,0,cuda,82.02,82.52
test,310,basset_hound_20,basset_hound,dog,correct,basset_hound,lime,3,0.98916,30,0.350686,0.793227,0.442542,0.258223,0.814793,0.224292,0.670334,,,-0.0437497 0.0603798 -0.0206411 0.00732127 0.123654 -0.00648556 -0.0149626 0.0273735 0.00381125 0.0374912 -0.000376045 -0.0322425 0.0652369 0.0787442 0.0420047 0.46066 0.069215 0.059567 0.0296695 0.0132759 0.00167422 0.114243 0.0113318 0.0493458 0.0306407 0.0095133 -0.00256603 -0.0178207 0.0167683 -0.0252695,800,0,cuda,65.69,68.36
test,735,Bombay_4,Bombay,cat,correct,Bombay,lime,7,0.999967,34,0.462313,0.912159,0.449847,0.285902,0.878504,0.295179,0.62345,,,-0.00879202 0.119528 0.0121305 -0.0102924 0.00522076 0.0474664 0.0935926 -0.0158173 -0.0101259 -0.000291679 0.0010564 -0.0019255 -0.00793786 0.0107628 0.254606 0.0179027 0.00525802 0.0131393 0.0746306 0.0294473 -0.0139031 0.0431018 -0.00993252 0.0169795 0.00578872 0.186278 -0.00391817 0.00705373 0.00398683 -0.00117422 -0.0219188 0.0223413 0.0215974 0.0250392,800,0,cuda,28.16,30.32
test,187,american_bulldog_90,american_bulldog,dog,correct,american_bulldog,lime,1,0.999334,39,0.674645,0.984745,0.3101,0.146662,0.908004,0.37832,0.74181,,,0.0340298 0.0325158 0.195292 0.262669 0.0218092 -0.030726 -0.0406475 0.157238 -0.0269689 0.00821765 0.136356 0.0103928 0.00305618 0.449153 -0.00885659 0.0112534 0.253833 0.219353 -0.00235288 -0.027791 0.00787435 0.105764 0.00166858 0.0117144 -0.0168108 -0.00147359 -0.0116491 0.00326008 -0.0114334 -0.00768028 0.0023713 -0.000511612 0.00829354 0.0137527 -0.00457975 0.0128125 0.0205984 -0.00793514 -0.00867153,800,0,cuda,36.39,72.83
test,1322,english_setter_46,english_setter,dog,correct,english_setter,lime,13,0.99997,39,0.699418,0.90551,0.206092,0.20602,0.871802,0.147334,0.62758,,,0.0274773 0.0845398 0.0364333 0.00914175 -0.00794568 0.361369 0.0513085 0.00087502 0.247914 -0.00325737 0.0506886 0.0830368 0.0357994 -0.10622 0.0637501 0.074297 -0.00243773 0.0189048 -0.0365306 -0.00424419 0.0646872 0.0318286 0.07782 0.0434282 -0.0182504 -0.00970431 0.0696753 0.044491 0.103049 -0.000868917 0.0464052 0.0637451 0.0386355 0.03987 0.0360139 0.0055884 0.0244252 -0.000205124 0.0296914,800,0,cuda,50.97,51.54
test,3226,Siamese_47,Siamese,cat,correct,Siamese,lime,32,0.94289,30,0.850825,0.862577,0.011752,0.240709,0.884706,0.157405,0.803647,,,0.0433494 0.0138787 0.0827658 0.134061 0.0130864 0.1097 0.00253683 0.0595837 0.0297869 -0.0436414 0.0139957 0.0506798 0.0390843 -0.0863112 0.0259018 0.0189598 0.110683 0.457067 0.156457 0.0221051 -0.0729548 0.00720927 0.0895197 0.0542237 0.00350749 -0.130977 -0.0341515 -0.0196762 -0.0264209 0.0226811,800,0,cuda,60.76,65.49
test,1686,japanese_chin_195,japanese_chin,dog,correct,japanese_chin,lime,17,0.999974,34,0.484554,0.995047,0.510493,0.265976,0.87046,0.433541,0.631191,,,-0.00473125 -0.000489715 0.0283609 0.0012489 0.0037286 -0.0183732 0.0516139 0.00556974 0.0132839 0.037478 0.341145 0.0188565 0.0869727 0.0210954 -0.00694648 0.0532634 0.00418897 -0.00516724 0.0361594 0.120745 0.168872 0.0450328 0.160468 0.0144078 -0.00228634 0.00158152 0.00171623 0.00751747 0.0302028 0.0315527 0.0256575 0.0094791 0.0287029 0.00589697,800,0,cuda,31.17,37.87
test,3651,yorkshire_terrier_84,yorkshire_terrier,dog,correct,yorkshire_terrier,lime,36,0.998069,39,0.314712,0.905262,0.59055,0.091877,0.94339,0.350645,0.790814,,,-6.31709e-05 -0.0111888 -0.0164233 -0.0138857 0.0109759 0.00630281 0.141081 0.0229819 -0.0165555 -0.0199055 0.0485751 0.00611618 0.326538 0.00176182 0.190289 -0.00869298 0.311748 0.0275035 0.0120818 -0.0106444 0.368126 0.0146608 0.0711494 -0.0208889 -0.0172279 0.0424549 0.0536759 -0.00034854 0.157121 -0.0184746 -0.0497208 0.0180792 0.0311335 -0.00641193 -0.0036547 0.00268661 0.00319229 -0.0301573 -0.0158447,800,0,cuda,51.16,66.42
test,677,Birman_81,Birman,cat,wrong,Ragdoll,lime,26,0.9707,33,0.523996,0.970827,0.446831,0.070232,0.669306,0.28507,0.594444,,,0.0615335 -0.0111128 0.00379326 0.0199566 0.018151 0.0545395 -0.00509441 0.0121382 -0.0123322 -0.00764592 0.163929 0.0188462 0.0376415 0.0917009 0.0895122 0.0414397 0.192966 0.0851075 0.0320494 0.0477214 0.0647378 0.0343916 -0.0123244 -0.0178116 0.00405864 0.00245706 0.0126064 0.0267404 -0.0182131 0.0239038 -0.0047574 0.019106 -0.00959405,800,0,cuda,85.87,107.27
test,203,american_pit_bull_terrier_196,american_pit_bull_terrier,dog,correct,american_pit_bull_terrier,lime,2,0.990697,39,0.643555,0.922069,0.278514,0.196435,0.915918,0.554417,0.730098,,,-0.0052236 0.0913712 0.0622415 0.0339613 0.0539217 0.0140284 0.161091 0.0328867 0.224576 0.0202775 0.0385001 0.0330427 0.0540592 0.455962 0.0649504 0.0217285 0.111029 0.036882 0.0222964 -0.0511174 0.0722662 0.0169837 -0.0119489 0.0034601 0.0345194 0.0172468 0.0256076 -0.0116006 0.00996571 0.0102856 -0.0244868 -0.00659443 -0.0209814 0.0450962 0.0135082 -0.0163017 0.0177014 0.0215416 0.0191611,800,0,cuda,73.75,86.61
test,3627,yorkshire_terrier_62,yorkshire_terrier,dog,correct,yorkshire_terrier,lime,36,0.999775,33,0.492247,0.581512,0.089265,0.269476,0.962401,0.381432,0.618057,,,0.0106745 0.0446861 0.00618693 -0.00850006 0.0135376 0.038773 -0.00615997 0.00908788 0.0473042 0.178054 -0.00168709 0.18698 0.0366568 0.162739 0.20314 -0.0162485 0.137991 -0.00112363 -0.0126828 -0.00849473 -0.0165419 0.0704366 0.00290733 -0.00894587 0.15995 0.00251832 -0.0226947 -0.00959451 0.00298883 -0.0013537 0.00075193 -0.0036018 0.00842923,800,0,cuda,71.14,75.88
test,415,beagle_25,beagle,dog,correct,beagle,lime,4,0.991738,53,0.309092,0.85723,0.548138,0.109655,0.960195,0.154583,0.725524,,,0.0273309 0.022089 -0.00297259 0.0190241 -0.00952516 0.0374267 -0.0286003 -0.0234141 0.0314029 -0.00617324 -0.0220733 0.112792 0.0159515 0.0297136 -0.000839652 -0.0129993 0.186387 0.0127165 -0.0164372 -0.0149806 0.0182624 0.0168459 -0.0236267 -0.00436674 -0.0170056 0.506861 0.00989345 0.336202 0.0140244 0.0196057 0.0433755 0.00938413 0.0132543 -0.0214528 -0.0194362 0.0162397 -0.0457908 0.00402653 -0.0150848 -0.00308334 0.0150432 -0.0341016 -0.00942924 -0.0184563 -0.00290377 -0.00512632 -0.0283105 -0.0206157 0.0148036 -0.0150352 0.00658986 -0.00732619 -0.00486821,800,0,cuda,97.65,108.96
test,516,Bengal_26,Bengal,cat,wrong,Egyptian_Mau,lime,5,0.994753,38,0.261101,0.617608,0.356507,0.192947,0.928722,0.192289,0.688214,,,-0.00885544 -0.0079658 0.0119573 -0.0134479 -0.0211802 -0.00153495 -0.0113151 0.0150835 -0.0257616 0.0331729 -0.0179674 -0.0433818 -0.000839383 -0.0238895 0.155434 0.176426 -0.0109164 0.0321209 0.0141194 0.115086 -0.00273877 0.0557363 0.0206519 0.0388199 0.019917 -0.0358323 0.262117 0.0063202 0.0613333 0.145998 0.0214372 -0.0210885 -0.00851044 -0.0202447 -0.0334544 0.000579658 0.0102384 0.0161129,800,0,cuda,77.2,87.7
test,917,British_Shorthair_30,British_Shorthair,cat,correct,British_Shorthair,lime,9,0.993079,32,0.656071,0.961135,0.305065,0.108005,0.810402,0.145814,0.769156,,,-0.00377121 0.056521 0.0144935 0.0915697 0.0137695 0.030367 0.245303 -0.00530758 0.0985415 -0.00307004 0.0882743 0.200028 -0.0107061 0.180499 -0.0171599 -0.024868 0.0876528 0.314981 0.0178871 0.0463428 0.0309381 0.0122455 -0.0130268 0.0104928 0.150794 -0.00464371 0.0273542 0.0157557 0.0325001 0.0025305 -0.0127822 0.00471343,800,0,cuda,50.15,54.18
test,2490,pug_200,pug,dog,correct,pug,lime,25,0.999778,38,0.439553,0.632227,0.192675,0.305386,0.947869,0.371849,0.616231,,,-0.00937445 0.0227156 0.0239775 0.00631893 0.0117401 0.00186623 0.00346388 0.0504783 0.01534 0.0533952 -0.00575454 0.0226001 -0.0178407 0.146029 -0.000574486 0.0219201 0.00408958 0.0304105 -0.0135777 0.0163186 0.0663611 0.0123218 0.0568713 0.164132 0.0318726 0.301955 -0.00865776 0.022493 0.000189558 -0.00546646 -0.011412 0.011226 -0.0178256 0.0290152 0.0164967 0.0144477 -0.00245334 0.0233749,800,0,cuda,53.36,65.26
test,344,basset_hound_51,basset_hound,dog,correct,basset_hound,lime,3,0.523671,33,0.572505,0.604368,0.031863,0.041021,0.626521,0.136045,0.425409,,,0.0131751 0.0111256 0.0347773 -0.00270057 0.0377989 0.0214614 0.0900668 0.00467539 0.178126 -0.0171055 -0.0283639 0.0487953 -0.05455 0.0931922 0.0342285 0.0500839 -0.0988579 -0.0292672 0.0380213 0.0141183 0.0840731 0.00958537 0.0175523 -0.0538189 -0.00198226 0.0503517 0.0154042 -0.00379262 0.0343634 0.0317593 0.0225663 0.0690095 0.0317594,800,0,cuda,88.96,105.38
test,1761,japanese_chin_81,japanese_chin,dog,correct,japanese_chin,lime,17,0.999973,39,0.575434,0.777122,0.201687,0.360736,0.943409,0.315902,0.495172,,,0.00650618 0.00672444 -0.00259657 0.000878718 0.00828275 0.0112699 -0.00185905 0.0530444 -0.00868312 0.0054602 0.207734 -0.00117448 0.0238787 0.0513939 -0.019716 0.030838 0.0164984 -0.00297823 0.00109409 0.122649 0.00873041 -0.0100021 0.0220219 0.0174749 0.0417032 0.00107754 0.00760894 0.150842 0.0746709 -0.00396997 0.0331221 -0.0067721 0.0113932 0.0059944 0.0149424 -0.00520184 0.00556953 -0.00775502 0.00117631,800,0,cuda,36.18,44.71
test,1588,havanese_197,havanese,dog,correct,havanese,lime,16,0.991539,39,0.276586,0.872365,0.595778,0.079264,0.903515,0.209258,0.948851,,,-0.00693558 0.0122968 0.0322607 0.00715791 0.0371955 -0.00150541 0.0261549 0.0130587 -0.00408554 0.0370746 0.0920497 0.103098 -0.00225872 -0.0119715 0.0232771 0.0659042 0.00308584 -0.00587554 -0.0017291 0.784949 0.020374 0.0129688 0.00428509 0.0218554 -0.0231003 0.0374097 0.0424209 -0.0039205 0.00697694 0.0448793 0.0305393 0.0123902 0.0180357 -0.00439895 -0.00353516 0.00223413 0.0221616 0.00333376 0.00287728,800,0,cuda,104.19,116.13
test,294,american_pit_bull_terrier_97,american_pit_bull_terrier,dog,correct,american_pit_bull_terrier,lime,2,0.621881,38,0.446169,0.991236,0.545066,0.019271,0.699772,0.200792,0.47521,,,0.0138791 0.0409089 0.0617835 0.0317852 -0.00836749 -0.0137233 0.0975693 0.0108423 0.0779177 0.00206805 0.150135 0.0165691 0.00760606 0.00298092 0.0673957 0.00424507 0.0873636 0.0525957 0.00561372 -0.0240474 0.00980454 -0.0187817 0.015741 0.00219335 -0.0111852 0.0058844 -0.0117291 0.00658804 -0.00139227 -0.0127824 -0.00794195 0.0143578 -0.0148973 0.00409077 0.00828888 0.000429449 -0.0095952 0.0285258,800,0,cuda,75.47,89.45
test,1753,japanese_chin_74,japanese_chin,dog,correct,japanese_chin,lime,17,0.999954,37,0.756338,0.949068,0.192731,0.3857,0.909734,0.162913,0.27247,,,-0.0025842 0.00414598 -0.00807496 -0.00100457 0.0024176 0.00669603 0.000562059 -0.00346978 0.00951754 0.0536957 0.0187044 -0.00344947 0.0168194 0.0366859 0.0159836 0.0405976 0.0177793 0.0153708 0.00313413 0.0379435 0.0532771 0.0100284 0.00187428 0.0321367 0.00589227 0.00856272 0.0453902 0.00148912 -0.00855283 -0.00258156 0.0156191 0.00137455 -0.00428583 0.00179831 0.00274382 -0.00225364 -0.00883312,800,0,cuda,73.13,95.13
test,1096,Egyptian_Mau_213,Egyptian_Mau,cat,wrong,Bengal,lime,5,0.632501,38,0.614656,0.94905,0.334393,0.183986,0.719332,0.155337,0.477605,,,0.0313331 -0.0138408 0.00205773 0.02602 -0.00307992 0.0604323 -0.00974227 0.0600335 -0.0055757 0.0218377 0.00537508 0.0255487 0.0252707 0.00979796 0.0206824 0.0622028 -0.0610948 0.047214 0.131651 0.00459671 -0.00836568 -0.00860546 -0.0600242 -0.0261148 0.047181 -9.82941e-05 0.00130006 -0.00548021 0.0135621 0.112303 -0.0785629 0.0388191 -0.0107319 0.149851 0.0118623 0.0313107 -0.00908471 0.0238208,800,0,cuda,50.2,50.77
test,904,British_Shorthair_270,British_Shorthair,cat,correct,British_Shorthair,lime,9,0.997419,33,0.646445,0.817395,0.17095,0.361669,0.921667,0.399933,0.76043,,,-0.0160727 0.0217071 0.0491855 -0.00754622 0.0212562 -0.0167259 0.105055 0.047684 0.0269393 0.0254757 0.091978 0.0502758 0.0229192 0.105657 0.0412749 0.0817152 -0.0101758 0.0563015 0.0823297 0.0435591 0.442701 0.0178489 0.016017 0.0360305 0.0114744 -0.0301574 -0.00859403 -0.000233546 0.048646 0.00495811 0.0207492 -0.00462087 0.0399046,800,0,cuda,73.29,82.07
test,642,Birman_4,Birman,cat,correct,Birman,lime,6,0.94783,37,0.763114,0.890454,0.127341,0.262139,0.893895,0.318747,0.605329,,,0.00709012 -0.00466384 0.0275248 -0.0153416 0.00478422 0.0130692 -0.033797 -0.000358894 -0.00692426 -0.0916663 0.22009 -0.0254013 0.00756942 0.000107897 0.149352 0.0345822 0.296231 0.107395 0.121769 0.0289758 0.0236168 0.0116314 0.00970077 0.0618025 0.126285 0.0160138 -0.00773872 0.0291601 0.0261791 0.0102098 0.0109914 0.0216695 -0.0214908 -0.0177297 -0.00787625 0.00469022 0.00180678,800,0,cuda,47.2,47.93
test,3032,scottish_terrier_57,scottish_terrier,dog,correct,scottish_terrier,lime,30,0.998999,42,0.19589,0.713348,0.517457,0.145605,0.908867,0.244336,0.733639,,,-0.00463732 -0.00372073 -0.0024053 -0.0154345 0.0054866 0.0254388 -0.0235201 0.05636 0.00525806 0.0134467 -0.0154989 0.00128553 0.00908126 0.0054676 -0.00457622 -0.0115107 -0.00783528 -0.0120774 0.318722 -0.0059423 0.0158168 0.0471459 0.245035 -0.000816409 0.030109 0.0038638 0.0021205 0.106722 0.00875659 0.145872 -0.00543443 -0.00147354 0.00118614 0.00434737 0.0207093 0.00395267 0.0114263 0.0101765 0.00685151 -0.00388686 -0.0183281 0.0138117,800,0,cuda,53.04,58.58
test,3204,Siamese_254,Siamese,cat,wrong,Bengal,lime,32,0.504863,41,0.103914,0.47864,0.374726,0.013767,0.487517,0.297046,0.371347,,,0.0134586 -0.00353017 0.0106342 0.00757001 0.010796 0.0014308 0.00255241 0.0467708 -0.000346408 0.0679075 -0.0249246 -0.00147048 0.0249609 0.00919347 -0.00488616 0.0614951 0.063213 0.000111837 0.00570952 -0.00344882 0.0076279 0.0204359 -0.00580521 -0.000917944 -0.000125384 0.00786799 -0.00861999 0.00423669 0.00562493 0.0111726 -0.00369092 -0.00146851 0.000733309 0.0097124 0.00374231 -0.00330039 -0.00131006 0.00739064 -0.00300162 0.0016987 -0.000500039,800,0,cuda,72.33,99.34
test,2800,saint_bernard_27,saint_bernard,dog,correct,saint_bernard,lime,28,0.999451,34,0.248605,0.801159,0.552554,0.220872,0.944911,0.27137,0.730367,,,-0.00322076 0.0227465 0.402094 -0.0142055 -0.00632901 0.0289129 -0.00347028 0.0151551 0.0226529 0.00337852 0.0612169 0.0344646 0.00462715 -0.00228854 0.00996701 0.00520941 0.0101744 0.332239 0.0610638 -0.00264204 0.0451671 0.0265714 -0.024645 -0.0018277 0.00818829 0.00592914 -0.0017487 0.0197547 -0.00531661 0.0238637 -0.00656925 0.00256928 -0.000310157 -0.00711859,800,0,cuda,57.43,58.01
test,2585,Ragdoll_20,Ragdoll,cat,wrong,Persian,lime,26,0.868437,35,0.558355,0.578751,0.020396,0.164579,0.843487,0.146538,0.543041,,,0.00418951 0.299888 -0.00438761 0.0532289 0.264358 -0.0395752 -0.13239 -0.0241755 0.00577654 0.0103888 0.0996813 0.0965372 0.0430122 0.0224708 -0.0616611 0.0211358 -0.0224736 0.0364221 0.0436326 0.0063845 -0.00468961 0.0229158 0.0195552 0.0437231 -0.0171612 -0.0111218 0.0250045 -0.00666732 0.00532543 0.0195434 0.016892 -0.00596844 -0.00910254 -0.0115623 0.0240631,800,0,cuda,67.25,67.85
test,2954,samoyed_76,samoyed,dog,correct,samoyed,lime,29,0.995998,38,0.346022,0.983862,0.63784,0.137827,0.935246,0.446422,0.738996,,,0.0420586 0.0032671 -0.0116264 -0.00951788 0.0232035 -0.00616008 -0.042262 0.304298 0.0180189 0.155463 0.0231179 -0.00222752 -0.000746629 0.020534 0.33427 -0.00164143 0.0833752 0.226008 0.0404415 -0.00736661 -0.00183435 0.162476 0.0570602 0.0134183 0.0474329 -0.0197099 0.0166266 -0.00340957 0.0244699 0.0335785 0.0243415 -0.00440444 0.000149454 -0.0287812 -0.00946993 0.00470132 0.00490979 0.00877641,800,0,cuda,103.64,104.22
test,2285,Persian_22,Persian,cat,correct,Persian,lime,23,0.999898,40,0.538026,0.991227,0.453201,0.282043,0.885535,0.59171,0.681792,,,0.0104024 0.0269879 0.023176 0.0126769 -0.00359632 0.0181211 0.0096824 0.00849093 0.00595161 -0.023704 -0.0230106 0.184586 0.0388819 0.0915877 0.0351825 0.131926 0.0246064 0.239155 0.0149254 0.100662 -0.0135644 0.119692 0.0717113 0.103618 0.0149656 0.080975 0.17497 0.0413266 0.1986 0.00633368 0.00246491 0.0212616 0.0475328 0.0121865 -0.0107855 0.0221187 0.010898 -0.0311839 0.0178752 0.0132891,800,0,cuda,84.12,90.81
test,2708,Russian_Blue_24,Russian_Blue,cat,correct,Russian_Blue,lime,27,0.939741,35,0.632254,0.91069,0.278436,0.09822,0.734157,0.15279,0.632411,,,-0.00106427 0.0549466 0.0302121 0.107857 0.0428822 0.00795222 0.279606 0.023113 0.131764 0.0956202 -0.0231767 0.0124947 0.0600661 0.180361 0.00135955 -0.00122461 0.097279 0.108532 -0.00827338 0.00677089 0.0348343 -0.00853037 -0.00942822 -0.00808167 -0.0172183 -0.0245772 -0.0115713 0.0121281 -0.00265168 -0.0241754 0.0125348 0.189143 0.0199936 0.0649288 0.0120844,800,0,cuda,55.22,64.18
test,1168,Egyptian_Mau_88,Egyptian_Mau,cat,correct,Egyptian_Mau,lime,11,0.9997,35,0.275889,0.970347,0.694458,0.245644,0.96254,0.238685,0.48259,,,0.0264417 -0.00486127 -0.00063812 -0.00160576 -0.00858698 0.0256784 0.0136447 -0.013374 0.0860172 0.00902511 -0.0164078 -0.00727727 0.00338071 0.0691799 0.0147674 -0.0102558 0.194816 0.000162563 0.106667 -0.0133509 0.000258328 0.0107414 0.0791358 0.152459 -0.0263754 -0.0116454 0.0140757 -0.00203001 -0.00295391 -0.00201051 -0.00828632 0.00548986 0.00981036 -0.0132528 0.0108683,800,0,cuda,43.1,52.46
test,593,Bengal_96,Bengal,cat,wrong,Egyptian_Mau,lime,5,0.991204,43,0.49153,0.909727,0.418197,0.169707,0.962675,0.160542,0.40787,,,0.00557622 0.00603209 -0.0190732 -0.0144853 0.00188617 0.0397833 -0.0102547 0.000787723 0.00152706 0.0117406 0.00556233 -0.00707519 -0.00801323 0.0270715 -0.00682602 -0.000575413 0.0122026 -0.01427 -0.0280472 0.00700979 0.138603 -0.027931 0.0105863 -0.00489961 -0.00543378 0.00429225 0.00504716 0.093075 0.0305578 0.0104084 0.0171465 -0.0060745 0.00464342 -0.00682432 0.0656423 0.00900231 0.0365521 0.0309879 0.0331229 0.00673892 0.00869251 0.00587987 -0.00228243,800,0,cuda,78.93,82.66
test,3430,staffordshire_bull_terrier_65,staffordshire_bull_terrier,dog,correct,staffordshire_bull_terrier,lime,8,0.605277,39,0.402344,0.987828,0.585484,0.157036,0.764013,0.544498,0.654958,,,0.0248216 0.0214064 -0.0159563 0.00490865 0.0399424 -0.0154945 0.00570213 0.0428461 0.0012102 0.0246426 0.0298449 -0.0012877 0.14632 0.129727 0.0685713 0.0302481 0.173555 0.0239961 0.277118 0.0513091 -0.0253542 -0.00294571 0.0745056 0.141782 0.00202188 0.0405191 0.019191 0.0471735 0.0666176 -0.00578931 0.00540954 -0.0178118 0.0442089 -0.00265497 -0.00522536 -0.0132599 0.00226214 -0.00144488 -0.00411818,800,0,cuda,72.56,74.34
test,2913,samoyed_39,samoyed,dog,correct,samoyed,lime,29,0.998808,31,0.679129,0.932081,0.252951,0.294255,0.942686,0.207788,0.709656,,,0.000387144 -0.0013346 0.0156762 -0.0434232 0.428249 -0.013064 0.25529 0.0184914 0.0467204 0.0194582 0.0399184 0.054288 0.0173114 0.000484757 0.014803 0.00809001 0.0161568 0.0487257 -0.00562989 0.0149218 0.0138791 0.0126935 0.00142154 0.00228623 -0.0207337 0.00643338 0.00782583 -0.0212624 -0.0234451 0.00674195 -0.0211657,800,0,cuda,35.49,36.65
test,260,american_pit_bull_terrier_64,american_pit_bull_terrier,dog,wrong,staffordshire_bull_terrier,lime,1,0.515565,33,0.504125,0.739274,0.235149,0.014923,0.700248,0.019324,0.605583,,,0.0266023 0.00144275 -0.0295191 0.0368775 -0.00675832 -0.00506319 0.0790264 -0.0106138 -0.0214497 -0.0153903 -0.0399443 0.00185914 0.0172614 -0.0136793 0.10598 -0.0178443 0.131125 0.0063873 0.0158321 -0.0133478 0.119381 0.183995 -0.0129532 -0.00118337 0.0283176 0.0122096 0.0142713 0.0159106 -0.00480368 -0.00331746 0.00356589 0.0306095 0.00738135,800,0,cuda,41.87,42.49
test,1830,keeshond_53,keeshond,dog,correct,keeshond,lime,18,0.999108,38,0.933554,1.0,0.066446,0.386431,0.867326,0.31745,0.491527,,,0.00966371 0.0147207 0.0106811 0.0030984 0.0187388 0.00658746 0.000650366 0.0253062 0.036496 -2.561e-05 0.0469396 0.0261335 -1.14834e-05 0.0904787 0.0126486 0.0210561 0.0560405 0.00899011 0.00928516 0.0133207 0.0144869 0.0974364 0.0775933 0.00752304 0.001271 -0.00616143 0.105837 0.0305382 0.0232659 0.0272223 0.000307092 0.00415702 0.0274281 -0.00539929 0.00311184 0.0290099 0.0242774 -0.0158426,800,0,cuda,68.38,68.98
test,3221,Siamese_41,Siamese,cat,correct,Siamese,lime,32,0.998484,32,0.688158,0.902083,0.213925,0.291486,0.896997,0.4651,0.792644,,,0.00958288 0.0559865 0.00639348 0.265882 0.0767587 0.0412354 0.170065 0.0111519 -0.0140941 0.139703 0.245242 0.0142221 0.0590289 0.232633 0.0532112 0.0603167 0.0650212 -0.0199057 0.0686722 -0.00242424 0.021499 0.0057264 -0.00651258 0.00182228 0.00258135 0.0024348 0.0449067 0.0079119 0.014978 -0.00248811 0.0303971 0.00661555,800,0,cuda,38.85,44.14
test,832,boxer_51,boxer,dog,correct,boxer,lime,8,0.99922,43,0.472477,0.992963,0.520487,0.30246,0.912006,0.429578,0.630154,,,0.00366796 -0.0171423 -0.0213743 0.0161024 -0.0181736 -0.00193189 0.0730405 -0.0100955 0.0323633 0.136106 0.0112301 0.122844 0.00526293 0.0532979 0.0237835 0.138457 -0.00888919 0.0151362 0.0131186 -0.00984916 0.232216 0.0705573 0.0244851 0.30678 -0.00229848 0.020304 0.0668637 0.00554302 -0.00480604 0.00744563 0.0518223 0.0385079 -0.0115767 0.0165083 0.00471991 -0.0271255 -0.0163286 0.0153232 -0.0234897 0.00148153 0.00783274 0.0153522 0.0236994,800,0,cuda,54.18,70.86
test,1343,english_setter_65,english_setter,dog,correct,english_setter,lime,13,0.9993,36,0.435487,0.984266,0.548779,0.082574,0.936557,0.417601,0.617214,,,-0.040299 0.0105325 -0.00960083 0.0120467 0.0346798 0.0364786 0.154997 0.0132194 0.0944814 0.393733 0.1651 0.164901 0.0609181 0.0238758 -0.00757499 -0.0977608 0.0203959 -0.000964126 0.066619 0.149643 0.00283957 -0.0216534 0.000786783 -0.00676409 0.0389673 0.0862971 -0.0070136 0.0227828 0.0432431 -0.0188427 0.022054 0.00930552 0.0233147 -0.00360231 0.00403205 0.00684768,800,0,cuda,57.07,65.62
test,272,american_pit_bull_terrier_75,american_pit_bull_terrier,dog,correct,american_pit_bull_terrier,lime,2,0.845986,42,0.40334,0.96007,0.55673,0.050461,0.863712,0.063484,0.725155,,,0.0246214 0.0272672 -0.0151488 0.0120311 -0.0199121 0.0241331 0.178651 0.207467 0.0222426 0.364951 -0.00681976 -0.0180226 0.105144 -0.017874 -0.0257999 0.104791 0.0969505 -0.00330302 -0.0112072 0.00546323 0.124969 0.0915158 0.0187979 0.0201603 0.00323335 0.0114051 -0.0105769 0.0178563 -0.0105743 -0.0134206 -0.00291335 -0.00302037 0.00107707 0.0126906 -0.0176577 0.00517948 -0.0332966 -0.00517356 -0.00973382 -0.00125099 0.0121741 0.00578734,800,0,cuda,67.18,73.67
test,3145,shiba_inu_69,shiba_inu,dog,correct,shiba_inu,lime,31,0.923698,42,0.435487,0.951409,0.515922,0.092484,0.715227,0.376079,0.551099,,,0.00972902 0.00754334 0.0151388 -0.000843752 0.0253336 0.0086909 0.0108614 0.0121129 0.00427174 -0.00685976 0.0137845 0.0102527 0.00756582 0.0113383 0.00217738 0.0141377 0.073984 -0.011897 -0.00220503 0.00613777 0.0663511 0.0538074 -0.00517036 0.0257972 -0.000193869 0.0359905 0.0643864 -0.0106232 0.142776 -0.000355705 0.110199 0.0322338 -0.0135613 -0.0273508 0.0458337 0.0367541 0.0148001 0.0241657 0.0222872 0.0231739 0.00490957 -0.000753427,800,0,cuda,57.94,67.03
test,1115,Egyptian_Mau_30,Egyptian_Mau,cat,correct,Egyptian_Mau,lime,11,0.999952,30,0.564274,0.987856,0.423582,0.383696,0.922121,0.254871,0.432404,,,0.0231633 -0.00342196 -0.0218446 -0.00956597 -0.0152411 -0.00162834 0.0408201 0.00893558 -0.00268074 0.0350447 -0.00325574 0.0739302 -0.000941407 0.0891532 0.0106983 0.0279979 0.0381842 0.101524 0.00469276 0.0477554 0.0466165 0.00807045 -0.0125856 0.0626165 0.0998385 0.0106791 0.0311821 0.00154615 0.00648115 0.0223096,800,0,cuda,77.75,82.29
test,1961,leonberger_82,leonberger,dog,correct,leonberger,lime,19,0.996527,41,0.769272,0.996685,0.227413,0.124527,0.912963,0.27146,0.749895,,,0.0159289 0.00683399 -0.00575442 0.0284617 0.0958628 0.432005 -0.00734522 -0.0243994 0.0456442 0.125076 0.0585037 0.00063113 -0.0150314 0.125686 -0.00845646 0.346673 -0.040158 -0.0119943 0.0984362 0.00374936 -0.0167799 -0.118497 -0.0195764 -0.0650873 0.10479 -0.0111993 0.004068 -0.00769724 0.0478684 0.00844692 -0.0158398 -0.00943265 0.152356 0.0496531 -0.015251 0.0473245 -0.0177149 -0.00612733 0.0157119 0.00254647 0.0207209,800,0,cuda,41.3,47.11
test,500,Bengal_194,Bengal,cat,wrong,Egyptian_Mau,lime,5,0.765022,37,0.495715,0.807766,0.31205,0.130661,0.832185,0.310786,0.776865,,,0.102161 0.0659459 -0.00705461 -0.0064432 0.0109094 0.0015379 0.0638531 0.520479 -0.00397657 0.0751096 0.00213188 0.00405725 0.0167778 0.107511 0.018958 0.00803463 -0.00207288 0.116553 0.12158 -0.00277191 -0.0207057 0.0121039 -0.0133848 -0.0416341 -0.00729803 0.0138842 -0.00315599 0.0429207 0.0176875 0.0143549 0.0453364 -0.0270495 0.0110072 -0.00799056 -0.0137785 -0.0208061 0.0290229,800,0,cuda,64.11,74.17
test,2466,pomeranian_87,pomeranian,dog,wrong,samoyed,lime,24,0.951405,29,0.541255,0.816703,0.275448,0.031047,0.913216,0.089573,0.74416,,,0.136028 0.014164 0.0163419 -0.0333271 0.0391835 0.0295479 0.0215258 0.00103811 0.549719 -0.00884011 -0.0305609 -0.0350447 0.00338417 -0.0368219 -0.00293549 -0.0248854 0.397064 -0.00158388 0.0246264 0.0423676 3.07428e-05 0.0168768 0.0157449 -0.00264106 0.000311925 0.0106656 0.00203523 0.0094667 0.034618,800,0,cuda,34.77,39.46
test,3516,wheaten_terrier_52,wheaten_terrier,dog,correct,wheaten_terrier,lime,35,0.987724,39,0.197166,0.714165,0.517,0.119108,0.868007,0.061202,0.747967,,,0.0385026 -0.0068223 -0.0052818 -0.0149065 0.0259051 0.000895199 0.0182543 0.014401 -0.00361692 0.0394221 -0.000473884 -8.06326e-05 0.13198 0.00899562 0.157539 0.0530926 0.195771 0.0958388 0.0409522 0.0948179 0.0163726 0.0680256 0.0624889 0.413112 0.00796505 0.02001 0.00660305 -0.00908031 0.0158793 0.00010517 -0.00544495 0.0213854 0.00932959 0.0102165 0.00310349 -0.00151912 0.0182248 0.00123724 0.00821388,800,0,cuda,65.19,72.84
test,2449,pomeranian_71,pomeranian,dog,correct,pomeranian,lime,24,0.999483,45,0.31539,0.932307,0.616917,0.118399,0.931774,0.27332,0.900779,,,0.020217 0.0249811 0.000229138 0.00988646 0.016996 0.0162936 0.0242355 0.715359 -0.0164003 -0.00318267 0.0548353 0.0257643 0.108742 -0.0114587 0.010356 -0.0196398 -0.00675412 -0.0073568 0.0415616 -0.00903676 0.140106 0.113075 0.0459356 0.00557261 0.0385805 -0.0147178 -0.00250425 0.0750606 -0.0136351 0.0217638 0.0022067 -0.00253544 -0.00277359 -0.0140211 -0.00807149 0.00715395 0.0136977 0.00596723 -0.00228546 -8.09972e-05 0.0102595 -0.0116648 0.00485888 -0.00973593 -0.00654491,800,0,cuda,41.06,42.14
test,3385,staffordshire_bull_terrier_23,staffordshire_bull_terrier,dog,correct,staffordshire_bull_terrier,lime,34,0.837007,38,0.439035,0.811449,0.372414,0.031299,0.446815,0.500434,0.422999,,,7.57807e-05 0.0279272 0.012111 0.010742 -0.00206228 0.0288359 0.00432441 0.0197854 0.00812211 -0.00137905 0.0229333 0.0107271 0.0885625 -0.032606 0.0140876 0.0043422 0.0317321 0.0609204 -0.0074157 0.0193636 0.0846701 0.0162484 0.0201363 0.017617 -0.00148273 0.0206184 0.011423 0.015344 0.0094372 0.0323969 0.00514589 -0.00808908 0.0160875 -0.00229955 0.0122577 -0.00804737 0.0066495 0.0165387,800,0,cuda,32.92,43.43
test,3481,wheaten_terrier_20,wheaten_terrier,dog,correct,wheaten_terrier,lime,35,0.998813,35,0.306242,0.818691,0.512449,0.330472,0.853466,0.371398,0.716521,,,0.00636051 -0.00381087 0.000606418 -0.00503838 0.0503475 0.00713028 -0.00948921 0.0399359 0.00519672 0.00566136 0.0222059 -0.000539318 0.00896307 0.0101465 0.0625743 0.0456303 0.0483006 -0.00351768 0.107763 0.0110097 0.211342 0.0828449 0.0294839 0.00190633 0.440104 0.107314 0.0630061 0.00738388 0.0595765 0.00907189 -0.0178582 0.0308109 -0.00852511 -7.8269e-05 -0.00373481,800,0,cuda,41.39,50.26
test,2632,Ragdoll_51,Ragdoll,cat,correct,Ragdoll,lime,26,0.999569,34,0.72714,0.994006,0.266866,0.225773,0.908624,0.61075,0.715967,,,0.0247045 0.0536231 -0.0171386 0.053756 0.0089032 0.0597215 0.0487727 0.00843937 0.224818 0.174404 0.0467442 0.00749891 0.10132 0.0847891 0.227421 0.00591358 0.191905 0.0580656 0.0238412 0.0389972 0.0316327 0.329704 0.00322459 0.0520386 0.0163282 -0.0167146 0.00694031 0.0177887 0.0366458 0.00307571 0.0134597 0.0170689 0.011493 -0.00429195,800,0,cuda,77.45,86.52
test,2082,miniature_pinscher_192,miniature_pinscher,dog,wrong,chihuahua,lime,10,0.999754,31,0.423928,0.584206,0.160278,0.075571,0.830456,0.146915,0.609916,,,0.0251518 -0.015236 0.00346705 0.000454022 0.0794894 0.0175673 0.0795839 0.307333 -0.0848498 0.108079 0.0266517 0.202602 0.311904 0.0312611 0.00388546 0.000450242 -0.011149 0.0323683 0.0220824 -0.00282096 -9.53118e-05 -0.00454502 0.0335668 0.0020327 -0.0329524 0.00970409 0.0270271 0.00771426 -0.00595692 0.0153481 -0.0002158,800,0,cuda,53.81,65.78
test,3537,wheaten_terrier_71,wheaten_terrier,dog,correct,wheaten_terrier,lime,35,0.999683,36,0.642897,0.994291,0.351394,0.156835,0.942754,0.26782,0.851546,,,0.0302213 -0.00353585 0.0554979 0.00444593 -0.00904767 0.0638928 0.00608199 -0.00646358 0.0205348 0.680049 0.0029511 -0.0101085 0.0116415 0.0225175 0.00386304 0.0439378 0.108137 0.020522 -0.00867311 0.0466442 0.0238673 -0.0119045 0.0013206 0.102175 0.0114991 0.0477892 0.0242533 -0.0141344 0.0266648 -0.026664 0.0270408 0.00783367 0.00753805 -0.0107175 0.00131492 0.00324517,800,0,cuda,40.84,45.53
test,1319,english_setter_43,english_setter,dog,correct,english_setter,lime,13,0.999946,34,0.823182,0.911259,0.088076,0.179845,0.894587,0.53559,0.69223,,,0.193866 0.0391391 0.0157442 0.107647 0.0258967 0.0397027 0.389064 0.22136 0.0338504 0.0106451 0.16958 -0.0153039 -0.00088318 0.222906 -0.0072331 0.17109 -0.00126791 0.032593 0.0335377 0.0233676 -0.00905655 0.0770177 -0.00488814 -0.00438623 -0.0106337 -0.0115055 0.000961318 -0.0031234 -0.00681383 0.0122138 0.0102268 0.00327241 -0.00456601 -0.0207244,800,0,cuda,72.44,115.66
test,2945,samoyed_68,samoyed,dog,correct,samoyed,lime,29,0.999069,37,0.626853,0.989234,0.36238,0.307713,0.891014,0.367476,0.54441,,,0.00460601 -0.0114346 -0.00330554 0.0199787 0.0129995 0.0158343 0.00126642 0.000752434 0.0239606 0.0110566 -0.0108359 0.0105554 0.0108089 0.0068089 0.0885125 0.0069469 0.0219682 0.0833021 0.170931 0.118916 0.00394284 0.00133696 0.0810652 0.0318923 0.0080449 0.0159877 0.250576 0.0320726 -0.0201544 0.00413066 0.0171364 0.00302819 0.0116317 0.00596767 0.0188021 0.0116743 -0.0146087,800,0,cuda,67.46,90.43
test,2802,saint_bernard_29,saint_bernard,dog,correct,saint_bernard,lime,28,0.9991,41,0.327208,0.756741,0.429533,0.179227,0.935367,0.22943,0.770624,,,-0.0514118 0.129429 0.0624688 -0.00356821 0.0043049 -0.0278071 0.331457 0.0087798 0.105706 0.0257036 0.452488 0.150197 -0.00556288 -0.0124239 0.00109183 -0.0668157 0.0377445 -0.000668467 -0.0230425 -0.00487129 -0.0132823 -0.0130478 0.0279542 0.0455483 0.00929573 -0.0129779 -0.0134829 -0.0231114 0.0086648 0.0377615 0.025508 0.0144715 0.02039 0.0384433 0.0152328 -0.00342968 0.0417912 0.0105353 -0.0400139 0.0115711 -0.00108791,800,0,cuda,77.95,88.19
test,3615,yorkshire_terrier_51,yorkshire_terrier,dog,correct,yorkshire_terrier,lime,36,0.928638,39,0.742068,0.997588,0.25552,0.229402,0.946689,0.34897,0.588901,,,0.00401588 -0.0218592 0.000900965 0.00215548 0.0142073 -0.0173177 0.0362093 -0.0180472 0.0052166 -0.00621224 0.0993781 0.0365289 0.0504881 -0.00314485 -0.0139357 0.131324 0.00650805 0.125501 -0.0117258 0.143488 0.00331466 0.159799 0.0747399 -0.00623076 0.00728235 0.0422704 0.00372115 0.0435635 -0.0107519 -0.0155715 0.0526489 0.00120539 -0.00714843 -0.00727536 0.00238191 -0.00907255 -0.00225793 -0.00050651 0.00246084,800,0,cuda,33.87,49.34
test,1570,great_pyrenees_8,great_pyrenees,dog,correct,great_pyrenees,lime,15,0.995298,48,0.299067,0.981904,0.682837,0.186186,0.922577,0.37428,0.760223,,,-0.0351384 0.0157888 0.0146735 -0.00989147 0.0189665 0.0141204 0.000273949 0.06915 -0.0100142 -0.00562513 0.219661 0.0132555 0.0230656 0.0287388 0.204969 -0.00590856 0.0115608 0.00255285 0.217594 0.0064089 0.335546 -0.0167452 0.0166374 0.0442133 0.0164177 0.00450219 -0.00522927 0.189571 0.0125343 0.0359035 0.0596216 -0.00149457 -0.00279901 -0.00622915 0.00139652 0.00483281 0.0242867 0.0269095 -0.00916503 -0.00883674 0.0120574 0.0177055 -0.00925094 -0.0140979 0.00551702 0.00992225 -0.00941834 0.0134856,800,0,cuda,92.99,95.31
test,3416,staffordshire_bull_terrier_52,staffordshire_bull_terrier,dog,wrong,boxer,lime,8,0.764354,29,0.292351,0.839455,0.547104,0.190978,0.74358,0.218945,0.641285,,,0.0960992 0.00291095 0.112836 -0.00948767 0.021104 0.0744992 0.0315766 0.230303 0.013831 0.0135773 0.0410639 0.117433 0.0474821 0.0350653 0.0263275 0.130121 -0.00307721 -0.00444081 -0.0107667 0.00568138 0.0477442 -0.0133245 0.0312093 -0.0126713 0.0198919 -0.0211814 0.031054 -0.00645523 0.00691873,800,0,cuda,80.7,85.71
test,2788,saint_bernard_198,saint_bernard,dog,correct,saint_bernard,lime,28,0.999859,43,0.388732,0.705257,0.316525,0.332955,0.9632,0.349897,0.580527,,,0.00537722 0.0421266 -0.00929074 -0.00669896 -0.00292272 0.0323204 0.0109299 0.00471648 -0.0172246 -0.0284742 -0.00173384 -0.00454827 0.0145202 0.0372925 0.0190402 0.0629234 0.0158648 0.00206608 0.0580056 -0.0051061 0.0379033 0.0420134 0.0314074 0.0151793 0.0047735 0.156326 -0.0146412 0.262453 0.0297 0.0299295 0.00383126 -0.00645498 0.0115216 0.0565366 0.00120468 0.0492465 0.0750902 0.0434737 0.00910243 -0.0120528 0.00332415 -0.00747407 -0.0249215,800,0,cuda,42.28,50.62
test,2975,samoyed_95,samoyed,dog,correct,samoyed,lime,29,0.998037,38,0.422692,0.98287,0.560178,0.150378,0.925729,0.445837,0.745264,,,0.0230744 0.0523152 0.0219312 -0.000527592 -0.00547112 0.024725 -0.0116331 0.559064 -0.0187251 0.108968 0.260151 -0.0025726 -0.00297621 0.125554 0.0800999 0.00855944 0.102021 0.0487949 -0.0148185 -0.000473228 0.0437229 -0.00257393 0.013186 0.0336968 0.0481224 -0.00517819 -0.000604159 -0.021262 0.0024428 0.0103179 0.00226899 0.0131537 -0.0312609 0.0301547 -0.00430131 0.0171883 -0.00945056 -0.00206423,800,0,cuda,40.76,50.07
test,1840,keeshond_63,keeshond,dog,correct,keeshond,lime,18,0.998811,40,0.458745,0.991253,0.532508,0.211177,0.921084,0.42792,0.681912,,,0.00706611 -0.00162462 -0.0102603 0.00176719 0.00351123 -0.0220198 0.0120537 -0.00580641 -0.0201734 0.010867 -0.0515214 0.000977965 -0.0265144 0.0228109 0.0463117 0.0502812 0.107349 0.166655 -0.00951379 0.157124 0.0487005 0.00756753 0.0603833 0.27888 0.0680403 0.0682074 0.247173 0.0660001 0.0308466 -0.00821381 0.0112928 0.00461789 -0.00483573 0.00243238 -0.0307661 -0.000177406 0.00446177 0.00580322 -0.00969993 0.0109646,800,0,cuda,60.12,68.23
test,1994,Maine_Coon_249,Maine_Coon,cat,wrong,Bombay,lime,7,0.725556,37,0.662807,0.861129,0.198322,0.089335,0.821539,0.273804,0.730189,,,-0.0093913 0.00869176 0.113471 -0.00972287 0.0135672 0.183811 0.318345 0.00709098 0.0290723 0.0959666 0.0923515 0.0271202 0.0637311 0.121355 0.0790201 -0.0655258 0.0277608 0.010644 -0.0242807 -0.0114355 -0.0297464 0.00466303 0.0070291 -0.0283554 -0.0154457 -0.0299538 -0.0141628 0.0155039 -0.00173089 -0.0122687 -0.0365931 -0.00800618 0.0010864 -0.0356425 -0.0166656 0.0811839 0.00202247,800,0,cuda,58.49,61.8
test,3506,wheaten_terrier_43,wheaten_terrier,dog,correct,wheaten_terrier,lime,35,0.998698,48,0.271385,0.681802,0.410417,0.303861,0.929511,0.498513,0.648819,,,0.0153422 -0.00135685 -0.0180146 0.00418054 0.00165234 0.00989657 0.0193861 0.00379151 0.00522064 -0.0146365 0.000604393 0.0239009 0.017219 0.00275221 -0.000490196 0.0291881 0.0313078 0.0604977 0.160173 0.0192511 0.0202731 -0.00160109 0.0175438 0.245103 0.0451147 -0.00534551 -0.000297139 0.0484582 0.150226 0.100087 -0.000860485 0.0287012 0.112401 -0.0195292 0.133424 0.0130103 -0.0230119 -0.00656791 0.106739 0.0251816 0.0350761 -0.0203056 0.0146323 -0.0181801 -0.00379393 0.00592505 0.005251 0.00315371,800,0,cuda,42.83,51.85
test,2001,Maine_Coon_264,Maine_Coon,cat,correct,Maine_Coon,lime,20,0.999925,40,0.551798,0.988747,0.436949,0.402254,0.955883,0.090213,0.32706,,,0.0120544 -0.0106034 0.00552714 -0.00051309 -0.012183 0.00534578 0.0100378 0.000339267 -0.00356168 0.000332791 0.00818814 -0.000640024 0.0119561 -3.85509e-05 0.00320444 0.0449461 0.0224609 0.0130682 0.0150573 0.00940058 0.0240277 0.0253829 0.00589624 0.000992146 0.0189955 0.0194382 0.0029349 0.00926655 0.0165305 -0.00281346 -0.00644903 0.000159343 0.00118799 0.00061578 -0.00568728 -0.00421729 -0.00263481 0.00447077 -0.00102386 0.000554907,800,0,cuda,88.3,93.09
test,2640,Ragdoll_5,Ragdoll,cat,correct,Ragdoll,lime,26,0.999991,32,0.706593,0.991916,0.285323,0.137483,0.898415,0.471264,0.714109,,,0.0363266 -0.00235827 0.0202742 0.00745566 -0.0227319 0.0060611 0.00526674 0.0471321 0.111813 -0.010496 0.0896009 0.00932475 0.300459 0.377436 0.00274816 0.227901 0.238781 0.161779 0.000951296 0.078816 0.136895 -0.00409562 0.0253389 0.0241063 0.0447191 0.0322553 -0.0107642 -0.0171174 -0.0234705 -0.00489027 -0.00981161 0.0146509,800,0,cuda,46.86,56.44
test,2950,samoyed_72,samoyed,dog,correct,samoyed,lime,29,0.992416,36,0.607003,0.985134,0.37813,0.132059,0.877608,0.356092,0.765885,,,0.191827 -0.012648 -0.0232918 0.00112976 0.0157499 0.0736426 0.00684426 -0.0200312 0.00780672 0.00525664 0.4114 0.238755 0.0568023 -0.0156542 -0.00872504 -0.0121365 0.0113971 0.133079 0.273103 -0.0167519 0.0292475 -0.0104691 -0.015124 0.000251652 0.202227 0.00509987 -0.0474198 0.000196318 0.11213 0.00251207 -0.00983678 0.0129738 0.0434174 0.0163624 -0.0392579 -0.00619373,800,0,cuda,63.06,71.45
test,1918,leonberger_43,leonberger,dog,correct,leonberger,lime,19,0.999909,36,0.809411,0.992495,0.183084,0.376807,0.955157,0.196446,0.272698,,,0.038597 -0.00311962 0.0128061 0.00206392 0.0145438 0.0402677 -0.0105165 0.00438902 0.0766139 0.0289144 0.063559 0.0865739 -0.00385485 0.00663738 0.00166201 0.018892 0.00761535 0.01034 -0.00399283 0.016987 0.00488938 -0.00708061 2.68608e-05 0.0140886 -0.00751782 0.0414601 -0.0102363 0.00455867 0.00828552 0.00923602 0.00795426 0.0104119 0.00816141 -0.0177083 0.0247086 0.00480323,800,0,cuda,58.6,63.99
test,2382,pomeranian_192,pomeranian,dog,correct,pomeranian,lime,24,0.999959,28,0.618702,0.88159,0.262888,0.340702,0.952902,0.255699,0.593018,,,-0.00350544 0.00150534 -0.0176315 0.0482574 0.280167 -0.00275296 0.0201739 0.0205725 0.019569 0.0353998 -0.0174942 0.00347912 0.0106658 -0.0374868 0.364652 0.00429432 0.0684125 -0.00414961 0.132011 0.0217072 -0.0137874 0.00269973 0.010735 -0.0165998 -0.00944346 0.0177866 -0.0188405 0.0057042,800,0,cuda,42.49,56.96
test,360,basset_hound_66,basset_hound,dog,correct,basset_hound,lime,3,0.630166,30,0.139529,0.246201,0.106672,0.096871,0.635963,0.101847,0.607948,,,0.000203228 -0.00553834 -0.0145818 0.000152635 -0.0174428 -0.0108599 0.00559388 -0.0221325 0.00929794 0.00917494 0.00313134 0.00852577 0.0029538 0.100795 0.0661916 -0.00332076 0.209157 0.00122861 0.0173866 0.019498 0.0626972 -0.0728527 0.0267727 -0.042739 0.0943982 -0.00325319 -0.00538122 0.0138573 0.0619439 0.0417349,800,0,cuda,116.46,116.95
test,3255,Siamese_76,Siamese,cat,correct,Siamese,lime,32,0.999942,32,0.671496,0.862243,0.190747,0.384423,0.816741,0.513979,0.67612,,,0.00604838 0.0119525 0.0599646 0.0166763 0.0387484 0.0994751 0.155064 0.0148089 0.0437941 0.00665966 -0.00684992 0.0165765 0.122974 0.0924257 0.0171546 0.00835354 -0.0089766 0.00960777 0.0544632 0.0184162 0.38834 0.151203 0.0676233 0.0802699 0.0406499 0.0250405 -0.0303256 0.0306078 0.0280171 0.0104806 0.00128211 -0.0035302,800,0,cuda,45.18,53.57
test,620,Birman_2,Birman,cat,correct,Birman,lime,6,0.997443,34,0.663783,0.888339,0.224555,0.099514,0.925578,0.284026,0.795856,,,0.00618369 -0.010546 0.0128008 0.00132567 0.166323 -0.000488543 -0.00381767 0.00429367 -0.0216144 0.00987985 0.156973 0.178526 0.0651887 -0.00129426 0.16227 0.568204 0.00791163 -0.0154833 -0.00423671 0.0194355 0.0188099 -0.00582373 0.0372029 0.00540227 0.0240276 0.0350899 0.00110928 0.0141323 -0.00297465 -0.00531245 -0.0293876 0.0138368 0.0071301 -0.00640426,800,0,cuda,60.05,67.81
test,2606,Ragdoll_263,Ragdoll,cat,correct,Ragdoll,lime,26,0.999894,37,0.795719,0.997894,0.202175,0.136974,0.767052,0.262607,0.747582,,,0.0166113 0.0102213 0.0214146 -0.0218519 0.0223155 0.0211927 0.215922 -0.00670781 0.0448282 0.0184284 0.062927 -0.00310863 0.263225 0.11248 0.00173165 0.271989 0.00303344 0.0390512 0.11386 0.296124 -0.00182171 0.00553066 0.212497 0.0398768 0.00518441 -0.00067233 -0.00368224 0.0275288 0.0228175 0.0276166 0.0210999 0.0215722 -0.0036936 -0.00502132 0.0124417 -0.00932601 -0.0128743,800,0,cuda,74.68,82.19
test,986,chihuahua_192,chihuahua,dog,correct,chihuahua,lime,10,0.998273,32,0.457868,0.748056,0.290188,0.063568,0.847669,0.356382,0.608339,,,0.0316829 -0.00529044 -0.00873577 0.108456 0.22534 0.052244 -0.00226238 0.0233819 0.0332381 0.00392174 0.277347 -0.0185802 0.0836627 0.0605111 -0.0425099 0.00143631 0.0224387 0.0329468 -0.00913285 0.0236593 0.00791264 -0.0194651 -0.0190943 -0.00453726 -0.0133928 0.0548093 -0.00267741 0.0232556 0.0216702 -0.00762694 -0.0163357 -0.0241071,800,0,cuda,79.1,83.84
test,34,Abyssinian_33,Abyssinian,cat,correct,Abyssinian,lime,27,0.512571,38,0.304369,0.655273,0.350904,0.029009,0.481991,0.090945,0.596881,,,0.0492263 0.015549 0.018443 -0.000629126 0.00216633 0.00376192 0.000907871 -0.00761961 -0.00236341 0.0262844 0.134171 0.0391261 -0.0106684 0.0231648 -0.00625362 -0.00907685 -0.00313863 -0.00843947 0.00132988 0.0125935 0.00951222 0.0104535 0.123326 0.0174182 0.0453146 0.0074937 0.102389 -0.0113569 0.0178175 0.0380532 -0.0155211 -0.00470368 -0.0344337 -0.0141257 0.00086736 0.0247676 0.0106475 0.00173551,800,0,cuda,19.2,23.9
test,690,Birman_93,Birman,cat,correct,Birman,lime,6,0.990996,35,0.362544,0.904931,0.542388,0.101612,0.918688,0.032902,0.836536,,,0.0310721 -0.0021425 -0.00494875 0.014165 0.00998984 0.0104613 -0.000916965 0.0233365 0.131881 -0.0223909 0.109876 0.00754232 -0.00765888 -0.0207186 -0.00885144 0.0600601 -0.00984744 0.659614 0.0163081 0.0369829 -0.00281682 0.104251 -0.00858844 0.194056 0.0137292 0.0153054 -0.011154 -0.0371723 -0.0112637 0.00250779 -0.00394786 -0.00377734 -0.0316752 -0.00770029 0.0095342,800,0,cuda,131.93,160.72
test,3282,Sphynx_212,Sphynx,cat,correct,Sphynx,lime,33,0.968693,28,0.493124,0.521832,0.028708,0.100033,0.702098,0.248349,0.719186,,,0.0523119 0.142876 -0.0171314 0.102675 0.0661114 -0.0123871 0.0253985 0.2355 -0.00603301 0.0465627 0.0523462 0.0480071 -0.00748026 0.304256 0.0220184 -0.0114711 0.0421743 -0.0115382 -0.00951387 0.0130972 -0.0190607 -0.0213137 0.0228818 -0.00482879 0.00259329 0.0111777 -0.0128595 0.0126705,800,0,cuda,65.1,71.88
test,2164,miniature_pinscher_85,miniature_pinscher,dog,correct,miniature_pinscher,lime,21,0.587576,39,0.622449,0.944866,0.322417,0.057739,0.913615,0.371306,0.890833,,,0.0298911 0.026097 -0.0416421 0.0415795 -0.0504184 -0.00361478 -0.0363761 0.0812445 0.0252777 -0.0298328 0.036549 0.664473 -0.00882934 0.0197722 0.0884366 0.015011 0.00469787 0.0068054 0.0289026 0.0163737 -0.00874228 0.0855331 0.0278916 -0.0044013 0.00221927 0.0465907 -0.0204778 0.00483441 -0.000716865 -0.0178387 -0.00112091 0.0127429 -0.0630534 0.00368519 0.00761068 0.0125499 0.00120645 0.00992776 -0.00268866,800,0,cuda,68.15,91.88
test,376,basset_hound_80,basset_hound,dog,correct,basset_hound,lime,3,0.793312,43,0.202129,0.6206,0.418472,0.059858,0.857371,0.184425,0.886803,,,-0.00240247 0.00414195 -0.00611441 0.0022893 -0.00365994 -0.00242686 -0.00477682 0.00269382 0.00989971 -0.00471378 -0.00757171 -0.00370885 -0.0126437 -0.00326185 -0.00980555 -0.022451 -0.00837049 0.0188157 0.0228378 0.0432988 -0.000924508 0.0106584 0.611298 0.0339713 0.0373433 0.180737 0.0171275 -0.00043343 -0.00779059 -0.0296989 0.0255008 0.0182217 -0.00863941 0.0121169 0.00843821 0.0211522 0.0224014 0.0089863 0.0121775 0.0212284 -0.00845486 0.018303 0.0261125,800,0,cuda,33.42,55.5
test,101,american_bulldog_208,american_bulldog,dog,correct,american_bulldog,lime,1,0.999792,40,0.328464,0.827383,0.498919,0.085865,0.85453,0.201312,0.676148,,,0.0899512 -0.0221695 0.0515944 -0.00789238 0.103654 0.0408069 -0.0156263 0.138911 0.203578 0.00312752 0.143248 0.0043127 0.0204442 0.0663805 0.0222745 0.00576491 0.0181833 0.22845 0.00382064 0.0252943 0.042975 0.0038659 -0.000382437 -0.0346257 0.0242492 0.0116017 -0.0103836 -0.000118344 0.0703257 0.00575216 0.0281508 -0.00168018 0.002012 -0.0167533 -0.00254726 0.00699994 -0.0275482 -0.00788068 -0.00996023 -0.00615291,800,0,cuda,60.24,64.93
test,2161,miniature_pinscher_82,miniature_pinscher,dog,correct,miniature_pinscher,lime,21,0.931486,40,0.438496,0.982195,0.543699,0.097201,0.878993,0.104374,0.928203,,,0.0183468 -0.0131228 0.0404504 0.0337176 0.014096 -0.0120544 0.0136013 -0.00266185 0.00987442 0.708683 0.0290756 -0.021708 -0.0236063 0.0878247 0.090302 0.00338029 -0.00875643 0.00752706 0.055714 0.0251568 0.0533764 -0.0550549 -0.0128407 0.00680937 0.0486323 0.0163906 0.00544554 0.0133077 0.0104253 0.00827188 -0.00380882 0.000234198 -0.00827897 -0.0131926 0.00351976 -0.0072642 -0.00905935 -0.00441637 -0.0100772 0.00663674,800,0,cuda,28.45,36.32
test,1486,great_pyrenees_195,great_pyrenees,dog,wrong,keeshond,lime,28,0.744435,29,0.593571,0.604413,0.010842,0.048093,0.743714,0.087358,0.688297,,,0.00575758 0.00198643 -0.0367295 0.000367164 0.0239836 -0.0149276 0.0163003 0.00967353 0.0014214 0.00314145 0.0127736 -0.00258536 -0.042376 -0.0115176 -0.04293 0.00790121 -0.00507845 -0.00929949 0.333353 0.0228919 -0.0117205 0.0411903 0.249062 0.0447584 0.0780003 -0.00522987 0.0116131 0.0151823 0.194909,800,0,cuda,53.05,56.74
test,3039,scottish_terrier_63,scottish_terrier,dog,correct,scottish_terrier,lime,30,0.9997,28,0.323521,0.972836,0.649315,0.200966,0.96444,0.345851,0.783814,,,-0.00569908 0.0131526 0.0387191 0.00539279 0.0222483 0.00411556 0.555464 0.00647626 -0.00279311 -0.00952705 0.0108582 0.128359 0.0015281 0.0308378 0.0212038 0.028189 0.0701693 0.00515678 0.00417842 0.0854647 0.166207 0.0519739 0.0257344 -0.000906597 -0.0131435 0.0180928 0.0162744 0.018241,800,0,cuda,57.6,77.95
test,939,British_Shorthair_52,British_Shorthair,cat,correct,British_Shorthair,lime,9,0.999941,37,0.526566,0.898415,0.371849,0.211247,0.863093,0.465999,0.681551,,,-0.0104464 0.143976 0.0192757 0.00238519 0.0159024 0.00154039 0.185187 0.00325928 -0.00349747 0.0393984 0.122842 0.0585758 -0.00344607 0.0681839 0.0554464 0.303888 0.0327786 0.125369 0.00251716 0.118419 -0.00519689 0.0494977 -0.00275039 0.0171797 0.00461476 0.0235802 0.0474513 0.0176715 -0.0203753 0.00618079 0.00524607 -0.00450509 -0.00851412 0.00612384 -0.00411838 0.0120606 0.0191889,800,0,cuda,73.27,80.13
test,1601,havanese_27,havanese,dog,correct,havanese,lime,16,0.999577,34,0.907286,0.999902,0.092615,0.335989,0.818509,0.635717,0.664879,,,0.00205135 0.0333013 0.0384178 -0.00726005 0.0452927 -0.00878602 0.188722 -0.0171998 0.0514361 0.00880519 0.0309165 0.0436937 0.0589438 0.0989989 0.227968 0.139464 0.201036 0.00622783 0.0485914 0.20602 -0.0131064 0.0326617 0.0486831 0.143246 0.0428971 0.0455961 0.00359884 0.0215785 0.0763405 0.0040951 0.0794978 0.099447 0.0310145 -0.0674757,800,0,cuda,20.2,20.69
test,946,British_Shorthair_59,British_Shorthair,cat,correct,British_Shorthair,lime,9,0.999964,36,0.608239,0.994786,0.386547,0.278244,0.888523,0.239713,0.440641,,,0.00314224 0.0112696 -0.00419253 0.0048171 -0.0232638 -0.00598156 0.0067531 0.00805742 0.00653396 -0.00172078 -0.0123881 0.0091684 -0.0085398 -0.00480936 0.152141 0.0228832 0.0038513 0.0766732 -0.00902038 0.00794282 0.0525181 0.013363 0.0557914 -0.00205112 0.00367112 0.135827 0.0928926 0.0106544 0.00138687 0.0674158 0.00790418 0.00571445 -0.002483 0.0105098 -0.0215912 0.0113866,800,0,cuda,56.5,71.27
test,1901,leonberger_28,leonberger,dog,correct,leonberger,lime,19,0.999512,31,0.506138,0.993653,0.487515,0.206682,0.954022,0.380027,0.621207,,,0.0326397 0.0155224 0.0108454 -0.042187 -0.00368767 0.372532 0.0498534 0.044843 -0.00533363 -0.00569456 0.128533 0.283553 0.0343971 -0.0200274 -0.016739 0.0216627 0.00456604 -0.0144088 0.0960163 0.0175321 0.0273099 0.0616601 0.0594148 -0.0142626 0.0239429 0.0241981 -0.0301189 -0.00124518 0.0332028 0.011753 -0.0058796,800,0,cuda,54.21,58.84
test,1258,english_cocker_spaniel_79,english_cocker_spaniel,dog,correct,english_cocker_spaniel,lime,12,0.999945,34,0.601602,0.573619,-0.027983,0.19282,0.792734,0.459871,0.741039,,,0.0196371 0.00841865 0.0216496 -0.00598033 -0.0139235 -9.15185e-05 0.01982 -0.00827453 -0.00811829 0.0131903 0.0030087 -0.00462911 0.00485501 0.109873 0.0838738 0.123928 0.214828 -0.00965178 0.0602981 0.554943 0.202908 -0.00866017 0.0236756 0.0070796 -0.00306013 0.0606245 0.0982133 0.0418493 -0.00134554 0.0623665 0.0552249 0.11786 0.0835623 0.120168,800,0,cuda,99.01,102.18
test,1683,japanese_chin_192,japanese_chin,dog,correct,japanese_chin,lime,17,0.999599,43,0.36354,0.992321,0.628781,0.165623,0.871402,0.512437,0.659748,,,-0.00611711 -0.0115685 -0.00177188 -0.00565745 0.0594892 0.00455722 -0.00980909 0.000563643 -0.007086 0.00284581 -0.0150439 0.173189 0.250501 0.0236741 0.251946 0.0258171 -0.00633011 0.270303 0.0825345 0.173573 0.00723912 -0.0548209 0.116103 0.0426915 0.369649 -0.00725037 0.0687411 0.00888323 0.0505314 0.0312395 -0.0118065 0.0241265 -0.00303376 0.00237681 -0.0156651 0.0313273 0.012459 -0.00328828 -0.013352 0.0263589 -0.0360391 -0.00703136 -0.00506227,800,0,cuda,74.06,85.22
test,1886,leonberger_196,leonberger,dog,correct,leonberger,lime,19,0.999544,38,0.291394,0.859674,0.56828,0.137456,0.921014,0.284748,0.889694,,,-0.00234172 0.0214382 -0.0123594 0.0140923 -0.00975977 0.0162284 0.00383385 0.021604 -0.00652945 0.0400261 0.023651 0.00810098 0.133654 0.0692979 0.0218044 0.00435808 0.0329913 0.0254797 0.0188119 0.0101046 -0.00148579 0.724146 0.0489627 0.00410385 0.0754614 -0.0345379 0.0158164 -0.000659869 0.102588 0.0372678 -0.0211527 0.0243645 -0.0178738 -0.00841603 0.00487707 0.00813769 0.0007481 0.0159332,800,0,cuda,70.76,77.74
test,2406,pomeranian_32,pomeranian,dog,correct,pomeranian,lime,24,0.996132,32,0.523537,0.991276,0.467739,0.12862,0.86399,0.128776,0.753956,,,-0.0116459 -0.0294509 -0.00999176 0.00876358 -0.0088236 0.0099851 0.0633241 0.0248932 -0.0144304 0.390443 0.0268873 -0.00778249 -0.0115005 -0.00367632 -0.000821395 0.00790996 0.0328031 0.0626871 0.0166227 0.550542 0.0414847 0.0475765 0.0440506 0.040059 -0.022504 0.0113107 0.00308817 -0.0258744 -0.00406572 0.0569097 -0.00855956 0.167615,800,0,cuda,26.45,30.36
test,2526,pug_4,pug,dog,correct,pug,lime,25,0.998404,34,0.668866,0.997048,0.328183,0.161509,0.863506,0.601205,0.749596,,,0.0163548 0.0152484 0.105237 0.0280973 0.0432173 0.254271 0.237527 0.0194428 0.0533243 0.221832 0.0932582 0.0244462 0.0301085 0.0299373 0.26979 0.304953 0.0951988 0.137967 0.00272281 -0.00572471 0.0379876 0.0735572 0.0342755 -0.00299765 0.0071754 0.0430546 0.0088082 0.0060219 0.0104688 -0.0377532 -0.00748523 -0.00413999 -0.00931592 -0.0275257,800,0,cuda,39.32,45.56
test,1455,german_shorthaired_76,german_shorthaired,dog,correct,german_shorthaired,lime,14,0.999999,32,0.217873,0.88274,0.664867,0.245834,0.894365,0.289284,0.481164,,,0.0347275 -0.00872823 0.0198382 2.01759e-05 0.0187266 0.172618 0.0181516 -0.00711362 0.0735478 0.0159425 0.0116515 0.0045765 0.0383182 0.207588 0.00606127 0.00828032 -0.0147281 0.132361 0.010739 0.0117009 0.0253427 0.00628456 0.0318206 -0.0122327 0.0067576 -0.00934349 0.0380078 0.00388555 0.0162705 -0.0117328 0.00943704 -0.00198596,800,0,cuda,46.71,48.95
test,506,Bengal_19,Bengal,cat,correct,Bengal,lime,5,0.997492,46,0.21321,0.73538,0.52217,0.185662,0.977532,0.157693,0.520668,,,-0.0144167 -0.0298416 -0.00500991 0.013213 0.000401476 -0.00681343 -0.0177135 -0.00794691 0.026957 -0.0256815 0.0130072 0.0321766 0.117613 0.0143699 -0.0117007 -0.0117466 -0.0226259 0.186229 0.0564777 -0.000131085 -0.00961833 -0.0268539 0.00849314 0.0287424 0.0234987 -0.0048881 0.000463565 0.0406102 0.157389 -0.00503469 -0.00454577 -0.019312 -0.0255737 0.0959286 0.0148442 -0.0283247 -0.00528973 0.00646996 0.0120691 -0.0102703 -0.0256318 0.0261152 0.0121781 0.00935587 -1.8425e-05 -0.00889302,800,0,cuda,34.99,39.05
test,1543,great_pyrenees_65,great_pyrenees,dog,correct,great_pyrenees,lime,15,0.995185,31,0.566665,0.992568,0.425903,0.137671,0.912243,0.357067,0.752079,,,-0.0122389 0.00556904 -0.00181118 -0.0108137 0.0284362 0.00261219 -0.0186268 0.360207 0.446495 0.0110347 0.0361924 0.130064 0.0104269 0.122388 0.181804 0.0141643 0.0793872 -0.000425668 0.0106439 0.0423689 0.0349662 0.0245812 0.0206223 0.0993672 -0.0264979 0.000240044 -0.0203141 -0.0147671 -0.0131802 0.00638625 0.00600273,800,0,cuda,90.72,93.36
test,1453,german_shorthaired_74,german_shorthaired,dog,correct,german_shorthaired,lime,14,0.997648,39,0.337014,0.950097,0.613083,0.147104,0.81164,0.112158,0.726276,,,-0.00168386 0.0485993 -0.00757005 0.0454048 0.00128377 0.0686725 0.0249054 0.365211 0.0109781 0.0223703 -0.00283473 -0.00506694 -0.00851476 0.129523 0.130105 0.328577 -0.0119238 0.151325 0.0216538 -0.0196462 0.0111144 0.000186369 0.0866647 -0.014175 0.0366111 -0.00363811 -0.00462938 0.0167815 0.0389203 0.0504651 0.0287095 0.0125679 -0.00243515 -0.0107575 -0.0023929 0.000501835 -0.00127222 0.0178985 0.0268047,800,0,cuda,62.36,63.93
test,3523,wheaten_terrier_59,wheaten_terrier,dog,correct,wheaten_terrier,lime,35,0.99981,39,0.379783,0.984714,0.604931,0.12526,0.910278,0.088651,0.82151,,,0.0246546 0.011034 0.012567 -0.00377931 -0.0040899 -0.0189119 0.00603191 -0.00525794 0.000747538 -0.0195281 0.112317 0.031204 -0.0098351 0.00248288 0.615716 0.00400816 0.0167986 -0.0105051 -0.00949476 0.0144755 -0.00760908 0.00183027 -0.0227267 -0.00249249 -0.0181393 0.264601 0.0183744 0.0414476 0.122115 -0.014372 0.00625825 0.0427635 0.0138424 -0.000319905 0.058193 0.00408792 0.0181015 0.00110407 0.00917658,800,0,cuda,71.62,78.39
test,1205,english_cocker_spaniel_30,english_cocker_spaniel,dog,correct,english_cocker_spaniel,lime,12,0.999287,34,0.589744,0.827249,0.237505,0.087305,0.691552,0.361076,0.496606,,,-0.0240084 0.0104188 0.0186203 0.0135449 0.0145155 -0.0152153 -0.00191915 0.0544745 -0.0317644 0.0269533 0.0518935 -0.0174369 -0.000982749 0.00437427 0.0550386 0.00885704 0.0347556 0.235122 0.044006 0.0488704 -0.00447516 0.000350312 0.187804 0.0761883 0.0231828 0.107158 0.057487 0.0219444 0.0440713 0.0102874 -0.00965879 0.00305167 0.0167449 0.0153986,800,0,cuda,86.02,95.42
test,2674,Ragdoll_94,Ragdoll,cat,correct,Ragdoll,lime,6,0.898668,36,0.562241,0.992064,0.429824,0.137613,0.909965,0.500347,0.684902,,,-0.0153068 -0.0213298 0.00573459 0.011258 0.0152864 0.0159405 -0.0120787 -0.00599331 0.0327349 0.00767293 -0.0210457 0.0266567 0.080764 0.0475489 0.302692 0.139492 -0.0170002 0.0588819 0.323561 0.0138402 0.105158 0.00812044 0.242499 0.0107286 -0.00321796 0.0483966 0.051222 0.00725223 -0.0229153 -0.00701295 0.0101931 0.0127891 -0.00479186 -0.0229396 -0.0372425 0.0115964,800,0,cuda,37.32,37.92
test,61,Abyssinian_66,Abyssinian,cat,correct,Abyssinian,lime,0,0.999946,37,0.582649,0.728759,0.14611,0.445685,0.914615,0.258733,0.469798,,,0.00143542 0.0515817 0.0244681 -0.0140413 -0.004128 -0.00857959 0.00489281 0.00422911 -0.012386 -0.00625832 0.0125565 0.000890274 0.0347558 0.0123702 -0.00118715 0.0146894 -0.006541 0.03603 -0.0112134 0.00940624 0.0151485 0.00322266 0.0482864 0.123803 0.0577536 0.0313986 0.04091 0.0209706 0.0244597 0.0286349 0.0104923 0.0406646 0.10691 0.0262663 -0.0147359 0.00139841 -0.00952936,800,0,cuda,60.59,68.29
test,1175,Egyptian_Mau_94,Egyptian_Mau,cat,correct,Egyptian_Mau,lime,11,0.999365,22,0.445073,0.815221,0.370147,0.195323,0.948229,0.144003,0.627156,,,-0.033021 -0.0362273 0.00109705 -0.0384234 0.00903545 0.00249347 -0.0225738 0.124051 0.0247727 0.0446819 0.152844 0.0114738 0.0866802 -0.00153732 0.0184082 0.0885577 0.245364 0.0124549 0.0230574 -0.00816034 -0.0208712 0.0180074,800,0,cuda,50.8,53.34
test,3302,Sphynx_242,Sphynx,cat,correct,Sphynx,lime,33,0.99542,35,0.62209,0.959405,0.337315,0.380562,0.91939,0.364826,0.522696,,,0.00684244 0.042486 0.00609658 0.0441524 0.0411381 -0.00903647 -0.00518082 0.0118031 0.103082 0.0782864 0.0250069 0.0422316 0.0190244 0.0582738 0.132832 0.048683 0.0301976 0.0653261 0.0801336 -0.00316065 0.113086 0.0088318 0.021736 0.031062 0.0051231 0.0256965 0.00539015 -0.00816689 -0.0212307 0.00663995 0.00424531 0.00673314 0.0134805 -0.0203866 -0.0194555,800,0,cuda,69.08,83.05
test,2667,Ragdoll_88,Ragdoll,cat,correct,Ragdoll,lime,26,0.999776,35,0.813397,0.998518,0.185122,0.273532,0.766606,0.429334,0.784213,,,-0.00486538 0.00978344 0.0204298 0.0410531 0.00834044 0.0398359 0.0117703 0.072929 -0.0178298 0.0619244 0.064714 0.0401351 -0.0289678 0.024459 0.0425201 0.281248 0.0359943 0.11566 0.107747 0.0119408 0.0540514 0.325732 0.00663299 0.0578153 0.00850466 0.0777268 0.0491357 0.0208617 0.150201 0.0130796 0.0226096 0.0143218 0.0955512 0.0453056 0.0615856,800,0,cuda,72.59,79.51
test,3265,Siamese_86,Siamese,cat,correct,Siamese,lime,32,0.999193,37,0.516283,0.790262,0.273979,0.226452,0.905064,0.543822,0.757471,,,0.0503606 -0.000484384 0.124562 0.00755247 0.0132145 0.237814 -0.0178982 -0.000617601 0.00855318 -0.0036284 -0.0164645 0.0366927 0.391072 0.274763 0.0383155 0.000806813 0.0472742 0.121761 0.0299605 0.0610805 -0.0143726 0.00985251 0.0507302 0.0672833 0.16097 0.0161844 0.0257928 0.0221355 0.0513406 0.064113 0.0896231 -0.00127885 0.00844902 -0.02932 0.0183323 -0.00593683 -0.00432035,800,0,cuda,41.82,46.32
test,2942,samoyed_65,samoyed,dog,correct,samoyed,lime,29,0.996742,38,0.270209,0.958942,0.688733,0.066782,0.943362,0.353657,0.781535,,,-0.00361239 -0.0322308 0.0197367 -0.0351026 -0.00919697 -0.0348694 -0.0223196 -0.00952683 -0.0102598 0.00501634 -0.00621422 0.00975694 0.0666318 0.0101232 0.486734 0.372949 0.0206739 0.00911991 -0.023724 -0.000666453 0.254436 0.0122607 0.0196154 0.218447 0.0124746 0.00807668 0.0300474 0.0382777 0.0648496 0.0948413 -0.0175625 0.0576063 0.0285088 0.0180595 -0.0102009 0.0308614 0.0036122 -0.0230643,800,0,cuda,98.95,99.68
test,2345,Persian_64,Persian,cat,correct,Persian,lime,23,0.999262,35,0.536133,0.985062,0.448929,0.195224,0.915678,0.311542,0.753463,,,0.00712234 0.029421 0.069053 0.0354083 0.0114303 0.000482076 0.415905 0.0150623 0.101567 -0.00122994 0.0114035 0.0113791 0.0650771 -0.0295167 0.374372 -0.0089106 0.0156198 -0.0190641 0.254867 -0.0226817 -0.0167417 0.00677945 0.00960729 -0.0216612 -0.00303381 -0.00394307 0.00519841 0.0160505 0.0788411 0.00112599 0.045638 0.00487142 0.0234591 0.00839612 0.00357579,800,0,cuda,82.31,95.36
test,2556,pug_77,pug,dog,correct,pug,lime,25,0.99947,38,0.428611,0.94273,0.514119,0.091214,0.966124,0.264888,0.839657,,,0.0128177 -0.00986586 -0.00832557 0.016141 0.012892 -0.0245633 0.0109571 0.0164024 0.224132 -0.0397537 0.0502673 -0.00661567 0.0552011 -0.0275199 0.0171177 -0.0225808 0.607227 0.109991 -0.00655439 0.0991031 0.210553 0.176054 -0.0162201 0.00195425 -0.0113227 0.0188404 0.0169765 -0.012963 0.0288429 0.00439559 0.00121705 0.00683669 -0.0223286 -0.0199666 0.00169185 -0.021957 -0.00436863 -0.0242339,800,0,cuda,73.31,92.96
test,147,american_bulldog_53,american_bulldog,dog,correct,american_bulldog,lime,1,0.999984,30,0.626754,0.989771,0.363017,0.40475,0.883446,0.422616,0.637029,,,0.00813908 -0.0125037 0.0235025 0.0118099 0.026647 0.00862746 0.00913198 -0.00888827 0.0747142 0.0193924 0.18558 -0.00758477 0.0725376 0.284331 0.0995068 0.0299552 0.0214729 -0.00462912 0.000984449 0.0837222 0.108512 7.47524e-05 0.0529077 0.0068546 0.113059 0.0212853 0.0074171 0.00021215 -0.00890974 0.00892722,800,0,cuda,57.6,60.61
test,1786,keeshond_195,keeshond,dog,correct,keeshond,lime,24,0.868382,32,0.939971,0.991825,0.051854,0.084109,0.657619,0.200635,0.55311,,,0.0150061 0.0168408 0.00836452 0.00340428 0.0135764 0.000811548 0.0211743 0.0214706 0.118148 0.0306777 -0.00577756 0.00449188 -0.00299384 0.093874 0.00758836 0.114781 0.199404 0.0184173 0.039918 0.00226887 0.149985 0.137063 0.0195262 0.0261024 0.00527493 0.0176717 0.0153133 -0.00117 0.000611903 0.00587653 -0.024905 0.0078057,800,0,cuda,110.75,126.31
test,2587,Ragdoll_219,Ragdoll,cat,wrong,Birman,lime,6,0.471416,33,0.735431,0.994547,0.259116,0.040809,0.514136,0.299429,0.390419,,,-0.00190028 -0.00290034 0.00196241 0.00870328 0.00922654 0.0034503 -0.000148734 0.00601731 -0.00722729 -0.00677868 0.0282859 -0.00534874 0.0114229 -0.00329134 0.0394966 -0.00126011 0.0302082 0.0506278 -0.00902283 0.00658695 0.00337639 0.0168378 0.00354436 0.0125352 0.0179186 0.0456407 0.00756573 0.0102004 0.00305761 -0.00418078 0.0118022 -0.0146549 -0.00515851,800,0,cuda,96.06,108.41
test,2433,pomeranian_57,pomeranian,dog,correct,pomeranian,lime,24,0.999498,31,0.547393,0.990929,0.443536,0.174177,0.910954,0.46048,0.694673,,,0.00841666 0.00884037 0.0413618 0.0266233 0.0423329 0.36329 0.397683 0.0038267 0.19181 0.00670241 0.131265 0.0100917 0.0956743 0.270023 -0.0172821 -0.00437553 0.037187 -0.0303105 0.0280179 0.0312051 0.0189903 0.0258759 0.00128216 0.02832 0.0138108 -0.0274608 -0.00508981 0.00917898 -0.0382976 0.0091086 -0.00107068,800,0,cuda,111.84,129.67
test,1145,Egyptian_Mau_62,Egyptian_Mau,cat,correct,Egyptian_Mau,lime,11,0.999374,38,0.462711,0.981469,0.518757,0.343534,0.966065,0.361505,0.600745,,,0.00517308 -0.0023388 -0.0108443 0.0576031 -0.00619725 0.00956944 -0.02858 0.000352901 0.0757686 -0.0152897 0.0908499 0.0389796 -0.00881536 0.0559815 0.000293962 -0.0106268 0.081723 0.103609 0.0133137 0.0392346 0.00335514 0.24965 0.000750418 0.0205046 0.0602271 0.0043277 0.0451645 0.0299118 0.0146576 0.0445882 0.0262004 -0.033894 0.0363024 0.0713122 0.00699527 0.0172355 0.0605398 -0.0144074,800,0,cuda,50.84,56.25
test,3463,staffordshire_bull_terrier_95,staffordshire_bull_terrier,dog,correct,staffordshire_bull_terrier,lime,34,0.644139,44,0.469567,0.756524,0.286957,0.121188,0.686577,0.529039,0.651411,,,-0.0142979 0.0413686 -0.0378223 -0.000794894 -0.0355325 0.0247112 0.0421312 -0.0305627 0.0517502 0.0169021 0.0338337 0.0285881 -0.0177655 0.00539759 0.0263648 0.0135204 0.0355222 0.0372406 0.222056 -0.0148207 0.0210347 -0.050726 0.0212254 0.267542 0.064049 0.0668979 0.0641838 0.0601486 -0.00977398 0.0664729 0.0112282 0.0459845 -0.00278682 0.0685044 0.00246206 -0.0096805 0.00819633 0.0385626 0.0195072 0.00250554 0.00249153 0.0138907 -0.0019543 0.0361033,800,0,cuda,48.18,59.39
test,312,basset_hound_22,basset_hound,dog,correct,basset_hound,lime,3,0.995611,40,0.805026,0.966894,0.161868,0.438088,0.870916,0.536392,0.568291,,,-0.00583502 0.0444001 -0.00780352 0.00530419 0.307199 -0.0344599 0.00523804 0.0614449 0.00811088 0.0538226 0.0504241 -0.000616123 -0.00327704 0.0441689 -0.0189905 0.0265685 0.0104993 -0.0212835 0.0330875 0.0122012 -0.0119491 0.0592786 0.044305 0.130469 0.0481171 0.108026 0.0838331 0.116516 0.0261716 0.0745219 0.0638909 0.0222804 0.0387157 -0.00294215 0.0826994 0.0226939 0.0614074 0.0262931 0.0119871 -0.00274061,800,0,cuda,62.55,65.76
test,2806,saint_bernard_32,saint_bernard,dog,correct,saint_bernard,lime,28,0.998308,43,0.636121,0.994341,0.35822,0.224427,0.922956,0.290172,0.743725,,,-0.00761955 0.0134313 0.0200486 -0.00482877 0.00883649 -0.0465046 -0.037646 -0.0201373 0.0405633 -0.00903679 -0.0240614 0.0367031 0.00533178 0.00547481 0.0363033 0.0111051 0.276171 0.0139647 0.0190892 -0.0244518 0.197483 0.0556312 0.0085471 -0.00715166 0.314156 0.276885 0.0761307 -0.00930998 -0.0145919 0.0231563 -0.00883693 0.180019 -0.0116502 0.0266047 0.0404954 -0.0150592 -0.0176528 -0.0205929 -0.0113646 -0.0323728 0.0190443 0.0153484 0.00977473,800,0,cuda,76.75,85.97
test,3069,scottish_terrier_90,scottish_terrier,dog,correct,scottish_terrier,lime,30,0.999855,32,0.484255,0.985235,0.50098,0.179631,0.934471,0.276894,0.690969,,,-0.00526623 0.00528527 -0.00401055 -0.0141014 0.00106658 -0.00655179 0.0181792 -0.00970137 -0.0334257 -0.00155982 0.434366 -0.0141311 0.0869682 0.0143169 -0.00559799 0.064141 0.011935 -0.00214141 0.0323147 0.117096 0.0150575 0.275604 -0.00291146 -0.0310598 -0.00714108 0.00170247 0.0359157 0.0156738 0.051117 -0.0043202 0.00050616 0.00454211,800,0,cuda,76.21,87.13
test,1192,english_cocker_spaniel_1,english_cocker_spaniel,dog,correct,english_cocker_spaniel,lime,12,0.920995,38,0.788843,0.982513,0.19367,0.112014,0.735679,0.034401,0.516197,,,0.0264558 0.0331595 0.0265084 -0.00483101 0.0249184 0.0386775 0.0871131 0.0086872 -0.0480796 0.0709979 0.149896 0.101148 0.00663975 0.232213 0.00120661 0.00220573 0.10388 0.152281 0.12347 0.00882571 0.0294032 0.052213 0.0153668 -0.00687499 -0.00954157 -0.0101941 0.0170461 0.0763922 0.0219655 -0.00129813 -0.00509342 -0.00271135 0.00733329 0.0312549 -0.000881503 -0.00509971 0.00811768 -0.00543521,800,0,cuda,28.24,35.63
test,3351,Sphynx_67,Sphynx,cat,correct,Sphynx,lime,33,0.999887,35,0.535754,0.805011,0.269257,0.519393,0.906478,0.37077,0.516308,,,0.0226966 0.0167904 0.00858038 0.067409 0.0475925 0.00798121 0.0222518 -0.00137305 0.0217388 0.0877316 0.000924573 0.0612164 0.0177449 0.00194449 0.00571687 0.00712564 0.00711135 -0.0124115 0.0133047 0.08069 0.0275589 0.111729 -0.0129154 0.0622096 0.0261342 -0.0182953 0.0282545 0.0331606 0.0487308 0.0453653 -0.00373956 0.047914 0.0367966 0.0901549 0.00724148,800,0,cuda,41.99,58.32
test,2699,Russian_Blue_226,Russian_Blue,cat,wrong,Bombay,lime,7,0.954539,34,0.499502,0.984133,0.484631,0.291252,0.838272,0.381988,0.750061,,,0.0067377 0.0131999 0.00623763 -0.0137189 0.0624022 0.21606 0.0331484 -0.00556818 0.00439442 -0.000531485 0.04719 0.157171 0.0158787 0.0142699 0.106505 0.00445687 0.0454252 0.0767992 0.0199325 0.0455011 0.198731 0.00751528 -0.00169871 0.116491 0.0189809 0.010055 0.0451242 0.0219386 -0.00397857 0.0103807 -0.00694453 0.0261477 -0.00816268 0.000432533,800,0,cuda,69.56,74.4
test,3157,shiba_inu_7,shiba_inu,dog,correct,shiba_inu,lime,31,0.998794,33,0.347796,0.876075,0.528279,0.116594,0.896957,0.431922,0.721971,,,0.0492645 -0.0174284 0.0169127 -0.0248381 -0.0179025 0.0336521 0.114152 -0.0082389 0.346967 -0.0275881 0.047047 -0.0166145 0.224631 0.0338896 0.0377016 -0.00629219 0.239653 0.0349099 0.368091 0.0948414 -0.00700921 0.0323302 0.19432 -0.0255138 -0.00077586 0.0048279 -0.0194804 0.00877727 0.0113796 0.0278643 0.00068809 -0.0195286 0.0173605,800,0,cuda,48.93,62.85
test,2014,Maine_Coon_2,Maine_Coon,cat,correct,Maine_Coon,lime,20,0.970356,32,0.862504,0.994908,0.132404,0.116437,0.873596,0.131552,0.70475,,,-0.0496121 -0.0516616 -0.0872213 -0.0258922 0.00676915 0.032241 0.0118745 -0.00944576 0.0499452 0.0651886 0.0887624 0.0431676 0.123857 0.0169718 0.0848216 0.0450521 0.113605 0.165385 0.173442 0.0939278 0.324934 0.0763378 0.03116 0.075059 -0.0275532 0.0694965 0.0346368 -0.0182878 -0.152458 -0.0189146 -0.0315397 0.0494119,800,0,cuda,54.44,72.64
test,2657,Ragdoll_79,Ragdoll,cat,correct,Ragdoll,lime,26,0.952746,32,0.582868,0.938418,0.355549,0.1591,0.60464,0.367648,0.650344,,,0.000189825 0.054391 0.0388888 0.0230558 0.0784599 0.0311219 0.0792972 0.0123411 0.0218977 0.0518597 0.0798305 0.0393227 0.0406375 0.202667 0.012524 -0.0132825 0.0098259 0.0398506 0.0056208 0.00354378 0.0339302 -0.010875 0.0244713 -0.00977488 0.0147743 0.00988442 0.000884548 -0.0116724 0.00261715 -0.0182343 0.00266796 0.0112662,800,0,cuda,88.66,92.9
test,152,american_bulldog_58,american_bulldog,dog,correct,american_bulldog,lime,1,0.992396,32,0.555246,0.992638,0.437392,0.239938,0.846619,0.478497,0.767698,,,0.0100819 0.000252283 0.0230516 0.0637277 0.0169563 0.0164802 -0.00262379 0.039583 0.00894419 0.369676 0.00581891 0.132179 0.0467598 0.0149539 0.0147251 0.0155929 0.0437464 -0.00560607 0.142522 0.0249921 0.100411 0.00966213 0.046832 0.303655 0.00927715 0.19821 0.0282959 0.00282537 0.00572969 -0.00271567 0.0136573 -0.0079002,800,0,cuda,49.56,58.49
test,3407,staffordshire_bull_terrier_44,staffordshire_bull_terrier,dog,correct,staffordshire_bull_terrier,lime,34,0.647379,44,0.412349,0.976185,0.563836,0.05806,0.634371,0.019262,0.64066,,,0.0331722 -0.00507999 0.0075878 0.019091 0.00199896 0.00737302 0.0108859 0.00401924 0.000434886 0.0504903 0.15745 0.00607119 0.00752806 -0.0142517 0.0891331 0.0155337 -0.0115954 0.0095898 0.0344201 0.0597317 0.0613028 0.0181016 0.205488 0.0047488 0.00816585 0.00282094 0.0265586 0.0523828 0.0159112 0.00326541 0.0839843 0.0228711 -0.0514918 -0.00827249 -0.00705077 0.00399154 0.0101425 0.00120168 -0.00679635 0.0650719 0.0391618 -0.00182752 -0.00492968 -0.0166849,800,0,cuda,90.52,91.05
test,1611,havanese_36,havanese,dog,correct,havanese,lime,16,0.999542,35,0.6364,0.869345,0.232945,0.222592,0.800535,0.367038,0.744964,,,0.0237917 0.0535203 0.0767062 0.0766498 0.00582961 0.235235 -0.00877327 0.136195 0.0160771 0.151664 -0.00340725 0.255724 0.0263479 0.0416497 0.0454077 0.355475 0.0477512 0.00856916 0.0586663 0.0452717 0.135262 -0.00178584 0.0486004 0.0169094 -0.0359252 0.0331376 -0.0283567 -0.0316912 -0.0242552 0.00947705 0.00423628 0.0229393 0.0217981 -0.00712083 0.00247273,800,0,cuda,71.79,76.44
test,2855,saint_bernard_77,saint_bernard,dog,correct,saint_bernard,lime,28,0.99977,38,0.830158,0.995527,0.165369,0.162069,0.888381,0.419531,0.587726,,,0.0189975 0.0189785 0.0120944 0.00138038 0.0480659 0.0179365 0.205936 -0.0127608 0.181618 0.165933 0.0513709 0.0436286 -0.0214333 0.069346 0.00350194 0.000245062 0.137932 0.362162 -0.00460548 0.0795852 -0.0074102 0.0698045 -0.038898 -0.00855739 0.0309264 -0.00227115 0.0515396 -0.0123543 0.0191716 0.0209549 0.0204736 -0.000921971 -0.0250029 -0.00771741 -0.0353423 0.0141306 -0.0306617 -0.00488377,800,0,cuda,69.38,71.87
test,3326,Sphynx_39,Sphynx,cat,correct,Sphynx,lime,33,0.999054,32,0.663465,0.64565,-0.017815,0.355329,0.847531,0.365047,0.811954,,,0.013867 -0.0100921 0.041656 0.0669749 0.0207275 0.187936 0.0372586 0.0878932 0.0169699 0.32745 0.356487 0.0267825 0.0719712 0.0594466 -0.00833134 0.0580875 0.0496483 0.0477172 0.0771844 -0.00255857 0.0222469 0.0250629 -0.00962655 0.0194945 -0.013924 0.000126279 0.0356576 0.00917 0.00222273 0.00522845 -0.00314052 0.00451693,800,0,cuda,99.12,117.53
test,1639,havanese_61,havanese,dog,correct,havanese,lime,16,0.992926,39,0.551598,0.767183,0.215584,0.241088,0.763158,0.451374,0.790028,,,0.0145476 0.00363482 0.116819 0.130759 0.185506 0.063763 -0.00900789 0.165385 0.00638452 0.0910766 -0.0105124 0.0177101 0.0877726 0.0266752 0.01839 0.0895451 -0.0137263 0.265667 0.0235772 0.0236671 0.0689203 0.117924 0.00211478 -0.0100623 0.0858074 0.0172805 0.0615481 0.0362291 0.0404826 0.0220283 0.0200982 0.00761791 0.100811 0.067165 0.022543 -0.0034309 0.0101382 0.0838975 0.0552285,800,0,cuda,46.2,59.9
test,3189,Siamese_227,Siamese,cat,wrong,Birman,lime,6,0.712613,30,0.84104,0.927152,0.086113,0.127774,0.63838,0.069935,0.659811,,,-0.01237 0.00842068 0.00681695 -0.0219103 0.0433449 0.0120873 0.00669631 0.0870023 0.00565901 0.0203322 0.164876 0.356348 0.0817055 0.135966 -0.0130376 0.0664345 0.0251594 0.038159 -0.0104931 0.0358233 0.000145592 0.0552611 -0.00466023 0.0102986 -0.0151176 -0.00847156 0.0100442 0.0247532 -0.00502813 0.0253485,800,0,cuda,77.3,84.09
test,2053,Maine_Coon_70,Maine_Coon,cat,correct,Maine_Coon,lime,20,0.779609,37,0.871413,0.992163,0.12075,0.141977,0.915204,0.130767,0.606209,,,-0.00103518 -0.00755095 0.0450119 0.0283724 -0.00628174 0.0160708 -0.0366858 0.022233 0.0221165 -0.139011 -0.00568919 0.00284525 0.0152713 0.0298539 -0.0716939 -0.0300988 -0.063823 0.0156283 0.0227751 -0.0330593 -0.00365687 0.130548 0.0124796 0.00416726 -0.00567749 0.165927 0.121551 0.0884017 -0.0645797 0.123501 0.0264359 -0.000296248 -0.0328426 -0.00835911 -0.0150824 0.0013754 0.0238423,800,0,cuda,46.03,55.22
test,55,Abyssinian_5,Abyssinian,cat,correct,Abyssinian,lime,0,0.998289,42,0.935686,0.741411,-0.194275,0.200979,0.89264,0.101671,0.689169,,,-0.0195008 -0.0104566 -0.0358624 0.144047 -0.0417582 0.00532199 -0.0176459 -0.0361286 0.0584476 -0.0141093 0.0238675 0.0629325 0.105863 0.0696661 0.00923079 0.115991 0.154367 0.0559399 0.00644125 0.00595876 0.0714 0.0562903 0.0667522 0.0319671 0.114022 0.0033117 -0.0330621 0.160124 -0.00660469 0.0681297 0.00776204 -0.00636609 0.0781465 -0.0334695 -0.013861 -0.0874699 0.0109338 -0.035101 0.00509832 0.00722238 0.060318 0.254062,800,0,cuda,47.9,52.56
test,2172,miniature_pinscher_92,miniature_pinscher,dog,correct,miniature_pinscher,lime,21,0.976005,39,0.597158,0.892265,0.295107,0.276605,0.946516,0.324142,0.522732,,,0.0026962 0.0266312 0.0106313 0.0275164 -0.00886421 0.0324146 0.0373927 0.140876 -0.0234399 -0.000583863 -0.00460421 0.150968 0.0193717 0.00263117 0.0211806 -0.0131465 0.0725777 0.135063 0.00885203 0.0174645 -0.00560817 -0.00211189 -0.00928748 -0.0026759 0.0382942 -0.00673586 0.00930532 0.0388156 -0.0135852 0.00549542 -0.00526942 -0.00272251 0.025351 0.0651851 0.00196967 0.0149665 -0.0149116 0.0688183 0.0157595,800,0,cuda,61.23,73.41
test,1677,havanese_96,havanese,dog,correct,havanese,lime,16,0.998567,46,0.375618,0.86736,0.491743,0.154771,0.881193,0.447136,0.815042,,,0.0155885 0.0947787 0.0303586 -0.0114404 0.327801 0.043663 0.0163507 0.0416724 0.00363507 0.36112 -0.0048867 0.00947705 0.121864 -0.0100361 0.0112908 -0.00712757 0.384901 0.0020412 0.014227 0.00229266 0.0918961 0.00815793 0.00911013 0.00453003 -0.00355828 0.0154581 0.013417 0.0231532 -0.0112885 0.0356889 0.00438293 -0.0136401 1.64531e-05 0.0247497 -0.00128906 -0.016538 0.0425363 -0.016885 0.0177406 0.00360979 -0.000617052 0.0295851 -0.0107852 -0.0302425 0.00887105 0.000237027,800,0,cuda,69.34,72.02
test,987,chihuahua_193,chihuahua,dog,correct,chihuahua,lime,10,0.998374,31,0.190669,0.665192,0.474523,0.119375,0.887299,0.222083,0.81303,,,0.00924038 0.00667688 0.0985639 -0.0157504 0.023461 -0.00881576 0.0332306 -0.0116848 0.035726 0.0326599 0.0193611 -0.00246811 0.413113 -0.0109977 0.115736 0.0988058 -0.00072588 0.0108889 0.00751524 0.0222471 0.359606 0.367241 0.0121191 0.014142 -0.00584501 -0.0193145 0.00194002 -0.00327278 0.00215157 0.013021 -0.00777513,800,0,cuda,102.78,103.51
test,1067,chihuahua_84,chihuahua,dog,wrong,shiba_inu,lime,10,0.908223,36,0.186982,0.749294,0.562312,0.031795,0.881438,0.016663,0.755691,,,-0.00964448 0.00981831 0.00672915 0.00836117 0.0298232 -0.0121901 -0.000783887 -0.00542559 0.00212235 -0.0131552 -0.00981319 -0.0267716 0.246316 0.0944156 0.00488393 -0.000304561 0.0780431 0.503405 0.0534164 0.00623896 0.012858 0.0901383 0.086991 -0.00482895 0.028479 0.0124662 0.0137939 0.00668605 -0.00224371 0.0228417 0.0111922 0.0495675 0.0287371 0.0125659 -0.0108366 0.0180883,800,0,cuda,57.81,64.15
test,3517,wheaten_terrier_53,wheaten_terrier,dog,correct,wheaten_terrier,lime,30,0.778099,46,0.607781,0.977384,0.369603,0.096133,0.677202,0.055684,0.439629,,,-0.015275 0.0669379 0.0655063 -0.0292203 0.0224245 0.0324088 0.0954115 0.0832501 0.0102144 -0.0029107 -0.0654747 -0.000130168 0.0128224 0.12178 -0.0104668 0.00329008 -0.0195731 -0.0089165 -0.013421 0.141622 0.0909206 0.0453873 -0.0169707 0.058404 0.010906 0.0406476 -0.0265914 -0.00184625 -0.00189151 0.0557709 0.0581613 0.00315292 0.0401642 0.0384717 -0.0180977 0.00245881 0.0201068 0.0125942 0.00586846 0.00108659 -0.00950385 -0.00570665 0.0134092 -0.000176438 0.0139867 0.022995,800,0,cuda,49.52,65.57
test,3485,wheaten_terrier_24,wheaten_terrier,dog,correct,wheaten_terrier,lime,35,0.999489,40,0.666833,0.99256,0.325727,0.201107,0.915009,0.426691,0.728259,,,0.0157066 0.0100169 0.0245822 0.0208889 0.019345 0.0515905 0.0713915 -0.00957739 0.0316777 -0.0169362 -0.0282377 -0.0263555 -0.00403162 0.0189338 0.0963205 -0.00903333 -0.0195813 -0.0209403 0.103505 0.128331 0.0155508 0.0711889 0.402606 -0.0165872 0.281257 0.148049 -0.0169903 -0.0282085 0.0519466 0.0638977 0.0126555 0.0306671 0.0325577 0.0749211 0.0161462 0.127747 -0.0100885 0.0926526 -0.0343383 0.0115154,800,0,cuda,74.43,83.43
test,2892,samoyed_202,samoyed,dog,correct,samoyed,lime,29,0.995846,28,0.729273,0.940872,0.211599,0.305977,0.866372,0.473699,0.6091,,,-0.0103611 0.00828622 -0.0202664 0.0247159 0.00378294 0.300424 0.214671 0.0407048 0.0128276 0.166108 0.0834708 0.0576524 0.202871 -0.0121252 0.0667072 0.0458371 0.130263 0.0243232 0.0320482 -0.014693 0.0850602 0.0605933 -0.000205083 -0.00932339 0.0190055 -0.0236138 -0.00871077 -0.00832998,800,0,cuda,55.28,59.96
test,1335,english_setter_58,english_setter,dog,correct,english_setter,lime,13,0.999948,38,0.323641,0.960186,0.636545,0.211587,0.908228,0.461851,0.62973,,,0.00407219 0.0133218 0.0105324 -0.0120415 0.271063 0.0169379 0.00255053 0.000991285 0.0145749 -0.000757131 0.00763272 0.0317166 0.16774 0.0137676 -0.0133059 -0.00957164 0.000659928 0.131076 0.116201 0.0623044 0.000984799 0.13032 0.328021 0.0687259 -0.000645735 0.00417563 0.0525405 0.0328974 0.00470052 -0.00395456 -0.00476992 0.00778656 -0.00844426 0.00703643 -0.00796938 -0.00604285 0.000178476 0.026389,800,0,cuda,52.98,53.5
test,1665,havanese_85,havanese,dog,correct,havanese,lime,16,0.964064,44,0.545221,0.816777,0.271556,0.218549,0.62248,0.014433,0.636176,,,-0.0128005 0.0392355 0.0242823 0.00310961 0.0202038 0.0118483 0.0219327 0.0897399 0.0222204 0.0373218 0.0101677 0.0461682 0.0204249 0.148453 0.0213961 0.133366 -0.00829977 0.0326145 -0.0186197 -0.00217231 0.0729184 0.0834813 0.192845 0.0197604 0.0182682 0.00135747 0.0848367 0.00680046 0.0184307 1.82469e-06 0.0861773 0.105597 -0.057111 0.0213839 0.0103766 0.010404 0.0147035 0.0171489 -0.00703162 -0.0228782 0.00425038 0.0261776 0.0185519 -0.0275419,800,0,cuda,51.69,59.03
test,255,american_pit_bull_terrier_5,american_pit_bull_terrier,dog,correct,american_pit_bull_terrier,lime,2,0.912013,40,0.172393,0.481972,0.309579,0.057321,0.864098,0.015582,0.828942,,,0.0157722 0.0153498 -0.00109139 -0.00501676 0.020421 0.0151481 -0.0241386 0.0329662 0.00947688 -0.0129858 0.0833732 0.0274367 -0.00270322 -0.00266503 0.0136611 0.0155797 0.549692 0.00704181 0.00216473 0.226926 -0.00576695 -0.000667055 -0.0103903 -0.063505 0.0889539 -0.0486992 0.0114064 -0.0399275 0.0696988 0.00282171 -4.30405e-06 -0.0165855 0.0525017 0.0010371 0.00276341 -0.0160229 -0.00669902 0.00888829 0.00858394 0.00014049,800,0,cuda,82.77,87.49
test,1279,english_cocker_spaniel_98,english_cocker_spaniel,dog,correct,english_cocker_spaniel,lime,12,0.999995,37,0.447764,0.982839,0.535075,0.279597,0.866071,0.603082,0.708378,,,0.0246713 0.0162152 0.120348 0.0559791 0.0437933 0.0615809 0.0420994 0.0457574 -0.0144015 -0.00399388 0.11863 0.0831484 0.0170031 0.547201 0.222962 0.255871 0.0459539 -0.0152149 0.0357022 0.0331017 0.13983 0.014328 0.0142037 0.0402455 -0.0167573 -0.00600975 0.0423363 0.193973 -0.0226729 -0.00293799 0.00352536 0.00106899 -0.0332354 -0.0304495 0.00208921 0.0103002 -0.0145326,800,0,cuda,24.4,36.34
test,1801,keeshond_27,keeshond,dog,correct,keeshond,lime,18,0.99959,37,0.569595,0.987924,0.418329,0.26216,0.959914,0.276694,0.427292,,,0.0100719 -0.00497143 -0.0142073 0.00359551 0.0239831 0.0192194 -0.0105205 0.00736024 -0.00446078 0.0864865 -0.024008 0.00974164 -0.00216043 -0.0104663 0.0638961 0.0989939 0.0266665 0.0106403 0.112072 0.0783754 0.0153709 0.0702136 0.0396812 -0.0096691 0.0594582 0.0191711 0.00014483 0.00113525 -0.0271442 0.042101 0.0206783 -0.0181787 0.0112227 -0.0058014 0.0130463 0.0166437 0.0100353,800,0,cuda,66.51,72.19
test,2479,pomeranian_99,pomeranian,dog,correct,pomeranian,lime,24,0.997596,36,0.379205,0.982081,0.602876,0.256318,0.92349,0.329719,0.562947,,,0.0112824 0.0112074 -0.000947648 0.00260973 0.0217024 0.0297882 0.0156941 0.00236418 0.235397 0.0934998 0.0207885 -0.0138068 -0.00158042 0.132941 0.00469088 0.00163931 0.0804057 0.0115594 0.048197 0.0190783 0.263464 0.00929259 0.0157362 0.00507778 -0.00494131 -0.0142346 -0.0093012 0.0152654 0.00271632 0.0230518 -0.00523251 -0.0083042 0.00274698 -0.0191214 -0.00180924 0.00545486,800,0,cuda,38.04,60.82
test,915,British_Shorthair_29,British_Shorthair,cat,correct,British_Shorthair,lime,9,0.999967,33,0.481525,0.992816,0.511291,0.090046,0.933325,0.292247,0.732153,,,-0.00644276 0.030856 -0.0336742 0.0233497 0.0148184 0.0742718 -0.0736577 0.0188098 -0.0110791 0.399745 0.00136266 0.0564894 0.354024 0.000433623 0.0126591 0.0111505 0.00190509 0.00637526 0.203443 -0.0196456 0.195168 0.0136375 -0.0272685 -0.0101776 -0.00034842 -0.0235958 0.00507884 0.0678161 0.0271268 -0.0277426 0.00323699 0.000476737 0.0243004,800,0,cuda,47.9,63.36
test,3395,staffordshire_bull_terrier_33,staffordshire_bull_terrier,dog,wrong,american_bulldog,lime,1,0.998506,35,0.375319,0.974838,0.599519,0.118618,0.927677,0.46377,0.77468,,,0.00809664 0.0093302 0.0129874 0.0682092 0.00593549 0.0531878 -0.00728388 0.00737975 0.0042451 0.31659 -0.00264312 0.00542153 -0.0179031 0.0951638 0.394014 -0.0231673 0.145292 -0.003974 0.262752 0.00541978 0.0121116 -0.00546739 0.0170063 0.160571 0.074997 -0.00126847 0.0056412 0.158776 0.0481174 0.0340961 -0.0149924 -0.0251655 0.00816991 0.0212941 -0.0109097,800,0,cuda,37.48,55.73
test,2514,pug_39,pug,dog,correct,pug,lime,25,0.999584,35,0.271604,0.980976,0.709372,0.044393,0.945553,0.236366,0.780677,,,-0.00319494 0.012821 -0.00839983 -0.0131804 0.0326669 0.011992 0.0166557 -0.0154416 -0.00586671 -0.00622761 -0.0433499 0.00949434 -0.0086384 0.00907394 -0.00568651 0.0350146 0.388917 -0.00595932 0.193312 0.479338 0.268698 0.0111783 0.0413102 0.00059428 0.0948193 0.124409 0.0184475 -0.0335213 0.00603416 -0.0152143 0.0159544 -0.0104092 -0.0264866 0.0379952 0.00527471,800,0,cuda,65.33,79.44
test,335,basset_hound_43,basset_hound,dog,correct,basset_hound,lime,3,0.51719,33,0.512077,0.66813,0.156053,0.0367,0.783735,0.441943,0.672618,,,0.0190134 -0.0561273 -0.0682459 0.013031 -0.0294273 -0.0502657 0.00690616 -0.0695556 -0.075704 0.0129165 0.021119 -0.136769 -0.0702556 -0.00522421 0.389893 0.0505206 0.0935237 0.370001 0.0427859 -0.0309966 0.042427 0.0399631 0.0311302 0.0294789 0.0203771 0.00860143 0.0695168 0.00653614 0.00734709 0.0434636 0.0105842 0.00467667 0.0080299,800,0,cuda,85.95,91.51
test,551,Bengal_58,Bengal,cat,correct,Bengal,lime,5,0.997819,32,0.092574,0.321713,0.229139,0.071673,0.966595,0.044908,0.981894,,,0.00388614 -0.00558493 0.00607389 0.00553283 0.0192285 -0.000238676 0.000815713 0.00429103 -0.000750217 -0.000101644 0.00758283 -0.00540965 0.867916 0.0195669 0.00358327 -0.00384917 0.0295742 -0.0065967 -0.00415472 0.0501195 0.0285046 0.00331157 -0.000745961 0.00276003 -0.00778369 -0.000774551 0.00415042 -0.0071079 -0.0224502 0.00153127 0.0116628 -0.00530226,800,0,cuda,132.08,141.7
test,1716,japanese_chin_40,japanese_chin,dog,correct,japanese_chin,lime,17,0.994874,38,0.176,0.467421,0.291421,0.077023,0.918344,0.006771,0.774347,,,-0.00901697 -0.00410726 -0.0142403 0.0319653 0.00349766 0.136794 0.0126191 0.132552 -0.0161149 -0.00520838 0.00418484 0.367159 0.0194912 0.200997 0.0137352 -0.0129016 -0.0204406 0.173788 -0.0175261 0.0090826 0.381699 -0.0242014 -0.00968924 -0.00799757 0.00255149 -0.00790153 -0.0216953 -0.0114255 0.0113255 -0.0145663 -0.0256458 0.0155763 0.0067815 0.00605413 0.00192017 0.0167685 -0.0147914 -0.00624568,800,0,cuda,54.28,55.6
test,1942,leonberger_65,leonberger,dog,correct,leonberger,lime,19,0.999657,36,0.499522,0.903899,0.404377,0.273708,0.935943,0.406198,0.576373,,,0.0204867 -0.00759159 0.0245526 -0.010047 0.00659987 -0.0135277 0.0474481 0.0125879 0.0687281 0.0316194 -0.0305684 0.0291862 0.223185 0.14387 0.00989909 0.137846 -0.00204109 0.248568 0.0100838 0.00337078 -0.000798229 -0.0428632 0.00131548 0.0812539 0.0238955 0.0288576 0.047316 0.00871238 0.03123 0.0327323 0.0401021 0.00345883 -0.0131715 0.0180977 0.0134168 -0.0297144,800,0,cuda,83.36,84.52
test,2180,miniature_pinscher_9,miniature_pinscher,dog,wrong,chihuahua,lime,10,0.993715,36,0.510882,0.759491,0.24861,0.164444,0.80626,0.046054,0.752618,,,-0.0191885 0.0324512 0.112123 0.0267961 -0.0185405 0.135602 0.440173 0.20085 0.12826 0.0350502 0.0169954 0.110122 0.00660222 -0.00749278 -0.0285674 0.014246 0.0341425 -0.00671611 0.19469 -0.0196993 0.00571756 -0.0168106 0.0191914 0.0108704 -0.00413485 -0.00769932 -0.0109454 0.0314175 -0.000805425 -0.0285658 -0.0123993 -0.0240688 0.000671433 0.0141328 0.0126879 -0.0139362,800,0,cuda,62.5,69.63
test,2029,Maine_Coon_44,Maine_Coon,cat,correct,Maine_Coon,lime,5,0.60516,31,0.216338,0.474806,0.258467,0.048651,0.812256,0.194594,0.582868,,,0.144108 0.0198993 0.0129434 0.0213871 0.00605313 -0.12247 0.025356 0.0147267 0.0700704 0.0186679 0.0267162 0.0152311 0.00959248 -0.00677125 0.0336587 0.089145 0.0130946 -0.131391 0.0228522 -0.0925513 0.0369497 0.1386 0.0334837 0.00948404 0.00044852 0.024391 -0.00875477 0.00474877 -0.00501904 0.0284321 -0.000373915,800,0,cuda,78.61,83.38
test,718,Bombay_31,Bombay,cat,correct,Bombay,lime,7,0.999964,36,0.537667,0.974402,0.436734,0.416516,0.914079,0.205207,0.559634,,,0.0238897 -0.0143371 0.203035 -0.0157211 -0.00629825 0.0251407 0.00328894 -0.00761288 0.0271556 0.237935 0.00535927 -0.00709904 0.00335734 0.0272388 0.0265306 0.00412681 0.00159191 0.0580312 -0.00192653 0.00238638 0.0374506 0.00307937 -0.00203432 0.0170435 0.0313514 0.0173211 -0.0133448 0.00997308 0.0144602 0.0291555 -0.0119167 0.0346316 0.000437158 -0.0159095 -0.0271587 -0.0143952,800,0,cuda,41.25,45.87
test,2270,newfoundland_90,newfoundland,dog,correct,newfoundland,lime,22,0.997619,35,0.32665,0.639121,0.312471,0.143249,0.906419,0.054957,0.953515,,,-0.00646948 0.00382859 0.00152885 0.0221426 -0.045726 -0.040504 -0.00484425 0.0295178 0.0215592 -0.00550974 -0.00576098 0.00774819 -0.0142865 0.00673557 0.00162064 0.0201896 -0.00493003 0.000786666 0.00682085 0.740234 0.072276 0.00595861 0.0298509 -0.00212972 -0.000141956 0.0172373 -0.00418652 -0.000236987 -0.00684388 -0.00264089 0.0180461 0.00879452 0.00246223 0.00355482 -0.00250505,800,0,cuda,100.57,113.78
test,140,american_bulldog_46,american_bulldog,dog,correct,american_bulldog,lime,1,0.979109,37,0.514549,0.904278,0.389729,0.176384,0.849193,0.272867,0.73516,,,0.0340565 0.0131173 0.0363151 0.00445572 0.026584 0.0188513 0.455422 0.0462951 0.0570472 0.0178016 0.021007 0.01396 -0.00158049 0.0718196 0.136652 0.131335 0.0975687 0.00355392 0.162509 0.0126909 0.113491 0.134342 0.000350565 0.00916827 0.0496468 -0.046496 0.089012 0.039494 0.00981793 -0.0116782 -0.0156254 -0.0101019 -0.00178415 -0.0379179 -0.0159191 -0.0141239 0.00949178,800,0,cuda,25.47,44.5
test,1880,keeshond_9,keeshond,dog,correct,keeshond,lime,18,0.99958,43,0.522879,0.911702,0.388822,0.424609,0.949376,0.480443,0.513305,,,-0.0334689 0.00881991 -0.0198834 -0.0135537 0.0079557 0.0297861 -0.0129809 -0.0038069 0.0118545 0.0571586 8.20013e-05 0.0484507 0.00368497 0.113612 0.00610447 0.0582312 0.0352618 0.103469 0.00422395 0.014334 0.15254 0.0079033 0.116959 0.0924707 -0.00765003 0.0124961 0.0140442 0.0362019 0.115819 0.0658626 0.0332689 0.0779943 0.035425 0.0346896 0.018746 0.00143713 -0.0193755 -0.00630283 0.00877741 0.0416366 0.00472951 0.00836042 0.00360652,800,0,cuda,79.38,88.29
test,1097,Egyptian_Mau_214,Egyptian_Mau,cat,wrong,Bengal,lime,5,0.979137,41,0.296815,0.962981,0.666166,0.164317,0.68852,0.176549,0.651424,,,0.00457064 -0.00867148 0.00967247 -0.0097053 -0.0140143 0.00349288 0.0168952 -0.00613438 -0.0243004 -0.00754398 0.00217972 0.146618 0.0038656 -0.0516389 -0.00901984 0.0212326 -0.0291705 0.0400184 0.0320727 -0.0105579 0.0155898 0.205266 0.0581725 -0.00443912 -0.00904527 0.0826887 0.0296299 0.0759603 0.0547017 0.00804295 0.0468981 0.0172142 0.0415674 0.0435058 0.00475233 0.0363258 0.011735 0.0175286 0.00647088 0.00586743 0.0134785,800,0,cuda,33.34,37.92
test,1029,chihuahua_4,chihuahua,dog,correct,chihuahua,lime,10,0.994594,34,0.61374,0.893311,0.279571,0.118998,0.876956,0.058346,0.859952,,,0.024463 -0.0186721 0.0218281 0.00143987 0.0770959 0.664439 0.0162013 0.023263 0.013319 -0.00105077 0.0369489 0.0080311 0.00490179 -0.0207961 0.168569 0.197648 0.173403 -0.020508 -0.00306441 -0.000888128 0.0142932 -0.00208113 0.015335 0.0190552 -0.0396088 -0.00313085 -0.0173212 0.022018 0.0207569 0.00594132 0.00428526 0.0178849 -0.0249847 -0.0218628,800,0,cuda,45.15,51.46
test,3374,Sphynx_94,Sphynx,cat,correct,Sphynx,lime,33,0.99772,29,0.188835,0.33601,0.147174,0.256845,0.805012,0.236628,0.930933,,,0.10147 0.000894164 0.129572 0.0163546 0.0214116 0.0126218 -0.00493059 0.0663587 -0.000111795 0.0359561 0.0196812 0.589617 0.0200063 0.0193003 0.00055898 0.0224212 -0.0172955 0.00245791 -0.00529734 0.162003 0.0194453 0.00505276 0.000823319 0.0602554 0.018494 0.00755175 0.0120969 0.00363923 0.034272,800,0,cuda,46.11,50.75
test,583,Bengal_87,Bengal,cat,wrong,Abyssinian,lime,5,0.706165,33,0.170779,0.440292,0.269513,0.033005,0.818668,0.123498,0.838174,,,0.0254898 0.00136406 0.0154256 0.0509681 -0.0190753 0.00229403 -0.0358828 0.0147156 0.00131172 -0.00183641 -0.0416729 0.497932 -0.00599644 0.0525624 -0.00157706 0.00583917 -0.00287156 0.0398346 -0.00370969 -0.0365696 0.00295153 0.0132602 -0.0168057 0.012707 0.0533211 -0.0249796 -0.00971969 0.00738912 0.000966946 0.0169094 -0.00659076 -0.029033 -0.0105823,800,0,cuda,33.7,34.29
test,1841,keeshond_64,keeshond,dog,correct,keeshond,lime,18,0.996359,35,0.412827,0.990317,0.57749,0.129867,0.920391,0.230725,0.912627,,,-0.00636786 -0.00776011 -0.00146885 -0.0176793 0.027562 0.0393033 0.0321745 -0.0154575 0.119895 -0.028197 0.0397043 0.0410335 0.0425784 0.135918 0.78851 -0.0201192 0.00501773 0.0018883 0.0375011 -0.0180638 -0.000886778 0.0750024 0.0768871 0.0152955 0.0957858 0.000885643 -0.00408896 -0.0135915 0.0026676 -0.0023267 0.0189873 -0.00372004 -0.0163315 -0.00496537 0.0112688,800,0,cuda,71.28,78.83
test,3582,yorkshire_terrier_21,yorkshire_terrier,dog,correct,yorkshire_terrier,lime,36,0.998933,46,0.532466,0.989682,0.457216,0.409435,0.865152,0.27967,0.447998,,,-0.00622806 -0.00379146 0.0054716 0.0057634 0.0125137 -0.0175299 -0.0129416 0.13392 -0.0112218 0.0416792 0.0272523 0.0164928 0.0258467 -0.0207894 0.00983504 0.00705145 -0.00666492 -0.00449076 0.0119558 0.0173897 0.081064 0.141314 -0.00562243 0.00976258 -0.00976013 0.0983758 0.0482079 0.0170543 0.00146467 0.0299007 -0.00792163 0.050336 0.0212026 -0.000401238 0.00819003 0.0174338 0.0258404 -0.00610615 -0.00328829 0.0214048 -0.000271556 0.00831713 -0.0298963 -0.0146962 0.0169161 -0.00615066,800,0,cuda,28.26,31.25
test,930,British_Shorthair_43,British_Shorthair,cat,correct,British_Shorthair,lime,9,0.998344,32,0.562719,0.961892,0.399173,0.281351,0.928087,0.247866,0.706139,,,0.0184671 0.129259 0.0480657 0.192549 0.0114809 0.0354079 0.055845 -0.00765562 0.0535242 0.310829 0.022797 0.0314042 0.0153346 0.00804877 0.0684418 -0.026893 0.00574049 0.00701858 0.0256673 0.000460949 0.0115814 0.0205125 -0.00914517 -0.00798634 -0.0310867 -0.00343613 0.00533779 -0.00229744 0.00563773 -0.0151615 -0.0117606 -0.0225537,800,0,cuda,53.49,55.53
test,2612,Ragdoll_2,Ragdoll,cat,wrong,Persian,lime,26,0.86109,32,0.400411,0.670994,0.270583,0.076833,0.726885,0.071811,0.613005,,,0.0628185 0.0214558 0.000739829 0.00570399 0.189802 -0.0128634 -0.0360887 0.100542 0.0127013 0.0757789 0.00908626 0.012743 0.140414 0.00961682 0.03012 0.286778 0.018453 0.0152642 0.0099813 0.0555406 -0.00400388 0.039174 -0.00746294 0.0681761 0.0213357 0.00616793 0.0117465 0.017491 0.000448678 0.00611094 0.0237365 0.00865882,800,0,cuda,52.06,52.62
test,1628,havanese_51,havanese,dog,correct,havanese,lime,16,0.979495,39,0.773776,0.854008,0.080232,0.265306,0.71997,0.507278,0.727841,,,0.0378773 0.0255654 0.0815339 0.0328062 0.063513 0.284326 0.0666078 0.0171607 0.0273287 0.00857806 0.0219603 0.0296736 0.274362 0.14565 -0.00378236 0.0359071 0.0111023 -0.026777 0.0314389 0.034548 0.0165653 -0.00823509 0.019553 0.0250089 0.00473377 0.121619 -0.00538137 0.019244 0.0358396 0.0566593 0.0400001 0.0800576 0.0695602 0.0386789 0.0257774 0.0136759 0.0128637 0.033829 0.0189766,800,0,cuda,60.04,60.84
test,102,american_bulldog_209,american_bulldog,dog,correct,american_bulldog,lime,1,0.999922,30,0.565888,0.823171,0.257283,0.185552,0.869306,0.349525,0.759565,,,0.00488593 0.324606 0.113165 -0.00231218 -0.00817144 -0.00851851 0.0117785 0.0430234 0.53743 0.231137 -0.0117018 0.0253259 -0.00312535 0.0280104 -0.00139531 -0.0165188 -0.00126667 0.0568946 0.00767785 0.0112695 0.0376477 0.0373972 0.0245959 0.0175575 0.00314391 0.0112088 -0.00146587 -0.0129864 -0.00646267 0.0214529,800,0,cuda,94.04,97.1
test,1866,keeshond_87,keeshond,dog,correct,keeshond,lime,18,0.99761,36,0.711117,0.99494,0.283823,0.155477,0.918949,0.369924,0.718792,,,0.00158981 0.0462001 0.0208339 0.0311187 -0.00641662 0.0336008 0.0600422 0.208099 0.00316256 -0.00496436 0.0175005 0.0373276 0.284137 0.0986596 -0.0226502 0.0188825 0.0257628 0.137809 0.239524 0.0880408 0.0405563 0.374203 -0.0206457 0.0538106 0.15738 0.0299429 0.0133775 -0.00278295 0.00606861 0.0177103 0.00569085 -0.00400306 0.0295213 -0.0354001 -0.0508507 0.00116545,800,0,cuda,50.6,53.52
test,2540,pug_62,pug,dog,correct,pug,lime,25,0.998507,33,0.477001,0.993778,0.516777,0.205074,0.930771,0.267218,0.875502,,,-0.0127186 -0.0137637 0.00817632 0.00378145 0.0291982 0.0456863 0.0416344 0.0302296 -0.014208 0.0747588 -0.00206688 -0.0103698 0.176623 0.000667794 -0.0111101 0.0108053 0.686964 0.00806562 0.021531 -0.0108551 0.0123781 0.00266315 0.0638581 0.006287 0.0473687 0.00357762 0.00542909 0.00341684 0.0122608 0.0188033 -0.0152296 0.0233222 0.0182807,800,0,cuda,62.96,70.88
test,1884,leonberger_194,leonberger,dog,correct,leonberger,lime,19,0.999842,43,0.503827,0.976713,0.472887,0.254361,0.893379,0.386143,0.540261,,,0.0145588 0.00399203 -0.00846304 0.0166463 0.00231205 0.0295002 0.0324314 0.0136674 0.054992 -0.00327653 0.175274 0.00446095 0.00095078 0.125521 0.0188601 -0.00303892 0.208267 0.0162035 -0.010243 0.0287689 0.0960291 0.00824546 -0.00752832 -0.00202984 0.0647878 0.0273661 0.0119215 -0.000359066 -0.00166182 0.134203 0.0114604 0.021269 0.00223874 0.0110512 -0.00334838 -0.0297636 -0.00375705 0.0139179 0.0164457 0.00958563 0.0132274 0.0240102 -0.0107751,800,0,cuda,49.45,56.16
test,2973,samoyed_93,samoyed,dog,correct,samoyed,lime,29,0.997907,28,0.47439,0.986209,0.511819,0.117464,0.872741,0.381132,0.707537,,,0.0582967 0.0256519 -0.0374738 -0.00130157 -0.0126995 0.473117 0.0188181 0.00419334 0.0388055 0.201044 0.179116 0.0263687 -0.0133294 0.0074695 -0.00383847 0.373847 0.0461185 0.089444 -0.0256886 0.0662775 0.0281431 -0.000378384 -0.0123268 0.00998006 -0.00721659 0.0245116 0.00533208 -0.0477709,800,0,cuda,45.47,51.78
test,3101,shiba_inu_28,shiba_inu,dog,correct,shiba_inu,lime,31,0.976678,38,0.277025,0.508218,0.231193,0.166932,0.762504,0.061091,0.628478,,,0.0326987 0.146695 0.0779023 0.0243886 0.0038538 0.00834478 0.00758043 0.201769 0.0424416 0.0166365 -0.0091442 0.0843307 -0.0144868 -0.00508029 0.265683 0.0403799 -0.0201243 0.136669 -0.00202905 -0.00300857 0.0624105 0.0320776 0.102617 0.0322704 0.001432 0.00629414 -0.0159954 0.0199511 -0.00743949 -0.0100583 0.0094384 0.0602528 -0.0170032 0.0131949 0.00930488 0.0012884 -0.0160918 0.00858018,800,0,cuda,49.61,63.58
test,3567,wheaten_terrier_99,wheaten_terrier,dog,correct,wheaten_terrier,lime,35,0.996674,41,0.422652,0.97788,0.555228,0.32232,0.91347,0.358889,0.495675,,,-0.000680206 0.0229754 0.000181724 0.0533158 0.00847655 0.00464688 0.00590632 0.10337 0.0905375 0.0153476 -0.00891257 0.0294546 0.0692415 -0.00707066 0.0832325 0.0787345 0.0270398 0.0198782 -0.00075749 0.114758 0.0186193 0.0495152 0.0834181 -0.0126906 -0.0109093 0.03275 -0.0155976 0.0679525 -0.0155398 -0.0118841 0.0530897 0.0151338 -0.00229726 -0.017379 -0.0191606 0.0571666 -0.00478619 0.00668714 0.0289327 0.00687582 -0.00577422,800,0,cuda,63.69,78.46
test,208,american_pit_bull_terrier_1,american_pit_bull_terrier,dog,wrong,staffordshire_bull_terrier,lime,34,0.897885,32,0.37773,0.789031,0.411301,0.07762,0.709224,0.182861,0.726631,,,0.0335331 0.0038759 -0.00527704 0.193502 0.0212697 0.0250252 0.0580103 0.00841436 0.382197 0.0289964 -0.00137284 0.002772 0.082885 0.0678139 -0.00567139 -0.0136639 0.0257864 0.00882253 0.0683112 -0.0159128 0.0165526 -6.52304e-05 0.030627 -0.039081 0.00292298 0.0210646 -0.0183321 0.0258903 -0.00169447 0.0331951 -0.000654828 0.029333,800,0,cuda,47.63,57.01
test,1193,english_cocker_spaniel_200,english_cocker_spaniel,dog,correct,english_cocker_spaniel,lime,12,0.999844,36,0.78111,0.991923,0.210813,0.087533,0.750384,0.183849,0.658734,,,0.102241 0.0415933 0.0355505 0.0103839 -0.0114521 0.0289992 -0.0132224 0.140154 0.0376024 0.24485 0.0361876 0.299829 0.18317 0.147166 -0.028886 0.00259609 0.237971 0.104308 0.0140338 0.0202202 0.108412 0.00390088 0.0185283 0.00889827 -0.0193869 0.0237493 0.0605076 -0.00535342 0.0166908 -0.078525 0.0252961 -0.00540962 0.0158656 -0.00332226 0.00645818 0.0132003,800,0,cuda,67.64,70.22
test,724,Bombay_39,Bombay,cat,correct,Bombay,lime,7,0.998603,44,0.490772,0.742507,0.251734,0.248438,0.845579,0.335258,0.737282,,,-0.0185038 0.0149569 0.0211448 -0.0115894 -0.00772008 0.0144296 0.0123181 0.0284765 -0.0108098 -0.00278695 0.0194435 0.121344 0.076665 -0.0291862 -0.00439055 0.249323 0.0339251 0.089458 0.0634645 0.278656 0.0277619 0.149173 -0.0341306 0.0158775 0.00109691 -0.00643498 0.0355673 0.0683601 0.115554 0.0770287 0.0262238 0.0368746 0.0237862 0.111823 0.0209585 0.0559103 0.0141293 0.00682597 0.00376095 0.00185477 -0.0126644 0.00341919 0.0230624 -0.0157449,800,0,cuda,66.92,71.54
test,3415,staffordshire_bull_terrier_51,staffordshire_bull_terrier,dog,correct,staffordshire_bull_terrier,lime,34,0.919514,36,0.126694,0.514,0.387306,0.048743,0.732374,0.154879,0.761607,,,0.0270307 0.0123314 -0.00589619 0.0155324 0.00356452 0.00575615 0.00287104 0.0120622 0.00286798 0.0407004 -0.00331184 0.0179359 0.0163623 0.0090154 0.0251472 -0.0047235 0.00335954 0.128628 0.0199551 0.00685049 0.108994 0.00213532 0.0082066 0.27579 -0.00368459 0.0156552 -0.0082627 0.202518 -0.0103699 0.0627022 0.00606163 0.00994183 0.100722 0.0263127 -0.0122461 0.0325351,800,0,cuda,69.79,74.4
test,19,Abyssinian_225,Abyssinian,cat,correct,Abyssinian,lime,0,0.990646,42,0.784817,0.96473,0.179913,0.075068,0.843198,0.371108,0.535779,,,0.0425477 -0.0713715 0.115389 0.0980169 -0.0191022 0.0955761 -0.00053355 -0.0586705 0.0661595 0.00689232 -0.0629416 -0.0302893 -0.0695708 0.00310487 0.0331551 0.0141168 -0.0529079 -0.0592869 -0.017362 -0.00948499 0.0141838 0.010318 -0.0166677 0.0162037 -0.00034268 0.00124966 0.00689866 0.0384644 0.0304647 0.0555887 0.034256 0.0702153 0.018838 -0.0690927 0.149529 0.0435742 0.150762 -0.0634702 0.068128 0.063571 0.0163872 -0.00323375,800,0,cuda,37.69,44.33
test,3543,wheaten_terrier_77,wheaten_terrier,dog,correct,wheaten_terrier,lime,35,0.948347,49,0.34662,0.915575,0.568955,0.051394,0.803721,0.049017,0.679152,,,-0.0265045 0.0177745 -0.0114901 0.0105739 0.013927 0.00476593 -0.000711682 -0.024248 0.0186262 0.0253685 -0.00372663 0.0186292 0.00518959 0.00810901 -0.0167604 0.00240431 -0.00974658 -0.000913338 -0.0206467 -0.0199294 -0.0192495 0.0352115 0.0147433 0.0263323 0.0348835 0.00145477 0.00229899 0.026403 0.0453633 0.0140903 0.0314319 -0.000921669 0.0130026 -0.00489557 0.233996 0.0665743 0.00945905 0.0283233 0.13482 0.257013 0.0593815 0.0387185 0.0864093 0.0155919 0.140055 0.00287776 0.0645041 0.0102544 -0.00903489,800,0,cuda,55.87,61.84
test,54,Abyssinian_58,Abyssinian,cat,correct,Abyssinian,lime,0,0.983119,34,0.570412,0.638242,0.06783,0.14628,0.829988,0.218795,0.63696,,,-0.00657594 0.0416208 -0.0188004 0.0777489 0.076506 -0.0239469 0.00552985 0.0270479 0.000946559 0.0101172 -0.0365813 -0.0231819 0.0360511 -0.00362826 0.0904933 -0.0260216 0.00291213 0.0139939 -0.0504472 0.0133445 0.00633392 -0.0212731 0.155531 0.232309 0.202112 -0.0380112 0.0437074 0.0143615 0.0295924 -0.0187989 0.0395001 -0.0143711 0.00213864 -0.0127239,800,0,cuda,57.66,62.32
test,1859,keeshond_80,keeshond,dog,correct,keeshond,lime,18,0.986638,42,0.523896,0.992335,0.468439,0.060482,0.865692,0.130357,0.693844,,,-0.0019796 -0.0203984 -0.0275943 0.00252523 -0.0519611 -0.0293397 0.00298164 -0.0371194 0.00815792 0.00724145 0.22332 0.0387248 0.0050697 0.0131858 0.348546 0.00546819 -0.00908247 0.00253601 0.155594 0.297601 0.00888801 0.0205631 0.00933671 0.0734181 0.0439758 -0.00748568 -0.0124929 0.000469122 -0.000165083 0.00217083 -0.0256554 0.0167715 -0.00777631 0.0149686 -0.00482454 0.0256533 -0.00580102 0.012695 0.0123309 0.00414794 -0.0128047 0.011647,800,0,cuda,46.81,58.55
test,1088,Egyptian_Mau_1,Egyptian_Mau,cat,correct,Egyptian_Mau,lime,11,0.999976,31,0.49157,0.859681,0.368111,0.28802,0.879955,0.422341,0.64937,,,0.00288051 -0.00919231 0.00153074 0.0187528 -0.060529 0.00129617 0.0348941 0.00238657 0.00845155 0.0520529 0.00646961 -0.00854819 0.0348236 0.0536881 0.0440837 0.0746325 0.132354 0.129521 0.114054 0.180774 0.0527884 0.046311 0.160082 0.0908993 0.0255082 -0.0254195 -0.00126708 0.127047 0.0191746 0.00418267 0.0625515,800,0,cuda,48.6,60.42
test,2621,Ragdoll_3,Ragdoll,cat,wrong,Persian,lime,23,0.659169,30,0.443818,0.763365,0.319547,0.063059,0.815887,0.064609,0.802286,,,-0.0103432 0.0701519 0.0146906 0.152764 0.0155974 0.0609857 0.0221978 -0.088345 -0.00499786 0.480854 -0.0340239 -0.0153357 0.0504754 -0.00765698 0.0125227 -0.0181503 -0.028233 0.0129734 -0.0647333 -0.065264 0.0125658 -0.00706473 -0.0253658 0.0342941 0.0278861 0.0213007 -0.00027798 0.000482436 0.00580603 -0.00505495,800,0,cuda,58.34,66.78
test,3009,scottish_terrier_36,scottish_terrier,dog,correct,scottish_terrier,lime,30,0.999891,29,0.630401,0.974431,0.34403,0.496426,0.843258,0.227018,0.382886,,,0.000533867 0.0239083 0.0117514 0.0303689 0.0160866 0.00946734 0.0118646 0.110716 0.00731973 0.00795853 -0.00738492 0.039502 0.0642342 0.00529836 0.0108085 0.0103062 0.00817706 0.0205419 -0.015095 -0.00455732 0.000363829 -0.000381527 0.073173 -0.00732108 -0.0068084 0.0963617 0.00673681 0.0917349 -1.01874e-05,800,0,cuda,46.28,52.41
test,2935,samoyed_59,samoyed,dog,correct,samoyed,lime,29,0.999046,40,0.172991,0.509731,0.33674,0.131797,0.953512,0.294001,0.823978,,,0.0244895 0.0884411 0.00151114 0.112186 0.0122322 -0.0116231 0.561629 -0.00778106 -0.00150064 0.012142 0.00295995 0.22798 0.00235261 0.0824715 0.0546983 0.0326867 0.194597 0.00151321 -0.00895498 0.0223295 -0.0131887 0.0238922 -0.0244106 -0.0159505 0.00148577 -0.0103406 0.00117106 -0.0133583 0.0249804 0.00381717 -0.00100067 -0.00812573 -0.0138442 -0.0051875 0.00435564 -0.00492087 0.00693388 0.0117587 -0.0126703 0.00343012,800,0,cuda,46.86,47.38
test,1537,great_pyrenees_5,great_pyrenees,dog,wrong,samoyed,lime,15,0.83512,34,0.363122,0.949271,0.586149,0.127817,0.827729,0.027329,0.593794,,,0.114873 0.18443 0.00367941 0.00765565 0.0121388 0.243333 0.0780732 -0.0103466 0.0308596 -0.0193928 -0.0714022 -0.030262 0.13083 0.0477391 0.0392529 -0.0126959 -0.0250156 -0.0248963 0.142794 0.0159056 0.000789157 0.0567598 -0.0204396 0.00675954 0.015146 -0.00656068 0.00927536 0.0593811 0.00590984 0.0184933 -0.0223271 0.0238142 0.00938076 0.0109096,800,0,cuda,97.11,110.33
test,2412,pomeranian_38,pomeranian,dog,correct,pomeranian,lime,24,0.995207,30,0.47457,0.991391,0.516822,0.097358,0.888408,0.064818,0.795122,,,-0.00574121 0.0405301 -0.0412538 0.0113516 0.000239951 -0.0129243 0.00237544 -0.00392874 -0.0156727 0.02045 0.554508 0.0494116 -0.0107041 0.185231 0.311649 -0.0137684 -0.0146868 -0.00936137 0.13806 0.0635941 0.00117125 -0.0125009 -0.0383922 -0.00761255 -0.0206644 -0.0170727 -0.00244007 -0.0112073 0.00955457 -0.0111693,800,0,cuda,45.65,64.65
test,2513,pug_38,pug,dog,correct,pug,lime,25,0.999946,39,0.310547,0.966683,0.656137,0.107408,0.965956,0.339494,0.748635,,,0.0010607 0.0060109 0.0178863 0.00681393 -0.000983604 0.0183965 0.000854993 -0.016406 -0.00447302 -0.0249666 0.0250536 0.00961176 -0.0166077 0.020095 0.0143221 -0.0129434 -0.0188354 -0.0157784 0.0107231 0.181679 0.0178345 0.58269 0.197823 0.00390133 0.0094025 0.0622209 -0.00684152 0.111937 0.112181 -0.0197864 0.0108545 0.00838814 -0.0100259 0.020537 0.0116768 -0.0114104 0.00627793 0.0383357 -0.00210952,800,0,cuda,55.09,55.69
test,750,Bombay_64,Bombay,cat,correct,Bombay,lime,7,0.999498,32,0.544503,0.983088,0.438585,0.334317,0.875567,0.24655,0.651072,,,-0.00414683 -0.0224181 0.0182795 -0.00175838 -0.0223969 -0.0178684 0.103768 -0.0070766 0.000158799 0.0279868 0.0475533 -0.000148027 0.192985 -0.00700289 0.0473699 0.000334205 0.0569548 0.06636 0.0205414 0.00546545 0.0424565 0.0219999 -0.00560573 0.15452 0.0601652 0.032371 0.00138126 -0.0193177 -0.0105998 0.0133534 0.0119763 0.0126332,800,0,cuda,80.35,86.75
test,2198,newfoundland_25,newfoundland,dog,correct,newfoundland,lime,22,0.998137,31,0.696369,0.830779,0.13441,0.221497,0.82204,0.326509,0.814833,,,0.00551532 0.00818658 -0.000470532 0.0418238 -0.0109153 0.0073024 -0.00803796 -0.00366883 0.033419 0.399607 0.32025 -0.00876125 0.0415308 0.00796496 0.168072 0.0226094 0.0438222 0.0443544 0.0375133 0.126978 0.030791 -0.00378641 0.0176519 -0.0015911 0.00865747 0.0468631 0.0557673 0.0640957 0.0198583 0.0113584 0.0609834,800,0,cuda,39.83,43.04
test,1126,Egyptian_Mau_44,Egyptian_Mau,cat,correct,Egyptian_Mau,lime,11,0.998816,35,0.476303,0.96022,0.483916,0.325362,0.904829,0.365261,0.698298,,,-0.00182791 -0.0189197 -0.00458402 0.0173873 0.0286778 0.0288186 0.0130712 0.0149225 0.201804 0.120642 0.0373107 0.0306536 0.189724 0.0289349 0.0163473 0.0191819 -0.00314644 0.148573 0.0137007 0.023325 -0.00634747 0.047271 -0.00322798 0.164288 0.0075957 0.109569 0.0201442 -0.00863249 0.0513819 -0.000373342 0.0054857 -0.00561769 0.0095949 -0.00137898 -0.0150207,800,0,cuda,59.32,62.94
test,2130,miniature_pinscher_54,miniature_pinscher,dog,correct,miniature_pinscher,lime,21,0.995074,51,0.442423,0.971609,0.529186,0.314877,0.935696,0.21428,0.357435,,,0.0128656 0.00540633 0.0087928 0.0248474 -0.00906954 -4.03796e-05 -0.00293472 0.00878574 0.0302709 0.0059631 0.016649 0.0919474 0.0179897 0.0165971 0.0192097 -0.0100326 0.00171739 0.0372541 -0.0020065 0.00352322 -0.00581304 0.00385315 0.0541404 0.00819925 0.00597487 0.000758978 0.00967575 0.00142453 -0.0115181 -0.00336412 0.00451891 -0.00824829 -0.0175101 0.0101265 0.0016284 0.0879655 -0.00593147 0.00896171 -0.0100024 0.0153681 0.009151 0.0221585 0.0340266 -0.00651866 0.0151975 0.0177827 0.0124783 0.00393004 -0.00056661 0.0138092 0.000721105,800,0,cuda,78.11,103.96
test,2255,newfoundland_77,newfoundland,dog,correct,newfoundland,lime,22,0.999764,34,0.38634,0.85373,0.46739,0.363586,0.956036,0.153956,0.420624,,,0.00090798 -0.00481103 0.0279052 0.000752117 0.000819742 -0.00483711 -0.0123104 0.00156704 0.112684 0.00960268 -0.00598318 0.0276788 0.00759003 0.0110766 0.00324715 0.000770666 0.000745337 0.0312163 -0.00106865 0.0268128 0.116444 -0.00998913 0.00485593 0.0436027 -0.00116748 0.013573 -0.000232181 0.0104893 0.00959404 0.0132531 0.0231564 -0.00637406 0.00884932 0.00291472,800,0,cuda,79.01,84.21
test,2037,Maine_Coon_53,Maine_Coon,cat,correct,Maine_Coon,lime,20,0.930222,35,0.461336,0.910992,0.449656,0.123541,0.90419,0.109011,0.612856,,,-0.0274372 -0.0184568 -0.160049 -0.134312 0.162842 0.0496254 0.0636981 0.0678501 -0.0388138 -0.00673786 -0.0171594 0.0408758 0.207734 0.09559 0.0901557 0.00686219 0.00504666 0.0444537 -0.000764877 0.0138734 0.0169888 -0.0148593 0.0823941 0.00305074 0.0129399 -0.0150234 -0.0166684 -0.0016142 0.0929313 -0.00336617 0.094171 -0.0553953 0.0854032 -0.0145212 -0.00744752,800,0,cuda,46.47,52.84
test,3438,staffordshire_bull_terrier_72,staffordshire_bull_terrier,dog,wrong,american_bulldog,lime,1,0.725884,32,0.418905,0.81166,0.392754,0.055549,0.472827,0.260399,0.495199,,,-0.00122473 0.00364034 0.0134343 0.00234967 -0.0128459 0.0311881 -0.00191202 0.0121876 -0.00141494 0.017069 -0.0111152 0.00722883 0.0332028 0.0252258 0.0235378 0.0415748 0.0145172 0.0191187 0.0434306 0.044407 0.0262653 0.107196 0.0986074 0.0322787 0.0423811 0.00661315 -0.00508585 0.0444833 0.0152966 0.0176754 0.0165718 0.0382019,800,0,cuda,45.04,54.67
test,1568,great_pyrenees_88,great_pyrenees,dog,wrong,samoyed,lime,15,0.568553,33,0.526427,0.910315,0.383888,0.081949,0.776493,0.019364,0.567175,,,-0.0219592 -0.0463244 0.0447877 0.0326212 0.0274449 -0.0221175 -0.00782552 0.0271132 0.173876 -0.00275193 -0.0445703 -0.0147706 0.041261 0.0102924 0.0513884 -0.0678929 -0.0890768 -0.0120398 0.169206 0.0996148 0.158603 0.0141178 -0.0222908 0.0401616 -0.0166051 -0.0112208 0.00313202 0.0563414 0.0256879 -0.000157674 0.00970606 -0.00858319 0.00445201,800,0,cuda,66.58,76.08
test,2396,pomeranian_23,pomeranian,dog,correct,pomeranian,lime,24,0.999633,31,0.267897,0.987354,0.719457,0.033434,0.950244,0.057026,0.725244,,,-0.0255169 -0.0102248 0.0134439 -0.00227291 -0.0102923 -0.0294194 -0.000487978 0.0266108 0.0258685 0.0245871 -0.00969529 0.104686 0.0181511 0.017214 -0.00222959 0.0643726 0.0157465 0.505518 0.095046 0.0428475 -0.0223386 0.363416 -0.0018243 0.235834 0.0670915 0.0101418 -0.0368415 0.0138305 -0.0186386 0.0271667 0.0155865,800,0,cuda,48.92,49.46
test,2207,newfoundland_33,newfoundland,dog,correct,newfoundland,lime,22,0.999547,35,0.751634,0.991647,0.240013,0.390646,0.919642,0.364143,0.435586,,,0.0436816 0.011433 -0.00940454 0.0123893 0.0191029 0.11838 0.0278123 0.0352747 0.0956161 0.0155377 0.0256738 0.0165682 -0.00231496 0.0541942 0.00714259 0.0608257 -0.00844149 0.0101351 0.154688 0.0800717 -7.99684e-06 0.0230671 0.0147101 0.0341859 0.00730433 -0.016227 0.000332186 0.0238005 0.0481843 -0.000627769 -0.0106037 0.0204078 0.00207384 0.0241629 0.010106,800,0,cuda,44.74,58.65
test,3589,yorkshire_terrier_28,yorkshire_terrier,dog,correct,yorkshire_terrier,lime,36,0.997888,38,0.577647,0.975665,0.398018,0.297363,0.949977,0.231087,0.416114,,,0.0109878 -0.00611623 0.0129962 0.00514017 0.00631883 -0.0134014 -0.00214468 0.0113793 0.0464675 0.0052063 -0.00784075 0.0765751 0.00604972 0.0850722 0.0139628 0.00411386 0.0128694 0.0528093 0.00282427 0.0926866 0.0187106 0.0458989 0.00471296 0.0726819 0.028762 0.0146307 0.0232724 -0.00888285 -0.000765122 0.027033 -0.00231917 -0.00726098 -0.0175084 -0.00958812 0.0245942 0.00149434 0.00891323 -0.00497566,800,0,cuda,58.52,67.42
test,2385,pomeranian_195,pomeranian,dog,correct,pomeranian,lime,24,0.999903,28,0.587632,0.959857,0.372226,0.352738,0.912764,0.331012,0.660257,,,-0.000840487 0.116377 -0.00674718 0.0446831 0.0354916 0.0320173 -0.00414557 0.260725 0.0398191 0.164994 0.112847 0.0079437 0.0147037 0.0185539 0.0193542 0.00354275 -0.0113721 0.156103 0.00786084 0.00808149 0.0253122 0.0100157 0.00327639 0.0119083 0.0108852 -0.00716037 -0.0170279 -0.00522411,800,0,cuda,34.46,35.07
test,2331,Persian_4,Persian,cat,correct,Persian,lime,23,0.998466,35,0.585499,0.999729,0.41423,0.104872,0.936127,0.184364,0.815102,,,-0.00294298 0.0142622 0.00799532 0.0328341 -0.0215479 -0.00138683 0.0274946 -0.000217496 0.0120162 -0.0212668 0.134052 -0.00322186 0.0443054 0.0521847 -0.0013279 0.146877 -0.0433302 -0.000116337 0.479453 0.0037484 0.442388 0.0132466 0.039459 -0.00350644 -0.0263629 -0.0156534 0.00511596 -0.013293 -0.011787 -0.00307747 -0.00924334 0.0277507 0.00851977 -0.00569631 0.00374512,800,0,cuda,81.4,82.3
test,3266,Siamese_87,Siamese,cat,correct,Siamese,lime,32,0.999555,38,0.536053,0.989986,0.453933,0.219732,0.942125,0.360959,0.698199,,,0.0125403 0.0152938 0.0278237 0.0556422 0.0286064 0.0184198 0.020172 -0.00728649 0.0743821 0.0320617 0.0165724 -0.0118901 0.0113479 -0.000640301 -0.00839093 0.0876592 0.208356 0.00100301 0.460287 0.0158819 0.02754 -0.00339388 0.0192157 -0.0139274 0.00178405 0.0050384 0.176103 -0.0128331 -0.00562511 -0.016224 -0.00411963 -0.00665106 0.0448104 -0.00786581 0.00849951 0.00455815 -0.0186157 -0.00159085,800,0,cuda,60.55,65.81
test,1146,Egyptian_Mau_63,Egyptian_Mau,cat,correct,Egyptian_Mau,lime,5,0.522485,41,0.514609,0.672532,0.157924,0.141721,0.867434,0.196904,0.401673,,,-0.0174345 0.0106406 -0.0286804 0.00747199 0.00686136 0.0110153 1.82418e-06 0.0445572 -0.0130645 -0.0129955 0.00202082 0.00321235 0.0367579 -0.0253567 0.0344057 0.0785007 -0.0476644 0.0268048 -0.103407 -0.0556788 -0.0549872 -0.084561 -0.12527 0.0174095 0.111731 0.0769551 0.0225353 -0.0763966 -0.0112047 -0.0222897 0.0183517 0.0437218 -0.000660008 -0.0121687 0.0492797 0.0214647 0.00712374 0.0296956 -0.0322121 0.0202117 0.0260798,800,0,cuda,66.89,73.28
test,3510,wheaten_terrier_47,wheaten_terrier,dog,correct,wheaten_terrier,lime,35,0.994226,42,0.422493,0.961381,0.538889,0.16865,0.918935,0.141182,0.753368,,,-0.0369294 0.0207329 -0.00990822 -0.00294027 -4.25731e-05 0.179481 -0.0252811 -0.0114192 0.109071 0.0027557 0.00872883 0.196402 0.542591 -0.00907435 0.00908479 -0.00191576 -0.0204625 -0.0290393 0.0425234 -0.0150379 0.0661038 0.0264419 -0.031249 0.090579 0.00301832 0.0458247 0.000579516 0.0241082 -0.0060312 0.0609695 0.0215342 -0.0121476 0.00725128 -0.0249527 0.0135522 -0.0153936 0.0198969 0.00718865 0.0494992 -0.0140292 -0.0109773 -0.000634193,800,0,cuda,96.06,100.27
test,2728,Russian_Blue_44,Russian_Blue,cat,correct,Russian_Blue,lime,27,0.986507,33,0.828504,0.92937,0.100867,0.271894,0.844648,0.40777,0.521495,,,0.0105761 0.0203392 0.121651 0.0145095 0.0245849 0.141874 0.0243961 0.00773046 0.0432574 0.0244253 0.103685 0.0264438 0.027041 0.133399 0.0697446 0.00885744 0.0312033 0.022391 0.001283 0.00204507 0.0475291 0.0102112 0.0282766 0.0151695 -0.0106591 0.0587763 0.0116686 0.0365611 -0.00833136 0.00417656 0.023927 -0.00196162 0.00551766,800,0,cuda,44.85,53.71
test,38,Abyssinian_40,Abyssinian,cat,correct,Abyssinian,lime,0,0.987441,39,0.643595,0.987865,0.34427,0.358715,0.906741,0.426877,0.547078,,,-0.0129756 0.0639106 0.0128421 0.0386956 -0.00463128 -0.00922248 0.0301546 0.0451982 0.103213 0.00632592 0.164871 -0.00491286 0.0153653 0.0563432 -0.0286211 -0.00602084 0.0143122 -0.0383085 0.0289191 0.028342 -0.058194 0.033815 0.0146208 0.0542165 0.0857411 0.0901032 0.0225543 0.195769 0.0603794 0.0483865 0.013583 0.0868279 0.108594 0.0170065 -0.0127854 -0.00726986 0.0322213 0.0525444 0.0238343,800,0,cuda,50.1,54.58
test,3050,scottish_terrier_73,scottish_terrier,dog,correct,scottish_terrier,lime,30,0.999883,43,0.642777,0.959847,0.31707,0.363878,0.86965,0.39054,0.507939,,,-0.0150191 -0.0013448 0.00116645 0.0212431 0.000482733 0.0150571 -0.00238083 0.0386153 -0.0217994 0.0218516 0.00332707 0.0681577 0.0923497 0.170513 0.0132755 -0.00209039 0.0459346 0.0848062 0.01709 0.0158899 0.0239485 0.00799093 0.127385 0.00875779 0.125077 0.00471761 0.0567202 0.0152594 0.0114629 0.00478261 0.00388418 0.013204 0.00942163 0.0368208 0.048261 0.00740339 -0.0081814 0.0103391 -0.00555016 0.00792542 0.00111971 0.00654754 -0.0107044,800,0,cuda,79.26,86.19
test,2620,Ragdoll_37,Ragdoll,cat,correct,Ragdoll,lime,26,0.99995,39,0.402065,0.984639,0.582574,0.18897,0.832202,0.425698,0.635793,,,0.0562554 0.0818431 0.0240622 0.0430289 0.104582 0.0199693 0.0191733 -0.00710981 0.00569136 0.0207614 0.236686 0.164573 -0.0123123 0.265963 0.0389197 0.211865 0.236239 -0.0229606 0.0304593 -0.00371459 0.040493 0.199333 -0.00778999 -0.0134409 0.00052806 0.0147757 0.120731 0.235496 0.0068392 -0.0109835 -0.0170759 0.00782333 -0.00288595 0.000340604 -0.0034895 0.00564657 -0.0368729 0.00753793 -0.0158385,800,0,cuda,81.57,84.82
test,1076,chihuahua_92,chihuahua,dog,correct,chihuahua,lime,10,0.999902,38,0.525211,0.99197,0.466759,0.111935,0.935948,0.452716,0.75631,,,0.0278171 0.114076 0.0370954 0.00305723 -0.0116834 0.477791 0.00168397 0.035249 0.218382 0.334925 0.0525993 0.0380377 0.0141581 0.191563 0.023547 0.0441571 0.052282 0.0137942 -0.00544763 0.172571 0.0224191 0.162431 -0.0230856 -0.00152565 -0.00851292 -0.0321998 -0.00379755 0.00436418 0.00231012 -0.00637186 -0.0092305 0.0025672 0.0234084 -0.0102737 -0.0119057 -0.00941983 0.00955467 0.0135705,800,0,cuda,52.6,63.36
test,2630,Ragdoll_49,Ragdoll,cat,wrong,Birman,lime,6,0.920458,33,0.811842,0.870072,0.05823,0.293503,0.801881,0.237279,0.589191,,,-0.0323329 -0.0476658 0.152415 0.0585607 0.120376 0.0981898 0.257068 0.110092 0.126843 0.0761871 0.0312693 -0.0515201 -0.0205347 0.00931646 0.0615948 0.0242482 0.00591508 -0.0326337 0.0354465 0.0902675 0.192349 -0.00381798 -0.00242331 0.0178604 0.00795787 0.0085693 0.0131626 0.00524836 0.0297875 -0.00489317 0.00440448 -0.0175086 0.00492966,800,0,cuda,38.63,57.13
test,3161,shiba_inu_83,shiba_inu,dog,correct,shiba_inu,lime,31,0.999784,34,0.665876,0.998222,0.332346,0.167927,0.907925,0.467281,0.730886,,,-0.00291683 0.0365719 0.0431087 0.0379757 0.0103181 0.0216699 0.0250451 0.104747 0.00209532 -0.00284098 0.176221 0.337087 0.000651611 -0.0121362 0.472292 0.00633812 0.171465 0.107836 0.013933 0.0160875 0.046722 0.00312078 0.0469164 0.216499 -0.011541 -0.0182891 -0.00511199 0.00828947 -0.00867774 0.000364587 -0.000324249 0.0195933 -0.00227651 0.0141213,800,0,cuda,66.91,72.57
test,339,basset_hound_47,basset_hound,dog,correct,basset_hound,lime,3,0.999438,30,0.736248,0.990627,0.254379,0.330858,0.801905,0.38543,0.507022,,,0.0374161 -0.00884528 0.116422 0.00373801 0.00682753 0.0877371 0.0262538 0.013891 0.00977858 0.0154713 0.0585718 0.0952449 0.0174488 0.0745694 0.0780326 0.128515 0.00946023 0.18114 0.017728 0.000293354 0.0144839 -0.00312632 -0.00779518 0.0073177 0.0503357 0.0219966 0.0303926 0.0170719 0.0447841 -0.00562684,800,0,cuda,65.63,66.21
test,1528,great_pyrenees_51,great_pyrenees,dog,correct,great_pyrenees,lime,15,0.993724,34,0.590163,0.989493,0.39933,0.175896,0.842844,0.233272,0.799792,,,-0.0152719 0.017623 0.0101588 0.00199067 -0.00911234 0.336899 -0.000830865 -0.00933393 0.0154181 -0.0196263 -0.0360937 -0.0244432 0.101361 0.362925 0.18067 -0.00110647 -0.0535632 -0.0293024 0.0468457 0.00380676 0.0286893 -0.010818 0.0396088 0.0230681 0.0468411 0.00305829 0.0360399 0.036251 0.217147 0.0396029 -0.00477601 0.0168873 -0.00959776 0.0178513,800,0,cuda,54.36,61.16
test,2438,pomeranian_61,pomeranian,dog,correct,pomeranian,lime,24,0.894826,32,0.603555,0.947682,0.344127,0.032246,0.71018,0.355297,0.573816,,,0.0777506 0.0253309 0.0447053 0.0233488 0.133786 0.00886327 0.292441 0.0434445 0.054034 -0.0125339 -0.000506069 -0.00511539 0.0829578 0.0396163 -0.0172254 0.0295106 0.0977137 -0.000894606 0.00756662 -0.0345294 -0.0108737 -0.000481066 0.0208112 -0.0217996 -0.00839091 -0.015574 0.00125577 -0.0139373 -0.0117581 0.00486593 -0.0035701 -0.0209003,800,0,cuda,51.95,56.67
test,293,american_pit_bull_terrier_96,american_pit_bull_terrier,dog,wrong,staffordshire_bull_terrier,lime,2,0.570711,39,0.250857,0.903572,0.652715,0.031643,0.729418,0.293721,0.761281,,,0.00346066 0.00922712 -0.00242136 -0.00742055 -0.0220336 -0.0142998 -0.0106938 -0.00276899 0.0167039 -0.00586815 -0.00959105 0.015447 0.00881408 0.00249778 0.0325646 -0.0159897 -0.0349614 -0.0140099 -0.0094529 0.284365 0.0124717 0.074995 0.487423 0.00531689 0.0632933 -0.00806071 0.0591566 -0.01478 -0.0412218 0.0370189 0.00393847 -0.0535604 0.0381413 -0.0100533 0.068156 0.0129848 -0.00517615 0.00546775 0.0211326,800,0,cuda,79.99,84.81
test,1676,havanese_95,havanese,dog,correct,havanese,lime,16,0.999016,35,0.63638,0.986974,0.350594,0.202205,0.84922,0.372933,0.828329,,,0.0312629 0.368835 0.0537914 0.133515 0.117016 0.0465078 0.0134743 0.0211884 0.0345775 0.37086 0.129424 0.0145228 -0.0146435 0.00582253 -0.00852702 -0.00931059 0.0250022 -0.00319032 0.0180957 0.269203 0.020684 0.0606045 -0.00158635 -0.0052293 0.0237487 0.0217312 0.0405806 -0.00121259 -0.0178077 0.00159269 -0.0121616 -0.0158039 -0.00541796 0.00384506 0.0186462,800,0,cuda,88.2,93.48
test,3095,shiba_inu_22,shiba_inu,dog,correct,shiba_inu,lime,31,0.999901,34,0.405752,0.990633,0.584881,0.20859,0.959248,0.403906,0.539167,,,0.00611723 0.0127319 0.00169815 0.00615074 0.00284136 0.16027 0.0106891 -0.0132266 0.0445513 0.200003 0.111139 0.0308176 0.0129921 0.0225125 -0.0145706 0.0179533 0.0381691 0.0906413 0.0156457 0.243191 -0.00308411 0.0239873 0.0596141 -0.0203124 0.0132619 0.0638152 0.0212136 -0.00165228 0.0137498 -0.00851828 0.00687002 0.0164062 -0.00144226 -0.0102197,800,0,cuda,63.39,71.07
test,3663,yorkshire_terrier_95,yorkshire_terrier,dog,correct,yorkshire_terrier,lime,36,0.999057,35,0.304588,0.984935,0.680347,0.149182,0.974178,0.252682,0.754907,,,-0.0243334 0.0192125 0.0185149 0.035646 0.00581685 0.0594352 0.00273615 -0.0389523 -0.0195932 -0.00480724 -0.0500176 -0.0172639 0.453203 0.00587849 0.00528257 0.00643605 0.201853 0.0382937 -0.0123171 0.190889 0.0214404 0.0858242 -0.0138498 0.0646373 0.0112415 0.131837 0.00294992 0.0891486 -0.027113 -0.0121445 0.0242876 -0.00802444 -0.0193253 -0.0313098 0.0406481,800,0,cuda,65.08,82.82
test,978,British_Shorthair_94,British_Shorthair,cat,correct,British_Shorthair,lime,9,0.999968,40,0.779177,0.99462,0.215443,0.266013,0.838703,0.493691,0.719467,,,-0.00276503 -0.0245072 0.0200836 0.0727254 -0.109229 0.0602565 -0.0521695 -0.0275126 0.0326244 -0.0148736 0.102695 0.0728102 0.0289802 0.000222809 0.119058 0.0175052 0.142249 0.356807 0.0133253 0.0780647 0.0205744 0.146248 0.0930341 0.058995 0.0295445 0.058464 0.0795349 0.11595 0.0604297 0.00179333 -0.00376451 0.0122242 0.00463325 -0.00860246 -0.0179226 0.023729 0.0383269 0.0348864 0.00593889 -0.0133026,800,0,cuda,56.04,78.72
test,3364,Sphynx_84,Sphynx,cat,correct,Sphynx,lime,33,0.999999,40,0.590681,0.719936,0.129255,0.42531,0.832081,0.430928,0.627193,,,0.0278933 0.0513425 -0.0119858 0.0165614 0.117571 0.0167461 0.000902089 0.000582388 -0.00408575 0.00465555 0.0457526 0.0383495 0.0409952 0.0476159 -0.00111225 0.141435 0.0488952 0.0380102 0.0346541 0.0954761 0.0832119 0.112374 0.00162406 0.0326509 0.00541329 -0.00707992 0.0775233 0.0160617 0.0483007 0.0128334 0.00844078 0.00401342 0.0274705 0.00781293 0.0178778 0.0172737 0.0176192 0.00256947 -0.00117233 0.00115544,800,0,cuda,66.47,68.97
test,2430,pomeranian_54,pomeranian,dog,correct,pomeranian,lime,24,0.998991,28,0.504046,0.988895,0.484849,0.216304,0.939165,0.458978,0.653569,,,-0.0128105 0.049211 0.260946 0.0431495 0.0100117 0.0277863 0.303044 0.0172153 0.0218339 0.00414725 0.147051 0.0281291 0.00880623 0.192251 0.00904769 0.00856047 0.0169154 0.0288696 0.00111131 0.00968512 0.147253 -0.00380487 0.0488495 -0.00255951 -0.00602537 0.0366939 0.0193379 -0.0138349,800,0,cuda,41.88,56.62
test,1661,havanese_81,havanese,dog,correct,havanese,lime,16,0.966385,36,0.572425,0.451941,-0.120484,0.171363,0.660432,0.317838,0.577909,,,0.00201243 0.0434563 0.145877 -0.015098 0.019654 0.152794 0.0625749 -0.000650799 0.112513 0.101669 0.0214429 0.00469752 0.00556695 0.0134838 0.00301068 0.0303349 0.0506002 -0.107029 0.00675554 0.0273331 0.0431614 0.0971432 0.0463786 -0.0121577 0.0758998 0.0199144 0.0297416 -0.0199835 0.0142512 0.011706 0.00479685 0.0112203 0.00579669 0.0114689 0.0182137 -0.00043181,800,0,cuda,53.14,59.09
test,2288,Persian_255,Persian,cat,correct,Persian,lime,23,0.999927,34,0.803571,0.895633,0.092061,0.27743,0.752829,0.285141,0.739748,,,-0.0208658 0.0607523 0.0304399 0.0625647 0.0115654 0.00369209 0.00051569 0.355782 0.0636707 -0.0201801 0.102657 0.00216048 0.169775 -0.00358392 0.0277731 0.220823 0.125943 0.0176967 0.0535994 0.0129833 0.0296375 0.0299483 0.0998782 0.070771 0.00677453 -0.0405112 -0.0318687 6.34878e-05 0.0137217 0.0764731 0.0470066 -0.0238299 0.00671981 8.89522e-05,800,0,cuda,63.13,63.72
test,2232,newfoundland_56,newfoundland,dog,correct,newfoundland,lime,22,0.999954,33,0.561703,0.961265,0.399562,0.368682,0.88564,0.345632,0.558672,,,-0.00102977 0.000852153 0.00935519 0.0401361 0.0176897 0.00225729 0.0109042 0.00112485 -0.00492366 0.181874 -0.0033057 0.0471044 0.160079 0.0131316 0.022474 0.036195 0.0379146 0.129113 -0.00637641 0.0418614 0.0160895 0.0561771 -0.0240836 0.00313448 0.150836 0.0227301 0.0089037 -0.00497148 -0.0272121 0.00846106 0.0603463 -0.00367135 0.00106576,800,0,cuda,92.43,109.76
test,811,boxer_32,boxer,dog,correct,boxer,lime,8,0.961065,39,0.611527,0.755409,0.143881,0.208577,0.836116,0.462821,0.663846,,,0.0308396 0.0261793 0.0209381 -0.0329402 0.0633542 0.0218437 0.0324227 0.100985 -0.00250638 0.198498 0.0196103 0.220185 0.0166421 0.0188688 0.0305255 0.240934 0.0136976 -0.0275618 0.0612854 0.0989529 -0.0135247 -0.00891918 0.0372458 0.0141407 0.255612 0.0270177 -0.0104476 0.066841 -0.00591188 0.0258646 0.0193438 -0.0364736 0.000269429 0.0287128 0.00442031 0.00303323 0.0101356 -0.00570942 0.0129768,800,0,cuda,60.41,64.55
test,479,beagle_83,beagle,dog,correct,beagle,lime,4,0.999843,36,0.66767,0.92984,0.262171,0.199102,0.954018,0.489979,0.633694,,,0.0132851 0.0271827 0.0145872 0.0123609 0.0190795 0.0273165 0.00283095 0.197161 0.119439 0.00249973 0.00450611 0.096623 -0.00351622 0.000693032 -0.0132542 0.344927 0.263823 0.159671 -0.060293 0.0122437 -0.0215153 0.0281898 0.0876673 -0.00456414 -0.000112157 0.0300722 0.157129 0.0128594 0.006994 -0.0310988 0.00640731 -0.0299565 0.0681426 0.00736335 0.008685 -0.0249564,800,0,cuda,50.16,69.88
test,2493,pug_203,pug,dog,correct,pug,lime,25,0.999916,31,0.493802,0.988726,0.494924,0.367634,0.932664,0.3607,0.603163,,,0.0102035 0.0428115 0.0401297 0.0711707 0.0101523 -0.00976962 0.0912473 -0.0103104 0.0931578 0.049081 -0.00219046 -0.00174256 0.0860157 0.131967 0.0141119 0.0216178 0.01022 0.0887283 0.265461 0.000862154 -0.000447272 0.00943398 -0.00339491 -0.0130216 -0.0074481 -0.0142612 -0.00200901 0.0635029 0.00649727 -0.0172604 0.0239009,800,0,cuda,54.44,63.07
test,974,British_Shorthair_90,British_Shorthair,cat,correct,British_Shorthair,lime,9,0.999956,43,0.851264,1.0,0.148736,0.200169,0.892168,0.324912,0.623741,,,-0.0196644 0.036107 0.00611106 0.0422372 -0.0156927 -0.021902 0.0211454 -0.0253559 -0.00772057 0.146025 -0.00426044 0.0511697 0.233924 0.0278752 0.182284 0.0197736 0.0524952 0.0702346 0.129242 0.0770505 0.0360158 0.0786873 0.0315947 0.0288478 -0.0194114 0.00109062 0.0309544 0.0135459 0.00529297 -0.0162745 -0.000647066 -0.0126694 0.000257962 0.0309794 -0.0101269 0.000242314 -0.0178279 -0.0223717 0.0122519 -0.00377655 0.0158869 -0.00273608 -0.0101279,800,0,cuda,48.95,49.51
test,1295,english_setter_21,english_setter,dog,correct,english_setter,lime,13,0.999618,39,0.508171,0.976944,0.468773,0.224431,0.84089,0.551828,0.679474,,,0.00730606 -0.00303272 -0.0117709 -0.00252434 0.0194888 0.0187816 -0.0152838 0.0155115 0.0360751 0.176352 0.0587957 -0.0178848 0.112402 0.0618128 -0.00613848 0.0615018 0.13515 0.20929 0.0526278 0.0963266 0.00848756 0.0704844 -0.014939 0.0280959 -0.00147447 0.0449743 0.0416074 0.0820971 0.0578321 0.0203514 -0.0188031 0.0048849 0.358565 0.00369526 -0.0210689 0.0523125 0.0228462 0.0108456 0.0232673,800,0,cuda,62.21,83.08
test,726,Bombay_40,Bombay,cat,correct,Bombay,lime,7,0.998675,37,0.406748,0.972572,0.565824,0.214953,0.945686,0.291172,0.762856,,,-0.00243472 0.0168469 -0.00246625 0.00842871 0.0110982 0.01451 0.0272337 0.00995931 -0.0091699 0.013029 0.003603 0.0612622 0.0196752 0.203413 0.489098 0.00528269 0.125911 -0.0115251 0.0309483 0.105304 0.0391165 0.00295201 -0.00264185 -0.0283964 0.00275638 0.0104857 -0.000434227 0.00630717 0.00368751 -0.0167536 -0.00201321 0.0293277 0.00665262 -0.0299574 0.00948786 0.011757 -0.0240341,800,0,cuda,78.35,81.92
test,1421,german_shorthaired_45,german_shorthaired,dog,correct,german_shorthaired,lime,14,0.999954,31,0.547274,0.75441,0.207136,0.498543,0.910097,0.261788,0.505239,,,-0.00440344 0.0219245 0.00786095 0.0749165 0.0503322 -0.0125039 -0.00899332 0.0233093 0.131316 0.0306735 0.0391583 -0.00858613 -0.00279826 0.0407878 -0.00667546 0.127088 0.00867823 0.0270523 0.0375455 -0.00785377 0.0339483 0.0095375 0.101423 0.0173206 -0.00602006 0.00404953 -0.00533111 0.0177071 0.0121423 -0.00369189 0.00546326,800,0,cuda,59.07,83.31
test,2859,saint_bernard_80,saint_bernard,dog,correct,saint_bernard,lime,28,0.994569,40,0.15348,0.558608,0.405128,0.108571,0.98183,0.05511,0.831765,,,-0.00436973 0.00421291 0.00655826 -0.0289129 0.0176212 0.00126231 -0.0105326 -0.00869269 -0.003468 -0.0125942 0.218054 0.156038 -0.0217976 -0.0239886 -0.00438724 0.0414197 -0.0367819 -0.0393338 0.0141234 0.0107944 -0.00940467 0.0170891 -0.0437613 0.698974 -0.0532883 0.020272 0.148045 -0.0138056 -0.0129273 0.00995951 0.00286505 -0.0175288 0.00314204 0.0140883 -0.00997279 -0.00255046 -0.0130028 -0.0267697 0.00891631 -0.0275059,800,0,cuda,105.88,128.67
test,3309,Sphynx_249,Sphynx,cat,correct,Sphynx,lime,33,0.953447,38,0.131138,0.529312,0.398174,0.076029,0.886017,0.016769,0.822938,,,0.00554368 0.00755878 0.00539152 -0.00129442 0.00740523 0.0029538 -0.0119645 0.0119023 0.0529393 0.00603973 0.0234376 -0.00947289 0.00721405 0.011766 0.0167048 0.00924136 0.0195598 0.0544722 0.00679536 0.00211529 0.0257809 0.409339 0.0143829 -0.000336878 0.0431018 -0.0145744 0.511949 0.0479511 0.00847055 0.0326104 -0.0092564 -0.013288 -0.0139979 0.0100361 -0.0172426 -0.0253227 0.00716115 0.00991731,800,0,cuda,89.99,99.33
test,2624,Ragdoll_42,Ragdoll,cat,correct,Ragdoll,lime,26,0.99992,31,0.808215,0.974191,0.165976,0.231187,0.882912,0.514295,0.769082,,,0.0186536 -0.00393172 0.0159357 0.0636696 0.0668085 0.00475617 0.165953 -0.0352218 0.0176306 0.0189239 0.0466453 0.2154 0.0473922 0.00500825 -0.00727977 0.0740114 0.0263823 0.200818 0.0123819 -0.00962215 0.303243 0.0246783 0.36693 0.0955982 0.0250139 0.0787503 0.0320473 0.0314162 -0.0234918 0.00141109 0.0351442,800,0,cuda,59.41,69.26
test,1008,chihuahua_30,chihuahua,dog,correct,chihuahua,lime,10,0.99814,39,0.508111,0.974029,0.465917,0.08458,0.935384,0.297728,0.720374,,,0.0339147 0.0481928 0.00821734 0.0587521 0.0349663 0.139499 0.217173 -0.0126731 0.130487 0.209534 0.0146961 0.016531 0.0315591 0.130973 0.0113892 0.331297 0.11596 0.00753429 -0.0433547 0.393473 -0.0436783 0.00197948 0.00173893 0.0147973 0.0167428 0.00256946 -0.0185782 -0.0253387 -0.00642085 -0.0018128 -0.0152506 0.00443678 0.00205362 -0.0303154 -0.0277079 -0.0136839 -0.0162256 0.0132506 0.0405025,800,0,cuda,51.06,56.59
test,3198,Siamese_23,Siamese,cat,correct,Siamese,lime,32,0.999927,35,0.789361,0.994676,0.205315,0.312144,0.826152,0.27219,0.340031,,,0.00251635 0.0020784 0.0451297 0.039432 0.0137273 0.000342195 0.0489969 -0.00506938 0.0215577 0.00812496 -0.00374209 0.0589399 0.0485429 0.0177692 -0.0106837 0.0131521 0.0225643 0.0390931 0.00101874 -0.00669894 0.0399229 0.0680052 0.0624345 0.0149293 0.000725229 0.0369783 0.00324113 0.0183635 0.0416042 -0.000897176 0.00840364 0.00153678 0.0321753 0.00863517 0.00388655,800,0,cuda,51.36,58.37
test,1228,english_cocker_spaniel_51,english_cocker_spaniel,dog,correct,english_cocker_spaniel,lime,12,0.998801,44,0.377053,0.991069,0.614016,0.101293,0.876549,0.276874,0.735491,,,0.000458838 0.00611736 0.0410932 0.0173911 0.0494515 -0.0283697 0.0633853 0.0394246 0.0037102 0.0126953 0.226769 -0.000622231 0.23383 0.0642399 0.00385517 -0.0197489 0.0314651 0.382488 -0.0142512 -0.0304673 0.0285888 0.172213 0.0241165 -0.0153295 0.0232669 -0.0141472 0.0288181 0.0293217 -0.00338513 0.0290399 0.312109 0.0171938 0.0455538 -0.0139504 -0.00505653 -0.00992376 0.014309 0.00432471 -0.0165258 0.0264867 0.0252823 0.0342603 0.0449668 -0.0256222,800,0,cuda,42.09,49.41
test,3533,wheaten_terrier_68,wheaten_terrier,dog,correct,wheaten_terrier,lime,35,0.998595,39,0.402244,0.980717,0.578472,0.162336,0.932283,0.214023,0.773929,,,0.0207149 -0.0268971 0.00965562 -0.0124188 -0.0449981 0.0088045 0.0261975 0.0256463 -0.0184754 0.0156471 -0.0104665 -0.0274431 0.501216 -0.0108114 0.0197355 0.00951846 0.0309796 0.0937676 -0.00244233 -0.0186103 -0.000436047 -0.0144678 0.0975043 -2.61927e-05 -0.0105102 0.0681568 0.0596608 -0.00269648 0.0618142 0.0444817 0.0173651 0.00610661 0.0936331 0.0879617 -0.0078661 0.00383785 -0.0103725 0.00755175 -0.000561584,800,0,cuda,59.9,68.88
test,434,beagle_42,beagle,dog,correct,beagle,lime,4,0.999184,46,0.521205,0.924882,0.403677,0.151829,0.938283,0.213367,0.796179,,,0.0492367 0.019459 0.0220387 -0.0247699 0.0105985 8.25965e-05 0.244554 -0.014806 -0.0278643 0.0977238 0.0193317 -0.00177775 0.0530821 0.101024 0.568251 0.00351532 -0.0160011 0.00220271 0.0138104 0.00804298 -0.0760767 -0.011171 -0.00256507 0.0425936 0.0252509 -0.00642663 0.00605919 0.014899 -0.00657489 -0.020048 -0.0363341 0.0619095 -0.00927986 -0.0171392 0.00996081 0.0368105 -0.0062655 0.000996613 -0.00647498 -0.00160785 0.0238444 0.0283683 -0.0106302 -0.000259823 -0.0057191 -0.0124982,800,0,cuda,43.95,51.59
test,3540,wheaten_terrier_74,wheaten_terrier,dog,correct,wheaten_terrier,lime,35,0.978197,44,0.449478,0.988117,0.538639,0.241067,0.889691,0.412835,0.743417,,,0.0378425 0.0101351 0.0438386 -0.00374327 0.0764952 0.0303461 0.344608 -0.00119905 0.0843874 0.0216672 0.202163 0.0116395 0.0518016 0.0235457 0.00452693 0.0198787 0.229375 0.0126152 -0.0144356 0.0747252 0.0982076 0.0759189 -0.0101767 0.0350601 0.0113158 0.105493 0.009271 0.0119507 -0.00364545 -0.0103132 0.016616 -0.0091104 -0.0244252 0.0264417 0.00244311 0.0017105 0.00406094 -0.00333728 -0.0192743 0.0260453 -0.0314196 -0.0177559 -0.0139978 0.0120257,800,0,cuda,41.75,48.51
test,2669,Ragdoll_8,Ragdoll,cat,correct,Ragdoll,lime,26,0.996776,37,0.664939,0.837463,0.172524,0.105118,0.87876,0.228273,0.795882,,,0.0167737 0.081751 0.0243939 0.0293665 0.0350736 0.0671464 0.0106633 -0.0150719 0.00398486 0.0572128 0.0269148 -0.0136074 0.0604929 -0.0136288 0.0745107 0.0504434 0.0163953 -0.0239352 0.195587 0.0214546 -0.0136828 -0.026815 0.0249079 0.042451 0.00852044 0.508476 0.0528457 0.000655945 0.0278607 -0.0131977 0.0285367 -0.0121459 0.0172644 -0.00783773 0.011565 -0.00486223 0.0507237,800,0,cuda,20.58,21.16
test,2113,miniature_pinscher_39,miniature_pinscher,dog,correct,miniature_pinscher,lime,21,0.954829,39,0.176539,0.369254,0.192715,0.092539,0.85439,0.250748,0.719637,,,0.0105357 0.00475161 0.000415155 0.0129586 -0.00406636 0.00181718 -0.00817013 0.0248017 0.122848 0.244775 -0.00210523 0.00074269 -0.0239294 -0.000971212 -0.0098603 0.00059387 0.36723 -0.0112029 0.0647292 -0.014368 -0.0157123 -0.0176335 0.000851219 0.0727405 0.00355339 0.00416433 0.0648353 0.0276875 0.00426656 -0.00674255 0.00678283 -0.00959659 0.00816382 -0.024338 0.0215178 -0.00158997 -0.00700825 -0.00110256 0.0128505,800,0,cuda,49.72,61.18
test,2240,newfoundland_63,newfoundland,dog,correct,newfoundland,lime,22,0.999933,38,0.921118,1.0,0.078882,0.15929,0.884087,0.172419,0.619433,,,0.0334634 0.0456522 0.0640341 0.0600405 0.0677748 0.0651025 0.0478629 -0.00125044 0.0443626 -0.0452358 -0.0094995 -0.0727659 0.167132 0.0191518 0.0141197 0.0019579 0.306094 0.198203 -0.00291927 0.188612 0.216891 0.0571116 0.0392509 0.040248 0.0629793 0.0438747 -0.0580349 0.0146071 0.00362364 0.027069 0.0348034 0.0367686 0.00735822 0.00360801 0.0124697 0.00605138 0.00909116 0.0195166,800,0,cuda,66.13,66.82
test,561,Bengal_67,Bengal,cat,correct,Bengal,lime,5,0.999839,36,0.236826,0.459591,0.222765,0.176869,0.961183,0.247256,0.697949,,,0.00399315 -0.0259402 -0.00638701 -0.0066177 0.00457343 -0.0308649 0.00927533 0.0388041 -0.0116323 -0.0376159 0.000848322 -0.00246173 0.0316249 0.0229765 0.0110847 0.0215201 -0.0092574 0.00717333 0.00101008 -0.014169 -0.0130868 0.418614 0.159933 0.0189345 0.0457492 0.0105591 0.192815 0.037517 0.0671337 0.0097651 -0.0102983 0.00765925 0.00600099 -0.00323497 -0.00596201 -0.00924316,800,0,cuda,88.6,94.03
test,2717,Russian_Blue_30,Russian_Blue,cat,correct,Russian_Blue,lime,27,0.612775,41,0.581174,0.65343,0.072256,0.098299,0.753477,0.247678,0.611153,,,0.0536586 0.0809001 -0.0133007 0.0572027 0.0823228 0.0154437 0.0701686 0.10854 0.0637494 0.0726678 -0.00610327 0.023162 0.0692986 0.0747886 0.199023 0.0817738 0.00594523 0.0385015 -0.0118546 0.00772711 -0.0102508 -0.0377426 -0.0203558 0.0675748 0.0473828 0.0181908 0.020805 0.0166286 0.0330674 -0.0111187 0.0164931 0.0080594 0.0050031 -0.0271782 0.0244579 0.0338062 -0.031883 -0.00471901 0.00719267 -0.0159261 0.00698992,800,0,cuda,80.09,85.17
test,205,american_pit_bull_terrier_198,american_pit_bull_terrier,dog,correct,american_pit_bull_terrier,lime,2,0.974742,44,0.412628,0.98453,0.571902,0.156506,0.821658,0.495162,0.675042,,,-0.00927494 0.0377748 -0.00287146 -0.00292374 0.0140403 0.0328999 0.0643545 -0.0212118 0.0225072 0.00825321 0.17057 0.1583 0.00891975 0.0592385 0.176293 0.321432 0.0184657 0.0111637 0.177913 -0.0201696 0.00163265 0.0289958 0.216079 0.14188 -0.037217 0.0958402 0.0360954 0.171937 -0.0362352 0.0495376 0.000722086 0.000947643 -0.00416181 0.0129039 0.0281879 0.0301813 -0.00175057 0.089731 -0.0116734 -0.0230921 -0.0163925 0.000771339 -0.021934 0.0246008,800,0,cuda,52.4,53.74
test,1682,japanese_chin_191,japanese_chin,dog,correct,japanese_chin,lime,17,0.999974,28,0.776387,0.988981,0.212594,0.344152,0.825715,0.398269,0.537149,,,0.00764052 0.0280574 0.0335437 0.0350457 0.018587 0.161245 0.0128347 0.0641291 0.169731 0.00230837 0.0607291 0.00168505 0.232987 -0.00467872 0.0456794 -0.0119374 0.00656628 0.00907907 0.00305696 0.0175787 0.026349 0.0577784 0.0157159 0.0171377 0.0730429 0.0474314 -0.00938981 0.0205582,800,0,cuda,58.41,69.0
test,2963,samoyed_84,samoyed,dog,correct,samoyed,lime,29,0.999084,38,0.665398,0.990415,0.325017,0.216256,0.895295,0.531983,0.697752,,,-0.00037677 -0.0242884 -0.0307993 0.00669653 0.0179473 0.0238922 0.0155929 0.0231671 0.0027833 0.0575237 0.0160225 -0.0152374 0.120611 -0.0161471 0.0196431 0.0724211 0.240404 0.0181657 -0.00947308 0.0161318 -0.0358273 0.0990895 0.14982 0.0224579 0.0535009 0.39413 0.0308039 0.0178413 0.0249822 0.0252985 0.0287025 0.0055782 0.0162981 0.0747703 0.0887527 0.0369509 0.0834053 -0.00918664,800,0,cuda,30.66,44.69
test,1516,great_pyrenees_40,great_pyrenees,dog,wrong,english_setter,lime,15,0.530655,47,0.249821,0.851567,0.601747,0.01722,0.857976,0.026938,0.68399,,,0.00382603 0.0804883 0.0370653 0.0117001 0.180402 -0.00339878 -0.0147909 0.0640947 -0.0101833 0.00196549 0.00468033 0.0916099 0.15742 0.0366111 0.0134297 0.0203729 0.0125794 0.0465384 0.0289681 0.173453 0.0137756 0.0652125 0.0126785 0.0697077 -0.00859941 -0.00578457 -0.0308246 -0.012295 -0.00756814 -0.235506 0.0515725 0.00916478 -0.0750239 0.0290025 -0.0146698 -0.045388 0.0207186 -0.0107778 -0.0151523 -0.0109831 -0.00529342 -0.0117487 -0.141187 -0.0326082 0.00872463 -0.00115467 0.00813776,800,0,cuda,35.06,43.07
test,3086,shiba_inu_205,shiba_inu,dog,wrong,samoyed,lime,29,0.753464,32,0.172871,0.727395,0.554524,0.033717,0.863468,0.163876,0.717502,,,-0.0231777 0.01752 0.00339162 0.0154237 0.0262885 -0.0468705 0.0349752 -0.00399908 -0.0155072 -0.019501 0.00105363 0.0169088 -0.0351074 0.00701357 -0.0136868 0.331877 4.50866e-05 -0.0173302 0.43018 0.048417 0.0374371 -0.020379 -0.0149763 -0.0348756 -0.0169032 0.0178151 0.00681583 -0.0163816 0.000678484 -0.00666699 -0.00137728 -0.00370732,800,0,cuda,36.97,51.82
test,658,Birman_64,Birman,cat,correct,Birman,lime,6,0.965892,34,0.76423,0.955249,0.19102,0.110432,0.639166,0.35306,0.552297,,,-0.0269092 0.0154376 -0.015926 0.0363436 -0.0136343 0.0266725 0.0272487 -0.00978346 -0.0093183 0.000148924 0.067624 0.0740492 0.00132717 -0.000797705 0.00648117 0.0076902 0.14403 0.0676613 0.0103339 0.0507301 0.0516813 0.00461489 0.045602 0.0345355 -0.00672445 0.0850374 0.0314153 0.0391547 -0.00769812 0.0675366 0.0873073 0.0668173 0.0141379 -0.00426569,800,0,cuda,1032.74,1034.37
test,3446,staffordshire_bull_terrier_7,staffordshire_bull_terrier,dog,correct,staffordshire_bull_terrier,lime,1,0.522168,36,0.239736,0.352694,0.112958,0.105156,0.617882,0.315829,0.657115,,,0.0263792 -0.000107628 0.112629 0.1384 -0.00167577 0.237949 0.0918804 0.0501028 0.164299 -0.0270107 0.0386307 0.0624995 -0.0260812 0.0840097 -0.00345659 0.0382338 -0.00425953 0.0157305 0.0493236 0.0136843 -0.0298134 0.031576 0.0123723 0.0225328 0.00526609 -0.00489508 0.0249198 0.0551345 0.0226346 -0.0152594 0.00212805 0.00332805 -0.00676362 -0.00965346 -0.0104248 -0.0106601,800,0,cuda,48.35,54.85
test,2201,newfoundland_28,newfoundland,dog,correct,newfoundland,lime,22,0.98432,38,0.325275,0.863346,0.538071,0.123137,0.823014,0.017336,0.765008,,,0.0161487 0.0041536 -0.0281941 0.00508848 0.0256715 -0.00782486 0.0506363 0.000431456 0.00354313 -0.00291105 0.0168106 -0.0274237 0.0421165 0.0440004 -0.00883927 0.000326644 0.297168 0.0576876 -0.0156195 -0.0255021 0.103019 -0.0026237 -0.0579078 0.0308249 0.0380436 0.0022949 0.317338 -0.0466495 0.0292513 0.137389 0.0590176 0.0420712 -0.0143679 0.0271992 0.0113083 -0.00550678 0.0488903 0.00963415,800,0,cuda,29.51,33.28
test,89,Abyssinian_92,Abyssinian,cat,correct,Abyssinian,lime,0,0.999734,42,0.706872,0.990808,0.283936,0.37083,0.927666,0.3191,0.665055,,,0.0334399 5.04998e-05 -0.0061226 -0.0308097 0.0181283 -0.00440153 0.0496715 0.0350136 -0.0149394 -0.0129018 -0.0285943 0.00906631 -0.028961 -0.00847118 0.0278552 0.244421 -0.00941902 0.101867 0.00947742 0.0414464 -0.0205119 0.0163884 0.0283156 0.0188642 0.133447 0.0583656 0.0846179 0.00733982 0.00849835 0.0115849 0.04666 0.00211244 -0.00628763 0.00177956 -0.014498 0.021362 0.0022404 0.350926 0.0115477 0.0197587 0.00844383 -0.0109966,800,0,cuda,40.53,52.14
test,644,Birman_51,Birman,cat,correct,Birman,lime,6,0.989942,30,0.997768,1.0,0.002232,0.328545,0.793531,0.464086,0.697989,,,0.0795099 0.00248521 0.0930734 0.0235166 -0.0561272 -0.0446409 0.0398233 0.0372071 0.0927157 0.1096 0.0807897 0.0851371 0.00105053 0.159197 0.134357 0.0508735 0.185881 0.114561 0.0684733 0.206821 0.0160309 0.255887 -0.00895859 0.0107786 0.0987252 -0.0161737 -0.00248737 0.0630576 0.0351016 0.0464955,800,0,cuda,43.79,45.5
test,760,Bombay_74,Bombay,cat,correct,Bombay,lime,7,0.999937,37,0.421277,0.798741,0.377464,0.379414,0.977179,0.249858,0.409934,,,6.6434e-05 0.0575836 0.00595147 0.0157436 0.0157237 0.0119936 0.0190587 0.00731951 0.00292636 -0.0130234 -0.00685043 0.0836497 0.0168436 0.0415356 0.137699 0.00773961 0.0017088 0.0909478 0.0210264 0.0216601 0.0541915 0.0174706 0.0310178 0.000166064 0.00186924 0.0149165 -0.0119641 -0.0055145 0.012786 -0.00397067 0.00516087 0.0304416 -0.0156839 -0.00546159 0.00828413 -0.00706243 0.0120995,800,0,cuda,35.39,38.37
test,1050,chihuahua_69,chihuahua,dog,correct,chihuahua,lime,10,0.999961,30,0.581653,0.782742,0.20109,0.142369,0.928394,0.350717,0.742121,,,0.0560253 0.0383361 0.010909 0.0908476 0.159871 0.0012661 -0.002025 0.0250153 0.00509987 0.473929 -0.0137617 0.00232912 0.159894 -0.00359067 -0.00664524 0.474105 0.0629831 0.00166688 0.0652051 0.0315094 -0.0356534 -0.0241097 -0.022974 -0.00972012 -0.0269823 -0.024423 -0.0204215 0.00606283 0.0276452 0.0183274,800,0,cuda,46.92,48.93
test,823,boxer_43,boxer,dog,correct,boxer,lime,8,0.998493,39,0.532227,0.647046,0.114819,0.284654,0.955606,0.333713,0.659237,,,0.0182518 0.0487818 0.0544517 0.253455 0.0594968 0.0372806 0.0415338 0.0851633 0.0697197 -0.00203327 0.127401 0.0395618 0.370436 0.00486022 0.0141601 -0.016313 0.0155908 -0.00309068 0.0144032 0.00963305 -0.0246922 0.009716 -0.0265504 0.011471 -0.00756333 -0.00582321 0.0105411 -0.00650329 -0.00109814 -0.0210748 -0.00395487 -0.0168697 0.0110733 0.0119692 0.00349101 -0.0122174 -0.0152839 -0.0143921 0.00021078,800,0,cuda,43.15,44.49
test,1234,english_cocker_spaniel_57,english_cocker_spaniel,dog,correct,english_cocker_spaniel,lime,12,0.998013,42,0.483398,0.989018,0.50562,0.089688,0.857082,0.13833,0.757564,,,-0.0136889 -0.0116363 0.0386014 0.0549741 -0.0123403 -0.000164381 0.0367667 0.00338697 0.0603936 0.00458922 0.145533 0.0352716 0.0252019 0.00342415 -0.00163754 -0.0250958 0.102299 0.361478 0.00523598 0.0139553 0.0495076 -0.0127074 0.292976 0.0361763 -0.00073627 0.3415 -0.033911 -0.0487429 0.117776 0.000594736 -0.0223346 -0.00935875 -0.00126743 -0.0302844 0.00163203 0.0207058 0.0465592 0.0365512 -0.0329967 0.00427336 -0.000775562 -0.00404908,800,0,cuda,49.07,66.13
test,1893,leonberger_20,leonberger,dog,correct,leonberger,lime,19,0.997015,42,0.334263,0.981263,0.647,0.13395,0.920085,0.225804,0.704812,,,0.00449589 0.0116121 0.0243436 -0.0015717 0.00113033 0.0338448 0.0236554 -0.00458347 -0.0108446 0.249642 -0.0192547 0.00815501 -0.00284896 -0.0295782 -0.0114521 0.0149032 0.000540278 0.470375 -0.00445968 0.14939 0.0197751 0.0121266 -0.0113916 0.00604581 -0.00750481 0.0223289 -0.00400788 -0.016201 0.0457696 0.00106363 -0.000733291 0.0361751 -0.0134696 0.000701092 0.00380435 0.0174452 -0.011642 0.00666474 -0.00328305 -0.00804114 -0.0135665 0.00146268,800,0,cuda,28.8,37.5
test,2569,pug_8,pug,dog,correct,pug,lime,25,0.999718,32,0.776447,0.99745,0.221003,0.237583,0.896433,0.591434,0.688219,,,0.0418532 0.000160617 0.0374417 0.0332536 -0.0135783 0.166023 0.0521982 0.0608914 0.133862 0.0195437 -0.000362267 0.00655631 0.0496144 0.275025 0.0134828 0.073052 0.0120421 0.0469879 0.234086 -0.0193777 0.0034977 0.215309 0.0536526 0.0989221 -0.0271689 0.0928695 -0.0210747 -0.00376215 0.0250807 0.0408251 0.0338791 0.00609453,800,0,cuda,50.85,57.65
test,1520,great_pyrenees_44,great_pyrenees,dog,correct,great_pyrenees,lime,15,0.983407,41,0.264888,0.795228,0.53034,0.093815,0.848951,0.052209,0.748945,,,-0.0186124 -0.0561648 -0.00581132 -0.00778299 -0.00976921 -0.0253903 -0.0365114 -0.00304468 -0.00994137 0.0254998 -0.0372541 0.00858806 0.0922981 0.133144 0.0284211 0.0489332 -0.0331573 -0.000895066 0.131962 0.0445034 -0.014913 0.423502 0.00292968 0.0261052 0.000457623 0.192117 0.0505434 0.0232489 -0.00484221 -0.00967348 0.00700601 0.0108161 0.0101319 0.0237776 0.00716284 -0.00490157 0.00249286 0.0108845 0.0483346 0.0070265 0.00391371,800,0,cuda,69.84,77.91
test,2841,saint_bernard_64,saint_bernard,dog,correct,saint_bernard,lime,28,0.999122,41,0.344388,0.673407,0.32902,0.193917,0.960302,0.24012,0.815648,,,-0.00588318 -0.00465348 -0.0193529 0.10588 0.005224 0.0403184 0.0269245 0.124439 0.0282984 -0.00769587 -0.0155884 0.0438346 -0.00414673 0.0148796 0.0100247 0.00154609 0.619413 0.073934 -0.00519313 0.0189242 -0.00267467 -0.00456275 -0.00744867 0.0194498 -0.00293517 0.0247117 -0.0163711 0.0425173 0.00385394 -0.00290947 -0.000518624 0.0422893 0.0952753 -0.00674629 -0.00527745 0.000809527 -0.0116956 -0.0165118 -0.0193376 0.00668018 -0.0040196,800,0,cuda,39.59,47.29
test,3246,Siamese_67,Siamese,cat,correct,Siamese,lime,32,0.999808,39,0.705696,0.990367,0.284671,0.174421,0.885407,0.484688,0.796513,,,0.13316 0.0558697 0.0778509 0.28598 0.0339357 0.144964 0.160562 0.415345 0.0289169 0.0114167 -0.0237141 -0.00760042 -0.0064679 0.0509101 0.0222693 0.00312675 0.109254 0.00930967 -0.00244597 0.0759108 0.00238489 -0.00241745 -0.0123757 0.0139208 -0.00298585 0.0129258 -0.00333607 0.0997293 0.0016282 -0.00187035 0.0163953 0.00798695 0.034445 0.0160851 0.000642684 0.00648966 0.0374513 -0.0156535 -0.00559438,800,0,cuda,39.23,47.17
test,143,american_bulldog_49,american_bulldog,dog,correct,american_bulldog,lime,1,0.990817,35,0.600725,0.984827,0.384101,0.136367,0.867382,0.11169,0.739559,,,0.00262728 0.00608624 0.031763 0.00515958 -0.0132858 -0.0221391 0.00635487 0.112183 0.0637484 -0.0252488 0.0237575 0.0180431 0.0607065 0.0288689 0.0954484 0.44044 0.0423318 -0.0516565 -0.00862911 -0.0201007 -0.00620821 0.12946 0.152477 0.0425479 0.0102187 0.0359757 -0.0065898 0.153413 0.138186 0.00795246 -0.0111605 0.0123278 0.0788005 0.0929404 -0.0132588,800,0,cuda,41.39,46.04
test,785,Bombay_9,Bombay,cat,correct,Bombay,lime,7,0.999878,32,0.475845,0.799433,0.323588,0.177016,0.957635,0.227237,0.670431,,,0.00957371 0.0222681 0.00867496 0.0222963 0.40993 0.00625234 0.00361433 0.0030633 -0.00349665 -0.0159205 0.00959602 0.406378 0.00303138 -0.0329668 0.0754019 0.00185703 -0.0172482 -0.00163889 -0.0104474 -0.00472484 -0.0220195 -0.000489152 -0.000833108 -0.00119785 0.0431523 0.020819 -0.0161439 0.00736758 -0.0160514 -0.00341726 0.00909257 -0.000305635,800,0,cuda,23.46,24.05
test,2050,Maine_Coon_68,Maine_Coon,cat,correct,Maine_Coon,lime,20,0.999784,34,0.875239,0.848799,-0.02644,0.511775,0.897763,0.120867,0.353539,,,-0.00297216 0.00747195 -0.0015071 0.0129526 0.00756155 -0.00149898 0.0236104 0.000842738 0.0315405 0.012518 0.00177896 0.00457514 0.0115557 -0.000527418 0.000170041 0.0342384 0.0198905 -0.00130098 0.00563946 0.0235096 0.0213908 0.00909006 0.00299074 0.0240278 0.00508462 -0.00421616 0.0323206 0.0214646 0.00389551 0.00278753 0.00424343 0.00725065 0.0038981 -0.00161401,800,0,cuda,52.44,56.12
test,1864,keeshond_85,keeshond,dog,correct,keeshond,lime,18,0.99987,39,0.367706,0.986485,0.618779,0.227157,0.883368,0.731101,0.649534,,,0.011916 0.00857588 -0.0139474 -0.0213449 0.0201724 -0.0327277 0.0135795 0.0863258 0.0610514 0.10191 0.0283739 0.0378081 0.0923832 0.177765 0.0274496 0.0577626 0.0736967 0.243053 -0.0238255 0.227576 0.104722 -0.00059547 0.0136753 0.118236 0.0832445 0.0605522 0.111007 0.0583163 0.178943 0.0671525 0.0572403 0.003501 0.111565 0.0121699 -0.0235929 0.0060558 -0.0144864 0.0315056 0.0353393,800,0,cuda,39.88,44.39
test,2156,miniature_pinscher_78,miniature_pinscher,dog,correct,miniature_pinscher,lime,21,0.839443,34,0.140685,0.400842,0.260157,0.19393,0.884221,0.326857,0.781236,,,-0.00377026 0.00322703 -0.0045208 0.00850533 -0.0194738 -0.000655165 -0.0147227 -0.0199854 -0.0274356 -0.00884871 -0.0102812 -0.02323 0.159018 -0.00900444 0.0710773 -0.0443527 -0.00463794 0.049998 -0.0270077 0.00235642 0.202579 0.0170126 0.0163256 0.460823 0.00371466 0.0960521 6.34793e-07 0.0955937 0.154492 0.0187952 0.0041111 0.00580284 0.0239583 0.0117288,800,0,cuda,39.57,53.69
test,2572,pug_92,pug,dog,correct,pug,lime,25,0.971469,39,0.176299,0.966245,0.789945,0.021337,0.909859,0.448753,0.505261,,,0.00151912 -0.00394899 0.0334333 -0.0015118 0.00967401 0.0603945 0.00749152 0.140966 0.0367337 -0.00907623 -0.0156029 0.0881671 -0.0153517 -0.017263 -0.000821286 0.00144658 0.211836 -0.0016694 0.00886123 -0.0154131 0.147245 -0.0331822 0.00907401 -0.00432179 -0.0104865 0.0766708 0.0315821 0.000368323 -0.0197178 0.00640422 0.0169344 -0.00327767 0.0160004 0.0249664 0.013739 0.0288279 -0.00744302 -0.0212855 0.0309377,800,0,cuda,43.64,46.68
test,2643,Ragdoll_63,Ragdoll,cat,correct,Ragdoll,lime,26,0.999945,31,0.732761,0.983664,0.250903,0.177621,0.907063,0.307488,0.830638,,,0.00476653 -0.00372619 0.0719657 0.0445759 0.0127629 -0.013739 0.122418 0.14975 0.000229477 -6.10771e-05 0.0993689 0.0114512 0.603352 0.105599 0.0397448 0.0274049 0.233929 0.119294 0.103315 -0.0208955 0.0277013 -0.0166473 0.00647898 -0.0117057 0.013445 -0.022289 -0.00139698 0.0137085 -0.0156658 -0.00891822 1.87389e-05,800,0,cuda,44.74,49.5
test,171,american_bulldog_75,american_bulldog,dog,correct,american_bulldog,lime,1,0.678402,39,0.648637,0.939057,0.29042,0.066655,0.50923,0.192837,0.613685,,,0.0314414 0.0501571 0.00587097 0.0377003 0.0202547 0.0219816 -0.0144493 0.0403004 0.015827 0.129423 -0.0233702 0.0709928 0.00258423 0.13682 0.000330269 0.0054018 0.0194309 0.0122487 0.0326661 -0.00854123 -0.00162873 0.0237775 -0.0102 0.0178691 0.0154137 0.00416902 0.0392485 -0.0101945 0.014716 0.000466043 -0.0125526 0.0116876 0.0206327 0.0120683 0.00525817 -0.00812604 0.00959168 0.00581343 0.0164893,800,0,cuda,27.97,30.42
test,412,beagle_22,beagle,dog,correct,beagle,lime,4,0.999988,41,0.584861,0.993056,0.408194,0.286779,0.956901,0.383506,0.52853,,,0.0249369 -0.0198628 0.00845823 -0.0229769 0.00886393 0.114148 0.0160894 -0.0100442 -0.00230126 -0.0236165 0.000153211 0.0215531 0.327145 -0.00557148 -0.0246119 0.0493179 0.104023 0.125062 -0.0303577 -0.00890317 0.16987 0.0357262 -0.00496063 0.0553457 0.105459 0.046122 -0.000803034 0.0389759 0.017923 -0.027037 -0.0125813 -0.0182069 -0.00578729 0.0257347 0.0612593 0.0123978 -0.00378189 -0.00386165 0.00961556 0.0140758 0.0173714,800,0,cuda,39.55,48.43
test,416,beagle_26,beagle,dog,correct,beagle,lime,4,0.999994,38,0.800482,0.983572,0.183089,0.400472,0.743637,0.689355,0.574745,,,0.034271 -0.00604375 0.017448 0.0764457 0.0244215 0.0366826 0.0270597 0.0609644 0.0830807 0.00864728 -0.00263394 0.144194 0.0274471 0.0937517 0.126439 0.0116303 0.0268908 0.176278 0.135503 0.0542142 0.15922 0.0798609 0.0121055 0.114327 0.00734723 0.176447 0.0531381 0.0124844 0.00785325 0.102145 -0.00319813 0.0218362 -0.0380164 -0.00883052 0.0132568 0.00634712 0.0665787 0.0173912,800,0,cuda,31.95,40.09
test,2986,scottish_terrier_196,scottish_terrier,dog,correct,scottish_terrier,lime,30,0.999983,34,0.835021,0.9733,0.138279,0.415231,0.870068,0.379176,0.480875,,,-0.00577699 0.00131892 0.0198498 0.026852 0.130708 0.017694 0.0218659 0.0440687 0.0133719 0.0373364 0.00808225 0.0687859 0.0160293 -0.0110734 0.0864967 0.0611114 -0.013677 0.00815952 0.0976238 0.0329715 0.0224851 0.00789287 0.0260477 0.116668 0.0229972 0.0232124 0.0244408 0.0210133 -0.0203772 0.00986374 -0.00430571 0.0114316 0.0402329 0.0227124,800,0,cuda,11.04,11.56
test,1294,english_setter_20,english_setter,dog,correct,english_setter,lime,13,0.64753,42,0.187998,0.580193,0.392194,0.035494,0.601244,0.287899,0.595491,,,-0.00691729 0.00942919 0.0131705 0.0160056 0.00620962 -0.00529866 -0.0130122 0.00425421 -0.0189546 -0.00272482 0.0015609 -0.00255202 0.00256638 0.0131214 0.00107849 0.00460371 -0.0141417 0.0688529 0.0133849 0.0372042 0.0099955 -0.0160048 -0.0372266 0.188405 0.00293044 0.0181408 -0.0102976 0.00771186 0.172827 0.00830331 -0.013477 0.0079901 0.0101358 0.00699368 0.000932834 0.00224899 -0.0126347 0.000834721 0.00533999 -0.00247639 0.00446356 -0.00671565,800,0,cuda,29.0,33.26
test,2568,pug_89,pug,dog,correct,pug,lime,25,0.995712,35,0.162647,0.935106,0.772459,0.045237,0.932055,0.088142,0.802931,,,-0.0338973 -0.00122526 -0.00676984 0.00811938 0.019961 0.00761968 -0.026818 -0.00850942 -0.00754919 0.0645097 -0.0151572 0.217846 0.0406344 -0.0015546 -0.00561908 0.0309195 0.0346263 0.498298 -0.00510341 -0.00339737 0.107518 0.00159663 0.341478 -0.00140919 0.0103829 0.207793 1.50294e-05 0.0197916 0.0188654 0.0449715 -0.0143137 -0.0100761 -0.0317319 -0.0046719 -0.00119085,800,0,cuda,32.62,45.79
test,3245,Siamese_66,Siamese,cat,correct,Siamese,lime,32,0.981834,34,0.44898,0.802745,0.353765,0.065987,0.892844,0.093027,0.929292,,,0.000467467 0.0108669 -0.0075709 0.0281694 0.00354508 0.00911766 0.0140203 0.0524885 0.00673808 0.00675279 -0.0225901 0.0237802 0.00274582 -0.0236866 0.0392442 0.860322 0.011956 0.0257758 -0.0184167 0.0456745 -0.0011144 0.00598806 0.0129671 0.0852853 0.0290962 0.00988726 -0.0277865 0.0173698 -0.00783545 -0.0149464 0.00307628 0.0184316 -0.00294734 9.93296e-05,800,0,cuda,20.81,25.06
test,364,basset_hound_6,basset_hound,dog,correct,basset_hound,lime,4,0.95739,38,0.542391,0.990886,0.448495,0.054694,0.924294,0.1477,0.738304,,,0.0109711 0.0167754 -0.0391266 -0.0302907 0.0351438 -0.0341653 -0.00848303 -0.0295672 -0.0557936 -0.00828156 0.448162 -0.0074257 0.0201641 -0.00554943 4.59707e-05 -0.0262368 -0.0887947 0.00449097 -0.0154113 0.01531 -0.00937477 0.222032 0.0169153 0.0853326 0.00876296 0.0105942 0.0993318 0.291621 0.0129059 -0.000889154 0.0687944 -0.00104216 0.0245083 -0.0131065 0.00393387 0.0743407 0.0833641 0.00496669,800,0,cuda,42.58,52.65
test,2565,pug_86,pug,dog,correct,pug,lime,25,0.999836,40,0.707868,0.99422,0.286352,0.202589,0.862886,0.469464,0.663608,,,0.0101625 -0.00677012 0.0605548 -0.000904881 0.0106783 0.022576 0.0591696 0.0235915 0.0689829 0.109918 0.00968765 -0.0492209 0.091259 0.120918 -0.0104582 0.0818311 -0.0153337 0.0929948 0.228512 0.0801699 0.399871 0.0126221 0.0196145 0.01834 0.0201841 0.104874 0.00401267 -0.0062262 0.0235965 0.016928 -0.00569665 -0.0158039 0.0127701 -0.0156673 0.00500399 -0.007105 -0.0293646 -0.02778 -0.00782097 0.0136528,800,0,cuda,37.2,45.32
test,740,Bombay_55,Bombay,cat,correct,Bombay,lime,7,0.99886,36,0.547393,0.835135,0.287742,0.119638,0.848936,0.145668,0.728124,,,0.0301848 -0.0144958 0.0275464 0.0965832 -0.0131116 0.265699 0.191373 0.0351471 -0.0104782 -0.0266798 0.36769 0.00288371 0.166925 0.0539072 0.0173123 0.0160051 0.162612 0.132222 0.0899683 -0.0137942 0.0488164 0.0451848 -0.0167263 -0.00243037 0.0114151 0.0119364 -0.0231809 0.0046062 0.0406466 0.00776441 8.984e-06 0.00426297 0.0059674 -0.0447723 -0.00748396 -0.00355843,800,0,cuda,57.01,59.28
test,73,Abyssinian_77,Abyssinian,cat,correct,Abyssinian,lime,0,0.92659,41,0.446429,0.796643,0.350214,0.059194,0.793641,0.369458,0.479942,,,0.0512421 0.0192988 -0.0193926 0.0486985 -0.00262985 0.0657487 0.0237934 0.0216127 -0.007267 -0.0170746 0.00691153 -0.0764739 -0.0324907 0.000714527 0.0607241 -0.0220238 -0.0232904 0.00385307 -0.0226243 0.0201924 0.0222105 -0.0219728 0.0624586 -0.00516954 0.0116887 0.00509608 0.12365 0.0156559 0.0363737 -0.0113244 0.0590424 0.0174324 -0.00833284 0.0628713 0.166917 0.0381711 0.0717922 -0.0133784 0.0398258 0.00843772 -0.0354112,800,0,cuda,46.13,48.45
test,2878,saint_bernard_98,saint_bernard,dog,correct,saint_bernard,lime,28,0.999509,33,0.139469,0.510434,0.370965,0.234805,0.920313,0.290748,0.758632,,,-0.0141255 0.000513189 -0.01367 0.0290877 0.0106765 0.0020484 -0.0132196 0.00784439 0.0019322 0.0108316 0.0481432 -0.0210192 0.00398526 0.0250074 0.393478 -0.00359209 -0.00457942 0.00812192 0.050195 0.0329384 0.211625 0.0175157 0.288593 0.05181 0.0948854 0.0166146 0.0183654 0.128354 -0.00296359 0.078164 0.0561641 0.0273927 0.00580081,800,0,cuda,59.09,59.67
test,2940,samoyed_63,samoyed,dog,correct,samoyed,lime,29,0.996144,27,0.792471,0.988893,0.196422,0.28663,0.802184,0.369159,0.803714,,,0.0560027 -0.0194632 0.0490576 -0.00232988 0.268813 0.00319533 -0.0152303 0.0254081 0.231597 0.020202 0.553007 -0.0111901 0.0934969 0.00176904 0.0729583 0.00989278 0.008125 -0.0157804 0.0788075 0.0200114 0.0178837 0.0162251 0.0246627 0.010053 0.0147376 0.00196423 -0.00168285,800,0,cuda,40.57,49.18
test,1265,english_cocker_spaniel_85,english_cocker_spaniel,dog,correct,english_cocker_spaniel,lime,12,0.999985,42,0.744778,1.0,0.255222,0.187643,0.822024,0.753935,0.667286,,,0.04572 0.00247068 0.00586713 0.0390022 0.0913091 0.000887265 -0.00100167 0.121905 0.0778273 0.201674 0.032764 0.0422801 0.004905 -0.0287079 0.113665 0.116752 -0.0232787 0.35273 0.123045 0.0268692 0.0473581 0.0976421 0.177144 0.0235537 0.0110078 0.170206 0.0409386 0.0446066 0.0504469 0.201065 -0.00286112 0.162113 0.0232024 0.060252 -0.0200294 -0.028051 0.018955 0.0266405 0.0364725 0.0763205 0.0615403 -0.0177367,800,0,cuda,59.82,71.41
test,2208,newfoundland_34,newfoundland,dog,correct,newfoundland,lime,22,0.999907,32,0.734893,0.990709,0.255816,0.47268,0.863432,0.450666,0.567021,,,0.00810025 -0.000950371 0.0213612 0.0265852 0.0225515 0.0422737 0.0634267 0.0871698 -0.00137363 0.138889 0.0153028 0.00526425 0.0179247 0.116451 0.0830149 0.145028 0.0557456 0.0322225 0.0100241 0.0625143 0.0681411 0.0664162 0.0490569 0.00996116 0.0500563 0.00759792 0.021941 0.0103922 0.000395988 0.038375 -0.00509973 -0.00486846,800,0,cuda,31.64,32.74
test,1988,Maine_Coon_241,Maine_Coon,cat,correct,Maine_Coon,lime,20,0.976779,33,0.445572,0.986449,0.540877,0.14683,0.905935,0.187315,0.732534,,,-0.0371518 -0.063088 0.0262209 -0.00498975 0.00104046 0.0522536 -0.00917138 0.000760416 -0.0421481 0.0551648 0.128313 0.319047 -0.00485455 -0.0453759 0.0555787 0.293468 0.202624 0.0509546 0.0745964 -0.00452575 0.070244 0.124585 0.216053 -0.0330449 0.00653043 -0.0194469 -0.0299533 0.0280519 0.0127105 -0.0126252 -0.036622 -0.0126203 0.00278321,800,0,cuda,43.71,47.11
test,1492,great_pyrenees_1,great_pyrenees,dog,correct,great_pyrenees,lime,15,0.99692,37,0.661611,0.852264,0.190653,0.486794,0.915547,0.454092,0.743127,,,0.0240552 0.0805787 0.246454 0.00766172 -0.0279102 0.0166432 0.290805 0.0787136 0.0182006 0.00678212 0.0320248 0.011229 0.0884019 0.00194779 1.10452e-05 0.018279 0.0632233 -0.00179623 0.0404782 0.0470163 0.0178718 0.0327195 0.0450798 0.01268 0.00432442 0.00644537 0.116916 0.00883762 0.0355242 0.0219071 0.00987373 0.0145598 0.033682 0.0273615 0.00591302 0.0288662 0.00413905,800,0,cuda,51.54,59.92
test,2202,newfoundland_29,newfoundland,dog,correct,newfoundland,lime,22,0.991691,32,0.334184,0.711405,0.377222,0.204714,0.915782,0.024764,0.742528,,,-0.0331969 0.0763319 0.00744927 -0.0246235 0.252045 -0.00800156 0.0269592 0.0684644 -0.00166074 0.107231 -0.0620478 -0.0106718 0.00628726 0.0217058 -0.0118219 -0.0297126 -0.0540684 0.351201 -0.0521806 0.00211705 0.0236145 -0.00714407 0.0947973 0.166927 -0.00720698 0.0123273 0.0673919 -0.00119636 0.000838722 0.0704845 0.022188 -0.0143636,800,0,cuda,41.31,51.05
test,1216,english_cocker_spaniel_40,english_cocker_spaniel,dog,correct,english_cocker_spaniel,lime,12,0.999572,53,0.590003,0.849272,0.259269,0.147088,0.897385,0.172148,0.679758,,,0.0514559 -0.0340686 0.0347334 0.399001 -0.0270034 0.0629499 -0.00664671 0.0107132 0.0182325 0.0257271 0.000981971 0.0147439 0.0642456 0.174678 0.199952 0.0976687 0.0108953 0.0340787 0.0117596 -0.00372048 0.170842 0.0382885 0.0506951 0.0281375 0.00621359 0.121476 -0.0156346 0.00115843 0.0205631 -0.0238226 -0.00904674 -0.00354342 0.100586 0.00317981 -0.000427336 -0.0340466 -0.0329835 0.0080656 0.0607086 0.0385418 -0.00466182 0.0391154 -0.00116296 -0.00439035 0.0442542 -0.00302001 0.0163364 0.0209688 0.00529213 0.00412737 -0.0200217 0.00907264 0.0126131,800,0,cuda,37.55,42.37
test,2743,Russian_Blue_63,Russian_Blue,cat,correct,Russian_Blue,lime,27,0.903207,42,0.774155,0.991921,0.217766,0.143078,0.89448,0.19298,0.740024,,,0.0272754 0.0299422 0.00554748 0.0142311 -0.0292419 0.0508808 -0.0078413 -0.0294267 0.017883 0.165172 -0.010884 0.106094 0.00262556 -0.00793541 0.00531747 0.0989205 0.291033 0.150734 -0.00260037 0.233029 0.014872 -0.00170264 0.149271 0.00517461 -0.0204241 0.0118782 -0.0104922 0.0150973 -0.00863294 0.00190551 0.0434235 0.032445 0.00740131 -9.80692e-05 0.0758426 0.0163059 -0.00895693 0.0327425 -0.0297766 -0.00214108 0.0182657 0.00224111,800,0,cuda,48.68,53.66
test,2099,miniature_pinscher_26,miniature_pinscher,dog,correct,miniature_pinscher,lime,21,0.994025,36,0.30686,0.975039,0.668179,0.198517,0.914894,0.396706,0.763517,,,-0.0156484 0.0520923 -0.00588469 0.0084002 -0.0247083 0.0260478 0.0103991 0.13489 0.00225251 0.156941 0.0420758 0.491093 0.0285606 0.0317999 0.0692861 -0.0300548 0.00110648 -0.020472 -0.0251526 -0.0275007 0.126317 0.289896 -0.0254073 0.00217561 0.0526014 0.0420005 0.00717272 0.0759813 -0.00382685 -0.0187862 0.0553149 0.00724473 -0.0148778 0.00152605 0.0501951 -0.0212278,800,0,cuda,45.2,50.48
test,3388,staffordshire_bull_terrier_26,staffordshire_bull_terrier,dog,correct,staffordshire_bull_terrier,lime,34,0.612103,49,0.256457,0.519996,0.263539,0.016734,0.47961,0.32585,0.507562,,,0.00594937 0.0026658 8.32549e-05 -0.0161507 -0.00216923 0.010897 0.0181723 0.0495936 -0.00320811 0.0339312 0.0450009 -0.00261176 -0.011422 -0.00115449 0.0142393 -0.00727906 0.0793403 0.00276837 0.029188 0.00181389 -0.00190467 0.00595658 0.0163813 0.0529046 0.035712 0.009599 -0.015693 0.0158077 0.0247126 0.0143435 -0.00370399 0.00513757 0.0208992 -0.0082458 -0.000769149 0.00600895 0.00432327 0.00847496 -0.0116361 -0.000823789 0.00493259 0.00497979 -0.0028764 0.0108745 0.00559698 0.000703315 -0.00422048 0.00824523 -9.57281e-05,800,0,cuda,27.16,33.76
test,1998,Maine_Coon_25,Maine_Coon,cat,correct,Maine_Coon,lime,20,0.999952,34,0.338967,0.984296,0.645329,0.210052,0.905511,0.287987,0.704029,,,0.0200975 0.0832784 0.00297658 -0.0629721 -0.0315798 0.00284474 -0.00872069 0.0188048 0.0217712 -0.00998637 0.0330111 0.00820923 0.0218989 0.0198653 -0.0075732 0.315671 -0.0184168 0.0180404 0.00379893 0.0960867 0.00553593 0.0896173 0.137076 -0.00372432 0.0156593 0.203439 -0.0237368 -0.00710938 0.154554 -0.0124009 0.00914109 -0.0312534 0.0201284 0.0132081,800,0,cuda,46.41,47.41
test,631,Birman_3,Birman,cat,wrong,Ragdoll,lime,26,0.956578,35,0.695293,0.940551,0.245258,0.056392,0.74366,0.509596,0.515367,,,-0.000787385 0.00319962 0.00954023 0.00501693 0.149705 0.0819591 0.0249566 0.0159065 0.126379 0.0111829 0.00779738 -1.43994e-05 -0.0648168 0.0704107 -0.000248866 0.00323025 0.016552 -0.0268482 0.00212653 0.0102365 -0.0670161 0.0944326 -0.0105282 0.00466515 0.00158521 0.0438613 0.00125958 0.0298429 0.00889771 0.0093309 -0.0286359 0.00966889 0.00252134 0.0320059 0.00631966,800,0,cuda,59.17,67.86
test,3251,Siamese_72,Siamese,cat,correct,Siamese,lime,32,0.996439,32,0.362205,0.726061,0.363856,0.140595,0.812995,0.475176,0.739179,,,0.0492734 0.0203525 0.0949915 0.0529249 0.118687 0.19581 0.0747242 0.180983 0.102379 0.0801503 0.410605 0.0675853 0.0199216 0.0318091 0.0364028 -0.0144504 -0.00610626 0.0208528 -0.0103858 -0.00696549 -0.0119765 0.0112143 0.121858 0.0100199 -0.0162366 0.000465955 0.0186675 -0.00603384 -0.00786885 -0.00244061 0.00614825 0.0117055,800,0,cuda,49.77,50.28
test,3444,staffordshire_bull_terrier_78,staffordshire_bull_terrier,dog,wrong,samoyed,lime,1,0.36552,45,0.184411,0.879663,0.695252,0.045746,0.475678,0.063981,0.552141,,,0.00478474 0.0167219 -0.0107217 -0.0111387 0.00245371 0.0061583 0.00473324 0.0159922 0.019247 0.00536542 0.00836479 0.000707621 0.00608501 0.00812522 -0.0234093 -0.00767014 0.00808818 0.0224322 -0.00764778 -0.00482062 -0.0042438 0.0736382 0.00258977 0.0669202 0.0145423 0.00663541 0.00164971 0.00629121 -0.0296779 0.00896422 -0.00899156 0.0312956 0.0951947 0.0713979 0.00990941 -0.00118001 0.0288678 -0.000801281 -0.00325564 0.00585086 0.00134299 0.00899691 -0.00542644 -0.00326655 -0.00997914,800,0,cuda,53.1,58.8
test,2675,Ragdoll_95,Ragdoll,cat,correct,Ragdoll,lime,26,0.984192,42,0.439732,0.693563,0.253831,0.099742,0.744325,0.489552,0.467704,,,0.0140717 -0.00734537 0.0332507 -0.00203683 0.00442524 0.00988814 0.00838708 0.0198798 0.0125072 -0.000147765 0.0202311 0.0135336 0.0457465 0.0472147 0.0583618 0.0073831 0.0150089 0.0299152 -0.00152027 -0.00352803 0.141849 0.00694533 0.0243779 0.0160808 -0.0101987 0.144494 -0.0161025 -0.00423291 0.0895164 0.0481668 0.0159414 0.0150073 0.0268972 0.00759595 -0.00357617 -0.000217483 -0.00298161 -0.0106279 -0.0168023 0.00794359 0.0113797 -0.00556655,800,0,cuda,34.76,44.96
test,1080,chihuahua_96,chihuahua,dog,correct,chihuahua,lime,10,0.99962,32,0.830696,0.992363,0.161667,0.244918,0.655026,0.473631,0.683005,,,0.0188335 0.00333998 0.124261 0.0773114 0.0374283 0.101494 -0.0050975 0.184149 0.0557767 0.00241637 0.16327 0.0938148 0.0986374 0.180192 0.0320775 0.237921 0.0898769 0.19387 0.129576 0.0720194 0.0152037 0.123784 0.0457401 0.103361 0.0686655 0.0152313 0.0651999 0.0412056 -0.00578533 -0.00890333 0.00364997 -0.00868938,800,0,cuda,37.24,40.27
test,1405,german_shorthaired_30,german_shorthaired,dog,correct,german_shorthaired,lime,14,0.999957,34,0.328942,0.982596,0.653654,0.236545,0.93816,0.32013,0.584293,,,-0.0202436 -0.00763225 -0.0214742 -0.00148299 0.0123222 0.00783169 0.00774018 0.01017 0.161316 0.024153 -0.00931322 0.184355 0.236089 0.0589423 0.000610355 0.0510959 0.00924814 0.0237322 -0.0183981 0.0181022 0.0515759 0.0263786 0.0348879 0.0633742 -0.00263025 0.00643612 -0.0124269 0.013943 -0.00213926 0.0111224 0.0732144 0.0193445 -0.0141121 -0.0119369,800,0,cuda,45.0,46.63
test,632,Birman_40,Birman,cat,wrong,Ragdoll,lime,6,0.852788,31,0.738361,0.995901,0.25754,0.046899,0.911875,0.248194,0.747523,,,-0.235819 -0.027598 -0.00456186 0.0144816 -0.077453 -0.0137766 -0.00587653 0.0500382 0.00883025 -0.0469018 0.0389518 -0.0211655 0.189853 0.050946 0.05441 -0.00707236 0.00642142 0.282469 0.359595 0.0269297 -0.00411577 0.166908 0.105896 0.0201235 0.02072 0.0292787 0.0567287 0.00505149 -0.0349566 -0.0562914 0.0172753,800,0,cuda,36.7,39.28
test,1456,german_shorthaired_77,german_shorthaired,dog,correct,german_shorthaired,lime,14,0.999998,34,0.799227,0.843431,0.044204,0.589928,0.866869,0.203308,0.336378,,,0.00467435 0.0193177 0.0156067 0.0388515 0.00466392 0.0458689 -0.00342787 0.000448935 0.0340087 0.0209585 0.0252674 0.0125881 0.0444926 1.51046e-05 0.031724 0.0475363 0.0210059 -8.18551e-05 -0.00137197 0.0150098 0.0117041 0.00236976 -0.00594542 0.00263928 0.0385056 0.0286488 0.0122566 0.0218717 0.00926703 -0.00548498 0.0105373 0.00350206 0.0112296 0.00494977,800,0,cuda,29.36,30.41
test,2035,Maine_Coon_51,Maine_Coon,cat,correct,Maine_Coon,lime,20,0.999098,31,0.305963,0.66858,0.362617,0.142004,0.941519,0.111206,0.846854,,,0.00786523 0.0195622 0.0176528 -0.0174834 -0.00924197 -0.0248279 -0.0160188 0.0057017 0.0426913 0.00643339 0.066194 0.24587 0.118352 0.0829913 0.588509 0.0561767 0.0156819 -0.057091 -0.0152805 0.00905131 -0.0222097 -0.00496147 0.0102563 -0.0388748 -0.0251393 -0.0285342 -0.0134309 -0.0356188 -0.025544 -0.00124617 -0.00624717,800,0,cuda,58.01,63.49
test,3112,shiba_inu_39,shiba_inu,dog,correct,shiba_inu,lime,31,0.992903,38,0.525929,0.985368,0.459439,0.178769,0.921393,0.214266,0.864202,,,0.0239255 0.025385 0.0072625 -0.0132585 -0.00349761 -0.00914587 -0.00172818 0.197977 0.00157781 -0.0153815 0.00975766 0.0330316 0.0037724 -0.0215471 0.0739872 -0.00599295 0.0937626 0.667274 -0.00373489 -0.00459814 0.0328273 0.0154467 0.0327716 0.0153171 0.00421234 0.0590193 -0.00208132 0.0313275 0.00967104 0.00656229 0.0546383 0.0340348 0.0420805 0.0559993 0.0107438 -0.00994074 0.00999073 0.000587473,800,0,cuda,50.35,62.0
test,1851,keeshond_73,keeshond,dog,correct,keeshond,lime,18,0.905299,40,0.638811,0.996923,0.358112,0.093924,0.912538,0.053179,0.651509,,,-0.017506 -0.00144775 0.0354654 -0.00542293 -0.0386617 -0.0208415 0.0636221 0.226793 0.0134452 0.0500174 0.00828676 -0.0104961 0.00228326 0.00139631 0.424411 7.92822e-05 -0.00580531 0.0672017 -0.00742936 0.00368636 0.0658995 -0.0990241 0.0170984 0.0110545 0.00255225 -0.00398591 -0.00476165 -0.00397141 -0.0308215 0.0215953 -0.0192033 0.00716749 -0.00813003 0.00122193 0.00878651 -0.00597322 -0.00385439 -0.022062 -0.0213076 -0.0109845,800,0,cuda,25.96,31.19
test,3045,scottish_terrier_69,scottish_terrier,dog,correct,scottish_terrier,lime,30,0.998664,31,0.659578,0.99352,0.333941,0.370216,0.92778,0.316369,0.445488,,,-0.00890764 0.0116489 0.00672406 -0.0065461 -0.0148057 0.000489676 -0.0134702 0.0167714 0.014567 0.0186137 0.0364954 0.0840849 0.0066207 0.0123016 0.126541 0.0114085 0.124373 0.0320832 0.0446739 0.0871414 0.0463188 0.00927133 0.00833599 0.0989854 0.00942039 -0.00386422 0.0307473 -0.0201208 0.0468616 0.0180124 0.0179537,800,0,cuda,38.99,43.51
test,1802,keeshond_28,keeshond,dog,correct,keeshond,lime,18,0.994213,40,0.523218,0.964804,0.441586,0.165968,0.932768,0.323419,0.656853,,,-0.00859311 0.000745928 0.0209834 -0.0386455 0.00369695 -0.0346674 0.0151175 -0.0118881 -0.0300125 0.156079 0.00641555 0.000717768 0.00137708 -0.0177083 -0.0296797 0.188557 -0.0123689 0.0289661 0.290939 0.0353896 -0.0313624 -0.0229615 0.0405986 0.218098 -0.00679438 0.0119348 -0.00275252 0.0707648 0.00891882 -0.0284686 0.191889 0.0418649 0.0178831 -0.00143853 0.0193665 0.133257 -0.064378 0.00265093 0.0039813 0.0115288,800,0,cuda,50.9,51.52
test,2229,newfoundland_53,newfoundland,dog,correct,newfoundland,lime,22,0.999988,42,0.536053,0.863632,0.327579,0.309139,0.894182,0.48548,0.713805,,,0.133503 0.0559323 -0.0136535 0.0225687 0.245007 -0.0321616 -0.0316074 0.0176877 0.00751642 0.257788 0.149358 -0.000391978 -0.000218382 0.0242266 -0.0116475 -0.00669526 -0.00290624 0.0819187 -0.00734035 0.0359628 0.0195576 0.0837241 0.05696 0.0107443 0.0055266 0.0201788 0.125114 0.0787692 0.0238355 -0.0220139 0.109206 0.0167694 -0.0115257 0.00937727 0.0256298 0.00805443 -0.0199371 0.0478985 -0.0141354 0.10837 -0.00921331 -0.0141765,800,0,cuda,70.83,74.48
test,178,american_bulldog_81,american_bulldog,dog,correct,american_bulldog,lime,1,0.834198,33,0.696688,1.0,0.303312,0.121665,0.706359,0.223711,0.764312,,,-0.0126108 0.0504213 0.0620207 0.0124678 0.0303575 0.0388629 -0.0307682 -0.0726783 0.000526619 -0.0120691 0.0293947 0.129935 0.368502 -0.0395553 0.0466403 0.0360151 0.169125 -0.0211283 0.094675 -0.0410479 0.014845 -0.00142844 0.00276759 0.044288 0.0670572 0.0113455 0.0437982 0.0997043 0.0382914 0.155015 0.079801 -0.0169329 0.0158121,800,0,cuda,29.84,37.18
test,498,Bengal_192,Bengal,cat,wrong,Egyptian_Mau,lime,5,0.987881,36,0.441825,0.688802,0.246978,0.299482,0.869168,0.097151,0.474202,,,-0.00628889 0.0413505 -0.0190549 -0.00086475 0.0116195 0.025195 0.0047356 0.0008009 0.137269 -0.0149462 -0.00160276 -0.00140899 -0.0281581 0.0308992 -0.0109008 0.106516 0.0924354 -0.00747035 0.0333433 0.064283 0.0143158 0.0185701 -0.0224466 0.0187264 0.0741252 -0.017607 -0.00116106 0.0635106 -0.00249046 -0.00812173 -0.00726607 -0.0138647 0.000144144 -0.00257793 0.0132745 -0.00408379,800,0,cuda,45.9,54.66
test,484,beagle_88,beagle,dog,wrong,basset_hound,lime,4,0.998121,27,0.105548,0.340995,0.235446,0.06103,0.97543,0.000471,0.979099,,,0.00210157 0.0180447 0.0233693 0.0030119 0.00825054 -0.00447989 -0.0181099 -0.00657332 0.00442266 0.00557528 -0.0026049 -0.00308037 0.0112474 0.866908 0.0215524 0.00212911 0.00911781 0.0570623 -0.00576191 0.00163638 -0.000517839 0.0031216 0.000429659 0.000838185 0.00922196 -0.00409111 -0.00501209,800,0,cuda,40.03,48.98
test,2907,samoyed_33,samoyed,dog,correct,samoyed,lime,29,0.999189,34,0.522401,0.982724,0.460323,0.309038,0.903333,0.498021,0.617214,,,0.0271896 0.00404579 0.0912154 0.0984879 0.0490001 0.113356 0.0783978 -0.0113808 0.288388 0.0158635 0.0025024 0.016365 0.0707838 0.0453015 0.0221286 0.269536 0.0591953 -0.0113505 -0.00608467 0.0341673 0.026592 0.0956955 0.00410071 0.0739593 0.00677999 0.000669918 -0.00318416 0.0190959 0.0128381 0.0140222 -0.0363319 0.004613 -0.00110242 0.0117008,800,0,cuda,24.66,34.75
test,2246,newfoundland_69,newfoundland,dog,correct,newfoundland,lime,22,0.999524,43,0.626754,0.987218,0.360464,0.188792,0.901763,0.351463,0.715674,,,0.0463177 0.00484348 0.129315 0.0800899 0.40236 0.00549502 0.0388039 -0.0108265 0.0153133 0.122019 0.282462 0.0849004 -0.032699 0.127338 0.0353778 0.000758199 0.00215278 0.0066227 0.0538007 0.0932899 -0.00446657 -0.023243 0.0252319 -0.000521632 0.0707904 -0.0192074 -0.00669803 -0.0292762 0.00232773 0.00222358 -0.0499403 0.0117197 -0.0236917 0.0184224 -0.0117708 0.00951022 -0.0124103 -0.0105329 -0.0121243 -0.00905756 -0.00454909 0.0170355 -0.022914,800,0,cuda,43.0,45.87
test,2784,saint_bernard_194,saint_bernard,dog,correct,saint_bernard,lime,28,0.999966,38,0.256019,0.709063,0.453045,0.254584,0.864122,0.447618,0.628164,,,0.016158 0.0120491 -0.00468855 0.0103242 0.109249 -0.00345565 0.0371832 0.266873 0.111976 0.00901333 0.00589889 0.141472 0.00737871 0.249489 0.0395695 0.00637484 0.0145376 0.163012 0.00116347 0.0119403 0.115843 -0.00851958 -0.00514414 0.000547233 0.0239293 0.0284929 0.00986965 -0.00234246 -0.0137543 0.0344789 0.00523313 -0.00683366 0.0223942 0.0117327 -0.0108319 -0.0144125 -0.0127946 -0.0127636,800,0,cuda,55.78,58.04
test,2832,saint_bernard_56,saint_bernard,dog,correct,saint_bernard,lime,28,0.999175,40,0.723772,0.996305,0.272532,0.265513,0.933787,0.566542,0.676641,,,-0.000257729 0.0703193 0.160644 0.0127082 -0.0228648 -0.00980417 0.176133 -0.0108291 0.0783834 0.0627534 -0.0371576 -0.000330968 0.0058338 0.0198602 -0.0371205 -0.00633144 0.042915 0.0761418 0.342331 0.264444 -0.00570462 0.0244305 0.0130377 0.0419201 0.0610715 -0.00889488 0.0106745 -0.0139121 0.26408 0.0171481 0.0137414 0.0075165 0.0883821 0.18287 0.0244507 -0.00567729 -0.000927562 -0.0097379 -0.00313614 0.0217748,800,0,cuda,37.42,50.29
test,877,boxer_93,boxer,dog,correct,boxer,lime,8,0.998772,39,0.610531,0.676171,0.06564,0.2186,0.819993,0.47719,0.634151,,,0.0160523 0.0251871 0.00832187 0.121961 0.283683 0.0664403 -0.0005484 0.00415869 0.136632 0.179565 -0.0157844 0.0363811 0.0951789 0.0428965 0.125928 0.165703 0.0736326 0.0617432 0.0400403 0.0546815 0.123996 -0.00161374 0.0494012 -0.0238296 -0.0423307 -0.0166871 0.011693 -0.0156886 -0.000463709 0.0145461 -0.00719093 0.0198437 -0.0122503 0.00345147 0.0166993 0.0095939 0.0225178 0.0131999 -0.0311392,800,0,cuda,33.87,35.53
test,1166,Egyptian_Mau_86,Egyptian_Mau,cat,correct,Egyptian_Mau,lime,11,0.999413,36,0.48872,0.978224,0.489504,0.30721,0.917449,0.349763,0.668637,,,0.0138925 0.0116402 -0.0176448 -0.00314952 0.079511 -0.0464334 -0.0283293 0.0308376 0.0302791 0.0429524 0.00485901 0.0134519 0.00209808 0.227215 0.0233383 0.0595666 -0.0235587 0.15278 0.0535882 0.280003 0.0218086 0.0918668 0.211316 -0.0142409 0.0153723 0.0314596 0.0351254 0.0218766 0.034095 -0.0461857 0.0123261 -7.07334e-05 -0.00214876 -0.00971985 -0.00840162 -0.00215843,800,0,cuda,43.97,47.07
test,1689,japanese_chin_198,japanese_chin,dog,correct,japanese_chin,lime,17,0.999665,35,0.64784,0.985784,0.337944,0.175903,0.937347,0.561518,0.641846,,,0.0587462 0.314067 0.0815685 0.018167 0.384332 0.0362527 0.110975 0.00028386 0.155324 0.0146575 0.147426 0.00732038 0.0752431 0.00791665 -1.09591e-05 0.0250246 0.0403185 0.0265789 0.0170284 0.0355146 -0.00652057 0.0157648 0.00575802 0.01764 0.018836 0.0077835 -0.00328178 0.0111259 0.0145389 0.0192484 0.00532323 0.00820316 0.00864336 0.00431065 0.0195607,800,0,cuda,35.39,48.85
test,1340,english_setter_62,english_setter,dog,correct,english_setter,lime,13,0.999976,45,0.386221,0.977331,0.59111,0.16534,0.944555,0.350909,0.808225,,,0.00272361 -0.0155454 0.0655361 -0.0140811 0.0958924 0.00325209 0.19524 -0.00299158 0.0255645 0.679955 0.00427836 0.0628585 0.000682455 0.0495468 0.00347593 0.00510052 0.0454046 0.0785329 0.0114154 0.00656556 0.0011884 -0.000666778 -0.0183688 -0.00846073 0.0233906 0.0276842 -0.0196864 0.0497978 -0.0157826 0.00597097 -0.00801269 0.040566 0.0111358 0.0130435 0.0821311 0.00328898 0.0175495 -0.00648269 0.0501379 0.0743021 -0.0133473 0.0285781 0.0213145 0.0133783 0.0144464,800,0,cuda,47.75,51.86
test,3598,yorkshire_terrier_36,yorkshire_terrier,dog,correct,yorkshire_terrier,lime,36,0.999586,33,0.699657,0.989186,0.289528,0.278433,0.941481,0.28967,0.705703,,,0.00999896 0.0313715 -0.00966658 -0.0059955 0.00302348 0.00246804 -0.0110509 -0.0102492 0.0156362 0.00280269 -0.0303933 -0.00241853 0.106636 0.0263037 0.0209336 0.02121 0.28678 -0.0169363 0.11698 0.0529937 0.0103749 0.0425167 -0.00212156 0.0399239 -0.0180424 -0.00192136 0.476683 -0.01199 -0.017581 -0.0128258 0.00392623 0.00982298 0.0153897,800,0,cuda,46.16,50.3
test,2983,scottish_terrier_193,scottish_terrier,dog,correct,scottish_terrier,lime,30,0.998981,30,0.422612,0.834915,0.412303,0.133673,0.922451,0.107672,0.980537,,,0.00357541 -0.00900316 0.00939537 0.00434685 0.00641235 0.000415417 -0.00809219 0.00388892 0.00683896 0.0141067 -0.000928804 0.833771 0.00586823 0.0254559 0.0109264 0.0577831 0.0817099 0.0108841 0.0308577 0.00772037 0.00487998 0.0157161 0.00672879 0.00299112 0.000527413 -0.000505375 0.0252177 0.00467146 0.000317765 0.00639015,800,0,cuda,50.18,54.86
test,759,Bombay_73,Bombay,cat,correct,Bombay,lime,7,0.998813,32,0.408143,0.957408,0.549265,0.187125,0.88687,0.301332,0.698751,,,-0.0341699 -0.029525 -0.0148101 0.0155867 0.000399008 -0.0147106 -0.0334851 0.181983 0.0268334 0.109375 0.0994063 0.218984 0.0172827 -0.013885 0.0683463 0.025735 0.177042 0.0359867 0.178821 0.0216762 -0.00380567 0.133248 -0.0288287 0.0324878 0.0296275 0.0286828 -0.00462104 -0.00184138 0.00784411 0.0280558 0.0149499 0.0180334,800,0,cuda,49.19,49.88
test,2218,newfoundland_43,newfoundland,dog,correct,newfoundland,lime,22,0.997856,39,0.692263,0.992453,0.30019,0.278872,0.901262,0.408202,0.666779,,,0.00239507 0.0165068 0.00378041 0.00774026 0.059155 0.0230047 -0.00187912 0.379177 0.080327 0.183374 0.00310103 0.193821 0.0153289 0.171691 -0.00711135 0.0118559 -0.0122574 0.0335686 0.0953406 0.042415 0.0608503 -0.0150732 0.0102959 0.0474111 -0.0148041 -0.0135432 0.047388 0.0104387 -0.0112909 0.00336212 0.020397 -0.0206279 0.00202609 -0.0108969 -0.00549448 0.0150066 -0.0110888 -0.00959632 0.0228383,800,0,cuda,47.09,49.69
test,1597,havanese_23,havanese,dog,correct,havanese,lime,16,0.9865,32,0.4148,0.692365,0.277565,0.19951,0.825033,0.232056,0.957599,,,0.025143 0.0794697 0.0588183 0.0468734 0.0237398 0.0682459 0.0341949 0.0112463 0.0491069 0.0234283 0.035717 0.668844 0.0270809 -0.000946115 0.0274471 -0.00865301 0.0170118 0.00382286 -0.00465782 -0.0194974 0.0576643 -0.00501452 0.00370313 0.0260437 0.0277641 0.0074684 0.049872 0.0016306 -0.00251075 0.010495 0.00475878 0.00380697,800,0,cuda,41.38,45.06
test,1356,english_setter_77,english_setter,dog,correct,english_setter,lime,13,0.9993,31,0.479552,0.778393,0.298841,0.172909,0.937534,0.508655,0.721392,,,0.0647463 0.0148278 0.00109205 0.0828956 -0.0219907 0.0264638 0.24942 0.137314 0.348162 -0.0302816 0.116258 0.03665 0.269585 0.0212986 0.0306904 0.0634215 0.0193857 0.12571 -0.00537591 0.0948748 0.0264811 0.0107232 0.00355874 0.00375648 -0.00808159 0.0164976 -0.0174768 0.00617841 0.0254929 0.0211123 -0.0161104,800,0,cuda,46.26,52.1
test,3147,shiba_inu_70,shiba_inu,dog,correct,shiba_inu,lime,31,0.99988,39,0.947445,0.994386,0.046941,0.329506,0.774737,0.599391,0.671203,,,0.0119012 0.0126381 -0.0159522 0.106411 -0.0216012 0.0576874 -0.0278369 -0.0036327 0.208564 0.166462 0.143504 0.0167527 0.0489919 0.0273242 0.123058 0.0521466 0.137637 0.0789226 0.147281 0.0803771 0.207211 0.127039 -0.00382988 0.246115 0.00796234 -8.58524e-05 0.0081104 0.0938499 0.0589845 0.0373811 0.0223538 -0.0233389 0.0264866 0.00799835 0.000963875 -0.0250599 -0.0174041 -0.0107669 0.00197861,800,0,cuda,64.64,71.62
test,1598,havanese_24,havanese,dog,correct,havanese,lime,16,0.444574,33,0.456194,0.790282,0.334088,0.068893,0.639555,0.214755,0.551923,,,0.0223233 0.063504 0.0887599 0.134115 0.11697 -0.00432987 -0.0108681 0.0314468 0.00535016 0.170939 0.0261521 -0.039467 0.00181065 0.0168035 -0.0168781 -0.000524795 0.101836 -0.00931999 0.00773277 -0.00412122 0.0154981 -0.00100857 0.0681666 -0.0131346 -0.00416649 0.00087614 -0.00807917 -0.00325276 0.00911942 0.0076807 0.0216081 0.0132331 0.0267645,800,0,cuda,45.99,46.52
test,992,chihuahua_198,chihuahua,dog,correct,chihuahua,lime,10,0.999923,25,0.443399,0.717279,0.27388,0.261749,0.900785,0.405434,0.6915,,,0.0566425 0.0364863 0.00403456 0.0596066 0.104407 -0.0157901 0.100687 -0.0235431 0.316636 0.037924 -0.0191164 0.389683 0.209921 0.00345383 0.0367305 0.0134734 0.0174729 0.0525712 0.0635123 -0.0161015 0.00468998 -0.00857685 0.0201945 -0.0229133 0.00136153,800,0,cuda,43.06,51.0
test,2093,miniature_pinscher_20,miniature_pinscher,dog,correct,miniature_pinscher,lime,21,0.981673,42,0.255899,0.971193,0.715293,0.122616,0.971189,0.370172,0.647003,,,-0.0117367 0.0142033 -0.00418665 0.00373721 0.00188099 0.0101873 0.00350237 -0.0121866 0.00203678 0.0138443 -0.000983315 0.00999603 -0.028768 -0.00323584 0.00779403 -0.00676571 -0.00690642 0.364896 0.00419965 0.00735718 0.020433 0.0140282 0.112896 -0.0220027 -5.60996e-05 0.0869174 0.0543036 0.00585196 0.149698 0.00453671 0.0090626 0.00894489 0.059397 0.062091 0.0470432 0.184367 -0.000663481 -0.00165966 -0.00929674 0.00277936 0.0140881 -0.00292267,800,0,cuda,46.68,51.74
test,2443,pomeranian_66,pomeranian,dog,correct,pomeranian,lime,24,0.996893,36,0.488261,0.990827,0.502566,0.18806,0.881497,0.3697,0.671484,,,-0.00329429 -0.0111542 0.0342861 -0.00392834 0.0407385 0.0185307 0.0110977 0.00187134 -0.00757538 -0.0289583 -0.002033 0.00553863 0.0307092 0.00460273 0.0137525 0.0476074 0.19104 0.262445 -0.0440691 0.0105479 0.101032 0.0420272 0.526184 0.266072 -0.0108559 -0.0226844 0.0320149 0.0229916 -0.0144677 0.0360131 0.00837564 -0.00344485 -0.0128329 0.0126543 0.000377731 0.00546174,800,0,cuda,38.99,43.58
test,3445,staffordshire_bull_terrier_79,staffordshire_bull_terrier,dog,correct,staffordshire_bull_terrier,lime,34,0.990274,40,0.261579,0.843211,0.581632,0.141288,0.770407,0.318624,0.85182,,,-0.00615373 -0.0244847 0.0130772 -0.0071572 0.00580926 0.0827818 -0.00638672 0.0472773 0.262154 0.0374694 0.0466032 0.165333 -0.0195321 0.0392759 0.013826 0.00141892 -0.00306396 0.377353 0.0658707 0.27185 -0.00470512 0.0145217 -0.0154132 0.00572177 0.0443887 0.0617236 0.0734344 0.0335875 -0.00738973 -0.0133112 0.0347327 0.00412916 0.00915759 0.00368264 0.0048088 0.100195 0.0203236 0.0159258 0.0010872 0.0234157,800,0,cuda,38.58,40.9
test,1843,keeshond_66,keeshond,dog,correct,keeshond,lime,18,0.999035,43,0.227439,0.984209,0.75677,0.172443,0.947282,0.318809,0.756493,,,0.00478735 -0.00628423 0.00332409 0.0105489 0.00800111 -0.0100867 0.0235775 -0.00460515 0.0134147 0.00706041 -0.00376747 0.00870716 0.0253352 -0.00825855 0.00980512 0.00126185 0.0147009 0.0144394 0.00696583 -0.0097683 -0.0123479 0.273846 0.294177 0.00255475 -0.0135879 0.0614524 -0.00612583 0.116197 0.00205707 0.00867534 0.284761 0.0112217 0.0205708 0.0016861 -0.0118902 0.0775417 -0.0295694 -0.0144812 0.00968997 0.0166143 -0.0220539 -0.000526345 0.0190593,800,0,cuda,46.6,49.39
test,2672,Ragdoll_92,Ragdoll,cat,correct,Ragdoll,lime,26,0.974138,33,0.880361,1.0,0.119639,0.024139,0.754436,0.454189,0.460192,,,0.0204223 0.00931996 -0.00224595 0.00293187 0.0175364 0.00798808 0.0191154 7.66661e-05 0.0435583 0.000178995 0.0202498 0.00288016 0.0492841 -0.0227102 0.0643488 0.166209 -0.0174686 0.103545 -0.0332253 0.034151 0.143428 0.0638939 0.00673021 -0.00149776 0.0120955 0.0348736 0.0142519 0.0441186 0.0116937 0.0132866 0.0112696 0.0292033 0.00571144,800,0,cuda,48.56,56.16
test,3593,yorkshire_terrier_31,yorkshire_terrier,dog,correct,yorkshire_terrier,lime,36,0.999117,43,0.387277,0.944287,0.55701,0.190802,0.96413,0.293274,0.665106,,,-0.00757271 0.0151657 -0.0343839 -0.00531337 0.00180717 -0.00981232 0.0211782 0.0361789 -0.0331165 -0.00099835 0.0368823 -0.00489655 -0.00519693 0.249024 -0.00723771 0.156191 -0.00284135 -0.0137208 0.187429 0.00487283 0.27176 -0.00635035 0.00343787 0.0737059 0.0540364 -0.0095414 0.240368 -0.0177809 0.0136012 -0.000880121 0.0183792 -0.0031665 -0.0247908 0.0240274 -0.0160373 -0.00883897 -0.00773333 -0.0127903 -0.00478217 -0.000261415 -0.00871952 -0.01991 -0.0168917,800,0,cuda,39.61,47.2
test,319,basset_hound_29,basset_hound,dog,correct,basset_hound,lime,4,0.636322,41,0.602001,0.906574,0.304573,0.12894,0.944862,0.051748,0.55979,,,0.00832936 0.0142941 -0.0166505 0.0110619 -0.0531638 0.00620285 0.0145664 0.0684077 0.0204739 0.0396726 0.0106499 0.0095786 0.0290274 -0.0408018 -0.0241535 0.178794 0.113995 -0.234795 0.0194084 0.00412822 -0.17007 -0.0287984 -0.045495 0.169079 -0.0432621 0.0294113 0.0162737 -0.00712383 0.0322557 0.0209751 0.0677983 0.024398 0.0388185 0.0505949 -0.00796369 0.0140325 0.00921527 0.0034073 0.0253978 -0.0123305 0.0140069,800,0,cuda,41.19,41.91
test,184,american_bulldog_87,american_bulldog,dog,correct,american_bulldog,lime,1,0.978444,37,0.704759,0.991432,0.286673,0.203493,0.846149,0.421419,0.708541,,,0.0353382 0.0565422 0.0396335 -0.0133792 0.108339 0.0179255 0.0623392 0.0339151 0.124682 0.070992 0.0352361 0.0363608 -0.0318559 0.0305084 0.0282497 0.187154 0.088957 0.0703039 0.00961477 0.0144154 -0.0137669 0.301223 -0.000776904 0.254435 0.028512 0.149234 0.147678 0.110301 -0.023681 -0.0642108 0.0156346 0.0123683 0.00767728 0.0342606 -0.0190181 -0.00522343 0.0195357,800,0,cuda,40.55,43.2
test,3611,yorkshire_terrier_48,yorkshire_terrier,dog,correct,yorkshire_terrier,lime,36,0.997821,39,0.351582,0.982929,0.631347,0.118724,0.937992,0.154709,0.804288,,,0.0129866 -0.00354888 0.00926476 0.0336149 0.00235698 0.0367138 0.150922 0.00679469 0.0149124 0.0333323 0.0178159 0.34022 0.110227 -0.00735311 0.00403853 0.00971903 0.0120361 0.144407 0.00562305 0.481731 0.027019 -0.00394196 -0.0296303 -0.0106537 -0.0352066 -0.00574579 -0.0216921 -0.0881071 -0.0360025 -0.0195562 -0.0320885 -0.00857494 -0.0128822 -0.0547538 0.0131736 -0.00632673 0.00629019 -0.0241283 0.00816612,800,0,cuda,38.94,50.71
test,2522,pug_46,pug,dog,correct,pug,lime,25,0.995391,41,0.453743,0.882932,0.429189,0.169234,0.867435,0.255779,0.82119,,,0.0399353 0.0176533 -0.004287 0.0843389 0.00550789 -0.0225407 0.00520303 -0.0348927 0.0748511 0.0132301 -0.00796831 -0.0125191 -0.00849202 0.203222 0.0348368 0.0515169 0.00300948 -0.00343035 -0.014745 0.110186 0.518983 -0.0182086 -0.00357209 0.00868667 0.103415 0.0158321 0.0336315 0.110082 -0.00271718 -0.00345158 0.00747182 -0.0021433 0.0189101 0.117825 -0.00740932 0.0927604 -0.00731589 0.00980473 0.0365188 0.000464193 0.00391886,800,0,cuda,38.38,42.86
test,2629,Ragdoll_48,Ragdoll,cat,correct,Ragdoll,lime,26,0.999968,42,0.483817,0.98087,0.497053,0.23453,0.864896,0.49664,0.767991,,,0.0482482 0.0292471 0.0147535 0.04596 0.309165 0.04353 0.0108554 0.11248 0.0123852 0.00788636 -0.0191539 0.0458405 -0.00431381 0.0187386 -0.00916454 0.197037 0.00367587 0.0896457 0.0135128 0.441479 -0.0015741 0.017652 0.0210474 0.0182156 0.086385 0.0245333 0.0123783 0.10736 0.00198095 0.0144124 0.0743596 0.0131859 0.0646077 0.0120542 0.0536596 -0.0106359 0.0158381 0.0032935 0.0103375 -0.0275893 0.0211241 -0.0102356,800,0,cuda,42.55,53.38
test,2028,Maine_Coon_43,Maine_Coon,cat,correct,Maine_Coon,lime,20,0.998544,32,0.746094,0.996245,0.250152,0.374125,0.886494,0.217334,0.455826,,,-0.00229914 -0.0220412 -0.0350014 -0.0030932 -0.00249375 0.00962329 0.0255188 0.0484837 0.054057 0.018431 0.0210464 0.0223256 -0.0285714 0.01766 0.0438855 0.0424202 -0.0175161 0.0144666 0.0251694 -0.00572512 0.0141801 0.0243174 0.00157994 0.00952256 0.0208097 0.0661627 0.0694548 -0.00372613 0.0844493 0.00812283 0.0713095 0.0497749,800,0,cuda,39.2,48.68
test,839,boxer_58,boxer,dog,correct,boxer,lime,8,0.995843,37,0.796098,0.996105,0.200007,0.318634,0.857285,0.283702,0.427293,,,-0.00100279 -0.00542064 0.00665347 0.0302924 0.0118557 0.00782468 0.0012003 0.0356061 0.0309926 0.140815 -0.00021906 -0.00725332 -0.0118729 0.113828 0.00765796 0.061434 0.0448478 0.107513 0.0304942 0.023352 0.0293268 0.0207338 0.0101215 0.058367 0.00672614 0.0107828 0.0203571 0.000497301 -0.00506154 -0.00273609 -0.00791642 -0.0138136 0.0117025 -0.00467396 0.00633891 -0.00820893 0.00720683,800,0,cuda,38.12,40.77
test,3071,scottish_terrier_92,scottish_terrier,dog,correct,scottish_terrier,lime,30,0.51388,43,0.035236,0.140625,0.105389,0.064675,0.810966,0.149251,0.747038,,,0.0128882 0.00201046 0.0319176 -0.000676622 0.00366161 0.0342703 0.324592 0.0105719 0.00960098 0.438096 -0.0172635 -0.00517594 0.00783469 0.00421857 -0.0018754 -0.0234478 0.00412943 0.0373722 -0.00728179 -0.00164132 -0.00624616 -0.00364623 -0.00249257 0.00989262 -0.0422831 0.0155117 -0.0166592 -0.00896903 0.0189582 0.0260502 -0.00848245 0.00088882 -0.00415611 -0.021064 0.000343154 0.0203036 -0.0262274 -0.0049307 0.0183442 -0.0400645 -0.00681668 0.00756175 -0.00377177,800,0,cuda,43.04,45.8
test,539,Bengal_47,Bengal,cat,correct,Bengal,lime,5,0.999997,41,0.302495,0.713605,0.41111,0.310551,0.968717,0.139532,0.278094,,,0.00414315 -0.00373437 -0.00211016 0.000252219 0.00289831 -0.00995214 0.00860679 -0.0171831 -0.00448722 -0.00663812 -0.00212271 0.000529748 0.00121791 0.0217213 0.0158772 0.0181096 -0.0018389 0.00212364 0.0388039 0.0209584 0.0032117 0.0154544 -0.00341832 0.000131606 0.0334514 0.0195012 0.00107648 -8.95403e-05 0.0415389 0.00729653 0.0478737 -0.00242744 -0.00117431 0.0109638 0.0594868 -0.0028941 0.0243846 0.011022 -0.00854425 0.00149874 0.0147007,800,0,cuda,81.83,92.03
test,1154,Egyptian_Mau_75,Egyptian_Mau,cat,correct,Egyptian_Mau,lime,11,0.999744,40,0.4092,0.982553,0.573354,0.225503,0.911458,0.323695,0.673287,,,-0.00799947 -0.0165139 -0.00769504 0.00382557 0.00262001 0.0193044 0.00599073 -0.00778904 0.0641998 0.0176367 0.227902 0.190699 -0.0300772 0.088586 0.150564 0.124937 -0.0032947 -0.00340321 0.0553822 -0.0141703 0.00296658 0.0113254 -0.0114808 0.120769 0.228585 0.0177024 -0.0311085 -0.00596169 0.0118717 0.0249651 -0.00529602 0.0192228 0.00219003 0.0176223 -0.00649299 0.0043042 0.00426186 -0.0229106 0.0201196 -0.0179807,800,0,cuda,36.84,44.77
test,801,boxer_23,boxer,dog,correct,boxer,lime,8,0.822744,38,0.831593,0.948219,0.116627,0.184422,0.791945,0.142492,0.498556,,,0.0181706 0.0372453 0.0573331 0.0146644 0.0521437 0.052153 0.10471 0.000228589 -0.00864838 -0.0231428 0.0672879 0.0509794 0.00900354 0.053683 0.107608 0.0113613 0.0954636 0.0883256 0.0644569 0.0202685 0.00122038 -0.00283432 -0.0693339 -0.00650207 0.0011217 -0.0159392 0.00166976 0.0245378 -0.0163864 -0.00540457 -0.0197267 0.0135867 -0.00618031 0.00353396 0.0278531 0.0406172 -0.0246383 -0.00188141,800,0,cuda,40.99,43.02
test,2245,newfoundland_68,newfoundland,dog,correct,newfoundland,lime,22,0.997049,38,0.380062,0.713896,0.333834,0.106544,0.877448,0.042356,0.801226,,,0.0368455 -0.0124722 -0.00439072 -0.00295543 0.00699845 0.00957198 0.0125653 0.0696398 -0.0118827 -0.00747893 0.0575329 0.0704382 -0.0794065 0.0100406 0.00257212 -0.00360218 0.103658 0.0102163 0.63139 0.0564267 0.186913 0.00444527 0.00136122 -0.00665244 0.0102754 0.000566493 -0.0327684 -0.0109602 -0.00162785 -0.00514285 0.00246758 -0.00482399 0.0467255 -0.00200876 -0.0156337 0.0105485 0.00823367 0.00612371,800,0,cuda,48.54,52.08
test,2366,Persian_84,Persian,cat,correct,Persian,lime,23,0.999407,28,0.480608,0.893939,0.413331,0.157985,0.909484,0.541398,0.738434,,,0.024821 0.00416262 0.0323786 0.006021 0.000618151 0.00644767 -0.0100788 0.00762425 0.0129579 0.0224016 0.0432358 0.0161507 0.0687041 0.0246994 0.00728703 0.385961 0.0290426 0.143455 0.187598 0.160582 0.281669 0.365561 0.0624315 0.0688053 0.0197193 0.00380457 0.0191422 -0.00171583,800,0,cuda,40.26,50.16
test,1135,Egyptian_Mau_52,Egyptian_Mau,cat,correct,Egyptian_Mau,lime,11,0.998523,34,0.347955,0.779833,0.431878,0.157742,0.921182,0.387882,0.72783,,,-0.00718122 -0.0239555 -0.00781668 -0.00666962 -0.00601385 -0.0105324 0.0295739 -0.00046948 0.00116222 -0.00794797 0.0788485 -0.000577636 -0.018434 0.0984008 0.0220846 0.0978906 0.377357 0.0302001 0.210219 0.168913 0.162604 0.000402529 0.0297911 0.141866 0.0405271 0.0731156 0.0498576 -0.0283194 0.00513332 -0.00492406 0.0180561 0.00429747 -0.00453333 0.0064966,800,0,cuda,30.93,35.07
test,210,american_pit_bull_terrier_201,american_pit_bull_terrier,dog,correct,american_pit_bull_terrier,lime,2,0.999287,39,0.568778,0.985035,0.416257,0.154867,0.757043,0.169109,0.696721,,,-0.03139 -0.0398211 0.044953 0.115453 0.0387189 0.0706123 0.147616 0.0714457 0.055833 0.0542702 0.304819 0.118295 -0.0213559 0.0368309 0.0917681 0.0439952 -0.0155417 0.00022855 0.0412039 0.0178418 -0.00174139 0.118807 0.0660309 -0.0209108 0.00438683 0.0494395 0.12368 0.015011 0.103065 0.0340125 0.0326423 -0.0164095 0.0172119 0.00507189 -0.0369101 -0.00809209 0.010491 -0.0290284 0.00448875,800,0,cuda,27.5,34.54
test,65,Abyssinian_6,Abyssinian,cat,correct,Abyssinian,lime,0,0.900093,32,0.782227,0.866893,0.084667,0.185163,0.910839,0.075046,0.66726,,,0.00494251 0.157657 0.0545466 0.0259372 0.066973 0.341614 -0.0187813 0.045329 -0.00102664 -0.123801 -0.0286825 0.0120149 0.136591 -0.0314426 -0.0626898 -0.00549882 0.142322 0.0278993 0.0190955 -0.0108801 0.0476181 -0.0698521 0.102933 0.0220589 -0.0343203 0.0301828 0.0320216 -0.00242186 0.0264653 -0.00961248 -0.00955729 -0.0052249,800,0,cuda,30.93,40.88
test,863,boxer_7,boxer,dog,correct,boxer,lime,8,0.996149,33,0.639529,0.996537,0.357008,0.180076,0.869982,0.283963,0.795437,,,-0.00659894 0.0627934 0.0728105 -0.000950128 0.0492127 0.0412647 0.00166998 0.0211879 0.0969716 0.596019 -0.0207393 0.0520356 -0.0193428 0.172089 0.0162225 0.0425715 0.0211475 0.00308343 0.0193544 0.0130173 0.0168619 -0.00910148 -0.00944979 0.0171992 -0.0164257 -0.0291125 -0.0146403 0.0417982 -0.0137506 -0.00749154 -0.00538007 0.0193002 0.00241118,800,0,cuda,58.52,67.18
test,3380,staffordshire_bull_terrier_200,staffordshire_bull_terrier,dog,correct,staffordshire_bull_terrier,lime,34,0.84953,32,0.256756,0.675585,0.418829,0.056775,0.724813,0.089033,0.851245,,,0.0126231 -0.00542222 0.00971909 -0.00435214 0.0118599 -0.0084833 0.00519401 0.0303512 0.00851353 -0.0041738 -0.00693852 0.0104418 -0.00942903 0.0408891 -0.0107363 0.110782 0.113099 -0.0238947 0.0323296 0.0166971 -0.000473997 0.109989 0.0118023 0.0194294 0.513823 0.003553 -0.00997849 -0.00342422 0.0108013 0.0160757 0.0182173 0.00443567,800,0,cuda,56.6,59.38
test,2486,pug_198,pug,dog,correct,pug,lime,25,0.999916,36,0.450534,0.985012,0.534478,0.204767,0.888089,0.199645,0.968711,,,0.017614 0.00724819 -0.00348756 0.0242082 0.0243267 0.0136092 0.0190608 0.00773182 0.093649 0.000634664 0.0310462 0.0687276 0.00491951 -0.00135395 0.0313908 0.0211451 0.00150446 0.0148897 0.0298723 0.723291 0.0561291 -0.000182571 0.00352539 0.00545142 -0.00124928 0.0318171 0.000753904 0.00651679 0.0247932 -0.00168792 0.000830688 0.00308463 -0.0040874 0.00828523 -0.00141688 -4.4266e-05,800,0,cuda,44.96,54.51
test,3574,yorkshire_terrier_196,yorkshire_terrier,dog,correct,yorkshire_terrier,lime,36,0.999529,34,0.280871,0.84591,0.565038,0.278925,0.920641,0.28424,0.531542,,,-0.00732164 0.0103615 0.0395882 -0.0135867 0.00342525 0.0352754 0.0780795 -0.00527795 -0.00929322 0.0325533 -0.00817936 0.0718699 0.170691 -0.00373174 -0.00847177 0.0535661 -0.00046042 0.00529183 0.0531828 0.0451346 0.000366907 -0.0142287 0.0236789 0.0548442 -0.00909133 0.116905 -0.0236296 -0.0218178 0.0254605 -0.000165616 0.154888 -0.00776326 0.00722354 0.00811951,800,0,cuda,20.79,27.17
test,1132,Egyptian_Mau_4,Egyptian_Mau,cat,correct,Egyptian_Mau,lime,11,0.790339,31,0.435069,0.470932,0.035863,0.071707,0.877056,0.078858,0.731557,,,0.018065 -0.00892564 -0.0016675 0.00406343 0.000185973 -0.0221699 -0.0852333 -0.0402246 -0.0096987 -0.21564 0.15834 0.0239625 -0.0879092 -0.077097 0.0601749 0.132724 0.278487 -0.0361426 0.0480292 0.0402114 0.0329773 -0.0212974 0.017566 0.0664909 0.082102 0.203729 -0.0263928 -0.0256274 0.0596881 0.037022 0.026805,800,0,cuda,38.1,45.12
test,1026,chihuahua_47,chihuahua,dog,correct,chihuahua,lime,10,0.999975,34,0.304867,0.862502,0.557635,0.139585,0.938017,0.362575,0.753078,,,0.0528839 -0.010601 0.0350368 -0.00978503 -0.00848986 0.0814974 -0.00842037 -0.00134283 -0.0130973 0.126731 0.00416149 0.0125773 0.445331 0.0155126 0.000662289 0.346807 0.0111673 0.0870453 -0.000699338 0.422391 -0.0162811 -0.00868656 -0.0222422 0.0323196 0.023819 0.0866324 -0.0228976 0.0371848 0.0141834 -0.00710256 -0.0214317 0.0167452 0.00728519 -0.0199881,800,0,cuda,34.3,43.8
test,341,basset_hound_49,basset_hound,dog,correct,basset_hound,lime,3,0.830005,44,0.320492,0.556452,0.23596,0.206003,0.787318,0.356437,0.635614,,,0.000670384 -0.0160922 0.015232 0.0295919 -0.00419558 0.0125845 0.0756196 -0.00434011 0.00873201 0.0136514 0.012746 0.191697 0.0236199 0.314559 0.0148244 -0.0160417 0.0371923 0.145061 0.117205 -0.0389106 0.0338482 0.0137553 -0.0117364 0.0145181 0.0229727 -0.0471233 0.0670087 -0.0122373 0.00652732 0.0705527 0.0371281 -0.00253932 0.000410305 -0.00603596 0.0223458 0.00195984 0.0117585 -0.000733262 0.0335318 0.00420417 0.0197723 -0.0185394 0.0126518 0.0209319,800,0,cuda,41.27,47.79
test,875,boxer_91,boxer,dog,correct,boxer,lime,8,0.981631,33,0.307179,0.535826,0.228647,0.084647,0.947371,0.145225,0.831076,,,-0.00971375 -0.00974902 -0.0103707 0.0197438 0.307945 -0.014344 0.0255282 0.00656448 0.011246 0.595796 0.21571 0.0589163 -0.00322894 0.0203673 0.0382219 0.0162928 0.0111331 -0.0104935 -0.00221092 0.00496806 0.0458816 -0.000168525 0.0329683 0.0104257 0.0200397 0.00647717 -0.0221324 -0.0130246 -0.00948308 -0.012846 0.0103923 -0.00206669 -0.00723328,800,0,cuda,31.67,36.28
test,1506,great_pyrenees_31,great_pyrenees,dog,correct,great_pyrenees,lime,15,0.999198,29,0.692164,0.988599,0.296435,0.225736,0.921349,0.402084,0.691795,,,-0.00148657 0.139408 -0.0142987 0.260021 0.0341032 0.0114185 0.0425936 0.352117 0.0954582 0.225687 -0.022972 0.0923823 -0.0187763 -0.00914717 0.0972106 0.00258966 0.0405892 -0.00188848 0.02038 0.101748 0.0134366 -0.0255351 -0.0206227 0.0543048 -0.020163 0.00405579 -0.0169633 0.0136614 0.0121227,800,0,cuda,24.76,25.28
test,372,basset_hound_77,basset_hound,dog,correct,basset_hound,lime,4,0.996907,42,0.286392,0.783789,0.497397,0.184738,0.95926,0.157331,0.599299,,,-0.000505833 -0.0107819 -0.0158176 -0.000108409 0.00044513 0.0367435 0.00650555 -0.011313 -0.0185728 -0.0515652 -0.000853449 0.0049753 0.0120063 0.000500798 -0.00243659 0.159148 -0.0904554 0.0886226 0.00731585 0.141677 0.205932 0.0208726 0.333903 0.00438763 -0.0137615 0.00818043 -0.112199 0.116815 -0.00927636 0.0829978 0.128926 -0.0435965 -0.0346168 0.0339145 0.00322383 -0.00411097 0.0495864 -0.0253032 0.0257556 -0.0136715 -0.0160093 -0.000470105,800,0,cuda,51.74,52.38
test,2259,newfoundland_80,newfoundland,dog,correct,newfoundland,lime,22,0.999839,38,0.511898,0.988322,0.476424,0.213629,0.915055,0.318254,0.752652,,,-0.00707513 -0.00282494 -0.0174882 0.0226887 -0.00102756 -0.0275523 0.00902273 0.0122322 0.0178228 0.00448179 -0.00537659 -0.00472112 0.0690968 0.521394 0.0148282 0.00138066 -0.00859918 -0.0250176 -0.00702932 0.0225104 0.18374 -0.0013367 0.0177505 -0.00921228 0.110925 -0.00539497 0.0215781 0.139106 -0.0385018 0.14066 0.0290269 -0.0277535 0.130025 0.00768411 0.0366363 -0.0192251 -0.0280922 0.0164545,800,0,cuda,43.56,50.71
test,889,British_Shorthair_223,British_Shorthair,cat,correct,British_Shorthair,lime,9,0.630939,36,0.534339,0.969706,0.435367,0.037039,0.532429,0.200985,0.48888,,,0.032859 -0.00986723 0.0293324 -0.00671647 -0.000177666 0.0130729 0.00151597 -0.0131856 0.0195626 -0.0145905 0.00125884 0.00579441 -0.00341459 0.0551666 0.0429846 0.0551813 0.0648977 0.141612 0.074448 -0.0143462 0.0048322 0.0556123 0.00927585 -0.0128923 0.00181051 0.0259076 -0.0292744 0.0117934 0.0617536 0.0365947 0.0100247 -0.00594647 0.00946836 0.0136716 0.00614898 0.0140067,800,0,cuda,50.93,65.99
test,3288,Sphynx_229,Sphynx,cat,correct,Sphynx,lime,33,0.998009,45,0.403918,0.910917,0.506999,0.205052,0.757303,0.467885,0.73536,,,0.054241 0.047457 0.0137571 0.0161383 -0.0218308 0.00955027 -0.0172976 0.0157978 0.0404233 -0.0212523 0.131855 0.0412946 0.103326 0.00739657 0.0380586 0.183233 -0.0265091 0.108937 0.0230408 -0.000356526 -0.00490959 0.131464 0.297443 0.0305155 0.0911585 0.00553424 0.0845273 -0.0420722 0.0078699 0.196268 0.169246 0.0144734 0.013777 0.126752 -0.0132739 0.0985268 -0.00405215 -0.00602203 -0.00469637 -0.0296896 0.0133679 -0.0439045 0.00884198 -0.0142548 0.0157291,800,0,cuda,29.31,34.12
test,2436,pomeranian_5,pomeranian,dog,correct,pomeranian,lime,24,0.999832,38,0.686822,0.994738,0.307915,0.180238,0.939423,0.430979,0.588914,,,0.00375057 0.00179901 0.014755 0.00943778 0.0176209 0.0387216 0.0426987 0.00102795 0.0582669 0.223219 0.0913644 0.00770959 0.0019716 0.0995578 0.0536525 0.0125056 0.00412393 0.0017851 0.010348 0.326246 0.138475 0.00811973 2.8409e-05 0.0117567 0.0210989 -0.0042987 0.0607293 -0.000473665 0.0159815 -0.0231774 0.0157378 -0.0271248 -0.000800402 -0.0131105 0.00640538 0.028682 -0.00510113 -0.00901138,800,0,cuda,32.44,36.8
test,2737,Russian_Blue_55,Russian_Blue,cat,correct,Russian_Blue,lime,27,0.998459,31,0.419304,0.471614,0.05231,0.188581,0.852963,0.314175,0.820954,,,0.0393962 0.192176 0.0181179 0.0739892 -0.0066997 0.301215 0.20555 0.0010965 0.453636 0.0207139 0.0100989 0.035196 0.0743391 0.0468916 0.0136599 0.0329909 0.00682671 0.00666742 0.0117316 -0.00316385 0.0374621 0.100973 0.0795053 -0.0221075 0.0278284 0.0173929 0.00760169 -0.00943048 0.0352312 -0.0174323 -0.00784476,800,0,cuda,38.02,51.25
test,1325,english_setter_49,english_setter,dog,correct,english_setter,lime,13,0.998882,31,0.291494,0.816322,0.524829,0.200522,0.955935,0.293034,0.672165,,,-0.022005 0.00210571 0.0195962 -0.00581593 0.042127 -0.0164975 -0.00299425 -0.0235454 0.507062 0.0791072 0.00746002 -0.00430627 0.00980648 -0.0220166 0.087772 -0.0117406 0.172213 0.11361 0.0172546 -0.033966 0.000694139 -0.0142033 0.193504 0.00572538 -0.00618672 0.0102709 0.0213076 0.00700109 0.0230813 -0.00862301 0.0134576,800,0,cuda,44.59,47.07
test,3158,shiba_inu_80,shiba_inu,dog,correct,shiba_inu,lime,31,0.998238,35,0.493204,0.989632,0.496428,0.193891,0.893805,0.518974,0.593073,,,0.0888387 -0.0631022 -0.00703889 0.0276189 -0.00821236 0.0264315 -0.00695545 0.0645651 0.113298 -0.00324095 0.12683 0.0223965 0.171747 0.0509004 0.296162 0.0402786 0.0118955 0.00704932 0.206202 0.0142001 0.0126014 0.110384 -0.00634855 0.16417 0.175602 -0.0450589 -0.00499093 0.00719406 0.138733 0.0732307 0.0148835 0.0264274 0.0407412 0.00705952 0.0147784,800,0,cuda,45.34,45.88
test,96,Abyssinian_99,Abyssinian,cat,correct,Abyssinian,lime,0,0.999867,41,0.249362,0.702358,0.452996,0.255918,0.930814,0.288596,0.681641,,,0.00265199 0.00138203 -0.0111706 0.00635707 -0.0184514 -0.00577021 0.0165135 0.0212152 0.00900761 -0.00708653 0.222409 0.0744238 -0.0122035 0.00568296 -0.0324255 0.0119602 0.0117483 0.184131 0.00434857 0.0133024 0.049344 -0.0164773 -0.000453791 0.0568171 -0.00596095 0.266058 -0.0194301 0.187345 0.00134694 -0.00947509 -0.0159777 -0.00289676 0.13033 0.0866413 0.029456 -0.007548 0.0187299 0.0354244 0.00770131 -0.0011404 -0.0353365,800,0,cuda,50.38,57.79
test,2409,pomeranian_35,pomeranian,dog,wrong,Persian,lime,23,0.943361,37,0.410814,0.981885,0.571071,0.139672,0.841857,0.23493,0.778266,,,0.0133 0.00743823 0.0601553 0.028434 0.0808441 0.0579593 -0.0176043 -0.00208478 0.0423191 -0.046692 0.0361069 0.27826 0.0141819 0.273734 0.132201 0.00827818 0.227636 -0.0045085 -0.00316456 0.0158733 0.199212 -0.000298532 -0.00586214 0.0335255 0.0253198 -0.011326 0.0160191 -0.00785035 0.00924523 0.000923068 -0.00329537 -0.0016007 -0.00702367 -0.0190089 -0.0232714 0.00918564 -0.00825357,800,0,cuda,28.52,34.12
test,2793,saint_bernard_20,saint_bernard,dog,correct,saint_bernard,lime,28,0.917699,28,0.120237,0.553345,0.433109,0.084256,0.894907,0.133877,0.846314,,,0.00262584 0.00735009 0.00699383 0.0138334 -0.0630308 -0.0484378 0.00489124 0.00778892 -0.00910611 -0.0122951 -0.0173288 -0.0063597 0.329413 0.0216437 -0.0231963 -0.0796002 0.00409398 -0.0230174 0.106034 0.0236042 0.0102636 0.0988635 0.379909 0.00388624 0.45703 0.0384593 -0.00272455 0.00949235,800,0,cuda,46.21,50.34
test,3375,Sphynx_95,Sphynx,cat,correct,Sphynx,lime,33,0.999597,43,0.459243,0.962513,0.50327,0.321265,0.794644,0.570709,0.686806,,,0.0468976 0.051641 0.0806106 0.030742 0.100633 0.0525105 -0.00992849 0.136444 0.0650812 0.0742636 0.00538568 0.145832 0.122067 0.0231247 0.132939 0.0260711 0.0682978 -0.00966687 0.149797 0.166137 0.117052 0.000103775 0.0472551 0.0518672 0.0136648 0.0087047 0.00706817 -0.00611921 0.00673565 -0.0130949 0.0164941 0.0288747 0.00392326 0.0203755 -0.00304203 0.012379 -0.00701987 0.0105033 0.00377178 -0.0028933 0.0125543 0.0254007 0.000161683,800,0,cuda,40.16,47.26
test,129,american_bulldog_36,american_bulldog,dog,correct,american_bulldog,lime,1,0.982178,44,0.432119,0.958192,0.526073,0.19246,0.852543,0.447224,0.74919,,,0.0606738 0.119646 0.0180405 0.0185562 -0.0103994 0.0204613 0.041721 0.166429 -0.00393843 0.0154488 0.0885714 -0.0339741 -0.0171948 0.00880345 0.390399 0.0355454 0.0182688 0.030668 0.00408267 0.0102944 0.119915 0.152861 0.16608 0.0106993 0.0496927 0.0692786 0.0909098 0.0692065 0.0636962 -0.0081908 -0.0114276 -0.0346363 0.0134148 0.0278266 0.0122849 0.0313349 0.00500829 0.0133422 -0.0253522 -0.0303203 -0.010478 -0.017167 -0.0203057 0.0049438,800,0,cuda,39.7,40.3
test,2119,miniature_pinscher_44,miniature_pinscher,dog,correct,miniature_pinscher,lime,21,0.976684,43,0.115274,0.461689,0.346415,0.069468,0.917394,0.08295,0.851302,,,0.0156332 -0.0434707 -0.0321093 0.142704 0.0183896 0.154529 -0.0267054 -0.00129543 -0.0302794 -0.0255616 -0.00132006 0.0119749 0.549795 0.00390778 0.0115518 0.229818 0.0027251 0.00394647 0.174323 0.0848788 -0.00955104 -0.00969512 0.0608296 0.00359227 0.0308024 0.0195924 0.00580485 -0.0331672 0.0354 0.0212039 -0.0160293 -3.63297e-05 0.000915258 -0.0077505 0.00119519 -0.015379 -0.0138354 -0.0187499 -0.009375 -0.0270998 -0.00999245 -0.022704 0.00357912,800,0,cuda,64.29,75.68
test,1635,havanese_58,havanese,dog,correct,havanese,lime,16,0.994626,30,0.649613,0.977391,0.327778,0.28172,0.723336,0.479705,0.740365,,,0.0683749 0.0153071 0.107787 0.00782957 0.018121 0.0120292 0.0215742 0.149213 0.120782 0.0214259 0.0513824 0.0823053 0.0527107 0.122491 0.117346 0.162213 0.207001 0.159927 0.0188953 0.284577 0.065554 0.0798711 0.0168319 0.0433032 0.000644166 0.0609709 0.0260585 0.00111788 -0.0137655 0.111722,800,0,cuda,23.66,25.62
test,1985,Maine_Coon_238,Maine_Coon,cat,wrong,Ragdoll,lime,7,0.916868,33,0.643335,0.760055,0.11672,0.297887,0.843929,0.152559,0.753474,,,0.0338489 0.00808669 -0.00983735 0.0655356 -0.0402819 -0.0146005 0.126209 0.0294474 0.00433767 -0.0165881 -0.00608666 0.119603 0.0496097 0.310256 0.00427427 0.0263425 0.0433756 0.0166494 -0.0241519 0.0420782 0.164422 0.0247521 0.0165892 -0.0872169 0.0553207 -0.0110593 0.024669 -0.00804065 0.00937664 0.0305092 0.0314308 -0.00828258 -0.0274041,800,0,cuda,39.54,49.43
test,3551,wheaten_terrier_84,wheaten_terrier,dog,correct,wheaten_terrier,lime,35,0.993294,35,0.815031,0.993853,0.178822,0.140145,0.777335,0.133099,0.638986,,,0.0336635 0.00903866 0.00031962 -0.026776 0.0297032 0.00052765 -0.0185368 0.0131721 0.0238286 0.00758548 0.116925 0.0101312 0.00670856 0.0654574 0.00367054 0.0765149 0.140851 -0.00175456 0.0309305 0.11579 0.116581 0.00799508 0.281693 0.037746 0.00231519 0.195609 0.0023753 0.0185707 -0.00753242 0.0127927 -0.00735732 -0.00204677 0.0119158 0.00178219 -0.00666008,800,0,cuda,31.09,34.6
test,2423,pomeranian_48,pomeranian,dog,correct,pomeranian,lime,24,0.998539,26,0.456254,0.838716,0.382462,0.133727,0.891555,0.242576,0.800117,,,-0.00620474 -0.0105248 0.0227311 -0.00133982 -0.00865657 0.036199 0.0596205 0.00080225 -0.00280578 0.467494 0.0053813 -0.00944054 -0.00249719 0.363255 -0.0116783 0.0309557 0.432014 -0.0129866 -0.00645297 -0.00157714 -0.0129511 0.0393631 -0.021628 -0.0174105 0.0137687 0.0185121,800,0,cuda,44.66,45.57
test,2919,samoyed_44,samoyed,dog,correct,samoyed,lime,29,0.987206,37,0.741131,0.991326,0.250195,0.072774,0.774503,0.344929,0.729367,,,0.00605557 0.0189227 0.0939841 0.0118404 0.0687755 0.0115437 0.0115661 0.0724389 0.0227457 0.125153 0.208511 0.0249644 0.0463496 0.219985 0.201668 0.0150827 0.378997 0.113848 -0.00397423 -0.00477504 0.0288866 0.0279406 0.00114409 0.00921098 0.155964 0.00619098 -0.00445526 0.00794275 0.00442289 0.0179584 -0.00348453 0.0101436 0.0143465 0.00994234 0.00117166 0.0309568 0.0099252,800,0,cuda,42.82,60.31
test,3060,scottish_terrier_82,scottish_terrier,dog,correct,scottish_terrier,lime,30,0.998355,37,0.227818,0.744518,0.5167,0.237324,0.849146,0.435543,0.782867,,,0.00312218 -0.00946832 -0.0206655 0.00931798 0.0316147 0.0251774 0.0200702 0.0304286 -0.0314065 0.037832 0.0146392 0.00741465 0.0600709 0.0241741 0.0482332 0.0855951 0.0201588 0.219465 0.0601964 0.343922 0.385449 0.0308336 0.112833 0.0304866 0.0342329 0.0314727 0.0225015 0.0219651 -0.00427784 0.0265682 0.0100596 0.00568879 -0.000893969 0.000315088 0.0140164 0.00497101 -0.00220196,800,0,cuda,25.58,26.07
test,370,basset_hound_75,basset_hound,dog,correct,basset_hound,lime,4,0.939003,42,0.387895,0.672306,0.284411,0.022672,0.961308,0.355411,0.626728,,,0.016111 0.000795219 -0.0122328 -0.0018697 0.0129896 0.0235838 -0.0273193 -0.0202197 0.0197 0.0029342 -0.0132909 0.0313883 0.00711877 0.0127847 -0.030784 0.0257209 -0.0776024 0.468671 -0.0872883 -0.155718 -0.00398832 -0.0694027 0.215693 0.0964321 -0.0112085 -0.0138123 0.00919644 0.0856676 -0.0101998 0.0201703 -0.0124289 -0.00673247 -0.017281 0.013809 -0.0100191 0.0146825 0.00861434 0.0301053 -0.0104565 -0.0326359 0.00504326 0.0285625,800,0,cuda,67.62,74.06
test,1788,keeshond_197,keeshond,dog,correct,keeshond,lime,18,0.998302,39,0.794643,0.99629,0.201647,0.304344,0.82602,0.676579,0.748425,,,0.00365491 0.00408798 0.0466756 0.0734671 -0.0280127 0.0418511 0.0195509 -0.0238991 0.182251 0.0126679 0.363346 0.00566078 0.259564 0.0213719 -0.00173994 0.0379995 0.0069427 0.0442366 0.112327 0.110456 0.0301449 0.0751392 0.00873667 0.0186451 0.034263 0.0865387 0.0700469 0.129513 0.093813 0.0314305 0.0779043 0.122128 0.0823511 0.0626245 0.0791863 0.034456 0.0117859 0.00661625 0.0489399,800,0,cuda,42.5,43.13
test,2116,miniature_pinscher_41,miniature_pinscher,dog,correct,miniature_pinscher,lime,21,0.87524,30,0.666972,0.987937,0.320965,0.352649,0.89698,0.236876,0.327424,,,0.00571088 0.00490203 -0.0023784 -0.0205438 -0.0218147 0.0116002 0.0863985 -0.00117474 0.00335522 -0.00706624 0.000583242 0.025105 -0.00423629 0.0268077 0.0943332 0.00718221 -0.0153395 0.0889291 0.0244743 -0.00741934 0.0216875 0.0295657 0.0158052 0.0609208 0.00641552 0.00643295 -0.0036585 -0.00800989 0.0179324 0.0252189,800,0,cuda,49.78,57.68
test,1820,keeshond_44,keeshond,dog,correct,keeshond,lime,18,0.992749,40,0.180764,0.989195,0.808432,0.087151,0.927524,0.259799,0.801117,,,-0.0104182 -0.036197 0.00216552 0.014456 -0.00110374 0.0122063 -0.00732807 0.00144185 -0.00931165 -0.0186058 0.0137468 -0.00911035 0.00502298 -0.00512502 0.00823696 -0.00527863 0.274433 0.0192908 0.121886 -0.00321134 0.349052 0.0431241 -0.00623973 0.0099817 -0.012197 0.13497 -0.00387315 0.00963395 0.433438 -0.000599368 0.0136827 0.0127143 0.00051995 -0.00635911 0.0973282 0.0121444 0.0280001 -0.0016576 0.00239508 0.0216522,800,0,cuda,53.16,53.67
test,994,chihuahua_19,chihuahua,dog,correct,chihuahua,lime,10,0.999797,38,0.631716,0.914895,0.283179,0.256149,0.760659,0.25237,0.465268,,,0.0139178 0.00482092 0.00876816 0.00405374 -0.00562177 -0.0173737 -0.00871801 -0.00637854 0.00349306 0.0106527 -0.00491594 0.0239241 0.00328833 0.0112395 0.0562879 -0.0111427 -0.00844999 0.0680507 0.0391591 0.0426336 0.0500175 0.0425907 0.0233044 0.191665 0.0322748 0.0241022 -0.00102797 0.178468 0.053129 -0.00169942 0.0151419 0.0420755 0.169416 0.0237394 0.0230151 0.0691422 0.0387431 0.0281427,800,0,cuda,43.63,52.99
test,881,boxer_97,boxer,dog,correct,boxer,lime,8,0.999115,32,0.979911,0.998521,0.01861,0.395124,0.925774,0.279211,0.458025,,,0.00847249 0.023055 0.0163482 -0.00615606 -0.0107561 0.004516 0.00544832 0.0044751 0.0773256 0.025986 -0.00797337 -0.018337 0.180802 0.0412331 0.012333 0.0567349 -0.00133106 0.0696572 0.131814 0.0456644 -0.00337152 -0.0187764 0.0312147 0.0133065 -0.00619344 0.0253342 0.0196476 0.00502037 0.0273093 0.0157977 0.0117437 0.00102509,800,0,cuda,43.25,45.52
test,737,Bombay_52,Bombay,cat,correct,Bombay,lime,7,0.999835,30,0.636081,0.963,0.326919,0.338033,0.920183,0.289159,0.622421,,,0.0449875 0.0415076 0.0443242 -0.00394235 0.0266942 0.0278198 0.000426837 -0.00249783 0.114782 0.00440099 0.00414577 0.0149499 0.0508507 -0.0102694 0.27153 0.311161 -0.0316203 0.00493435 -0.00881468 0.0204043 -0.0252715 0.00270834 0.00694509 0.00367139 0.0211239 -0.0026227 0.00494372 0.00271831 -0.028553 0.0104454,800,0,cuda,43.05,48.19
test,231,american_pit_bull_terrier_37,american_pit_bull_terrier,dog,correct,american_pit_bull_terrier,lime,2,0.34429,42,0.415119,0.824226,0.409107,0.014975,0.545809,0.05271,0.690961,,,0.0112562 0.00649275 -0.00656222 0.0293756 0.0301347 0.114981 0.00397049 0.0611447 0.0109406 -0.0252338 0.17641 0.00894476 0.00025387 0.0202156 -0.0190157 -0.0144087 0.0265163 -0.00284308 -0.0054788 0.0046044 -0.0108418 -0.000141713 0.0192993 0.00389832 0.0100161 -0.0105765 -0.00242164 0.0037347 0.00363844 -0.0282129 -0.018764 -0.00328467 -0.0119388 0.00292917 -0.00118137 -0.000690898 0.006833 0.00481083 0.000837047 -0.00953733 -0.0119359 -0.0158961,800,0,cuda,48.81,58.91
test,377,basset_hound_81,basset_hound,dog,correct,basset_hound,lime,3,0.792498,33,0.822365,0.873598,0.051232,0.150344,0.823123,0.405261,0.489401,,,0.177524 -0.00169767 0.0989699 0.0725581 0.0848502 -0.0133921 0.0344142 0.00387349 -0.0492475 0.119899 0.0331853 0.0257177 0.0170907 0.103202 0.0126079 0.147384 0.02371 0.00275529 0.192464 0.0340489 0.0280666 0.00642436 0.00302198 0.0619453 -0.0569136 -0.0115359 0.0753923 -0.0117309 0.0464576 -0.030952 -0.0550423 -0.016688 0.00115104,800,0,cuda,35.0,35.57
test,2978,samoyed_98,samoyed,dog,correct,samoyed,lime,29,0.995648,39,0.466079,0.969614,0.503535,0.124513,0.908169,0.38791,0.744449,,,0.0206167 -0.0286825 0.0219422 0.014982 -0.00941543 0.0169611 0.0209506 0.00542196 0.0499346 -0.0139426 0.196695 0.0560833 0.335542 -0.0077132 -0.0131357 0.355536 -0.0055548 -0.0112406 -0.00683043 -0.0164797 0.00316688 0.164605 0.228692 -0.0119541 -0.000151045 0.0790835 0.0406085 0.0130423 -0.0126488 -0.0082742 -0.00397104 0.021523 0.00932843 0.0386248 0.00683851 -0.0205905 -0.0210271 0.00869279 -0.0169852,800,0,cuda,32.75,36.83
test,2754,Russian_Blue_75,Russian_Blue,cat,correct,Russian_Blue,lime,27,0.988712,34,0.510244,0.981987,0.471743,0.131777,0.865428,0.157511,0.78294,,,0.0112251 0.00366014 0.034397 0.0687253 0.0444108 0.0186874 0.0835654 0.0149245 -0.000197723 -0.0127369 0.0552397 0.0122363 0.178081 -0.00653965 -0.0179539 -0.0093488 0.0153625 0.188782 0.027844 0.0303384 0.030623 0.0150555 0.423302 -0.0130119 0.0557556 -0.0124289 0.116726 0.0450425 -0.0046795 0.0211732 0.0674103 0.0668729 0.0297474 -0.00663872,800,0,cuda,48.85,51.53
test,432,beagle_40,beagle,dog,correct,beagle,lime,4,0.999996,29,0.689553,0.989438,0.299885,0.436795,0.912847,0.49424,0.499506,,,-0.00754715 0.0461286 0.014557 5.06537e-05 0.0595773 0.00146413 0.00456895 0.0473281 0.0187186 0.0267376 0.162338 -0.0170647 0.0249799 0.243268 0.0215985 0.013544 0.051272 0.210347 0.0752513 0.0249542 0.0688181 0.0934845 0.0102475 0.0363718 0.0206422 0.00576793 0.0353066 0.00969014 0.0219069,800,0,cuda,43.2,43.68
test,1361,english_setter_81,english_setter,dog,correct,english_setter,lime,13,0.999673,40,0.443937,0.812834,0.368897,0.240169,0.894255,0.347271,0.629554,,,0.0025187 0.0572306 0.171961 0.0257588 0.0657147 -0.0121736 -0.0204296 0.0204316 0.177264 0.00787067 0.301104 0.262935 0.0158089 -0.0183263 0.0283259 0.0525463 0.0328686 0.0862569 0.0294664 0.0496999 0.0119421 -0.0389098 -0.0300859 0.0153567 -0.0170469 -0.00529499 0.000813761 0.0059217 -0.0201102 -0.0168026 -0.0235944 0.000202938 -0.00747369 -0.0273291 -0.0328622 0.000184084 0.00649723 0.00170812 0.0216492 0.0140008,800,0,cuda,47.58,59.96
test,1378,english_setter_97,english_setter,dog,correct,english_setter,lime,13,0.95372,36,0.120596,0.598869,0.478274,0.037031,0.929557,0.230547,0.797637,,,0.0187245 0.0270826 0.00161115 0.00688153 0.000188479 -0.000320749 -0.0466641 -0.0134327 0.0353768 0.0146836 0.0159566 0.0224829 0.00757457 0.0645276 0.0230235 0.0339488 -0.00911956 0.000494245 0.236108 0.563251 0.0717213 -0.0171174 -0.00910891 -0.265028 -0.0129544 -0.0271604 -0.000222261 0.025275 -0.0151706 0.0305891 0.00677682 0.0214336 -0.00865988 0.000746929 0.0165255 0.00953078,800,0,cuda,28.61,29.72
test,1591,havanese_19,havanese,dog,correct,havanese,lime,16,0.998504,32,0.835519,0.794181,-0.041338,0.317634,0.742107,0.686726,0.786709,,,0.090146 0.0913458 0.253703 0.183824 0.27503 0.0339287 0.111924 0.152342 0.0471528 0.0880034 0.0722161 0.0973075 0.0375204 0.296162 0.0787604 0.0185889 -0.00703342 -0.00222673 -0.0174077 0.00799944 0.0248196 0.0536103 0.0206948 0.0345397 0.0808987 0.0262832 0.0281436 0.00687345 0.0178198 -0.0061132 -0.0114471 0.00766424,800,0,cuda,33.17,34.19
test,1143,Egyptian_Mau_60,Egyptian_Mau,cat,correct,Egyptian_Mau,lime,11,0.999947,40,0.42909,0.776192,0.347102,0.391829,0.963263,0.143263,0.349633,,,0.00313448 -0.0105076 -0.000237566 -0.00315851 -0.00777154 -0.000195999 -0.0032932 0.00358137 0.0089623 -0.00430217 -0.00320811 0.0364937 -0.00983436 0.0390566 -0.00986726 -0.0130742 -0.00270392 0.000800493 0.00547314 0.00579334 0.0279885 0.0918493 -0.00193013 -0.00300249 0.0301329 0.0137306 -0.00366684 0.0323226 0.00991826 0.0655295 0.00725258 -0.00307328 0.0137147 0.00353893 0.0167252 -0.00501421 0.0571639 -0.0018108 0.00537132 0.0037828,800,0,cuda,28.65,31.29
test,172,american_bulldog_76,american_bulldog,dog,correct,american_bulldog,lime,1,0.982786,35,0.274972,0.752472,0.4775,0.11149,0.922117,0.363452,0.756846,,,0.00998361 -0.0201086 0.014472 -0.0118323 -0.00384061 -0.0155816 0.0115671 0.00692268 -0.0307814 0.129385 0.365639 -0.000139485 0.0795181 0.0206398 0.020147 0.00149253 0.029044 0.258402 0.0148332 -0.00578084 0.405846 -3.94554e-05 0.0311493 0.141103 0.0239558 -0.00835604 0.115226 -0.0282538 0.0171835 -0.00237264 -0.0097387 0.0137477 0.0395015 -0.0301911 0.0101784,800,0,cuda,35.71,42.73
test,1876,keeshond_96,keeshond,dog,correct,keeshond,lime,18,0.997984,40,0.565051,0.971926,0.406875,0.164967,0.865107,0.403298,0.733375,,,0.11632 0.0603104 0.037121 -0.0405971 0.255067 0.103304 0.314441 -0.000181546 0.0872023 0.12902 0.0301489 -0.0161675 -0.00816485 0.285559 0.223711 0.00384047 0.0537144 -0.0266016 -1.01466e-05 -0.0179334 0.0107824 0.114776 0.0110728 0.0271346 0.00353139 0.00974343 -0.0179548 0.0382815 -0.00229476 -0.0108417 -0.0202159 0.0214827 -0.017844 0.0753063 -0.0345672 0.00361269 0.00205366 -0.00144236 0.00984828 -0.0119947,800,0,cuda,31.01,41.34
test,814,boxer_35,boxer,dog,correct,boxer,lime,8,0.66526,33,0.194176,0.814878,0.620701,0.033251,0.856428,0.062781,0.585886,,,0.0128566 0.0637702 0.166975 0.0752406 -0.0127809 0.0670752 0.299961 0.00243525 -0.0244882 0.00664965 0.188001 0.0859126 0.00286251 -0.00335793 -0.00398334 0.0336234 -0.0065879 -0.0273447 0.0140708 0.0783604 -0.0362687 -0.0412205 -0.0149915 0.0104647 -0.0251848 -0.00129236 0.0260399 -0.00885139 0.0286711 0.00790904 -0.0136081 -0.0467348 0.00478795,800,0,cuda,54.38,57.09
test,2809,saint_bernard_35,saint_bernard,dog,correct,saint_bernard,lime,28,0.999115,30,0.142658,0.223475,0.080817,0.300914,0.898544,0.327502,0.642118,,,0.121511 0.0141447 0.0969856 -0.0139128 0.191058 0.0123643 0.00427381 -0.0189449 -0.00638211 0.00415817 -0.0143946 0.0683393 -0.00510775 0.305889 -0.0272352 0.0136443 0.0878977 -0.00106711 0.197814 0.0288889 -0.0150116 0.00782802 0.0974246 0.0260806 0.0017032 -0.00286422 -0.0100104 0.0122855 -0.00152137 -0.00426971,800,0,cuda,47.64,60.12
test,2266,newfoundland_87,newfoundland,dog,correct,newfoundland,lime,22,0.999929,44,0.771504,0.987014,0.21551,0.500262,0.907782,0.434325,0.507646,,,0.0626461 0.0339649 0.107067 -0.0124631 0.106686 -0.00084618 -0.0233401 -0.00902127 -0.0234682 -0.0192841 0.00465501 0.00497977 0.0871733 0.12034 -0.00487539 0.00943368 0.0234858 0.00545097 -0.0149003 -0.00394162 0.0792361 0.0363807 0.0294585 0.011136 0.0262874 0.10623 0.0177606 0.0372381 0.000476664 0.0405333 0.0385864 0.044376 0.0256694 0.0538874 0.0668821 0.0474295 0.00827268 0.0367697 0.0160962 -0.00432858 0.00010363 0.0344616 -0.0143867 0.00831853,800,0,cuda,48.94,59.31
test,948,British_Shorthair_61,British_Shorthair,cat,correct,British_Shorthair,lime,9,0.999245,31,0.4261,0.753708,0.327608,0.170348,0.786161,0.167111,0.776726,,,0.0407549 -0.0265647 0.0281092 -0.00152056 0.0205144 -0.0116778 0.00591935 0.0473928 0.303627 0.319153 0.133866 0.0213575 0.142152 -0.00964405 -0.00893057 0.0190626 0.028614 0.0888812 0.395963 -0.0128783 0.0064162 0.0532352 0.0136661 -0.0404729 0.050597 0.0102376 0.0161197 -0.00796266 -0.00228332 0.00313513 -0.00866208,800,0,cuda,45.91,55.01
test,16,Abyssinian_221,Abyssinian,cat,correct,Abyssinian,lime,11,0.421718,37,0.706971,0.993973,0.287002,0.032074,0.624137,0.119822,0.501909,,,0.000550492 -0.0327372 -0.0225069 -0.0144694 -0.00251204 -0.0271633 -0.0201813 0.0166141 -0.0125965 -0.0211395 0.01998 0.00736822 0.00925684 -0.00998396 0.041662 0.0988342 -0.00216181 0.0265352 0.0240121 -0.00333129 0.0845127 -0.0178316 0.0492957 0.0525134 0.00217059 0.0185977 -0.00727729 0.07971 0.0194925 0.0146783 0.0433901 -0.0299201 -0.016061 0.00746917 -0.0490085 -0.0120739 -0.026624,800,0,cuda,52.65,58.15
test,2026,Maine_Coon_41,Maine_Coon,cat,correct,Maine_Coon,lime,20,0.999859,37,0.709104,0.994008,0.284904,0.406516,0.958994,0.185919,0.465956,,,0.00161841 -0.00869952 0.00639007 0.00087065 0.00540924 0.00294029 0.00543212 -0.00520608 0.0124752 -0.00584414 0.049723 0.0313909 0.00864409 0.000266075 -0.00541003 0.0476918 0.00500771 0.0226481 -0.000959345 0.0181749 0.0728885 0.0360076 0.0769111 0.023811 0.00205337 0.0283784 0.000189702 0.0286706 0.00076762 0.0343514 0.00836121 -0.0014477 0.00604244 -0.00618276 0.00531818 -0.00865408 -0.00169052,800,0,cuda,42.79,49.81
test,2020,Maine_Coon_35,Maine_Coon,cat,correct,Maine_Coon,lime,20,0.985299,44,0.331513,0.988992,0.657479,0.098152,0.95497,0.240817,0.566691,,,-0.0109938 -0.0104442 -0.0488396 -0.00955725 -0.0172603 -0.0182412 0.0240109 0.0237303 -0.00173524 -0.0051871 0.00636108 0.144185 -0.00638684 0.00136661 -0.0257191 0.00701732 -0.00685183 0.0343878 -0.0119376 0.0819575 0.147562 0.138801 0.00462103 0.0645162 0.0745291 0.0438224 -0.00317374 -0.00845399 0.0208259 0.0150705 0.0537823 0.00777891 0.0269966 -0.00241625 0.0540927 0.01323 0.00160619 -0.0147491 0.00290796 -0.00456976 -0.00591581 0.00374141 -0.00948833 -0.010436,800,0,cuda,39.23,54.15
test,2781,saint_bernard_191,saint_bernard,dog,correct,saint_bernard,lime,28,0.998939,35,0.563198,0.997352,0.434155,0.169054,0.918065,0.49809,0.643231,,,0.0179884 0.0128872 -0.0204626 -0.00199552 -0.00294506 0.152974 0.0084284 0.0155566 0.198508 -0.0245665 0.162634 0.00307447 0.272562 -0.0367503 0.156682 0.156257 0.0018894 0.286892 -0.0100102 0.0271148 -0.0494622 0.165098 0.117026 0.031183 0.00998029 -0.0230155 0.0149137 -0.0299042 0.0166363 0.00800566 -0.014958 0.0162321 0.00415864 -0.0197189 -0.00981625,800,0,cuda,27.11,27.6
test,367,basset_hound_72,basset_hound,dog,correct,basset_hound,lime,3,0.989414,34,0.520109,0.988571,0.468462,0.142539,0.882468,0.122754,0.750847,,,0.00808507 0.00430237 -0.00120834 0.00395773 -0.00233907 -0.0303484 0.00040049 -0.0170308 -0.0203634 -0.00814521 -0.0205709 -0.0023729 0.0206208 0.142397 -0.0187545 0.0283568 -0.00814946 0.0449679 0.028732 0.40382 0.0854675 0.477531 0.0169017 0.000271353 -0.0245153 0.0213973 0.0275717 0.00991058 0.0781717 0.0351956 0.00371529 0.0261265 0.00817178 0.000288581,800,0,cuda,43.44,44.01
test,1406,german_shorthaired_31,german_shorthaired,dog,correct,german_shorthaired,lime,14,0.999721,36,0.248645,0.796649,0.548004,0.21771,0.915386,0.262507,0.487312,,,-0.0151997 0.01381 0.00754951 0.0617078 0.0536587 -9.56343e-05 0.0105417 -0.0287187 0.0445991 -0.00715325 -0.0066001 0.00621672 0.146127 0.0173558 0.0828802 0.0929426 -0.0366141 0.00141006 0.0248704 -0.00936635 0.0152517 0.138098 0.00599715 0.0251291 0.0183647 0.0955961 0.0207176 -0.0143235 -0.0193782 -0.00160884 0.0041692 -0.00105203 -0.00655789 0.0106761 -0.00164689 0.00114087,800,0,cuda,40.29,41.55
test,3284,Sphynx_21,Sphynx,cat,correct,Sphynx,lime,33,0.996913,36,0.462452,0.877241,0.414789,0.170999,0.844354,0.395133,0.821036,,,0.0224704 -0.00629456 0.0103614 0.0630809 0.0259585 0.0647987 0.00732224 0.00474862 -0.00139529 0.00564889 0.0489903 0.0632966 0.00112826 0.00188798 0.0331207 0.0615284 0.130112 0.0281736 0.0234294 -0.0027993 0.00221905 0.00319161 0.136809 -0.0317972 -0.03596 0.03849 0.466593 0.0626637 0.0183923 -0.00264385 0.0214488 0.00636612 0.00516705 0.0111968 0.0355113 0.250647,800,0,cuda,50.55,52.72
test,3418,staffordshire_bull_terrier_54,staffordshire_bull_terrier,dog,correct,staffordshire_bull_terrier,lime,34,0.729879,40,0.49422,0.997079,0.502859,0.0947,0.723739,0.383961,0.731451,,,0.0573021 -0.00872231 0.00758923 -0.0174367 0.0401303 -0.00928701 0.0884357 0.0432577 0.00876898 0.155287 -0.00976143 0.306958 0.0435245 -0.0137849 0.03652 -0.00974978 -0.0012262 0.234677 0.0301249 0.0918809 0.152747 0.0958807 -0.0119125 0.201472 0.0243305 0.0587218 -0.0091284 0.0183829 0.0196571 0.0250064 -0.0130443 -0.0165953 -0.0253707 -0.00551446 0.0108203 -0.00782334 0.0130773 3.39924e-05 0.00258603 0.00251091,800,0,cuda,32.29,38.54
test,2415,pomeranian_40,pomeranian,dog,correct,pomeranian,lime,24,0.995814,29,0.57675,0.988803,0.412053,0.087933,0.922526,0.007061,0.935019,,,-0.00638795 -0.00541955 0.00724929 0.021282 0.00399137 -0.0180004 -0.0235819 0.00252451 0.00381067 -0.0318851 -0.00284093 0.786449 0.111591 0.0135943 0.0415579 -0.0091746 0.000719601 0.139728 0.0950022 0.00934846 -0.0208992 -0.0187896 0.00696363 -0.000271748 0.0125474 -0.00623116 -0.000995223 -0.00953424 -0.0167465,800,0,cuda,49.54,55.39
test,2539,pug_61,pug,dog,correct,pug,lime,25,0.999875,29,0.793587,0.998903,0.205317,0.341089,0.863905,0.41078,0.559178,,,0.0155593 -0.00363686 -0.00090017 0.0184428 0.0388279 0.00589086 0.10549 0.0283363 0.00589894 0.0139136 0.0605369 0.0717994 0.0638707 -0.0042601 -0.00270665 0.185949 0.00196054 0.110862 0.172493 0.0115275 0.0561637 0.105954 -0.00635 0.00972633 0.0163324 0.0173871 0.0386162 -0.0135467 0.00510919,800,0,cuda,57.5,60.52
test,3102,shiba_inu_29,shiba_inu,dog,correct,shiba_inu,lime,31,0.999688,37,0.597138,0.992481,0.395342,0.19645,0.876542,0.584331,0.692564,,,0.0260918 0.0491975 0.178334 0.0372124 0.0407485 0.0266442 0.00648592 0.089586 0.0510222 0.187365 -0.0031323 0.0966297 0.00740744 0.0199754 0.00656278 0.00170406 0.218019 0.0287359 0.435607 0.187988 0.00889315 0.00810133 0.0241187 0.0296371 0.0148641 0.0255437 0.00538921 0.0311855 0.00197431 0.0133522 -0.0165691 -0.00925057 0.021102 -0.00708696 0.000798994 0.0116679 -0.0245418,800,0,cuda,42.13,51.24
test,1848,keeshond_70,keeshond,dog,correct,keeshond,lime,18,0.99876,37,0.362923,0.998469,0.635546,0.217547,0.899617,0.395277,0.717501,,,0.00128009 -0.00733312 -0.0172243 -0.0158441 0.00991301 0.0245604 0.00296698 0.0695773 0.0016885 0.00906428 -0.00745101 -0.00318664 0.000781352 0.151491 0.0621908 -0.000948865 0.00258995 0.0417675 0.0768184 -0.0103795 -0.00918792 0.142511 0.00340384 0.398742 -0.0347255 -0.0120452 0.0495621 0.036767 0.00239071 -0.0214751 0.0722594 -0.0157309 0.218336 0.00581288 -0.0119667 0.164093 0.0127771,800,0,cuda,45.23,49.94
test,2801,saint_bernard_28,saint_bernard,dog,correct,saint_bernard,lime,28,0.998699,31,0.62227,0.988149,0.365879,0.213974,0.91702,0.46314,0.589361,,,-0.0358764 -0.0219169 0.0176775 -0.00367252 0.0964743 0.131812 -0.0164618 0.0804 0.00080183 0.193537 0.0465481 -0.00744161 0.0357665 0.288965 0.198531 0.0556028 0.0838863 -0.0524631 0.0520488 0.151638 0.00999779 0.0343355 0.0186907 0.0111854 -0.0121618 0.0280004 -0.00208275 0.00124972 2.52213e-06 0.00888483 -0.0103241,800,0,cuda,46.8,50.06
test,1935,leonberger_59,leonberger,dog,correct,leonberger,lime,19,0.996755,40,0.298589,0.576689,0.2781,0.12318,0.927529,0.286277,0.714215,,,-0.00111299 0.065759 0.00256858 0.02759 0.0891808 0.0861742 0.0487922 0.0295904 0.0363422 -0.0382963 -0.00930375 0.0335962 0.419941 0.065181 0.0654633 0.0112418 0.0382686 0.234454 0.00485968 -0.0269209 0.109456 0.0315511 0.216117 0.272043 0.0295798 0.0640228 -0.00514395 -0.0153983 0.00463938 0.0042954 -0.0126382 -0.0333338 -0.00194081 -0.0153922 -0.00638475 -0.00278812 -0.0137791 0.0137304 0.000898484 0.00419082,800,0,cuda,34.23,41.83
test,3119,shiba_inu_45,shiba_inu,dog,correct,shiba_inu,lime,31,0.985584,43,0.138732,0.694174,0.555442,0.046833,0.932539,0.001928,0.730758,,,-0.0122567 -0.000105227 0.171558 0.0252682 0.0157022 0.0230235 0.267196 0.0373901 -0.0110161 0.114653 -0.0099546 0.00416228 0.38942 -0.0126632 0.0510532 -0.0175953 0.32526 0.0217442 -0.00887718 0.00328388 0.0659315 0.00894789 -0.0251261 0.00968674 0.00571489 -0.00386614 0.0223814 -0.0606193 -0.00350396 -0.00599695 -0.0131646 -0.000950605 -0.0185047 0.0082457 -0.0115995 0.0296244 -0.0123088 -0.0093337 -0.0064925 0.00472977 -0.00717534 -0.00311938 0.0150148,800,0,cuda,55.24,61.45
test,1624,havanese_48,havanese,dog,correct,havanese,lime,16,0.7045,33,0.6024,0.693117,0.090718,0.028491,0.486494,0.423471,0.519172,,,0.0333713 -0.0336963 0.0369383 0.00857993 0.028422 0.0204075 0.0243702 0.0658845 -0.00213955 0.0202987 -0.00625302 0.00713273 0.00251629 0.0378018 0.0367341 0.0023421 -0.0101191 -0.0130556 0.0291357 0.0374087 0.00713847 0.0328638 0.0279182 0.0119821 0.0290428 -0.012522 -0.00606437 -0.00185681 0.0177272 0.00196001 0.00216357 -0.00531454 0.0112007,800,0,cuda,62.61,63.57
test,2925,samoyed_4,samoyed,dog,correct,samoyed,lime,29,0.998983,34,0.867128,0.990429,0.123301,0.214458,0.885101,0.550158,0.654054,,,0.0623588 0.0288345 0.0573172 0.149234 0.310292 0.0203675 0.0255508 -0.00100069 0.189333 0.25115 0.181211 0.0671456 0.0110204 0.0303947 0.0270422 0.0416639 0.0440325 0.162753 0.0343168 0.0429006 -0.010703 -0.00472565 -0.0208675 -0.0167944 -0.00400183 -0.0132498 0.00498493 -0.0092129 -0.000264842 0.031944 -0.00312241 0.00278522 0.0184421 0.0137782,800,0,cuda,43.59,58.62
test,542,Bengal_4,Bengal,cat,wrong,Egyptian_Mau,lime,5,0.992224,33,0.392678,0.692626,0.299949,0.56485,0.889986,0.119492,0.346093,,,0.0437407 0.0441464 -0.00165969 -0.00360668 0.0182013 0.00321607 -0.00423341 0.00896134 0.0102703 -0.0114575 0.00392306 -0.0152744 0.0463729 -0.0056405 0.00945649 0.00465899 0.00908231 -0.0142672 0.00925671 0.0320996 0.00470772 0.00938686 0.0404946 0.0180517 -0.0034294 0.0596113 0.0238115 0.0144906 0.00688792 0.00236618 0.0170687 -0.00379675 -0.00279152,800,0,cuda,25.17,34.39
test,1459,german_shorthaired_7,german_shorthaired,dog,correct,german_shorthaired,lime,14,0.999722,45,0.385742,0.909197,0.523455,0.24248,0.948361,0.445991,0.655781,,,0.0091269 0.0855305 0.133639 0.00578713 0.0198346 0.345426 0.134326 0.0635049 0.00117759 -0.0138344 0.0165847 0.0751667 -0.00832117 0.0198924 0.0337364 0.053253 0.0201517 0.0958364 -0.0189183 0.0470753 0.0314751 0.0414423 0.00323864 0.00764658 -0.00983587 0.0275144 0.00554419 0.0213875 -0.00338906 0.00172292 -0.00498641 0.0457677 -0.00485048 0.0156237 0.00638618 -0.00193249 0.0210132 0.00949699 0.018228 -0.0148083 0.0199813 0.0264372 -0.0246512 -0.0144765 -0.00658725,800,0,cuda,40.0,55.6
test,1668,havanese_88,havanese,dog,correct,havanese,lime,16,0.991858,37,0.541773,0.694119,0.152346,0.251605,0.839773,0.600987,0.75058,,,0.0290003 0.00485092 0.0432998 0.0530614 0.10412 0.154018 0.238073 0.133271 0.00113551 0.00522345 0.08976 0.00427352 0.000527507 0.15882 0.229773 -0.00278502 0.0193086 0.0321263 0.0237378 0.032992 0.0461287 0.038933 0.162097 0.128343 -0.00144246 0.0310498 0.0254004 0.0126071 0.0837808 0.011899 0.00117037 0.00279185 0.0315334 0.0176627 0.0101198 0.0163288 0.0202733,800,0,cuda,48.01,55.35
test,1903,leonberger_2,leonberger,dog,correct,leonberger,lime,19,0.999713,34,0.59947,0.888981,0.289511,0.203264,0.885329,0.405159,0.627213,,,-0.00141699 0.161538 0.0644239 -0.00212127 0.0604341 -0.00462228 -0.00826185 -0.00242749 -0.0310693 0.0156635 0.367505 0.00533666 -0.0022817 0.0556136 -0.0180981 0.0602923 0.145561 0.0335802 0.0170904 0.0261457 0.259956 -0.0229798 -0.00706652 -0.000597663 -0.00529488 0.0147542 0.00960377 -0.00118398 -0.0145087 0.00241196 0.0149603 0.068133 -0.00577168 0.0215563,800,0,cuda,45.84,61.71
test,552,Bengal_59,Bengal,cat,correct,Bengal,lime,5,0.998725,31,0.475048,0.966333,0.491286,0.313404,0.949595,0.183971,0.732775,,,0.00670785 -0.00710191 0.010158 0.00698655 0.0457059 0.00412434 0.00335205 0.0121935 0.0331129 0.022334 -0.0195053 0.0580845 -0.0173419 0.11526 -0.0222743 -0.00402054 -0.00806933 -0.0169276 0.0236159 -0.00760517 0.306191 0.0841249 0.0153094 0.0233449 -0.000612671 -0.00419459 0.0823828 0.00671032 0.0354899 -0.0240175 0.00457304,800,0,cuda,38.53,43.11
test,362,basset_hound_68,basset_hound,dog,correct,basset_hound,lime,4,0.999541,29,0.157545,0.561021,0.403476,0.139826,0.977368,0.29705,0.591839,,,-0.0132884 -0.0137162 -0.00587842 0.00376345 0.0293069 0.0109827 -0.00453411 0.0224574 0.0117884 0.00161934 0.0196584 0.0206441 0.00409362 -0.0157513 -0.0140933 0.0851379 0.0379337 -0.00638452 -0.0258506 0.404816 0.045505 0.352488 0.0260668 0.0131974 -0.00469566 -0.0036138 -0.00738848 0.0240038 0.000848298,800,0,cuda,43.06,45.83
test,549,Bengal_56,Bengal,cat,wrong,Egyptian_Mau,lime,5,0.957033,33,0.245576,0.979512,0.733937,0.13128,0.945257,0.343754,0.61094,,,-0.00495552 0.0307272 0.00725545 -0.00508087 -0.017868 -0.0233668 0.00188984 0.00641928 -0.0381194 -0.00662213 -0.0351944 0.00876736 0.0059501 -0.0151053 0.193246 -0.00979034 0.154723 -0.00394473 0.0739917 0.06726 0.29938 0.0652528 -0.00691463 -0.00271262 0.180559 0.106902 0.0514131 -0.013479 0.0806949 -0.00542618 0.0179012 -0.00932735 0.0113057,800,0,cuda,40.93,45.83
test,2670,Ragdoll_90,Ragdoll,cat,correct,Ragdoll,lime,26,0.998971,36,0.630401,0.992277,0.361876,0.151577,0.897096,0.359802,0.767757,,,0.00712594 0.00233533 -0.0181867 0.00649985 0.00279349 0.0034893 0.00460522 0.0127798 -0.00882435 0.112196 -0.0148914 -0.00317173 0.0404159 0.047247 0.0100498 0.0108205 0.17463 0.0237262 0.0305783 -0.000564427 0.00572097 -0.00514352 0.00325739 0.248152 0.0425063 -0.0107641 0.0235176 -0.0138889 0.54752 -0.0131381 0.00956345 0.0487608 0.248739 0.00958103 0.00365689 -0.0150953,800,0,cuda,49.15,49.67
test,81,Abyssinian_85,Abyssinian,cat,correct,Abyssinian,lime,0,0.999622,31,0.489178,0.922982,0.433804,0.397284,0.938159,0.124769,0.310521,,,0.00191076 0.00157037 -0.00635908 0.0116908 -0.00823249 -0.00101957 0.0368631 0.00128001 -0.00281679 6.51963e-05 0.0119965 0.0476658 0.00855698 0.000299457 -0.000761955 0.00878882 -0.0147908 0.00996421 0.0624852 0.0204651 0.0714479 0.00674016 0.0152465 0.0366674 0.012218 -0.00511812 0.00874959 0.00207055 0.00647357 -0.00610779 0.00119755,800,0,cuda,32.33,41.14
test,1730,japanese_chin_53,japanese_chin,dog,correct,japanese_chin,lime,17,0.999825,36,0.444914,0.973751,0.528837,0.26924,0.913843,0.320774,0.558141,,,0.00483808 0.0115293 -0.0160314 0.00453606 0.0589752 0.164466 -0.00894893 0.0349205 -0.00260851 0.218407 -0.0133487 0.120542 0.120096 0.00334663 0.00322215 0.00202332 0.0246325 0.0287043 0.00856171 -0.00674925 -0.0111866 -0.0161384 0.130176 0.0484281 0.0299241 -0.00932737 -0.0117985 0.00592225 0.0201666 0.00873139 0.0255955 -0.0260827 0.0163024 -0.013417 0.00447916 0.0193179,800,0,cuda,36.14,47.51
test,3433,staffordshire_bull_terrier_68,staffordshire_bull_terrier,dog,correct,staffordshire_bull_terrier,lime,34,0.914047,44,0.510782,0.977131,0.466349,0.143278,0.767254,0.288944,0.703714,,,0.0194146 0.0253616 -0.0393734 0.0209391 0.0352338 0.0898264 0.213889 0.0938938 0.026183 0.0144597 0.0381792 -0.00673143 0.342446 0.0870378 0.0785791 0.000651737 -0.0233122 0.0114429 0.120994 -0.0187877 -0.0256106 -0.0453011 0.0284171 0.072131 0.004631 -0.00985628 -0.00698305 0.0423599 0.0164505 0.037487 0.0291117 0.00838973 -0.0095933 0.00966073 0.0103795 0.0362791 0.0137422 0.0375156 0.0267853 0.0130133 -0.0128985 0.0472337 0.00619273 0.00750761,800,0,cuda,24.24,27.72
test,355,basset_hound_61,basset_hound,dog,correct,basset_hound,lime,3,0.999065,35,0.285316,0.669657,0.384341,0.118073,0.923032,0.226658,0.884409,,,0.00776699 0.00041984 0.00564797 0.0238602 0.00575612 0.0235604 -0.00310396 0.0431547 0.0278796 0.0351166 0.00838061 0.0131192 -0.0184903 0.0212752 -0.00393208 -0.00668347 0.192087 0.0113052 0.0391259 0.00435088 0.00237075 0.0174253 -0.00284528 0.168125 0.673912 0.0175404 0.00150404 0.0152393 -0.00521784 -0.0144241 0.040364 -0.00136715 -0.013781 -0.00110971 0.0049349,800,0,cuda,30.9,42.26
test,2083,miniature_pinscher_193,miniature_pinscher,dog,correct,miniature_pinscher,lime,21,0.996399,35,0.398438,0.921278,0.52284,0.243148,0.851942,0.227362,0.826396,,,0.00929581 -0.012833 0.0133678 -0.000638178 -0.000447119 0.00310088 0.00426964 -0.00320363 0.0220587 0.0586928 0.0227199 0.0363878 0.391064 -0.0334577 0.0053123 0.214416 0.0330983 -0.00102071 0.0137503 -0.00041017 0.000891702 0.0151714 0.00719693 0.00475699 -0.0122872 -0.0103641 0.435361 -0.00805029 -0.00228838 0.0317979 -0.00476921 0.000582705 -0.00129194 0.0177884 -0.00412107,800,0,cuda,34.87,35.35
test,554,Bengal_60,Bengal,cat,correct,Bengal,lime,5,0.888466,33,0.457968,0.565194,0.107226,0.353517,0.892355,0.105363,0.498741,,,0.0226114 0.022467 0.00271166 -0.0124513 -0.0200952 -0.0191839 -0.0303235 -0.013898 -0.0224696 0.0011915 -0.00614133 -0.0121582 -0.0275138 -0.0125557 -0.00839546 0.000162281 -0.0171877 0.00695672 0.147018 -0.010139 0.00144518 0.0221971 0.00392961 0.0576158 0.00968548 0.0982356 -0.00864883 0.0325353 0.00400882 -0.00290236 0.141026 0.00109304 -0.0242802,800,0,cuda,54.5,63.56
test,693,Birman_96,Birman,cat,correct,Birman,lime,6,0.772086,33,0.727758,0.997917,0.270158,0.125348,0.863614,0.528413,0.725255,,,-0.0269654 0.0658072 0.00449974 -0.0175739 -0.0545554 -0.00213394 -0.0641196 -0.0256189 -0.0186511 -0.00594734 -0.0499284 0.219846 0.293584 0.0120132 0.104324 0.0191909 0.230632 0.0651306 0.0279053 0.0660193 -0.00934643 -0.0189058 0.0167427 -0.00266599 0.149749 0.0128119 0.0268898 0.0547598 0.0720091 0.0864355 0.0785029 0.0547951 0.0387165,800,0,cuda,61.86,77.79
test,2734,Russian_Blue_51,Russian_Blue,cat,correct,Russian_Blue,lime,27,0.835154,33,0.652782,0.9919,0.339118,0.103946,0.790806,0.187553,0.786343,,,0.0226612 0.0904972 0.0346505 -0.01489 0.0992472 0.0163805 0.0193272 0.0578085 0.0486855 0.433289 0.0261326 0.0239821 0.0247159 0.104663 0.0158329 0.0267454 0.0192289 0.142791 0.00833072 -0.0214224 0.143427 -0.000756057 0.0175893 0.0312124 0.00194836 -0.00341372 -0.046196 -0.0144203 0.0148901 0.00498478 3.4049e-05 -0.00252177 0.012407,800,0,cuda,63.33,65.71
test,649,Birman_56,Birman,cat,correct,Birman,lime,32,0.852261,36,0.44599,0.592993,0.147003,0.099569,0.88861,0.091477,0.70748,,,0.00552296 0.00848766 0.013422 0.0131125 0.00533847 -0.018271 0.004871 -0.0101695 -0.00314564 0.0478306 -0.00395874 0.012088 -0.00254527 -0.0113633 0.0810707 0.142289 -0.0476398 -0.0162556 0.00352272 0.0309724 0.0340535 0.0146109 0.0357858 0.0783195 0.0153745 0.312411 0.104948 -0.122478 0.00508925 0.256696 0.0893225 -0.0266763 0.029116 0.0378674 0.0544594 0.0125445,800,0,cuda,2.64,3.31
test,3187,Siamese_224,Siamese,cat,correct,Siamese,lime,32,0.624241,30,0.228017,0.256029,0.028011,0.014039,0.683383,0.249469,0.461641,,,-8.69229e-05 0.00518481 -0.00444227 0.0896529 0.0637747 0.0266469 0.0866951 0.00179983 -0.00236087 -0.00312502 0.127007 0.0425609 0.0410719 0.0693802 0.00480767 -0.0132609 0.0288069 0.0157165 -0.0329264 0.0221354 0.0176825 0.012755 -0.0114849 -0.00878326 0.0015519 0.0215655 0.00120846 0.00904669 -0.00924424 0.00354341,800,0,cuda,2.54,3.29
test,3041,scottish_terrier_65,scottish_terrier,dog,correct,scottish_terrier,lime,30,0.999909,33,0.364497,0.98883,0.624333,0.30202,0.876747,0.475827,0.579714,,,-0.000958187 0.00668617 -0.0081234 0.0222215 0.0314544 0.0269586 0.0738943 -0.0216306 -0.00904353 0.165853 0.0275053 -0.0140578 -0.00727414 0.0525033 0.0921167 0.0367394 0.195453 0.0136745 0.0561887 0.0112847 0.0258786 0.0611588 0.0447348 0.156503 0.0644096 0.0122733 0.121461 0.031011 -0.0087655 0.0309683 -0.00233636 -0.00434839 0.0289135,800,0,cuda,2.76,3.46
test,420,beagle_2,beagle,dog,correct,beagle,lime,4,0.999559,37,0.799067,0.92971,0.130643,0.201522,0.869735,0.071048,0.689319,,,0.027469 0.00359875 -0.0250725 0.0739131 0.0274917 0.0519007 -0.016448 -0.0357094 -0.00599653 -0.0496109 -0.00496494 0.0578561 0.0540632 0.0167329 -0.0592301 0.0312688 0.0106665 0.0123575 0.0129238 0.0218692 0.356167 -0.0199114 0.0532484 0.241229 0.000726431 0.0599267 -0.001032 0.0711938 0.0108785 0.0617337 -0.016075 0.116258 0.0008402 0.0261184 0.0217744 0.00613005 0.0457644,800,0,cuda,2.51,3.19
test,1229,english_cocker_spaniel_52,english_cocker_spaniel,dog,correct,english_cocker_spaniel,lime,12,0.972981,33,0.558434,0.707773,0.149339,0.063453,0.801795,0.267719,0.557912,,,0.0699341 0.0145151 0.125277 0.0268692 0.148774 -0.00445163 0.0107059 0.227616 -1.29124e-05 0.0684425 -7.49034e-05 0.0935954 0.0185098 -0.0102033 0.0195361 0.0431941 -0.0201457 0.0440295 0.0120622 0.0276741 0.036769 0.0307863 0.00986643 0.0240512 0.00324815 0.0532384 -0.00529304 0.0186876 0.00917618 0.0596963 -0.012422 0.00480789 0.00664808,800,0,cuda,2.89,3.56
test,1089,Egyptian_Mau_201,Egyptian_Mau,cat,wrong,Bombay,lime,7,0.957057,43,0.651068,0.645469,-0.005599,0.101109,0.898638,0.214776,0.726432,,,0.0439452 0.0340377 -0.0370927 0.0326941 0.0575413 -0.011395 0.0213187 -0.0179403 0.0135867 0.0429065 0.0753508 0.0516103 0.154663 0.00793489 0.0575828 0.0754404 0.114609 -0.0388287 0.0299659 0.170611 0.0541672 0.229744 0.0281883 0.222827 0.0402865 -0.0254786 0.0722942 -0.0210775 0.16572 0.0397522 0.0409632 -0.105245 -0.0912409 -0.00154368 0.035875 0.0259142 -0.0114499 -0.0360652 -0.0257975 7.16637e-05 -0.00992332 -0.0274991 0.000566894,800,0,cuda,41.47,45.54
test,3185,Siamese_21,Siamese,cat,correct,Siamese,lime,32,0.997942,45,0.793447,0.992242,0.198795,0.289732,0.803089,0.69818,0.730341,,,0.0201358 0.076906 0.123837 -0.00222644 0.133677 0.135567 0.0159432 0.0213084 0.0199549 0.0560495 0.0968164 0.0973841 0.0358233 0.204214 0.197986 0.087601 0.0872171 0.0195726 0.000759668 0.00114848 0.0220071 0.0116679 0.205805 -0.0020584 0.0497253 -0.00922172 0.0588014 -0.00792254 -0.00253805 0.0849323 0.175314 0.00677555 0.0403814 0.0197738 -0.00343583 0.0291406 0.0220476 0.0121012 0.0291544 -0.00243788 0.0483349 0.00888969 -0.0178403 -0.00527468 0.00261422,800,0,cuda,45.92,56.62
test,2808,saint_bernard_34,saint_bernard,dog,correct,saint_bernard,lime,28,0.99174,34,0.517419,0.937373,0.419954,0.042757,0.946837,0.276039,0.731238,,,0.00308333 -0.0128557 -0.0111247 0.0323899 0.0221966 -0.0232121 0.0150242 0.0042297 -0.0121807 0.00703525 0.303442 0.169716 0.163674 0.011668 0.538728 0.113918 -0.0419004 -0.00236306 -0.0393164 0.03015 -0.00642835 -0.0426591 0.0206076 0.00888289 -0.0167253 0.0205177 -0.0463388 -0.0140713 0.0176155 0.0118781 0.0030932 0.00552225 -0.0201852 0.0268002,800,0,cuda,40.14,44.95
test,2305,Persian_270,Persian,cat,wrong,Maine_Coon,lime,20,0.43979,38,0.934092,0.998793,0.064701,0.063464,0.697256,0.086607,0.598997,,,0.0176907 0.00178171 -0.0282875 -0.083571 -0.0025572 -0.0292796 -0.00430342 0.0788046 -0.0125003 -0.0203039 0.000862941 -0.0387524 0.0411959 -0.0533346 -0.0288864 0.1275 0.115379 0.0249648 0.0610903 -0.0804943 0.00074163 -0.0670878 -0.0642868 0.0547675 0.122434 0.0476265 0.0807173 0.0988938 -0.021052 0.0083145 -0.0354389 -0.0148162 -0.00617643 0.0251218 0.0323654 -0.0074767 0.030318 0.00519398,800,0,cuda,30.65,34.64
test,960,British_Shorthair_74,British_Shorthair,cat,wrong,Bombay,lime,9,0.562966,38,0.723613,0.993518,0.269905,0.015103,0.410484,0.291949,0.453861,,,-0.00318923 0.00191489 -0.00953697 0.0276981 0.00160786 -0.00590678 0.0144294 0.0253668 -0.0185266 -0.0320634 -0.0115872 0.00297698 0.0264213 0.0770451 -0.00185603 0.0577301 -0.00183718 0.0137531 0.0836284 0.0281291 -0.00681059 0.018734 0.0101212 0.0123498 0.0256381 0.0184304 0.015795 0.0092867 0.00749895 0.00576485 -0.000975353 0.029018 -0.00664345 0.00254909 -0.0087797 0.0132294 0.00503928 0.000333506,800,0,cuda,72.55,79.95
test,1164,Egyptian_Mau_84,Egyptian_Mau,cat,wrong,Bengal,lime,5,0.999353,39,0.694635,0.972427,0.277792,0.369988,0.931512,0.168354,0.337137,,,0.0194574 -0.00381477 0.00965594 0.0186359 0.0545365 0.00326499 0.00322548 0.0149268 -0.000389334 0.0090788 0.0168856 0.0396419 -0.00809826 0.00627332 0.0545393 0.00570345 0.00796405 0.00130031 0.00719996 0.0150098 -0.00792306 0.0319621 -0.00125018 0.0192562 0.00406463 -0.00159398 0.0135815 0.0188003 0.0145817 -0.00211241 -0.0027383 -0.00146052 -0.000416654 -0.00519519 0.0563311 -0.00207503 0.0334216 -0.00166476 0.00128442,800,0,cuda,31.1,42.53
test,371,basset_hound_76,basset_hound,dog,correct,basset_hound,lime,3,0.889149,39,0.326511,0.668265,0.341754,0.195332,0.904992,0.269274,0.769745,,,-0.0250182 0.0265225 -0.0245152 -0.0172256 -0.00531613 0.00283309 -0.00636248 0.0296257 -0.0162484 -0.0170183 0.00565007 0.0104969 0.00248477 -0.0339123 0.000384594 -0.0100727 -0.0331529 -0.0543357 0.0410594 0.0731696 -0.0118828 0.0394444 -0.0302005 0.110027 0.491148 0.0272418 0.0299056 0.0375498 0.119118 0.0219304 0.0900863 -0.0526804 0.00334541 0.0296482 0.0446817 0.156694 0.015391 0.000130427 0.0246593,800,0,cuda,58.83,62.21
test,3250,Siamese_71,Siamese,cat,correct,Siamese,lime,32,0.999932,31,0.551838,0.842568,0.29073,0.357782,0.947537,0.289951,0.475815,,,0.0125493 0.00118857 0.0357847 0.0168856 0.0284339 0.0895615 0.0095269 -0.0284571 0.104626 0.14947 -0.00977202 0.00199069 0.0181655 0.0590992 0.0146432 0.0235967 0.0814054 -0.00577352 0.0909106 0.000210649 0.0159211 0.0117053 0.00171416 0.0431517 0.0115342 0.00717337 0.00488028 0.0183659 -0.0112249 0.00821649 -0.00192377,800,0,cuda,39.23,40.46
test,2529,pug_52,pug,dog,correct,pug,lime,25,0.993262,37,0.620914,0.982898,0.361984,0.214324,0.767164,0.442416,0.718576,,,0.0110444 0.00682641 0.0666995 0.00662266 0.0737188 0.23174 0.107559 0.0317515 0.0724622 0.180322 -0.00924397 -0.0220918 0.00603108 0.151196 0.00445911 0.058961 0.128388 0.0244738 -0.0152012 0.0438151 0.143235 0.0623366 0.00544595 0.154917 -0.00514059 0.246647 -0.00422674 0.0321152 -0.0297057 0.117228 -0.00630492 -0.0329465 0.0053829 0.0474346 -0.0138655 0.0733727 -0.00322485,800,0,cuda,42.58,48.71
test,1575,great_pyrenees_94,great_pyrenees,dog,correct,great_pyrenees,lime,15,0.999594,33,0.483398,0.911717,0.428319,0.374985,0.882551,0.302026,0.653198,,,0.0215606 0.00716474 -0.0161145 0.0203241 0.342548 0.00489522 0.0342509 -0.0116884 0.0278088 -0.00197415 0.0148779 0.112594 0.164822 -0.000208372 0.0198244 0.00424815 -0.00491983 -0.00545177 0.207868 0.016843 -0.00411281 0.0115858 -0.0196065 -0.0012667 0.000749644 -0.0141622 0.0217765 0.0165187 0.0211083 0.00357462 0.0100745 0.00793962 0.00222175,800,0,cuda,45.33,52.3
test,1484,great_pyrenees_193,great_pyrenees,dog,correct,great_pyrenees,lime,15,0.960255,36,0.67622,0.959143,0.282923,0.11954,0.797673,0.087628,0.59441,,,0.0651612 0.143467 0.0766631 -0.0040185 0.00235576 0.12082 0.0186147 0.159903 -0.0193647 -0.00481892 0.126233 0.173069 0.0145736 0.0708235 0.0756426 -0.0109488 -0.0109659 0.0798739 0.0802033 0.052043 -0.00144842 0.017679 0.0273843 -0.0493823 -0.00495692 0.0188771 0.00568954 -0.0159691 -0.00992996 -0.0119979 0.00372796 0.0190436 -0.0163728 -0.00892069 -0.0114816 0.0256734,800,0,cuda,41.95,44.97
test,3283,Sphynx_213,Sphynx,cat,wrong,Abyssinian,lime,10,0.967445,34,0.162687,0.533314,0.370627,0.087675,0.895869,0.121431,0.802198,,,-0.02612 0.00336897 0.0531091 0.00938187 -0.00163356 0.0120564 0.0845326 -0.00241001 0.0324568 0.0658303 0.0217973 0.00163697 0.476466 0.0171102 0.0236563 0.0185015 0.0139939 -0.0202433 0.00618376 -0.00763832 0.0228862 0.252483 -0.0123331 -0.00200281 -0.0148893 0.0130911 -0.000469284 0.00650262 -0.021196 -0.020335 0.0255828 0.00596289 -0.0333327 0.0161941,800,0,cuda,36.87,40.5
test,1858,keeshond_7,keeshond,dog,correct,keeshond,lime,18,0.999647,38,0.0,0.0,0.0,0.517467,0.884918,0.367019,0.516456,,,0.0123467 0.0157561 -0.00734954 0.00442233 0.0213762 0.0183835 0.0172139 0.0317654 -0.00810834 0.0367828 0.0477326 0.040172 0.0603074 0.00586546 0.0324315 0.0355428 0.0567125 0.0561697 0.149886 0.0310989 0.0240864 0.0148633 0.0880235 0.102846 0.0263359 0.0112602 0.00962075 0.00418157 0.00760755 -0.0123514 0.0119632 0.0105755 0.010424 0.00274427 0.0105434 -0.0104055 0.012239 -0.0150304,800,0,cuda,43.03,52.39
test,258,american_pit_bull_terrier_62,american_pit_bull_terrier,dog,wrong,american_bulldog,lime,1,0.978814,41,0.357781,0.959107,0.601326,0.116028,0.904346,0.174339,0.863362,,,-0.00596464 0.00871206 -0.0185024 -0.00805356 0.0257449 0.0041027 0.00545616 -0.00745182 -0.00503259 -0.00768549 0.00478927 0.00870619 0.0331377 0.022345 -0.0113895 0.724014 0.00506637 0.0375256 0.00233834 -0.00260368 0.117258 0.0105122 -0.00216058 -0.0236798 0.0136628 -0.00396051 0.0849259 -0.0221532 -0.0213698 0.124914 0.0252574 0.00561962 0.0287412 -0.00103716 0.00455823 -0.0128688 -0.0288616 0.00516449 0.0442549 0.00745819 0.00642181,800,0,cuda,45.87,56.13
test,769,Bombay_82,Bombay,cat,correct,Bombay,lime,7,0.998831,32,0.470026,0.970488,0.500462,0.310296,0.93848,0.286423,0.754083,,,-0.0173374 -0.0070245 0.00306189 -0.0174881 -0.022018 -0.0136374 0.0608991 -0.0117325 -0.00338406 0.0197426 0.0400797 -0.00671287 0.044871 0.0787869 0.033222 0.232187 0.061652 0.0677274 0.0520803 0.199155 0.0752274 -0.00159161 0.151596 0.0228287 0.0273501 0.00516001 -0.00935064 0.0010915 -0.0109311 -0.00047401 -0.00761396 0.0163439,800,0,cuda,43.09,49.29
test,2061,Maine_Coon_7,Maine_Coon,cat,correct,Maine_Coon,lime,20,0.989107,38,0.48573,0.803885,0.318155,0.188817,0.900507,0.164827,0.649594,,,-0.0550369 -0.00583755 0.0123305 0.00673949 0.190634 -0.0309801 0.0194236 0.0124543 0.02631 0.0921017 0.000365669 0.0198823 0.0607611 0.351901 -0.0471909 -0.0491279 -0.000597338 0.12773 -0.0571983 -0.00303393 -0.00583212 0.0776985 0.103406 -0.0362885 0.105462 0.0143983 0.000628826 0.00969221 0.0578283 0.0387116 -0.0119636 0.095443 0.0129199 0.121503 -0.00206821 0.0438575 0.00602067 0.0266644,800,0,cuda,67.1,67.63
test,2018,Maine_Coon_33,Maine_Coon,cat,correct,Maine_Coon,lime,20,0.965365,41,0.595404,0.948627,0.353223,0.216546,0.948696,0.326015,0.793703,,,0.0109764 -0.0519421 -0.0187785 -0.0250294 0.0226438 0.0384155 0.00522718 0.0100323 0.000484773 0.0733688 0.00804489 0.0772064 0.0299279 0.00646652 0.017163 0.308156 0.0312406 -0.020495 0.0135567 0.00902055 0.0743493 0.306659 0.0103415 0.039491 0.115022 0.0579097 0.00356869 -0.0511188 0.0525599 0.0405077 0.043618 0.0434505 0.0161592 -0.0130132 0.0331125 -0.000386186 -0.00197327 -0.0299313 0.0143145 0.000273974 0.00272012,800,0,cuda,56.52,68.67
test,114,american_bulldog_22,american_bulldog,dog,correct,american_bulldog,lime,1,0.999834,36,0.50285,0.476353,-0.026497,0.285637,0.821689,0.439002,0.78814,,,0.0961338 0.0794072 0.0856278 0.0106337 0.148631 0.242197 -0.00418671 0.100029 0.0494973 0.470108 0.0344769 0.0071104 0.0321312 0.0504374 0.00629603 -0.00292488 0.0537829 0.0468404 0.00197312 0.0232877 0.0106364 0.00984945 0.0136866 0.0264994 -0.00544309 0.0136141 0.0275853 0.00111168 0.0893605 0.00892242 0.00262447 0.0601562 0.0583574 0.0182535 0.00493334 0.00301772,800,0,cuda,41.43,49.62
test,1816,keeshond_40,keeshond,dog,correct,keeshond,lime,18,0.999214,36,0.220962,0.88878,0.667817,0.11851,0.911298,0.254562,0.884666,,,-2.77632e-05 -0.0121902 -0.0089599 -0.00979254 0.0231049 0.00449456 -0.00948103 -0.00503859 -0.00841899 -0.00221605 0.00226496 -0.0173948 0.0211714 0.0481097 -0.00331997 0.000127564 0.0472883 0.0195926 0.00802627 0.671108 0.00230089 0.0231261 0.018537 0.00165876 0.015246 0.148184 0.157364 0.00929632 0.00917657 0.0565087 0.00814471 0.0342445 0.0163198 0.0102532 0.000710742 0.0382112,800,0,cuda,61.96,65.2
test,1594,havanese_20,havanese,dog,correct,havanese,lime,16,0.990816,36,0.683873,0.875234,0.191361,0.137543,0.774595,0.156127,0.859639,,,0.0547302 0.382828 0.0749692 0.0583423 -0.0113346 0.0902332 -0.00843769 0.0130045 0.0134781 0.00293622 0.040533 0.00288831 -0.0175207 0.403148 0.0295709 0.261976 -0.0160651 0.0408419 -0.00379006 0.00244271 0.00341381 0.0669013 -0.0013025 0.0132137 0.0207061 -0.00528273 0.0269291 -0.00800098 0.000784627 -0.00847017 -0.00713966 -0.00561732 0.0123506 0.0148387 -0.015037 0.00957394,800,0,cuda,41.19,45.73
test,957,British_Shorthair_70,British_Shorthair,cat,correct,British_Shorthair,lime,9,0.951939,36,0.573123,0.988815,0.415693,0.129978,0.778456,0.489788,0.764037,,,0.0144095 0.0151769 0.0151755 0.147377 -0.0586455 0.0844724 0.0316755 -0.00517196 0.00776362 0.0196479 0.0768333 0.00220213 0.374261 -0.0274642 0.098455 0.0111206 0.0584407 0.0238701 0.0434057 0.0829639 -0.00329089 0.0904151 0.0114797 0.306521 0.01049 0.021875 0.00523655 0.101021 0.000439226 -0.00360083 0.0536199 0.0432514 0.11442 0.0658185 0.0137706 0.0156896,800,0,cuda,44.3,47.29
test,2289,Persian_256,Persian,cat,correct,Persian,lime,23,0.999025,38,0.407127,0.979352,0.572225,0.069061,0.88311,0.15685,0.757361,,,0.0171671 -0.0227731 -0.005626 0.0145075 0.00671202 -0.00826741 -0.0104661 0.00220993 -0.00602539 -0.0133136 0.0143456 -0.012933 0.016636 0.345186 0.0564556 0.0215559 0.0114065 -0.0105004 0.0102184 0.496784 0.000358575 0.251208 -0.00145977 0.0313867 0.0141448 -0.0135828 0.0104222 0.281774 0.0742101 0.0269097 -0.0306359 0.00372948 0.0236526 0.00463221 0.00120671 -0.0138667 0.0235138 -0.0142488,800,0,cuda,46.9,48.45
test,679,Birman_83,Birman,cat,correct,Birman,lime,6,0.99729,29,0.891004,0.995618,0.104614,0.209112,0.817874,0.410548,0.741633,,,0.0743759 0.0143757 -0.0141529 -0.00350553 0.0326593 0.0170009 -0.0198139 0.156848 0.082402 0.0318373 -0.0281977 0.416728 -0.00722041 0.100914 0.0218816 0.337168 0.266633 0.00903849 0.0386344 -0.0128988 0.0668011 0.124613 0.0130512 -0.0101659 0.000296784 0.00757233 -0.0135845 0.00386404 -0.0014901,800,0,cuda,62.59,73.82
test,2325,Persian_43,Persian,cat,correct,Persian,lime,23,0.999755,37,0.79265,0.945618,0.152969,0.115808,0.938755,0.288849,0.713525,,,0.0141044 0.00827636 0.0514156 -0.00927797 0.177694 -0.0167756 -0.0233993 0.434588 -0.00134604 0.0881073 -0.00495377 0.233116 -0.00221425 0.00495098 -0.0353712 0.238226 0.0160449 -0.00386086 0.231583 0.00448292 -0.0144076 0.140026 0.0202789 -0.000590343 -0.00435603 -0.0287481 -0.0305385 0.00451377 -0.0193548 -0.0161115 -0.0388765 0.0204235 0.00177314 -0.0229737 -0.00566471 0.0232537 -0.0126564,800,0,cuda,25.57,35.23
test,56,Abyssinian_60,Abyssinian,cat,correct,Abyssinian,lime,0,0.945097,34,0.437181,0.944078,0.506897,0.096013,0.593516,0.39874,0.415848,,,0.0727568 0.0150968 0.0356984 0.00406901 0.169444 0.0175382 0.0472698 -0.0644042 0.0165281 0.0750412 -0.00460635 -0.0129466 0.0384385 0.0148184 0.000392812 0.0344336 0.000792313 -0.0185659 0.079106 0.0324645 -0.00442122 0.0324538 -0.00133774 0.00948579 0.0131883 0.00450203 0.0066252 -0.0438576 -0.000234917 0.0262875 0.0187147 -0.00484515 0.0145236 -0.00476713,800,0,cuda,40.93,48.13
test,3511,wheaten_terrier_48,wheaten_terrier,dog,correct,wheaten_terrier,lime,35,0.999232,35,0.096879,0.819976,0.723097,0.102726,0.946376,0.381184,0.806817,,,0.0116795 0.00382678 -0.00407821 0.00424685 0.0144423 0.0129234 -0.0177788 0.0685807 0.0460899 -0.00983423 0.030389 0.0174638 0.0213491 0.0202489 0.201483 0.0453731 0.212952 0.0168132 0.0219499 0.492656 0.173969 -0.0120356 0.0179552 0.212556 -0.0108837 0.0312688 0.0193332 0.0115465 0.00689352 -0.00161774 0.107247 0.0399398 0.00326613 -0.0262049 -0.00178641,800,0,cuda,53.3,60.12
test,435,beagle_43,beagle,dog,correct,beagle,lime,4,0.9977,40,0.337592,0.960541,0.622949,0.052144,0.939857,0.377497,0.723606,,,0.00697714 -0.00368298 0.0474101 0.0282515 -0.0102256 0.00757273 -0.00764932 -0.00796289 0.0126527 0.00617043 0.141966 0.267105 -0.00929011 0.080874 0.00980538 0.0348223 0.00127092 0.0334099 0.1759 0.0990926 0.0272528 0.54638 -0.0207986 -0.0288188 0.0167547 -0.000459746 0.0560406 0.127184 -0.00218184 -0.0175109 0.0230963 0.00323222 -0.0323872 -0.00746803 -0.0247927 -0.019335 0.00505159 0.0195332 -0.0147982 -0.0148419,800,0,cuda,70.23,74.07
test,1057,chihuahua_75,chihuahua,dog,correct,chihuahua,lime,10,0.999474,36,0.560009,0.992656,0.432647,0.102708,0.826777,0.161259,0.757176,,,-0.0205979 -0.0139762 0.0303898 0.0107633 0.0189658 0.0500962 -0.023614 -0.0174058 0.0975744 -0.0072813 0.177515 -0.0120372 0.0481865 -0.00905308 0.436457 0.119046 0.0986065 -0.00828249 0.0429026 0.0169142 0.398707 0.0336197 0.179673 0.0277614 -0.00894344 0.00609323 0.0475648 -0.0119114 -0.00886743 0.00719828 0.0657244 -0.0118908 0.0002315 0.0120948 -0.0219337 -0.019879,800,0,cuda,37.31,39.78
test,155,american_bulldog_60,american_bulldog,dog,correct,american_bulldog,lime,1,0.999953,36,0.517558,0.986752,0.469194,0.14967,0.911341,0.511809,0.721163,,,0.0367643 -0.00216672 -0.0290869 0.0212926 -0.00663839 0.0537759 0.0142621 0.0889119 0.378625 -0.0243641 0.022828 -0.000978813 -0.0607134 0.0384669 -0.0136898 0.309261 0.168288 0.0550154 0.0470828 0.101893 0.0393386 0.075974 0.165287 0.000922781 0.0137193 0.126716 0.0120948 0.0283073 0.0276952 0.0132353 -0.00488259 0.0284402 0.0247873 0.00618994 -0.0225499 0.00169659,800,0,cuda,58.05,67.07
test,2777,Russian_Blue_97,Russian_Blue,cat,correct,Russian_Blue,lime,27,0.879868,29,0.773796,0.860483,0.086687,0.046604,0.87662,0.073773,0.791549,,,0.00630687 0.0124226 -0.0326543 0.0506365 0.0400868 0.00735086 0.0308754 0.353744 0.020575 -0.00187722 -0.0124932 0.126689 -0.0139816 -0.0682383 0.0215246 -0.0172699 0.000332264 0.00603863 0.484903 -0.0394217 0.0364946 -0.000520788 0.0996088 -0.00238394 0.00277649 0.0216168 -0.00898353 0.0261385 0.00331678,800,0,cuda,32.04,34.95
test,1016,chihuahua_38,chihuahua,dog,correct,chihuahua,lime,10,0.999925,36,0.682338,0.878562,0.196224,0.231086,0.844062,0.604511,0.641967,,,-0.0238371 0.0202614 0.0378466 -0.00802798 0.0913087 -0.03346 0.00958565 -0.0231263 0.029282 0.0332606 -0.00359863 0.364106 0.176482 0.0193423 0.0225688 0.102587 0.00299955 0.0579491 0.194061 0.0410209 -0.005836 0.218237 0.0374469 0.0641681 0.0253946 0.0443629 0.0288836 -0.00132311 0.045107 -0.0165065 -0.0105509 0.0166118 0.144362 0.0946514 0.0136931 0.0122054,800,0,cuda,48.86,58.24
test,60,Abyssinian_65,Abyssinian,cat,correct,Abyssinian,lime,0,0.99704,43,0.263951,0.954908,0.690957,0.333457,0.933148,0.22561,0.564855,,,0.0419229 -0.00362075 0.00140929 0.0355672 0.0117234 -0.00458391 0.00850599 -0.00995186 0.0999532 0.010667 0.0303187 0.00403216 -0.000174983 0.00033953 -0.0179504 -0.000778183 -0.00346173 0.00500057 0.147505 0.000460428 0.00581407 0.0338404 0.0031428 0.0162982 0.134405 0.00551682 0.000658467 -0.0037574 0.145306 -0.00187948 0.0324862 -0.0226683 0.00382748 0.107236 0.00145821 0.00608981 -0.00381574 -0.0112776 0.00773801 0.0308125 -0.00224305 -0.00851454 -0.0254489,800,0,cuda,44.79,49.74
test,2077,Maine_Coon_97,Maine_Coon,cat,correct,Maine_Coon,lime,20,0.982458,37,0.540697,0.977597,0.4369,0.152886,0.899272,0.366047,0.691782,,,-0.028818 0.0156414 -0.0640075 0.139978 0.000958714 0.0052694 0.0357928 0.040646 0.101795 0.00979551 0.125898 0.0696989 0.0705782 0.00201938 -0.00490947 0.238273 0.141582 -0.0136888 -0.0384144 0.191509 0.134087 0.0416392 0.110562 -0.0302439 0.198464 0.0597011 -0.0596236 0.0369606 -0.000988989 -0.0613941 -0.0584645 0.00744321 0.0293584 -0.0227032 -0.037358 -0.0222083 -0.00577697,800,0,cuda,40.79,44.6
test,782,Bombay_96,Bombay,cat,correct,Bombay,lime,7,0.883483,35,0.649853,0.990592,0.340739,0.061847,0.908467,0.04553,0.796398,,,-0.0231096 0.0131311 -0.00807143 -0.00844157 0.0249259 -0.00906655 -0.00582752 0.0108285 -0.0127757 -0.0287152 -0.0334626 0.0472404 -0.0287439 0.0538161 -0.0350958 0.0226118 -0.00700387 -0.012573 0.0660148 0.0044309 0.042533 0.0324437 0.0213563 -0.0192129 0.48332 0.109591 -0.00976119 -0.000119874 -0.00710872 0.0395908 0.332422 0.0287707 -0.000118219 0.00988693 -0.0370081,800,0,cuda,30.8,46.95
test,35,Abyssinian_36,Abyssinian,cat,correct,Abyssinian,lime,0,0.796279,39,0.258749,0.973991,0.715242,0.052764,0.854678,0.426734,0.454522,,,0.00821124 0.0224539 -0.0020919 0.00824818 -1.03076e-05 -0.00092208 0.00297235 -0.00514238 -0.00808787 -0.00205282 -0.000837335 0.0135504 0.0388163 0.00618304 0.00207418 0.0169013 -0.00115119 0.0287641 -0.0167084 0.0783143 -0.00295727 0.0342836 0.0047451 0.00340684 0.088822 0.0870711 -0.00608756 0.0274177 0.087486 0.0268593 0.019248 0.0161872 -0.0493471 -0.00671314 -0.00102691 -0.0502504 0.0116101 -0.0176034 0.00328939,800,0,cuda,36.17,48.98
test,3084,shiba_inu_203,shiba_inu,dog,correct,shiba_inu,lime,31,0.999904,37,0.694216,0.970047,0.275831,0.266704,0.923201,0.531141,0.658323,,,0.00905732 0.0144966 0.060281 0.0233164 0.0477892 0.0272083 0.114295 0.155108 0.0127248 0.0183819 0.140748 0.344134 0.0512667 0.0347581 -0.00509685 0.0686642 0.0192299 0.114117 0.0229383 0.11304 0.0785068 0.00757426 0.093689 0.0307316 -0.0299327 -0.00656571 0.0383323 -0.00539829 -0.0023896 0.0266336 0.00280368 -0.00673098 -0.00515987 -0.0137217 0.0174692 -0.00471869 -8.49389e-05,800,0,cuda,43.4,56.39
test,1650,havanese_71,havanese,dog,correct,havanese,lime,16,0.645228,35,0.503747,0.849073,0.345326,0.064152,0.531647,0.144122,0.642097,,,0.044877 0.012542 0.019779 0.0847986 0.00489506 -0.00552004 0.115628 0.0450553 -0.00758638 -0.000822832 0.055179 -0.0365506 0.00452612 0.0474991 0.0147972 0.126624 -0.0288933 0.244842 0.036383 -0.00285652 0.0457565 0.0567793 0.0850252 0.0661155 0.0184612 -0.00276131 -0.0107662 0.0384082 -0.00108683 0.0129496 0.02662 -0.00067051 -0.00784577 0.0269891 0.0193339,800,0,cuda,49.71,57.56
test,1060,chihuahua_78,chihuahua,dog,correct,chihuahua,lime,10,0.994297,40,0.435547,0.828715,0.393168,0.092663,0.958606,0.30321,0.862592,,,-0.0264331 -0.0124048 -0.0116547 0.00121862 -0.0136469 0.0219439 -0.005227 0.0109409 -0.0357383 -0.0115188 -0.00205502 -0.0138065 0.0101586 0.179499 0.00989882 0.0695409 0.0219626 0.0409089 0.0145888 0.139104 0.709048 0.0551493 0.0456932 0.0325508 -0.00563893 0.0283035 0.0449679 0.0641033 0.0638454 0.00343674 0.00408936 0.000494147 0.0141095 0.00351867 -0.00405211 -0.00794951 -0.00188488 -0.000355143 0.01345 0.0120144,800,0,cuda,43.5,46.66
test,358,basset_hound_64,basset_hound,dog,wrong,beagle,lime,4,0.92907,35,0.488421,0.9114,0.422979,0.090703,0.92755,0.102532,0.682809,,,-0.0160217 -0.0297219 -0.0185292 -0.0681546 0.00565253 0.223061 0.101363 0.204867 -0.0183871 -0.0570471 -0.00604105 -0.04789 0.241268 0.0484687 0.0108043 -0.0166234 0.0787835 -0.0299077 0.0123561 0.0127282 0.14689 0.010405 -0.0211661 0.0173637 -0.0115364 -0.0498125 -0.0921726 -0.0718438 0.00395213 -0.0128206 0.0160217 -0.000322735 0.0062975 -0.000492999 -0.023042,800,0,cuda,56.99,57.99
test,1123,Egyptian_Mau_40,Egyptian_Mau,cat,correct,Egyptian_Mau,lime,11,0.892296,37,0.633769,0.846498,0.212728,0.105897,0.921559,0.265238,0.709427,,,0.00907424 -0.00849735 -0.00478702 0.0475442 0.011231 0.00971765 -0.0086325 0.0589289 -0.0912261 0.0182227 0.0192034 0.0216817 0.0105352 0.00262139 -0.00327476 0.0657104 0.00307718 0.063608 -0.130135 -0.0511145 -0.0928059 0.270912 -0.0778661 -0.00312994 0.0342215 0.00440652 -0.218743 0.0764197 0.00127046 0.0157045 0.172001 0.100658 0.0242702 0.0428988 0.102461 0.0681685 0.0152835,800,0,cuda,61.9,66.1
test,3603,yorkshire_terrier_40,yorkshire_terrier,dog,correct,yorkshire_terrier,lime,36,0.999134,35,0.400231,0.540048,0.139817,0.261002,0.929225,0.345299,0.512545,,,0.0100464 0.0260965 -0.00772625 0.0148772 -0.00186516 0.0545528 0.164136 -0.0104782 0.00913276 0.102953 0.0130404 -0.010644 0.0159924 0.0073542 0.121899 0.168126 0.0613765 0.208583 -0.0157101 -0.00155926 0.0214832 0.0212494 0.0133299 -0.0150278 0.0243339 -0.00633235 0.0109245 0.0116394 0.0201735 -0.01015 -0.0142068 0.000968953 -0.0180522 -0.00768936 0.0291816,800,0,cuda,43.55,44.14
test,524,Bengal_33,Bengal,cat,correct,Bengal,lime,5,0.998465,41,0.47164,0.783581,0.311941,0.360785,0.965296,0.115268,0.279435,,,0.00221156 0.000552598 0.00563586 0.00672499 0.0113032 0.00532835 0.00461531 0.00503441 0.0154626 0.032325 0.00259517 -0.00223572 0.0318492 0.0259992 0.0265117 -0.000987017 0.00452709 -0.00242767 0.0237462 -0.00303308 0.0297909 0.0056 -0.00497663 0.000628441 0.0465973 0.00538673 0.0253132 0.000496945 -0.00998266 0.00262296 -0.00263269 0.02428 0.00384807 -0.00183454 0.0051689 -0.00587101 -0.000215317 -0.00776295 -0.00322463 0.000289592 -0.00566409,800,0,cuda,36.25,50.38
test,1200,english_cocker_spaniel_26,english_cocker_spaniel,dog,correct,english_cocker_spaniel,lime,12,0.996714,42,0.533462,0.576923,0.043461,0.056111,0.785517,0.849892,0.180372,,,0.0142517 -5.00612e-05 0.00556462 0.0048774 0.0073794 0.00293024 0.00805392 0.00133559 0.00530374 -0.00313545 0.00263028 0.00758465 0.00462839 0.00997108 -0.000351674 0.000311948 0.00349542 0.00967974 0.00478582 0.00735018 0.00140929 0.008378 0.0131694 0.0080142 0.012435 0.00641613 0.0092055 0.0144885 -0.000414889 0.00652402 0.00998874 0.0203155 0.00651353 0.00503414 0.000895708 0.00863445 0.016052 0.00440904 0.00200578 0.0153466 0.0055139 0.00590082,800,0,cuda,57.51,58.51
test,2861,saint_bernard_82,saint_bernard,dog,correct,saint_bernard,lime,28,0.998631,38,0.543706,0.922353,0.378647,0.106175,0.935037,0.385898,0.703161,,,0.00571245 0.0449324 -0.0120158 0.00646575 -0.00544932 -0.00115501 0.0172872 0.268756 0.125078 0.0224553 -0.00564564 -0.00191577 -0.00655031 0.00464187 0.0687508 0.455538 -0.0206304 -0.0451266 0.259919 -0.0275431 0.00954661 0.0290986 0.339114 0.00732241 -0.00948274 0.0425236 -0.0107161 0.0989407 0.067585 -0.00126111 -0.00141125 0.0217898 0.012332 -0.00193766 -0.0191028 -0.0165765 -0.0136593 0.00515642,800,0,cuda,35.66,42.68
test,265,american_pit_bull_terrier_69,american_pit_bull_terrier,dog,correct,american_pit_bull_terrier,lime,2,0.79984,34,0.967714,1.0,0.032286,0.052199,0.641681,0.534394,0.399666,,,0.00298134 0.00593615 0.006361 -0.00464497 0.0105377 -0.00349513 -0.0259709 0.00501638 0.00209114 0.0171417 0.00649774 0.0106191 0.000947225 0.00249676 0.00566093 -0.0146049 0.00369599 -0.00360532 0.0473727 0.00750402 0.0678627 0.0173734 0.0105645 0.0721684 0.0261518 -0.000577828 -0.0035727 0.0763725 0.00341001 0.00282297 0.00781952 0.0176542 0.0589578 0.0029662,800,0,cuda,51.17,61.72
test,1585,havanese_194,havanese,dog,correct,havanese,lime,16,0.998946,42,0.811165,0.81556,0.004396,0.461655,0.726278,0.484792,0.492899,,,0.0273427 -0.007275 0.00383976 0.0614101 0.0186296 0.0951188 0.0534743 0.0145096 0.0252713 0.0536503 0.00175494 0.0377341 0.0296479 0.0325105 0.0258513 0.0178 0.0131005 0.0276672 0.0551254 0.0526955 0.101872 0.0516983 0.0205477 0.00274804 0.0586171 0.0275032 0.0169452 0.0161282 0.0504038 -0.00776214 0.0043785 0.0254865 0.0651347 -0.00920536 0.047633 0.044465 0.016593 0.0153557 0.0510724 0.0405015 0.0072225 -0.00751543,800,0,cuda,25.24,30.57
test,1664,havanese_84,havanese,dog,correct,havanese,lime,16,0.994433,30,0.705357,0.987672,0.282315,0.312632,0.863974,0.43602,0.776743,,,0.0648474 0.0240187 -0.00877106 0.10393 -0.00811556 -0.00974491 0.0816999 0.150545 0.117664 0.218272 0.204302 0.00310438 0.0311243 0.0249218 0.00970659 0.466357 -0.00494571 0.0577615 0.0138252 -0.0759068 0.0314665 0.0312251 0.0178448 0.0133405 0.0131674 0.01806 -0.00696526 -0.00829526 0.0327692 -0.00596203,800,0,cuda,56.66,66.94
test,1968,leonberger_89,leonberger,dog,correct,leonberger,lime,19,0.998367,42,0.600606,0.990525,0.389919,0.271128,0.931096,0.240738,0.335455,,,0.0138578 0.00502198 -0.0161465 -0.00258628 -0.000899097 -0.00339086 -0.0104892 0.0281047 0.00428348 -0.0147128 0.0205751 -0.000399276 0.00493316 0.0167848 0.00204959 0.0701436 -0.0108936 0.0258492 0.00688263 0.0126037 0.0242467 0.0654354 -0.0095403 0.0723418 0.0110681 0.0430842 0.00995879 0.0968691 0.0316346 0.0400316 0.0188634 0.0127579 0.0138315 0.0223084 0.0147674 0.00114492 -0.00362532 -0.01121 0.0134093 -0.00529944 0.00212492 0.00223014,800,0,cuda,19.72,29.41
test,1518,great_pyrenees_42,great_pyrenees,dog,wrong,samoyed,lime,15,0.635437,30,0.487982,0.989127,0.501145,0.20643,0.8805,0.581177,0.63846,,,0.0148869 0.0249218 0.0277793 -0.0322277 -0.00606474 0.0046788 0.0533891 0.00531811 0.301147 0.171376 -0.121 0.0234655 0.120398 0.0443906 0.138619 0.07931 0.0258621 0.0960914 0.0631994 0.0649315 0.0329295 0.0179069 0.0443533 0.00347048 0.0188928 -0.00286331 0.00588206 0.0237105 0.0198912 -0.010641,800,0,cuda,44.96,47.74
test,2509,pug_34,pug,dog,correct,pug,lime,25,0.999654,38,0.648896,0.991187,0.342292,0.229841,0.907504,0.558925,0.674413,,,0.0011748 0.00617922 0.0395883 0.0373431 0.131136 0.0246602 -0.0118075 0.109361 0.0140062 0.0181557 0.220243 0.140029 0.262812 0.0135083 -0.0315285 0.082487 0.0723176 0.0946686 0.00130043 0.302652 -0.0147703 0.000771463 0.0410359 0.103343 0.0151733 -0.0477081 0.149788 0.0045825 0.0092593 -0.018823 -0.00952031 -0.00117667 0.0145186 -0.0251029 0.00306171 -0.00481344 -0.0142954 0.000962618,800,0,cuda,60.41,65.12
test,2879,saint_bernard_99,saint_bernard,dog,correct,saint_bernard,lime,28,0.997739,35,0.557139,0.953137,0.395998,0.14305,0.765616,0.481835,0.629192,,,0.0645562 0.115928 0.173515 0.0124191 0.12283 0.0148423 0.0807603 0.107778 0.0800299 0.343907 -0.000259393 0.0195898 0.170571 -0.000771469 0.0987858 -0.00627266 0.153705 0.145334 0.0097952 0.00331334 0.0852062 0.0284777 0.0244681 0.0929689 0.00728355 0.0192127 0.0194117 0.025556 0.024979 -0.0267598 0.0537325 0.0190641 -0.00970107 -0.027123 -0.0152198,800,0,cuda,45.02,48.13
test,3512,wheaten_terrier_49,wheaten_terrier,dog,correct,wheaten_terrier,lime,35,0.9986,35,0.634188,0.995553,0.361366,0.234669,0.931351,0.332973,0.486082,,,0.00695858 -0.013483 -0.0262326 -0.0163846 0.0404317 0.0529237 0.0228795 0.0157302 -0.0125186 0.00788045 -0.0053932 0.223861 0.200694 0.045973 0.0249216 0.015258 0.0929777 0.0205196 -0.0332317 -0.0132728 0.0255541 0.0509229 -0.000240083 0.0901554 0.032087 -0.007196 -0.012308 -0.00379219 0.0115668 0.0438253 -0.00761394 0.00501901 0.0492727 0.0103529 0.000782678,800,0,cuda,34.69,39.99
test,336,basset_hound_44,basset_hound,dog,correct,basset_hound,lime,3,0.998091,44,0.264031,0.767102,0.503072,0.188436,0.887345,0.284063,0.863102,,,0.000690062 -0.00245665 0.00601805 0.000301206 0.000305332 0.0148328 -0.0060847 -0.00209571 -0.00179678 0.00650879 -0.0153222 0.0109167 -0.00101459 -0.0129794 -0.0168784 -0.0272698 0.0342873 -0.00432562 0.0693278 -0.0071827 -0.00697584 -0.00531496 0.0454884 0.0297673 0.161782 -0.00621623 0.586831 0.0237361 0.0559192 0.000317746 0.0431063 -0.0125715 0.00483749 0.121767 0.0101799 0.000845576 -0.00623943 0.195683 0.0255301 0.00714194 -0.0015595 0.00789988 0.0175846 0.0122399,800,0,cuda,45.5,57.97
test,1156,Egyptian_Mau_77,Egyptian_Mau,cat,correct,Egyptian_Mau,lime,11,0.951606,36,0.499462,0.968404,0.468942,0.309999,0.849662,0.017143,0.568763,,,-0.0247376 -0.00431898 -0.142247 -0.00287789 -0.00538741 0.000757412 -0.0178025 -0.00408266 0.00515321 -0.0582945 0.0408645 -0.0223598 -0.00793068 0.0366943 -0.000274036 0.0880332 0.00264857 0.00827551 0.0330939 0.0776153 0.00967624 0.0194574 0.0430805 -0.00245399 0.0663389 0.0704158 0.0384052 0.0736075 0.0950019 0.134152 0.0134044 -0.00624998 0.0709931 0.0417922 -0.00770056 0.0436039,800,0,cuda,46.92,57.15
test,887,British_Shorthair_218,British_Shorthair,cat,correct,British_Shorthair,lime,9,0.99958,37,0.592435,0.982043,0.389608,0.164598,0.78045,0.087509,0.644117,,,-0.0546751 -0.00394143 0.0287594 -0.0311616 0.0454571 0.00572973 0.0174627 0.26267 -0.0200459 -0.00614014 0.0315046 0.0530723 0.0430047 0.0064146 0.0393695 0.248956 0.0414601 -5.83778e-05 0.163986 0.196343 0.0192113 0.00406168 0.0018964 0.114125 0.0147997 0.154811 0.0419419 0.042203 0.027015 0.0586909 -0.0127692 0.0909237 0.035861 0.0239773 0.000621129 -0.0182869 0.00208988,800,0,cuda,48.34,56.02
test,494,beagle_97,beagle,dog,correct,beagle,lime,4,0.999809,35,0.709443,1.0,0.290557,0.19213,0.946043,0.516913,0.644254,,,0.0193181 0.00327886 0.0107423 0.0224105 0.0965175 0.00809893 0.0393531 0.0367843 0.0360637 0.138326 -0.0249132 0.0221836 0.0292146 0.0630833 0.162101 0.201516 0.0381497 0.0145194 0.0652465 0.0167674 -0.00382473 0.0312929 0.312737 0.0196227 -0.011409 -0.0338999 -0.0108541 0.196115 0.04638 -0.0194888 -0.029191 0.0808747 0.0262097 -0.00720383 0.0135027,800,0,cuda,41.35,45.51
test,580,Bengal_84,Bengal,cat,correct,Bengal,lime,5,0.997482,33,0.559431,0.806184,0.246753,0.117648,0.864302,0.226754,0.634179,,,0.015246 0.0054473 0.0135301 -0.00141914 0.0274355 -0.011159 -0.00812232 0.0116098 0.252329 -0.0296942 0.0138957 0.11182 0.110228 0.120392 -0.0522893 0.0486457 0.00812187 0.0311374 -0.00373303 0.00762192 0.0087346 0.172642 0.0197259 0.0519637 -0.00467 -0.0174253 0.00148799 0.0878131 -0.00335682 -0.00410574 0.186308 0.0395855 -0.0619653,800,0,cuda,53.65,54.4
test,3381,staffordshire_bull_terrier_201,staffordshire_bull_terrier,dog,correct,staffordshire_bull_terrier,lime,34,0.996117,40,0.527284,0.997687,0.470403,0.142318,0.767118,0.458921,0.783456,,,-0.000946619 0.0249618 0.00739785 0.0360826 0.118326 0.0101869 0.0290109 0.0114936 0.216515 0.0868172 0.0426402 0.200319 0.316728 -0.0085443 0.213602 -0.00185217 0.122901 0.0218313 0.0263726 0.00331462 0.0159048 0.0594438 0.013538 -0.0333738 0.0459148 0.0322431 0.0256385 -0.020937 0.0452465 0.0304692 0.0124025 0.0683789 0.0586881 -0.0111763 0.00775084 0.012287 0.0514978 0.00868187 0.0223021 0.0359683,800,0,cuda,27.14,38.95
test,2605,Ragdoll_262,Ragdoll,cat,correct,Ragdoll,lime,26,0.999999,35,0.834861,0.996298,0.161437,0.310145,0.807361,0.565869,0.716809,,,-0.0126261 0.0442096 0.0694568 0.0595918 0.0249577 0.0353069 -0.0308553 0.00595488 -0.0142817 0.0548971 0.0632216 0.0519783 0.0397324 0.111492 0.174256 -0.00715261 0.0124803 0.0357612 0.0202619 0.329693 -0.00555085 -0.00358793 0.133971 0.349536 0.106535 0.011212 -0.0127131 0.0582034 0.027779 0.233921 0.091365 -0.0151481 0.00117443 -0.0196385 -0.0125571,800,0,cuda,46.75,51.29
test,2785,saint_bernard_195,saint_bernard,dog,correct,saint_bernard,lime,28,0.998827,36,0.732282,0.974222,0.24194,0.180605,0.83104,0.262433,0.730327,,,-0.00225047 -0.0293961 0.00017148 -0.00474094 -0.00925994 -0.0068004 0.0646585 0.00539851 0.0256038 0.0110696 0.064899 0.055556 0.132223 0.0139956 0.0957501 0.124788 0.118414 0.0489031 0.21162 0.14164 -0.0226538 0.368425 0.107951 0.0178867 -0.00571529 0.0104401 0.00194288 0.0481759 -0.00355245 0.0660114 0.00809677 0.0249284 0.0081952 -0.00350882 0.013747 -0.0120137,800,0,cuda,44.4,48.11
test,1189,english_cocker_spaniel_198,english_cocker_spaniel,dog,correct,english_cocker_spaniel,lime,12,0.999066,39,0.487145,0.945029,0.457883,0.234008,0.806705,0.50456,0.749316,,,0.024996 -0.021424 0.0202325 0.0313559 0.0129376 0.0385819 0.0346929 0.00590538 0.020105 -0.0132644 0.153434 0.0323423 0.4599 0.0146684 0.199858 0.00272502 0.04688 0.0588636 0.104167 0.127096 -0.00597939 0.00363019 -0.0294679 0.0114731 0.055877 0.0206401 0.182878 0.100493 0.0258242 0.00979355 0.0314539 -0.00634131 0.0280198 -0.0045519 0.015815 -0.020442 0.0281483 0.0155346 0.0133413,800,0,cuda,56.46,73.76
test,3000,scottish_terrier_28,scottish_terrier,dog,correct,scottish_terrier,lime,30,0.999925,30,0.20458,0.6278,0.423221,0.195085,0.931288,0.162303,0.816436,,,-0.0156696 0.00289388 0.026951 -0.022291 4.8807e-05 -0.0148504 0.00588243 0.0316679 0.0250956 0.000694977 0.610414 0.00920566 0.0249084 -0.0195568 -0.0162676 0.0600506 0.0293506 0.000725909 -0.0161517 -0.00336748 -0.0324288 0.0038951 0.00166232 -0.0123979 0.224364 0.00563653 0.00581723 -0.00055881 0.00542248 0.00357029,800,0,cuda,42.75,44.73
test,212,american_pit_bull_terrier_203,american_pit_bull_terrier,dog,correct,american_pit_bull_terrier,lime,2,0.938464,40,0.290916,0.709633,0.418717,0.055689,0.863069,0.205202,0.716463,,,0.0235383 -0.00838523 0.00594539 0.0314564 0.0195576 0.0129667 0.0710202 -0.00964923 -0.00432041 -0.0263314 0.0101246 -0.025403 0.354082 0.00978037 0.186165 0.00351157 0.0251116 0.378443 0.174805 -0.0235745 0.0428237 0.0594235 0.0612538 0.0254019 -0.022175 0.118289 0.169523 -0.0521314 0.0234624 -0.00739099 0.0221414 -0.0351821 0.00967839 -0.0206319 0.0123093 0.00180589 0.00619295 -0.035146 0.0297414 0.0378519,800,0,cuda,40.66,44.83
test,3515,wheaten_terrier_51,wheaten_terrier,dog,correct,wheaten_terrier,lime,35,0.999462,33,0.19031,0.946419,0.756109,0.154607,0.954104,0.370898,0.715174,,,0.0257282 0.00591417 -0.00552344 -0.0179821 -0.00826214 0.00117797 7.96881e-08 0.0202557 0.00299164 -0.00966504 0.0229886 0.0140499 0.107176 0.0457634 -0.00660527 0.381041 0.0144193 0.0242002 0.0208868 0.00835748 -0.0243512 -0.000103482 0.135772 0.224182 -0.0181976 -0.0230933 0.0464892 0.0405853 0.202565 0.132315 0.0156285 -0.014874 -0.00626488,800,0,cuda,78.77,83.69
test,1064,chihuahua_81,chihuahua,dog,correct,chihuahua,lime,10,0.998283,39,0.76991,0.968098,0.198188,0.145957,0.655592,0.142939,0.544784,,,0.0461079 0.0345937 0.0485906 0.00645636 0.0206589 0.0113545 0.00570105 0.0136581 0.00633217 0.0095284 0.028295 0.171174 0.110234 0.0924228 0.090533 0.037233 0.118628 0.0576138 0.0687027 -0.00888992 0.0414876 0.110209 0.0360956 0.0795256 0.0148087 0.045317 0.0373833 0.010661 0.0452217 0.037371 0.0221598 0.00488928 0.0187302 0.0105358 -0.0390071 -0.0233703 0.0216259 0.003116 -0.0101175,800,0,cuda,60.0,68.33
test,75,Abyssinian_79,Abyssinian,cat,correct,Abyssinian,lime,0,0.998303,40,0.497788,0.934074,0.436286,0.208562,0.862922,0.351401,0.722555,,,-0.0135255 -0.00712706 0.00423269 -0.00189361 0.00292485 0.0160395 -0.00407085 0.182007 0.14518 0.167795 -0.00901501 0.0137232 0.0106841 -0.024842 0.0141913 0.00370908 -0.022219 0.119795 -0.0129989 0.0792822 -0.040027 0.0157835 -0.00686423 0.0547967 0.290568 0.103688 -0.0206172 0.0239819 0.00993321 0.0432078 -0.0169138 0.00571683 -0.0102193 0.00578688 0.0820198 -0.0149897 0.0863365 0.0149577 0.0151467 0.00296692,800,0,cuda,44.23,50.84
test,2943,samoyed_66,samoyed,dog,correct,samoyed,lime,29,0.999297,38,0.371193,0.863595,0.492401,0.21038,0.941085,0.317641,0.746462,,,0.00687489 0.0624531 -0.0198002 -0.00391215 0.0201805 0.0114432 -0.0107148 -0.0120109 0.0017076 0.0298938 -0.00679859 -0.0135165 0.0708921 0.00376307 -0.0024389 -0.00450427 -0.00780897 0.160285 -0.000729461 0.0232548 -0.00215524 0.476947 0.212971 0.0264549 0.00110498 0.00346885 0.0265588 0.00950314 0.0574131 0.0129132 0.0238135 0.0803591 -0.0115318 0.0282312 0.014302 0.00239025 -0.0141824 -0.0207469,800,0,cuda,29.76,39.68
test,1312,english_setter_37,english_setter,dog,correct,english_setter,lime,13,0.975952,36,0.285316,0.939254,0.653939,0.071912,0.951768,0.272137,0.67048,,,0.00347963 -0.00665065 0.0293115 -0.0187454 -0.00447536 0.0198174 0.00618255 0.0105837 -0.00913436 0.0307674 0.0373682 0.0184609 -0.0237989 -0.00213206 0.237294 0.0990642 -0.0143258 0.0222232 0.00278657 0.468294 0.00753117 0.0135838 0.220217 -0.0378111 -0.0174702 0.206171 0.00788141 0.113055 0.00528274 -0.00156878 -0.00414033 0.00874098 0.0269354 -0.007573 0.019234 0.00367017,800,0,cuda,35.46,50.5
test,1031,chihuahua_51,chihuahua,dog,correct,chihuahua,lime,10,0.98924,34,0.226044,0.859758,0.633713,0.056994,0.930098,0.043407,0.622444,,,-0.00860553 -0.0171438 -0.0116222 -0.00100752 -0.00532719 0.0129565 -0.00823129 0.00998539 0.00579279 0.0142419 -0.00312703 0.00277725 -0.000237194 0.0229293 0.169458 0.0228326 0.0428794 0.266883 0.0423079 0.0744412 0.0781945 0.0150518 0.114264 0.00904441 0.13957 0.283496 0.156472 -0.037716 -0.00933799 0.00857277 -0.00857767 0.0948212 -0.00567818 0.0262983,800,0,cuda,64.33,64.86
test,3196,Siamese_237,Siamese,cat,wrong,Bombay,lime,7,0.498883,38,0.377531,0.841547,0.464016,0.069604,0.58946,0.17225,0.647571,,,-0.0280973 0.00677165 -0.00835769 -0.0162939 0.127487 -0.00487815 -0.0562446 -0.00894678 0.00779078 -0.00153272 0.0156147 0.166593 -0.000638978 -0.0111366 -0.00287366 0.0270344 -0.0014981 -0.0108454 0.0377807 0.0135715 0.0116987 -0.0272277 -0.00283274 0.107004 -0.000751794 -0.0122466 -0.00394317 -0.00389134 0.00904447 -0.0660383 -0.00274186 0.0124824 -0.0185839 -0.0382799 -0.00300608 0.00731036 -0.000725659 -0.0205692,800,0,cuda,61.09,68.78
test,247,american_pit_bull_terrier_52,american_pit_bull_terrier,dog,correct,american_pit_bull_terrier,lime,2,0.778193,43,0.476383,0.783201,0.306818,0.035082,0.800499,0.166836,0.556112,,,-0.0216303 0.0222422 0.0569073 0.00934445 -0.0107062 0.000509616 0.0179589 0.0264949 0.2124 0.0414363 0.0235248 0.205438 0.0537191 -0.00182034 0.171048 0.0543059 -0.00287881 0.0241084 -0.0241608 0.0174035 0.0196906 -0.000305918 0.0212757 0.0301855 0.0368897 -0.00629524 -0.0216544 -0.0100306 0.0136352 -0.0118485 0.00144961 0.0159512 0.00128387 0.00399438 -0.00307292 0.0169996 0.0225882 -0.00391747 -0.00510929 0.00128974 0.010165 0.000874516 0.0122163,800,0,cuda,58.49,61.84
test,1595,havanese_21,havanese,dog,correct,havanese,lime,16,0.876418,35,0.495277,0.84944,0.354163,0.044474,0.676744,0.018332,0.679757,,,-0.0124579 -0.00511265 0.0391211 0.0999656 -0.0207893 0.0110088 0.0677946 0.0747721 0.103961 -0.0118074 0.073939 0.0255981 0.0762754 -0.000736246 0.100312 0.234532 0.196023 0.00963409 0.15108 -0.00552456 -0.0080525 0.0462548 0.0133232 -0.045664 0.00368205 0.0043935 0.0265384 -0.0281557 0.00809712 0.0041299 0.0127433 0.0250955 0.0177711 0.00429338 -0.0121417,800,0,cuda,56.77,59.36
test,3425,staffordshire_bull_terrier_60,staffordshire_bull_terrier,dog,correct,staffordshire_bull_terrier,lime,2,0.43416,36,0.467116,0.822123,0.355007,0.020287,0.767096,0.136559,0.670743,,,0.0220894 0.0305897 0.00471643 0.061276 -0.0104282 0.0447893 0.0433963 0.06861 -0.00967962 -0.00698894 -0.0384315 0.312769 -0.014561 -0.0422286 0.0693269 -0.0233577 0.0502985 0.100713 0.0354038 -0.0124523 -0.0200144 0.0553347 0.023577 0.0676993 0.00298244 0.0166699 -0.00439532 0.04089 -0.0289272 0.00591557 0.00596978 -0.0433607 -0.00179397 -0.00265481 -0.0263871 0.00162747,800,0,cuda,56.9,70.29
test,1500,great_pyrenees_26,great_pyrenees,dog,correct,great_pyrenees,lime,15,0.992709,34,0.330636,0.750527,0.419891,0.177965,0.791442,0.129623,0.768307,,,-0.0404043 -0.0171512 -0.00560818 -0.0135468 0.102979 0.0887522 0.280311 0.0457288 0.0165423 0.0281603 0.0967659 0.0692755 0.0538503 0.100081 0.0172341 0.042279 0.00839169 0.427117 0.0207281 0.0201244 0.0728212 0.00974701 0.0217277 0.0380399 0.0126103 0.00341805 -0.00842428 0.00295689 0.00673951 -0.0228593 0.0183343 -0.00392428 0.0140845 0.0108288,800,0,cuda,39.46,40.43
test,1919,leonberger_44,leonberger,dog,correct,leonberger,lime,19,0.999518,38,0.658542,0.992346,0.333804,0.188093,0.932923,0.272769,0.787156,,,0.013521 -0.00238354 -0.00710274 0.00913946 -0.0390138 0.00447018 0.00163761 0.105861 -0.0170373 -0.00127293 0.0099567 0.0162895 0.126886 0.250879 0.00197342 -0.0172823 -0.00303547 0.0140022 -0.0127061 -0.00653747 -0.0144036 0.575549 -0.00742959 -0.000285692 -0.0120717 0.00946256 0.00864875 0.0235049 0.12105 0.114976 -0.00715346 0.00288549 0.0316355 0.00125078 -0.00749549 -0.0210594 -0.00400045 -0.0161079,800,0,cuda,49.88,54.61
test,186,american_bulldog_8,american_bulldog,dog,correct,american_bulldog,lime,1,0.999977,35,0.611348,0.944801,0.333453,0.182601,0.905721,0.390757,0.860828,,,-0.00305628 0.032627 0.0178798 0.0202142 0.00780781 0.0316053 0.020082 -0.0057665 0.0542108 0.257679 -0.00583053 0.0249753 0.157581 -0.018056 0.544354 0.147707 0.0141116 0.0708466 0.0903313 0.0478494 -0.0262131 0.0522149 0.0868293 -0.0243456 -0.0111996 0.0415518 -0.00921145 0.0233511 0.00560583 0.0363361 -0.0172574 -0.00979706 -0.0123924 0.00848421 -0.00883698,800,0,cuda,50.71,53.86
test,2727,Russian_Blue_43,Russian_Blue,cat,correct,Russian_Blue,lime,27,0.986906,39,0.305824,0.956599,0.650776,0.11196,0.82304,0.299679,0.769436,,,0.0164446 0.0600613 0.0447427 0.0132909 0.0380655 0.0459987 0.19744 0.0234504 -0.00103128 0.0416267 0.0598485 0.0563754 -0.0222524 0.199741 0.225495 0.0300931 -0.015254 0.300252 0.0306587 -0.0100679 0.136128 0.0627475 0.0129892 0.0940644 -0.0235815 0.111699 0.0585945 -0.0273835 0.00747228 -0.0108367 0.0134967 -0.005096 0.002243 0.00150649 -0.0238476 -0.00137736 0.00928751 -0.00139367 -0.0201174,800,0,cuda,49.41,55.57
test,2015,Maine_Coon_30,Maine_Coon,cat,correct,Maine_Coon,lime,20,0.832969,40,0.691307,0.581877,-0.10943,0.071347,0.831829,0.116657,0.578564,,,0.0305375 0.12921 0.0946362 0.0658318 0.26725 -0.0509079 -0.0180235 0.0492873 -0.0672794 0.0191345 -0.0762763 0.0222805 -0.00345982 -0.116152 -0.0720437 0.0150849 -0.0022737 -0.00398113 -0.0204991 -0.00329192 0.114409 -0.00728306 -0.00707798 -0.00401172 0.0157004 -0.00821829 -0.0189109 0.047459 0.0521701 -0.0211985 0.022137 -0.0366487 -0.00332017 0.0253175 0.017325 -0.00169408 -0.0248995 -0.0101772 -0.00879292 0.0172692,800,0,cuda,34.2,38.23
test,2056,Maine_Coon_75,Maine_Coon,cat,correct,Maine_Coon,lime,20,0.998142,38,0.829082,0.994651,0.16557,0.460171,0.906552,0.257468,0.635997,,,0.00741905 -0.050578 -0.0026635 -0.00906711 -0.00435188 0.00496895 -0.0145031 0.0761399 -0.0184642 0.0153415 0.00973317 0.00401684 0.0514476 0.0152807 0.0267192 -0.00477781 0.0534037 0.0647112 0.0105507 0.0278541 0.0560885 0.0632956 0.154655 0.10005 0.039632 0.0228476 0.0225717 -0.0176844 0.0134016 0.0221741 0.0473405 0.00746975 0.0141125 0.0110132 0.00762394 0.00262981 0.0428048 -0.0045283,800,0,cuda,50.97,56.98
test,2527,pug_50,pug,dog,correct,pug,lime,25,0.994437,34,0.524713,0.837832,0.313119,0.143983,0.72115,0.109689,0.675314,,,-0.0205688 0.124839 0.0771153 0.0892654 -0.0056097 0.0404075 0.0882434 0.0340159 0.181754 0.00455089 0.0618534 0.139116 0.252537 0.0350604 0.0807958 0.0233258 0.0752601 0.174782 0.0310602 0.0207242 0.0631793 0.0326179 0.0236034 0.0151803 -0.00931427 0.00775369 0.00680624 0.00030224 -0.02752 0.00115638 0.010331 0.0369453 0.00831425 0.00963778,800,0,cuda,59.64,72.66
test,1622,havanese_46,havanese,dog,correct,havanese,lime,16,0.973695,29,0.549546,0.991115,0.44157,0.041046,0.782978,0.144533,0.72288,,,0.117267 -0.012848 0.0585687 0.0134824 0.20162 0.354129 0.0851483 0.134725 -0.011033 0.148442 0.0623716 0.114725 0.02172 0.0783767 0.130803 -0.0186319 -0.00992783 0.0918776 -0.0104584 0.0671647 -0.00235438 0.0456183 -0.0153632 0.00558088 0.0192716 0.0026271 0.00667333 0.0293933 0.0207812,800,0,cuda,47.6,56.44
test,2588,Ragdoll_224,Ragdoll,cat,correct,Ragdoll,lime,26,0.570122,29,0.898438,0.96381,0.065372,0.037741,0.399702,0.357401,0.362594,,,0.0310163 0.00956798 0.00837392 0.0215305 0.00129455 -0.00676856 0.014547 0.0335875 -0.0153643 0.0110296 0.0530996 0.000519214 -0.00736814 0.0132218 0.0430438 0.0253855 -0.00459957 0.0103951 0.00164131 0.0297419 0.0492642 0.00737877 0.000621516 0.0139822 -0.00244862 0.0157374 -0.00177102 0.00762721 -0.00487145,800,0,cuda,52.35,53.83
test,1075,chihuahua_91,chihuahua,dog,correct,chihuahua,lime,10,0.997031,43,0.098673,0.310903,0.21223,0.027299,0.919775,0.11535,0.707819,,,-0.00352878 -0.00439404 -0.000871373 0.00508996 0.132814 0.00951031 0.0038938 0.0342892 0.5411 0.0142104 0.189292 0.0115956 0.285193 -0.0244483 0.0107587 0.043556 -0.0284312 -0.0236813 0.0355627 -0.0136994 -0.00712028 0.0137835 -0.0187281 -0.0025994 -0.00923683 -0.012829 -0.00503875 0.015915 0.00926231 0.00800122 -0.0163831 0.0116967 0.00323268 0.006218 0.0100329 0.0171753 0.00340452 -0.0038401 0.0109296 0.00817857 -0.00313941 0.00899395 -0.0156308,800,0,cuda,66.46,67.54
test,2545,pug_67,pug,dog,correct,pug,lime,25,0.999713,32,0.353097,0.979175,0.626077,0.186597,0.92277,0.412739,0.778207,,,0.091904 0.00832441 -0.0199899 -0.0108869 0.0113649 0.0926659 0.00791211 0.0125819 0.00918344 0.00988311 0.153804 0.172725 0.000298297 -0.0347182 0.220834 0.104714 0.510779 -0.00455917 0.00556938 0.0206793 0.172366 -0.00847716 0.000284776 -0.0107447 0.0078354 -0.00979437 0.0402715 0.0268319 0.00213591 -0.00514862 -0.00242214 -0.0115607,800,0,cuda,59.28,60.59
test,2922,samoyed_47,samoyed,dog,correct,samoyed,lime,29,0.998085,33,0.794563,0.996229,0.201666,0.341275,0.82444,0.51195,0.633744,,,-0.0398282 0.000771656 -0.00603728 0.0104947 0.0828418 0.0408877 0.0578971 0.00925103 -0.00831183 0.0609476 0.15026 0.115676 0.255305 0.283544 0.147983 0.0549551 0.0562997 0.143024 0.0512531 0.0679992 0.0107612 0.0535173 0.0317621 0.00358625 -0.0097927 -0.0029787 -0.00811434 0.0217477 0.000836166 0.013073 0.0125289 -0.0319119 -0.00253277,800,0,cuda,61.86,62.49
test,1781,japanese_chin_9,japanese_chin,dog,correct,japanese_chin,lime,17,0.999986,37,0.78689,0.996897,0.210007,0.296592,0.935464,0.410849,0.530008,,,-0.000356586 0.0421037 0.0136882 0.0021197 0.0242784 0.0224552 -0.00960196 -0.0176311 0.014966 0.0272564 0.0693729 0.177844 0.128727 0.171428 0.0683826 0.0623715 0.115626 -0.0210343 -0.00262787 0.0815423 0.00195322 -0.0171258 0.0826922 0.0154441 0.00692091 0.103397 0.00844119 0.0216742 -0.0306669 -0.00245327 0.00746177 -0.0202231 -0.014806 -0.0116926 0.0253549 -0.0136051 -0.0162567,800,0,cuda,43.62,49.58
test,2422,pomeranian_47,pomeranian,dog,wrong,samoyed,lime,24,0.986686,37,0.394312,0.698265,0.303953,0.036693,0.883604,0.117917,0.686662,,,-0.00348976 0.012584 0.00847423 -0.00634186 -0.012436 0.0109455 0.0396023 0.155426 -0.0104675 -0.0011936 -0.0112483 0.132453 0.341844 0.0293071 0.0537469 0.00584402 0.0119134 0.29084 0.120509 0.048236 0.0682262 -0.0114254 -0.0312033 0.0276711 0.021421 0.0262965 -0.0240959 0.00880964 -0.0469964 -0.00497793 0.0257055 0.0100112 -0.0018001 0.0125438 0.00879896 -0.0110899 0.00625306,800,0,cuda,35.37,45.88
test,1655,havanese_76,havanese,dog,correct,havanese,lime,16,0.771373,42,0.894511,0.903828,0.009317,0.095539,0.800839,0.211,0.51606,,,0.0109962 0.094666 0.0376996 0.029623 0.0668512 0.0358349 0.0418888 -0.031809 0.102646 0.0417018 -0.0257009 0.0124016 0.0767615 0.0334888 -0.0151704 -0.0637166 0.0402363 -0.0579271 0.00192703 -0.00233318 0.114822 0.216505 0.222968 0.00789768 0.0560944 0.0437688 -0.0263312 -0.0170882 -0.0033387 0.00424317 0.00392612 0.0289568 0.0279661 -0.0528131 -0.0151842 0.0157791 0.0432826 0.0206868 0.0115878 -0.0346071 -0.0574857 -0.00185374,800,0,cuda,51.09,52.91
test,32,Abyssinian_31,Abyssinian,cat,correct,Abyssinian,lime,0,0.993694,34,0.568937,0.890805,0.321868,0.28061,0.931742,0.251143,0.611481,,,0.133882 0.102273 0.0441698 0.0396522 0.136248 0.02813 0.0185333 -0.00370165 -0.0186513 0.00346581 -0.00105449 -0.00024754 -0.0161477 -0.00366314 0.0584398 0.00733899 0.070592 0.00990637 0.00269767 0.0364706 -0.00821929 -0.026571 0.0107044 0.0300847 0.0946122 0.0354523 0.0371578 0.0646329 0.060957 -0.128755 -0.0321875 0.231825 0.0338215 0.00406806,800,0,cuda,24.55,31.74
test,3136,shiba_inu_60,shiba_inu,dog,correct,shiba_inu,lime,31,0.999701,34,0.324059,0.644351,0.320292,0.114151,0.932846,0.174065,0.74157,,,0.0480879 0.0217048 0.0175618 0.101557 0.0829783 0.0225877 0.0264915 0.280188 -0.0102257 0.352619 0.0523898 -0.00222108 0.393838 0.0598838 0.0223176 0.00526028 -0.00206938 0.00307535 0.058639 -0.0371675 0.0392347 -0.00883625 0.00985848 -0.00132709 0.0743347 0.0200335 -0.00823462 -0.00211293 0.00171971 0.0300045 0.0367184 -0.00296064 -0.00875914 -0.00087983,800,0,cuda,31.16,33.65
test,1124,Egyptian_Mau_42,Egyptian_Mau,cat,correct,Egyptian_Mau,lime,11,0.999966,43,0.666932,0.983429,0.316496,0.34133,0.937596,0.199493,0.371568,,,-0.00650483 0.0320921 0.00506874 0.0421727 0.00260244 -0.00568934 0.00215769 0.00426888 0.00551214 0.007445 -0.00703758 0.00359851 0.0565392 0.0154735 0.00505472 0.0475509 0.0561046 0.0196782 -0.00682352 0.0114715 0.00630708 -0.000190488 0.00795991 -0.000117654 0.0427727 0.00631868 0.017715 -0.00309544 0.0407266 0.0149153 0.0123432 -0.00593667 0.0573098 0.000446323 -0.00317497 0.00675345 -0.00253887 -0.0145626 0.0254122 -0.00370382 -0.0163872 -0.01389 0.0911904,800,0,cuda,37.58,46.36
test,2635,Ragdoll_54,Ragdoll,cat,wrong,Persian,lime,26,0.997419,35,0.747469,0.992217,0.244748,0.215461,0.717467,0.025168,0.699395,,,0.0962281 0.0226394 0.110964 -0.0053259 -0.00653831 0.0261371 0.0982009 0.064384 0.0663938 0.0266299 0.0302447 0.100123 0.148416 0.000137456 0.150404 0.231239 -0.00878972 -0.00470147 0.11504 -0.0160234 -0.100606 0.0133831 -0.0189036 0.108462 0.0180674 0.0109144 0.0643737 0.0649779 0.039753 0.0905666 -0.00576405 -0.00855633 0.011331 -0.00237164 -0.0046372,800,0,cuda,55.22,62.81
test,445,beagle_52,beagle,dog,wrong,basset_hound,lime,4,0.999735,47,0.280572,0.657375,0.376802,0.158294,0.961804,0.111867,0.565371,,,-0.0183873 0.0108801 -0.0241092 -0.0307966 0.066457 0.00963875 -0.0158225 0.0181293 -0.0248847 0.0273435 0.0167715 -0.0110234 -0.0334269 -0.0276792 0.035067 0.0405032 0.239531 0.160722 0.00737247 -0.0153118 -0.0119949 -0.0107596 0.00522643 0.0619166 -0.0172415 -0.0441792 0.425859 -0.0687426 -0.0152801 -0.0155927 -0.0166295 0.0394809 0.0281813 0.0505639 0.0795186 -0.0326977 0.00872309 -0.0235743 -0.0367936 0.0169911 0.0434198 -0.0507908 -0.0188517 0.0374676 0.0143451 -0.0193801 0.0372029,800,0,cuda,53.52,69.05
test,3148,shiba_inu_71,shiba_inu,dog,correct,shiba_inu,lime,31,0.998657,37,0.550104,0.965678,0.415574,0.130574,0.912022,0.184025,0.923714,,,0.0688682 0.0104396 0.00170202 0.0173973 0.0367503 -0.0245555 0.0149807 0.0892397 0.0230433 -0.000530432 0.0233562 0.000431535 0.0485405 -0.00619147 0.0229024 -0.00481565 0.00223234 0.062552 0.0066259 0.0040367 0.000172161 0.00879526 0.80101 -0.0037434 0.0127239 0.0203244 -0.00561053 0.069531 0.0188077 0.022651 0.0155266 -0.00573528 -0.00256831 0.00439642 0.00364674 0.000884138 0.0107027,800,0,cuda,54.52,65.52
test,464,beagle_6,beagle,dog,correct,beagle,lime,4,0.999379,45,0.157585,0.626332,0.468747,0.149662,0.936991,0.351538,0.721344,,,-0.00892824 0.00550013 0.00951723 -0.0118649 -0.00467354 0.0148612 -0.016357 0.0271365 0.00369183 -0.0159257 0.00766263 0.0164052 -0.00405124 -0.00674224 -0.00119343 0.0127249 0.016194 -0.00502672 -0.0287664 0.0284063 -0.0275575 0.0207517 -0.00847731 -0.0116597 0.0781254 0.0678445 0.0188444 0.530851 -0.000296693 0.0109114 0.27076 0.00822909 0.0318594 0.0363168 0.0981927 0.0541456 -0.0548423 0.0554489 -0.000507688 0.042168 0.0109634 0.0522287 -0.0134231 -0.0183188 -0.00440489,800,0,cuda,55.98,63.24
test,3626,yorkshire_terrier_61,yorkshire_terrier,dog,correct,yorkshire_terrier,lime,36,0.996793,40,0.777304,0.988842,0.211538,0.307832,0.917868,0.411522,0.652953,,,-0.0154891 0.110412 -0.0145055 0.0743744 0.010428 0.0234844 0.0506633 0.0784406 0.0308485 0.0127908 -0.00344859 0.0181648 0.011933 0.0601338 0.0311779 0.0162774 0.0133385 0.0533665 0.000652481 0.0335251 0.24792 0.00649305 0.0544054 0.0250384 0.011573 0.0262796 0.118214 0.0593243 0.24331 -0.00504278 0.0477743 0.00821431 0.181671 -0.00721541 0.0484407 -0.00769359 -0.0260674 0.00501431 -0.0331038 -0.00743373,800,0,cuda,42.01,47.58
test,2179,miniature_pinscher_99,miniature_pinscher,dog,correct,miniature_pinscher,lime,10,0.913819,31,0.45737,0.712789,0.255419,0.049067,0.832417,0.230519,0.656528,,,0.0812509 0.0104694 0.000544813 0.133701 0.00899009 0.187459 0.00553898 0.0914254 0.170942 -0.00970349 0.0965496 0.192272 -0.0205268 0.0352083 0.14073 -0.0208565 -0.00955677 -0.0637887 0.000564381 -0.00550545 -0.0150401 -0.0244573 0.00367472 0.0284755 0.00705772 -0.00400607 -0.00786448 -0.00623088 -0.00720038 0.00731009 0.00287528,800,0,cuda,40.04,40.62
test,1681,havanese_9,havanese,dog,correct,havanese,lime,16,0.99941,39,0.781509,0.992334,0.210825,0.422547,0.830282,0.67968,0.718681,,,0.0108883 0.059803 0.0430793 0.0076833 0.0319412 0.0456372 0.10723 0.0140798 0.0279535 0.100189 0.0617181 0.137287 0.0295901 0.183459 0.0531139 0.137951 0.0407916 0.0445939 0.343333 0.0783215 0.0383062 0.0140743 0.00765347 0.0220411 -0.00516633 0.172991 0.00524722 0.0170548 0.00349188 0.0273033 0.0194116 0.00148832 -0.0119643 0.047606 0.0159532 -0.0275602 0.0222796 0.023598 0.0292419,800,0,cuda,46.32,53.11
test,2314,Persian_31,Persian,cat,correct,Persian,lime,23,0.999891,29,0.884267,0.997696,0.113429,0.375601,0.804217,0.436686,0.719371,,,-0.0243951 -0.0223057 0.168333 0.0210005 0.0232412 0.192559 -0.00402077 0.0396205 0.025541 0.139973 0.0279755 0.0928533 0.171388 0.0482885 0.308914 0.0185123 0.0692929 0.00682545 0.0333154 0.0108334 0.0295151 0.0254674 -0.00823023 0.105643 -0.00969207 0.0098404 0.0237909 -0.0107461 0.0237807,800,0,cuda,27.0,31.86
test,1809,keeshond_34,keeshond,dog,correct,keeshond,lime,18,0.996212,39,0.883789,1.0,0.116211,0.281934,0.865751,0.371952,0.608538,,,-0.0070181 0.00166716 -0.00345397 -0.000893174 -0.0292185 -0.0534811 0.00628707 -0.0387646 0.076488 0.111863 0.0885211 -0.0123054 0.0517118 -0.0290647 0.184174 0.0189664 -0.0263086 0.0509367 0.195977 -0.0438457 0.240865 -0.022398 0.128913 0.0510422 -0.00289895 0.0408983 0.104776 0.0243293 -0.000228278 0.114205 0.144555 0.0192304 0.0158483 0.0471471 -0.0573031 -0.00609009 0.00765735 -0.0202926 -0.00596228,800,0,cuda,49.37,55.86
test,1946,leonberger_69,leonberger,dog,correct,leonberger,lime,19,0.977789,41,0.356804,0.984238,0.627434,0.09188,0.855791,0.189434,0.72538,,,-0.0124405 0.0301841 0.00100853 0.0320133 0.0484459 0.00720951 0.236104 -0.0166048 -0.0206775 0.0583052 0.183235 0.0227277 -0.00746584 0.000422037 0.0657463 0.491913 0.00257009 -0.00334386 0.177018 0.058414 -0.0148614 0.0198486 0.101683 -0.0144631 0.0140649 0.0718906 0.0186055 0.017291 0.0264162 0.0216844 0.0121509 0.0680142 0.00800016 -0.0284735 0.0011975 0.00123844 0.0145564 -0.00885934 -0.0152638 -0.041635 0.00939599,800,0,cuda,44.06,44.83
test,3472,wheaten_terrier_194,wheaten_terrier,dog,correct,wheaten_terrier,lime,35,0.999487,41,0.557139,0.95739,0.400251,0.260518,0.883171,0.265406,0.809707,,,0.0385177 0.0931349 -0.00211697 0.0102462 -0.0248726 0.650279 0.0422196 -0.00344674 0.0161251 0.0104543 0.00175024 0.0684432 0.0251116 -0.0245241 0.139045 -0.00297233 0.0123407 0.0146216 0.0508733 -0.00417534 0.00629285 0.0303701 -0.0122529 0.062338 -0.00776049 0.0570558 0.0121497 0.0505999 0.0244215 -0.00493867 0.00679135 0.0193597 0.000285806 0.0953537 0.00202091 0.0262894 0.0767173 -0.00653083 -0.0111008 -0.00639782 0.00826334,800,0,cuda,32.85,33.51
test,243,american_pit_bull_terrier_49,american_pit_bull_terrier,dog,wrong,staffordshire_bull_terrier,lime,34,0.618463,42,0.67046,0.810175,0.139715,0.019405,0.402629,0.427754,0.367821,,,0.00397709 0.00626254 0.00370715 0.00785792 0.00835428 0.00328049 0.0102522 0.0065163 0.00796955 0.0050348 0.000219065 0.00504451 0.0247139 0.00764677 0.00106166 0.0390436 0.0338033 -0.00368218 0.00356238 0.0340596 0.0305301 -0.00179745 0.00467516 0.0128433 0.0121076 0.0158956 0.0206793 0.00100798 0.00478279 -0.000984424 -0.00431924 0.0117332 0.00412316 0.00838376 -0.00297679 0.0036907 0.00347292 0.00565371 0.002244 0.00153263 0.000927665 0.0042953,800,0,cuda,23.12,25.77
test,1704,japanese_chin_2,japanese_chin,dog,correct,japanese_chin,lime,17,0.999976,32,0.855369,0.95358,0.098211,0.492753,0.805838,0.407008,0.530674,,,0.0997446 0.204017 0.116998 0.122428 0.0146311 -0.0058664 0.044634 0.134958 0.021539 0.0786825 0.111318 0.0235611 0.0303389 0.00257131 -0.0246175 0.137568 -0.032603 -0.0195412 -0.0140039 0.00842473 0.0320216 -0.00431732 0.0164789 0.00279998 -0.00290751 0.013882 0.0120803 0.0118031 -0.00501922 0.0138815 -0.00789396 0.00749312,800,0,cuda,43.19,48.21
test,401,beagle_198,beagle,dog,wrong,german_shorthaired,lime,34,0.276445,43,0.435627,0.533155,0.097529,0.081577,0.578734,0.206177,0.542655,,,0.0283245 0.0319649 0.00757058 0.0175225 0.075849 0.0107657 -0.0403241 0.0118144 -0.000381553 -0.00443339 0.0158996 0.128299 -0.0664989 -0.0219562 0.00302186 -0.00377198 0.0215956 0.00921568 0.0143848 0.0399063 -0.00067427 0.0230602 0.0136646 0.017783 0.0296734 0.00689736 0.0390309 0.0269087 0.0369576 0.0150761 0.0459757 0.00418544 0.000586604 0.035565 -0.00934944 0.0253081 0.0170994 0.0210674 0.0166274 0.0061026 0.0147242 0.0070248 -0.00806152,800,0,cuda,52.85,59.56
test,2032,Maine_Coon_48,Maine_Coon,cat,correct,Maine_Coon,lime,20,0.736856,33,0.530353,0.990945,0.460592,0.091878,0.84835,0.086377,0.69723,,,-0.027579 -0.0732877 0.0135323 -0.0829465 -0.000210244 -0.0182119 0.00248203 0.360926 -0.0161825 -0.030397 0.0011405 0.0538469 0.0604664 0.0147121 0.0101909 -0.0472029 0.257004 0.0710057 -0.0769262 -0.0095881 -0.0158338 0.0559168 -0.0532446 -0.00465257 -0.00518032 0.076797 -0.0148294 0.0116832 0.0565186 0.0136081 0.0224381 0.0173058 0.0170716,800,0,cuda,51.36,54.97
test,1984,Maine_Coon_231,Maine_Coon,cat,correct,Maine_Coon,lime,20,0.915468,41,0.396106,0.994128,0.598022,0.064706,0.877612,0.266745,0.711461,,,-0.000420887 -0.0244032 -0.025845 -0.0284139 -0.0121269 -0.054771 0.0106582 -0.00596444 0.0162597 0.0668343 0.00234133 0.0409509 0.100193 0.0105737 0.0230164 0.0203321 0.0541343 0.0773574 -0.00603726 0.306059 0.0109102 -0.00568099 0.0861461 0.000366233 0.0980035 0.0421946 -0.00051256 0.0575882 0.00735802 -0.0199905 0.0208658 -0.00751583 0.0117797 -0.0286439 0.00415866 -0.0103919 0.00879042 -0.00794558 0.00246097 0.00552004 -0.000487622,800,0,cuda,47.94,53.43
test,3614,yorkshire_terrier_50,yorkshire_terrier,dog,correct,yorkshire_terrier,lime,36,0.997721,38,0.298888,0.719243,0.420355,0.229569,0.955106,0.218756,0.70519,,,0.0133689 -0.00492812 -0.00294006 -0.0155451 0.422152 0.0112954 0.0789462 0.00463687 0.00355877 0.0131713 0.0648791 -0.0116649 0.163004 -0.013784 0.0944031 -0.0194607 -0.000627787 -0.00545059 0.15457 -0.0145608 0.00470781 0.00279036 0.0131797 0.00129846 -0.0131582 -0.00438826 0.0128366 -0.0110147 0.0142055 -0.00683567 -0.021896 -0.0156567 -0.00749218 0.0144589 -0.00133238 -0.0275554 0.00582505 -0.00503424,800,0,cuda,35.62,41.44
test,450,beagle_57,beagle,dog,correct,beagle,lime,4,0.948338,36,0.531051,0.896709,0.365658,0.069427,0.890125,0.008032,0.547844,,,-0.0118476 -0.010214 -0.0310027 -4.69724e-05 0.0427082 -0.0317943 -0.0270748 -0.0549058 -0.0124355 0.194353 0.00300074 0.0128067 0.128898 0.0332864 0.0505798 0.126433 -0.0143091 0.356889 0.113704 0.0578981 -0.0183289 0.00113031 0.0243652 0.0207428 -0.0516986 -0.00881022 -0.0269388 -0.0405192 -0.00903043 -0.0313278 -0.0105593 -0.0299202 0.0145377 -0.00529729 0.0118539 0.0206372,800,0,cuda,35.02,43.27
test,1227,english_cocker_spaniel_50,english_cocker_spaniel,dog,correct,english_cocker_spaniel,lime,12,0.999997,41,0.619101,0.992485,0.373384,0.28804,0.840317,0.661901,0.616524,,,0.0422495 0.0387951 0.000446795 0.0266361 0.0344261 0.0106579 0.0190911 0.0701541 0.0427076 0.279485 -0.0139922 0.124581 -0.00881384 0.104356 -0.0255861 0.0321472 0.0110118 -0.0012353 -0.0417541 -0.0488893 0.283514 0.11133 -0.00764901 0.100622 0.134669 -0.00102883 0.14319 0.0710849 0.177929 -0.00641206 0.0225496 0.0220355 -0.0130355 0.0316054 0.0722308 0.0548063 -0.0192167 0.069557 0.0233723 0.0185207 0.00975806,800,0,cuda,18.63,19.28
test,2874,saint_bernard_94,saint_bernard,dog,correct,saint_bernard,lime,28,0.998719,44,0.300163,0.974138,0.673975,0.095771,0.968418,0.454673,0.683273,,,-0.0241594 0.00834374 -0.00770043 -0.0212335 -0.020678 -0.0313757 -0.0254789 -0.0234803 0.020808 0.0152332 -0.00830691 0.00470249 -0.0183645 0.0750109 -0.00375785 0.339964 0.29294 0.28501 0.0223683 0.0416922 0.151932 0.0319898 0.043405 0.0552645 0.116548 0.00950754 0.0215954 0.183145 -0.0156743 -0.0320204 0.0645299 0.0422293 0.136123 -0.0216289 -0.0258143 -0.00639028 -0.00506364 -0.00618014 0.0131322 -0.00778208 -0.0205741 -0.00446833 -0.00649245 0.00476021,800,0,cuda,38.12,38.79
test,2844,saint_bernard_67,saint_bernard,dog,correct,saint_bernard,lime,28,0.990159,38,0.17343,0.610694,0.437265,0.11025,0.952154,0.124339,0.860375,,,-0.00635957 -0.00575356 -0.000831184 -0.0146785 0.0260468 -0.00798388 -0.0276304 -0.016911 0.00523226 0.024458 -0.00453466 -0.0122573 0.0110645 -0.00544198 0.000700958 0.0105523 0.104959 -0.0153845 0.00168572 0.00858949 -0.00240597 0.128843 0.693127 0.000938979 -0.0182765 -0.0282352 0.0597663 0.0042881 -0.00146432 0.107165 0.0656995 -0.0194636 -0.011314 0.00760794 0.00160711 0.00716893 -0.0093568 0.0113292,800,0,cuda,40.16,44.99
test,2333,Persian_52,Persian,cat,wrong,Maine_Coon,lime,23,0.767477,32,0.831274,0.863153,0.031879,0.057202,0.434385,0.557107,0.414961,,,0.00301361 0.0177734 0.0252938 0.00942702 -0.0254753 0.00420024 0.073253 0.00417986 -0.00260328 0.0223913 0.0204336 0.000612727 -0.0122251 0.00213467 -0.00440369 0.00888661 0.00542294 0.00621542 0.0469068 -0.011191 0.00816393 -0.00230866 -0.00112998 0.000897035 -0.038394 -9.70686e-05 0.0247563 0.0154501 0.00447055 -0.0103201 0.0188752 0.00446059,800,0,cuda,33.81,40.71
test,471,beagle_76,beagle,dog,correct,beagle,lime,4,0.997788,38,0.599829,0.986155,0.386326,0.183439,0.9206,0.462706,0.597607,,,0.16881 0.0467957 0.0251853 0.160501 0.0464643 0.0994903 0.146948 0.0235221 0.0523576 0.295347 0.00731764 0.202616 0.130848 0.173962 -0.0267909 0.0365792 0.0133657 0.0149631 0.00124187 0.0439075 -0.0465722 -0.00268481 -0.00932943 -0.0247072 0.040071 -0.0228876 -0.0455391 -0.0335884 0.0152561 -0.00467602 0.0136686 -0.0262779 0.0236023 -0.00819946 0.0149265 -0.0100278 -0.000359885 0.026521,800,0,cuda,42.89,51.36
test,3180,Siamese_209,Siamese,cat,correct,Siamese,lime,32,0.998616,42,0.788883,0.876882,0.087999,0.273708,0.786492,0.520489,0.732114,,,0.266198 0.1303 -0.00991992 -0.00864808 0.0230999 0.0167867 0.0575611 0.0167616 0.168918 0.131576 0.0486976 0.0795889 -0.00621878 -0.0250976 -0.00224905 0.214383 0.012054 0.0597391 0.00383583 0.0456747 0.0361419 0.068589 0.00182895 0.259684 0.0340132 0.00481046 -0.0222361 0.101959 0.0655875 -0.00538674 0.137604 0.0394585 0.00421241 -0.0282757 -0.00486406 0.096938 0.0349667 0.03283 -0.0146682 0.0391386 -0.000724513 0.0512583,800,0,cuda,40.88,46.33
test,3467,staffordshire_bull_terrier_99,staffordshire_bull_terrier,dog,correct,staffordshire_bull_terrier,lime,34,0.625412,36,0.151168,0.550182,0.399014,0.021581,0.568875,0.098292,0.676739,,,-0.00939726 0.0138871 0.0140858 -0.0115294 0.0127672 0.0230287 -0.00356296 0.00247384 0.00544811 0.00194776 0.0039263 0.0225699 0.00976086 0.000549993 0.00421822 -0.0208345 -0.034592 0.0203001 0.00946129 0.00667285 -0.00289487 0.0168601 0.179382 0.00386637 0.00151764 0.0149205 0.00925447 -0.00813051 0.0156104 0.275775 0.0435431 0.010561 0.0411102 0.110168 0.00391372 0.0113645,800,0,cuda,42.38,45.15
test,3547,wheaten_terrier_80,wheaten_terrier,dog,correct,wheaten_terrier,lime,35,0.998324,43,0.834602,0.995444,0.160842,0.234164,0.862207,0.324021,0.650025,,,0.0384062 0.0274629 -0.00827247 0.0690822 0.042793 -0.0056254 0.105086 0.112363 0.0216917 0.0232208 0.0172778 0.146649 0.129433 0.339983 0.0203855 0.115811 0.131183 0.171455 0.0275628 0.075865 0.0748465 0.0481853 -0.0368438 -0.0269039 -0.0085246 0.0137877 0.0529815 -0.00549235 0.00392814 -0.0179488 0.021171 -0.00923267 0.00327096 -0.0032505 -0.0002915 0.00239521 0.016619 0.0163961 0.101931 0.0192673 -0.0731925 -0.00902419 0.017047,800,0,cuda,40.09,41.19
test,1674,havanese_93,havanese,dog,correct,havanese,lime,16,0.987449,41,0.529955,0.792959,0.263004,0.131394,0.776398,0.203888,0.704693,,,-0.00437401 0.00759611 0.0376159 0.0109626 0.138074 0.0389563 0.250045 0.0653807 0.00450656 0.381471 -0.00393311 0.0279113 0.023109 -0.054716 0.0782314 -0.0029043 -0.00975386 0.0178351 0.0200663 0.0225221 0.0307998 0.0524318 0.0862792 0.054574 0.0284307 -0.0266517 0.0211733 0.038011 0.0347277 0.0842297 0.0285338 0.0803836 0.0196387 0.00605765 0.0170999 0.0242104 -0.0311974 0.0474393 -0.00548113 -0.00214139 -0.0132348,800,0,cuda,58.74,62.09
test,2507,pug_32,pug,dog,correct,pug,lime,25,0.998903,38,0.817502,0.995383,0.177881,0.141579,0.709958,0.043066,0.609102,,,-0.0161902 -0.00702768 0.0176208 0.0108981 0.0296078 0.07209 0.0793404 0.0744433 0.0108989 0.0660968 0.109074 0.166975 0.0871807 0.0504543 -0.0119347 0.00486031 0.0943816 0.0723509 0.0292102 0.146826 0.0422617 0.157872 0.0499703 0.0658639 0.0179171 0.105831 0.00690981 0.0461119 -0.0043379 0.0164412 0.00190631 -0.0110429 9.97767e-05 0.00295028 0.02105 0.0130276 -0.0482957 0.0137243,800,0,cuda,36.13,39.76
test,3007,scottish_terrier_34,scottish_terrier,dog,correct,scottish_terrier,lime,30,0.999866,37,0.46592,0.972373,0.506453,0.220945,0.940376,0.349303,0.632677,,,0.0431554 -0.00278928 0.00349239 0.00289862 0.00431223 0.0213054 -0.00769108 0.00733097 0.0147854 0.012699 0.00547001 -0.0018437 0.188447 0.0146269 -0.0205762 -0.0118826 0.14732 0.0117346 0.0211451 -0.0216405 0.0235542 0.0201174 0.308263 0.00809511 0.0371749 0.00467131 -0.0221964 0.000291777 0.0308297 0.127156 0.106169 0.0133216 -0.0123717 0.00839671 -0.00153996 -0.017195 0.00715338,800,0,cuda,41.09,49.68
test,1787,keeshond_196,keeshond,dog,correct,keeshond,lime,18,0.999795,41,0.564373,0.875583,0.311209,0.29854,0.88502,0.483988,0.67807,,,-0.0224601 0.0076499 -0.0144651 -0.00106317 0.0312667 0.00101493 -0.00451505 0.00869317 0.0569403 -0.014626 0.14878 0.0598473 0.0264276 0.0585072 -0.0061016 0.0336065 0.282054 0.134398 0.035494 0.0113382 0.0388238 0.027149 0.0258041 0.0276927 -0.00285706 0.0680226 0.0312276 0.112207 0.0926706 -0.0108901 0.0012176 0.13622 0.00101944 0.00429019 0.0420863 0.00692462 0.015156 0.00591148 -0.00423562 0.00428758 0.0027187,800,0,cuda,34.55,40.88
test,1833,keeshond_56,keeshond,dog,correct,keeshond,lime,18,0.999764,45,0.426977,0.985974,0.558997,0.268435,0.876463,0.62766,0.721506,,,0.0020743 -0.0324356 0.0255553 0.0191567 0.00853008 0.0166178 0.00695666 0.018279 -0.0197807 0.0155689 0.0253636 0.0182657 0.121595 -0.0252155 -0.000841921 0.0212486 0.18732 0.0197684 0.0468657 -0.00338123 -0.0167315 -0.011418 0.430315 0.00144653 0.0726618 -0.0285394 0.0038253 0.106919 0.068657 0.0731276 0.0768927 0.0848135 0.165277 0.0106709 0.0213917 0.150764 0.0532667 0.0632951 0.0129534 0.0909271 0.0235128 0.0128878 0.0182791 -0.00487979 0.0501589,800,0,cuda,37.49,41.84
test,611,Birman_21,Birman,cat,correct,Birman,lime,6,0.882425,33,0.525331,0.968109,0.442779,0.181401,0.910592,0.059487,0.636876,,,-0.0399387 0.00147743 0.01471 -0.00429591 -0.017765 -0.0121161 -0.0716781 -0.00101532 -0.0326132 -0.0396764 0.00719857 0.100324 0.277862 0.0308096 -0.0449619 0.00396069 0.128125 0.367998 0.0692802 -0.0162877 -0.0669038 0.125943 -0.023798 0.0663474 0.0199676 -0.0261846 0.00991313 0.0269892 -0.0275354 -0.0180054 0.0227666 -0.010435 -0.0249849,800,0,cuda,20.7,26.55
test,1407,german_shorthaired_32,german_shorthaired,dog,correct,german_shorthaired,lime,14,0.999938,33,0.484873,0.685373,0.200499,0.120824,0.887925,0.215664,0.725392,,,0.0344767 -0.0273948 -0.00871572 -0.104711 -0.00461989 0.0332731 0.489791 -0.0189041 -0.026878 -0.0255614 0.0102328 0.042946 0.0173858 0.0302082 0.0654094 0.0177453 0.0019687 0.0381716 -0.0195403 0.154467 0.0605709 0.0259876 0.0234048 0.00176802 0.0190833 0.0172289 0.134642 0.0288856 -0.00647484 0.0449682 -0.050014 0.00491064 -0.00330222,800,0,cuda,47.51,52.28
test,2474,pomeranian_94,pomeranian,dog,correct,pomeranian,lime,24,0.99339,30,0.960001,0.991779,0.031778,0.134798,0.760826,0.555804,0.737478,,,0.10502 0.00745708 0.0202054 0.00701163 0.36247 0.0260359 0.0230639 -0.0179352 0.00883712 0.0476264 0.0308148 0.138128 0.207522 0.184749 0.0666962 0.0398758 0.0199705 0.0283016 0.0236529 -0.017814 0.293487 0.0723543 0.151641 0.0490328 0.0667255 0.11768 0.134618 -0.00948555 -0.0227021 -0.00238556,800,0,cuda,42.8,43.86
test,3555,wheaten_terrier_88,wheaten_terrier,dog,correct,wheaten_terrier,lime,35,0.928268,42,0.063477,0.291311,0.227834,0.043119,0.893293,0.038765,0.832747,,,0.0114403 0.0108328 0.0332421 0.0124413 0.000839841 -0.00382179 0.0335117 0.0102948 0.00386169 0.0213031 0.0198487 -0.00125884 -0.00762948 0.00142164 0.0150655 0.00899987 -0.00104497 -0.000120111 0.00687333 0.0117718 -0.00305827 0.0299093 0.0168336 -0.00331319 0.00203101 0.248509 0.0261222 -0.0247677 0.00653336 -0.0176111 0.582982 0.103868 0.0127092 0.0159907 -0.0121984 -0.0128082 0.0190198 -0.00443884 0.0663207 -0.000211125 0.0118235 0.0200477,800,0,cuda,40.93,42.31
test,3377,Sphynx_98,Sphynx,cat,correct,Sphynx,lime,33,0.999995,28,0.591119,0.670517,0.079398,0.494324,0.672,0.475798,0.611848,,,0.0796896 0.145741 -0.00300048 0.0801899 0.0560263 0.0497878 -0.00919182 0.112823 -0.0075887 0.0833994 0.0592956 0.130019 0.151646 0.016621 0.0622949 0.0367736 0.0345028 0.0568952 0.0320906 0.0780934 0.0137677 -0.00825599 0.0326385 0.0268901 0.0272795 -0.005931 -0.00437363 0.00952795,800,0,cuda,37.6,48.34
test,2862,saint_bernard_83,saint_bernard,dog,correct,saint_bernard,lime,28,0.999621,39,0.728117,0.921311,0.193194,0.321738,0.917973,0.461185,0.590081,,,-0.0160053 -0.00588703 0.021764 -0.00516527 0.0211968 0.149564 0.056759 0.158726 0.0525838 0.0233812 0.190041 0.0593923 0.0109474 0.108977 -0.0177501 0.0304212 0.112867 0.171846 0.0167694 0.0646297 -0.0208108 -0.0165702 0.0528671 0.0275869 0.0579209 0.0964711 0.00377722 -0.0120531 0.0347408 -0.0127699 -0.00472954 -0.0137498 0.00782019 -0.00309686 0.0155484 -0.0139137 -0.0376316 -0.00131259 0.016645,800,0,cuda,20.88,22.52
test,2122,miniature_pinscher_47,miniature_pinscher,dog,correct,miniature_pinscher,lime,21,0.967903,42,0.12486,0.445604,0.320744,0.126141,0.911381,0.38611,0.7612,,,-0.000129958 0.00180764 0.0012152 -0.00597306 -0.0154756 -0.0327671 -0.0139686 -0.00499417 0.00101475 -0.020678 -0.00906948 -0.0202814 0.00455272 0.0176905 -0.0162883 -0.00491713 0.0150149 -0.00582264 -0.0117146 0.00573896 -0.0078381 0.0116827 0.116098 0.141294 0.357154 -0.00270732 -0.0103682 -0.000435335 0.283526 0.0983161 0.124359 0.00222135 0.0214173 0.241304 0.00609272 -0.0164775 0.0517885 -0.0195304 0.157633 0.0148366 -0.0273313 0.00136013,800,0,cuda,52.27,57.21
test,2772,Russian_Blue_92,Russian_Blue,cat,correct,Russian_Blue,lime,27,0.994662,32,0.411033,0.991832,0.580799,0.174873,0.871473,0.173024,0.822366,,,0.0227476 -0.00838872 -0.00486552 0.0493603 0.0517634 0.0195663 0.0161192 0.0794273 0.0317137 -0.0124531 0.0133845 0.521545 -0.0269156 -0.000528993 0.142823 0.1921 -0.0127723 0.00623572 -0.00817123 0.159975 0.168139 -0.0184281 0.0250475 -0.000507451 0.0451434 -0.0220682 0.0211677 -0.00446873 -0.00275932 0.0152632 -0.0243948 0.00557017,800,0,cuda,31.52,41.03
test,2564,pug_85,pug,dog,correct,pug,lime,25,0.999647,31,0.486747,0.994826,0.508079,0.194485,0.884405,0.454703,0.772152,,,-0.0170568 0.00409309 0.0481285 0.01949 0.0084761 0.025851 0.00679153 -0.00485593 0.0260975 0.377542 0.184773 -0.0245666 0.0262501 0.110294 0.307975 0.10632 -0.0039556 -0.0109634 0.0427055 0.264202 0.118818 0.00861373 0.00875087 -0.0116898 0.0115608 0.0504654 0.0131139 0.106277 -0.00770638 -0.00551629 0.00215492,800,0,cuda,42.56,46.59
test,2819,saint_bernard_44,saint_bernard,dog,correct,saint_bernard,lime,28,0.999567,40,0.465183,0.932833,0.467651,0.323727,0.932042,0.404793,0.621221,,,0.0116956 0.00521275 0.0105845 2.75574e-05 0.0512738 0.00206943 0.000500056 0.0346371 0.0542579 0.00733461 0.051545 -0.00388417 0.330906 0.0727957 0.0520128 0.00380933 -0.011252 0.0519635 -0.00203069 0.00980752 0.0123681 0.133921 0.139584 -0.00800776 0.0298947 -0.00305362 0.0205017 -0.00943799 0.0565951 0.0175228 -0.00554296 0.000594931 0.0445679 0.00913175 0.00800022 0.0211404 -0.0267542 -0.00518878 0.00588004 0.0143223,800,0,cuda,49.51,55.77
test,2554,pug_75,pug,dog,correct,pug,lime,25,0.999744,40,0.684989,0.942583,0.257595,0.233547,0.878808,0.348184,0.677209,,,0.00470252 0.000167268 -0.0117374 0.0170215 0.0223284 0.00881521 -0.00310967 0.0693756 0.14429 0.446888 0.200923 0.0240849 0.124792 0.0513125 0.0405154 0.0355275 0.0883758 0.00608838 0.01273 -0.0178221 0.0747917 0.0161796 -0.00569412 -0.0250927 0.0280096 0.0177731 -0.0111487 -0.0167751 -0.020058 -0.0122398 -0.0124352 0.0179793 -0.0290908 -0.0260645 -0.0190126 -0.00171152 0.000492205 0.0144271 -0.0219874 -0.0132375,800,0,cuda,52.68,61.2
test,2321,Persian_3,Persian,cat,correct,Persian,lime,23,0.99998,26,0.785395,0.990251,0.204856,0.249609,0.795848,0.423567,0.753052,,,0.0665008 0.0171742 0.0462583 0.0687088 -0.00993429 -6.9089e-05 0.423886 0.0070367 0.101619 0.0254919 0.0529395 0.0195455 0.209264 0.0335554 0.00804512 0.0402116 0.489408 0.0627459 0.0763035 0.117258 0.0623836 0.00994549 -0.00352865 0.000360441 0.000676898 0.0190345,800,0,cuda,41.59,42.52
test,1218,english_cocker_spaniel_42,english_cocker_spaniel,dog,correct,english_cocker_spaniel,lime,12,0.999882,40,0.307358,0.757703,0.450345,0.11806,0.905469,0.201857,0.703769,,,0.00953992 0.0365965 0.0124824 0.0220493 0.219837 0.0243399 0.00889005 0.0122207 0.01515 -0.0170504 0.107408 0.036138 -0.00720709 0.451856 0.0066971 -0.0457421 0.206483 -0.0305845 0.00129132 0.306193 0.0412934 0.0562189 0.106661 -0.0376793 0.0886705 -0.00815465 -0.0159505 0.0363698 0.0311058 0.00280614 -0.0144876 -0.00814002 0.0222066 -0.0190611 0.0268563 0.0101584 0.0173254 0.0219914 -0.0078579 -0.00363725,800,0,cuda,34.85,36.47
test,1776,japanese_chin_95,japanese_chin,dog,correct,japanese_chin,lime,17,0.999986,35,0.862364,0.992145,0.12978,0.230105,0.80092,0.753832,0.615696,,,0.0441125 0.0325963 0.0443936 0.0355576 0.290338 0.0767738 0.135859 0.00336746 0.307103 0.117473 0.136636 -0.00942573 0.064245 0.0216575 0.239294 0.0926309 0.125887 0.0612123 0.0754083 0.13903 0.0586356 -0.00568268 -0.0247872 -0.00466188 0.156233 0.000156908 -0.00312951 0.0297254 -0.00668046 0.0418852 -0.000699502 -0.00303156 0.0302554 -0.000435887 0.00541875,800,0,cuda,39.4,49.48
test,1498,great_pyrenees_24,great_pyrenees,dog,correct,great_pyrenees,lime,15,0.997879,42,0.459622,0.981322,0.5217,0.315535,0.856294,0.414871,0.713548,,,0.0324026 -0.0232105 0.00552909 0.0413616 0.0265287 -0.0206397 0.00997811 0.0166023 0.244661 0.00625042 0.0595243 0.175749 0.0151304 0.157801 0.141337 -0.00970147 0.0781488 0.0631679 -0.0224757 0.0206312 0.0659943 -0.00717003 0.11604 0.0591831 0.00432286 0.0693515 0.0351423 0.0103102 0.0427496 0.00233383 -0.0294625 0.00846864 0.00703726 0.0300783 -0.0156279 -0.0147242 0.0525009 0.0253111 0.00210673 0.00971987 0.00575801 0.000148684,800,0,cuda,46.68,57.23
test,3194,Siamese_233,Siamese,cat,correct,Siamese,lime,32,0.997018,31,0.811882,0.988183,0.1763,0.294754,0.757049,0.558936,0.77839,,,0.0538977 0.00181505 -0.0218864 0.0190611 0.0339368 -0.0107331 0.0374366 0.0399319 0.0617951 0.0497423 0.0670123 0.0817697 0.330782 0.107874 0.302299 0.0304995 0.0849398 0.129283 0.214431 0.0135359 0.0426703 0.192845 0.274269 0.00531214 0.0482267 0.0388674 0.0239125 -0.00524709 -0.00501229 -0.000421087 0.00122701,800,0,cuda,36.13,41.41
test,3457,staffordshire_bull_terrier_8,staffordshire_bull_terrier,dog,correct,staffordshire_bull_terrier,lime,34,0.858688,29,0.754982,0.993202,0.23822,0.105998,0.699564,0.001809,0.733084,,,0.0151687 0.0287724 0.00379633 -0.0123483 0.0100817 0.0815799 0.193081 0.0485518 0.0322972 0.170144 0.0171845 0.136001 0.245895 -0.0230498 0.00997067 0.0235683 0.0900076 0.0123073 0.118528 0.164105 0.00115176 -0.0160737 0.00381658 0.0133661 -0.0158651 -0.00933953 0.00959978 0.0136196 -0.0075874,800,0,cuda,37.09,45.62
test,2097,miniature_pinscher_24,miniature_pinscher,dog,correct,miniature_pinscher,lime,21,0.997077,40,0.55124,0.956567,0.405327,0.23654,0.943331,0.41601,0.602941,,,0.00983595 -0.0126971 0.0173893 0.045849 0.02532 0.160649 -0.0193082 0.13432 0.0543517 -0.00340605 -0.00813562 0.194891 0.0283272 0.0227027 0.149868 0.00368353 0.0306509 -0.0478317 0.194943 0.0486343 0.0180765 0.0111349 0.0568869 -8.9586e-05 0.019829 0.0300094 -0.00932763 0.0149183 0.0136404 -0.0218402 -0.014958 0.0247551 0.0400983 -0.00815223 0.0145921 0.000198624 0.0122299 -1.02181e-05 0.0214842 0.0264068,800,0,cuda,35.58,38.12
test,1729,japanese_chin_52,japanese_chin,dog,correct,japanese_chin,lime,17,0.999763,32,0.485651,0.794184,0.308533,0.291819,0.889001,0.359938,0.6078,,,0.00213006 0.0106325 0.00271154 0.0914439 -0.00049293 0.167561 0.104788 0.0622498 0.0773595 0.00543645 0.060548 0.0188368 0.24327 0.0192216 0.074566 0.0257389 0.071271 -0.00345938 0.153346 -0.0185876 -0.00170912 -0.0319142 -0.0120249 -0.015447 -0.00236099 -0.00946404 -0.00203816 -0.000970616 -0.00541703 -0.0189186 0.0113635 -0.00144549,800,0,cuda,37.08,46.11
test,540,Bengal_48,Bengal,cat,wrong,Egyptian_Mau,lime,5,0.99073,38,0.510842,0.98018,0.469338,0.367662,0.904105,0.293522,0.496458,,,0.00133256 0.0118229 0.0124982 0.0396576 0.0126381 0.0183599 0.0344293 0.0186288 0.0357711 0.0566478 0.030023 0.00781585 0.00305269 0.0263066 0.0707784 0.0186984 0.0249647 0.0330129 0.0242231 0.0295997 0.00692508 -0.014142 0.0193823 0.0444422 0.169187 0.00704413 0.0584887 -0.0128513 0.00435462 0.00364651 0.023504 -0.0140776 0.0179747 0.0197373 -0.0161161 -0.00163015 0.00528738 -0.0127197,800,0,cuda,41.49,50.95
test,110,american_bulldog_21,american_bulldog,dog,correct,american_bulldog,lime,1,0.999946,30,0.413405,0.820881,0.407477,0.156853,0.896015,0.513693,0.750249,,,0.153381 -0.0111543 0.00819856 0.289664 0.0323163 0.206045 0.176251 0.0398445 -0.007432 0.281983 0.0126764 0.00559373 0.101099 0.00415672 0.334739 0.0286519 0.111373 0.00560128 0.0571495 0.0554784 0.00188414 0.037794 -0.0145514 -0.0138045 0.0189048 -0.0224608 0.00265689 0.00929856 0.00268223 0.0164706,800,0,cuda,31.4,46.05
test,1631,havanese_54,havanese,dog,correct,havanese,lime,16,0.9821,31,0.807099,0.993746,0.186647,0.10764,0.719811,0.345444,0.551039,,,0.043052 0.0283616 0.0209528 0.063539 0.0748438 0.0570679 0.00418435 0.0232749 0.0172947 0.00217283 0.111811 0.0755776 0.0895919 0.00594416 -0.0152923 0.11178 0.0738027 0.103191 0.0181923 0.0241777 -0.0314698 -0.0338047 0.00194782 0.037317 0.0164476 0.0111133 0.0467512 0.0237834 -0.0122999 0.0414718 0.0058293,800,0,cuda,45.6,52.07
test,510,Bengal_20,Bengal,cat,correct,Bengal,lime,5,0.989432,28,0.188317,0.755164,0.566847,0.071444,0.964091,0.249181,0.660532,,,0.0199865 -0.00526485 0.00515652 -0.0256641 -0.00634992 -0.0118827 0.0048983 0.0300321 0.0406636 -0.0237043 0.18138 0.0993897 0.0688639 0.313869 0.00200098 0.00711282 0.00554996 0.0448171 0.422127 -0.0461853 -0.0451473 -0.00201462 0.100938 0.0697805 0.0028961 0.0275257 -0.00993843 -0.0207917,800,0,cuda,37.11,38.66
test,1613,havanese_38,havanese,dog,correct,havanese,lime,16,0.989719,32,0.668746,0.764298,0.095552,0.273544,0.793568,0.393832,0.871819,,,0.0259642 0.108565 0.0184087 0.0201143 0.0256946 0.142234 0.0219092 0.12179 0.0639855 0.0653736 0.00614882 0.00841335 0.05534 0.025825 0.555459 0.0185328 0.00266624 0.00951887 0.083352 0.0864105 0.000221195 0.00241083 0.0235763 0.0141069 0.0132043 0.043407 -0.0176839 0.0249652 -0.00687857 -0.00391584 -0.00321583 -0.00605074,800,0,cuda,40.08,42.47
test,1995,Maine_Coon_24,Maine_Coon,cat,correct,Maine_Coon,lime,20,0.99917,44,0.529895,0.913636,0.383742,0.352199,0.878253,0.290071,0.623817,,,-0.0211505 -0.0143489 -0.0109121 0.00450579 0.00166846 0.0984288 -0.00525687 0.0416266 -0.00298189 0.0297061 -0.000327873 0.0265842 0.0216614 -0.0172501 0.0203779 0.027865 0.15335 0.0142679 -0.000239408 -0.00419277 0.00243091 0.0323367 0.0189413 0.00640354 -0.00871913 0.0492818 0.067451 0.0130371 0.05337 0.0189424 0.0169084 0.0335379 0.000340001 0.0826577 0.0984441 0.00389971 0.036232 -0.00146133 -0.017667 0.0592511 0.0198412 0.00623925 0.0310168 -0.00324468,800,0,cuda,52.38,59.32
test,3133,shiba_inu_58,shiba_inu,dog,correct,shiba_inu,lime,31,0.99928,37,0.241689,0.654992,0.413303,0.181891,0.872635,0.507879,0.69865,,,-0.00718725 0.00330222 0.00450712 -0.00567149 0.0175799 0.0115651 0.0117823 0.0065251 0.00756079 0.157144 0.0286813 0.165862 0.00644291 0.0047754 -0.0240851 0.0697475 0.3467 -0.00882621 -0.00765834 0.296973 -0.00125959 -0.0260347 -0.0315519 0.120815 0.128713 -0.0165388 0.120148 0.169789 0.0158535 0.0728289 0.0386574 0.0350593 0.01546 0.0311328 0.00641137 -0.00228086 -0.0181674,800,0,cuda,26.48,35.28
test,2045,Maine_Coon_61,Maine_Coon,cat,correct,Maine_Coon,lime,20,0.999306,37,0.437201,0.750683,0.313482,0.240977,0.88558,0.38875,0.687645,,,-0.0254666 -0.0173657 0.0275914 0.093697 -0.0138249 -0.0316125 0.00761056 0.0772486 0.0133785 0.224914 0.126804 0.0049513 0.0533295 0.157363 0.134515 0.0857097 0.0803547 0.0795419 -0.00343373 0.153397 0.177636 -0.00691359 0.0320567 0.0374186 -0.0232516 -0.0297293 0.0721385 0.141811 -0.00946152 0.00468761 0.0582583 -0.00263147 -0.0396893 0.0319808 -0.0348887 0.0195487 -0.0237256,800,0,cuda,33.92,37.28
test,2092,miniature_pinscher_200,miniature_pinscher,dog,correct,miniature_pinscher,lime,21,0.999154,30,0.472337,0.922464,0.450127,0.39694,0.939699,0.246448,0.60391,,,0.00291743 0.0278593 0.00412271 0.00217555 -0.000198227 0.000851712 -0.00882199 0.0174422 0.0456488 0.0957253 0.244434 0.0460855 -0.0137097 -0.00144387 -0.00398909 0.0916551 -0.000131816 0.0663779 -0.0293164 0.0403267 0.0229952 0.0227188 0.0284735 0.0229166 0.00150627 0.0287618 0.0242177 0.00872613 0.00268691 -0.00514537,800,0,cuda,31.38,34.89
test,2831,saint_bernard_55,saint_bernard,dog,correct,saint_bernard,lime,28,0.998823,33,0.541115,0.826326,0.285211,0.304937,0.927422,0.329246,0.722938,,,0.0115648 0.00775479 -0.019366 -0.0101381 0.0985002 0.0170778 -0.0161612 -0.00854133 0.000605207 -0.0216251 -0.0249043 0.0254042 -0.0141654 0.171345 0.0170103 0.127559 0.0680507 0.529894 0.00848917 0.124894 0.0887254 0.0407182 -0.020502 0.00293381 0.0307428 0.00104838 -0.0136515 0.00246416 0.00634992 0.00486577 0.00427863 0.00624275 0.00965143,800,0,cuda,32.99,38.74
test,1719,japanese_chin_43,japanese_chin,dog,correct,japanese_chin,lime,17,0.999954,42,0.385902,0.982433,0.596531,0.278675,0.945951,0.387954,0.628913,,,0.00538923 0.00337655 -0.0122529 0.0331582 0.00315958 -0.00279508 -0.00597879 0.00207311 0.0196815 0.00467802 -0.0107246 -0.0222542 0.0564189 -0.00451792 0.00302033 0.00123137 -0.0240308 0.00581464 0.0297121 0.0823827 0.00756915 0.25566 0.047865 0.253037 -0.00469345 0.205759 0.0413545 0.00391329 -0.00737103 0.0149354 0.203979 0.0467092 -0.0339734 0.00712367 0.000460994 0.0173885 -0.024924 -0.00101517 0.023944 0.0200846 0.0240025 -0.00440996,800,0,cuda,36.21,37.07
test,1607,havanese_32,havanese,dog,correct,havanese,lime,16,0.997732,42,0.576012,0.762082,0.186069,0.293346,0.859928,0.49248,0.757827,,,0.0696799 0.0858619 -0.0131387 0.0884542 0.0180507 -0.00787031 0.0103172 0.202513 0.00437556 0.0813606 0.0422714 -5.6524e-05 0.0499956 0.0105161 0.460258 0.051092 0.0256059 -0.00491716 0.083685 0.0148681 0.0346365 0.0550294 0.0176223 0.0843839 0.0201798 0.128053 0.0661834 0.0159615 0.0215761 0.00675971 -0.0295676 0.0119599 0.0173712 0.0162523 0.0477136 -0.00854955 0.00376764 0.00642709 0.0064574 0.0267692 -0.00719416 0.000961154,800,0,cuda,37.4,40.56
test,3274,Siamese_95,Siamese,cat,wrong,Abyssinian,lime,32,0.64667,30,0.195014,0.12634,-0.068674,0.043802,0.727816,0.37009,0.552092,,,-0.0179155 0.013241 0.00831208 0.0126434 0.0143587 0.0158287 -0.0159664 0.00464331 0.167232 0.0188545 -0.00291036 0.0856099 -0.0404178 0.213327 -0.00867382 0.0184569 -0.165333 0.0164619 -0.00248612 -0.0563416 -0.0551137 0.00115229 0.00466528 0.00447062 0.0332866 0.00855776 0.0137493 -0.00826874 -0.00375951 -0.0171424,800,0,cuda,34.47,38.99
test,78,Abyssinian_81,Abyssinian,cat,correct,Abyssinian,lime,0,0.99967,40,0.720942,0.925171,0.204229,0.545669,0.814849,0.477352,0.506655,,,0.0194678 0.0266308 0.0389844 0.0453462 0.0415137 0.158746 0.0519027 0.0220712 0.0246947 0.00148056 0.00420727 0.0180498 0.0417862 -0.0441823 -0.00358265 0.0638954 0.0706347 0.0268088 0.0454512 0.0876022 0.0399953 0.0359405 0.0706613 0.261662 -0.0169341 0.0463526 0.0212437 0.0437016 0.0517936 0.0415798 0.0189051 0.0262335 0.0908612 0.0463968 -0.00881155 0.097244 0.00403402 0.005004 0.0194831 -0.0151465,800,0,cuda,48.19,53.0
test,2601,Ragdoll_259,Ragdoll,cat,correct,Ragdoll,lime,26,0.990998,30,0.529018,0.98816,0.459142,0.092198,0.732764,0.000824,0.490699,,,0.0470063 0.0404933 -0.00314758 -0.0142752 0.0135374 0.0245452 2.43944e-05 0.0524329 0.120819 0.0395932 0.0632249 0.100609 0.193978 0.0143487 0.0510382 0.0567588 -0.00402391 0.0963331 0.232418 0.0388391 0.0164908 0.109512 -0.0549715 0.034171 -0.0167592 0.0308277 0.0380134 0.015171 0.0625221 0.0164294,800,0,cuda,33.9,35.81
test,2317,Persian_36,Persian,cat,correct,Persian,lime,23,0.996937,44,0.837572,1.0,0.162428,0.120252,0.935205,0.415828,0.792332,,,-0.00095504 -0.00777854 0.0529735 -0.00806857 -0.0197961 -0.0205437 0.0105499 -0.00475383 -0.0240093 0.00095151 -0.034868 0.0396172 0.0573153 -0.0172457 0.07922 -0.00068291 -0.00485017 -0.00712931 0.000589119 0.563088 0.0866855 0.0267054 0.14 0.00540814 0.158626 0.248309 0.0182814 0.0969784 0.120065 -0.00799047 0.00546092 -0.00801809 -0.000811262 0.00442219 0.0289801 0.0342012 -0.0234937 0.0199512 -0.0103637 0.00221823 -0.0256178 0.0071879 0.00475188 -0.00276835,800,0,cuda,35.05,42.87
test,1996,Maine_Coon_253,Maine_Coon,cat,correct,Maine_Coon,lime,20,0.589038,38,0.621672,0.843954,0.222283,0.028895,0.883934,0.082641,0.709169,,,-0.0445959 -0.0705193 0.0182614 -0.00194796 -0.0239534 -0.0760024 -0.0294303 -0.0118619 -0.0188029 0.00655979 -0.00741396 -0.00583311 -0.0132858 0.0442208 -0.0590882 0.00442393 -0.0147659 0.0284176 -0.0144434 0.00269443 -0.00257861 0.175705 -0.0612898 0.0304997 0.0112275 0.050266 0.0517642 0.376255 -0.00991348 0.000945662 0.0150328 0.0396248 0.043168 0.0809476 -0.00518776 -0.00395395 0.00945968 0.0149336,800,0,cuda,31.58,34.94
test,2810,saint_bernard_36,saint_bernard,dog,correct,saint_bernard,lime,28,0.9996,38,0.309511,0.679647,0.370137,0.166596,0.843303,0.129327,0.923979,,,0.00511894 -0.0152469 -0.00396986 -0.000455288 -0.00534986 0.00455759 0.0658953 -0.00758779 0.0229137 0.0604149 0.00248957 0.122824 0.0644161 0.0363495 0.00463456 0.0026247 0.0353175 0.01114 -0.00641354 0.0482741 0.00825084 0.0636707 0.0254295 -0.0160344 0.769369 0.00392028 0.0370552 -0.0177351 0.00266157 -0.00134404 -0.0131981 -0.00153522 0.00641916 -0.00242338 -0.015814 -0.00680613 -0.0091592 -0.0121235,800,0,cuda,12.25,23.74
test,313,basset_hound_23,basset_hound,dog,correct,basset_hound,lime,3,0.940949,33,0.874701,0.993323,0.118622,0.2236,0.777456,0.328668,0.61705,,,-0.00648053 -0.0123344 0.0176793 0.00765724 0.156716 0.0615193 0.0247679 -0.0380754 -0.018636 0.0158163 0.0336521 0.0122659 0.0653543 -0.00584767 0.290109 0.117823 0.0886247 0.00409211 0.155619 -0.0364013 0.0971046 0.0205915 0.130319 0.0489771 -0.0428178 0.0152128 -0.0172412 0.0101494 0.0298464 -0.00606949 0.00581375 0.0188438 0.0251752,800,0,cuda,42.14,44.52
test,2698,Russian_Blue_222,Russian_Blue,cat,wrong,Bombay,lime,7,0.99933,44,0.778061,0.995137,0.217076,0.557004,0.863244,0.230485,0.373879,,,0.00492199 0.00266812 -0.00339203 0.0221661 0.00452855 0.0351058 0.0324406 -0.00205051 0.0162082 0.0229847 0.00919896 0.0064267 0.0120746 0.0119691 0.0304499 0.00550085 0.0426028 0.00552956 0.0274101 -0.00137116 0.00946797 0.0528807 0.00555076 -0.00610249 0.0308958 0.0502472 0.000833001 0.00039747 0.0194949 -0.0125929 0.00144796 0.0190916 0.00190595 0.00512718 0.0218606 0.00988455 0.0115015 0.0130423 -0.00266672 0.0146941 0.0291961 0.00540207 0.017559 0.0016161,800,0,cuda,52.31,56.09
test,1307,english_setter_32,english_setter,dog,correct,english_setter,lime,13,0.999967,29,0.632593,0.993881,0.361288,0.149169,0.922625,0.469782,0.72618,,,0.115682 0.0972838 -0.00175871 -0.0297959 0.0162828 0.0288781 -0.0212059 0.31394 0.143646 0.00316093 0.0781991 0.409135 0.015409 0.0112879 0.0755907 0.0778243 -0.0433048 0.152494 -0.0136727 0.285585 0.00658154 0.166787 0.0201838 0.00450506 0.00788373 0.00580905 0.0138648 0.0216768 -0.0179269,800,0,cuda,41.04,46.96
test,911,British_Shorthair_277,British_Shorthair,cat,correct,British_Shorthair,lime,9,0.999966,34,0.794025,0.998201,0.204176,0.358328,0.847183,0.609435,0.632293,,,0.0630666 0.00252024 -0.0136244 0.0368572 -0.00745456 0.0428069 0.0577638 0.0201122 0.00858287 0.0567874 0.0781977 -0.014347 0.164821 0.00657776 0.0625456 0.0499672 0.0555246 0.0200223 0.161645 0.0389897 0.0689318 -0.00074259 0.230782 0.217887 0.180294 0.024628 0.0201355 -0.0234463 0.0341365 0.0380287 0.0271913 0.0283546 0.00896496 0.0549777,800,0,cuda,35.61,44.53
test,697,Birman_9,Birman,cat,correct,Birman,lime,6,0.985712,40,0.226582,0.75613,0.529547,0.069553,0.93814,0.280735,0.787493,,,0.191231 0.00636561 0.0516682 0.0619393 0.0382935 0.0386151 0.114155 0.0152388 0.423272 0.133333 0.303931 0.00147526 0.00980257 0.222236 -0.00245335 -0.0360161 0.0204915 0.0115382 0.000949898 0.0355059 0.0509692 0.0320744 0.00797672 0.0171433 0.00597007 0.0213028 0.0179524 0.0127683 0.00920645 -0.000144243 -0.000892908 0.0153804 0.0164682 0.0020758 -0.00845144 -3.10447e-05 -0.00739214 -0.0182136 0.00763811 0.00647839,800,0,cuda,41.12,45.11
test,2386,pomeranian_196,pomeranian,dog,correct,pomeranian,lime,24,0.999361,42,0.727997,0.962024,0.234026,0.29548,0.909067,0.460018,0.707577,,,0.0356726 0.106607 -0.00817516 0.0492026 0.0641258 0.107788 0.0921027 0.0423079 0.0247108 -0.00811235 0.169648 0.00985219 0.11456 -0.00452859 0.39684 0.12216 0.0525415 0.013575 0.0154789 0.0191022 0.0212271 -0.00865714 0.00265925 0.0393751 0.0130943 0.0306691 0.0122381 -0.0121664 -0.0398987 0.0111491 0.0141452 -0.0205237 -0.0122277 0.026468 0.0187668 2.42344e-05 -0.00953089 -0.022535 -0.0197662 0.00363359 -0.00381796 0.0115015,800,0,cuda,41.27,42.03
test,466,beagle_71,beagle,dog,correct,beagle,lime,4,0.998716,31,0.316625,0.559828,0.243203,0.127107,0.847691,0.345328,0.539536,,,-0.0190691 0.0513299 -0.00881515 0.112154 0.0369699 -0.00226216 0.0467532 -0.0212739 0.299727 -0.0456487 0.0247886 0.00604937 0.265702 0.0387651 0.0467017 0.134063 0.124568 -0.0215235 0.0588369 0.0132833 0.0111053 0.00780455 -0.0178822 0.0157945 0.0220671 -0.0187065 -0.00243667 -0.0215793 0.00559022 0.00859115 -0.000493855,800,0,cuda,36.82,38.74
test,1019,chihuahua_40,chihuahua,dog,correct,chihuahua,lime,10,0.967507,33,0.470305,0.897264,0.426959,0.033026,0.889822,0.003158,0.884475,,,-0.0187075 0.0120587 -0.0198234 -0.00444679 0.0358798 0.0225386 0.0956041 0.0149043 -0.0234406 0.0408814 0.0112003 0.00227134 0.0333807 -0.0185863 0.109235 0.00836532 0.0289884 0.727038 0.0580869 0.0109061 0.125118 -0.0144251 -0.0257042 -0.0136918 0.0161375 -0.0150716 0.0121956 0.00558656 0.0439027 -0.0215692 -0.00785388 -0.0229929 -0.0199078,800,0,cuda,45.58,48.99
test,363,basset_hound_69,basset_hound,dog,correct,basset_hound,lime,3,0.999142,33,0.373585,0.947004,0.573419,0.272938,0.895046,0.405792,0.653431,,,-0.0132358 -0.0172239 0.00534425 -0.0156978 -0.0140677 0.0443687 0.05562 -0.00721368 0.050098 0.104365 0.0809812 -0.00267115 0.0236459 0.0211519 0.0816656 0.0822033 0.0170662 0.0311478 0.0726511 -0.00579648 0.298079 -0.0197095 0.0404994 0.194532 -0.00237876 -0.00165321 0.0396803 0.056643 0.0153343 0.042043 0.0070753 -0.00818971 0.0128788,800,0,cuda,60.27,63.66
test,1842,keeshond_65,keeshond,dog,correct,keeshond,lime,18,0.999033,39,0.660694,0.998211,0.337517,0.152456,0.915184,0.394402,0.684035,,,-0.0165705 -0.032847 0.0291379 -0.0147821 -0.01965 0.0145201 -0.0409727 -0.00143688 -0.0095455 -0.00504299 0.0120893 0.142853 0.0147139 0.0448073 -0.0135037 0.0922328 -0.0219264 0.0366796 0.0443638 -0.0191824 0.377359 0.108084 0.0101757 0.167161 0.008906 0.111664 0.0255235 0.0627069 0.0246023 0.0139123 -0.0043092 -0.0133823 0.0311312 0.0789767 -0.00860735 0.0316639 0.0180009 0.045137 0.0111149,800,0,cuda,40.09,45.87
test,3423,staffordshire_bull_terrier_59,staffordshire_bull_terrier,dog,correct,staffordshire_bull_terrier,lime,34,0.547521,41,0.201929,0.411349,0.20942,0.086851,0.528643,0.078018,0.769128,,,0.011766 0.014618 -0.00790728 0.033718 0.00128177 0.0202389 -0.0075897 0.0103099 0.00309352 0.0040803 0.0117372 -0.000998579 0.0323049 0.00690455 0.0194029 0.0347532 0.0151449 0.00530934 0.00790184 0.0117087 0.0291571 0.0510777 -0.0112225 0.00769934 0.0904036 -0.0159882 0.226796 0.00291189 0.0964737 -0.00293619 0.0152315 0.0520463 0.00423539 0.023227 -0.00346905 0.129639 0.00336373 0.0122262 -0.0191418 0.0044417 0.015789,800,0,cuda,39.32,44.7
test,1344,english_setter_66,english_setter,dog,correct,english_setter,lime,13,0.999887,30,0.424287,0.957772,0.533485,0.200801,0.917384,0.486779,0.663641,,,-0.0154306 -0.0109089 -0.000324269 -0.00936722 0.0387961 0.0542971 0.131296 0.00929424 0.0561078 0.00814512 0.0932141 0.513187 0.253584 0.144167 0.00843796 -0.0285806 0.06625 0.0157695 0.0641261 0.0971869 -0.00284416 0.0166783 0.018704 0.0560795 0.0266102 0.0127314 0.0257432 -0.0499146 -0.0147427 0.0389236,800,0,cuda,33.13,37.99
test,1360,english_setter_80,english_setter,dog,correct,english_setter,lime,13,0.996582,42,0.607581,0.715496,0.107915,0.174526,0.882977,0.612712,0.750582,,,0.040971 0.311412 0.0311316 0.183174 -0.010369 0.013991 0.16423 -0.00304377 0.275934 0.0835792 0.0132809 0.313073 0.0779664 0.0310786 0.0124234 0.0212332 0.0623671 0.123825 0.0149996 0.05269 0.0406236 -0.00426674 0.0368113 -0.00344021 -0.0119334 0.0645668 0.0560442 0.0683906 -0.00495954 0.022083 -0.00629486 0.0130923 -0.00599998 -0.0387568 0.0446507 -0.00894876 0.00163463 0.0159276 0.0243623 -0.0115579 -0.0184513 0.0162057,800,0,cuda,22.99,28.41
test,3509,wheaten_terrier_46,wheaten_terrier,dog,correct,wheaten_terrier,lime,35,0.804595,39,0.146923,0.474357,0.327434,0.043995,0.842681,0.254616,0.522243,,,0.0201114 0.0209223 -0.00158143 -0.00159446 -0.00899291 0.0112773 0.0142334 0.0125012 0.00885776 -0.00284344 -0.013891 -0.00570158 0.0134064 0.113188 0.198278 0.010783 -0.0183522 0.000743789 0.0214826 0.0011029 0.174951 -0.0034803 0.0259457 0.177383 -0.0208997 -0.0263565 0.00915212 -0.00193498 -0.0128989 -0.0180799 0.0164518 -0.0210287 0.0468466 0.0204458 0.016639 0.0191494 0.0242407 0.000646999 -0.0331619,800,0,cuda,29.39,37.33
test,2069,Maine_Coon_89,Maine_Coon,cat,correct,Maine_Coon,lime,20,0.999028,37,0.61635,0.994216,0.377866,0.400721,0.939323,0.181507,0.475545,,,0.0238126 0.00472068 0.00471931 0.000356317 -0.0187499 0.0463922 -0.00206521 0.00870331 0.00975707 0.0249556 -0.000457402 0.0545107 0.0496821 -0.00967496 0.0201232 0.00632711 0.0487092 0.0128137 0.00510481 0.00334436 0.0314993 0.0113985 0.0173671 0.00448605 -0.000218991 0.00787637 0.0188835 0.0201855 0.0154684 -0.00499506 0.0377893 0.0122732 0.0147766 -0.00303007 -0.00524891 0.0167485 0.0018685,800,0,cuda,40.31,42.4
test,3023,scottish_terrier_49,scottish_terrier,dog,correct,scottish_terrier,lime,30,0.999289,43,0.28693,0.513543,0.226613,0.275666,0.850621,0.539836,0.710065,,,0.0125128 0.0198727 0.0493988 -0.000305804 -0.00199378 0.0979806 0.00776893 -0.00268437 0.00622854 -0.0141441 0.0339104 -0.00295367 -0.00885822 0.11957 0.147369 0.259368 0.0132596 0.120438 0.0233175 0.0210615 0.0419565 0.327592 0.0265514 0.133067 0.0160593 0.115885 0.0582533 0.0226654 -0.00140674 0.03562 0.0662687 -0.00764928 -0.0182388 0.00140033 0.0089436 0.00475112 -0.00183507 0.00154915 0.0142361 0.00373015 -0.00690867 -0.0121763 -0.0173484,800,0,cuda,46.5,55.24
test,3595,yorkshire_terrier_33,yorkshire_terrier,dog,correct,yorkshire_terrier,lime,36,0.999196,37,0.337173,0.709394,0.372221,0.270227,0.823206,0.393613,0.629046,,,-0.00963948 -0.00330815 0.00151848 0.142976 0.00249592 0.0100784 0.0322803 0.0576028 0.0365857 -0.00314623 -0.00286142 0.0092505 0.049906 0.133226 0.122057 0.0241344 0.170195 0.0459409 0.120473 0.0137511 0.0449383 0.00344659 0.0514828 0.157123 0.00145532 -0.000953137 -0.00231947 0.0103115 -0.00103541 -0.0249334 -0.0030981 0.0137788 0.0335858 0.0189034 -0.0121817 0.00633547 -0.0209979,800,0,cuda,34.86,36.93
test,1524,great_pyrenees_48,great_pyrenees,dog,correct,great_pyrenees,lime,15,0.99857,39,0.475785,0.988174,0.512389,0.237046,0.916343,0.438154,0.669469,,,-0.0372688 0.0643992 0.00237195 0.00444322 -0.00461165 0.0285652 -0.000360055 0.180918 0.0421943 -0.00247516 -0.00526194 0.0171008 0.11205 0.0225992 0.142406 0.0093735 0.160598 0.104271 0.0273893 0.233251 0.0329726 0.00440876 0.0498657 -0.00906006 0.107992 0.00970949 0.00074805 0.0274661 -0.00534078 0.0219178 0.0185564 0.0506279 -0.021855 -0.0122461 -0.00318554 0.0289657 0.00667825 0.00565987 0.000858428,800,0,cuda,25.15,29.46
test,1034,chihuahua_54,chihuahua,dog,correct,chihuahua,lime,10,0.987843,37,0.174446,0.661584,0.487138,0.021713,0.933434,0.03677,0.859153,,,0.00484883 -0.00115311 -0.0281838 0.0273612 -0.0113155 0.00289844 -0.00850063 -0.00181509 0.0149347 0.00609786 0.0118632 -0.0199467 -0.0118638 0.0149412 0.0925496 0.00302103 0.766901 0.0166722 0.0480971 0.0757258 0.0031382 -0.00145347 0.164086 -0.00828331 -0.00552759 0.125326 0.00297532 -0.00792956 -0.0192048 -0.00533108 -0.00652907 -0.00123538 0.00393367 0.010963 0.0104895 0.0078825 0.00948052,800,0,cuda,36.12,45.8
test,83,Abyssinian_87,Abyssinian,cat,correct,Abyssinian,lime,0,0.993521,41,0.932876,0.731574,-0.201303,0.291516,0.87048,0.00293,0.619019,,,0.119619 0.0122856 -0.0452325 -0.0329798 0.0186033 -0.0246927 -0.051928 -0.0424479 -0.034583 0.0191485 0.0639447 -0.0277624 0.0712171 0.0786881 0.00919568 0.0381736 0.0309161 0.0718953 0.0858331 0.0128951 0.066096 0.0256749 0.097066 0.0240947 0.0309498 0.101921 -0.010606 -0.116429 0.136605 0.226584 0.0336198 0.0267578 -0.0457361 0.0184897 -0.108891 -0.028977 0.145305 -0.0364218 0.00280634 0.13512 -0.00113693,800,0,cuda,40.87,49.41
test,79,Abyssinian_83,Abyssinian,cat,correct,Abyssinian,lime,0,0.999877,34,0.320014,0.752704,0.43269,0.171549,0.947458,0.199444,0.799114,,,0.00994552 0.0212434 -0.00200006 0.00262209 -0.0262386 0.00270861 0.0413516 -0.0188199 0.00779579 0.0265232 -0.00879992 0.0375962 -0.0165354 0.0113036 0.00152767 0.0540711 0.143897 0.180478 -0.0255951 0.0160666 0.0310795 0.547911 0.0291748 0.0126977 -0.0013493 -0.00843513 0.0199299 -0.0327898 -0.0165558 0.00789367 -0.00360737 -0.00494604 0.00431386 -0.0213619,800,0,cuda,41.29,43.77
test,662,Birman_68,Birman,cat,correct,Birman,lime,6,0.998213,34,0.876893,0.996716,0.119822,0.436571,0.865308,0.463214,0.617576,,,0.0360415 0.000858478 0.00782933 -0.015594 -0.0183718 0.005245 -0.00745683 0.0188159 0.180042 0.0327023 -0.0122331 0.0196994 0.076855 0.034196 0.0250159 0.164085 0.0385261 0.126013 0.0213348 0.214324 0.0220106 0.0626703 0.037258 0.0388599 0.0437383 0.0501091 0.0897357 0.0435371 0.0061817 0.0238882 0.00160091 0.059899 0.0262342 0.0272834,800,0,cuda,31.87,36.2
test,1439,german_shorthaired_61,german_shorthaired,dog,correct,german_shorthaired,lime,14,0.992945,46,0.152962,0.445358,0.292396,0.221727,0.932611,0.135258,0.767127,,,0.0122073 -0.02097 -0.017804 -0.00597124 -0.0135003 0.509395 -0.00400182 -0.00678019 0.00540013 0.00151094 0.00327794 -0.00897481 -0.00779096 0.00261205 -0.0223583 0.00118105 -0.00393715 -0.00389856 0.336389 0.0124031 -0.00676195 -0.00816835 0.00157814 -0.0103891 0.00226655 0.013923 -0.00442834 0.00319848 -0.00768388 0.0265181 0.00297362 0.015611 0.00399913 -0.00707933 0.0372302 -0.00381439 0.0135752 -0.0331346 0.0034563 -0.016519 0.000787923 0.0241521 0.00313946 0.019006 0.0117812 -0.0050416,800,0,cuda,36.22,40.65
test,3573,yorkshire_terrier_195,yorkshire_terrier,dog,correct,yorkshire_terrier,lime,36,0.999435,32,0.384247,0.861191,0.476943,0.358479,0.93639,0.339688,0.787403,,,0.00657086 0.00313118 -0.0185111 -0.00114189 -0.00299791 0.00655481 0.00643605 0.0206729 0.0114232 0.160109 0.0293732 0.0176347 -0.000684786 0.0745876 0.448404 0.0700067 0.122805 0.0230049 -0.00264372 0.0349169 0.0856264 0.00715541 0.00372135 0.00335942 0.104586 0.00417282 0.0107407 -0.0101188 0.0213659 0.0117641 0.0604691 -0.0121475,800,0,cuda,24.19,30.58
test,919,British_Shorthair_32,British_Shorthair,cat,wrong,Russian_Blue,lime,9,0.9741,43,0.536232,0.980635,0.444403,0.320627,0.841348,0.16313,0.616913,,,0.0195391 0.0337571 0.00344238 0.0655678 0.020891 0.0163318 0.0168244 0.0251134 -0.00161666 -0.00578651 0.0278089 0.0301879 0.0204015 0.0565174 -0.0161388 -0.0111471 -0.0061292 0.115294 -0.0241882 0.033935 0.0446802 0.01768 0.0179061 0.0811117 0.0299769 0.00588776 -0.0162433 -0.00395383 0.0406147 0.184213 0.118859 -0.0553131 0.0133259 0.0418526 0.0374022 0.0466619 -0.0126034 -0.00139864 0.0533032 0.00889566 -0.000568185 0.00965381 0.000458863,800,0,cuda,45.2,52.91
test,1440,german_shorthaired_62,german_shorthaired,dog,correct,german_shorthaired,lime,14,0.999976,31,0.165318,0.520401,0.355083,0.269704,0.941827,0.434379,0.569614,,,-0.00430083 0.016521 0.0284055 0.0351453 0.0374895 0.210112 0.0216634 0.112092 0.0330875 0.191536 0.252921 0.0294752 0.0350388 0.0455629 0.0138835 0.0321436 0.0668241 -0.00165601 0.0150124 0.00924369 0.00984075 0.0346536 0.0572296 0.0199256 0.0156257 -0.0104495 -0.0232984 -0.0125894 -0.0345256 -0.00441549 0.0262593,800,0,cuda,39.73,45.31
test,2966,samoyed_87,samoyed,dog,correct,samoyed,lime,29,0.998926,33,0.577248,0.990729,0.413481,0.223775,0.843088,0.529805,0.668785,,,0.0484587 -0.0163399 0.0422035 0.002965 0.0510591 -0.0150663 0.148337 0.10182 0.0286389 0.188067 0.0328443 0.114547 0.0237723 0.165387 0.416341 0.0064583 0.112876 0.188384 0.0669248 0.019832 0.0657324 0.0145412 0.0934596 0.0096801 0.0259808 0.000963251 -0.026075 -0.00776832 -0.0333015 -0.000939746 -0.0111557 -0.0190811 -0.0113052,800,0,cuda,28.96,35.12
test,2797,saint_bernard_24,saint_bernard,dog,correct,saint_bernard,lime,28,0.998071,38,0.26146,0.612108,0.350648,0.128077,0.903126,0.107036,0.72113,,,-0.0290084 -0.0352364 -0.00178207 -0.0761704 -0.0647941 0.00293574 0.0256591 0.00197031 -0.017016 -0.00764709 0.028954 -0.0168007 -0.00704685 0.0609997 0.209317 0.105614 -0.00959024 0.00100728 0.0865939 0.314413 -0.0245183 -0.00988815 0.320337 0.345411 0.227038 0.00313153 0.0123646 -0.00783533 0.0443764 0.008688 -0.0194047 -0.0109154 -0.00197175 -0.0225943 0.00140885 -0.00546468 -0.0347277 -0.0138626,800,0,cuda,45.2,51.25
test,3592,yorkshire_terrier_30,yorkshire_terrier,dog,correct,yorkshire_terrier,lime,36,0.999887,36,0.265306,0.985982,0.720676,0.206578,0.96954,0.293562,0.634708,,,-0.00717956 -2.02786e-06 0.00672911 -0.00148625 -0.00914407 -0.000386557 0.0187249 0.0445947 0.00938346 -0.0179252 0.00496336 0.00807589 0.188621 0.0724191 -0.00989295 0.00280572 0.0296263 -0.00194409 0.291588 -0.00821774 -0.000712674 -0.000480702 -0.00652878 0.0102213 0.00434642 -0.000753013 0.0841455 0.0151819 0.104087 0.013787 0.0280047 0.00688929 0.0232564 -0.00490468 0.0194154 0.00684098,800,0,cuda,35.32,37.93
test,2253,newfoundland_75,newfoundland,dog,correct,newfoundland,lime,22,0.999738,38,0.430445,0.739925,0.30948,0.330546,0.953731,0.26787,0.496083,,,0.0172636 -0.00372893 -0.00788352 0.0635708 0.0230545 -0.000781824 -0.00297403 0.0264165 0.00427859 -0.0128252 0.00444742 0.043359 0.0833917 -0.00465164 0.0262376 0.00187647 -0.00577852 -0.0136261 -0.00259804 0.00826392 -0.00180794 0.0141479 0.0465635 0.14675 -0.0157154 0.045097 0.093532 0.0401427 0.127942 -0.00441203 -0.0104113 0.00268702 -0.000144572 -0.00434858 0.00864435 -0.00642878 0.0051033 0.00838743,800,0,cuda,50.0,52.49
test,2376,Persian_95,Persian,cat,correct,Persian,lime,23,0.992024,34,0.734455,0.709531,-0.024924,0.214148,0.898077,0.211354,0.814974,,,0.0524224 0.0523156 0.0691025 0.0823439 0.089063 0.142107 -0.0176219 0.00754556 0.185769 0.111388 -0.0109889 -0.0098949 0.0329191 -0.017641 -0.0020463 0.00945622 0.399287 0.0772119 0.00603927 -0.0148685 0.00511545 0.00334507 0.00412465 0.000835602 -0.0402453 -0.00129907 0.0108325 0.00482046 -0.0296746 -0.00448025 -0.0391862 -0.0107476 -0.0218102 -0.0350447,800,0,cuda,31.89,34.54
test,808,boxer_2,boxer,dog,wrong,american_bulldog,lime,1,0.997597,33,0.405632,0.983274,0.577642,0.135291,0.898206,0.417694,0.782279,,,-0.0120011 -0.00123448 0.00902812 0.0516267 0.0337451 0.104047 0.0108033 -7.97696e-05 0.0433787 0.00231071 0.39085 -0.0130663 0.0177328 0.021886 0.048273 0.126985 -0.00735167 0.0410482 0.170467 -0.0146341 0.0430367 0.159056 -0.0385673 0.159454 0.00750577 0.415531 0.0043093 -0.0194912 0.00386639 0.0209735 -0.0250595 -0.0134497 -0.0407102,800,0,cuda,38.97,44.89
test,1510,great_pyrenees_35,great_pyrenees,dog,correct,great_pyrenees,lime,15,0.995221,34,0.598314,0.992861,0.394547,0.218223,0.928409,0.258796,0.763496,,,0.0806345 -0.0426602 0.177641 0.0363122 -0.000440972 0.0720647 0.0323103 0.318309 -0.00858134 -0.0399789 -0.0348181 0.0333749 0.00562747 -0.0135496 -0.0141168 0.0179528 0.160059 0.00196274 0.0234909 0.0100155 -0.00331642 0.0665127 0.0235303 -0.0014553 0.0543023 0.0271248 0.0151692 0.0444241 -0.00894867 -0.0144668 0.0170916 0.00532311 0.00615246 -0.00158253,800,0,cuda,28.09,32.83
test,2576,pug_96,pug,dog,correct,pug,lime,25,0.99957,28,0.583088,0.755894,0.172807,0.241256,0.748781,0.396394,0.81346,,,0.0320658 0.00727589 -0.0162687 0.00191489 0.0309888 -0.0234917 -0.00227369 0.0533892 0.116156 0.303059 0.0199157 0.484925 0.0745744 0.132671 -0.019891 0.14427 0.0644482 0.115713 0.0402403 0.0314409 0.0393993 0.103643 0.0253671 0.0383857 0.00420412 0.000591843 0.0212469 -0.0140168,800,0,cuda,53.4,58.7
test,656,Birman_62,Birman,cat,correct,Birman,lime,6,0.965361,37,0.331354,0.824969,0.493616,0.079455,0.941594,0.125928,0.858199,,,0.0544821 0.0204485 -0.00496497 0.00613607 -0.0517382 0.00485171 0.0137087 -0.0338112 0.0555246 0.0172901 -0.0293299 0.0189121 0.599735 0.063596 -0.0105194 -0.0121037 0.241093 -0.0125678 0.0607348 -0.00136256 0.0101762 0.267487 0.0867957 -0.00632956 -0.0286093 -0.000535349 -0.00157612 0.039939 -0.0458674 -0.0128418 -0.0130017 -0.0230216 -0.0158545 -0.00234797 0.000645687 -0.00958462 -0.00639745,800,0,cuda,43.88,56.73
test,1921,leonberger_46,leonberger,dog,correct,leonberger,lime,19,0.999316,48,0.151606,0.97324,0.821634,0.078772,0.963532,0.339266,0.742645,,,0.0132195 -0.00487002 -0.0364529 -0.0128556 -0.0255348 -0.0400133 -0.00545755 -0.00591519 -0.0178831 0.00868781 -0.0171066 -0.00904916 -0.0241639 0.0143557 0.00927358 -0.0313829 -0.00320605 -0.0199197 -0.0195759 -0.00914699 -0.00844047 0.00374149 -0.00387991 0.0440539 0.00475055 0.49873 0.025904 -0.0137693 0.220185 0.172241 -0.00504241 0.0161415 0.226354 0.283043 0.0213955 0.00880517 0.0300807 0.00157867 0.0161289 0.0203416 0.0192872 0.0164802 -0.00231794 0.0193266 0.0327846 0.0310295 -0.00833461 -0.00508825,800,0,cuda,44.24,48.14
test,1442,german_shorthaired_64,german_shorthaired,dog,correct,german_shorthaired,lime,14,0.999981,33,0.551957,0.941521,0.389564,0.346982,0.818483,0.393162,0.583613,,,0.00769068 -0.00387896 0.0254704 -0.0210743 0.000153044 0.0251949 0.0219556 0.0190296 -0.0243716 0.0296899 0.0485659 0.216811 0.0296901 0.0533008 -0.0256251 0.0268376 0.0520012 0.144798 0.0307178 0.0995705 0.108959 0.024108 0.0522139 0.0214327 0.0103455 0.0152665 0.0757329 -0.0147298 0.068764 0.0264671 -0.0132821 0.000764126 0.0308002,800,0,cuda,45.17,54.68
test,3466,staffordshire_bull_terrier_98,staffordshire_bull_terrier,dog,correct,staffordshire_bull_terrier,lime,34,0.830446,33,0.857641,0.97949,0.121849,0.224936,0.724864,0.432542,0.670312,,,-0.0159936 0.00148389 0.0502847 -0.00454342 0.091858 0.216516 0.0257236 0.114198 0.016341 0.17225 0.0650138 0.225004 0.125127 0.0302441 0.105518 -0.0112571 0.0242453 0.0250958 0.0300355 0.0132688 0.0207506 -0.0095896 0.0633242 0.0113443 -0.0146115 0.0670044 -0.00124245 0.0178519 -0.0751351 -0.00179822 0.0235508 -0.00527197 0.00755975,800,0,cuda,28.76,35.35
test,858,boxer_75,boxer,dog,correct,boxer,lime,8,0.822356,38,0.226283,0.573276,0.346992,0.122358,0.853337,0.216484,0.807526,,,0.0250516 0.0204386 0.000571534 -0.00761587 0.131515 -0.00182729 -0.0345249 -0.0129984 0.0290715 0.0258026 -0.0176057 -0.017286 0.0115108 0.0613825 0.011626 0.355383 -0.00392005 0.236562 0.0280977 0.00312858 0.00981483 0.041436 0.00168657 0.00692494 -0.00521906 0.0219905 0.0217804 0.109733 -0.00908383 0.012896 0.00945835 -0.00210617 0.0010965 0.0119212 0.0168912 0.00410578 -0.0125215 0.00237213,800,0,cuda,31.52,34.82
test,1803,keeshond_29,keeshond,dog,correct,keeshond,lime,18,0.963803,34,0.665916,0.992862,0.326946,0.164434,0.858723,0.359539,0.563557,,,0.00979834 0.033195 0.0183524 0.021175 0.0640697 0.0281756 -0.0131066 0.0204298 -0.00807332 0.0155105 0.0116702 0.150297 -0.171808 -0.000816175 0.108374 0.200393 0.0953727 0.0631514 0.162654 0.143994 0.0760874 0.115199 0.0388629 0.193739 0.0343023 0.0443872 0.0247801 0.00414136 -0.020239 -0.00546647 0.00584875 -0.0292197 -0.00270621 0.00018657,800,0,cuda,58.34,69.08
test,2627,Ragdoll_45,Ragdoll,cat,wrong,Persian,lime,26,0.851484,31,0.348294,0.881589,0.533295,0.109605,0.787243,0.203049,0.740306,,,0.0476245 0.0095673 0.13207 -0.00678749 -3.97458e-06 0.0673416 -0.00644034 0.184338 0.0289905 0.0674132 0.0711144 -0.0154439 -0.0056265 0.0185101 0.495148 -0.0132186 0.0840101 -0.00372448 0.0743565 0.024859 0.0123404 0.0177471 0.0800055 -0.0284156 0.00259483 -0.0105186 0.00357614 0.0256222 -0.00259322 -0.00357176 0.0131647,800,0,cuda,37.34,42.01
test,2988,scottish_terrier_198,scottish_terrier,dog,correct,scottish_terrier,lime,30,0.999894,32,0.442044,0.961607,0.519563,0.197809,0.94155,0.396398,0.611853,,,0.00781917 -0.014134 -0.0140341 -0.00671613 0.00807189 -0.0127999 0.0300135 0.03924 0.0620957 0.00472957 0.0665276 0.0212335 -0.0097931 0.116428 0.164458 0.139044 0.00152558 0.0315312 -0.0205899 -0.00512941 -0.0175265 -0.00824608 -0.0296683 0.236984 0.301517 0.00121121 -0.00777612 0.0106133 0.0378411 0.116715 0.00647945 -0.00630405,800,0,cuda,24.54,25.53
test,2664,Ragdoll_85,Ragdoll,cat,correct,Ragdoll,lime,26,0.984815,31,0.342375,0.972321,0.629946,0.159878,0.859273,0.207781,0.852369,,,-0.0119136 0.0536689 0.0213664 0.0418656 0.0411758 -0.00427394 0.00938348 0.0237643 0.574395 0.00821878 -0.00597074 0.00102942 -0.0136392 0.0235575 0.227664 0.143734 -0.00584995 0.117229 0.0689119 0.150784 -0.00490808 -0.0145845 -0.00773786 0.00510086 -0.022253 0.0491252 0.0149174 0.00574068 -0.00258475 -0.00665114 -0.0310942,800,0,cuda,42.54,45.92
test,844,boxer_62,boxer,dog,correct,boxer,lime,8,0.993889,36,0.35509,0.759378,0.404288,0.252231,0.855635,0.275306,0.843553,,,-0.0135348 0.00764176 0.00881801 0.0083406 0.010523 0.00162831 0.0266308 0.00571211 -0.0205747 0.0191268 -0.00038474 0.0128478 -0.0306281 0.00303192 0.000777266 0.0158258 0.0739641 -0.0210403 0.0310689 0.0530002 0.470673 0.101232 0.0122451 -0.0158377 0.347434 -0.00202241 0.00375214 -0.0157573 0.0366844 0.0225107 0.0725424 -0.0234056 0.0281457 0.000495773 0.0399313 0.0172683,800,0,cuda,29.04,29.97
test,833,boxer_52,boxer,dog,correct,boxer,lime,8,0.999054,43,0.610591,0.99726,0.386669,0.427572,0.96652,0.259061,0.360338,,,0.0140133 0.0260352 0.0154708 0.00652959 0.0107307 0.0145725 0.0101746 0.0509319 0.00743979 0.0173661 0.00944023 0.00811947 0.0137326 0.0135756 0.0151583 0.0387264 0.0888632 0.0021627 0.0751507 0.000513553 -0.0066205 0.00924568 0.00194941 -0.00166297 0.0218439 0.0454578 -0.0083769 0.00157152 -0.00433258 0.0173487 0.0265796 0.00647259 0.0407232 0.00682684 -0.00276066 0.00395026 0.0165678 -0.00416306 0.0214318 0.0011995 0.00663375 -0.00144806 0.0130831,800,0,cuda,50.27,54.03
test,1614,havanese_39,havanese,dog,correct,havanese,lime,16,0.994352,40,0.730329,0.815912,0.085583,0.246262,0.784949,0.404786,0.800975,,,0.00536276 0.127321 0.0235347 0.00964595 0.0496913 0.0969732 0.023954 0.0333813 0.0556225 0.0744544 0.00572258 0.373156 0.0521119 0.198104 -0.00774709 0.0753147 -0.0439304 0.172241 0.0237364 0.0550564 0.00963651 0.0857151 -0.0663889 0.03653 0.0217097 0.038045 0.0151176 0.0245291 0.00871657 0.0134352 0.0229498 0.026064 -0.00856046 0.0149128 0.0413553 0.0653347 0.0232273 0.0142965 0.0252787 0.0156888,800,0,cuda,29.96,37.8
test,213,american_pit_bull_terrier_204,american_pit_bull_terrier,dog,correct,american_pit_bull_terrier,lime,2,0.972786,38,0.26148,0.514874,0.253394,0.071947,0.820118,0.059466,0.76532,,,0.0153598 -0.00995263 0.0556027 -0.0173186 0.0389469 0.00828854 0.0402963 -0.018 0.048032 0.318085 0.00921655 0.0480107 -0.0349908 0.440532 0.0310712 0.0423602 -0.00209861 -0.0010016 -0.00848544 0.024345 0.00694243 -0.00708005 0.0383868 -0.00372242 -0.0233687 -0.00796168 0.0135818 0.00612654 0.0132184 0.0556185 -0.00827189 0.0374233 -0.0240997 0.0861018 0.0194032 0.00864496 0.0125836 0.00778254,800,0,cuda,51.56,58.73
test,2520,pug_44,pug,dog,correct,pug,lime,25,0.99954,44,0.765944,0.984069,0.218126,0.303461,0.882486,0.533986,0.569616,,,-0.000881061 0.0177693 0.0513917 0.0239124 -0.00713224 0.0700217 0.106895 0.0505139 0.18984 -0.0138109 0.00916948 0.154207 0.116044 0.0396791 0.0201361 0.0315128 0.00687738 -0.0107751 0.125774 0.0503 0.00494659 0.00133475 0.00821816 0.158412 0.00899005 0.0323284 0.00882831 0.036489 0.0909423 0.0555346 -0.00839087 0.0225235 -0.00147173 0.0366571 -0.0157462 -0.00422262 -0.00332083 0.00227766 0.0181214 -0.0134299 -0.0232226 -0.00862504 0.0112665 0.00741128,800,0,cuda,43.39,45.05
test,3223,Siamese_43,Siamese,cat,correct,Siamese,lime,32,0.997612,42,0.499601,0.96393,0.464328,0.250907,0.883879,0.396603,0.718017,,,0.041766 0.00620181 -0.00244593 -0.0128215 0.02617 0.0300511 -0.00296011 0.0219889 -0.015169 -0.00727508 0.02244 0.0476768 0.00475757 0.0632062 0.00469969 -0.0139644 0.0562553 0.0808395 0.0292235 0.010196 0.026569 -0.0472205 0.0758357 0.00249242 0.110839 -0.0121626 -0.0307368 -0.0222598 0.0657053 0.320981 0.388521 0.250318 0.0147221 -0.0237389 0.0110937 0.081762 -0.00356799 0.0591978 -0.00748549 0.0304476 -0.0105142 0.0972192,800,0,cuda,28.82,32.74
test,131,american_bulldog_38,american_bulldog,dog,correct,american_bulldog,lime,1,0.998877,38,0.565091,0.620364,0.055273,0.341323,0.903106,0.679596,0.738889,,,0.0422147 0.0191862 0.170884 0.0157151 0.247037 0.203071 0.129739 0.174235 -0.00661144 0.0898044 0.224944 0.0457502 0.158416 0.111735 -0.00688932 0.00999351 0.0179202 0.0958698 0.0762027 0.101741 0.0124255 -0.0176864 0.023965 0.0116504 -0.0166983 0.00389251 0.0139809 -0.00993275 0.00108808 0.066101 0.0330865 0.0120315 0.00393379 0.0156836 0.0283464 0.00360884 0.0252638 0.010782,800,0,cuda,29.2,37.83
test,439,beagle_47,beagle,dog,correct,beagle,lime,4,0.998834,32,0.951052,0.999535,0.048483,0.057064,0.850641,0.665587,0.500572,,,0.00691423 -0.00912293 0.0089494 0.0185173 -0.0232923 0.00168083 -0.0283552 0.0107432 -0.00993758 -0.00964163 0.0238062 0.00489475 -0.011706 0.00720349 0.0267416 0.142077 0.0673564 -0.0170467 -0.00457949 -0.00300286 -0.0046641 0.141293 0.00473184 0.0108455 0.0205605 0.0465063 0.0214912 0.012753 -0.0268199 0.0228991 0.0165997 0.0326523,800,0,cuda,38.02,45.92
test,3124,shiba_inu_4,shiba_inu,dog,correct,shiba_inu,lime,31,0.999847,31,0.287368,0.611408,0.324039,0.168763,0.932724,0.314573,0.59595,,,-0.00268909 -0.00920441 -0.0188281 -0.0236376 0.0042472 0.0199025 0.0172401 -0.0250706 -0.00713112 -0.0234532 0.266112 0.11482 0.118561 0.121639 0.0173712 0.202596 -0.0282427 -0.0403701 0.00863196 0.321815 -0.0242543 0.0257471 0.0107192 0.00749096 0.016529 0.0133504 -0.0200593 -0.000827604 -0.0151338 0.0194749 0.0212867,800,0,cuda,32.24,38.85
test,2421,pomeranian_46,pomeranian,dog,correct,pomeranian,lime,24,0.998161,32,0.756617,0.992985,0.236368,0.244292,0.908407,0.431721,0.644466,,,-0.00284044 0.0255559 -0.0331609 0.00825194 0.00543642 0.0580748 0.199735 0.042017 -0.0182074 0.0326791 0.176822 -0.00934394 0.267561 -0.0222011 0.0242851 0.196372 0.109237 -0.00505413 0.00783508 0.00263097 0.145275 0.00214687 0.151317 -0.0104411 0.0181787 0.0138162 0.0192085 -0.00371556 0.00463788 0.0042513 0.0196141 0.00828626,800,0,cuda,24.46,29.03
test,2524,pug_48,pug,dog,correct,pug,lime,25,0.999434,32,0.827049,0.882722,0.055674,0.207503,0.856921,0.57778,0.711059,,,0.0777806 0.0241022 0.127667 0.101176 0.0597654 0.0101956 0.301964 0.111774 0.0294497 0.386446 0.0673412 -0.00131909 0.114528 0.0907291 0.0927969 0.153132 -0.00455782 0.00573271 -0.00161778 0.0355725 0.0629 0.00888791 0.0213114 0.0242934 0.00122153 0.00616389 0.0219024 -0.00250157 -0.00837231 -0.00934552 -0.0131808 -0.0172569,800,0,cuda,37.41,44.85
test,1609,havanese_34,havanese,dog,correct,havanese,lime,16,0.99901,43,0.507812,0.632138,0.124326,0.22807,0.811826,0.485092,0.86954,,,0.107347 0.030214 0.0699898 0.0534855 0.598162 0.0926654 0.0207621 0.0853341 0.0317702 -0.00459884 0.0868477 0.0260998 0.055099 0.00112757 0.0281922 0.0355074 0.0456704 0.0748434 -0.00606484 0.0710766 -0.00192448 0.00439409 0.00299303 0.00127794 0.0204293 0.0123181 0.0690931 0.0317307 0.00603768 0.0215247 -0.00449281 0.0219371 0.00445304 0.0106183 -0.00216661 0.0118457 0.0101397 -0.0033264 0.000690213 0.0136174 -0.0105684 0.0025362 0.012405,800,0,cuda,24.29,30.97
test,853,boxer_70,boxer,dog,correct,boxer,lime,8,0.998107,36,0.544244,0.954129,0.409885,0.262445,0.857,0.431679,0.740264,,,-0.0172835 0.0256274 -0.01039 0.0179967 0.0486211 0.0294899 0.290037 0.152612 0.0679447 0.175253 -0.0063891 0.0134695 0.0517502 0.151091 0.0685552 0.0428515 0.19223 0.00787264 0.0233349 0.200058 0.000847304 -0.0115037 -0.00408626 -0.0027448 0.022539 0.050183 0.0158847 0.0641657 -0.00369326 -0.0250278 0.0263613 0.032361 0.00420362 -0.017886 0.0606116 0.027368,800,0,cuda,49.95,56.19
test,448,beagle_55,beagle,dog,correct,beagle,lime,4,0.989307,46,0.215342,0.351948,0.136606,0.030937,0.965363,0.007062,0.904937,,,-0.00641871 -0.00276964 0.00540376 -0.00522323 0.0333812 0.00253887 0.0404768 -0.00731753 -0.0148538 0.735264 0.0247928 0.0103084 0.0038412 0.208159 0.0129199 0.0225712 0.00127665 0.000938153 -0.0356134 -0.0335598 -0.000732041 0.00238213 -0.0436391 -0.00752089 0.0299637 -0.0228165 -0.0161057 0.0134319 -0.00603166 -0.023144 0.00141192 -0.00410153 0.00885225 0.0164699 0.0170084 -0.000504295 0.00630734 -0.000631875 0.000316704 0.00866351 0.000771392 -0.000122165 0.0379628 -0.00223365 0.00800852 -0.0122031,800,0,cuda,32.85,37.38
test,3267,Siamese_88,Siamese,cat,wrong,Birman,lime,32,0.948416,33,0.679508,0.703427,0.023919,0.213945,0.843966,0.056917,0.719932,,,0.0934803 0.0714227 0.115102 0.0153537 -0.00968868 0.074626 -0.116435 0.0457266 0.179772 0.376006 0.164577 0.0347474 0.0543777 0.112153 0.0365934 -0.0128029 -0.0271842 -0.023174 0.0055574 0.0178852 0.105357 0.0250334 -0.000530601 0.00825193 0.0288257 0.00233489 -0.0410463 -0.0213401 -0.0127274 0.00171575 0.0131677 -0.0334659 -0.00332019,800,0,cuda,25.19,25.75
test,2947,samoyed_6,samoyed,dog,correct,samoyed,lime,29,0.99909,36,0.552296,0.991064,0.438768,0.221472,0.904255,0.440688,0.798602,,,0.0031821 -0.0106362 0.00796907 0.0733445 0.0194403 0.0098908 0.0129928 0.200091 0.0400451 0.0121854 0.554256 0.0474456 0.158854 0.00899157 0.0292612 0.0241521 0.156501 0.168655 -0.000933185 0.0347177 0.0027066 -0.00325534 -0.00963128 0.0533698 0.0443056 -0.0140754 0.00768403 0.0420553 -0.00482319 -0.00176476 -0.00905865 -0.0187694 0.0199911 -0.000844022 0.00383918 -8.04372e-06,800,0,cuda,53.99,60.22
test,3350,Sphynx_66,Sphynx,cat,correct,Sphynx,lime,33,0.999945,32,0.452507,0.758512,0.306005,0.374688,0.892887,0.353967,0.555647,,,0.0440605 0.0843403 0.0227495 0.00806511 -0.00219176 0.0358478 0.0748729 0.0184403 0.0284509 0.118275 0.0878257 0.0174499 0.0394116 0.0174894 0.0288061 0.0542812 0.120387 0.00414797 -0.00177157 0.00493328 -0.000669019 0.00759673 -0.00639938 0.0357708 0.00968827 0.0977367 0.0251174 0.00560347 0.00579371 -0.0143795 0.00448015 0.00590809,800,0,cuda,35.33,40.61
test,2970,samoyed_90,samoyed,dog,correct,samoyed,lime,29,0.998968,37,0.697724,0.9955,0.297776,0.286606,0.828316,0.55021,0.668393,,,0.0157586 0.0459431 0.0215922 -0.00582021 0.130907 0.0108884 0.0817545 0.14196 0.0157875 0.261262 0.0690158 0.00705795 0.0432892 -0.0283474 0.091537 0.0214213 -0.00532203 0.213813 0.0962752 -0.0113355 0.205734 0.0112772 0.014956 0.123529 -0.0162616 -0.000580761 -0.0128566 0.0388429 0.046876 0.0775104 0.0171526 0.0074495 0.0222961 0.00389408 0.00876645 -0.0143329 0.010333,800,0,cuda,51.93,57.58
test,1727,japanese_chin_50,japanese_chin,dog,correct,japanese_chin,lime,17,0.999412,36,0.205317,0.809974,0.604656,0.11079,0.95698,0.179628,0.947985,,,-0.00190478 0.00684186 0.00352105 -0.0194521 0.00711461 0.0144678 0.00391777 0.0444376 0.0376185 0.00909257 0.00285353 0.029874 0.787223 0.000862191 0.0101577 0.0056363 0.0122962 0.00668051 0.106964 0.00262104 0.000478126 -8.65655e-05 0.00184194 0.0613693 0.00670124 0.00240415 0.0132451 0.0108436 0.00559493 -0.00679496 -0.00410119 0.00360729 0.00987161 -0.00869891 0.017893 0.00166037,800,0,cuda,45.4,49.71
test,103,american_bulldog_20,american_bulldog,dog,correct,american_bulldog,lime,1,0.963681,39,0.543746,0.823699,0.279953,0.065062,0.752703,0.290642,0.592486,,,0.0374583 0.00470579 0.0261636 0.00920547 0.214395 0.109627 0.00267943 -0.0163377 0.158437 0.0208872 0.0301711 0.161614 -0.0442201 0.00978389 0.0380262 -0.0239684 0.0325486 0.00470564 0.0285748 0.0457209 0.0442665 0.0123046 0.008718 0.0439304 -0.00583153 -0.0117693 0.0200398 0.00108779 0.0202793 -0.0388495 -0.00141357 0.0132758 -0.000193006 0.0117965 0.0429482 0.0147527 -0.00552192 0.0137202 -0.00232157,800,0,cuda,26.58,29.48
test,523,Bengal_32,Bengal,cat,correct,Bengal,lime,5,0.999893,35,0.610152,0.989821,0.379668,0.606681,0.926536,0.039447,0.137212,,,0.00202532 0.000253963 -0.00171503 0.00414589 0.000673568 0.000206843 0.00234444 -0.00204447 -0.000338687 0.00745661 0.00523736 0.000458585 0.00200397 0.000711582 0.00346641 0.00191534 0.00278229 0.0050345 0.00215413 0.000878397 0.00489482 -0.000141046 0.00619102 0.00435625 0.00739447 0.0059686 0.00666216 0.00484045 0.00747342 0.0016 0.000210114 0.00363835 0.000724807 -0.00184092 0.004561,800,0,cuda,38.87,41.56
test,1102,Egyptian_Mau_220,Egyptian_Mau,cat,correct,Egyptian_Mau,lime,11,0.998053,39,0.549904,0.843011,0.293107,0.360719,0.917262,0.390612,0.590504,,,-0.00892081 -0.00480711 0.0157979 0.00678169 0.0025287 0.000355258 0.00897784 0.0142734 0.018779 0.0287028 -0.0032196 0.0992022 -0.00373583 0.189189 0.0152126 0.0974602 0.0315905 0.103564 0.123241 -0.0170242 0.0427504 0.0496354 0.0257227 0.00330945 0.0114217 0.0485034 0.0381407 0.0323969 0.0445178 -0.00230163 0.0188695 0.0090953 0.00645416 0.0951075 0.0635638 0.000363814 0.0282347 0.0208125 0.0254502,800,0,cuda,34.73,39.73
test,1821,keeshond_45,keeshond,dog,correct,keeshond,lime,18,0.999498,36,0.546158,0.96016,0.414003,0.25551,0.918199,0.442754,0.764481,,,0.010585 0.0226395 0.0215971 0.00657975 -0.00428108 0.0221752 0.0351188 -0.00613077 0.0608404 0.0794798 -0.00583685 0.0704635 0.0496372 -0.00925826 0.471992 0.149855 0.0580937 0.115319 0.0254854 0.162409 0.0224504 0.048534 0.0333823 0.000766721 0.0569964 0.0534953 -0.0238488 -0.0136206 -0.00106168 0.030367 -0.0160202 0.00527998 0.000119152 -0.0184793 -0.00151733 0.00639629,800,0,cuda,18.64,22.32
test,1415,german_shorthaired_3,german_shorthaired,dog,correct,german_shorthaired,lime,14,0.994506,38,0.120815,0.558739,0.437925,0.120663,0.956189,0.271557,0.862365,,,0.018743 0.00268643 -0.00122891 0.0218031 0.00698306 -0.00786016 0.0336306 0.00344543 0.00360598 0.476958 0.0185757 0.0396842 -0.009235 0.0461657 0.103049 0.263815 -0.00245577 0.0383769 0.0379676 0.0824481 -0.00879382 0.0428211 0.00416595 0.0138742 0.000422538 0.00137018 -0.0168204 0.0103919 0.00289322 0.00134885 0.000929879 -0.00346612 -0.00766585 -0.00735257 -0.00701218 -0.000262477 0.00594736 -0.00687034,800,0,cuda,44.75,48.3
test,165,american_bulldog_6,american_bulldog,dog,correct,american_bulldog,lime,1,0.994551,35,0.369778,0.978122,0.608344,0.156196,0.884482,0.460164,0.759211,,,-0.00517554 0.0237908 0.0198783 0.00860881 -0.00753695 0.0436803 0.0259747 0.00875565 0.0784193 0.0308387 0.136848 0.0857769 -0.00208118 0.108749 0.153445 0.205072 0.0214711 0.00573742 0.15468 0.235527 0.0107202 -0.0109134 0.0435416 0.0333145 -0.00701498 0.278036 0.00972907 0.326182 0.0151046 -0.0146761 -0.00440011 -0.0132494 0.0627248 0.0122326 0.0131972,800,0,cuda,61.28,67.98
test,3135,shiba_inu_5,shiba_inu,dog,correct,shiba_inu,lime,31,0.999894,37,0.545759,0.969338,0.423579,0.205778,0.917894,0.325775,0.741146,,,0.0338288 -0.00307474 -0.00467842 0.00389165 0.038547 -0.0314807 0.00754491 0.086272 0.022462 0.0133306 -0.00761862 -0.0106631 0.0533932 0.237227 0.0345641 0.060349 0.305498 0.0362126 0.0232113 -0.000501694 -0.0118253 0.00623156 -0.023449 0.0400612 0.555074 0.0268231 0.0177609 -0.00791901 -0.0172959 -0.0053504 -0.00544201 -0.0117473 -0.00477218 -0.0193065 0.00725132 0.0098351 -0.0147193,800,0,cuda,35.03,44.75
test,907,British_Shorthair_273,British_Shorthair,cat,correct,British_Shorthair,lime,9,0.999632,36,0.692124,0.987936,0.295813,0.140618,0.866771,0.336725,0.615059,,,0.0392187 -0.0339679 0.0302327 0.0938844 -0.0870343 0.0450988 0.0122596 0.0907023 -0.0552516 -0.0250593 -0.0491527 0.253693 0.184944 -0.0152851 0.00982328 0.00572072 0.047769 0.0327945 0.0124018 0.228319 0.0179829 0.0146895 0.00627795 -0.019962 0.01867 0.143381 0.00458358 0.0329698 0.0360665 0.0207688 0.00722926 0.0239312 0.0240274 0.0409922 0.0248723 0.0918006,800,0,cuda,44.85,55.24
test,2397,pomeranian_24,pomeranian,dog,correct,pomeranian,lime,24,0.995059,33,0.60511,0.931999,0.326889,0.180857,0.788176,0.183856,0.726039,,,0.0231396 0.0860145 0.0165691 0.185418 0.0812458 0.37298 0.0271262 0.194262 0.023348 0.313859 -0.00256005 0.011836 0.0178965 0.0197246 0.00596751 0.151243 -0.00960766 0.0334058 0.114558 0.00408625 0.0127615 -0.0138273 -0.0211501 -0.0399982 -0.0251494 0.0398777 0.0763572 0.0233549 0.00949984 -0.0107262 -0.00354368 0.00681732 -0.00581831,800,0,cuda,33.81,36.39
test,3073,scottish_terrier_94,scottish_terrier,dog,correct,scottish_terrier,lime,30,0.998932,32,0.31808,0.979333,0.661253,0.237884,0.936258,0.391279,0.650554,,,-0.0182361 -0.00687927 -0.0308535 0.0124593 0.0139909 -0.0136986 0.0247117 0.16213 -0.0151609 0.00437898 0.0617992 0.352279 0.0456772 0.237647 0.00819808 0.0450538 0.0681559 -0.0101313 0.0539432 0.0643354 0.162822 0.00978381 0.0113518 0.028028 0.0308182 0.00144586 -0.025848 0.0241989 0.00783046 0.0174699 0.00808476 -0.0259182,800,0,cuda,38.06,41.2
test,2419,pomeranian_44,pomeranian,dog,correct,pomeranian,lime,24,0.994518,32,0.740972,0.997003,0.256031,0.076753,0.786274,0.219394,0.608907,,,0.00961738 -0.00827913 0.00958876 0.0314741 0.0211571 0.0642858 0.00406255 0.148884 0.00778524 0.175535 0.0275822 0.13972 0.0836271 0.0371396 0.0126563 0.209391 0.0535172 0.237416 0.00533137 0.0089447 -0.0111959 0.00320852 -0.0069624 -0.00266443 0.0504531 0.0102857 -0.0275187 0.00219393 -0.00295597 -0.0420144 -0.0171802 -0.0224245,800,0,cuda,30.73,37.27
test,1860,keeshond_81,keeshond,dog,correct,keeshond,lime,18,0.999501,36,0.682956,0.883437,0.200481,0.238236,0.932003,0.340321,0.574725,,,0.0141668 0.00727658 -0.0126003 0.00499866 0.043483 0.0182068 -0.0124812 0.0558627 -0.000965454 0.0963403 0.0380524 0.00673534 -0.0233986 0.0146917 -0.0202756 0.0419951 0.192206 0.0281463 0.0170156 0.0298024 0.0137946 0.178241 -0.00637446 0.00264732 -0.0209416 -0.0194286 0.215798 0.0151577 0.0168844 0.0573063 0.00519277 -0.00295475 0.023182 -0.00421998 0.00350792 -0.00755138,800,0,cuda,25.31,31.37
test,2857,saint_bernard_79,saint_bernard,dog,correct,saint_bernard,lime,28,0.986834,35,0.561942,0.988308,0.426366,0.073781,0.841928,0.068821,0.672975,,,0.00130893 -0.016873 0.00386171 0.000671052 -0.0217819 0.00176143 -0.0413127 0.0060079 -0.0226261 0.0341559 -0.0126762 0.0657437 -0.149689 0.277508 0.0919121 -0.0775372 0.130781 -0.0150429 -0.0264523 -0.0272664 0.432888 -0.0201526 0.0080685 0.117626 0.0343474 -0.00248135 -0.0587677 -0.0274045 0.0872301 -0.0881224 0.0239327 0.00619156 0.0293953 0.0249114 0.0954903,800,0,cuda,23.18,25.65
test,2555,pug_76,pug,dog,correct,pug,lime,1,0.610742,31,0.140187,0.301563,0.161376,0.106502,0.814053,0.097858,0.576393,,,0.0950054 0.300172 -0.00162461 0.0361213 0.0672858 -0.00102538 0.104492 -0.00246727 -0.252563 0.0849849 0.0486095 0.0310053 0.139456 0.00437239 -0.0527638 -0.00879549 0.00475473 0.135063 -0.00518033 0.00665392 0.0566891 0.0257053 0.0187569 -0.00324222 -0.00100748 0.0239612 -0.00566276 -0.0099205 0.00109576 0.0256691 -0.00356105,800,0,cuda,45.05,48.97
test,1741,japanese_chin_63,japanese_chin,dog,correct,japanese_chin,lime,17,0.99992,29,0.884247,0.975479,0.091231,0.502537,0.921838,0.274091,0.400784,,,0.0215592 0.10002 0.112669 0.115673 0.00151197 -0.00177768 0.0453965 0.0437598 0.0505041 0.024943 0.0134038 0.0122612 0.0303773 0.0252808 0.0330134 0.00191668 -0.00633046 0.00143965 0.0114075 0.0134066 0.00442658 0.0527642 -0.00616018 0.00639138 -0.00585385 -0.0135121 0.00124189 0.0182133 -0.00556084,800,0,cuda,45.51,53.84
test,2499,pug_25,pug,dog,correct,pug,lime,25,0.999525,37,0.612663,0.991544,0.37888,0.237564,0.951011,0.358586,0.50633,,,0.0221247 0.00999722 0.012394 -0.014547 -0.00625705 0.00511783 -0.0124228 0.0120275 0.0760187 0.0433763 0.0371448 0.0019219 0.0408923 0.0498872 0.162439 0.106258 -0.0294011 0.108452 -0.00214153 0.0467138 0.0200256 0.00481049 0.0323816 0.00270494 0.00228391 0.0611991 0.0257889 0.0363823 0.00390955 0.00658942 0.0904598 -0.00345104 0.00265748 -0.0108386 0.00316203 -0.000432175 -0.00689921,800,0,cuda,40.63,41.32
test,395,basset_hound_98,basset_hound,dog,correct,basset_hound,lime,3,0.995139,36,0.751335,0.997328,0.245993,0.187649,0.837023,0.33717,0.660044,,,0.0487728 -0.018563 0.0423815 -0.0471203 0.0146613 0.0736162 0.0895483 -0.00786809 0.0818307 0.0725647 -0.00315261 0.0139679 0.0789431 0.196287 0.13379 -0.0194643 0.0789637 -0.00407336 0.162562 0.0435616 0.434621 0.0772721 0.011855 0.0590336 0.265283 0.018503 0.0443678 0.0472979 -0.0140336 -0.0131354 -0.0153157 -0.0201206 -0.0522241 -0.00828233 -0.0397484 0.0121417,800,0,cuda,52.03,54.66
test,625,Birman_34,Birman,cat,correct,Birman,lime,32,0.79594,35,0.623306,0.974775,0.351469,0.039708,0.683766,0.055571,0.692197,,,-0.0104064 -0.00124079 0.0965148 0.063477 0.0176792 0.0422668 -0.0150379 0.114496 0.0122051 0.028857 0.0826224 0.0015177 -0.170283 -0.0145369 0.0326578 -0.109617 0.079421 0.075606 -0.00598575 -0.126166 0.0291641 0.0808397 0.274234 -0.0201032 0.168423 0.0227855 -0.026367 0.00426885 0.0284285 0.0343875 -0.0548237 -0.00177572 0.0118775 -0.0314814 0.0110687,800,0,cuda,32.91,35.57
test,695,Birman_98,Birman,cat,correct,Birman,lime,6,0.907013,34,0.806621,0.998384,0.191763,0.246432,0.849837,0.292598,0.716423,,,0.0408195 -0.0388768 0.0176582 0.0759776 0.0311939 0.00780836 -0.0289896 0.0258028 -0.0677817 0.111328 -0.0116612 0.0378666 -0.00141485 0.110622 0.145146 0.261349 0.117819 0.00405398 0.0819044 0.116463 0.033043 0.0469531 0.0476317 0.298562 -0.0176212 0.00457983 0.0104463 -0.00183009 0.0165427 0.00153319 0.017076 0.0273095 0.0316536 -0.00278381,800,0,cuda,28.82,37.44
test,947,British_Shorthair_60,British_Shorthair,cat,correct,British_Shorthair,lime,9,0.999991,35,0.466299,0.932844,0.466545,0.171973,0.914307,0.509487,0.605739,,,0.0368753 0.0556712 0.00627315 0.00408719 0.0226699 0.0382035 0.00565232 0.228884 -0.0188672 0.0665567 -0.00584006 -0.00778899 -0.0151353 -0.0146395 0.249227 0.263492 0.0352348 0.0168531 0.133309 0.0891805 0.10214 0.0191685 -0.0168705 0.103438 0.0545473 0.0945363 -0.0379355 -0.014225 0.0446939 0.00734319 0.0655647 0.0108859 0.0217537 -0.0153534 0.00271448,800,0,cuda,31.24,38.47
test,761,Bombay_75,Bombay,cat,correct,Bombay,lime,7,0.999954,31,0.577348,0.979973,0.402626,0.532904,0.945147,0.16167,0.55716,,,-0.00242321 -0.00632613 0.0627729 -0.0068533 -0.00714341 0.00786881 -0.00628756 0.0043843 -0.00387195 0.0134264 0.109897 0.0094891 0.0171364 0.0854454 0.00341717 0.0260428 -0.00259631 0.00909189 0.0427822 -0.000829841 0.00966943 0.0126833 0.0235991 0.0123493 0.010735 0.0161319 0.00908265 0.0136549 0.0107659 -0.00131397 0.000772646,800,0,cuda,31.38,35.31
test,2311,Persian_29,Persian,cat,correct,Persian,lime,23,0.981645,36,0.225367,0.580057,0.354691,0.103545,0.896678,0.16033,0.669655,,,0.0560767 0.015957 0.0294648 -0.012183 0.0561966 0.114936 0.168697 -0.00871182 0.00289515 0.00787993 0.280636 0.285281 0.0109863 0.0645286 -0.0147094 -0.0371895 0.0081964 0.000864486 -0.0427413 -0.00363159 -0.00147463 0.0127428 -0.062818 0.00406867 0.00309782 0.0299247 0.0220601 0.0121005 0.0076431 -0.0112919 0.0170461 0.0148206 0.00294606 0.00296442 0.0274656 -0.00179196,800,0,cuda,32.81,37.07
test,1383,german_shorthaired_192,german_shorthaired,dog,correct,german_shorthaired,lime,14,0.991774,42,0.298649,0.731858,0.433209,0.084454,0.738315,0.343241,0.673272,,,-0.0159281 0.0152394 -0.000209076 -0.021117 0.0198373 0.00339088 -0.0145326 0.00261926 0.131669 -0.0318022 0.0393428 0.00148138 0.0456655 -0.010237 -0.00355768 -0.0145673 0.00710691 0.0881349 0.0127643 0.0348313 0.00707429 0.0351476 0.0258624 0.04515 0.00198885 0.0195929 0.00327423 0.0523913 0.0217246 0.0391505 0.111283 0.00729912 0.0167775 0.0218776 0.0632112 0.0804045 0.0307072 0.0188545 0.0563067 0.0020451 -0.012597 0.0050833,800,0,cuda,51.71,61.87
test,2228,newfoundland_52,newfoundland,dog,correct,newfoundland,lime,22,0.9973,37,0.422254,0.983236,0.560983,0.072173,0.936395,0.275009,0.687256,,,0.0105672 0.00507419 0.00416633 0.409851 -0.00465583 -0.00829978 -0.0219455 0.000735385 0.0415613 0.0257827 -0.044453 -0.0371863 0.131517 -0.00645643 0.160565 0.0232762 0.0188218 0.036878 0.0616336 -0.0136622 0.0227969 0.0482475 0.0573903 0.0166919 -0.0268033 0.0339322 0.00055472 0.0792051 0.00183742 0.000461747 0.0131653 -0.000668602 -0.00384888 0.0142696 -0.00885736 0.0237401 0.0217837,800,0,cuda,32.45,37.31
test,3354,Sphynx_72,Sphynx,cat,wrong,Egyptian_Mau,lime,33,0.999905,31,0.471082,0.376939,-0.094143,0.580341,0.736621,0.417256,0.53372,,,0.0266675 -0.00908465 0.00364982 0.111911 0.0256085 0.0896792 0.036831 0.0365765 0.0594471 -0.00406245 0.0230885 0.121289 0.0832915 0.0843117 0.0154086 0.144585 0.0259171 -0.0115828 0.066732 0.00933862 0.00270295 0.00465837 0.0459092 0.0200028 0.028113 0.01315 0.0205456 0.00736193 0.0340319 0.00347861 0.00836452,800,0,cuda,54.96,59.8
test,1401,german_shorthaired_27,german_shorthaired,dog,correct,german_shorthaired,lime,14,0.999868,37,0.367765,0.925803,0.558037,0.178435,0.849436,0.574247,0.650685,,,-0.00932382 0.0139226 -0.00644445 -0.00568937 -0.0211084 -0.00722735 -0.0197584 -0.0216147 0.238801 0.0167859 0.0856651 0.0247167 -0.0180019 0.0151606 0.0450873 0.18169 -0.00621207 0.108886 0.125969 0.0370032 -0.0124432 0.13589 0.168111 0.112756 -0.00578061 0.0385211 0.00497493 0.0916745 0.00970153 -0.0248391 0.168234 0.159678 0.00135735 -0.0042627 0.0538166 0.134124 -0.0169282,800,0,cuda,36.4,40.84
test,645,Birman_52,Birman,cat,correct,Birman,lime,32,0.930562,31,0.281011,0.566197,0.285186,0.173951,0.768345,0.129803,0.639495,,,0.00203897 0.0239532 -0.00899746 0.01593 0.00425406 -0.0134861 -0.0046761 0.00376459 0.000686543 0.116191 0.00396752 0.0909327 -0.0459328 -0.0178345 0.00325903 0.00167209 0.373696 0.260579 0.0765628 0.126162 -0.0133527 -0.0345611 0.0861394 -0.0157701 0.0696215 -0.0290957 0.0593585 -0.0477729 -0.0180156 0.00057048 0.0142615,800,0,cuda,42.42,45.27
test,3397,staffordshire_bull_terrier_35,staffordshire_bull_terrier,dog,correct,staffordshire_bull_terrier,lime,34,0.950786,42,0.261101,0.83102,0.569919,0.167181,0.785478,0.49461,0.6992,,,0.0324806 0.0105173 -0.00146931 0.0202067 0.0240018 0.0832716 -0.00516543 -0.0183578 0.0611692 0.311846 0.0144763 -0.00982399 0.0118813 0.0644053 0.172528 -0.00782253 0.0129805 0.009295 0.0618808 0.0754637 0.10679 0.0120216 0.0254823 -0.0148975 0.00206108 0.0200289 0.0290072 0.0807882 -0.0124409 0.210084 0.0115074 0.0137084 0.0209227 -0.0108404 0.00526963 0.00134125 0.0152328 -0.0128391 0.052192 0.0580165 0.0260908 0.00932371,800,0,cuda,34.38,38.15
test,2803,saint_bernard_2,saint_bernard,dog,correct,saint_bernard,lime,28,0.999811,36,0.388094,0.986853,0.598759,0.16985,0.946189,0.454084,0.658162,,,0.0327216 0.0264568 0.000651005 0.0201628 0.00924767 0.140066 0.0066665 -0.0379216 0.0849644 0.0755247 0.0813381 0.0107018 0.0238588 0.0200223 -0.0178082 -0.00934026 0.480645 0.0252621 0.182024 -0.00264246 0.0254073 0.0624943 0.00475843 0.13631 0.0135983 0.0228514 0.0755008 0.0772822 -0.0149906 0.0126691 0.0495114 -0.0108753 -0.0387108 -0.0144064 0.0202866 0.0348828,800,0,cuda,36.68,41.67
test,3584,yorkshire_terrier_23,yorkshire_terrier,dog,correct,yorkshire_terrier,lime,36,0.999152,39,0.424745,0.949236,0.524491,0.234725,0.956817,0.355384,0.689548,,,0.0197315 -0.00730716 -0.0124733 -0.00866811 0.0288855 0.0137109 0.00718011 -0.0237662 -0.0114819 0.0621335 0.0714974 0.0802935 0.0102037 -0.0133751 0.0196694 0.133565 0.00440743 0.0284238 0.049293 0.356593 -0.0183875 -0.0289611 0.0341379 0.0266592 -0.012523 -0.0267991 -0.0132098 0.0203722 0.106062 0.0971883 0.071978 0.000553385 0.00631389 0.0223386 0.104659 -0.0197037 0.00552571 -0.0170804 0.0123006,800,0,cuda,45.87,46.45
test,1882,leonberger_192,leonberger,dog,wrong,keeshond,lime,19,0.981656,44,0.456453,0.976076,0.519622,0.204441,0.904767,0.554786,0.629136,,,0.0722669 0.0775137 0.0129118 -0.0220231 0.0208872 0.278072 0.0273405 0.173669 0.173558 0.0517728 0.0382459 0.0251159 0.129151 0.0174998 0.0506264 -0.0320752 0.0324222 0.0255356 0.189426 -0.0533832 0.0173777 0.0750655 0.00196024 0.00360615 0.0330023 0.0111324 0.0336675 0.0491642 0.0738096 0.0206466 0.0179836 0.0795766 0.0358319 -0.0077215 -0.0027583 0.0856839 -0.0120298 0.0292078 0.0125088 -0.0180787 -0.0250464 0.0118296 0.0110826 -0.0118104,800,0,cuda,53.67,61.88
test,771,Bombay_84,Bombay,cat,correct,Bombay,lime,7,0.934841,33,0.47726,0.727765,0.250505,0.333833,0.731848,0.187792,0.708678,,,0.0423092 0.00153714 0.0280492 0.00901169 -0.00856903 -0.00167016 0.0684994 0.0713667 -0.0116659 0.0562691 -0.00663887 0.0327925 0.0555905 0.0455427 0.12238 -0.0379467 0.073937 0.0840687 0.0601623 0.133728 0.259578 0.0185362 0.0361256 -0.0484268 -0.00101034 0.0550393 -0.0102887 0.0108 0.0513314 -0.0309149 0.0174502 0.00599315 0.0053854,800,0,cuda,40.9,41.47
test,3600,yorkshire_terrier_38,yorkshire_terrier,dog,correct,yorkshire_terrier,lime,36,0.999748,42,0.933375,0.997237,0.063863,0.773852,0.901691,0.038326,0.206039,,,0.00222867 0.000166692 -0.000275223 0.00280913 0.00156251 0.00513751 0.00257155 0.00263681 0.00356465 -0.00231319 0.00697487 0.00347659 0.00128437 0.00680188 0.00433533 0.00544841 -0.000169034 0.00187042 0.00208974 0.00561095 0.00641454 -0.000590753 0.00254175 0.00317154 -0.00136648 0.00287095 0.00860676 0.000822786 0.00210608 0.000764973 0.000354606 0.00178119 0.00119139 0.00134886 7.08458e-05 -7.50449e-05 0.00167427 0.0012425 0.000250083 0.0012161 0.00164694 0.000926925,800,0,cuda,37.6,43.15
test,51,Abyssinian_55,Abyssinian,cat,correct,Abyssinian,lime,0,0.929587,32,0.756816,0.815991,0.059175,0.110801,0.83623,0.051319,0.639803,,,0.0594416 -0.0168585 0.0928985 0.0330161 0.0527641 0.0720141 0.0551401 -0.0657358 -0.112748 0.0129708 -0.0274507 -0.169398 0.150661 0.100309 -0.0913156 -0.059884 0.00954187 0.000432421 0.0167231 0.118057 0.117469 -0.0282872 -0.0163246 0.175835 -0.027157 0.0146711 -0.00224319 -0.00822274 0.00746801 -0.0223146 0.0433649 0.0653895,800,0,cuda,48.89,55.3
test,2598,Ragdoll_255,Ragdoll,cat,correct,Ragdoll,lime,26,0.981467,35,0.882514,0.957893,0.075379,0.084261,0.493615,0.580947,0.478597,,,0.00791891 0.0548085 0.00907714 0.00959979 0.00575826 0.0236702 0.0200913 0.0214866 0.0308444 0.0167047 0.0394351 0.023201 0.0590092 0.0228415 0.0231723 0.00257897 0.0424088 0.0547028 0.0260929 0.0608706 0.0379318 -0.00123337 0.00293834 -0.00389405 -0.00580382 0.0162955 0.000657828 0.00509805 0.0321494 0.00398711 0.0345302 0.00574018 0.00234715 0.0105094 -0.000826317,800,0,cuda,41.65,44.21
test,2541,pug_63,pug,dog,correct,pug,lime,25,0.99862,28,0.592614,0.719946,0.127332,0.198195,0.936196,0.343878,0.751568,,,0.092076 -0.0015677 -0.00118219 0.00144742 -0.0184683 0.0463804 0.00199719 -0.015882 0.320997 0.0594151 0.0689033 -0.00331887 0.0335176 0.232945 0.0237516 0.159506 0.388974 -0.0210207 -0.00443507 0.00792274 -0.00976657 -0.0978074 0.0588271 0.0202251 0.00192204 0.0316919 -0.0110399 0.0180462,800,0,cuda,38.31,40.87
test,2870,saint_bernard_90,saint_bernard,dog,correct,saint_bernard,lime,28,0.999907,30,0.19041,0.464352,0.273943,0.362182,0.941821,0.367853,0.569192,,,-0.0237875 -0.0285004 -0.0159854 -0.00605698 0.000455608 0.0174071 0.0787425 0.00274558 0.0929491 0.0120965 -0.000737333 0.0993062 0.0238304 0.103188 0.0690772 0.0195172 0.169136 0.0975159 0.0358692 0.035596 0.0185027 -0.0158843 -0.00340606 -0.00133047 0.123228 0.135065 0.00680481 -0.0123953 0.00427038 0.0114318,800,0,cuda,44.27,56.31
test,1375,english_setter_94,english_setter,dog,correct,english_setter,lime,13,0.998419,36,0.701989,0.987485,0.285496,0.128948,0.907396,0.377431,0.780391,,,0.00246041 -0.0113082 0.0155447 -0.0265723 0.0131684 0.0406259 0.113434 0.391335 0.0691502 -0.0151898 -0.00333248 0.00107485 0.0552368 0.0712518 0.117515 -0.00900163 0.404019 0.129584 -0.00253762 0.154986 -0.02193 -0.00153187 -0.0339091 -0.00402808 0.00875513 0.0337875 -0.0283362 0.0129465 0.0425253 -0.00682176 -0.0366702 0.0123295 0.0275719 -0.00341128 -0.0102652 0.0207236,800,0,cuda,64.47,67.76
test,1121,Egyptian_Mau_39,Egyptian_Mau,cat,correct,Egyptian_Mau,lime,11,0.992948,47,0.345863,0.965072,0.619209,0.199557,0.895546,0.050991,0.611667,,,-0.011322 -0.000258146 -0.00370429 0.0062918 0.000544288 -0.00825329 -0.00487182 -0.044784 -0.000368841 0.0117337 -0.00701589 0.000826778 0.0225953 -0.014035 0.0237018 -0.059964 -0.0512309 -0.00014052 0.0597036 0.00799061 -0.000845276 -0.00829519 -0.0119885 0.00518398 -0.00709144 0.0930484 0.00891723 0.0422165 -0.0286865 0.0099663 -0.00211232 0.102488 0.0365804 0.0076128 0.0364291 0.172072 -0.00201343 0.0279255 0.0322831 0.00831198 0.147232 0.00787435 0.0330232 -0.0137446 0.0275115 0.165598 -0.00659861,800,0,cuda,39.84,49.22
test,3479,wheaten_terrier_1,wheaten_terrier,dog,correct,wheaten_terrier,lime,35,0.886211,27,0.642498,0.997249,0.354751,0.109127,0.908184,0.228509,0.775444,,,0.0254583 -0.0149522 -0.0260163 0.00715012 -0.031452 0.0339979 -0.0114707 0.0128181 -0.00672609 0.0594472 0.195585 0.500738 -0.0041354 -0.0464503 -0.00968456 0.0845495 0.0513361 -0.015986 -0.0145788 0.115953 -0.00576782 -0.0271733 0.122369 0.0317797 0.0503759 0.0116593 -0.0204761,800,0,cuda,45.0,49.44
test,1035,chihuahua_55,chihuahua,dog,correct,chihuahua,lime,10,0.999353,37,0.555166,0.840493,0.285328,0.128646,0.797259,0.461093,0.504318,,,0.00363005 0.0609299 0.0341953 0.0860928 0.0514578 0.138831 -0.000950299 0.172126 0.0746497 0.0161264 0.0742632 0.0552702 0.0140676 0.0989531 0.0500534 0.00495772 0.00607923 -0.0109136 -0.0286539 0.0244071 0.0222563 0.00348314 0.0223217 0.011454 0.00939543 -0.0189036 -0.00691456 -0.0174666 0.0209112 -0.0192225 -0.00863162 -0.0307164 -0.0247944 0.0218214 -0.00118178 -0.0174522 -0.00489998,800,0,cuda,41.15,45.84
test,2451,pomeranian_73,pomeranian,dog,correct,pomeranian,lime,24,0.999754,37,0.548111,0.980088,0.431978,0.141183,0.930099,0.306924,0.732877,,,0.006939 -0.00813808 -0.00996674 -0.00364225 0.0345821 -0.00307312 0.00491022 -0.00397917 -0.00544802 0.0418889 0.302283 0.0129179 -0.039637 0.562233 -0.0017298 0.121169 0.000635337 0.027426 0.0679006 -0.000591814 0.0724261 -0.00667486 -0.00604661 0.092541 0.0297062 0.0160605 0.0149633 -0.017884 -0.0026531 -0.0122363 -0.0150958 0.0166122 0.0150562 -0.0252697 0.00996189 0.0434786 0.00867132,800,0,cuda,37.23,44.51
test,2286,Persian_233,Persian,cat,correct,Persian,lime,23,0.97348,40,0.195651,0.393718,0.198067,0.037982,0.881259,0.212516,0.672093,,,0.0329245 0.0187282 0.00562155 0.0184724 0.0055137 0.000792911 -0.0232446 0.0298125 0.00522999 -0.00672251 0.0170796 0.0174042 0.360076 0.00168615 0.00746816 0.0637175 0.0351929 -0.0259869 0.0137978 0.136618 0.00154606 0.0161294 -0.000760936 -0.00190614 0.423291 0.00807139 0.0190098 -0.0348763 -0.00409091 0.0132113 -0.0241943 -0.00614611 -0.00583305 0.0122415 -0.0309887 -0.015897 -0.00530174 0.00625789 0.0306762 -0.00719255,800,0,cuda,42.64,51.1
test,2145,miniature_pinscher_68,miniature_pinscher,dog,correct,miniature_pinscher,lime,21,0.853016,33,0.292211,0.815911,0.5237,0.127796,0.93422,0.307865,0.73227,,,-0.00224117 -0.0174858 0.021695 0.011191 0.0281968 -0.00301005 -0.00232755 -0.0444745 0.0119379 -0.00141761 0.0160142 0.434256 0.0306079 0.00246279 0.0260395 0.333101 -0.0534623 0.124155 0.0247394 0.0454069 -0.00189821 -0.00762923 0.0502587 0.00722961 -0.00531477 0.00386332 0.0232946 -0.0195095 -0.0136527 0.0178646 0.0114612 -0.0145033 0.017631,800,0,cuda,30.51,38.34
test,3134,shiba_inu_59,shiba_inu,dog,correct,shiba_inu,lime,31,0.993918,42,0.469248,0.934599,0.465351,0.097165,0.951872,0.2906,0.737738,,,-0.0148792 0.00453931 0.033303 0.01211 -0.0297791 0.0243905 -0.0205015 -0.0202832 -0.0205829 0.063706 -0.0180671 -0.0128586 -0.0288746 0.00135691 0.151616 0.00877611 0.0808918 -0.0540609 0.0341812 0.0695384 0.102 0.00588352 0.391777 0.0250693 0.0318537 -0.0152844 0.379144 -0.0294029 0.0172387 0.00873689 0.012596 0.0443854 0.0942081 0.00158873 0.153966 -0.0329592 -0.00391717 0.00571459 -0.0229766 -0.0031239 -0.0352612 0.00539052,800,0,cuda,27.36,36.2
test,111,american_bulldog_220,american_bulldog,dog,correct,american_bulldog,lime,1,0.999827,39,0.622828,0.986035,0.363207,0.204775,0.884222,0.577079,0.749655,,,0.0289828 0.0147812 0.0249186 0.20495 0.105425 0.203445 0.173678 0.0328195 0.0177525 0.0146598 0.00900116 0.175955 0.00763276 0.193145 0.0127686 0.174561 0.0514243 0.278425 0.0785368 -0.0149776 0.0260343 -0.0596273 0.0372511 0.0883366 -0.00134909 -0.0214021 0.020202 0.00106877 -0.00190152 -0.0161769 0.00778703 -0.00524581 -0.000437638 -0.0254462 0.0306583 0.00128963 0.0113068 -0.000239966 0.00304533,800,0,cuda,27.78,36.62
test,183,american_bulldog_86,american_bulldog,dog,correct,american_bulldog,lime,1,0.997853,42,0.485531,0.989154,0.503623,0.166957,0.815165,0.53356,0.70739,,,0.0746567 0.00743379 0.0396223 0.233852 0.168253 0.0320784 -0.00379285 0.0587652 -0.0121592 0.0721287 0.267857 -0.0208514 0.224912 0.0428319 0.00120152 -0.0408198 0.143285 -0.00211484 0.17423 0.0182267 0.111045 0.189843 0.0565262 0.0624447 0.0296521 0.0456967 0.0376154 0.0303415 0.0475701 0.0218974 0.0324487 0.0266865 0.000374858 -0.0060527 -0.000214237 0.00324626 -0.0117963 -0.00110617 -0.0122657 -0.0167323 -0.000156599 -0.00796576,800,0,cuda,37.92,38.72
test,2517,pug_41,pug,dog,correct,pug,lime,25,0.994698,36,0.364537,0.941176,0.57664,0.053231,0.845792,0.031414,0.833208,,,0.0268538 0.0180704 0.0103291 0.0162353 0.0441753 0.0576315 0.0655541 0.186054 -0.000600678 0.62734 0.115274 0.0367047 0.118243 0.0826267 0.0827398 -0.0196646 0.0234167 0.00959816 -0.0220336 -0.0090268 0.00350996 0.00506909 -0.0021881 -0.00851853 0.000401718 -0.00526716 0.00691644 -0.00598324 0.0122704 -0.00589526 0.00563587 -1.52273e-05 -0.0224735 0.00814175 -0.0145802 -0.00836261,800,0,cuda,49.52,52.13
test,613,Birman_23,Birman,cat,correct,Birman,lime,6,0.996198,34,0.637895,0.962955,0.32506,0.276298,0.904704,0.29921,0.674718,,,0.00377795 0.0116036 0.0134987 -0.0054159 -0.0227425 0.0436852 0.0533636 0.149327 -0.0103547 0.278047 -0.0109929 0.0391361 0.0632792 0.0797152 0.00502955 0.0392159 -0.00281525 0.100914 0.0162164 0.00861194 0.235308 0.00919777 0.00180839 -0.0141135 0.00113309 -0.0158869 -0.0348719 0.00745652 0.00696906 -0.000171064 -0.0144504 -0.00189928 0.00188969 -0.00597761,800,0,cuda,29.64,35.41
test,2776,Russian_Blue_96,Russian_Blue,cat,correct,Russian_Blue,lime,27,0.989975,43,0.21588,0.631657,0.415777,0.119261,0.857904,0.1891,0.9156,,,0.00648312 0.0154087 0.00658845 0.0166042 -0.0138623 0.0247491 0.000143874 0.00327962 0.00875992 0.000404511 0.0124557 0.00920143 5.71555e-05 0.00560245 -0.00450021 0.0115856 -0.00419758 0.0134793 0.0163047 0.0203193 0.00961551 0.00474577 0.446136 0.00332143 -0.00437755 -0.00629354 0.212432 0.00339093 0.00379846 0.00758786 0.00888839 -0.0139935 0.42737 -0.021924 0.022416 0.0107281 -0.00386608 -0.0141212 0.00462398 0.00706291 0.0062611 -0.00695476 0.0131713,800,0,cuda,42.75,53.03
test,3053,scottish_terrier_76,scottish_terrier,dog,correct,scottish_terrier,lime,30,0.998492,34,0.26132,0.723834,0.462514,0.083904,0.944964,0.385796,0.764506,,,-0.00863771 0.0461499 0.0237489 0.179515 -0.00202178 -0.00469463 0.039129 -0.00104135 0.31552 0.20699 -0.00024092 0.485019 0.00663358 0.0154568 0.0376073 -0.00803335 0.0156967 0.00479068 0.0205271 0.226208 0.0260306 -0.0136746 0.0194157 0.0367338 0.0176483 -4.51558e-05 -0.00400818 0.037727 0.0457606 0.0102523 -0.0219265 0.0130275 -0.01085 -0.0045061,800,0,cuda,38.03,45.68
test,1706,japanese_chin_31,japanese_chin,dog,correct,japanese_chin,lime,17,0.999855,33,0.510583,0.977962,0.467379,0.27537,0.898072,0.328228,0.505478,,,-0.00812057 0.0170898 0.0122134 -0.0139442 0.00202981 0.00832869 -0.00145838 0.00899901 -0.00471447 -0.0125458 0.199116 0.031712 0.122658 0.191627 -0.00472382 0.0409526 0.00403961 0.0530431 0.00763809 0.000423889 0.0207275 0.127257 0.0125207 0.00877885 0.018436 0.0545395 0.00948478 0.0235303 0.0624849 -0.00374126 0.00552477 -0.0323533 -0.00324376,800,0,cuda,36.52,40.34
test,1557,great_pyrenees_78,great_pyrenees,dog,correct,great_pyrenees,lime,15,0.996997,38,0.489856,0.98728,0.497424,0.125046,0.90557,0.022454,0.697483,,,0.0233877 0.0505754 0.0102978 0.0297874 0.0302697 0.322279 -0.0198494 0.0186117 0.105573 0.338485 -0.0191712 0.128462 0.0130544 -0.0196355 0.0152658 0.017026 0.224134 0.00805841 0.010671 0.0652541 0.0985035 0.0342102 -0.00239467 -0.0269643 0.0072986 0.0427726 0.015019 -0.0064645 -0.00531373 -0.0350704 0.0285919 -0.0115787 -0.00704035 -0.00687198 -0.00126672 -0.0153118 0.0100561 0.0010994,800,0,cuda,35.84,36.45
test,3539,wheaten_terrier_73,wheaten_terrier,dog,correct,wheaten_terrier,lime,35,0.998826,46,0.349271,0.976709,0.627439,0.139344,0.91074,0.015754,0.626421,,,0.119978 0.0244979 0.00583864 0.02749 0.0420557 0.0454391 -0.00250064 -0.00523315 0.0201026 0.136128 -0.00291833 -0.0409189 -0.00358816 0.0171554 0.0120803 -0.000484198 0.0174996 0.260932 0.00679081 0.259825 -0.0272894 0.071936 0.0139229 0.163913 0.0393673 -0.0208889 0.0262805 0.00978112 0.01371 0.0112771 -0.0218054 -0.0311185 0.00189559 0.00626334 0.0174694 -0.0119099 0.0532089 0.0258111 -0.00564444 -0.0124069 0.0136613 0.0143708 0.0170212 0.0249071 0.00442018 0.00403422,800,0,cuda,3.33,4.22
test,1711,japanese_chin_36,japanese_chin,dog,correct,japanese_chin,lime,17,0.999726,41,0.396046,0.986587,0.590541,0.135507,0.939293,0.30531,0.638315,,,-0.015275 0.0249637 0.0210517 0.0505122 0.0226526 0.0347869 -0.00496876 0.253807 0.340671 0.0222553 0.0342052 -0.0448478 0.0286481 -0.00348733 0.165833 0.125925 -0.0119809 0.0387565 0.00260164 0.0616978 -0.0468725 -0.017604 0.0122387 -0.0168131 -0.0128823 0.0150314 -0.0203074 -0.00375233 -0.0242097 -0.00733715 0.00477904 -0.0137581 -0.0110394 -0.00905133 0.0285875 -0.00164444 -0.0340084 0.00478494 -0.00361275 0.0186634 0.00308408,800,0,cuda,3.39,4.2
test,1178,Egyptian_Mau_97,Egyptian_Mau,cat,correct,Egyptian_Mau,lime,11,0.992702,43,0.455696,0.983178,0.527482,0.2563,0.890174,0.364694,0.533485,,,0.00741784 0.0102847 -0.0172481 0.00111769 0.00479721 -0.0107967 -0.00623259 0.0166076 0.0152549 0.215155 0.147605 0.0183263 0.00214326 -0.020223 0.012606 0.0326409 -0.0114837 0.0397376 0.019599 -0.00873859 0.0575207 0.0683829 0.0198306 0.0611273 -0.00881033 0.0342918 0.113965 0.083073 0.00550808 0.0146595 0.0380744 -0.00320556 0.105964 -0.0171003 -0.0141927 0.00202519 -0.015476 -0.0106486 0.0582937 0.00871402 0.0101621 -0.000438913 0.00149641,800,0,cuda,3.36,4.01
test,2129,miniature_pinscher_53,miniature_pinscher,dog,correct,miniature_pinscher,lime,21,0.995957,44,0.51433,0.977295,0.462966,0.487812,0.953053,0.150055,0.278382,,,0.0018666 0.00655419 -0.00118164 0.0137612 -0.000758388 0.000965426 0.0056383 0.0152871 0.00274617 0.040444 0.0076995 0.000811775 0.00661063 0.0406326 0.0040535 0.0232734 0.00562572 0.00342462 0.000625861 0.0230932 -0.00102511 0.00342966 0.0213846 0.00673011 0.0380073 0.00374491 -0.0119219 0.0223291 -0.00202463 -0.00019163 -0.00297721 0.00231473 0.00160957 0.0195236 0.00225005 -0.0123608 0.0158304 0.0173577 0.021544 0.0107656 0.00176546 0.00831759 -0.00372017 0.00410066,800,0,cuda,3.54,4.33
test,2532,pug_55,pug,dog,correct,pug,lime,25,0.999578,40,0.520886,0.991772,0.470885,0.178834,0.919992,0.460981,0.683023,,,0.107178 0.019266 0.0307028 -0.00949776 0.226434 0.0953848 0.0410059 0.00443757 0.00538639 0.207781 0.0132767 0.25993 0.021483 0.135577 -0.00180246 -0.0163058 0.172026 0.0472711 -0.000119683 0.00136889 -0.0250152 0.0930679 -0.00912707 0.0137026 0.0271204 -0.0265659 -0.0189544 0.0541008 -0.0213698 0.0666296 -0.00837337 -4.73731e-05 0.00158576 -0.00774979 -0.0234909 0.022712 0.000545028 -0.0200888 -0.000109066 -0.012837,800,0,cuda,64.91,65.52
test,397,basset_hound_9,basset_hound,dog,correct,basset_hound,lime,3,0.999697,40,0.430584,0.910047,0.479462,0.227437,0.931574,0.299449,0.705209,,,0.00492646 0.00534705 -0.00361302 -0.0126273 -0.0203741 0.0216899 0.368297 0.00820376 -0.00271067 -0.00558099 0.00246276 -0.00360641 0.152452 0.0194048 0.0501658 0.0227212 0.0174686 0.0218154 0.133623 -0.00376962 0.0546518 0.0105932 0.0148088 0.00642924 0.0757724 -0.0135963 0.00663886 0.0166517 0.012833 0.0585496 -0.00168767 -0.0240845 0.00451659 0.00866998 -0.00750955 0.00308564 0.00183207 0.0060661 0.0104211 0.013288,800,0,cuda,58.9,70.17
test,1291,english_setter_19,english_setter,dog,correct,english_setter,lime,13,0.999592,37,0.551718,0.936737,0.38502,0.28845,0.935407,0.425834,0.629804,,,0.0861013 -0.00553685 0.139246 0.0840847 0.195092 0.0842777 0.00479259 -0.010822 -0.0142641 0.0104899 0.00569882 0.000726622 -0.0177943 0.125668 0.0112179 0.278239 0.0541904 0.003255 0.027547 0.000923036 0.00779101 0.0382734 -0.000755964 -0.000260264 -0.0177419 0.167549 0.0128424 0.0194765 -0.0392807 0.00754728 0.00142357 -0.0139817 -0.0140418 -0.0238799 0.0360266 0.00597802 0.00751595,800,0,cuda,79.48,84.82
test,1630,havanese_53,havanese,dog,correct,havanese,lime,16,0.991627,37,0.786232,0.904543,0.118311,0.451897,0.718137,0.593703,0.621821,,,0.0507067 0.0108112 0.0946586 0.0916581 0.0511221 0.0622042 0.022622 0.0122904 0.0275151 0.0964598 0.0496535 0.0478225 0.0508815 0.0392295 0.0100345 0.0274535 0.189561 0.0477222 0.00704816 0.0127439 0.0841855 0.0123602 0.0835232 0.0277757 0.00887308 0.0224405 0.0236946 0.00669748 0.0459724 0.0576882 0.00133762 0.0522589 0.0316639 0.0166273 0.0756462 0.0836792 -0.0125785,800,0,cuda,99.53,109.79
test,3155,shiba_inu_78,shiba_inu,dog,correct,shiba_inu,lime,31,0.999898,36,0.650032,0.990389,0.340357,0.144652,0.870206,0.335322,0.640617,,,0.132529 0.00777545 0.00863116 -0.025707 0.0124205 0.0861236 0.154337 -0.0158786 0.0417166 0.107292 -0.0334169 -0.00456124 0.236914 0.354311 0.0200592 0.0846015 0.181305 0.0169491 0.138921 -0.0262319 0.0691429 0.062755 0.198515 -0.0241921 -0.0236322 0.0156714 0.135139 -0.00370339 -0.0107301 -0.0298712 0.0149361 0.003432 0.0188925 0.00387222 0.00901103 0.00844097,800,0,cuda,95.48,102.97
test,2840,saint_bernard_63,saint_bernard,dog,correct,saint_bernard,lime,28,0.999794,40,0.634407,0.773673,0.139266,0.323424,0.888988,0.324836,0.638234,,,-0.0131445 0.0444787 0.0762009 0.097037 0.0192477 0.0631337 -0.262345 0.0168383 0.118877 -0.0142941 0.433051 0.0227659 0.0395966 0.0586721 -0.00259639 -0.0258272 0.0393473 0.110136 0.0367038 0.135677 -0.00721642 0.0445288 0.0684016 0.0159673 0.036492 0.0455405 0.00649878 0.0364719 0.00456226 -0.0441165 0.0388889 0.00274125 -0.00317195 0.0141624 -0.0127137 -0.00173191 -0.00178189 0.00742496 0.0236643 0.00837311,800,0,cuda,63.54,76.15
test,1743,japanese_chin_65,japanese_chin,dog,correct,japanese_chin,lime,17,0.999804,33,0.5681,0.832097,0.263997,0.242674,0.940096,0.39678,0.520942,,,0.0109511 0.0510906 0.00725163 0.0517558 -0.00845265 0.0252875 0.057804 0.0645279 0.0274597 0.157265 0.0171257 0.178052 -0.0156694 0.0372153 0.00529249 0.0779541 0.0111622 0.243033 0.0317953 0.0132657 0.00722481 0.0238671 -0.00125191 0.0283193 0.0250642 0.0281487 0.0036436 -0.0175136 0.00957679 0.0193625 -0.0180967 -0.00467705 -0.00705426,800,0,cuda,65.01,73.59
test,2136,miniature_pinscher_5,miniature_pinscher,dog,correct,miniature_pinscher,lime,21,0.966976,30,0.060268,0.220568,0.160301,0.101298,0.876042,0.072969,0.866558,,,-0.00293577 0.0291069 -0.00692193 0.0208721 -0.00219617 0.0135017 0.0140598 0.00786862 -0.0058453 0.0155836 0.00286008 0.0231555 -0.0081298 -0.000498315 -0.00189207 -0.0181507 0.0144767 0.0413573 -0.00353386 0.590067 0.156906 0.0773351 0.0287735 0.0524729 0.00989201 0.00965716 0.0877399 0.0188992 0.183702 0.0133719,800,0,cuda,69.08,77.16
test,2086,miniature_pinscher_196,miniature_pinscher,dog,correct,miniature_pinscher,lime,21,0.978445,33,0.589405,0.988339,0.398933,0.391026,0.913975,0.306112,0.528971,,,0.00873427 0.0586508 0.11051 0.0858778 0.0169103 0.100854 0.013183 0.0345148 0.05472 0.0404418 0.0654617 -0.00386613 -0.02649 0.00368944 -0.00717772 0.00727285 0.111537 0.00671155 0.00311195 -0.0122332 0.0276116 0.0191637 0.0232637 0.00786818 0.0583135 0.0181089 0.00488582 0.00300625 -0.0173525 -0.0135125 0.0174602 0.0254726 -0.00787724,800,0,cuda,100.33,116.53
test,2677,Ragdoll_97,Ragdoll,cat,correct,Ragdoll,lime,26,0.999978,35,0.73579,0.799395,0.063605,0.254352,0.853887,0.427654,0.773567,,,0.107506 0.0123032 0.035021 0.107133 0.198025 0.00618335 0.0484249 0.118396 0.0926716 0.0671718 -0.000917473 0.0157141 0.0554774 0.0552449 0.359031 0.428955 -0.0210477 0.0350775 -0.0136332 0.145264 -0.0382879 0.0258615 0.0198316 0.0149602 -0.0177838 -0.025525 0.0181209 0.02713 0.0208165 0.0150681 0.00463088 0.02289 0.0261886 0.0457972 -0.00259292,800,0,cuda,62.17,70.88
test,2733,Russian_Blue_50,Russian_Blue,cat,correct,Russian_Blue,lime,27,0.956152,35,0.263891,0.594187,0.330296,0.129396,0.837724,0.286871,0.80263,,,0.0381218 0.0179881 0.0165255 0.0483357 0.0113795 0.00560559 0.000583817 0.0448748 0.0985958 0.00669186 0.0359732 0.0188129 0.332982 0.0121172 0.0123449 0.0326289 -0.00237055 0.00152098 -0.00761141 0.0138032 0.260011 -0.00411574 -0.0120507 0.0554386 0.0111371 0.243895 0.0770699 0.0382657 0.028852 0.12276 0.027594 0.00950334 0.0103997 0.00361627 0.0384744,800,0,cuda,66.56,71.36
test,571,Bengal_76,Bengal,cat,wrong,Maine_Coon,lime,5,0.968156,40,0.478336,0.986026,0.50769,0.27328,0.900469,0.122491,0.386036,,,0.106929 -0.0066817 0.0224539 0.00587068 -0.00256597 0.0177328 0.011942 0.00199317 -0.00874866 0.0242392 0.0274711 0.0281347 0.0187959 0.0169673 0.085001 -0.00226267 0.00452745 -0.00752184 0.0149674 -0.00566475 -0.00323416 -0.00848441 8.82221e-05 -0.0231216 0.0404313 0.0268306 -0.0142934 -0.00495735 -0.0110262 0.00288206 -0.0470717 -0.00518873 0.014489 -0.00425066 -0.0172907 0.0057282 0.0191125 0.0124791 -0.00271857 0.0137651,800,0,cuda,68.09,75.0
test,3666,yorkshire_terrier_98,yorkshire_terrier,dog,correct,yorkshire_terrier,lime,36,0.987429,38,0.1988,0.797426,0.598626,0.100271,0.950575,0.186387,0.71441,,,-0.00927011 -0.00554516 0.0108484 -0.0296947 -0.0316209 -0.0324599 -0.0076429 -0.00829375 -0.0338274 -0.0226109 -0.0241234 -0.0206999 -0.00715661 -0.0118584 0.000413934 -0.0277928 0.0775872 -0.00583081 0.0501254 0.0078679 -0.0189896 -0.0116993 0.245652 0.00170846 0.0738001 0.0128011 0.00316845 0.00983819 -0.0210423 0.440324 0.00360838 -0.0278058 0.0461633 -0.0174274 -0.0018468 0.147814 0.128712 -0.00386805,800,0,cuda,71.36,80.78
test,3234,Siamese_55,Siamese,cat,correct,Siamese,lime,32,0.875843,46,0.250598,0.973342,0.722744,0.051679,0.935058,0.092206,0.828483,,,-0.00431572 -0.0342447 0.00917025 0.00217824 0.0188779 -0.0125415 -0.00261386 0.0355404 0.0329618 0.0311102 0.00949647 0.591519 -0.0279154 0.00312688 0.140103 -0.0376527 0.0146686 0.0435666 0.00255649 0.185614 -0.00446921 0.0300985 -0.000735334 0.0416533 0.0151785 -0.0664639 -0.00563725 0.0612935 -0.0207478 0.00867456 -0.00174004 -0.0417743 0.0159002 0.0807703 0.0012159 -0.0202101 -0.0103634 0.00856151 -0.00191583 -0.00277235 -0.00989705 0.00084613 0.0271553 0.0063317 -0.00139128 0.0141574,800,0,cuda,56.31,65.06
test,2817,saint_bernard_42,saint_bernard,dog,correct,saint_bernard,lime,28,0.973012,31,0.711037,0.84329,0.132253,0.127683,0.905888,0.391414,0.659407,,,-0.00090888 0.0885055 0.24583 0.177157 0.346474 0.171946 0.0930294 -0.0068073 -0.00772196 0.0324168 0.0643309 0.00485625 -0.0184103 -0.0336477 0.0236442 0.0160993 0.0176453 0.00496547 0.00452648 0.0100953 0.00947862 0.00495603 -0.00910656 0.0212755 -0.0296822 -0.00943861 0.0416853 0.0507502 0.0214507 0.00319433 0.0217849,800,0,cuda,81.23,94.98
test,2309,Persian_27,Persian,cat,correct,Persian,lime,23,0.981386,34,0.871253,0.928547,0.057294,0.057471,0.915461,0.043906,0.783284,,,0.0661316 0.011625 -0.00900105 -0.00579294 0.0238508 -0.0675828 -0.0806392 -0.0205654 -0.00166896 -0.00364639 -0.0230309 -0.0043777 -0.0139658 0.0346186 0.298761 0.0274581 0.0068749 0.000347621 -0.0411429 -0.0557837 0.376406 0.455746 -0.0658296 -0.0117875 0.0539725 0.0729657 0.0144401 0.0659366 -0.020464 -0.0225176 0.0407313 0.0113579 0.00785609 0.0194597,800,0,cuda,52.53,62.56
test,3328,Sphynx_40,Sphynx,cat,correct,Sphynx,lime,33,0.99945,36,0.739497,0.905793,0.166296,0.342725,0.777661,0.471619,0.770729,,,0.0157546 0.000838265 -0.0118223 -0.000151214 0.0342668 -0.00160982 0.00196363 0.0016514 -0.0319802 -0.0216697 0.0482337 0.0287867 0.0840066 0.0266787 0.0256895 0.0366619 0.0963079 0.0204585 0.112279 0.0181997 0.0295255 0.0972458 0.0392009 0.137271 0.010844 0.0796836 0.254073 0.0298319 0.0602289 0.0580408 0.0169904 0.0556781 0.19576 0.0213127 -0.0106833 0.0378094,800,0,cuda,55.68,60.82
test,1534,great_pyrenees_57,great_pyrenees,dog,correct,great_pyrenees,lime,15,0.997352,28,0.208945,0.635993,0.427048,0.069406,0.891251,0.051868,0.97413,,,0.000882538 0.00437771 0.00545136 -0.0308769 -0.012248 0.0263038 0.0452691 -0.00575109 0.0206085 0.00798549 -0.0112371 0.0664508 0.845589 0.0427712 0.0119935 0.0219067 -0.0054744 0.0137359 -0.00610201 -0.00240065 -0.00511586 0.00729058 -0.00536798 0.00748272 0.000778036 -0.00548375 0.00772123 -0.00191039,800,0,cuda,57.7,62.51
test,3308,Sphynx_248,Sphynx,cat,correct,Sphynx,lime,33,0.85268,33,0.583984,0.992372,0.408388,0.115883,0.611636,0.004246,0.735804,,,-0.00030247 0.0138993 0.00482456 0.0466545 0.0247138 0.0114514 0.0301433 -0.00919853 -0.00803728 0.0296962 0.109282 0.058576 0.0268267 0.0114566 0.0702898 0.0150558 0.216599 0.0291237 0.105531 0.0208288 0.0367995 -0.0085015 0.0518666 -0.0109333 0.106608 0.048831 -0.0119218 0.0490212 -0.0158321 0.0345793 0.00766285 0.00766092 -0.000992427,800,0,cuda,63.68,70.21
test,3656,yorkshire_terrier_89,yorkshire_terrier,dog,correct,yorkshire_terrier,lime,36,0.999181,35,0.455576,0.977203,0.521626,0.168385,0.93053,0.426485,0.676324,,,-0.0406133 0.0799538 0.0162472 -0.00748944 0.10991 -0.0119194 -0.0230208 0.052921 0.0447695 -0.00050494 0.380925 0.00661031 0.152132 0.000283892 -0.00824666 0.282975 0.0298312 0.0442919 -0.00368601 0.161579 -0.00775467 0.018934 -0.0340889 0.0321144 0.232186 -0.0297954 0.0409614 -0.00362578 -0.0198198 -0.00526198 -0.00816739 0.0045837 -0.0199346 -0.0143934 0.0165377,800,0,cuda,87.3,94.2
test,1874,keeshond_94,keeshond,dog,correct,keeshond,lime,18,0.999832,42,0.876574,0.999582,0.123008,0.416118,0.910101,0.458968,0.481357,,,0.0334101 0.0303022 -0.00248454 -0.015403 -0.0193039 0.0553175 0.00168638 5.28784e-05 0.0214163 0.0709703 0.00492814 0.0944464 0.0858445 0.0155906 0.0601582 0.126974 0.0312795 0.0583207 0.0681252 0.0307951 0.0145542 0.0339984 0.00569883 -0.00485825 0.0215366 0.020865 0.0482259 0.0398268 0.027977 0.0330834 0.0144794 0.0480331 -0.00165559 0.00812778 0.0351193 0.0130458 0.0049817 -0.00392676 0.039983 0.0348259 -0.0144387 0.00422259,800,0,cuda,60.48,73.91
test,356,basset_hound_62,basset_hound,dog,correct,basset_hound,lime,3,0.999432,39,0.2897,0.86854,0.57884,0.14177,0.927356,0.10962,0.668192,,,-0.000803186 -0.016013 0.00675795 0.00151735 -0.0127389 0.0012043 -0.0323338 0.0368355 0.0413724 -0.0253144 0.0081153 -0.00468052 -0.030971 0.103652 -0.0185554 -0.0017031 0.0111422 0.24002 0.0268526 0.0319365 0.0112261 0.0939979 -0.0174228 0.0360804 -0.0136465 0.0209835 -0.00822808 0.0236427 0.228186 -0.0250785 0.0359565 0.474871 0.140387 -0.00222234 -0.0210911 0.0335325 -0.0371819 -0.00111366 0.0453877,800,0,cuda,62.98,66.07
test,608,Birman_200,Birman,cat,wrong,Ragdoll,lime,26,0.895984,37,0.617188,0.768988,0.151801,0.069983,0.525865,0.569227,0.469085,,,0.0158593 0.0177694 0.00347428 0.00466365 0.0486968 -0.00479008 0.0379629 0.0798674 0.00682213 0.00449256 0.0508203 0.0185977 0.0183357 0.0200334 0.00725198 0.0239968 -0.00148823 0.0108966 0.0100339 -0.00321726 0.00969317 0.016851 0.0105646 0.010469 0.00406336 1.29352e-05 0.0110903 0.0308222 0.00655271 0.00959082 0.00456106 -0.0114928 0.0234463 0.00513303 0.00286623 0.00909423 0.0036255,800,0,cuda,40.33,46.6
test,239,american_pit_bull_terrier_45,american_pit_bull_terrier,dog,correct,american_pit_bull_terrier,lime,2,0.615613,38,0.220524,0.412394,0.19187,0.076998,0.750372,0.368142,0.645919,,,0.011906 0.0635051 -0.0200745 0.000411565 -0.00890068 0.0286577 -0.0360122 0.00756399 0.269639 0.10823 0.00557445 0.00110328 0.0190197 0.0131892 0.0445366 0.0154103 0.29165 0.116595 -0.00642222 -0.0830822 0.0677325 0.0136631 0.077731 0.104884 0.00958069 -0.0155451 0.126149 0.0285666 0.00136186 -0.0307389 -0.00124487 -0.0133108 -0.00342477 -0.00942685 0.00222833 0.00709874 0.0163213 -0.025178,800,0,cuda,48.74,54.01
test,3553,wheaten_terrier_86,wheaten_terrier,dog,correct,wheaten_terrier,lime,35,0.999735,39,0.293726,0.433303,0.139577,0.316461,0.934938,0.351338,0.779426,,,-0.018271 -0.00330406 -0.00160016 -0.00181624 0.0123364 0.0231789 -0.0176984 0.0132124 0.000967977 0.00982552 -0.0186225 0.0334759 -0.0157305 -0.00627568 0.00825751 0.0319993 0.00301309 0.0186737 -0.0070038 0.00899924 0.0737211 0.160497 -0.0424154 0.581947 0.000429472 0.030975 0.0476284 0.0597846 0.108422 0.0147114 0.0521218 -0.0148637 0.0314118 0.0248381 0.0441008 0.0493979 0.00328099 0.0256307 0.00563884,800,0,cuda,47.85,48.42
test,3089,shiba_inu_208,shiba_inu,dog,correct,shiba_inu,lime,31,0.999585,39,0.407585,0.979805,0.57222,0.184215,0.892378,0.345109,0.686267,,,-0.0102441 -0.000335362 -0.0324204 -0.0152639 -0.0126779 0.0162068 0.0233408 0.0212999 -0.00597621 -0.0103408 0.016782 0.0174008 0.117254 -0.00302594 7.83043e-05 0.380954 0.0509625 0.00646709 0.03871 0.306103 -0.00439468 0.0243487 0.00120804 0.0355121 0.186128 -0.00945658 0.101984 0.0306486 0.0627288 0.118525 -0.0386526 0.201676 -0.0165626 0.0570248 0.0122284 -0.0272863 0.0257844 0.022916 0.00414831,800,0,cuda,84.53,91.72
test,2167,miniature_pinscher_88,miniature_pinscher,dog,correct,miniature_pinscher,lime,21,0.618732,36,0.317642,0.685183,0.367542,0.112308,0.797825,0.304463,0.684823,,,-0.0227984 0.0288586 -0.0307301 -0.0183034 -0.00200888 0.0159318 -0.025901 -0.0260015 -0.0187015 0.0372494 0.0387113 0.0476855 0.0392302 0.0214565 0.189728 0.00304522 0.0432646 0.0991625 0.00654751 0.409204 0.0336493 -0.0438652 0.109605 -0.0389985 0.00499214 0.0650369 -0.0025855 0.0150773 0.00630193 0.0399289 0.00692589 0.0133811 0.016765 0.0256517 -0.00802797 0.0144423,800,0,cuda,58.47,85.3
test,2755,Russian_Blue_76,Russian_Blue,cat,correct,Russian_Blue,lime,27,0.999362,37,0.498027,0.984592,0.486565,0.270533,0.860158,0.412868,0.6851,,,0.0179202 0.0516955 0.0258784 -0.00503601 0.0125022 0.0203189 0.00178448 -0.0253515 -0.0238928 0.0161685 0.038411 0.0125687 1.65914e-06 0.27869 0.008634 0.150033 0.00540925 0.0418607 0.0580802 0.111547 0.0216135 -0.00836326 0.00328181 0.0330732 0.0556057 0.163948 0.0111561 0.0406769 -0.0262838 0.125246 -0.0111407 0.0030168 0.00638994 -0.0164535 0.0324826 -0.0185375 0.0523961,800,0,cuda,42.54,54.07
test,1814,keeshond_39,keeshond,dog,correct,keeshond,lime,18,0.998959,38,0.951152,0.998971,0.047819,0.440236,0.83931,0.267401,0.450316,,,0.0255425 0.0121549 0.0082301 -0.00823647 0.0237898 0.00956462 0.0119961 0.0202254 0.0217997 0.0072013 -0.00920761 0.0154757 0.000125487 0.00226369 0.0121607 0.0296151 0.0454585 0.00572695 0.0286765 0.0673608 0.0447149 0.0237053 0.0440067 0.0620726 0.00999886 0.0737621 0.00665189 -0.0033726 0.0253223 0.00236699 -0.00505687 0.0103649 -0.00424728 0.0212987 0.0334987 0.00574004 -0.000741357 0.00189448,800,0,cuda,66.17,74.76
test,374,basset_hound_79,basset_hound,dog,correct,basset_hound,lime,3,0.998524,45,0.306362,0.623908,0.317547,0.211586,0.858452,0.39182,0.789687,,,0.0081975 -0.0212599 -0.0014381 -0.0116993 -0.0197057 -0.00680771 -0.00286987 0.00297612 0.00422102 -0.015903 -0.0107709 0.0323549 0.00521488 -0.0209651 0.288894 -0.00651137 0.0160464 -0.00290302 -0.011296 0.302145 -0.00201917 0.15391 0.313094 0.0167571 0.10365 0.223958 0.0121307 0.179906 0.07762 0.0875695 0.0205268 0.0253449 0.00478154 0.0200058 0.028489 0.00643039 -0.0312132 0.00671305 0.00706423 0.000657326 -0.00107514 0.0232921 -0.0141361 -0.00470453 0.00811999,800,0,cuda,58.55,75.76
test,3454,staffordshire_bull_terrier_87,staffordshire_bull_terrier,dog,correct,staffordshire_bull_terrier,lime,34,0.992259,39,0.655991,0.959362,0.303371,0.427481,0.775076,0.518784,0.61505,,,0.0262325 0.0580717 0.0234653 0.133716 0.00426196 0.20737 0.0132266 -0.0163592 0.00890934 0.103815 0.00871969 0.00483548 0.0457888 -0.00286382 0.0861396 -0.00458093 0.0754266 0.0397165 0.000138565 -0.0132094 0.0252765 0.0332315 0.0286889 0.109069 0.0398321 0.036107 0.0155356 0.040181 0.0120217 0.047181 0.012415 0.0673459 0.0312555 0.0260369 0.0287611 0.0938175 0.0211849 0.0108191 0.0299618,800,0,cuda,57.15,66.97
test,1937,leonberger_60,leonberger,dog,correct,leonberger,lime,19,0.995715,35,0.38078,0.857785,0.477006,0.19094,0.84279,0.249843,0.828908,,,-0.0146349 0.0186054 0.00795991 -0.00287554 0.0167081 0.0565518 -0.0117566 0.00294625 0.0376448 -0.00111623 0.0547525 0.118779 0.0449968 0.00811037 0.0977182 0.00532333 0.161023 -0.0153624 0.085809 0.634218 0.0429661 0.00270978 0.0640676 -0.0171689 -0.0146043 0.0225385 -0.0192163 -0.00427184 0.0142662 0.0327416 0.0568876 0.0357971 0.00276799 -0.0111914 0.0010976,800,0,cuda,50.83,56.37
test,1321,english_setter_45,english_setter,dog,correct,english_setter,lime,13,0.999776,34,0.546476,0.995007,0.448531,0.1909,0.890878,0.499404,0.605341,,,-0.00441915 0.0878228 -0.0103786 0.191626 -0.00591962 0.0188875 0.0510939 0.0152102 -0.0228635 0.0237678 0.0926945 0.210721 0.0209497 0.243576 0.0394455 0.134721 0.0329866 0.101895 0.0212344 0.00874133 0.0360605 0.040418 -0.0269401 -0.00711492 0.0578649 0.0469331 0.0439301 -0.0130049 -0.0123862 0.0129739 0.074669 -0.0132304 0.0218065 0.0160717,800,0,cuda,62.13,88.84
test,1125,Egyptian_Mau_43,Egyptian_Mau,cat,correct,Egyptian_Mau,lime,11,0.988236,38,0.839007,0.999509,0.160502,0.144227,0.902295,0.024556,0.693319,,,-0.00960058 -0.0356244 0.0990093 0.0105821 0.0319759 0.129121 -0.0268982 0.0192137 0.230839 0.0113081 0.0718358 0.266058 -0.00884539 -0.023304 0.00961355 0.000688264 0.0145538 0.0335481 0.0252385 -0.191344 -0.00204145 0.0257736 -0.000557758 -0.0384014 -0.0179343 -0.00115748 -0.178771 0.131571 0.0315449 0.00564857 0.00446641 0.0793522 -0.0175431 -0.013997 0.140081 0.0881361 0.0737951 0.0260507,800,0,cuda,71.43,78.93
test,3256,Siamese_77,Siamese,cat,correct,Siamese,lime,32,0.998623,29,0.512915,0.727774,0.214859,0.222877,0.895999,0.43355,0.735882,,,-0.0074967 0.00212568 0.142344 0.000965045 0.00144207 -0.00366201 0.00909712 0.123544 -0.0406675 0.025739 -0.000189771 0.0307098 -0.00293289 0.421951 0.0215753 0.0664712 0.0585499 0.0255152 0.0464504 0.240289 0.0834297 0.058419 0.0518683 -0.00437366 0.159535 0.00417099 0.105065 0.0452436 -0.00193869,800,0,cuda,70.35,75.8
test,1527,great_pyrenees_50,great_pyrenees,dog,correct,great_pyrenees,lime,15,0.929672,38,0.624542,0.991914,0.367372,0.067901,0.8695,0.311271,0.609935,,,-0.0488292 0.0110673 -0.00810865 -0.00264619 -0.00296935 -0.0180676 -0.000540188 0.032593 0.0191927 0.0210197 -0.0677891 0.197762 0.0168922 0.113 0.189955 0.010336 0.00908182 -0.00129856 0.0631585 -0.00258215 0.170913 0.0891006 0.0917286 0.0116994 -0.0196357 -0.0805746 -0.00610431 0.0134043 -0.0178883 -0.0186679 0.0373275 0.00319644 0.018926 0.00674735 -0.00826607 -0.0302302 -0.00143827 0.022641,800,0,cuda,64.81,69.9
test,2707,Russian_Blue_244,Russian_Blue,cat,wrong,Bombay,lime,7,0.969842,34,0.314872,0.898095,0.583223,0.148373,0.806437,0.158457,0.577473,,,-0.0118049 -0.0022493 0.010543 0.017306 0.0127545 -0.036315 0.0432798 0.0204903 0.0677826 0.0817474 0.0776733 0.0153312 0.0276788 0.0189398 0.0964342 0.109676 0.0548472 0.0456622 0.112817 -0.0168532 0.0176322 0.118168 0.0313699 0.039019 0.0611455 -0.0324159 -0.0108651 0.026541 -0.00632184 -0.0176543 0.0227709 0.00860833 0.0169034 0.0105267,800,0,cuda,58.91,64.56
test,2964,samoyed_85,samoyed,dog,correct,samoyed,lime,29,0.996902,32,0.413265,0.987801,0.574536,0.204083,0.911315,0.321343,0.73474,,,-5.86063e-05 0.00676758 0.22564 0.0117132 0.00123267 0.0175894 0.00165687 0.425235 -0.00993941 0.171101 -0.00277902 -0.0142758 0.0374619 -0.0325159 0.097013 0.238666 0.0096932 -0.0115334 0.0871135 -0.0083727 -0.0380079 -0.0329107 -0.0118715 -0.0128165 -0.00526369 0.000165589 0.0189667 0.0116232 0.0280091 -0.000387725 -0.00401222 0.0518047,800,0,cuda,85.84,92.68
test,729,Bombay_43,Bombay,cat,correct,Bombay,lime,7,0.999963,29,0.369858,0.97653,0.606672,0.328097,0.97011,0.167851,0.394621,,,0.00444662 0.00234573 -0.00563435 0.00957125 0.000176345 0.00096171 -0.00788242 0.0733813 0.0243479 0.0648154 0.00940957 0.0493074 0.0481665 0.0392636 0.0411614 0.0122295 0.0127888 0.0327443 0.0381634 -0.00600486 0.00296801 0.00243583 0.00311764 0.00938762 -0.000230612 0.00298085 -0.00148628 -0.00720728 -0.000856932,800,0,cuda,54.87,59.59
test,2458,pomeranian_7,pomeranian,dog,correct,pomeranian,lime,24,0.994039,46,0.209184,0.861834,0.65265,0.081311,0.945084,0.095982,0.936514,,,-0.00907098 -0.0112738 0.00389876 -0.0114943 0.000784855 -0.0296664 0.00269789 0.000361943 -0.00263532 -0.0110377 0.00262063 0.00691826 -0.00904918 0.0219915 0.00930504 -0.0140453 0.0113983 0.148451 0.00473627 -0.00105761 0.0103731 -0.00200894 0.00910282 0.00879751 0.12636 -0.00114786 0.00261464 0.00870114 -0.00513205 -0.0053682 0.0214284 0.782366 -0.00300292 -0.00311043 0.00654251 0.0200558 0.005702 -0.00372916 -0.00226898 0.00983928 -0.00472136 0.00383006 0.0120481 -0.00869067 -0.00096138 0.00528742,800,0,cuda,66.77,73.88
test,2495,pug_21,pug,dog,correct,pug,lime,25,0.999949,40,0.807019,0.988959,0.181939,0.419628,0.85106,0.577812,0.501312,,,0.020465 0.01414 0.044891 -0.000330834 0.0906843 0.114091 0.0172813 0.0809918 0.101322 0.0479229 0.0958111 0.064583 -0.00568699 0.0388559 0.137125 0.0575634 0.0606531 0.00780962 0.080095 0.00482656 0.0597236 0.113491 -0.00692786 0.0363389 0.00755438 0.00202365 0.0376135 0.0578658 -0.00859414 -0.0129591 0.0409779 0.0207473 0.00422585 0.00705471 -0.0142454 0.0323674 0.0247924 0.0147773 0.0184098 0.00902562,800,0,cuda,83.22,92.96
test,1391,german_shorthaired_19,german_shorthaired,dog,correct,german_shorthaired,lime,14,0.99842,38,0.609375,0.95436,0.344985,0.412829,0.815598,0.311998,0.415392,,,-0.00843822 0.0127528 0.0104586 0.0386035 0.0273146 -0.00527372 -0.00280919 0.00480059 0.0325752 0.0213208 0.0347572 -0.00224023 0.0626197 0.0593662 0.0173639 0.0203643 0.0146482 0.0341605 0.0345992 0.000967592 0.049941 0.0222097 0.0170566 -0.0179475 0.0162646 0.119963 0.0222644 0.0197526 0.00816308 0.0297321 0.00737988 -0.00563635 0.0355179 0.0110157 0.0144473 0.0600223 -0.00651931 0.000438451,800,0,cuda,83.13,92.9
test,3280,Sphynx_20,Sphynx,cat,correct,Sphynx,lime,33,0.999973,33,0.442203,0.943118,0.500914,0.302925,0.884117,0.365136,0.775,,,-0.00771915 0.00623088 0.0240351 0.00225482 -0.00591456 0.0453691 0.0138518 0.0543274 0.0631702 0.00553475 0.0184291 -0.00730386 0.0175398 0.102062 0.333288 0.000990075 0.0107505 0.043275 0.0152653 -0.00364111 0.105487 0.0861012 0.00621313 0.0708111 0.0419783 0.112066 0.01588 0.00450745 0.0296209 -0.0177919 0.0328435 0.000138797 -0.00994433,800,0,cuda,87.62,98.91
test,1408,german_shorthaired_33,german_shorthaired,dog,correct,german_shorthaired,lime,14,0.999982,31,0.544703,0.948993,0.40429,0.320427,0.929354,0.274602,0.491044,,,-0.00546105 -0.0048336 0.00970511 0.000267667 0.097923 0.0203002 -0.00273958 0.020974 0.201338 -0.00364729 0.00243228 0.10251 0.0224288 0.00954362 0.060099 0.0645032 -0.00309175 0.0062117 0.0193245 0.0313866 -0.00598401 0.0291178 0.0259861 0.00827532 0.0547374 0.0225652 0.00576686 -0.0123505 0.00657441 0.00875746 0.00385667,800,0,cuda,50.7,54.87
test,3339,Sphynx_51,Sphynx,cat,correct,Sphynx,lime,33,0.962569,34,0.346181,0.774794,0.428612,0.062632,0.843809,0.006436,0.798588,,,0.000316577 -0.00399266 0.00347556 0.125257 0.0685139 0.0678228 -0.00885233 0.000598981 0.0132533 0.471275 -0.00927896 0.00244941 0.112351 -0.0158993 0.1844 0.126946 0.0430849 -0.0120909 0.0523818 0.0573561 0.00241158 -0.00538298 0.000436729 -0.0350258 0.0438405 -0.00111683 -0.00401801 0.0289735 0.00400962 -0.0137654 -0.0176979 -0.0106993 -0.0181175 -0.00137006,800,0,cuda,50.81,56.7
test,2264,newfoundland_85,newfoundland,dog,correct,newfoundland,lime,22,0.99921,41,0.640784,0.864101,0.223317,0.336881,0.872515,0.412872,0.755249,,,0.0175024 -0.0116059 -0.0213915 -0.00905809 -0.0123209 0.00998107 0.0599001 0.0361383 0.00159522 0.00310227 -0.0715356 0.0474559 0.043093 0.0600558 0.0298038 0.0527858 0.0251372 0.123255 0.0614062 0.0638687 0.0689053 0.0659259 0.00962583 0.0354791 -0.00881934 0.0246713 0.430785 0.00209271 -0.0205936 0.143848 0.00141007 0.0669697 0.0665708 0.00905735 0.00512648 0.0169853 -0.010282 0.00378734 0.022126 0.0190336 -0.00773876,800,0,cuda,73.97,80.17
test,382,basset_hound_86,basset_hound,dog,correct,basset_hound,lime,3,0.984029,29,0.130919,0.360345,0.229426,0.130021,0.949,0.269095,0.770729,,,-0.011455 -0.00582361 -0.00716212 0.0139623 0.00561185 -0.0107865 -0.0155638 -0.00264827 -0.00361933 0.0884428 0.0604516 0.00485704 0.0135846 -0.0108985 0.004801 0.488317 0.00317079 -0.0112583 0.0156576 0.30147 0.0171307 -0.014247 0.00860627 0.0229281 0.134501 0.025959 0.000125235 0.0011106 0.0194981,800,0,cuda,65.89,85.57
test,2889,samoyed_19,samoyed,dog,correct,samoyed,lime,29,0.956588,30,0.365195,0.52514,0.159946,0.259014,0.651349,0.028861,0.543536,,,0.099057 0.00676856 0.182658 -0.00275143 0.102708 0.1733 0.0169135 0.0056743 0.0971337 -0.0181228 0.0362831 0.0253967 0.0197287 0.113257 0.00809411 -0.00597562 0.185695 0.0594304 -0.00451459 0.0330256 0.039934 -0.0236427 -0.0158113 0.0134396 0.00795107 -7.71422e-05 0.0407955 0.0107902 0.0197099 0.0345386,800,0,cuda,61.97,67.6
test,2589,Ragdoll_227,Ragdoll,cat,correct,Ragdoll,lime,26,0.746339,41,0.347357,0.763515,0.416158,0.033454,0.500111,0.41416,0.497909,,,0.00232755 0.0291726 -0.000464816 0.0450121 -0.00296248 0.0209207 0.0117511 0.0278636 0.0544038 0.00877435 0.000411736 0.101098 0.0737457 0.0518559 0.0191009 -0.000521752 0.00181393 0.011127 0.0120364 0.0114496 0.0301058 0.00578808 0.0226889 0.00555612 0.00328496 -0.00946173 0.00846873 0.0015256 0.00579712 0.0136379 0.0121526 0.00648083 -0.00411086 0.00184436 -0.00432997 -0.00286546 0.0013003 0.0142116 0.00378842 -0.00916661 -0.0196707,800,0,cuda,98.23,113.9
test,1502,great_pyrenees_28,great_pyrenees,dog,correct,great_pyrenees,lime,15,0.952866,33,0.740274,0.875942,0.135668,0.250629,0.890591,0.026927,0.887964,,,-0.044217 0.114635 -0.0216009 0.524806 0.0212883 0.0231538 0.0284221 0.017207 0.0371412 0.00953989 -0.0568924 0.0220257 0.0160764 0.000513797 0.0257993 0.0381545 0.0556512 0.0286559 0.00105519 -0.00813193 0.0267487 0.0340362 -0.0134342 0.0186673 0.0205635 0.00385574 0.0352339 -0.0100409 0.0137527 0.0198191 0.0168883 -0.00743271 0.0205858,800,0,cuda,56.38,59.06
test,2911,samoyed_37,samoyed,dog,correct,samoyed,lime,29,0.998528,35,0.673689,0.99533,0.321641,0.305577,0.853108,0.429005,0.735206,,,-0.0130083 -0.0221287 0.0656945 -0.0181518 -0.00505436 0.0665292 0.0831058 0.00857891 -0.0120467 0.0149323 0.156564 0.0250639 0.00193408 -0.0170722 0.00685414 0.0566059 0.0388051 -0.0396448 0.343735 0.0112885 0.104015 0.446758 0.00370384 0.0109643 0.0323441 0.0245002 0.0341669 0.00794488 0.057689 -0.00666816 0.0247889 0.0361128 -0.0107433 0.0702127 0.0512006,800,0,cuda,59.01,62.83
test,3229,Siamese_50,Siamese,cat,correct,Siamese,lime,32,0.99851,38,0.739417,0.746911,0.007494,0.400622,0.760783,0.534444,0.616801,,,0.0235194 0.010632 -0.00276299 0.0132775 0.0324123 0.178513 0.0233468 0.129835 0.00187514 -0.00026019 0.0155706 -0.00218992 0.111047 0.0356794 0.020535 0.153118 0.0141819 -0.013981 0.109209 0.000327611 0.0940102 0.0616123 -0.000873926 0.0116937 0.00442551 0.00778401 0.165064 0.114467 -0.00496793 0.0590392 0.0219264 0.0201663 0.0275889 0.0302561 0.029028 0.0106304 0.071084 -0.00636022,800,0,cuda,56.2,79.02
test,1320,english_setter_44,english_setter,dog,correct,english_setter,lime,13,0.999791,45,0.192522,0.534249,0.341727,0.196692,0.8796,0.413452,0.806924,,,-0.0132995 0.00900781 -0.00402984 0.0106963 0.565229 -0.00634021 0.0339986 -0.0409637 0.00469769 0.011209 0.02272 0.0245647 0.000856601 0.241431 0.172919 -0.0170359 0.0261344 -0.00463581 0.0657727 0.00673134 0.144682 0.131603 -0.0034486 0.0267791 0.04451 0.0212684 0.0255302 0.00738022 -0.0186566 0.0194525 0.0710276 0.0273794 0.0197431 0.00974591 -0.0248684 -0.0331341 -0.0150313 -0.0063646 0.00102938 0.00679737 0.00710982 0.025319 0.000490289 0.0146924 -0.0153157,800,0,cuda,48.37,51.1
test,3097,shiba_inu_24,shiba_inu,dog,correct,shiba_inu,lime,31,0.999869,41,0.484993,0.750998,0.266005,0.295203,0.923808,0.440766,0.650789,,,-0.00310643 -0.0197433 -0.00416198 0.0562534 -0.00272691 -0.0125486 0.0756213 0.0233186 0.00525877 -0.0182016 0.117292 -0.0211823 0.0866034 0.398959 0.00489215 0.047499 0.118431 0.0794969 0.00826756 0.0408409 0.00798333 0.142793 -0.000635585 0.0276414 0.0576642 0.0496779 0.0269842 0.0412111 0.00949856 0.0229458 0.0343687 0.0468127 0.00609788 0.0332978 -0.0032174 -0.000781987 0.0030974 -0.00984298 0.00343501 -0.0201677 -0.00216703,800,0,cuda,65.8,70.08
test,1233,english_cocker_spaniel_56,english_cocker_spaniel,dog,correct,english_cocker_spaniel,lime,12,0.998581,40,0.356824,0.739691,0.382867,0.212269,0.697148,0.096621,0.654903,,,0.0877999 0.0228004 0.0259499 0.0526328 0.00031482 0.00454109 0.0166276 0.144774 0.0194845 0.0329873 -0.0145408 0.0254565 0.00752126 0.0287065 0.0366629 -0.0145606 -0.00890904 0.007632 0.000571326 0.0366486 0.101071 0.00685053 0.00653426 0.0111005 0.0284632 0.130086 0.00660235 0.193604 0.0302406 -0.0220019 0.0586384 0.289821 0.000508515 0.169212 0.0295982 0.00083467 0.0136422 0.00812476 0.104237 0.0503872,800,0,cuda,60.13,64.77
test,2236,newfoundland_5,newfoundland,dog,correct,newfoundland,lime,22,0.999872,40,0.374322,0.984999,0.610676,0.10979,0.933505,0.146333,0.849873,,,0.0132242 -0.000177119 0.0170218 0.00443848 -0.003588 -0.00182077 -0.0218203 0.000693194 0.0433297 0.676795 -0.0169129 0.0220733 0.0214708 -0.0268134 0.0044608 0.0183372 0.102998 0.000507162 0.0030007 0.0176317 -0.0296546 0.174362 0.0728203 -0.0307986 -0.00510558 -0.024077 0.00801899 -0.00394329 0.0410757 -0.0219806 0.0119101 0.00175504 0.0212654 0.133964 0.0321544 0.0230064 -0.0124934 -0.05224 0.0115001 -0.0190269,800,0,cuda,36.51,55.57
test,2816,saint_bernard_41,saint_bernard,dog,correct,saint_bernard,lime,28,0.999665,35,0.653958,0.865966,0.212008,0.127813,0.920425,0.25038,0.697229,,,-0.0109511 -0.0129155 0.0882818 -0.0135961 -0.149013 -0.00895678 0.00545544 0.054228 0.01523 -0.0284734 -0.0189447 0.514746 0.0255865 -0.03044 0.0960756 -0.0142898 0.00844593 0.0337341 0.174117 0.0228298 0.328061 0.0347369 0.0874704 0.0101537 0.071629 -0.00686863 0.0396975 -0.00819276 0.020277 0.0315181 0.0149141 0.0208298 -0.0139755 0.00134884 -0.022395,800,0,cuda,99.71,122.25
test,681,Birman_85,Birman,cat,correct,Birman,lime,26,0.710144,34,0.632274,0.943933,0.311659,0.030284,0.791078,0.250595,0.636251,,,0.030575 0.034425 0.0338384 -0.0268776 0.00332673 -0.00363233 0.0392252 0.0957308 0.106222 0.00140741 0.00864286 -0.0226484 -0.00674285 0.00750032 -0.0150864 -0.203181 0.194874 -0.0038821 0.0421847 0.0106369 -0.00390882 0.0550993 0.0192168 0.00360411 0.0418316 0.0187705 0.0242048 0.00423796 -0.00495904 0.0110948 0.0274238 0.0268588 0.0121328 0.0121669,800,0,cuda,63.98,64.9
test,2804,saint_bernard_30,saint_bernard,dog,correct,saint_bernard,lime,28,0.970459,37,0.256816,0.981357,0.724541,0.070793,0.949753,0.16104,0.828236,,,0.00420417 0.00436435 -0.00767462 -0.033822 -0.00955697 0.0233903 -0.00178036 0.189244 -0.0138192 0.394365 0.0364164 0.00678231 0.418492 -0.014856 -0.0220806 0.0381918 0.00216923 0.000344648 -0.0232864 0.103869 0.121408 0.0214429 -0.00269077 0.00136012 0.0117577 -0.023006 0.0141913 -0.00741795 0.00444433 0.0120497 -0.0125778 -0.0137308 -0.00699422 -0.0481745 -0.0172478 -0.0285273 -0.0139408,800,0,cuda,60.62,71.15
test,1274,english_cocker_spaniel_93,english_cocker_spaniel,dog,correct,english_cocker_spaniel,lime,12,0.999397,39,0.621373,0.705664,0.084292,0.2119,0.87557,0.577145,0.717246,,,0.0341505 0.449925 0.0330543 0.188463 0.0246745 0.00425966 0.143204 0.250368 0.194943 0.0525806 0.0809576 0.165423 0.0981685 0.0762896 0.0410183 0.0545224 0.0431744 0.114567 0.0202913 0.0133118 0.0152268 0.0478101 -0.00850322 0.0298112 -0.0128096 -0.0300037 -0.0135472 0.00925926 0.0265457 -0.0331821 0.0247347 -0.0239987 -7.95492e-05 0.0144181 -0.000709607 -0.014789 0.0155039 -0.0141245 -0.00797949,800,0,cuda,89.41,92.95
test,2364,Persian_82,Persian,cat,correct,Persian,lime,23,0.999559,37,0.826132,0.97863,0.152498,0.122552,0.842463,0.340467,0.715491,,,0.0186171 0.0855569 0.0517282 0.0799289 0.0263542 0.00935544 0.116024 0.118423 0.00163728 0.0790224 0.163301 0.0328615 0.0452934 0.4145 0.0558107 0.0095609 0.139928 -0.00669226 0.118299 -0.000332272 0.0155101 0.0162482 0.0147487 0.164484 -0.0366375 0.00287177 0.0239432 -0.0518152 0.014141 0.0058091 -0.00375136 -0.0528285 -0.0192262 -0.00425013 0.00620016 0.00544793 -0.00293818,800,0,cuda,61.23,72.86
test,123,american_bulldog_30,american_bulldog,dog,correct,american_bulldog,lime,1,0.999313,30,0.766522,0.992859,0.226337,0.303043,0.902544,0.43799,0.640346,,,0.00570765 -0.00425136 0.0104668 0.0013257 0.0295569 0.0338092 -0.035181 -0.0120214 -0.0404131 0.214553 0.0973995 -0.0497604 0.0928589 0.0386556 0.203637 0.0334647 0.191127 0.183414 0.0321266 0.11425 0.0632983 0.00848088 0.0101996 0.0724216 0.0211772 0.0116233 0.00995843 -0.00434239 -0.0142035 0.0223003,800,0,cuda,85.28,91.67
test,2634,Ragdoll_53,Ragdoll,cat,wrong,Birman,lime,6,0.996868,40,0.631138,0.992516,0.361378,0.179105,0.952301,0.254136,0.673689,,,-0.00940863 0.000109869 0.0199726 0.0214378 0.00734766 -0.0133597 -0.00895192 -0.000874397 -0.0230111 -0.0246354 -0.0434511 -0.0137081 0.00880065 -0.00650446 0.0656037 -0.014548 0.0905765 -0.0103579 -0.000728312 0.000538732 -0.00808794 0.346541 0.144103 0.229116 -0.00257525 -0.0100716 0.027822 0.0543987 0.024868 -0.0196327 0.022847 0.0290245 0.0010596 0.00488685 0.0176506 -0.000948928 0.00586594 0.00138831 -0.00414958 0.0170329,800,0,cuda,77.38,90.34
test,660,Birman_66,Birman,cat,correct,Birman,lime,6,0.908284,30,0.393794,0.948628,0.554834,0.08605,0.870244,0.187412,0.752209,,,0.0150712 0.0152987 0.0123846 0.0153948 -0.000660602 -0.0475033 -0.0329908 -0.0345557 0.0244746 -0.0437274 -0.0219504 -0.021246 -0.00315503 0.0043834 0.113425 0.302947 0.00567217 0.0103574 -0.00090067 0.224097 0.169144 -0.0681997 -0.0244746 -0.0351904 0.284618 0.054075 0.263295 -0.0505022 0.0573969 -0.0228462,800,0,cuda,61.06,66.43
test,1796,keeshond_22,keeshond,dog,correct,keeshond,lime,18,0.999649,38,0.790378,0.920057,0.129679,0.389163,0.888914,0.480641,0.6769,,,0.0246974 -0.0074841 0.00562612 0.0282771 0.0135839 0.00389293 0.03871 0.153285 0.00971727 0.00409487 0.0288053 -0.0111714 0.232003 0.00565617 0.0308524 0.0459685 0.0341545 0.0065712 0.275151 0.0286797 0.012141 -0.0169399 0.0219723 0.020085 -0.00662708 0.0248464 0.0429974 0.0939523 0.00712226 -0.006952 0.0741342 0.054559 0.00524551 0.0210094 0.0366108 0.0125196 0.0127118 0.000957815,800,0,cuda,57.73,67.64
test,2579,pug_99,pug,dog,correct,pug,lime,25,0.998714,33,0.48007,0.991563,0.511493,0.251143,0.870763,0.435686,0.745518,,,0.0706128 0.160545 0.253488 -0.0186455 -0.0671799 0.18728 0.206421 -0.0176591 -0.0131095 0.295887 0.024682 -0.022262 0.137046 0.208648 -0.0167348 0.00227549 -0.00236349 0.105475 -0.00684115 0.0820936 0.0522524 -0.0124209 0.0578406 0.00821268 0.012589 0.0235562 0.0583215 0.0126073 -0.00743317 0.0622469 -0.0229016 -0.0196848 0.0212838,800,0,cuda,50.0,64.84
test,2303,Persian_269,Persian,cat,correct,Persian,lime,23,0.992598,36,0.448123,0.468861,0.020738,0.047494,0.914787,0.31216,0.590998,,,-0.0112825 0.0296156 0.0188789 0.0220572 0.339824 -0.0156785 0.144483 0.0120091 0.0215343 0.0903606 0.166796 0.167808 0.0313843 0.00463683 -0.036019 0.00957114 0.00418108 0.00700256 -0.00880267 0.00457279 -0.0214589 -0.0276156 -0.00618409 -0.0768053 0.0145526 -0.00337636 -0.0241917 0.021327 0.0404361 -0.00708635 -0.000396761 -0.00420115 0.00684364 0.0210796 0.00655498 -0.00392082,800,0,cuda,99.08,106.09
test,2710,Russian_Blue_258,Russian_Blue,cat,correct,Russian_Blue,lime,27,0.932824,36,0.78695,0.961773,0.174823,0.059486,0.810753,0.29389,0.637353,,,-0.00539184 0.0171564 0.0187723 0.000157353 0.0590614 -0.000578278 -0.00461369 -0.0209591 0.175582 0.0453014 0.134493 -0.0354577 0.0114274 0.141183 -0.0295599 0.213212 0.00357882 0.00381979 0.00547461 0.00551313 -0.0112095 0.148468 -0.000283293 0.0126856 -0.00583056 0.00531034 0.0542526 -0.0074969 0.033841 0.00209468 -0.0158415 0.043274 0.00380093 -0.00568773 -0.0314488 0.00904951,800,0,cuda,98.27,107.29
test,1960,leonberger_81,leonberger,dog,correct,leonberger,lime,19,0.998558,41,0.612444,0.894635,0.282191,0.16779,0.928228,0.350912,0.784607,,,0.00744706 0.00602084 0.0283657 0.00788011 0.0236614 -0.0213566 0.121905 0.0193345 0.00436923 0.0168189 0.203079 -0.00392362 -0.00620297 0.115615 -0.0309547 0.608536 0.0110096 -0.00430001 0.0320213 0.142194 0.0259484 -0.0149814 0.0459884 -0.021647 0.048869 0.0349617 0.0162957 -0.0113393 -0.0279896 0.00445331 0.000481657 0.0135471 -0.00448522 0.000675644 0.00154769 0.00502655 0.0039424 0.00525519 0.0139271 0.00201424 0.00395574,800,0,cuda,49.04,61.88
test,3210,Siamese_29,Siamese,cat,correct,Siamese,lime,32,0.999885,40,0.391522,0.828446,0.436924,0.195085,0.950351,0.329665,0.684267,,,-0.00991109 0.138795 0.0262374 0.0960654 0.0050179 -0.0152744 0.0568647 -0.0151073 -0.00198176 -0.00233698 0.0108663 -0.0194599 0.0427896 0.0208695 -0.0179861 0.0229076 0.381506 0.0361269 0.0237931 0.0285253 -0.0280177 -0.022594 -0.0169955 0.00799303 0.00424667 0.18468 0.0262156 0.0120131 0.086278 -0.00236488 0.00213237 0.0272476 -0.00190322 0.0185116 -0.0191737 -0.0345215 0.0167274 0.0361228 0.0201811 -0.0129168,800,0,cuda,57.6,61.47
test,230,american_pit_bull_terrier_36,american_pit_bull_terrier,dog,correct,american_pit_bull_terrier,lime,2,0.770117,33,0.460001,0.854295,0.394294,0.063593,0.751681,0.13757,0.682786,,,-0.00482551 0.0422941 0.0996275 0.00752815 0.143796 0.305999 0.0160806 -0.0259286 -0.00426124 0.105913 -0.0181905 -0.0225755 0.0166226 0.030423 0.00586697 0.016709 -0.00450245 0.0365266 0.0342997 0.0282489 0.0134008 0.0268629 0.00328693 0.000701197 -0.00447321 0.0698778 0.00972613 -0.00939699 0.01567 -0.0144276 -0.0168301 0.00334983 0.00330587,800,0,cuda,69.43,91.24
test,901,British_Shorthair_268,British_Shorthair,cat,correct,British_Shorthair,lime,9,0.97294,41,0.750937,0.973787,0.222851,0.325085,0.848461,0.159077,0.486327,,,-0.019449 0.119498 0.0713687 0.00238799 0.217156 0.137421 0.138935 0.0706687 -0.00760089 0.100832 0.00476815 0.043998 0.0408228 0.018337 -0.204475 -0.0227507 0.0379529 0.0191258 0.0169775 0.0516516 0.0659054 0.0319768 0.0804047 0.058497 0.00901915 -0.0097627 -0.00792588 0.0468249 0.0168909 0.0102955 0.00829097 -0.0477758 0.0163428 0.0166178 -0.000362433 0.00588652 0.00544721 0.0222904 0.00834275 -0.0108179 -0.00123022,800,0,cuda,67.54,69.25
test,2939,samoyed_62,samoyed,dog,correct,samoyed,lime,29,0.998254,27,0.694396,0.966624,0.272228,0.317189,0.792588,0.399892,0.710076,,,0.0605157 0.0579099 0.00614236 0.295098 0.0335174 0.113953 0.207856 0.0186909 -0.00235277 0.0276251 0.271545 0.0583348 -0.0333768 0.0100693 0.06096 0.0444288 0.0664271 0.0127319 -0.00298861 0.0276952 0.0205519 0.0161127 0.00602974 0.0332532 0.00173964 0.0112127 -0.0204135,800,0,cuda,34.37,36.55
test,765,Bombay_79,Bombay,cat,correct,Bombay,lime,7,0.98932,35,0.580058,0.858004,0.277946,0.303975,0.884062,0.26286,0.683486,,,0.027049 0.0373659 0.00371582 0.0122704 0.0139682 0.0623033 0.102715 0.17203 0.0911728 0.0234538 0.0196814 0.0202395 0.0244852 0.00614321 0.0354224 0.150487 -0.0349757 0.032629 0.0493764 0.0240402 0.00242969 0.0172714 0.031561 0.00486941 0.000464386 0.0296277 0.0124256 0.00715842 -0.00115654 0.0719613 -0.0226413 -0.0418313 -0.0120899 -0.0172905 -0.00529817,800,0,cuda,63.67,72.21
test,2979,samoyed_99,samoyed,dog,correct,samoyed,lime,29,0.997859,37,0.880261,0.997816,0.117554,0.308353,0.860201,0.319662,0.717113,,,-0.00870088 -0.0283502 -0.0325792 -0.00299343 0.0180087 0.0173656 -0.00669351 0.0201055 0.0303594 0.0563263 -0.0216195 0.0539194 0.0629252 0.0278955 0.00727298 0.0655479 0.211886 -0.0134548 0.129997 -0.017293 0.274248 -0.0257025 0.00677099 0.46852 -0.00466899 0.0109363 0.0994031 -0.00796812 0.115898 0.0119908 0.0122745 0.00412222 -0.00870208 0.0169753 0.0367158 0.167695 0.0327734,800,0,cuda,59.04,64.09
test,2998,scottish_terrier_26,scottish_terrier,dog,correct,scottish_terrier,lime,30,0.856025,36,0.3579,0.548137,0.190237,0.067469,0.872069,0.036898,0.767033,,,-0.00380408 0.0134186 -0.0061249 0.00384071 0.00859754 -0.0109294 -0.0227105 0.0162457 0.0119032 -0.0148816 0.00263085 -0.0146136 0.0117572 0.0255702 0.0143414 0.00928834 -0.00816813 0.00438286 -0.0177242 0.505304 0.0142752 0.377785 -0.0162482 0.00859388 -0.00100159 0.0401186 0.0118939 -0.0181048 -0.00212729 0.0219924 -0.0245157 0.000529117 0.0267997 0.0425451 0.000147108 0.0195074,800,0,cuda,47.95,55.36
test,2428,pomeranian_52,pomeranian,dog,correct,pomeranian,lime,24,0.998677,38,0.795121,0.995358,0.200237,0.154805,0.918801,0.422066,0.533597,,,-0.0104175 0.0405714 0.00313669 0.0494533 0.00507992 0.0394934 -0.0124859 -0.00793863 -0.013411 0.283095 0.014068 0.0252069 0.0111361 0.262786 0.102012 0.0247081 0.146237 0.00504211 0.0357693 0.16548 -0.00272278 0.0204799 0.0318787 0.0274432 0.0346403 0.116984 0.0518262 -0.0101473 -0.0392188 0.0224653 -0.00184477 -0.00315265 -0.0366008 -0.0179887 -0.0255332 0.000454514 -0.0243894 9.206e-05,800,0,cuda,56.9,64.83
test,2960,samoyed_81,samoyed,dog,correct,samoyed,lime,29,0.99891,37,0.394571,0.912173,0.517602,0.21689,0.922146,0.345672,0.661459,,,0.01099 0.00268158 0.00902496 -0.00644411 0.215573 0.0015012 0.262969 0.00374988 -0.0178049 0.223791 0.0346778 0.0107122 0.127083 0.00140166 0.221431 0.01119 -0.0215523 -0.00137334 0.112611 0.0211253 0.00711578 -0.000515738 -0.00812098 0.00842972 0.0116549 0.0169457 0.00129293 -0.00964939 0.0145696 0.0327408 0.019714 0.00439883 -0.00511104 -0.00302712 -0.0268561 0.00740338 -0.00987161,800,0,cuda,65.85,78.67
test,1745,japanese_chin_67,japanese_chin,dog,correct,japanese_chin,lime,17,0.997889,40,0.25859,0.682373,0.423783,0.126861,0.892819,0.350292,0.783175,,,0.0136567 0.00967823 0.0012321 0.0108776 0.336799 -0.0338013 0.0200021 -0.0100613 0.0253159 -0.000154174 -0.00178507 0.11452 0.00631151 -0.0168259 0.348743 0.00801 -0.000565466 0.0894254 0.00379865 0.0230555 0.271828 0.125632 0.0270511 0.232303 0.0390908 0.0137104 0.0609181 0.013576 -0.0588056 0.0124333 -0.0191648 0.0056064 -0.00848967 0.00427865 -0.0369558 -0.000746672 -0.0180446 -0.0194362 0.00941487 -0.0051576,800,0,cuda,77.19,89.23
test,787,boxer_192,boxer,dog,correct,boxer,lime,8,0.98992,34,0.311244,0.990843,0.679599,0.318637,0.943028,0.234683,0.393899,,,-0.0187501 0.0181132 0.0111278 -0.004343 0.00966725 0.0165391 -0.00458694 -0.00104929 0.0125989 0.00955968 0.139946 0.000479848 0.00916981 0.102304 0.0312357 0.0362168 0.00478895 -0.00806146 0.128702 0.0372298 0.00628289 -0.0110777 0.0316297 0.00646644 0.0410336 -0.00667349 0.0170617 0.0113798 -0.00948982 0.00443806 0.00619304 0.00375752 0.00319662 0.0215483,800,0,cuda,57.18,59.68
test,2149,miniature_pinscher_71,miniature_pinscher,dog,wrong,staffordshire_bull_terrier,lime,21,0.61737,33,0.201491,0.461206,0.259715,0.163774,0.763546,0.290158,0.774954,,,0.00142936 -0.00652134 0.00531914 -0.0051898 -0.0200356 0.00549133 0.0476931 -0.0198539 0.0163622 0.00467949 0.0235594 0.16449 0.0184667 0.0481625 -0.00387173 0.0485046 0.122438 0.444258 0.0422202 -0.0170285 0.015729 0.0449721 0.0053843 0.0499936 -0.0324802 -0.0389659 0.128795 0.0113094 -0.00135018 -0.0201599 -0.0100033 0.00980598 -0.021791,800,0,cuda,86.45,104.79
test,3241,Siamese_61,Siamese,cat,correct,Siamese,lime,32,0.942169,35,0.943359,0.904368,-0.038992,0.178409,0.751043,0.079351,0.717429,,,0.00723766 0.0917949 0.0400919 0.0302196 -0.0115116 0.0178634 0.0135516 -0.0148015 0.0612856 0.035375 0.0218996 0.118042 0.0579807 0.0686547 0.00127339 0.0369748 0.00788116 0.298663 0.0347468 0.0586195 0.0927014 -0.00213446 -0.107742 0.0128726 0.0311232 0.00579444 0.017233 -0.0175764 0.0187573 0.0098737 0.154117 0.00211946 -0.00471691 0.00905785 -0.0191898,800,0,cuda,57.96,61.64
test,2894,samoyed_21,samoyed,dog,correct,samoyed,lime,29,0.994932,36,0.499701,0.95864,0.458939,0.210529,0.896399,0.282508,0.785957,,,0.00685735 0.00519432 0.178924 -0.0190525 0.0600015 -0.0455478 0.136925 -0.0180322 0.0041849 0.583778 0.201523 0.171813 -0.00377091 0.00497546 0.0691453 0.00527014 0.0510702 0.0233286 0.00301356 0.0872808 0.00847739 0.0633777 -0.014268 0.00833445 0.0191958 0.119754 -0.0100498 -0.0206292 -0.00723706 0.0148004 -0.0259739 -0.022227 -0.0131931 -0.00287191 0.00645265 -0.027507,800,0,cuda,76.41,77.04
test,421,beagle_30,beagle,dog,correct,beagle,lime,4,0.829143,39,0.335539,0.728137,0.392598,0.061551,0.918542,0.085408,0.77639,,,-0.0252693 0.0122975 0.0258808 0.00733512 -0.0199008 0.0589141 0.0474514 -0.0265484 0.0146007 0.0116485 -0.0320942 -0.00980802 -0.0187958 0.0327026 0.414936 -0.0142867 -0.0349387 0.00351702 0.00480787 0.0947264 -0.0087513 -0.0059264 0.00716861 0.316812 -0.0247456 -0.00816297 -0.00347456 -0.0580694 0.00747254 -0.00554605 -0.0351574 -0.011887 -0.00576967 -0.0699874 0.00928876 -0.00202216 -0.0121947 -0.0208493 0.000420606,800,0,cuda,84.65,96.95
test,3017,scottish_terrier_43,scottish_terrier,dog,correct,scottish_terrier,lime,30,0.993199,37,0.83799,0.950363,0.112373,0.45723,0.86571,0.279565,0.575845,,,0.00327036 0.0278335 0.03639 0.0535131 -0.000938091 0.0164132 0.0120029 0.0480568 0.0125385 -0.013873 0.163823 0.0257986 -0.00960807 0.0151167 0.141577 0.0865814 0.00812111 0.00136941 0.00288107 0.0190926 0.00699098 0.0075812 0.109488 0.00409436 -0.0064097 -0.0028214 -0.0571152 0.00195437 0.0182606 0.0394462 0.0199236 0.020546 0.0203849 -0.00121511 0.0106464 0.0253168 0.00911011,800,0,cuda,59.57,63.27
test,3612,yorkshire_terrier_49,yorkshire_terrier,dog,correct,yorkshire_terrier,lime,36,0.988738,38,0.379145,0.988306,0.609161,0.099553,0.92558,0.34096,0.739853,,,0.042764 0.070989 0.00777542 -0.0219597 0.051235 0.212511 0.221326 -0.0103422 0.46553 0.0246963 0.194575 -0.0038284 -0.00384614 0.0348281 0.0913268 0.0154474 0.0108418 0.0018107 -0.00185704 -0.00246311 -0.0204097 -0.0254873 0.068051 -0.00678223 -0.0012278 0.00469346 0.00933489 -0.0421438 -0.00915282 -0.00435077 -0.0109564 0.0081479 0.00289363 -0.00508584 -0.037723 -0.0104517 0.00457536 0.00457282,800,0,cuda,76.01,81.56
test,1873,keeshond_93,keeshond,dog,correct,keeshond,lime,18,0.997542,33,0.647381,0.831084,0.183702,0.247205,0.902407,0.42867,0.650327,,,0.141486 0.0186399 0.0462443 0.0345687 0.169264 0.0064043 0.033518 -0.0168143 -0.119989 0.000213169 0.0496623 -0.00836882 0.336287 0.135811 0.105896 0.153474 0.0932941 0.00750704 0.0217073 -0.00213835 0.0172965 0.00538236 0.0875003 0.104541 0.0264713 0.00396622 0.0176476 0.039658 0.0369915 -0.00788309 0.0187247 -0.00107346 -0.0119637,800,0,cuda,59.42,64.07
test,2614,Ragdoll_31,Ragdoll,cat,correct,Ragdoll,lime,26,0.999906,32,0.668567,0.992599,0.324032,0.102636,0.883046,0.300032,0.896889,,,0.0575044 0.0359994 0.0150844 -0.00538506 0.0392055 0.0358196 0.114046 -0.0255085 -0.00993147 0.0699324 0.00120194 0.100521 0.0831176 0.0354015 0.741017 0.0205021 0.153063 0.0551487 0.0205775 -0.00853022 0.00519179 0.0452513 0.0115463 0.00131102 0.00580372 -0.003178 0.0362615 -0.0183889 0.0012605 -0.0170014 -0.0109557 0.00240552,800,0,cuda,74.45,77.58
test,3359,Sphynx_77,Sphynx,cat,correct,Sphynx,lime,33,0.999991,31,0.771524,0.984404,0.212879,0.42663,0.881392,0.343945,0.588837,,,0.0123993 -0.0140839 0.0328132 0.00207192 0.00570655 0.0275506 0.00472038 0.000246683 0.0101177 0.00580223 0.00275652 0.0919758 0.0381322 0.0577845 0.00217926 0.19937 0.0126889 -0.00945907 0.0188156 0.0969231 0.0525594 0.00173886 0.017845 0.00908652 0.0286282 0.0384233 0.0651786 0.182648 0.00366321 0.0284502 -0.02103,800,0,cuda,76.25,82.16
test,2138,miniature_pinscher_61,miniature_pinscher,dog,correct,miniature_pinscher,lime,21,0.995973,41,0.479353,0.937207,0.457854,0.239199,0.952423,0.331525,0.62158,,,-0.00702563 0.0321644 -0.00225961 0.0122166 0.00303901 0.0180887 0.0294621 0.0996054 0.285552 0.00588037 0.0199338 -0.0104711 0.00275951 -0.00993031 0.00653178 0.0165823 0.12853 0.0558737 0.0214897 0.0144558 0.0854409 -0.0164254 0.0473667 0.0406733 -0.0271731 0.064001 -0.00208851 0.00645231 -0.0100118 -0.00864809 0.067339 0.0514489 -0.00476569 0.00340862 -0.00854858 0.0285454 -0.0134111 0.00821994 0.0105677 -0.0117742 -0.00996575,800,0,cuda,50.84,56.44
test,798,boxer_20,boxer,dog,correct,boxer,lime,8,0.9835,34,0.615573,0.642339,0.026766,0.153356,0.850421,0.171845,0.904862,,,0.013722 -0.000422277 -0.00405391 -0.0040537 -0.0143802 0.00337075 0.0940379 0.000503142 0.0019894 0.0749902 -0.00935889 0.0120352 0.0748723 0.000802579 -0.0012373 0.612017 0.00781223 0.0867266 0.0406568 0.00878645 0.044523 0.0297138 -0.00549765 0.00545608 0.0229118 -0.00568407 0.00459267 -0.0120341 -0.00918987 0.0102903 -0.0239905 -0.00622446 0.0109197 0.0018886,800,0,cuda,68.67,73.31
test,1870,keeshond_90,keeshond,dog,correct,keeshond,lime,18,0.999503,38,0.447007,0.961761,0.514754,0.272194,0.943276,0.381593,0.47343,,,0.0220919 0.0286864 0.0153257 0.00174827 -0.00992052 0.131349 0.0623566 -0.00242268 0.0212811 -0.00470701 -0.00324773 0.0802128 0.0355452 0.152474 -0.00475558 0.0320436 0.00732758 -0.00302567 0.00149336 0.0568233 0.0770671 0.0672978 0.0129291 0.0246277 0.00421682 0.0586032 0.0129031 0.0030985 0.0417346 0.00467605 0.0161806 0.0200172 0.0154485 0.0211835 0.0135925 -0.00448832 -0.00926521 0.0056715,800,0,cuda,56.24,60.97
