split,position,image,true_breed,species,group,predicted_name,method,label,p_label,num_segments,area,overlap,excess,deletion,insertion,additivity,fit_r2,seed_rho,seed_jac,weights,num_samples,seed,device,runtime_s,total_s
test,2007,Maine_Coon_26,Maine_Coon,cat,correct,Maine_Coon,lime,20,0.992304,38,0.862205,0.740693,-0.121512,0.412051,0.906994,0.15321,0.424202,,,-0.0734233 0.0313849 0.0718084 0.093858 0.00617107 0.02936 -0.00327785 0.0137152 0.0616024 0.0327625 0.0610991 0.0651865 0.00129749 0.0236179 0.0370261 -0.00208591 0.0336484 0.0531691 0.000332268 -0.00206873 -0.00443514 -0.000894319 -0.0092338 -0.0250351 -0.00985004 -0.00420913 0.100185 -0.0416465 0.00513996 0.0294608 -0.00795856 0.00838156 0.0425478 0.0158689 0.0472198 -0.0106092 0.0179156 -0.000614464,800,0,cuda,47.61,48.72
test,2571,pug_91,pug,dog,correct,pug,lime,25,0.998065,27,0.2444,0.86387,0.61947,0.074192,0.949321,0.159866,0.917962,,,0.0130132 0.015075 -0.00525782 -0.0120919 -0.0242645 -0.0208834 -0.000766886 -0.0107204 0.137197 -0.00371266 -0.0120667 0.0327849 -0.00858349 0.0569438 -0.00704457 0.165183 0.0408668 0.795915 0.00762567 -0.00590376 -0.00187207 0.0666789 -0.00714791 -0.0114469 0.00107434 0.0232174 -0.00142989,800,0,cuda,23.37,28.54
test,626,Birman_35,Birman,cat,correct,Birman,lime,6,0.958795,36,0.603296,0.945654,0.342357,0.12255,0.932697,0.371728,0.772278,,,0.0520542 -0.00509905 0.373744 0.0773337 0.0290849 0.0060258 0.154175 -0.0104078 0.250629 0.0520178 0.00856187 0.00215604 -0.00139428 -0.00532379 0.00503638 0.229995 0.0234221 0.17968 -0.00715839 -0.0122914 0.00365148 -0.0321146 0.00359115 0.0446255 0.0033709 -0.0221684 0.00765512 -0.0148109 0.0388272 -0.0255501 -0.0152937 -0.0198543 0.00617164 0.0170297 0.00547319 -0.00757465,800,0,cuda,46.56,48.68
test,495,beagle_98,beagle,dog,correct,beagle,lime,4,0.999528,42,0.211755,0.961165,0.74941,0.094921,0.938302,0.272774,0.616752,,,-0.0128588 -0.0135183 0.0152979 0.0160554 0.0179507 -0.0247759 0.0155884 0.0327093 0.0263994 0.00318197 -0.0231448 0.0626612 -0.0230484 0.0407405 -0.0119653 0.144557 -0.0131979 -0.0135269 -0.00711194 0.0236664 0.372611 0.291511 -0.0188954 0.131017 -0.0429674 -0.0367524 -0.00456718 -0.0282587 0.0128837 0.0141216 0.0036709 0.0225995 0.00126795 0.00938974 0.204176 -0.0186835 -0.00920471 -0.0115037 0.0049491 -0.0503847 -0.0261963 0.00470228,800,0,cuda,54.5,58.13
test,3015,scottish_terrier_41,scottish_terrier,dog,correct,scottish_terrier,lime,30,0.999902,41,0.808135,0.995099,0.186964,0.44193,0.810673,0.431518,0.532684,,,0.00234407 0.0242676 0.041067 0.0663585 0.0346374 0.027582 -0.00139053 -0.0333438 0.0103962 0.0458069 0.0365952 0.0421659 0.0019911 0.0142983 0.016934 0.097766 0.0610722 0.0550496 0.0450682 0.020018 -0.00588642 0.00587247 0.0781854 0.0537255 0.00186764 0.0160873 0.0147113 0.0966715 0.0100655 0.0267103 -0.00398872 0.00618257 0.00346338 0.0303813 0.0284617 0.0223843 0.00312508 0.0851414 0.0148085 -0.00753945 0.0427688,800,0,cuda,23.67,24.2
test,1616,havanese_40,havanese,dog,correct,havanese,lime,16,0.991348,37,0.638313,0.72796,0.089647,0.156749,0.881427,0.36636,0.86528,,,0.107982 0.012203 0.18025 0.449859 0.256375 0.0699019 0.0418289 0.0203214 0.221286 -0.0251697 -0.00306527 0.0353325 0.0177179 0.00105705 0.029888 0.0393475 -0.0240397 0.0452374 -0.0305267 0.0312112 0.00770441 -0.00123086 0.0796815 0.0238319 0.00495812 -0.000335989 0.0719215 0.0394936 0.0187126 0.0340598 0.0341213 -0.000306812 -0.0243648 0.0181568 -0.00118615 0.00802702 -0.00486104,800,0,cuda,34.94,39.96
test,1782,keeshond_191,keeshond,dog,correct,keeshond,lime,18,0.999758,36,0.650789,0.966845,0.316056,0.31526,0.892047,0.663948,0.654454,,,-0.00361691 0.0345916 0.0659401 0.0175806 0.000781971 0.0360617 0.0358753 -0.0169154 0.0512561 0.340298 0.136794 0.118753 0.0156302 -0.00226339 -0.0170171 0.0218876 0.260245 0.020575 0.0376377 0.080903 0.0116461 0.0717703 0.12386 0.0230824 0.142658 -0.00501067 0.0508982 0.0360899 0.129733 0.0980542 0.0943502 -0.0354431 0.0408701 0.115062 0.0164957 0.0512228,800,0,cuda,21.49,23.44
test,2206,newfoundland_32,newfoundland,dog,correct,newfoundland,lime,22,0.999639,36,0.840561,0.969877,0.129316,0.290109,0.859858,0.233691,0.812867,,,0.0021486 -0.0112975 0.00719616 0.0288762 -0.0152585 0.00406325 -0.00085466 0.00971823 0.0415947 0.528532 -0.00434123 0.0756524 -0.000819209 -0.0144883 0.00854058 -0.00976158 0.0326703 0.0375808 -0.0279277 0.0551297 0.0941465 -0.00604001 0.0129017 -0.0340267 0.0261753 0.0413761 0.0905298 0.030708 -0.00465465 0.0359336 0.0612569 0.00984557 -0.00613997 -0.0224626 0.00467472 0.0160596,800,0,cuda,36.82,38.49
test,1890,leonberger_19,leonberger,dog,correct,leonberger,lime,19,0.994198,36,0.540796,0.990368,0.449572,0.110411,0.940906,0.315404,0.748059,,,0.265869 0.0367677 0.0707704 0.0347648 0.0513857 0.394469 0.0251078 0.244357 -0.0159476 0.168859 -0.0416477 0.0341202 0.0996494 -0.0169257 0.0125787 -0.0175655 0.109302 0.305603 0.0671606 -0.0299996 -0.0172187 -0.0116442 -0.0178476 0.0251713 -0.069634 -0.0199261 0.0413439 0.0163701 0.0165739 -0.0234761 -0.00590919 -0.00726231 0.0131146 -0.0634509 0.000963237 -0.0140628,800,0,cuda,30.6,31.16
test,790,boxer_195,boxer,dog,correct,boxer,lime,8,0.999737,40,0.18463,0.765681,0.581051,0.169575,0.934798,0.282028,0.760873,,,-0.0146607 0.00721141 -0.00151914 -0.0242463 0.00895204 0.00339802 0.0658142 -0.00113279 -0.0221995 0.0104923 0.0456506 0.00172754 -0.0586116 0.192191 0.00991481 0.0796176 0.409006 0.0212575 0.0191539 -0.00263671 0.0301799 0.00543061 0.0525635 0.0903186 -0.0381051 0.290508 -0.00590259 0.0647566 -0.0077281 -0.0269682 0.00483603 -0.00893063 0.0126136 0.029212 0.0286866 0.00916081 7.03903e-06 0.0372989 -0.00891145 -0.00432352,800,0,cuda,23.74,27.46
test,2557,pug_78,pug,dog,correct,pug,lime,25,0.999495,39,0.72734,0.996294,0.268954,0.253935,0.815496,0.482742,0.667297,,,0.00899681 -0.0231203 0.0285181 0.0184678 -0.0180286 0.0148716 -0.00586947 0.0552947 0.0659121 0.0667451 0.0853386 0.00313134 0.118665 0.0927275 -0.00202066 0.0141583 -0.0122497 0.145398 0.108167 0.139147 0.0710903 -0.000173583 0.0912588 0.168688 0.0890609 -0.00724225 0.00978544 0.209945 0.0546926 0.165806 0.072807 0.00556608 0.0584216 -0.0167061 0.15791 0.0328239 0.0112674 -0.00857357 0.0373843,800,0,cuda,40.16,51.08
test,3181,Siamese_20,Siamese,cat,correct,Siamese,lime,32,0.997266,33,0.592734,0.593956,0.001223,0.226444,0.864359,0.39987,0.702165,,,0.0728357 0.0923616 0.021733 0.0137301 0.079453 0.0903831 0.0328469 0.129043 0.00211272 0.0381373 0.194097 0.0517344 0.0946311 0.315663 0.116373 0.0191831 -0.00710926 0.125832 0.0695376 0.00365127 0.0386263 0.0324602 0.0608662 -0.0161529 0.0158121 -0.0389922 -0.017725 -0.0370045 0.0222752 -0.00148303 -0.0171342 0.131921 -0.00958622,800,0,cuda,32.38,40.86
test,2414,pomeranian_3,pomeranian,dog,correct,pomeranian,lime,24,0.998403,39,0.533084,0.995939,0.462855,0.139529,0.864158,0.532943,0.706089,,,0.0255933 -0.0165464 -0.00260971 0.0326276 0.0315371 -0.00438966 -0.00432775 -0.0152696 -0.0170605 0.0180086 0.0245325 0.00959198 0.0982103 -0.00367594 0.0725062 0.355303 -0.0158431 0.108868 -0.00370661 -0.00607105 0.134251 0.119542 -0.00586645 0.17747 0.369122 -0.00529364 -0.00143949 0.0591781 0.0043651 0.0236444 0.0242434 0.0190721 -0.0076608 0.292882 -0.0221951 0.0188912 0.010825 0.00673229 -0.0122522,800,0,cuda,17.34,20.74
test,3434,staffordshire_bull_terrier_69,staffordshire_bull_terrier,dog,correct,staffordshire_bull_terrier,lime,34,0.986609,40,0.486727,0.749345,0.262618,0.337447,0.822494,0.523345,0.759338,,,0.0777326 0.20287 -0.00866196 0.0385659 -0.0645844 0.0339769 -0.019168 0.0617096 0.194799 0.0279491 0.02074 0.175494 0.290631 0.011442 0.0465309 0.0539874 0.0425147 0.13268 0.0758861 0.0064485 0.0485325 0.167889 0.0107388 -0.0219348 -0.026179 0.0127956 0.0788849 0.011338 0.0219886 0.0262357 0.0230188 0.0397658 0.0208382 -0.00289792 0.00851435 0.0454306 0.013343 0.0435411 0.010269 0.0386987,800,0,cuda,20.05,21.1
test,2276,newfoundland_96,newfoundland,dog,correct,newfoundland,lime,22,0.999206,35,0.659399,0.960992,0.301593,0.321206,0.770631,0.361126,0.670625,,,0.0263028 0.0512581 0.0215193 -0.0475203 -0.0228176 0.0616613 0.0641356 0.104412 0.0153468 -0.04358 0.141357 0.187966 0.0567047 0.0559236 0.0437559 0.147333 0.0237644 0.0377576 -0.00730359 0.00054584 0.137071 -0.00340736 0.0372013 0.0192082 0.00766512 0.0581088 0.0193732 0.110965 0.0030389 0.006056 0.0173781 -0.019062 0.0504941 0.000903951 0.00380541,800,0,cuda,25.79,27.44
test,3623,yorkshire_terrier_59,yorkshire_terrier,dog,correct,yorkshire_terrier,lime,36,0.998821,38,0.957809,1.0,0.042191,0.536529,0.946334,0.13905,0.248098,,,-0.00231065 0.00983519 0.00517427 0.027294 -0.00169681 0.00661638 -0.000955269 0.0141563 -0.00663255 0.0148173 0.00607787 -0.00934542 0.0232458 0.0432722 0.0119182 0.00525042 0.0129998 0.033575 0.033751 0.007247 -0.00305124 0.00938001 0.00687798 0.000209328 0.0369436 0.0199937 -0.00266807 0.0388043 0.000914661 -0.00587345 0.00705525 0.00220363 0.00705075 0.00320562 2.56446e-05 -0.0141625 0.0011647 0.00380259,800,0,cuda,40.49,43.64
test,417,beagle_27,beagle,dog,correct,beagle,lime,4,0.999517,34,0.252292,0.516989,0.264697,0.073146,0.979475,0.089725,0.900531,,,-0.00173593 -0.0134997 -0.023286 -0.0211873 -0.0209799 -0.00581798 -0.0251289 -0.00483505 -0.013252 -0.00455716 -0.00753952 0.00577986 0.014987 0.0452238 0.0785654 0.013153 0.0193849 0.0250853 0.0378874 0.0395981 0.808953 0.0220539 0.037136 -0.017681 0.105365 0.0134027 0.00677099 0.0155596 -0.0101215 -0.0358157 -0.00188144 0.00239003 -0.0152597 -0.026997,800,0,cuda,16.54,22.31
test,742,Bombay_57,Bombay,cat,correct,Bombay,lime,7,0.999719,41,0.409698,0.824341,0.414643,0.35559,0.944385,0.31474,0.623682,,,-0.013725 0.00098979 0.0633048 0.0824021 0.0321718 -0.0110808 0.0119797 0.0745512 -0.00552421 0.15613 0.0212001 -0.00855501 0.0115097 -0.00782274 0.0763932 -0.00807184 0.0736205 0.00719218 0.198826 -0.0145654 -0.00853626 0.000391341 -0.0113199 0.0514124 0.066211 0.0100117 0.026145 0.0283336 -0.0040672 0.0112962 -5.35875e-05 -0.0152173 -0.002676 0.00992847 -2.63232e-05 0.00921297 0.00156768 0.00419065 -0.00830884 -0.00317858 0.000897104,800,0,cuda,27.4,33.03
test,2127,miniature_pinscher_51,miniature_pinscher,dog,correct,miniature_pinscher,lime,21,0.920251,31,0.133829,0.529156,0.395327,0.033228,0.958088,0.016036,0.96557,,,-0.00431704 0.00408206 -0.00776036 -0.0284561 0.00348712 -0.00777954 -0.0115515 -0.00969359 -0.0108415 -0.00251308 0.818945 0.00490872 0.00139299 -0.0114891 -0.0145591 -0.00826621 0.0213206 -0.0104273 -0.00662969 -0.0276017 -0.0275938 -0.00844012 0.0111637 0.074468 -0.000542938 0.0365902 0.0188388 0.0172591 0.0483447 -0.00284132 -0.00102099,800,0,cuda,37.65,38.24
test,1214,english_cocker_spaniel_39,english_cocker_spaniel,dog,correct,english_cocker_spaniel,lime,12,0.999928,40,0.605389,0.993245,0.387855,0.162,0.795517,0.566977,0.697857,,,0.0262157 0.0149701 -0.0117162 -0.00893777 0.0166083 0.0408458 0.00866346 -0.022773 0.0301719 0.0218629 -4.98846e-05 0.304393 0.00361601 0.0512836 0.0421547 0.047305 0.0455243 0.118838 0.0112559 0.328372 0.134125 0.0585083 0.335482 0.125524 -0.00206197 0.0896359 0.036165 -0.014583 0.135507 0.0566384 0.144588 0.00792224 0.0286157 -0.00321897 -0.0072684 0.00653166 -0.00506933 0.0214464 -0.0155826 0.012585,800,0,cuda,23.34,26.02
test,492,beagle_95,beagle,dog,correct,beagle,lime,4,0.999152,48,0.121692,0.527677,0.405986,0.035664,0.96795,0.067634,0.783079,,,-0.00133171 -0.0457763 -0.00351532 -0.0100585 -0.0172709 0.000836297 -0.0170772 -0.00133623 -0.0198491 0.0181182 0.0134292 0.00966235 0.00101094 -0.0286261 -0.00773418 0.0164788 0.0229845 0.59827 -0.00748525 -0.00251118 0.00594269 -0.0221125 0.303508 -0.000580836 -0.0090797 0.00929844 0.216257 0.0354681 -0.0226544 -0.0065801 0.0190348 0.0372179 0.0137658 0.0085054 -0.0369351 0.0304049 0.0250642 -0.00122261 0.00651893 -0.00202306 0.00795479 0.0192241 -0.0123231 -0.0214513 0.00928656 -0.0136673 0.00631096 -0.03171,800,0,cuda,25.8,27.01
test,1909,leonberger_35,leonberger,dog,correct,leonberger,lime,19,0.999924,40,0.86635,0.99837,0.13202,0.377955,0.868583,0.21823,0.362373,,,0.00607055 -0.00780278 -0.0100581 0.00576795 -0.0140423 0.0361519 0.0984489 0.0107218 0.0533722 -0.0101496 0.0117363 0.0521643 -0.00158211 0.118851 -0.0134481 0.110127 0.00965442 -0.00258159 -0.00561581 0.00873288 0.0426232 0.0216723 -0.0200845 0.0138452 -0.0109581 0.00960053 0.00709663 0.00812321 0.0232882 0.0196521 0.000139764 0.00554654 0.0158731 -0.0112171 0.00917129 0.013045 -0.00145632 -0.0051712 0.0060759 0.0159742,800,0,cuda,24.1,26.96
test,1169,Egyptian_Mau_89,Egyptian_Mau,cat,correct,Egyptian_Mau,lime,11,0.997925,28,0.385623,0.706002,0.320379,0.239447,0.908269,0.253632,0.682437,,,-0.0076492 0.00887111 0.00456664 0.00371546 -0.0195304 -0.00199064 0.023985 0.0479312 0.0446996 0.188441 0.059034 -0.00798435 0.110225 0.169436 -0.0068243 0.267297 0.0501791 0.0164691 -0.0139264 0.0821802 0.00711086 -0.031667 0.0134719 -0.0460886 0.0829965 0.00582589 0.0187068 0.00434413,800,0,cuda,43.75,46.15
test,2608,Ragdoll_265,Ragdoll,cat,correct,Ragdoll,lime,26,0.989652,29,0.773218,0.993664,0.220446,0.087403,0.777908,0.146476,0.691766,,,0.0360703 0.0125595 0.0405246 -0.0111917 0.00307427 0.0139134 -0.0110654 0.109023 -0.0134746 0.0226459 -0.0411591 0.0343016 -0.0292057 0.344774 0.141313 0.00559565 0.129836 -0.00473007 0.00402421 0.0127471 0.19188 -0.0508296 0.0949939 0.0229378 0.0196084 -0.00674762 0.0393835 0.0591359 0.0336974,800,0,cuda,25.55,28.99
test,1342,english_setter_64,english_setter,dog,correct,english_setter,lime,13,0.999145,44,0.252989,0.77308,0.52009,0.138731,0.912506,0.354002,0.842135,,,-0.0190206 0.00851628 0.0136617 0.0216325 0.00334981 0.00993979 0.656151 0.0165286 0.0670036 0.101051 -0.000141071 0.111399 0.0132821 0.168247 0.176951 0.00459531 -0.00964164 0.179142 0.0236962 0.0643841 0.0475294 0.0111598 0.0754903 0.00636522 0.0164508 0.0085405 0.0449404 0.0192656 -0.00197059 -0.017466 -0.023405 0.00961891 0.00692823 -0.0303139 0.0294589 0.00387705 -0.0144935 9.06732e-05 0.00524694 0.0195894 -0.00655419 -0.0369207 -0.0076793 -0.000634312,800,0,cuda,15.17,16.48
test,824,boxer_44,boxer,dog,correct,boxer,lime,8,0.99583,42,0.777543,0.998708,0.221165,0.254974,0.948936,0.329346,0.615086,,,0.026975 0.0184614 -0.0154514 -0.0169491 0.00352083 0.0326151 -0.0309915 -0.00951054 0.0173536 0.0672597 0.000948793 0.0439145 0.0216247 0.10101 0.0194566 0.109254 0.0262556 -0.0104568 0.0177849 0.208125 0.0143759 0.0618973 0.149194 -0.00409876 0.0303279 0.011696 -0.00605033 0.0135164 0.0359879 0.0390228 -0.0182957 0.0579287 -0.0039876 0.00860672 -0.0062179 0.0094636 -0.0157885 0.0636288 -0.00301713 -0.00112536 -0.0255148 -0.014186,800,0,cuda,19.93,23.78
test,3033,scottish_terrier_58,scottish_terrier,dog,correct,scottish_terrier,lime,30,0.96047,46,0.435208,0.94967,0.514462,0.101889,0.887861,0.030964,0.606201,,,0.0339342 -0.00227063 0.0117772 0.0459853 0.0744691 0.102733 0.00679324 0.00947468 0.0354619 0.0801089 0.0338592 -0.0153415 0.0326719 0.201467 0.0195978 -0.00718869 -0.0198616 0.290517 -0.00258026 -0.0461534 -0.0166393 0.250733 0.000914066 0.0199933 -0.0120912 0.0139065 -0.0295472 0.1664 0.0425449 0.0416958 -0.0191388 0.059365 -0.0854954 -0.00362962 -0.025397 0.0298893 -0.0274835 0.0352027 -0.00901628 0.00881793 -0.0180485 -0.0173716 0.0058027 0.0364978 -0.00672619 -0.0442247,800,0,cuda,25.0,27.42
test,2921,samoyed_46,samoyed,dog,correct,samoyed,lime,29,0.995629,35,0.693758,0.992916,0.299159,0.331827,0.936612,0.515704,0.687432,,,-0.0423072 0.00247859 -0.021246 -0.000925144 0.0304048 0.0773068 0.0437497 0.000285035 -0.0392502 0.0538452 0.0270381 0.0051113 0.112584 0.350698 0.0704256 0.11301 0.374837 0.0994295 0.127626 0.0407352 0.0620594 0.0071878 0.14953 0.0330955 0.0619562 0.13276 0.0320767 0.0109905 0.0303649 0.039726 0.0502624 -0.0377474 -0.0226365 0.0185051 -0.0169844,800,0,cuda,36.27,39.03
test,1481,german_shorthaired_9,german_shorthaired,dog,correct,german_shorthaired,lime,14,0.99967,43,0.525291,0.964379,0.439088,0.288904,0.900229,0.296211,0.52295,,,0.0315953 0.00339753 0.0473145 0.0370606 0.0682798 0.0104442 0.0920698 0.00129173 0.000501534 0.137076 0.039138 0.00560133 0.0343016 0.00458733 0.0234674 -0.0117471 0.0213923 -0.0221094 0.0682467 -0.00874785 0.0401831 0.00239336 0.0551164 0.105743 -0.00438247 -0.0106802 -0.0027057 0.0129853 0.00875455 0.00573219 0.0249946 6.92881e-05 -0.00876964 0.0122263 -0.00641576 0.0104485 0.00341483 -0.00627777 -0.00114626 0.00996526 0.00412031 0.0127093 -0.00430887,800,0,cuda,41.89,47.02
test,3478,wheaten_terrier_19,wheaten_terrier,dog,correct,wheaten_terrier,lime,35,0.999866,42,0.412408,0.964554,0.552146,0.113166,0.932809,0.253133,0.806699,,,0.021191 -0.0101161 0.00367168 0.0189993 0.00395089 0.01059 0.00187119 -0.018015 0.133743 -0.00523172 0.00983999 0.0500228 0.00220472 0.30144 0.0156608 0.107718 0.0135045 -0.0105346 0.00577382 0.55268 -0.0100975 -0.0139426 0.0116004 0.0203157 0.035172 -0.00933617 -0.0153159 0.021861 0.103926 0.117152 -0.00894274 0.00527277 -0.0168075 0.041391 0.0211239 -0.0171646 0.0593725 -0.00130619 -0.0228611 0.0209839 -0.00589182 0.0263409,800,0,cuda,15.94,19.64
test,3469,wheaten_terrier_191,wheaten_terrier,dog,correct,wheaten_terrier,lime,35,0.999155,41,0.574777,0.687431,0.112654,0.490949,0.838766,0.374681,0.50079,,,0.0278764 -0.000243288 0.0210418 0.0211463 0.0234175 0.021458 0.0618037 0.00561441 0.0312021 0.0159538 0.00261091 0.0215365 0.00383552 0.00999184 0.0651684 0.00290039 0.0908813 0.0810441 0.00632621 0.000329701 0.0118332 -0.00428251 -0.0115983 0.0992789 0.0574485 0.0178506 0.025769 0.0125542 0.0716086 0.000579141 0.0289208 0.0272365 0.0310382 0.0383349 0.0126531 0.000804016 0.00111193 0.0101345 0.013163 0.0103997 0.00932305,800,0,cuda,32.84,38.07
test,3261,Siamese_82,Siamese,cat,correct,Siamese,lime,32,0.993375,34,0.606645,0.981074,0.37443,0.204395,0.848861,0.47827,0.732384,,,0.00188712 0.0317093 -0.0172591 0.0513245 -0.00901067 0.0346109 0.0103856 0.0179336 0.103395 -0.0108447 0.0701522 -0.00394213 0.029476 0.206285 0.161145 -0.00810103 0.0465298 -0.0314244 0.401439 0.0872486 0.0429117 0.109889 0.131287 0.0247877 0.0314769 0.0373437 0.0118366 0.019034 0.0341599 0.0104897 0.0375583 0.166394 0.0223926 0.066065,800,0,cuda,30.85,33.72
test,3179,shiba_inu_9,shiba_inu,dog,correct,shiba_inu,lime,31,0.993421,40,0.235551,0.928204,0.692654,0.06419,0.935793,0.061982,0.975942,,,-0.00264038 0.00633389 -0.00458985 -0.00420829 -0.00201673 -0.00433119 0.00259591 -0.00269896 0.00506182 0.0132008 -0.0131533 -0.00303561 0.822331 0.00915929 0.0130376 -0.0088673 0.0483945 0.00625497 0.00244677 0.0769046 0.014001 -0.00762507 0.00358317 -0.0220467 0.00494014 0.0486753 -0.00617127 0.0071831 -0.00796412 0.000445336 -0.00192332 -0.0055771 -0.000671045 0.0414334 0.00175073 0.0126834 0.000421689 0.0142385 0.00478387 -0.00208044,800,0,cuda,31.34,35.63
test,1024,chihuahua_45,chihuahua,dog,correct,chihuahua,lime,10,0.994478,36,0.339086,0.873487,0.5344,0.055594,0.913051,0.069008,0.78961,,,0.00318993 0.00262802 0.0211615 0.0243865 -0.028512 -0.0215332 0.00513158 0.062602 0.00659564 0.0136196 0.0298817 -0.0151044 0.00347365 -0.00267298 0.0448139 0.406832 0.488646 -0.00754897 0.0290365 -0.0398944 -0.00448972 0.124529 0.245315 0.0293136 -0.0171211 -0.000913676 -0.0322539 0.0237047 -0.0148293 0.000163101 -0.00481805 0.0070944 -0.0148867 0.000501835 0.0145224 0.0137527,800,0,cuda,18.12,19.27
test,2461,pomeranian_82,pomeranian,dog,correct,pomeranian,lime,24,0.997324,45,0.723254,0.99459,0.271336,0.173557,0.904695,0.359119,0.717995,,,0.0295276 -0.018319 0.0195264 0.024831 0.00207609 0.218836 0.0213422 -0.00608668 -0.0265878 -0.0126205 0.0012567 -0.0107587 0.00559357 0.0125342 -0.029833 0.166712 -0.0137769 -0.00634837 0.00224164 -0.0200573 0.00411058 0.223195 0.394382 -0.0150233 -0.0093497 0.00678339 0.223374 -0.0245832 -0.0136674 0.0044853 -0.00161268 -0.00947236 0.0652131 0.139955 -0.00496003 -0.00649292 -0.0050773 -0.0230361 0.0104222 -0.00591688 0.000366671 -0.0055362 0.0129893 0.0126408 0.00199727,800,0,cuda,21.92,22.83
test,592,Bengal_95,Bengal,cat,correct,Bengal,lime,5,0.999732,41,0.500957,0.851756,0.3508,0.418878,0.962961,0.154955,0.311035,,,0.00367929 0.0247799 0.0142008 0.00295398 0.0119774 0.0253861 0.00527834 0.00184687 0.0104394 0.028285 0.00143558 0.0160433 0.00601651 0.0125634 -0.00549352 0.0264044 0.000783942 0.0531174 0.00125412 -0.0064983 0.0056868 0.00248955 -0.017125 0.00631013 0.0150731 -0.00121324 -0.00189818 0.0542728 -0.00643569 0.0036404 -0.0152467 0.0125037 0.0394301 0.00537694 0.0180056 -0.00306319 0.0279841 -0.00404277 0.016778 -0.00253044 0.019718,800,0,cuda,32.54,35.01
test,3594,yorkshire_terrier_32,yorkshire_terrier,dog,correct,yorkshire_terrier,lime,36,0.996335,39,0.342734,0.897105,0.554372,0.101661,0.931247,0.220922,0.77834,,,-0.00395839 0.0797094 0.042763 0.0275035 0.0147286 0.0275489 0.0468432 0.315992 0.136625 -0.0602469 -0.0226889 0.0325805 0.351423 -0.0281281 -0.00518317 0.0698111 0.386221 -0.0133709 -0.0175004 -0.00342988 -0.02712 0.0347855 0.00747344 -0.0187179 0.108297 -0.0481801 -0.0221328 -0.00445543 -0.0199894 0.0198289 -0.00594423 -0.0113301 -0.0338515 -0.00550317 -0.0148732 0.0161857 0.00108334 -0.00860292 0.012649,800,0,cuda,23.33,24.74
test,3412,staffordshire_bull_terrier_49,staffordshire_bull_terrier,dog,correct,staffordshire_bull_terrier,lime,2,0.624498,39,0.375598,0.516329,0.140731,0.064897,0.684368,0.249513,0.539382,,,0.0534689 0.0875427 0.0401512 0.069355 -0.0103023 0.058923 0.0963138 0.0598234 0.153247 0.0861208 0.0349352 -0.00819435 0.0179545 0.155014 0.0455485 0.11388 0.0158734 0.01789 -0.0219723 0.0154778 -0.0400599 0.0564862 0.0364536 0.0178262 0.0214671 -0.00971287 0.0183934 0.00782374 -0.00670109 -0.0145817 0.00862502 0.00496767 -0.00826632 -0.0159759 -0.00696906 0.00792663 -0.0426424 0.0121779 0.0226428,800,0,cuda,31.5,36.88
test,3313,Sphynx_252,Sphynx,cat,correct,Sphynx,lime,33,0.999916,31,0.489716,0.98657,0.496853,0.327242,0.868886,0.455572,0.655067,,,0.0310587 -0.0211349 0.0840384 0.108249 -0.000222146 0.0494001 0.0465851 0.0557656 0.0156171 0.0712279 0.1058 -0.00212016 0.028832 0.0198064 0.017679 0.0153613 0.187169 0.0130411 0.123468 0.0464182 0.209733 -0.01515 0.0462329 -0.000507049 -0.0150568 -0.0119698 0.0387045 0.00389244 0.0118909 0.184749 0.000945359,800,0,cuda,29.79,33.57
test,2508,pug_33,pug,dog,correct,pug,lime,25,0.999363,43,0.390565,0.855927,0.465361,0.073712,0.969737,0.135272,0.954548,,,-0.00212581 0.0117169 0.0604018 -0.00525607 -0.0015348 0.000940771 0.00497537 0.00891872 0.875184 0.0977242 0.0586166 -0.0029199 0.00404503 0.0388133 -0.0144107 0.0018117 0.0405528 0.00574546 0.00236871 0.00678347 0.00550557 0.00368615 0.00893757 0.0443651 0.000216995 -0.00678562 0.0155939 -0.00566402 0.00199745 -0.00605713 0.000244464 -0.00879445 -0.00597431 -0.017778 -0.00989952 0.00496774 -0.00289181 0.010966 -0.000204772 -0.0062669 -0.0109048 -0.00791581 0.00119201,800,0,cuda,32.99,37.64
test,1797,keeshond_23,keeshond,dog,correct,keeshond,lime,18,0.999717,37,0.934969,0.971334,0.036365,0.531179,0.901558,0.158814,0.307987,,,-0.000517523 0.00346423 0.0177051 0.000550768 -0.00328792 0.0162317 -0.000378383 0.00553718 0.00429159 0.0607468 -0.00416136 0.0231346 0.00379581 0.00647619 -0.00540349 0.0387488 -0.00062395 0.00924322 0.035868 0.0165679 0.0355824 -0.00540404 0.0156786 0.0299989 -0.00510556 0.0119921 0.00716181 0.00351608 -0.00098644 0.00737616 0.0170638 0.0308536 0.0151414 0.000491394 0.00731066 0.00574222 -0.00663064,800,0,cuda,21.52,24.84
test,3494,wheaten_terrier_32,wheaten_terrier,dog,correct,wheaten_terrier,lime,35,0.996515,40,0.104193,0.548012,0.443819,0.096061,0.839078,0.048151,0.710022,,,0.0119277 0.0146018 0.0543325 0.0466314 0.0974944 -0.00367243 0.0512166 0.393398 -0.00164841 0.120291 -0.0279338 0.0192956 0.0199108 0.0685863 0.0242692 0.0338391 0.0148761 0.000246264 -0.0181528 0.0790468 0.0409856 0.1327 0.000886777 0.0150437 -0.0181859 0.125463 -0.0088937 -0.00158924 0.0789113 0.00967444 0.00803217 -0.00716416 -0.0176608 -0.00978627 0.00293706 0.0096717 0.0249583 0.0179188 -0.0220771 -0.0114068,800,0,cuda,24.97,26.12
test,127,american_bulldog_34,american_bulldog,dog,correct,american_bulldog,lime,1,0.999717,43,0.580178,0.97694,0.396762,0.194543,0.898941,0.41069,0.784187,,,0.15344 0.0242687 0.00355326 0.282252 0.00788132 0.0559798 0.0684537 0.233557 0.156568 -1.64214e-06 0.238843 -0.00327616 0.0247108 -0.00332169 0.314661 -0.0148264 0.0249502 0.0610737 -0.0235381 0.00652421 0.00819545 0.0940584 -0.0150389 0.00746549 0.0244216 -0.0127007 0.006484 -0.0237439 -0.0574025 0.000557125 0.00692959 -0.0390097 -0.00523458 0.0211246 0.0459924 -0.0033871 -0.000232515 -0.012152 0.00856483 -0.00359542 0.00283315 0.0164829 -0.0247829,800,0,cuda,24.97,27.78
test,3109,shiba_inu_36,shiba_inu,dog,correct,shiba_inu,lime,31,0.999734,39,0.678332,0.990115,0.311783,0.234502,0.903932,0.507793,0.620741,,,0.0247394 -0.00427003 0.00569561 -0.0213009 -0.043464 0.00486555 -0.0185812 -0.0285853 0.02491 0.00924841 0.0226074 -0.0108435 0.0723521 0.0670171 0.100073 0.011881 0.26335 -0.0139927 0.220603 0.00261238 0.138501 0.152994 -0.0224852 0.161864 0.132456 -0.00308354 0.0241065 0.0343989 0.00122841 0.081996 -0.0208683 0.0139779 0.00421099 0.0273667 0.0774361 0.0137546 -0.0113092 -0.014083 0.000925217,800,0,cuda,22.18,24.02
test,2437,pomeranian_60,pomeranian,dog,correct,pomeranian,lime,24,0.976719,40,0.24705,0.932879,0.685829,0.071444,0.902125,0.177496,0.815068,,,-0.00800814 -0.00531538 0.00410289 -0.0195698 -0.0144656 0.0235551 0.00161675 0.0599916 0.0350787 -0.0214437 -0.00545775 0.0115297 0.00520856 0.228766 0.463499 0.00839486 0.0129647 -0.00481426 0.00251016 -0.00786912 0.287513 -0.0107609 0.165016 0.00922403 0.11266 0.0046623 0.0335365 -0.0355847 0.133872 0.0424609 0.00491115 0.00586765 0.0281808 -0.0210431 0.0495253 -0.00645297 -0.0140283 0.0220471 -0.00611881 -0.010224,800,0,cuda,32.23,33.6
test,403,beagle_19,beagle,dog,correct,beagle,lime,4,0.999941,31,0.346162,0.985266,0.639104,0.201952,0.941692,0.335896,0.521421,,,-0.0084268 0.0854402 0.0268074 0.0554132 0.000885053 0.0285253 0.0120307 0.105724 0.00723989 0.208364 -0.0207444 -0.00598822 0.192711 0.162312 0.0122458 -0.0222669 -0.00644954 -0.0190371 0.0182826 0.116241 0.0396521 0.0447294 -0.0248812 0.0238717 -0.0268151 -0.0227736 -0.00744169 0.0120342 -0.00220412 0.000323608 -0.00338642,800,0,cuda,24.24,26.63
test,150,american_bulldog_56,american_bulldog,dog,correct,american_bulldog,lime,1,0.995871,42,0.752292,0.993488,0.241196,0.219858,0.908086,0.563474,0.678268,,,0.0235037 -0.0168032 0.0285905 0.0336625 -0.0411536 0.0113611 -0.002975 0.0559716 0.0245168 -0.0171181 0.00307687 0.0851939 0.00552092 0.0833715 0.0139792 -0.0245856 0.115258 0.0468803 0.100471 0.258188 0.0917779 0.0114732 0.0339634 0.28222 -0.0213168 0.014367 0.125487 0.0378481 0.118543 0.00359004 -0.0126424 0.0554143 0.00167167 0.0049992 0.0369992 0.00494387 0.0213815 -0.000748627 0.00393532 0.0237325 0.0190171 -0.00373829,800,0,cuda,26.61,28.83
test,3536,wheaten_terrier_70,wheaten_terrier,dog,correct,wheaten_terrier,lime,35,0.881126,34,0.248485,0.569719,0.321234,0.143665,0.792396,0.052558,0.674003,,,0.00526481 -0.0093714 -0.000854172 0.0222665 -0.00146933 0.0147708 0.00305426 0.0303747 0.0197159 -0.0122963 0.0372513 -0.0284349 0.0235974 -0.0078 0.00572724 0.00866788 0.317725 0.00952041 -0.0077133 -0.0139708 0.111358 -0.0115704 -0.00785686 0.0181135 0.0891367 0.0125744 0.328369 -0.000503388 -0.00853773 0.0788121 0.0319392 0.0127027 0.000380073 0.00724124,800,0,cuda,31.64,34.45
test,2394,pomeranian_21,pomeranian,dog,correct,pomeranian,lime,24,0.998197,36,0.30672,0.800338,0.493617,0.089942,0.956771,0.150475,0.901199,,,0.00477808 -0.0164235 -0.0117016 0.0156588 0.027279 0.0203109 -0.00701651 0.00328747 -0.0109058 0.00138946 -0.00900214 0.00709049 0.0547246 0.0106845 0.0770107 0.0342587 0.0111104 0.0161841 0.00497287 0.0934899 -0.0135863 0.0195711 0.865689 0.050938 -0.00515372 -0.015424 -0.0116433 -0.00732233 -0.00966167 -0.00548019 -0.00854639 0.00609057 -0.0044623 0.00310369 0.0103955 0.0109274,800,0,cuda,35.19,38.22
test,1437,german_shorthaired_5,german_shorthaired,dog,correct,german_shorthaired,lime,14,0.971083,34,0.088648,0.175569,0.086921,0.174453,0.876844,0.167201,0.856016,,,0.0231412 0.00267458 0.00789523 -0.000304639 -0.0107145 0.0194562 -0.014861 0.154724 0.015665 0.24673 -0.0164388 0.00961303 -0.00486789 0.0234493 0.00877549 0.0072962 -0.00470148 0.605556 0.0641106 0.0101138 -0.00122475 0.00219203 0.0185461 -0.00246238 0.00494296 0.0129656 -0.00516637 0.0223362 -0.00471912 -0.00536869 0.00553303 -0.0087229 -0.0137062 0.00779643,800,0,cuda,19.54,20.64
test,1629,havanese_52,havanese,dog,correct,havanese,lime,16,0.618882,37,0.81529,0.964867,0.149577,0.191413,0.616179,0.247739,0.645645,,,0.00122657 0.108865 0.0418256 0.0342622 0.0123102 0.272956 0.0596668 0.019004 0.00872712 -0.0244521 0.0278165 0.0406602 0.0413167 -0.0162593 0.0909906 0.045352 -0.0158436 0.00852523 0.081028 0.0256676 0.0743086 0.0527792 -0.0182749 0.0880994 0.0560798 -0.00346722 0.00462749 0.047779 0.0133242 0.00847881 -0.00373555 0.000506814 0.00225202 0.00635957 0.0118145 -0.00159858 0.0128673,800,0,cuda,19.19,22.25
test,2976,samoyed_96,samoyed,dog,correct,samoyed,lime,29,0.99976,33,0.583307,0.992504,0.409198,0.265786,0.893845,0.339979,0.492276,,,-0.0124029 -0.00173443 0.0120416 -0.00351998 -0.00305461 0.0134069 0.0168906 0.00434562 -0.0016049 -0.00595724 0.0121843 0.20177 0.032163 0.0734002 0.0044475 0.0172324 0.013587 0.044113 0.172224 0.0669538 0.0428061 0.0146119 0.012306 0.037873 0.0395089 0.0041223 0.151179 -0.00250839 -0.0111942 0.0177965 0.0063412 0.00746128 -0.00608731,800,0,cuda,21.6,22.17
test,2442,pomeranian_65,pomeranian,dog,correct,pomeranian,lime,24,0.996766,39,0.286472,0.988896,0.702425,0.045036,0.951229,0.128789,0.80917,,,0.00466961 -0.0155687 0.0152186 -0.00824404 0.0121385 -0.00150672 -0.00421499 -0.0201481 0.0129415 -0.0168549 0.0148876 0.00100623 0.0105694 -0.00236635 0.0721793 -0.0107444 -0.0193673 0.0750258 0.0283564 -0.0230945 -0.00231159 -0.0126499 0.561834 0.000964568 0.0383118 0.0478594 0.268411 0.0520224 0.367266 0.0128226 0.000920858 -0.00972454 0.00312697 -0.0131527 0.00757362 0.0112851 -0.00196216 -0.00660501 0.0371606,800,0,cuda,24.75,26.15
test,62,Abyssinian_67,Abyssinian,cat,correct,Abyssinian,lime,0,0.990636,37,0.462592,0.834147,0.371555,0.228065,0.851977,0.283953,0.672724,,,-0.00384187 -0.010146 0.0713168 0.114881 -0.0113378 -0.00877815 0.0147541 0.00405524 0.0277049 -0.0094359 0.108995 0.000933482 0.00255512 0.00726823 0.0245297 -0.00891755 0.26352 0.00588632 -0.00152656 0.0695207 -0.00354371 0.0874083 0.0718698 0.0242102 0.0394063 -0.0210898 0.0609632 -0.0662013 0.245033 -0.00520642 0.00638997 0.0211839 0.0175445 -0.021905 -0.0156561 -0.0162079 0.00454214,800,0,cuda,36.34,39.46
test,2336,Persian_55,Persian,cat,correct,Persian,lime,23,0.999821,45,0.71301,0.955099,0.242089,0.178522,0.899806,0.477643,0.705594,,,-0.00206091 0.0216869 0.0807051 0.018391 0.19466 0.368698 0.267934 -0.0190348 0.00045741 0.00990292 0.0581307 -0.0131452 -0.0104564 -0.000935789 0.00127838 0.137012 0.308703 0.166312 -0.0255193 0.00658148 -0.00164792 0.00903667 -0.0138275 0.0166162 -0.0140967 -0.0269464 0.0216176 0.00552594 0.018766 -0.00271381 -0.018721 -0.00195045 -0.00922412 0.00315276 0.00199401 -0.0277683 0.0304413 0.0126416 0.030024 -0.0254933 0.0302666 -0.00971744 -0.000419192 0.00661782 -0.0117765,800,0,cuda,25.76,26.39
test,2256,newfoundland_78,newfoundland,dog,correct,newfoundland,lime,22,0.999445,38,0.6762,0.868757,0.192557,0.205285,0.754507,0.482778,0.657066,,,0.0450798 0.0610936 -0.0288626 0.0321222 0.0212603 0.219918 0.00728541 -0.00145771 0.0445996 0.0725904 -0.00354023 0.139062 -0.000355378 -0.000245033 0.00306214 0.103166 0.0330417 0.0207646 0.215387 -0.00781108 0.23435 -0.0197886 0.149479 0.102586 0.012302 0.0698437 0.0265549 0.188464 0.000327466 0.0303793 0.0442575 0.0129086 -0.0182295 0.16613 0.017994 0.119294 0.00895699 0.0310439,800,0,cuda,39.93,41.23
test,2544,pug_66,pug,dog,correct,pug,lime,25,0.999914,37,0.402324,0.986759,0.584436,0.113905,0.937447,0.382539,0.804033,,,0.0376385 0.0119302 -0.0180651 -0.0236561 0.0246824 0.0290256 0.00289102 -0.0167266 -0.027447 -0.0101108 0.00282045 0.123224 -0.0020116 0.154504 -0.00907879 0.053591 0.167261 0.611873 -0.00987781 0.00848951 0.0215052 0.121961 0.0105571 0.151354 0.109617 0.0176427 -0.0229847 0.0377555 -0.0216965 -0.0106835 -0.00767276 -0.00765252 -0.0121949 0.00260166 0.0101912 0.00782934 0.00263011,800,0,cuda,27.67,30.34
test,2400,pomeranian_27,pomeranian,dog,correct,pomeranian,lime,24,0.991767,38,0.325494,0.529384,0.20389,0.145086,0.906577,0.084953,0.682629,,,0.00302431 -0.0458496 0.0886897 -0.00200581 -0.00142372 -0.00596507 -0.0121667 -0.0203503 -0.0225303 -0.00399734 0.0119312 0.0294154 0.00970208 0.481324 0.111579 0.0409734 0.0124882 0.00945239 0.141546 0.00357148 -0.00721727 0.0345567 0.0739002 0.0160511 0.171236 -0.000788178 0.0133744 0.0183552 0.087904 -0.00483809 0.0114022 0.0126476 0.0525042 -0.0316414 0.0401673 -0.0178985 0.0297627 -0.026394,800,0,cuda,40.38,42.87
test,95,Abyssinian_98,Abyssinian,cat,correct,Abyssinian,lime,0,0.999783,39,0.701391,0.98185,0.280459,0.416207,0.871233,0.375789,0.520159,,,0.0145972 0.0218871 0.00726641 0.0192355 -0.00146607 0.0117029 0.0358869 0.00725708 0.0397411 0.0159191 0.023747 0.0311258 -0.00405915 0.00398448 0.003161 0.0762846 0.00378471 0.0747516 0.0563943 0.0144093 0.0229942 0.157726 -0.015074 0.126489 0.0114071 -0.00938816 0.0104259 0.0215416 0.0534937 0.112003 -0.00571757 0.0581306 0.0713851 0.0320601 0.014237 0.0133584 0.0184915 -0.00487407 0.0053848,800,0,cuda,16.83,18.28
test,959,British_Shorthair_72,British_Shorthair,cat,correct,British_Shorthair,lime,9,0.999711,34,0.519452,0.599816,0.080365,0.365612,0.865851,0.478834,0.760955,,,0.0273374 0.0138895 0.223951 0.0450335 0.0147546 -0.00254673 0.0152929 -0.0208209 -0.0533114 0.0355039 0.0439636 -0.0162003 0.466863 0.051923 0.152068 0.193699 -0.0142453 0.100339 0.0477972 0.0173737 0.0135883 0.0209821 0.0184957 0.00881159 0.013638 0.00634493 0.00565908 0.0381906 0.00131921 0.0827234 0.0209094 0.0238291 0.0229963 0.0426277,800,0,cuda,20.69,23.02
test,2191,newfoundland_1,newfoundland,dog,correct,newfoundland,lime,22,0.999632,34,0.961037,0.996107,0.03507,0.247709,0.787121,0.55065,0.660951,,,0.0318853 0.108738 0.0556559 0.00606383 0.0398294 -0.0004503 0.037916 0.105672 0.052393 0.0444407 0.192152 0.113765 0.0473194 0.246429 0.0403617 0.0901973 0.0267172 0.0593958 0.0449596 0.197459 0.0598801 0.0262794 0.00769993 0.00518395 0.11591 0.176089 -0.00517232 0.0140543 0.0243799 -0.0133683 -0.0100979 0.0650609 -0.0109843 -0.00460052,800,0,cuda,23.93,29.19
test,3129,shiba_inu_54,shiba_inu,dog,correct,shiba_inu,lime,31,0.998507,38,0.437819,0.674129,0.23631,0.094358,0.895834,0.09733,0.735215,,,0.021754 0.0213143 -0.0352812 0.0452101 0.0196549 0.00714948 0.0639399 0.443192 0.00902039 0.0184758 -0.023891 -0.00311984 -0.0131921 0.0297474 0.0942755 -0.00389995 0.00326193 0.388302 0.0379065 0.0080558 0.0185704 0.11079 0.0202757 -0.0020088 0.0107845 -0.00753221 -0.00164429 0.0171603 -0.0159404 -0.0153503 0.0016253 0.00440912 -0.0195677 0.0101082 -0.0171747 -0.00410982 -0.00588496 -8.59643e-05,800,0,cuda,25.17,29.42
test,1576,great_pyrenees_95,great_pyrenees,dog,correct,great_pyrenees,lime,15,0.934647,40,0.350905,0.836948,0.486044,0.041107,0.903819,0.034769,0.706376,,,0.0652456 0.0831195 0.212825 0.00370201 -0.0551425 0.212901 -0.124874 0.249083 0.089711 0.212447 0.0607715 0.155684 0.0551569 0.0115717 -0.0510205 0.0112143 0.0135513 0.010006 0.00565767 0.0418995 0.0432294 0.0321591 -0.0305514 0.0112328 0.0135749 0.00792548 -0.00436345 0.0267597 0.0133984 0.00830275 -0.0132383 0.0110622 -0.00177849 -0.00242506 -0.00531632 0.00679234 0.024959 -0.000778469 -0.0170556 0.00826077,800,0,cuda,27.74,30.69
test,2896,samoyed_23,samoyed,dog,correct,samoyed,lime,29,0.995898,35,0.370715,0.985743,0.615028,0.167209,0.83903,0.337515,0.774083,,,-0.018013 0.00287365 0.00996128 0.021453 -0.0101761 -0.00668735 0.00644957 0.0164604 -0.0161584 -0.00549358 0.271446 0.150086 0.00360005 0.0254966 0.156233 -0.0077157 0.123444 0.181863 -0.00152681 0.0224036 0.566328 0.126775 -0.0445429 -0.00636911 0.00225939 -0.00142578 -0.0175047 0.0172468 -0.00380972 0.00419198 0.00391704 -0.0258554 0.00993655 -0.004678 -0.015501,800,0,cuda,26.94,27.62
test,2153,miniature_pinscher_75,miniature_pinscher,dog,correct,miniature_pinscher,lime,10,0.848923,31,0.584363,0.57475,-0.009613,0.041702,0.882179,0.295477,0.656648,,,0.0177373 0.0111988 -0.00725448 0.00523672 0.107894 0.205701 0.0849098 0.119289 0.0302814 0.249777 -0.000395375 0.086633 -0.00517286 0.0184489 0.0197944 -0.0636768 0.0208377 -0.0025493 0.00425747 -0.00583633 -0.0182361 -0.0218851 0.015968 -0.0123911 -0.0158288 -0.00245072 0.00165815 -0.00892569 0.0211484 -0.0415998 -0.00129185,800,0,cuda,22.67,25.7
test,236,american_pit_bull_terrier_42,american_pit_bull_terrier,dog,wrong,staffordshire_bull_terrier,lime,34,0.630614,34,0.56818,0.98754,0.41936,0.039107,0.695707,0.120192,0.63276,,,0.0255173 0.0122492 0.079131 0.150785 0.0153923 0.127914 -0.00138292 -0.0190651 -0.00910023 0.0615495 -0.0771415 0.0872641 0.0407265 0.13388 0.0245173 0.0524554 0.0162493 -0.0194395 -0.0576366 0.00139964 -0.00345347 0.00157574 0.285049 0.00389275 -0.00345092 0.0145062 0.0220532 0.0610663 0.00694778 0.00743125 0.0554798 -0.00047851 -0.0353997 -0.0079124,800,0,cuda,28.81,32.91
test,222,american_pit_bull_terrier_28,american_pit_bull_terrier,dog,wrong,american_bulldog,lime,1,0.984365,37,0.310407,0.982169,0.671761,0.134731,0.915105,0.399326,0.717986,,,0.00356268 0.0394674 -0.00108343 0.0182599 -0.000887504 -0.0095939 0.0192091 0.0132616 0.0198768 0.0174565 -0.00819371 0.00581244 0.0273227 0.394864 0.00586153 -0.0168657 0.0075937 0.0060244 0.316652 0.0297475 0.174707 0.0068639 0.137448 0.017501 0.0727334 0.00707323 0.0195047 0.0386491 -0.0258097 0.0426043 -0.00748483 -0.000225479 0.0257894 0.00967538 0.00370794 0.00832189 0.0128759,800,0,cuda,16.55,17.82
test,3435,staffordshire_bull_terrier_6,staffordshire_bull_terrier,dog,correct,staffordshire_bull_terrier,lime,34,0.942325,51,0.305963,0.797245,0.491282,0.092609,0.882957,0.609298,0.734695,,,0.00593361 -0.0144438 -0.011479 -0.00923753 0.05036 0.0508069 0.000715707 0.0242217 -0.00444054 0.0233946 -0.0315212 -0.0396337 0.038365 -0.0160766 0.0106546 0.0412511 0.220554 0.00475013 -0.0240244 0.446045 0.224024 0.00829265 0.0387593 -0.0118448 0.0761479 0.00356628 0.135815 0.115945 -0.00653046 0.0199249 0.0917147 0.146831 0.0102793 -0.0010546 0.0378686 -0.00914035 0.0104036 0.0120248 0.0139685 0.0153527 0.0271458 0.0600971 -0.00918436 0.0147337 0.00186991 0.0358353 -0.00861394 0.0181578 0.00131764 0.0209537 0.0112503,800,0,cuda,20.9,24.92
test,2393,pomeranian_20,pomeranian,dog,correct,pomeranian,lime,24,0.998948,37,0.711535,0.994402,0.282866,0.20534,0.885069,0.500618,0.72915,,,0.0181302 0.00487257 0.0941746 0.0204435 -0.00476402 0.0778217 0.0131325 0.101574 0.153693 0.196042 0.0322694 0.0353196 0.000698261 0.450131 0.127383 0.00586332 0.00627966 0.240253 0.0869043 0.0186711 0.003177 0.0835023 0.0151128 -0.0324721 0.0142362 0.0269426 3.63025e-05 -0.018092 -0.0127599 -0.00646686 -0.0159047 0.011739 -0.0345597 -0.00844813 0.0110267 -0.00181411 -0.00264247,800,0,cuda,27.13,28.49
test,1810,keeshond_35,keeshond,dog,correct,keeshond,lime,18,0.999445,36,0.416753,0.997494,0.580741,0.265762,0.920885,0.432339,0.641009,,,0.00580264 -0.00138884 -0.00711644 0.029979 0.033165 -0.0163345 0.0228757 -0.0121516 -0.0136722 0.0108051 -0.0200882 -0.0144535 -0.0133515 0.0682533 0.148291 0.0196496 -0.00567932 0.104159 0.0136137 0.199491 -0.0072744 0.0655358 0.135626 0.0292866 0.0235689 0.0184596 0.0226429 0.288482 0.0229419 0.00401924 -0.0238699 0.171592 -0.0113227 0.0399322 4.86178e-05 -0.00838228,800,0,cuda,39.12,50.99
test,120,american_bulldog_28,american_bulldog,dog,correct,american_bulldog,lime,1,0.99278,34,0.310168,0.614648,0.304479,0.174756,0.837197,0.353559,0.763281,,,0.126577 -0.0036468 0.16577 0.120784 0.424982 0.00623678 0.00368589 0.033867 0.299757 0.0951001 0.00374274 0.00205623 0.120919 0.0855949 0.037176 0.133072 -0.0189633 0.0288745 0.000750237 -0.00613416 0.0692951 0.00226703 0.0654286 -0.0115014 -0.010581 -0.0398699 0.035796 -0.0308423 -0.00321685 0.00084162 -0.0191497 -0.013939 -0.00843885 -0.00920539,800,0,cuda,17.71,21.31
test,1685,japanese_chin_194,japanese_chin,dog,correct,japanese_chin,lime,17,0.998158,48,0.259686,0.776432,0.516746,0.077357,0.935914,0.113658,0.700882,,,-0.0207096 0.020635 0.0121839 0.0359528 0.0146263 0.0185512 0.00305191 0.0138349 -0.00755336 -0.015874 -0.00101235 -0.018648 -0.0131806 0.0214362 0.00646232 -0.0051968 0.0207576 -0.0198977 0.0100575 0.06074 0.469286 0.0389861 -0.0105702 0.0109775 -0.0100665 -0.0189296 0.351995 -0.0554968 0.049937 0.0301 0.0230748 -0.00387375 0.0883559 -0.0109327 0.058071 0.0080475 0.00932481 0.0223718 0.00456121 0.00901597 0.00136861 -0.0178839 0.0115688 0.0340211 0.00325671 -0.0189566 -0.00787673 -0.00591579,800,0,cuda,16.48,22.69
test,2636,Ragdoll_56,Ragdoll,cat,correct,Ragdoll,lime,26,0.961413,33,0.47718,0.836519,0.359338,0.162605,0.698379,0.140345,0.732923,,,0.0379138 0.113624 0.204933 0.177408 0.107158 0.0771207 -0.00602072 -0.00135362 -0.0151742 0.011866 0.0103677 0.221609 0.051317 0.0266309 0.0350717 0.00365577 0.125542 0.00494724 0.0581756 0.0401402 0.146479 -0.00148093 0.017612 0.0266156 0.0370951 0.03449 0.0216152 -0.0154737 0.00967899 0.0209343 0.00899109 -0.0129437 0.0118944,800,0,cuda,25.38,26.6
test,3667,yorkshire_terrier_99,yorkshire_terrier,dog,correct,yorkshire_terrier,lime,36,0.998694,46,0.378548,0.782132,0.403584,0.057356,0.947411,0.001718,0.775174,,,0.00660029 0.0234792 -0.00426896 0.00985203 0.0738677 -0.0255308 0.0303746 0.00791812 0.000360184 0.0325743 0.0314256 0.0307202 0.234612 0.0151497 -0.00953839 0.0119944 0.0271005 0.0968029 -0.0203552 0.480901 0.318306 0.00445105 -0.0384689 -0.0495882 -0.00267083 -0.0151694 -0.0165854 -0.00357883 -0.0121696 -0.0285504 0.00310426 -0.00741466 0.00719687 0.000275021 -0.0164614 0.0505739 -0.00576123 0.0113349 0.0133404 0.0124324 -0.00665217 -0.0539902 0.0109108 0.011712 -0.00898085 0.0111171,800,0,cuda,29.65,35.01
test,2380,Persian_9,Persian,cat,correct,Persian,lime,23,0.849563,27,0.941486,0.896124,-0.045362,0.08932,0.818879,0.165979,0.736219,,,-0.0110243 0.0151901 0.00802148 -0.00461562 0.0226493 0.00859343 0.0130617 -0.0390412 -0.0324885 0.0308631 -0.0114718 -0.0268598 -0.0206033 0.194544 -0.00672541 -0.0375028 -0.193015 0.0157117 0.0130787 0.144941 0.279513 0.00537757 0.0166758 0.232723 0.0122787 0.0273895 0.0495718,800,0,cuda,33.16,33.93
test,2639,Ragdoll_59,Ragdoll,cat,correct,Ragdoll,lime,26,0.99977,36,0.740374,0.994484,0.25411,0.156086,0.880397,0.161205,0.742222,,,0.0343604 0.076689 -0.00667886 0.0237154 0.0780756 -0.00413318 0.0026353 0.0354323 0.0476387 0.137603 -0.0227322 0.332149 -0.00816441 0.377179 0.0901336 0.00145532 -0.000643587 0.0205775 -0.0275645 0.176043 0.0185571 -0.00116383 0.040455 0.0897888 -0.00616371 0.01311 0.00787199 0.00880178 0.0218102 0.0171361 0.0153152 0.0105765 -0.0181662 0.0125492 0.0211933 0.0466522,800,0,cuda,23.46,25.66
test,193,american_bulldog_96,american_bulldog,dog,correct,american_bulldog,lime,1,0.944723,32,0.607801,0.937781,0.329981,0.115517,0.815537,0.176908,0.715081,,,0.0301005 -0.0160795 0.0266897 0.00878312 0.0397508 -0.0133682 0.199586 0.000311073 -0.0097944 0.065736 0.0143243 0.034409 -0.0196425 0.281632 -0.0630356 -0.00747506 0.417508 0.00545869 0.00348529 -0.00873506 -0.00470128 0.12534 0.0735977 0.0090709 0.0961533 0.0211724 -0.0156054 0.0183612 0.10293 0.00468623 0.0111536 -0.00868186,800,0,cuda,22.79,26.72
test,2283,Persian_224,Persian,cat,wrong,Maine_Coon,lime,23,0.481079,39,0.308972,0.482762,0.17379,0.039861,0.369558,0.357923,0.397216,,,0.000843689 0.00306664 0.00297805 0.00470869 0.0037672 -0.000255537 0.00679654 -0.00177302 0.00780805 0.00362482 0.00189825 -0.00197924 0.00613912 0.0272854 0.000864016 0.00481308 0.00224259 0.00635333 0.00880252 0.0223611 -0.00258917 0.0172512 0.00508491 0.0173367 0.00447578 0.00950931 0.00943753 -0.00849433 0.0044566 0.0179089 0.000773239 -0.00103663 -0.00159265 -0.00159694 -0.00147336 0.00983781 -0.00171898 -0.000807386 0.0032723,800,0,cuda,21.72,22.61
test,181,american_bulldog_84,american_bulldog,dog,correct,american_bulldog,lime,1,0.992632,36,0.492447,0.828729,0.336283,0.087694,0.828256,0.455667,0.712799,,,0.0490908 0.0948088 0.0832366 0.00383419 0.134428 0.00146905 -0.0128798 0.0810061 0.122785 0.00261786 0.00881717 0.0391976 0.0401453 0.0287023 -0.0284971 0.209492 0.0698862 0.258553 0.0284906 0.01962 0.181113 0.00036848 0.0121133 -0.00305523 0.11225 0.0127475 -0.0144371 0.242702 0.00361928 -0.0107098 -0.010589 -0.0182312 0.0898133 -0.0106536 0.172581 -0.0110062,800,0,cuda,26.42,30.65
test,3295,Sphynx_236,Sphynx,cat,correct,Sphynx,lime,33,0.999848,33,0.501216,0.756775,0.255559,0.44014,0.855127,0.35883,0.589338,,,0.0179803 -0.00786687 0.0236506 0.0229131 0.00684797 0.0441875 0.00649101 0.0693632 0.0797274 0.0717039 0.163979 -0.00311363 0.0491561 0.0573962 0.0225314 0.106095 0.0414649 0.0403705 0.0755731 0.0566805 -0.00747426 -0.0072201 0.0153889 0.0128685 0.0174776 0.0128846 -0.0016428 -0.00259041 0.0206245 0.0141175 -0.000408041 -0.00266714 0.0101029,800,0,cuda,18.64,19.94
test,389,basset_hound_92,basset_hound,dog,correct,basset_hound,lime,3,0.993774,42,0.49994,0.859473,0.359533,0.213765,0.923164,0.226193,0.625283,,,-0.00818076 -0.0142243 -0.0309473 0.00314036 -0.00692843 -0.00185613 0.00738534 0.0198674 -0.00330585 0.00949053 -0.0172759 0.00462546 0.00370726 0.0360752 0.107148 0.0156834 0.100092 0.251683 0.291686 0.00372304 -0.0280105 0.0121295 -0.0176686 0.0561755 0.0113269 0.0243972 -0.0101304 0.0147253 0.00880986 0.032824 0.0190958 -0.00843837 -0.0269464 0.0218706 0.00715501 0.0208708 -0.0115516 -0.0129 0.000687535 -0.00425821 -0.00491943 -0.00839011,800,0,cuda,42.69,46.66
test,968,British_Shorthair_85,British_Shorthair,cat,wrong,Russian_Blue,lime,23,0.462006,43,0.615414,0.997671,0.382258,0.020665,0.840899,0.490336,0.756893,,,0.0522915 -0.0285169 0.00276864 -0.0127578 -0.0503787 -0.0773544 -0.023716 -0.0548084 0.00405033 0.0290877 -0.00780684 0.0301836 6.32495e-05 -0.00115907 0.0192199 -0.0433378 -0.00729944 0.273568 0.0615127 -0.00111833 0.216922 0.00910966 -0.00642416 0.0408844 -0.00252988 -0.00487763 0.00354262 0.0557673 0.459965 0.00732961 0.0266073 0.00339057 0.0150556 0.0282016 0.0274732 -0.018394 3.3794e-05 -0.059554 -0.0386129 -0.0304711 -0.00290952 -0.0203083 0.00823378,800,0,cuda,13.84,16.95
test,3005,scottish_terrier_32,scottish_terrier,dog,correct,scottish_terrier,lime,30,0.999917,33,0.399334,0.855243,0.455909,0.207719,0.916471,0.505276,0.565859,,,0.122554 0.00984273 -0.0013176 0.0355106 0.0419267 0.0165297 0.139842 0.170457 0.0483818 0.026498 0.181237 0.238642 0.100294 0.0709793 -0.00411484 0.00626209 0.010219 -0.0162232 0.0316266 -0.0021783 0.0397326 -0.00908891 0.0107333 0.0253162 0.00121201 0.0886703 0.0127054 -0.00748469 -0.00846109 0.0134067 0.0376999 -0.00247161 0.0090234,800,0,cuda,22.32,29.91
test,1545,great_pyrenees_67,great_pyrenees,dog,correct,great_pyrenees,lime,15,0.998782,33,0.471162,0.553868,0.082706,0.324714,0.879431,0.314256,0.742196,,,0.0239253 0.3602 -0.0192547 0.00536668 0.00438977 -0.000610454 0.323407 0.00524186 0.169314 0.0189357 0.0164651 0.0359659 0.00927053 0.0496042 -0.0117971 -0.0284408 -0.000106951 0.00961924 0.0444819 -0.0089588 -0.0267969 0.10233 -0.02586 0.0178325 0.0313449 0.00239664 -0.00424844 0.0204844 0.0309976 0.0788362 -0.0105624 0.0306099 -0.00547751,800,0,cuda,41.01,46.3
test,669,Birman_74,Birman,cat,correct,Birman,lime,6,0.995766,37,0.881079,0.999358,0.118279,0.239497,0.871223,0.45809,0.709622,,,0.0404603 0.000437542 0.0377701 -0.0196425 -0.0186343 0.0294456 -0.0627469 0.0694109 0.017756 -0.00020709 0.00410741 0.174582 -0.0169669 0.260906 0.201577 -0.00781756 0.328902 0.0221893 0.183082 0.0708732 0.0222107 0.13338 0.0275234 0.0156463 0.0199153 0.0278128 0.0794939 0.0463942 0.0106603 -0.0065257 0.0294782 0.0112339 0.0109175 -0.0103252 -0.0108702 -0.00776466 -0.00404585,800,0,cuda,31.32,34.28
test,3081,shiba_inu_200,shiba_inu,dog,correct,shiba_inu,lime,31,0.99977,44,0.472875,0.9865,0.513624,0.180398,0.911439,0.369506,0.75669,,,-0.0293205 0.00238698 0.0246041 0.0570812 0.0684888 -0.011392 0.0372287 -0.0252874 0.107528 -0.0138898 0.00335407 0.000331522 0.0168606 0.211292 -0.0151152 -0.0285871 0.158468 0.593803 -0.00610485 -0.00923209 -0.022113 0.0399288 0.0114381 -0.0245769 0.0609265 0.159653 0.000904268 0.0596781 0.00206835 -0.0201823 0.0163781 0.084876 -0.018318 0.00881817 0.0639632 -0.00242783 0.0326547 0.0469639 -0.0162861 0.00179863 0.0011686 0.00483717 0.0079186 0.00917303,800,0,cuda,27.98,31.79
test,3530,wheaten_terrier_65,wheaten_terrier,dog,correct,wheaten_terrier,lime,35,0.999195,43,0.154815,0.68632,0.531505,0.120055,0.880578,0.191597,0.874504,,,0.00225239 -0.00917294 -0.000130563 0.00915022 -0.00356804 -0.000958754 -0.00727479 -0.0109733 0.00522515 -0.00188953 0.019152 0.0144552 -0.0146544 0.00055253 0.000910617 -0.0016828 0.00413243 0.163812 0.0242644 -0.0231488 -0.00520475 0.00101376 0.00884216 0.604976 0.0771318 -0.00825991 0.0633463 0.00188341 0.109886 0.0333576 0.0105081 0.00498777 0.00282989 0.0105823 0.0305575 0.00470468 0.00525728 -0.00727036 -0.0096985 -0.00109828 0.0155556 0.0191293 0.0107546,800,0,cuda,17.7,22.22
test,1365,english_setter_85,english_setter,dog,correct,english_setter,lime,13,0.998882,37,0.246293,0.561779,0.315486,0.076593,0.84101,0.027741,0.954756,,,-0.0107296 -0.00864578 0.0107159 0.00478903 0.00357433 -0.00264187 -0.00454863 0.0195897 0.00997597 0.00274329 0.0323819 0.000227198 0.0757908 0.0271549 0.0400941 0.0127463 -0.00422651 -0.0050397 0.0548114 0.845621 0.00351509 0.00848253 -0.00992176 0.00123725 0.0552566 0.014059 -0.00813318 0.0223225 0.00464914 -0.000175396 0.0259169 -0.000668434 0.00129874 -0.00461173 -0.0181668 -0.0093042 -0.00566531,800,0,cuda,29.79,31.43
test,1394,german_shorthaired_20,german_shorthaired,dog,correct,german_shorthaired,lime,14,0.999919,33,0.384925,0.840206,0.455281,0.22961,0.944492,0.297429,0.520103,,,0.0145837 0.0264975 -0.00409051 0.00830402 0.23256 0.204077 0.0482131 0.0138135 0.00909855 0.0214762 0.0829892 0.106604 0.0349499 0.0134395 0.0181355 0.0318578 0.0787366 -0.00740767 -0.00408248 0.00573436 0.00865738 -0.00216684 0.00221961 -0.0150859 0.00570348 0.000772288 -0.00763718 0.00720829 0.00241684 -0.016809 -0.00420907 -0.0188964 -0.0116959,800,0,cuda,39.02,40.57
test,331,basset_hound_3,basset_hound,dog,correct,basset_hound,lime,3,0.999249,43,0.446927,0.98562,0.538693,0.282042,0.82614,0.450505,0.688282,,,0.00662618 0.0425549 0.00596725 0.0117379 0.0404439 0.0117887 0.0324797 -0.0111881 -0.00417629 0.254336 0.011334 0.00610593 0.00464384 0.0483431 0.0525445 -0.00762813 -0.011722 0.0053176 0.142336 0.0251029 0.00901583 0.0625529 0.0770438 0.00231757 0.0143962 0.0154819 0.036482 -0.0212068 0.0907862 -0.0107043 0.0284965 0.0643262 0.0302268 0.0443602 -0.0153842 0.0275239 0.0308806 0.0495605 0.0144453 0.0205389 0.0118143 0.0455541 0.0389389,800,0,cuda,43.33,46.51
test,614,Birman_24,Birman,cat,correct,Birman,lime,32,0.792345,37,0.314832,0.561855,0.247023,0.058112,0.784476,0.141187,0.662604,,,0.00738432 0.105 -0.00483238 0.0253601 0.00585963 0.0118096 0.012131 0.00761623 0.0168003 0.0421861 0.218376 -0.0023708 0.0283495 -0.00155617 -0.0081675 -0.023297 -0.0443981 0.0463842 0.0168032 0.0234063 -0.0192876 0.0179943 0.0201605 0.131373 0.155441 0.0122512 0.0249819 0.019027 -0.012311 0.0217795 0.00673869 0.00983014 -0.010924 -0.00333753 0.0217474 0.0174188 0.00660255,800,0,cuda,25.79,26.62
test,1286,english_setter_195,english_setter,dog,correct,english_setter,lime,13,0.998711,36,0.50568,0.82675,0.32107,0.211378,0.843531,0.384056,0.778929,,,0.00799886 0.0206709 0.316485 -0.00885434 0.087257 -0.0141099 0.187202 0.014025 0.0307656 -0.0189801 -0.006737 0.27739 0.0563127 -0.00271517 0.0979359 0.00262625 0.0446472 0.00651827 0.178742 0.106879 -0.00108428 0.00191732 0.113121 -0.0111894 0.0590473 0.0692986 0.0593696 -0.00409594 0.0107745 0.0704655 0.0211187 0.0229603 0.00292731 0.000867722 0.0241817 -0.00132544,800,0,cuda,18.51,22.33
test,266,american_pit_bull_terrier_6,american_pit_bull_terrier,dog,wrong,boxer,lime,1,0.424761,41,0.225785,0.501642,0.275857,0.024025,0.676482,0.044327,0.685906,,,-0.00970693 0.017136 0.011983 -0.00831005 0.123513 -0.0055333 -0.0454709 0.00361706 -0.00692182 0.0258536 0.232427 -0.0114239 0.0151497 0.0329243 -0.0381487 0.0979895 0.0104582 0.0925546 -0.0304903 0.0126399 0.0164104 0.0072931 -0.00416718 0.00928729 0.0113676 -0.00643174 0.0285933 0.0157065 -0.00792746 -0.0105138 -0.0055515 0.00310304 -0.00857248 0.00152411 0.00792356 0.0419133 -0.00776322 -0.0036574 -0.00979853 0.0153273 -0.00302533,800,0,cuda,19.11,23.03
test,1932,leonberger_56,leonberger,dog,correct,leonberger,lime,19,0.998956,39,0.357023,0.977333,0.620309,0.164835,0.916521,0.287093,0.691163,,,-0.0149326 -0.0253266 0.0126318 0.0521518 -0.00900151 -0.0094265 -0.00550308 0.0136289 0.046161 0.00170269 -0.0118571 0.00323257 0.00877216 0.423163 0.00194964 0.00596486 -0.00905125 -0.0154151 0.148035 0.00679311 -0.00940871 -0.00377651 0.200905 0.00870673 -0.0110748 0.127733 -0.00911265 0.140144 -0.0132972 -0.00592877 0.00383135 0.0061835 0.0442604 -0.00316037 -0.0267762 -0.00893788 -0.0110277 0.0235163 0.0205778,800,0,cuda,20.45,29.63
test,2199,newfoundland_26,newfoundland,dog,correct,newfoundland,lime,22,0.690665,41,0.204161,0.619079,0.414918,0.038232,0.731518,0.141925,0.683593,,,0.00350889 -0.00369379 0.0105186 0.0056948 0.0127845 -0.00826833 0.0125216 -0.00703882 0.0272033 -0.00716653 0.0194408 0.028737 -0.0116714 0.000765125 -0.000588995 0.0123262 -0.00435054 -0.00283692 0.0170565 0.00178761 0.00643588 0.20999 0.236009 0.0130956 0.0106087 -0.00284062 -0.00226565 -0.0181198 -0.00156543 -0.036548 0.0245738 0.0123495 0.170669 0.000554538 0.0164275 -0.000358783 -0.0263495 -0.00558702 -0.031283 0.00103407 0.0419745,800,0,cuda,24.85,28.42
test,2593,Ragdoll_245,Ragdoll,cat,wrong,Birman,lime,6,0.850922,33,0.768595,0.958434,0.18984,0.057072,0.724927,0.111203,0.63757,,,-0.0120435 -0.0182943 0.00486267 0.022867 -0.010774 -0.0818697 -0.0241069 -0.0236077 -0.0119494 -0.0838764 0.145215 -0.0124497 0.0363286 0.114116 0.0747355 0.104033 0.0619053 0.0305248 0.0551403 -5.41959e-05 0.117034 0.132915 0.24356 0.069287 -0.00205332 0.0106746 -0.00644879 0.0384194 0.0412987 0.0144818 0.00389639 0.0791937 0.0162408,800,0,cuda,27.41,33.05
test,1807,keeshond_32,keeshond,dog,correct,keeshond,lime,18,0.987475,35,0.993921,1.0,0.006079,0.191273,0.81771,0.176192,0.831016,,,-0.00680111 0.0079828 0.013049 0.00757564 -0.0132383 0.0364537 0.036495 -0.0135183 0.0292521 0.127786 0.0166134 0.0173574 0.113739 -0.0252149 0.113246 0.214446 -0.000537567 0.0283792 0.145244 0.0272776 0.501793 0.022059 0.0289462 0.00828197 0.0168814 0.00110999 0.050756 -0.0152727 0.00917052 0.000804981 -0.00557067 0.049979 3.12679e-05 0.0201444 0.00581,800,0,cuda,26.91,27.43
test,225,american_pit_bull_terrier_30,american_pit_bull_terrier,dog,wrong,staffordshire_bull_terrier,lime,34,0.655965,34,0.322066,0.372235,0.050169,0.090519,0.504253,0.187159,0.603676,,,0.0236797 0.011942 -0.0196621 -0.0150962 0.197247 -0.00410118 -0.0017165 0.00164174 0.0911254 0.154963 0.103415 0.0212881 -0.00444984 0.0851132 -0.0160347 0.0235011 0.00882481 0.00191777 0.0102008 0.0037938 0.0159506 -0.00100231 0.044686 0.0102945 -0.00032287 0.00599856 -0.00794968 0.0163351 0.0122717 -0.00598866 -0.00703098 -0.0131817 0.00477462 -0.00687526,800,0,cuda,27.92,29.05
test,105,american_bulldog_212,american_bulldog,dog,correct,american_bulldog,lime,1,0.999954,35,0.82091,0.984621,0.16371,0.349558,0.716656,0.553294,0.646869,,,0.000648993 0.0296379 0.0268621 0.0187643 -0.0141118 -0.0127017 0.120985 -0.00400025 -0.00830694 0.0854374 0.139904 0.160908 0.0663821 0.00470192 -0.00431528 0.00809383 0.0595766 0.0659533 -0.0217781 0.0169565 0.182045 0.00443666 0.0614026 0.00730033 0.0376264 0.208974 0.0387143 0.0339683 0.0626683 0.0306978 0.074698 0.011648 0.0433783 0.102997 0.0148022,800,0,cuda,29.46,34.02
test,2413,pomeranian_39,pomeranian,dog,correct,pomeranian,lime,24,0.984965,35,0.466877,0.925498,0.458621,0.046168,0.948392,0.24216,0.748739,,,0.00789583 -0.0126489 -0.00656863 0.0464926 0.0329499 0.0949588 -0.0206221 0.0361409 0.0159368 -0.00781888 -0.00104072 0.0463239 0.101789 0.114582 -0.019354 0.265457 -0.0480769 0.141678 0.376338 0.0266774 0.243223 0.278189 -0.0239535 -0.0419671 -0.0904325 -0.0633058 -0.00759578 -0.00699309 0.0248487 -0.0209976 -0.0369331 0.00847461 -0.0290105 0.0045697 -0.0257906,800,0,cuda,20.34,24.11
test,1508,great_pyrenees_33,great_pyrenees,dog,correct,great_pyrenees,lime,15,0.914858,31,0.423689,0.979756,0.556067,0.061477,0.867357,0.0529,0.910297,,,-0.00488409 0.000273387 0.0194377 -0.0446421 -0.022247 -0.0142291 0.0334345 0.059828 0.00988124 -0.00306857 -0.00263665 0.66418 0.0308757 -0.00498032 0.0173689 -0.0129174 0.0155744 0.185568 -0.0295681 0.0148129 0.0120684 -4.13196e-05 -0.00443117 0.00241762 -0.00889791 -0.000114754 -0.0171067 0.00609905 0.0219667 0.000773103 -0.0122402,800,0,cuda,26.17,27.69
test,3604,yorkshire_terrier_41,yorkshire_terrier,dog,correct,yorkshire_terrier,lime,36,0.999749,36,0.445233,0.731685,0.286452,0.298774,0.954573,0.193044,0.363309,,,0.00943608 0.00381955 0.000263868 -0.00906754 0.0141158 -0.00679243 -0.0087974 0.00105824 0.0106904 0.0127604 -0.00252726 0.013594 -0.00759781 0.00857449 0.124897 0.0164732 -0.0263302 0.0633034 0.00377265 0.0111988 0.115254 0.00578027 0.0676241 0.0211179 0.00726178 0.0492748 -0.0283609 0.0861221 0.0211911 0.0145974 -0.0131933 0.00959805 -0.0113718 -0.0227294 -0.00350472 0.0277425,800,0,cuda,36.21,39.01
test,630,Birman_39,Birman,cat,correct,Birman,lime,6,0.726355,28,0.406708,0.347799,-0.058909,0.052639,0.813456,0.064311,0.712533,,,-0.00353628 -0.0172936 0.0130865 -0.0549911 0.0120346 0.00286848 -0.00207648 0.00686192 0.253687 0.0233287 -0.00880956 -0.00973774 -0.00136774 0.450007 0.0592666 0.103581 0.0657805 -0.0017164 -0.0245322 -0.0193881 0.0449351 0.0228823 -0.0265949 -0.0303925 -0.0219889 -0.00233499 -0.0193604 0.00602764,800,0,cuda,30.93,35.83
test,2731,Russian_Blue_48,Russian_Blue,cat,correct,Russian_Blue,lime,27,0.689857,35,0.672493,0.603912,-0.068581,0.211342,0.597394,0.097478,0.698787,,,-0.00187374 0.0270808 0.00903185 0.066141 -0.0157834 0.0621059 0.0106421 -0.00688029 5.01026e-05 0.0166337 -0.000212309 0.000296773 -0.00142619 0.0457214 0.0385141 0.037195 0.241609 0.0147504 0.00840738 0.0130503 0.00255959 0.0262724 0.0633094 0.0335417 0.0337405 -0.00150796 -0.0122323 0.0162905 0.125044 0.112289 0.120877 -0.0332347 0.0133158 0.0482933 -0.0115171,800,0,cuda,45.56,48.19
test,2068,Maine_Coon_87,Maine_Coon,cat,correct,Maine_Coon,lime,20,0.997981,34,0.350128,0.743242,0.393114,0.137962,0.919309,0.16844,0.751899,,,-0.04152 -0.0553969 -0.0135703 -0.00194815 -0.0237667 -0.0323396 -0.00290863 0.0943221 0.00652217 0.125052 -0.00174532 0.0399337 -0.0183927 -0.0158778 0.0310998 0.230014 0.306672 -0.00213831 0.0863926 0.0667823 -0.0130298 0.239789 0.00989591 0.0121981 0.0539828 -0.0196328 -0.027041 0.0705235 -0.0188242 0.153618 -0.0111543 0.0277892 -0.0384759 0.00438691,800,0,cuda,14.42,17.67
test,870,boxer_87,boxer,dog,correct,boxer,lime,8,0.999477,42,0.507254,0.995312,0.488057,0.469167,0.939643,0.354124,0.418193,,,-0.000914228 0.0151358 0.0223646 0.0126064 0.0559852 0.0113919 0.0844104 0.10809 0.00990132 0.0602951 0.0491817 0.0429925 0.0253911 0.0266738 0.00388629 0.00609614 0.0778263 0.0887791 -0.00183317 0.00509265 0.0167736 0.0112295 0.0334645 0.042019 0.0015633 -0.000688546 0.00408873 0.0288619 0.00972273 -0.00192863 0.0127447 0.0120155 0.00890204 0.00745125 -0.0084089 -0.00339032 0.00670786 0.022539 0.000190841 -0.00809525 0.00463482 -0.00128792,800,0,cuda,21.09,21.9
test,2290,Persian_257,Persian,cat,correct,Persian,lime,23,0.997268,35,0.661731,0.992589,0.330859,0.159523,0.870209,0.188939,0.692329,,,0.0210172 0.0118823 0.107781 0.0655277 0.015006 0.0240266 0.0169434 0.0634807 0.0276151 0.00649883 -0.0471729 0.0978564 -0.0316155 0.138282 0.0208689 0.0299525 0.302327 0.172556 0.00783806 -0.0322786 0.21178 0.00898683 0.0320998 0.0125425 0.326017 0.0360113 -0.0151226 -0.0191041 0.028415 0.0321547 -0.0369787 0.00749933 0.00905268 -0.028261 0.0203554,800,0,cuda,21.59,25.25
test,2098,miniature_pinscher_25,miniature_pinscher,dog,correct,miniature_pinscher,lime,21,0.994429,32,0.438536,0.955149,0.516612,0.242293,0.945462,0.175449,0.400517,,,0.00529927 -0.00321783 0.00254975 0.00957524 -0.00382277 0.105998 0.0684616 0.0126142 0.0319421 -0.0019706 -0.000628476 0.00711269 0.106576 0.0663676 -0.0102027 -0.000125246 0.0607669 0.0101626 0.0127533 0.00953485 -0.0124495 -0.0163541 -0.0211093 -0.00964642 0.00318867 0.0744025 0.00301833 0.0181586 -0.00279393 0.00768678 -0.00484321 0.0019117,800,0,cuda,18.92,20.27
test,1186,english_cocker_spaniel_195,english_cocker_spaniel,dog,correct,english_cocker_spaniel,lime,12,0.750909,36,0.524892,0.539297,0.014405,0.156921,0.397593,0.39455,0.386339,,,-0.00415574 0.0101754 0.0072942 0.0116207 0.0209486 0.0656281 0.00447202 0.0141341 -0.0107952 -0.00593734 0.0589997 -0.00032949 0.00833324 0.0351368 0.0457099 0.0516557 0.0238489 0.0624966 0.0265692 0.0117801 1.70599e-05 -0.000947174 0.0329423 0.00353506 0.00264734 -0.00466647 -0.00183129 -0.00952576 0.0193718 0.0174417 0.00852331 0.00443761 0.0122574 0.012151 0.00304082 0.0125215,800,0,cuda,27.62,29.88
test,2489,pug_1,pug,dog,correct,pug,lime,25,0.999696,40,0.471042,0.994782,0.52374,0.138543,0.928264,0.326428,0.726398,,,-0.00491497 0.0220404 0.057121 0.0117112 -0.00991951 0.0508693 0.00435132 0.00286665 0.0173025 0.00782463 0.0650797 0.0689684 0.0113195 -0.00238204 -0.0130782 0.432848 0.0749153 0.335862 -0.00171052 0.0838829 0.0157285 0.0119652 0.0122406 0.0410471 0.00659361 0.00902416 -0.00326983 0.00033764 0.0148313 -0.00801114 -0.0142803 0.00406399 0.00264041 -0.0283729 -0.0112165 -0.0020666 -0.00258516 -0.021639 -0.0110791 -0.00545457,800,0,cuda,30.01,33.71
test,1891,leonberger_1,leonberger,dog,correct,leonberger,lime,19,0.999895,46,0.902583,0.865943,-0.03664,0.323037,0.794996,0.576502,0.597878,,,0.0080555 0.0263102 -0.00877997 0.00517845 0.0102434 0.173322 0.0632035 0.157821 0.0222918 0.154016 0.141107 0.0110154 0.010227 0.134005 0.119926 0.160892 0.123239 0.000475693 0.0953926 0.203459 0.0273824 0.0475407 0.0357993 0.0729478 0.0146476 0.0888407 0.00328847 0.00157501 0.0389537 0.0585143 0.0144977 0.0159966 -0.0231347 -0.0318139 -0.0379909 -0.0480658 0.00291103 -0.0460135 -0.0106023 -0.0325335 0.0111738 0.00959545 0.00797734 -0.000948287 -0.0175441 -0.0079787,800,0,cuda,16.1,20.53
test,1755,japanese_chin_76,japanese_chin,dog,correct,japanese_chin,lime,17,0.999731,24,0.990155,0.993669,0.003514,0.28518,0.743984,0.181027,0.600458,,,0.0481626 0.0433625 0.0536878 0.0162099 0.0391321 0.228611 0.154364 0.0403861 0.0874036 0.247989 0.0194166 0.100476 0.0739221 0.126011 0.177648 0.0786162 0.0700488 0.0587833 0.101445 0.0168475 0.00579841 0.0409893 0.0628637 -0.0221317,800,0,cuda,18.07,20.67
test,1926,leonberger_50,leonberger,dog,correct,leonberger,lime,19,0.997797,38,0.966079,0.999259,0.03318,0.163983,0.880612,0.381025,0.74947,,,0.349792 0.075495 0.00746295 0.0191726 0.0151769 0.0233717 0.0599557 0.227633 0.0326367 0.0120091 0.0445446 0.250445 0.0209337 0.0379893 -0.0156218 -0.0211741 0.00999318 0.00996149 0.375726 -0.000894317 0.147563 0.0268595 0.0454806 0.00571919 -0.0196655 0.0188565 -0.00310455 0.011139 0.0145643 0.0173799 0.000741513 0.00759487 -0.0402444 0.017275 -0.0136931 0.00283948 0.0172855 -0.020078,800,0,cuda,19.31,21.82
test,707,Bombay_215,Bombay,cat,correct,Bombay,lime,7,0.764642,42,0.189055,0.652621,0.463567,0.059726,0.856023,0.091627,0.819845,,,-0.00067341 -0.0194491 -0.00579771 0.0293584 0.0449243 0.00860927 -0.00905869 0.00276879 0.0283623 -0.0395187 0.0111482 -0.00179612 0.369483 0.0194839 -0.00439171 0.0153333 0.0213287 0.0798351 -0.0127024 0.12132 -0.0190371 -0.0661257 0.0305778 -0.0175094 -0.0214045 0.243183 -0.0779157 -0.00613147 0.00174156 0.001907 -0.0401384 -0.0625494 0.0114755 0.000520542 0.00986634 -0.0148563 -0.023733 -0.0135639 0.00150541 0.00323232 0.0076643 0.00390413,800,0,cuda,45.27,48.18
test,3383,staffordshire_bull_terrier_20,staffordshire_bull_terrier,dog,correct,staffordshire_bull_terrier,lime,34,0.995026,34,0.436244,0.839169,0.402924,0.250226,0.78054,0.577956,0.748055,,,0.070362 0.104564 -0.00735249 0.0973962 0.00277845 0.000207535 0.0790208 0.2885 0.123932 0.00492088 0.0972718 0.00747235 0.0988809 0.0630951 0.0534754 0.189712 -0.00063048 0.187747 0.0784429 0.0899008 0.00411476 0.000693366 -0.0464925 0.0634617 0.104698 -0.00168947 0.181689 0.109359 -0.052576 -0.0190923 -0.0140291 -0.00203756 0.00307077 0.0351727,800,0,cuda,30.78,32.26
test,3098,shiba_inu_25,shiba_inu,dog,correct,shiba_inu,lime,31,0.996757,38,0.268316,0.538521,0.270206,0.131638,0.864016,0.063598,0.808485,,,0.0270665 0.18471 0.00273369 0.217825 -0.0127891 -0.00343741 0.00336443 0.035765 -0.0201435 -0.0060632 -0.00390841 0.203465 -0.00847174 -0.00196561 -0.0195583 -0.0429698 -0.00210104 0.0448142 0.566981 0.0876616 0.0083673 0.0103086 0.0207666 -0.0096458 0.0209936 0.0250225 0.0282192 0.0184135 -0.00101819 0.00257232 -0.00410203 -0.0130523 0.00800814 -0.0101355 0.0153866 0.000902289 -0.00125886 0.0130153,800,0,cuda,21.03,24.99
test,2349,Persian_68,Persian,cat,correct,Persian,lime,23,0.997435,40,0.599829,0.992588,0.39276,0.043273,0.961303,0.135776,0.636636,,,-0.0102931 -0.000804378 0.0494404 0.00648276 -0.0127102 -0.026706 0.0161433 0.243861 0.036483 0.0212809 0.0781696 0.126354 0.012096 0.00696099 0.0437593 0.301158 0.0301937 -0.0198696 0.0119872 0.253918 0.155666 0.0324711 0.0346509 -0.00371489 -0.02969 -0.0164696 -0.057548 0.054748 -0.0511533 -0.0160084 -0.0242583 0.0270188 -0.0275741 -0.0251097 0.0147869 -0.0356113 -0.00942976 -0.0190597 -0.00228569 0.0135689,800,0,cuda,25.23,32.22
test,2220,newfoundland_45,newfoundland,dog,correct,newfoundland,lime,22,0.999543,39,0.271185,0.984514,0.713328,0.162309,0.948395,0.366225,0.752485,,,0.00248795 0.0132251 -0.0125195 -0.0137034 0.0239563 0.017012 -0.013707 -0.0073153 -0.00871628 -0.0105737 0.00316999 0.0197845 0.0156981 0.0033948 -0.0206152 0.0459019 0.030413 0.0424132 -0.010942 0.0225517 -0.00936523 0.254269 -0.0209414 0.177219 0.168384 0.0294659 0.0453088 0.103165 0.355684 0.0446992 -0.0261119 0.0192369 0.0193651 0.0157083 0.0171684 -0.0145852 -0.0237413 -0.00255753 0.00458491,800,0,cuda,29.64,36.6
test,1688,japanese_chin_197,japanese_chin,dog,correct,japanese_chin,lime,17,0.999974,30,0.470165,0.669033,0.198868,0.287024,0.967822,0.358962,0.436429,,,0.0119048 0.078103 -0.00934842 0.00502369 -0.0148667 0.0127964 0.00962484 0.0364295 0.0968341 0.0624564 0.221849 -0.0205481 0.00600791 -0.00176128 0.0750563 0.0834784 -0.0174416 -0.000547292 0.14431 0.00668364 0.0101084 0.00601458 0.0734856 0.027681 -0.00413148 0.0248731 0.0340325 0.0454358 -0.00389026 0.00367029,800,0,cuda,42.71,44.5
test,284,american_pit_bull_terrier_88,american_pit_bull_terrier,dog,wrong,staffordshire_bull_terrier,lime,2,0.698593,39,0.16468,0.540912,0.376231,0.013976,0.803216,0.081641,0.765854,,,0.0130715 0.00772108 0.00811243 0.00882533 -0.0586962 -0.0270237 0.121117 0.242459 0.00936376 0.121909 0.166722 0.0513747 -0.0426849 0.0419941 0.164129 0.00767429 -0.00407422 -0.0342233 0.00523936 -0.00130994 0.0237578 -0.00532504 -0.0118221 0.0164968 -0.0313167 0.003984 -0.00196425 0.00618351 -0.0035878 -0.00299142 -0.00958614 -0.0062872 0.0161199 -0.0049019 0.00342864 0.00234702 -0.0081604 0.00431754 -0.0222443,800,0,cuda,28.07,29.27
test,1659,havanese_7,havanese,dog,correct,havanese,lime,16,0.992424,39,0.730808,0.713257,-0.017551,0.373419,0.698407,0.549582,0.648072,,,0.143024 0.162091 0.0598407 0.00588206 0.0344551 0.0165999 0.0650331 0.0128647 0.0553714 0.0177627 0.204846 -0.0260548 0.115571 0.0299153 0.0403045 0.0202524 0.0261419 0.0867006 0.0127202 0.0429826 -0.00978302 0.0530606 -0.0145466 0.0230098 0.0976207 -0.000394049 0.0820379 0.0327939 0.0152755 0.0169708 0.0995911 0.032174 0.0300754 0.00980344 0.082085 0.0216855 0.0113536 0.0170543 -0.00198966,800,0,cuda,59.07,63.72
test,920,British_Shorthair_33,British_Shorthair,cat,correct,British_Shorthair,lime,9,0.999853,35,0.417052,0.86285,0.445798,0.079861,0.932183,0.400784,0.753768,,,0.00826892 -0.0127985 0.00936705 0.00380342 -0.00330784 0.03973 0.00156893 0.0119905 0.0572947 0.000558234 0.00612831 0.0263933 -0.0514179 -0.0165095 0.00449555 0.0692923 0.452905 0.206713 0.20629 0.127192 0.00542606 0.0611452 0.0147361 0.0296195 0.0100192 0.00331791 -0.0119831 0.0497275 0.0050408 0.069141 0.0098527 0.0568361 0.0103327 0.00283991 0.0243231,800,0,cuda,40.73,50.5
test,1433,german_shorthaired_56,german_shorthaired,dog,correct,german_shorthaired,lime,14,0.999338,38,0.381417,0.811249,0.429832,0.206293,0.877643,0.497711,0.765086,,,-0.021463 0.0596629 -0.0118644 0.141469 0.216301 0.0906427 0.0743554 0.0225906 0.0406232 0.318253 -0.0119667 0.0553992 -0.0252566 0.38146 0.0366964 0.0192364 0.0225168 0.0152341 0.0834924 0.0277211 -0.00277867 0.041592 0.130426 0.010911 0.00816401 -0.00431662 0.0219014 0.0315034 -0.0136329 0.0209177 -0.00527377 0.0270107 0.00561722 -0.0153926 0.00680529 0.00362572 -0.0200112 -0.000792165,800,0,cuda,40.87,46.03
test,3149,shiba_inu_72,shiba_inu,dog,correct,shiba_inu,lime,31,0.999902,37,0.634367,0.993907,0.35954,0.180846,0.868864,0.49496,0.761002,,,0.0100006 -0.0146634 0.0321164 0.0116098 -0.0196201 0.0153964 0.0127607 -0.0100298 -0.0066778 0.0803405 0.037167 0.0328045 0.0604115 -0.0104355 -0.0170568 0.0626206 0.145646 0.0805384 0.154233 0.0550774 0.507401 -0.0149718 0.114174 0.0250099 0.0181599 0.137411 0.00697574 0.377366 0.0231582 -0.00488924 -0.0354947 -0.0117184 0.0304341 0.0147188 -0.0111417 0.0327249 -0.0101228,800,0,cuda,39.67,44.51
test,2972,samoyed_92,samoyed,dog,correct,samoyed,lime,29,0.990764,41,0.399334,0.851111,0.451776,0.060018,0.836964,0.086342,0.710896,,,0.038818 0.151095 0.0302982 -0.00927346 0.00756854 0.0066028 0.0162602 0.0772098 0.102382 0.018695 -0.0235476 -0.0143253 0.401058 0.0184936 -0.0119419 0.0743646 0.142903 0.175606 0.0300208 -0.00535781 -0.00295219 0.112774 -0.0249065 -0.0303544 -0.00888782 0.0668696 -0.0107562 -0.00307718 0.00205944 0.015335 0.000820723 0.0063322 -0.0364243 0.0510445 -0.00477719 -0.00706234 0.0184429 -0.0442683 0.00393256 -0.0183901 -0.0117363,800,0,cuda,41.26,42.97
test,734,Bombay_49,Bombay,cat,correct,Bombay,lime,7,0.997327,29,0.598334,0.931823,0.333489,0.434605,0.913408,0.3379,0.600481,,,0.00769239 -0.00835155 0.0663909 0.0780341 0.0105333 0.095522 0.0444194 0.0753473 0.0854465 0.0889546 0.150307 0.00326884 -0.00140127 0.108231 0.0622372 0.0950446 0.0772043 0.00443096 0.0141452 -0.0141869 0.00842943 -0.00780871 -0.0147121 -0.0107801 -0.00248455 -0.00634784 0.00576406 0.000359519 0.00181805,800,0,cuda,33.5,37.41
test,1812,keeshond_37,keeshond,dog,correct,keeshond,lime,18,0.997848,36,0.747927,0.983325,0.235397,0.243651,0.925597,0.530618,0.755176,,,0.0219765 0.00511403 0.218629 0.00468441 0.460981 -0.00999478 0.0370902 0.00101699 0.0536858 0.0320102 0.162689 0.0984939 0.17964 0.096617 0.0337861 0.00376317 0.0301253 0.107487 0.00211213 0.0401405 0.0360845 0.0855894 0.0653656 0.0379108 0.0592824 0.0346262 0.00417087 -0.0406425 -0.0139372 -0.022009 -0.0232891 -0.00351738 -0.0119778 -0.00636955 -0.0154224 -0.00129375,800,0,cuda,40.06,40.54
test,2392,pomeranian_200,pomeranian,dog,correct,pomeranian,lime,24,0.999028,42,0.196648,0.865018,0.66837,0.028557,0.963184,0.114904,0.809844,,,0.00269729 0.0144352 -0.00288984 -0.00665432 0.0189575 -0.0245505 -0.0249401 0.0237917 0.0314954 0.00056194 0.00127139 -0.0120998 -0.0168358 -0.00298239 -0.0141183 -0.00531646 -0.00123302 0.0173422 0.00142578 0.314322 0.0607168 -0.0222078 -0.00293102 -0.0130585 0.0194696 0.0269385 0.663486 0.0522409 0.00480286 0.00818958 -0.0217783 -0.0136379 0.0367168 0.00254047 0.00613233 -0.010519 0.0083537 0.0233066 -0.0050766 0.00329543 -0.00966819 -0.00804587,800,0,cuda,27.76,31.18
test,2354,Persian_72,Persian,cat,correct,Persian,lime,9,0.569812,34,0.641482,0.992827,0.351345,0.016771,0.864364,0.179583,0.69297,,,-0.0145774 0.0122607 0.0452799 0.00777732 -0.0598527 0.0102268 0.00949603 -0.00136956 0.0730866 0.00652332 0.0606102 0.0105276 0.014927 0.0681899 0.0637805 -0.0534061 0.0147989 0.251184 0.135015 0.113129 0.0066715 -0.00591804 0.0603343 -0.0418356 -0.0431594 -0.0200798 -0.0731254 -0.148851 -0.0649927 -0.00197925 -0.0267792 -0.0119818 -0.0277851 0.0134083,800,0,cuda,40.0,41.74
test,3630,yorkshire_terrier_65,yorkshire_terrier,dog,correct,yorkshire_terrier,lime,36,0.981395,36,0.312919,0.741789,0.42887,0.064408,0.963525,0.161645,0.772628,,,0.0270618 -0.0134664 0.0110937 0.0206703 0.00735749 -0.029172 -0.0197986 0.0222248 -0.0184199 0.408106 -0.0318523 -0.00136407 -0.0041665 -0.0070437 0.471243 0.010292 -0.016515 0.182868 -0.0187712 0.0678799 0.0546545 -0.000314837 -0.0238049 0.00380096 0.0470611 0.0362758 -0.0320442 0.00227131 0.00730786 0.0300965 -0.0192986 -0.0273444 0.0346678 -0.0197345 0.0196256 -0.0218558,800,0,cuda,41.31,48.43
test,922,British_Shorthair_36,British_Shorthair,cat,correct,British_Shorthair,lime,9,0.99877,35,0.626714,0.988737,0.362023,0.060024,0.902559,0.163419,0.705396,,,0.0368248 -0.00907048 0.0286484 -0.00142734 -0.00552671 0.0510428 0.00158274 -0.116711 -0.0294762 -0.0482092 -0.00543228 0.00178348 -0.00447739 -0.0759229 0.0853969 0.0517723 0.0959184 0.00217651 0.228549 0.050289 0.103817 0.299463 0.223006 0.386056 -0.00823946 0.0558122 0.077059 0.0148006 -0.0426309 -0.00851802 -0.0171295 -0.00354782 -0.00197931 -0.00897475 0.010749,800,0,cuda,26.59,27.58
test,1402,german_shorthaired_28,german_shorthaired,dog,correct,german_shorthaired,lime,14,0.999956,38,0.187022,0.801076,0.614055,0.149759,0.941939,0.350634,0.744462,,,0.0633078 0.0045059 0.00535797 0.0238445 -0.00731872 0.01907 0.454836 0.0152402 0.00996746 0.0851852 0.0319297 -0.0401324 0.00636862 -0.0121543 0.0470671 0.0171603 -0.0167199 0.23051 0.0155966 -0.00660191 0.00586563 0.0524754 0.0105496 0.0999706 -0.0071978 0.0192509 0.152248 -0.000867322 -0.0163188 0.0541021 0.00587004 -0.00902432 0.0405822 0.0237424 -0.0265581 0.00523233 -0.0226775 -0.00433571,800,0,cuda,38.92,43.73
test,3443,staffordshire_bull_terrier_77,staffordshire_bull_terrier,dog,wrong,american_bulldog,lime,1,0.961241,45,0.253846,0.926549,0.672703,0.1225,0.868029,0.33182,0.836521,,,0.0225958 0.0204094 0.015988 0.00232668 -0.0173651 -0.0170273 0.0327826 0.493276 -0.0172063 0.0106243 -0.00261439 0.0286121 -0.0169865 0.0130142 0.0542489 0.0303758 0.224055 0.0187961 0.0018387 0.0068785 -0.00964903 0.0123462 0.0452533 -0.000658094 -0.0367655 -0.000590811 0.244403 0.00776175 0.0965863 0.0185406 0.0018464 0.0121168 0.00202852 0.023169 0.0116776 0.0116774 0.000194429 0.0245259 0.0119033 -0.00273549 -0.0301681 -0.00770663 0.00103064 0.00765439 0.0236131,800,0,cuda,42.08,42.95
test,167,american_bulldog_71,american_bulldog,dog,correct,american_bulldog,lime,1,0.999727,42,0.420022,0.775425,0.355403,0.280157,0.894121,0.581889,0.758191,,,0.114125 0.0311145 0.0516924 -0.00105597 0.025898 0.0103383 0.315205 0.10686 0.140279 0.00201255 0.0578871 0.15962 -0.00114339 0.217097 0.0256619 -0.00155537 0.00273186 0.0234722 0.0687138 0.0287918 0.111297 0.135573 0.0168537 0.0197927 0.0262991 0.0117827 -0.00908529 0.0464891 0.0224997 0.0359769 0.0120836 0.0149268 0.0196612 0.00594519 -0.00122921 -0.016681 -0.00232273 0.0102252 0.0214321 0.00469707 0.0209496 0.00516255,800,0,cuda,30.15,32.51
test,2469,pomeranian_8,pomeranian,dog,correct,pomeranian,lime,24,0.999529,39,0.572166,0.995314,0.423148,0.180894,0.921374,0.356819,0.628144,,,0.000873889 -0.0365708 0.0219934 0.0149498 -0.0165905 -0.0089942 -0.0216438 -0.0248004 -0.00212846 -0.0236307 -0.00951984 0.176331 0.0163196 0.0362911 -0.00227025 -0.0358509 -0.00414154 -0.00233551 0.177301 -0.0253869 0.0758832 0.00432554 0.0149248 0.0031248 0.0744101 0.0537863 0.0027203 0.0412274 -0.000557861 0.209284 -0.047516 0.0922274 0.387492 -0.00318814 -0.0297681 -0.00469567 0.0238565 -0.00072534 0.019947,800,0,cuda,38.37,44.26
test,2273,newfoundland_93,newfoundland,dog,correct,newfoundland,lime,22,0.999533,33,0.386639,0.72152,0.334881,0.272412,0.836949,0.445667,0.575076,,,0.00744979 -0.0124094 -0.00497148 0.035893 -0.0106704 -0.00560219 0.0226413 0.00779755 0.192051 0.0899486 0.110671 0.0253563 0.0116564 0.0358638 0.0349062 0.0973917 0.0655231 0.0109113 0.0769807 0.0217642 0.0922905 0.0197114 0.101379 0.185599 0.000786838 0.122309 0.0171073 -0.00956457 -0.0178802 0.00461982 0.0225011 -0.019933 0.00468348,800,0,cuda,23.7,24.5
test,3403,staffordshire_bull_terrier_40,staffordshire_bull_terrier,dog,correct,staffordshire_bull_terrier,lime,1,0.861107,34,0.603874,0.955499,0.351625,0.047223,0.924851,0.13699,0.804395,,,-0.033118 -0.00378012 0.357567 0.0059148 -0.038016 -0.296669 0.29878 0.202792 0.0354243 0.188569 -0.00778727 0.0857028 0.0391853 -0.0192533 -0.0175621 0.0632732 0.0207739 0.0495328 0.0398718 0.037436 0.0834886 0.0302382 0.021586 0.0280325 0.00749698 -0.0162389 -0.0300692 0.0367013 -0.00248137 -0.013205 -0.0385831 0.0210553 -0.0140872 -0.0390467,800,0,cuda,35.85,38.39
test,12,Abyssinian_217,Abyssinian,cat,correct,Abyssinian,lime,5,0.73551,29,0.606704,0.986433,0.379728,0.076724,0.795018,0.158179,0.735715,,,-0.0479355 -0.00680417 0.0279225 -0.0312981 0.0150058 0.000121534 0.0694612 0.0388858 -0.0210519 -0.000753514 0.0809995 0.113282 -0.00735121 0.0407479 0.001285 0.00250535 0.0630612 0.00913888 0.00985488 0.384591 0.0198892 -0.0478678 -0.0248679 0.0186884 0.0446743 -0.109376 0.00873526 -0.0225509 -0.00692122,800,0,cuda,55.01,57.39
test,1546,great_pyrenees_68,great_pyrenees,dog,correct,great_pyrenees,lime,15,0.995671,37,0.391004,0.878891,0.487887,0.22265,0.928774,0.393215,0.781898,,,0.0166099 0.0422717 -0.000584267 -0.0104731 0.0594168 0.0187216 0.0115751 0.0129134 0.0167253 0.0304839 -0.0122191 0.0115115 0.375916 0.176564 0.00141648 0.0066239 0.0135029 0.00538876 0.117648 0.277045 0.125615 -0.00248686 0.0656783 -0.000305292 -0.0121082 0.0754024 0.0287082 -0.00698473 -0.0105853 -0.0049112 -0.0113022 0.010998 -0.00609987 -0.0174594 0.0175703 0.000767487 -0.0049023,800,0,cuda,45.15,60.33
test,617,Birman_27,Birman,cat,correct,Birman,lime,6,0.996695,38,0.611029,0.996019,0.38499,0.294679,0.846988,0.616693,0.693186,,,0.028685 0.0116116 0.013263 0.0244474 0.0359353 0.00830266 0.0303487 0.0569069 0.0454341 0.135986 0.0699514 0.132076 -0.00880581 0.0276827 0.259524 0.264348 0.241936 0.00273556 0.0754242 0.0870274 0.0416848 6.68969e-05 0.0774427 0.0523618 0.0266431 0.137241 0.124592 0.0218795 0.0254338 -0.0338136 0.00124829 -0.00286405 0.00998395 -0.0121666 -0.0226531 -0.000349208 -0.00334636 -0.0201833,800,0,cuda,35.81,39.43
test,1092,Egyptian_Mau_209,Egyptian_Mau,cat,wrong,Russian_Blue,lime,0,0.443523,36,0.561842,0.866303,0.304461,0.066473,0.736694,0.245687,0.668492,,,0.0584574 0.00671704 -0.0156355 0.00185293 0.0231853 0.0178549 0.194503 0.072951 0.00713969 0.0769326 0.0570354 -0.00100996 0.0824016 0.0503958 0.0031544 0.194171 0.0390772 0.0185312 0.00126974 0.0263239 0.0557658 0.0275323 0.0417799 0.027381 -0.0172153 -0.0171987 -0.0132868 -0.00698653 -0.00477183 -0.0423971 0.0020909 -0.0108762 0.0144361 0.0259161 -0.0280045 0.00735361,800,0,cuda,18.31,19.37
test,90,Abyssinian_93,Abyssinian,cat,correct,Abyssinian,lime,0,0.998802,32,0.848812,0.992033,0.143221,0.419676,0.841156,0.388085,0.508616,,,0.0674238 0.0191376 0.00348867 0.000512024 0.0039803 0.109148 0.0934929 0.00669663 0.0370735 0.0230964 0.0815207 -0.0392321 0.125504 0.00674423 0.00113968 0.000659439 0.0361861 0.0222052 0.0095959 -0.030503 0.206487 -0.00570999 0.0140306 0.019682 -0.0216514 0.0569459 0.00139867 0.0405265 0.0740944 0.0652576 0.0805427 0.0633364,800,0,cuda,53.35,58.0
test,612,Birman_22,Birman,cat,correct,Birman,lime,6,0.946484,41,0.375518,0.979497,0.603979,0.094619,0.877145,0.280318,0.755537,,,0.0142878 0.00291231 0.00332244 0.022692 -0.0113181 0.00241213 -0.0033395 0.0895859 -0.0149081 -0.00352913 0.0194915 -0.00439324 0.0191304 0.427505 0.0324036 -0.0223443 0.00924379 0.0206573 -0.0299369 0.150023 0.041808 -0.000179348 -0.00712716 -0.00870645 0.240329 -0.00571863 0.01051 -0.00102716 -0.0307695 -0.0224202 0.0402943 -0.00164365 -0.00434653 -0.000559614 0.0252725 0.0803483 -0.000823157 0.00746527 0.017904 -0.0123491 -0.00182692,800,0,cuda,41.72,43.07
test,3323,Sphynx_36,Sphynx,cat,correct,Sphynx,lime,33,0.999615,31,0.412368,0.859143,0.446775,0.224502,0.846379,0.382067,0.84051,,,0.0104608 0.156615 0.101642 0.0460396 0.00938078 -0.0109612 0.097659 0.0187414 -0.0113125 0.160127 0.00424667 0.0733354 -0.00964821 -0.00754739 0.165064 0.00367651 0.0187879 0.0273177 0.197455 0.0402793 0.0517349 0.0308061 -0.000884563 0.00812979 0.369793 0.0143202 0.0162361 0.061894 0.0179267 0.054609 0.0266923,800,0,cuda,41.29,48.06
test,1404,german_shorthaired_2,german_shorthaired,dog,correct,german_shorthaired,lime,14,0.947637,38,0.638174,0.953055,0.314881,0.181561,0.717539,0.010418,0.653989,,,0.00589559 0.0157341 0.0121998 0.00047481 -0.0249572 -0.00457579 -0.0322352 0.0373368 -0.0017456 0.127756 0.0399729 0.0771178 0.00473546 0.0582036 0.0566202 0.1236 0.097279 0.276707 0.0194137 0.0201945 0.11189 0.0154564 0.0436566 0.0977733 0.0175441 0.0137498 0.0148742 -0.020465 0.019034 -0.0555267 -0.0115367 -0.0425723 -0.00334282 0.00186536 0.0367867 0.0302393 -0.00366405 -0.0106431,800,0,cuda,53.17,58.54
test,857,boxer_74,boxer,dog,correct,boxer,lime,8,0.998863,32,0.898398,0.996401,0.098003,0.509757,0.935302,0.117122,0.224444,,,0.00314164 0.00784164 0.0222389 0.0180639 0.00980954 0.00649045 0.0296882 0.036939 0.00145691 0.0339386 0.00917086 0.0336355 0.0130653 -0.0021321 -0.000776527 0.00486019 -0.00415429 -0.00625378 0.00330972 -0.0021586 0.00055342 0.0232074 -0.00065536 0.0109039 0.0159939 -0.00184131 -0.000548433 0.00302573 0.00401578 0.00369785 0.00705142 0.00383312,800,0,cuda,38.09,41.56
test,3230,Siamese_51,Siamese,cat,correct,Siamese,lime,32,0.849861,33,0.844288,0.972153,0.127864,0.091123,0.745429,0.222741,0.64609,,,0.0312056 0.0545232 0.0940435 0.162613 0.126707 0.150781 0.156694 0.00894079 0.0896269 -0.00772163 0.141069 -0.0707455 0.0485586 -0.0193789 0.0136923 0.0932818 0.161547 -0.00600969 0.0728322 -0.00693563 0.046004 -0.0388035 0.00340085 -0.00861401 0.123834 0.0225805 -0.0360796 -0.0132056 -0.0533454 -0.0240196 0.00926847 -0.0241141 0.0127317,800,0,cuda,50.26,52.83
test,777,Bombay_90,Bombay,cat,wrong,scottish_terrier,lime,7,0.489361,31,0.777364,0.82946,0.052096,0.064845,0.688126,0.090669,0.627374,,,0.00220384 -0.00274341 -0.00565509 0.00960188 -0.0927446 0.00895524 0.0529795 0.043193 0.0426322 0.149146 0.00569996 0.0208773 -0.00901577 -0.00351294 0.0165151 -0.0455986 0.066918 -0.0239017 -0.0287073 -0.0555333 -0.0232404 0.196263 -0.0186925 -0.0452591 -0.0250816 -0.0521301 0.0229709 -0.00319958 0.0653504 -0.00264546 0.0162717,800,0,cuda,28.72,32.74
test,1638,havanese_60,havanese,dog,correct,havanese,lime,35,0.753122,45,0.966538,1.0,0.033462,0.077467,0.754581,0.037551,0.520144,,,-0.0113437 -0.0187309 0.0972974 0.147149 0.00352042 0.0569459 -0.012216 -0.0162759 -0.00714316 0.017902 0.0560275 0.00618823 0.0252516 0.0139796 -0.00641364 0.0298373 -0.00951705 0.0393413 -0.0673119 0.0867957 0.0536513 -0.00543345 -0.0523423 0.0316441 0.0371129 0.0614883 0.0248889 0.0468518 0.159393 0.00271502 -0.00432179 0.0264088 -0.0233902 0.0706779 -0.0126494 0.0793475 0.00864102 0.0111013 -0.000162354 -0.00383801 0.00603886 0.00792828 -0.0028258 0.0413631 0.00305787,800,0,cuda,42.18,49.13
test,1986,Maine_Coon_239,Maine_Coon,cat,correct,Maine_Coon,lime,20,0.470851,36,0.893196,0.998771,0.105575,0.103308,0.522907,0.026108,0.597777,,,-0.0381175 0.00089212 0.0216204 -0.0126187 -0.0347718 -0.0157036 0.00516031 0.00693254 0.0213717 -0.0158561 -0.00185098 0.00818088 0.0122705 0.018841 -0.00269538 -0.00129511 0.00247802 0.0345555 0.0537326 -0.0291427 0.00538358 0.0152806 0.0171479 0.0794723 0.00862667 0.125821 0.0631359 0.0185316 0.0679979 0.00467361 -0.00717373 0.0221989 -0.00132038 -0.0024013 0.00115902 -0.0121595,800,0,cuda,43.81,45.71
test,2352,Persian_70,Persian,cat,correct,Persian,lime,23,0.999201,33,0.677136,0.958356,0.281219,0.152068,0.883494,0.386402,0.749755,,,0.0725186 0.0331501 0.0237549 0.0154998 -0.00905064 0.00544759 0.00181448 -0.022246 0.00269689 -0.00797051 -0.00131012 0.017921 -0.029356 0.0332884 0.215349 -0.0419042 0.109283 0.00975948 -0.0342631 0.161217 0.303875 0.0613263 0.000989102 0.0975681 0.31607 0.070356 -0.00600381 0.300173 0.0243795 -0.0190494 -0.00966241 -0.0141503 -0.00439176,800,0,cuda,29.82,31.48
test,3235,Siamese_56,Siamese,cat,wrong,Birman,lime,32,0.580889,31,0.704879,0.916042,0.211163,0.029746,0.72745,0.119276,0.59365,,,0.0557082 -0.0146655 -0.0249191 0.0181668 -0.0639375 -0.164799 0.0726532 0.00900987 0.0156834 0.0649479 0.051214 0.0183754 -0.0257528 0.245799 0.0306002 0.00390959 -0.0310309 0.0719296 0.0230934 0.0392774 -0.0250641 0.0451738 0.000141453 -0.0142443 -0.00482356 0.0576406 0.071777 0.00978536 -0.0230844 0.0302662 -0.0104861,800,0,cuda,42.48,44.96
test,3473,wheaten_terrier_195,wheaten_terrier,dog,correct,wheaten_terrier,lime,35,0.730839,33,0.0,0.0,0.0,0.040766,0.768002,0.269817,0.568856,,,-0.0135932 -0.000839481 0.0133092 0.0270656 -0.0114075 -0.00334678 0.00693684 0.0029612 -0.00967617 -0.0114254 -0.00478049 0.00636413 0.0033926 -0.0150817 -0.016256 -0.0118524 0.0076651 0.0500153 0.0268777 0.00156582 0.107766 -0.00233412 0.0176045 -0.0148346 0.212144 -0.0103452 -0.00419377 0.144985 -0.00733647 0.0350552 0.10423 -0.000357905 0.0120515,800,0,cuda,54.59,57.84
test,28,Abyssinian_27,Abyssinian,cat,correct,Abyssinian,lime,0,0.999977,39,0.654237,0.786629,0.132392,0.366092,0.893344,0.286143,0.6082,,,0.124646 0.0333834 0.0193908 0.0161441 0.00757652 0.00248029 -0.0136347 -0.00104626 0.0549262 0.0345936 0.00622247 -0.0119663 -0.00537825 0.00269366 0.0250667 -0.00478459 0.0148123 0.00089933 0.0695499 -0.00386503 0.267748 0.0203344 0.0119118 -0.0323311 0.0311001 0.00619329 0.012596 0.209927 0.0661403 -0.0245278 -0.00943626 0.0335269 0.0132624 -0.0199045 0.0137743 0.00559543 0.0036575 0.0330719 -0.0172673,800,0,cuda,26.95,27.98
test,1522,great_pyrenees_46,great_pyrenees,dog,correct,great_pyrenees,lime,15,0.968327,37,0.623585,0.995027,0.371442,0.126599,0.859881,0.06909,0.702541,,,0.00356796 -0.00820868 -0.0331154 0.0156411 -0.0176468 -0.0314922 0.0156666 -0.0220363 0.0654506 0.00377716 -0.0198416 -0.029208 0.0834444 0.137882 -0.0252789 0.0382332 -0.0153437 0.0981481 0.0223715 -0.016512 -0.00575327 0.126874 0.0900951 0.433314 0.218332 0.121587 0.0157952 -0.0414786 0.0159245 -0.0523501 -0.0214841 0.126494 -0.0112506 -0.00641346 0.0163011 0.0497022 -0.00550675,800,0,cuda,28.1,28.72
test,1066,chihuahua_83,chihuahua,dog,correct,chihuahua,lime,10,0.997133,34,0.296556,0.671364,0.374808,0.098235,0.819659,0.221114,0.62587,,,0.0611185 0.272088 0.049127 0.0138351 0.018231 -0.0155098 0.0933393 0.0294936 0.018714 0.0313563 0.0630448 -0.0170494 -0.0212385 -0.0314593 0.0138872 -0.0248814 0.00926241 0.348835 0.0116994 0.012594 -0.0119901 0.0353716 0.00931735 0.147822 0.0295122 -0.0402563 -0.0103313 -0.0180882 -0.0260243 0.0121679 -0.00291335 -0.00116583 0.00655023 0.0205007,800,0,cuda,30.7,36.0
test,1911,leonberger_37,leonberger,dog,correct,leonberger,lime,19,0.992552,39,0.668367,0.966732,0.298364,0.263284,0.849771,0.506032,0.596837,,,0.007373 0.0125904 -0.0252663 -0.0180595 -0.000236538 0.00160185 0.0246494 -0.0144227 -0.00639688 0.0408737 0.0209647 0.0619243 0.14849 0.0682563 -0.0171331 -0.0182811 -0.0219678 0.0564268 0.0894315 -0.0152294 -0.0227888 0.0145377 -0.0413914 0.0753393 0.0730063 0.022674 0.257303 0.19657 0.0785183 0.037675 0.0650635 0.101152 0.0928402 0.030141 0.218326 0.0470581 0.0256838 0.079473 0.0358259,800,0,cuda,36.9,37.57
test,2538,pug_60,pug,dog,correct,pug,lime,25,0.999711,37,0.517339,0.833621,0.316282,0.072218,0.928979,0.139549,0.849239,,,0.0236051 0.0604857 0.0132749 0.170769 0.0479158 0.024313 0.0289295 0.0165628 0.00650989 0.00440266 0.724709 0.0325253 0.00317281 -0.0127583 0.235244 0.0398476 0.0343323 -0.0233358 0.00343488 -0.0257865 0.00822441 0.0202315 -0.0173498 0.0189549 0.0116168 -0.00442041 -0.0108077 0.0177243 -0.0154818 -0.0233989 0.0113322 -0.0141092 -0.0123613 0.00375659 -0.00608542 0.00513944 0.00092025,800,0,cuda,36.14,42.14
test,74,Abyssinian_78,Abyssinian,cat,correct,Abyssinian,lime,0,0.999755,37,0.457589,0.985196,0.527606,0.316484,0.919822,0.27641,0.433464,,,0.00124268 -0.0037069 -0.00181033 0.0179887 -0.00173073 0.0319764 -0.000822039 -0.00633541 0.013736 0.0473723 0.0103884 -0.001054 0.00947916 -0.0106745 0.0137033 0.0166646 0.0275029 0.101123 -0.00298518 0.0507311 -0.00311098 0.0366767 0.0077069 0.0528156 -0.00897554 0.0824791 0.0225181 0.00920517 0.00839074 0.0307932 0.094728 0.0474319 0.00771138 0.0658653 0.000589317 -0.00144555 -0.00859502,800,0,cuda,34.95,37.89
test,515,Bengal_25,Bengal,cat,correct,Bengal,lime,5,0.99218,42,0.164342,0.783802,0.61946,0.145957,0.958795,0.274883,0.716344,,,0.00444463 -0.00744528 -0.000107651 -0.00395046 0.00245689 0.129431 0.148859 0.00580682 0.183128 0.0235876 0.00479382 0.00380656 0.0136758 -0.00819277 0.424488 0.0296147 -0.0311291 0.0512084 0.0114964 0.00504264 -0.014215 0.00227148 0.00475464 -0.00234267 0.0110003 4.84302e-05 -0.0109416 -0.00490153 0.00154113 -0.0184887 0.0129657 0.0121414 -0.00915993 0.0136225 0.00184276 0.0119265 -0.000336502 0.00266943 -0.036137 0.041009 0.0086783 0.0128801,800,0,cuda,25.3,27.77
test,1309,english_setter_34,english_setter,dog,correct,english_setter,lime,13,0.999858,41,0.515127,0.857445,0.342318,0.273608,0.873121,0.486126,0.616457,,,0.00626827 0.0158171 0.00198578 0.00488459 0.00562803 0.0095675 0.00114294 -0.013367 0.0136327 0.167422 -0.0181151 0.0195779 0.18366 -0.0229235 0.143619 0.272136 0.00397664 0.017133 0.0174325 0.101185 -0.0248435 0.0582934 0.0671823 0.136093 0.0220328 0.166316 0.0435336 0.00680084 -0.00500043 0.0131984 -0.00617823 0.0102686 -0.0046741 0.00610137 0.00691728 0.121619 -0.0457536 -0.0107008 -0.0183335 0.00714501 0.000746046,800,0,cuda,34.09,39.73
test,2609,Ragdoll_26,Ragdoll,cat,correct,Ragdoll,lime,26,0.573176,36,0.799167,0.836394,0.037227,0.032354,0.104444,0.473301,0.316093,,,0.00418762 0.0111174 0.00313804 0.00268034 0.00522586 0.0169517 0.00817922 0.00512593 0.00595283 0.00519991 0.00715334 0.00745505 -0.00747969 0.00137463 -0.00279791 -0.00553575 0.00353663 0.0141227 0.00217341 0.00412138 0.00302834 0.000626565 0.00364348 0.00170108 0.00613416 0.00207021 0.00524879 0.00783249 0.00586873 -0.00372888 0.00582146 0.00231162 0.00366574 0.003233 0.00865187 0.00089249,800,0,cuda,29.58,35.74
test,2227,newfoundland_51,newfoundland,dog,correct,newfoundland,lime,22,0.989193,35,0.342395,0.766233,0.423838,0.152407,0.922473,0.123044,0.854421,,,0.032663 0.0470869 0.00674115 -0.0271136 0.0130308 -0.000556082 -0.00636963 0.0492849 0.00662351 -0.00203505 -0.0509227 -0.0215443 0.491717 -0.0350553 -0.00833683 0.00408283 0.00845303 0.0482171 -0.0279412 -0.00202388 0.0157949 0.0120303 -0.00307303 0.16367 0.0281957 0.028057 -0.0452959 0.201099 -0.00414458 -0.00440934 0.0225222 0.0146055 0.0199025 0.0202591 0.00429008,800,0,cuda,38.19,43.08
test,2002,Maine_Coon_265,Maine_Coon,cat,correct,Maine_Coon,lime,20,0.909029,43,0.652184,0.853265,0.201081,0.158681,0.862259,0.288108,0.616093,,,0.000847617 -0.00404622 -0.027343 0.16599 -0.0396585 -0.00585932 0.000869599 0.0578857 0.00188737 0.00474177 0.000852629 0.0226858 -0.00191061 0.00404408 0.00460697 -0.0169396 0.085995 0.235718 0.0855805 -0.0402702 0.0677418 0.00257259 0.0584774 -0.121073 0.00464208 -0.0158472 0.0859477 0.0276352 0.0132944 0.0827738 -0.00995592 0.00890964 0.12964 -0.0531877 -0.0125134 -0.00320644 0.0287048 -0.0042163 0.0190614 0.00966641 0.00574407 -0.0105318 0.00725166,800,0,cuda,42.09,46.53
test,2157,miniature_pinscher_79,miniature_pinscher,dog,correct,miniature_pinscher,lime,21,0.928935,38,0.07111,0.61789,0.54678,0.042303,0.904219,0.214731,0.827097,,,0.00231449 0.0186752 -0.016449 -0.0308771 -0.0155805 -0.0142597 -0.0100866 -0.000510422 -0.0263431 -0.00782761 -0.0049979 0.00873052 -0.0298594 -0.012657 0.0377851 0.181692 -0.000924475 0.0209778 -0.00177377 -0.00690894 0.0927111 0.0109781 0.258149 0.375281 0.0119171 0.0319352 -0.00204979 0.0270274 -0.000338435 0.127141 0.162523 0.0792154 0.0267299 0.183973 0.0486734 0.0207511 0.015986 0.0143003,800,0,cuda,51.75,54.45
test,1584,havanese_193,havanese,dog,correct,havanese,lime,16,0.998752,35,0.468571,0.544656,0.076085,0.29353,0.753519,0.544031,0.820755,,,0.167498 0.086175 0.0230749 0.052133 0.0825585 -0.00748153 0.139115 -0.00427461 0.027155 0.0141159 0.153084 -0.000361002 0.232198 0.016126 0.0487199 0.376201 0.0290837 0.188828 0.00391284 0.0107495 0.144562 0.0626861 0.0773427 0.0122084 -0.00631742 0.0192234 0.00216849 -0.00812265 -0.0173629 0.108789 0.00111543 -0.0175045 0.0266836 -0.00417806 -0.00447187,800,0,cuda,24.8,30.85
test,1517,great_pyrenees_41,great_pyrenees,dog,correct,great_pyrenees,lime,15,0.980597,34,0.841976,0.98079,0.138814,0.222361,0.849212,0.33259,0.68513,,,-0.00897537 -0.00786032 0.0541954 0.200378 0.0493236 0.000431671 0.00587681 0.15172 0.104483 0.129476 0.0412361 0.274181 0.251079 0.0114103 0.0876295 0.0933847 0.0283187 0.0283369 0.00222962 -0.00477572 0.0130691 0.0337409 -0.0147877 -0.0127429 -0.0114432 -0.0260418 0.0422757 0.0525658 -0.0215545 0.0106672 0.0123591 -0.00732412 0.00450826 -0.0087095,800,0,cuda,29.25,37.97
test,116,american_bulldog_24,american_bulldog,dog,correct,american_bulldog,lime,1,0.999979,34,0.785256,0.991298,0.206042,0.329098,0.808776,0.701998,0.666821,,,0.00439773 0.0194852 0.0262115 0.0465271 0.0596776 0.302208 0.232036 0.0454319 0.0191349 0.067278 0.118075 0.040818 0.152358 0.045833 0.151641 0.0778374 0.0257484 0.0146297 0.0320196 0.108303 0.207684 0.0274914 0.056209 0.00810481 0.0335872 0.0195397 0.0270226 0.00593144 -0.00701479 0.00591468 0.0115664 0.0226347 0.00357066 0.00646986,800,0,cuda,39.13,46.41
test,2341,Persian_60,Persian,cat,correct,Persian,lime,23,0.999479,37,0.371632,0.609957,0.238325,0.126443,0.924112,0.207601,0.740851,,,0.0183977 -0.012478 0.0704088 0.00388547 0.0289359 0.0459349 0.013726 -0.0122695 0.0173021 0.0127811 -0.0139998 -0.00765542 0.254224 0.0127536 -0.00251454 0.139774 0.000350095 0.153706 -0.00176849 0.368982 0.00468438 0.37057 -0.0105578 0.00367114 -0.00434396 -0.0252049 0.0814447 0.0202111 -0.0114034 -0.0283775 -0.00192727 0.0110436 0.00268007 -0.00140872 -0.0185528 -0.0141923 0.0104594,800,0,cuda,35.78,38.87
test,1072,chihuahua_89,chihuahua,dog,correct,chihuahua,lime,10,0.999097,27,0.510702,0.815425,0.304723,0.087669,0.851656,0.099988,0.896997,,,-0.0157737 0.0303905 0.0557518 0.0663481 -0.0070527 0.0290742 0.800447 0.134311 -0.00997113 0.0622412 0.013446 0.0156764 0.0512664 0.00529881 -0.00962541 0.0236979 0.0122369 0.0798254 0.00465554 -0.00639615 0.0152944 0.0174908 0.00932277 -0.0135105 0.0087619 -0.00318926 -0.000638704,800,0,cuda,32.0,45.75
test,2691,Russian_Blue_211,Russian_Blue,cat,correct,Russian_Blue,lime,27,0.995012,31,0.621333,0.976337,0.355004,0.150244,0.883307,0.345996,0.687765,,,-0.0113969 0.0324247 0.0392682 0.112134 0.0349414 0.0158941 0.119229 0.366009 0.179534 0.0601395 0.113737 0.252615 -0.0111814 0.184858 -0.0799038 0.0403268 -0.0114936 0.0454202 0.00474046 0.00872424 0.126715 0.0207631 -1.43259e-05 0.0109016 -0.00512842 0.0430904 -0.0242012 -0.0375313 0.0149086 0.0200676 -0.0144892,800,0,cuda,39.44,42.03
test,1799,keeshond_25,keeshond,dog,correct,keeshond,lime,18,0.999109,41,0.165637,0.824703,0.659066,0.055793,0.920086,0.149958,0.862724,,,-0.00822101 0.00573199 0.0221906 -0.00748537 0.00690602 -0.00269149 0.0106208 0.00376801 0.00626719 -0.0188936 0.000959878 0.0273672 0.0156123 0.0483921 0.0190467 0.0116555 0.0130052 0.0292478 0.0601081 -0.00222054 0.0201665 -0.00831262 -0.0407362 0.705733 0.157762 -0.0188214 0.00211174 0.191771 0.118812 -0.0046024 0.0348447 0.00920403 -0.0216968 -0.00546665 0.0144294 0.011114 -0.00364322 0.00865877 -0.0180438 0.005651 -0.0339925,800,0,cuda,47.42,48.26
test,2820,saint_bernard_45,saint_bernard,dog,correct,saint_bernard,lime,28,0.999612,39,0.138054,0.527019,0.388965,0.116987,0.870609,0.051089,0.889844,,,-0.00186483 -0.0249754 0.000987121 -0.00638749 0.0004127 -0.00459082 0.0170154 0.0217356 0.0164077 0.13557 0.0428625 0.00712656 0.0914474 -0.0139447 0.0887511 0.00914031 0.00255731 -0.0120616 -0.000917297 -0.000462664 0.0155048 0.723751 0.0085303 0.00468836 -0.00248607 0.00269632 0.0024806 -0.00708408 -0.00697602 -0.00601279 -0.00225419 -0.0315217 -0.0163507 -0.00827176 0.0131528 -0.0278404 -0.0119978 -0.00792618 -0.00722739,800,0,cuda,42.32,51.86
test,3333,Sphynx_45,Sphynx,cat,correct,Sphynx,lime,33,0.959851,28,0.211117,0.70251,0.491393,0.177684,0.877516,0.268054,0.847022,,,0.00507474 0.0133993 0.0188572 0.0187878 -0.00575381 -0.0044893 0.00785944 0.0101493 0.0156733 0.0187769 0.502386 0.0097881 0.114724 0.0414044 -0.00220151 0.119197 0.0124264 -0.00259324 0.114745 0.158993 0.000728894 0.0134962 0.00842143 0.0184102 0.0148649 -0.0147349 -0.0139326 -0.0147756,800,0,cuda,37.39,37.94
test,3063,scottish_terrier_85,scottish_terrier,dog,correct,scottish_terrier,lime,30,0.999756,44,0.488002,0.778249,0.290247,0.352467,0.946958,0.495359,0.616533,,,0.0282309 0.00161314 0.00982385 0.0199757 0.0124314 0.00495741 0.0526668 0.0739809 0.00317918 0.0115165 0.00745774 0.0869408 0.0156661 0.0237486 0.162732 0.134808 0.0219536 -0.0108654 0.0150383 0.151514 0.00954486 1.18754e-05 0.343758 -0.0040415 -0.0164933 0.0358832 0.00657829 0.0239152 -0.0142456 0.0745621 0.0311724 -0.0191422 0.0132065 0.00712545 -0.0124143 0.0918763 -0.00668594 0.0502761 -0.0161659 0.00776644 -0.000739723 -0.0384867 0.0112352 0.016911,800,0,cuda,48.55,60.94
test,1600,havanese_26,havanese,dog,correct,havanese,lime,16,0.998743,39,0.474888,0.987789,0.512901,0.178954,0.807632,0.374491,0.771353,,,0.0244216 0.0848129 -0.0165539 0.0550288 0.00967178 0.0157794 -0.00967292 0.0173653 -0.0287297 0.0409089 0.0483571 -0.00114957 0.0430781 0.107775 0.00852091 0.289564 -0.00411851 0.113976 0.0345238 0.120582 0.023466 0.275513 0.371992 0.0210585 0.112463 0.0334275 0.00481349 0.0513779 0.0565613 0.028064 0.00751851 0.0148942 0.00301762 -0.0192179 -0.00278872 -0.00401803 -0.0318844 -0.00188708 -0.0257463,800,0,cuda,20.61,21.89
test,622,Birman_31,Birman,cat,correct,Birman,lime,6,0.957359,27,0.681461,0.919308,0.237847,0.154453,0.861842,0.242296,0.799202,,,0.0302354 -3.1811e-05 0.00874625 -0.00414182 -0.00781128 -0.00472279 0.106201 0.461776 0.288267 -0.0138641 0.0311237 0.148535 0.168422 0.116008 0.0748949 0.0182212 0.0310486 0.0505264 0.0121728 0.010143 0.00750932 0.0282775 -0.106294 -0.0246851 0.0515704 -0.00655278 0.0121113,800,0,cuda,43.16,46.49
test,3306,Sphynx_246,Sphynx,cat,correct,Sphynx,lime,33,0.850542,40,0.299267,0.839441,0.540174,0.067317,0.865464,0.459887,0.825834,,,0.00657775 -0.000999663 0.0342679 0.00394718 -0.00172028 0.419604 0.0613421 0.000151419 0.0717011 0.00222938 -0.00037883 0.242397 0.0631876 0.169621 0.0404363 -0.0293262 -0.010262 0.000415659 0.00756075 -0.0417059 -0.0189048 0.0802482 0.00352766 0.343246 -0.00905972 -0.0101913 -0.0275949 0.0504061 0.027194 -0.0154181 -0.0166383 0.0763314 -0.0252779 0.0166491 -0.01655 0.0256801 0.00111294 0.00742275 0.0131727 -0.0079366,800,0,cuda,36.45,39.03
test,409,beagle_204,beagle,dog,correct,beagle,lime,4,0.999707,22,0.66773,0.885691,0.217961,0.266219,0.767511,0.208544,0.683624,,,0.0484929 0.00139109 0.209845 0.0558078 0.114594 0.0579037 0.155144 -0.0162733 0.100579 0.189382 0.304364 0.0731795 0.11588 0.0638965 -0.0964394 0.122464 0.0261119 -0.0107535 0.0957389 0.0143567 0.0261599 0.00597209,800,0,cuda,34.16,34.99
test,2684,Russian_Blue_204,Russian_Blue,cat,correct,Russian_Blue,lime,27,0.999605,31,0.498426,0.762955,0.26453,0.307656,0.835009,0.525354,0.733508,,,0.10248 -0.0136249 0.0023449 0.170453 0.169365 0.0218139 0.006592 -0.0138344 0.013199 0.0623039 -0.00127317 0.0164893 0.194317 0.030896 0.00705334 -0.0172785 0.120402 0.00208616 0.03199 0.153243 0.18218 0.028687 0.00808939 0.059389 0.0550182 0.0627681 0.272709 0.0230999 0.081178 0.132965 0.0679103,800,0,cuda,25.95,30.12
test,1623,havanese_47,havanese,dog,correct,havanese,lime,16,0.998344,41,0.390266,0.617592,0.227325,0.113618,0.870799,0.104677,0.763788,,,0.113147 0.0129942 0.0209401 0.344849 0.130997 0.0108081 0.0176898 0.000228745 -0.0120147 0.054085 -0.0206667 0.00833331 0.30044 0.0146319 0.0851112 0.00770861 0.0362064 0.0217027 0.00156201 0.0513322 0.148154 -0.000522853 0.0907048 -0.0027453 0.011815 0.0170853 0.0199287 0.0615039 0.050901 -0.00378541 -0.00402968 0.00786206 0.000650777 -0.000188975 0.0155191 0.0291705 0.00120755 0.0127246 0.00674135 -0.00112655 0.00659506,800,0,cuda,38.17,42.92
test,115,american_bulldog_23,american_bulldog,dog,correct,american_bulldog,lime,1,0.971267,32,0.788186,0.995249,0.207063,0.067259,0.8056,0.24607,0.797257,,,0.0340375 -0.0155982 0.129715 -0.0142001 0.0112406 -0.0088107 -0.00759503 0.109754 0.0730166 0.00504117 0.266218 0.199662 0.338373 0.0276413 0.105769 0.174624 -0.0435377 0.250892 -0.00733644 -0.0217747 0.0359982 -0.0202173 0.0065832 -0.00223245 -0.00556735 -0.0164562 0.0911723 -0.0142708 0.0100785 0.0165338 0.0040067 0.00232781,800,0,cuda,28.77,35.52
test,288,american_pit_bull_terrier_91,american_pit_bull_terrier,dog,wrong,staffordshire_bull_terrier,lime,34,0.490111,40,0.267439,0.823062,0.555624,0.094501,0.614397,0.127332,0.673579,,,0.0391773 0.0014932 0.000250252 -0.00939238 0.00427774 -0.000142205 0.00462472 0.0242464 -0.0017273 0.0138619 -0.00280179 -0.00852034 0.00637628 0.111551 -0.0107576 -0.000881893 0.0112772 -0.000555516 -0.00430768 -0.0435682 0.0128919 -0.000426262 3.87771e-05 0.0258405 0.0702364 0.0100258 -0.00332669 0.00303606 0.0106362 0.0176634 0.218278 0.0271867 -0.000162298 0.104199 0.00321273 0.0388077 -0.00236342 0.0953886 -0.00442644 0.00997155,800,0,cuda,27.62,28.88
test,3449,staffordshire_bull_terrier_82,staffordshire_bull_terrier,dog,wrong,american_bulldog,lime,1,0.945672,36,0.452009,0.973507,0.521498,0.157091,0.910547,0.28174,0.750833,,,0.000564747 -0.0181102 0.546251 -0.00921706 -0.0413749 -0.00246756 -0.000818149 0.141439 -0.00391917 -0.00189939 0.126894 0.16063 0.0435709 0.00486093 0.00583816 -0.00499076 0.0316965 0.0304141 -0.0177284 -0.0104872 0.159729 -0.0311445 -0.00172262 0.0374988 -0.00844129 -0.00804028 0.02761 0.0278324 0.0141208 -0.0103197 -0.0309169 -0.0126935 -0.0057584 -0.00741595 0.0152382 -0.00873924,800,0,cuda,29.76,32.63
test,3055,scottish_terrier_78,scottish_terrier,dog,correct,scottish_terrier,lime,30,0.998145,33,0.33799,0.979062,0.641072,0.207947,0.914451,0.502802,0.64019,,,-0.012641 0.0225307 -0.000598522 0.0382348 -0.0167238 0.0629445 0.0199575 0.0132877 0.296072 0.0580523 0.233883 0.0810027 0.0836991 -0.0101294 0.0520741 0.101581 -0.015245 0.0298668 0.0249851 0.222982 -0.00798221 0.0307905 0.0425798 0.0662379 0.0306748 0.0243826 -0.015222 0.00302318 -0.0015392 0.0205627 0.0104732 -0.00694783 0.0243405,800,0,cuda,57.02,60.7
test,1181,Egyptian_Mau_9,Egyptian_Mau,cat,correct,Egyptian_Mau,lime,11,0.999961,36,0.359096,0.980582,0.621486,0.347345,0.953322,0.220822,0.383641,,,-0.00647972 -0.00161103 0.011067 0.016243 0.0011957 -0.00370523 0.0152164 -0.0100894 0.00648515 -0.0169694 0.00286382 -0.00519991 0.0665445 0.00796878 -0.000731972 0.00385212 -0.00606493 -0.00850853 0.0384398 0.00670489 0.00514665 0.102502 0.0116932 -0.00857053 0.0215784 0.0538603 0.000272241 0.00481932 0.0248724 0.0399126 0.0692755 -0.00106384 0.00970138 0.0401368 0.0161358 0.0689445,800,0,cuda,24.17,24.86
test,337,basset_hound_45,basset_hound,dog,correct,basset_hound,lime,3,0.933365,44,0.871692,0.991696,0.120005,0.157772,0.84117,0.380113,0.683139,,,0.0474786 0.0241906 -0.0125275 0.0143659 0.0514147 -0.0438228 -0.0398745 0.0934458 0.0236381 0.133718 0.0979656 0.0324573 0.10217 -0.0196271 0.227758 0.0434841 0.0268192 0.231019 0.25803 0.0148252 0.0630343 -0.0406781 -0.0507385 0.0600641 -0.0141636 0.0118662 0.0867191 0.0203016 0.00421261 0.00183912 -0.00134568 -0.00890203 0.0280055 0.0266379 0.0164435 -0.00840273 -0.0297163 0.0402802 0.000299964 0.0135191 0.00450109 0.00303733 0.0300376 -0.0285362,800,0,cuda,50.47,52.15
test,2687,Russian_Blue_207,Russian_Blue,cat,correct,Russian_Blue,lime,27,0.999109,37,0.630261,0.980591,0.35033,0.185153,0.865213,0.49156,0.696249,,,0.0322872 -0.00637898 0.0586049 0.0202813 0.0213314 0.0453343 0.00954807 0.0356549 0.024227 0.14883 0.161729 0.00843842 0.0133543 0.0379985 0.134295 0.015941 0.0560679 0.0144996 0.0402462 0.0431865 0.301023 -0.0373683 0.264675 0.011581 0.0202952 0.0779253 0.0348536 -0.00313791 0.0200713 0.0245677 0.0110109 -0.0207929 0.0677478 0.00139153 -0.0100854 -0.0220888 -0.0174229,800,0,cuda,35.38,36.34
test,46,Abyssinian_4,Abyssinian,cat,correct,Abyssinian,lime,0,0.996846,30,0.492945,0.755732,0.262788,0.226222,0.853197,0.326469,0.593025,,,0.0159506 0.0363762 0.0564025 0.0272335 -0.0156 0.0212772 0.0148056 0.0190644 0.0929448 0.253706 0.128964 0.0111524 0.0403002 0.0647453 0.106546 0.0612069 0.00837599 0.0207491 0.127611 0.228836 -0.00708208 -0.00409107 0.000897016 -0.0801827 0.00953046 0.0438667 -0.0408576 -0.015348 0.135494 0.0251754,800,0,cuda,32.78,34.67
test,747,Bombay_61,Bombay,cat,correct,Bombay,lime,7,0.999823,34,0.694057,0.994352,0.300295,0.347063,0.860678,0.324478,0.720562,,,0.0277601 0.0187676 0.0101298 -0.0209097 0.0138526 0.00581713 0.202411 0.306137 0.00591843 0.0181515 0.10465 0.011085 0.0529545 0.173351 -0.00327958 0.040421 0.000716025 0.00473369 0.0143042 0.0573788 0.00654137 0.0511842 -0.0111784 -0.00115115 0.0176945 0.0499712 -0.0186627 0.0164834 0.00400622 0.00579495 0.0170195 0.00586135 -0.00448048 0.00451007,800,0,cuda,41.72,51.04
test,3356,Sphynx_74,Sphynx,cat,correct,Sphynx,lime,33,0.999714,33,0.496273,0.986959,0.490686,0.245544,0.851529,0.478672,0.764063,,,-0.00676232 0.0056983 0.0517813 0.00110898 0.00977331 0.000861724 -0.00354208 -0.00388442 -0.0162081 0.0264811 0.197382 0.00917914 0.0605817 -0.0118539 -0.000549074 0.0341997 0.0493971 0.07475 0.00940444 0.0749455 0.116451 0.345418 0.0983722 0.171878 0.259783 0.0256734 0.0644992 0.018266 0.0167099 0.0351628 0.0228209 -0.00296379 -0.0117865,800,0,cuda,48.12,49.48
test,753,Bombay_67,Bombay,cat,wrong,newfoundland,lime,7,0.776318,51,0.98025,1.0,0.01975,0.141345,0.489692,0.276103,0.344906,,,0.000841775 -0.00229045 -0.00783613 0.0297352 0.00707852 -0.0117165 0.0200073 -0.0295309 0.00432732 0.0139739 0.0227596 0.0236149 -0.01869 0.013217 0.029101 -0.0266728 0.0164847 0.0298577 0.0628161 0.0381882 0.039725 0.0125651 -0.0217707 0.0040495 0.0105284 -0.00812437 0.0559866 0.0326076 -0.00159714 0.042504 0.0195284 0.0186999 0.0121263 0.0158039 -0.0338086 0.0120567 0.0109361 -0.0175772 0.0306021 0.00535205 0.0189719 0.00058896 0.0343346 0.0249974 0.0283569 0.00403103 0.0229024 0.0217449 0.00166296 0.0133483 0.0415666,800,0,cuda,37.2,40.96
test,462,beagle_68,beagle,dog,correct,beagle,lime,4,0.999846,37,0.666075,0.993338,0.327263,0.359167,0.903818,0.287532,0.42138,,,0.0153526 0.0324591 0.0410825 0.00423758 0.0297763 0.120972 0.0335281 0.0773165 0.00489299 -0.0146177 0.06813 0.0441316 0.0778628 -0.00486847 -0.0132365 0.0322699 0.0832234 0.125606 0.011145 0.0111443 0.00593077 0.0055746 0.0189641 0.0173143 0.0162244 0.000776295 -0.00398274 -0.00870016 0.00430383 -0.00770235 -2.39315e-05 -0.00543019 -0.00331606 -0.0136864 -0.018414 -0.0103435 -0.00252209,800,0,cuda,41.91,53.62
test,1938,leonberger_61,leonberger,dog,correct,leonberger,lime,19,0.99579,41,0.374163,0.977694,0.603531,0.156491,0.898451,0.366014,0.67446,,,0.014015 0.00959947 0.0214202 -0.00123052 0.0163057 0.000286947 -0.00138843 -0.0126488 0.0245438 -0.0324302 -0.0118419 0.00164885 0.0987348 0.0213969 -0.0345424 0.001415 0.00779552 0.00156672 0.237489 0.0958466 -0.0111571 0.0486336 0.132052 0.274854 0.0325875 0.098865 -0.0194383 0.0492843 0.212055 0.0144429 -0.00294112 0.145173 -0.00955836 0.00312345 -0.00916544 -0.00450589 -0.0075252 0.00558208 0.00303689 -0.0165148 -0.0151144,800,0,cuda,34.09,37.64
test,673,Birman_78,Birman,cat,correct,Birman,lime,6,0.99993,28,0.86924,0.933525,0.064284,0.349406,0.913166,0.444283,0.68331,,,0.0180357 0.0391711 0.0533681 0.0331611 0.0364138 -0.00532013 0.0423697 0.0664896 0.0132184 0.00825332 0.394865 0.040304 0.0141631 0.241304 0.0507746 0.0277704 0.0302084 0.184573 0.014143 0.024339 0.0526121 0.0110588 -0.0153208 -0.0125176 0.0321972 0.0340146 -0.0195526 -0.0210221,800,0,cuda,26.41,37.11
test,2712,Russian_Blue_263,Russian_Blue,cat,correct,Russian_Blue,lime,27,0.997652,40,0.573202,0.925286,0.352083,0.222591,0.882829,0.419307,0.752319,,,0.175474 0.0424201 0.0160513 0.0582144 0.0879827 0.115156 0.153062 0.0863128 0.483796 -0.0147524 0.0754293 0.0304961 0.00982677 0.0296775 -0.0327707 0.0504084 0.00579827 -0.0184262 -0.00687753 0.0289675 -0.0141906 0.0173421 0.0363316 -0.0340282 0.0852337 0.0359054 0.0553061 0.079245 0.00826431 -0.0116487 0.00721052 0.0231491 0.0206991 0.0518194 -0.000647194 -0.00496778 0.00803745 -0.0156269 -0.0095719 0.00998948,800,0,cuda,30.82,36.06
test,1201,english_cocker_spaniel_27,english_cocker_spaniel,dog,correct,english_cocker_spaniel,lime,12,0.999969,40,0.431043,0.992291,0.561249,0.091234,0.851643,0.388542,0.627527,,,0.0236183 0.000945013 0.00771545 -0.0231304 -0.00271255 -0.0150248 0.00775574 -0.00507255 0.112473 0.0294314 0.142512 0.0052081 0.20454 0.138626 0.0340331 0.140379 0.00998993 0.324331 0.0129968 0.0126937 0.287322 0.0478657 0.0181496 0.0172574 0.0712439 0.204968 0.0303019 0.0285183 0.152009 -0.0151749 -0.0121884 -0.0128559 0.0421586 0.0196321 0.0463852 0.0607347 0.0671164 -0.0147423 0.000320085 -0.00452229,800,0,cuda,39.43,43.02
test,3297,Sphynx_238,Sphynx,cat,correct,Sphynx,lime,33,0.998754,32,0.653599,0.955889,0.30229,0.447917,0.894178,0.427085,0.658014,,,0.0454038 0.0650249 0.016073 0.0192143 -0.0192915 0.0254706 0.0066477 0.156467 0.0901278 0.0295936 -0.00345494 0.0334226 0.127527 0.0293014 -0.00354618 0.12196 -0.0267192 0.0549119 0.00986235 0.217236 0.0571152 0.0195422 0.147116 0.0146602 0.0137877 0.0904942 0.0570711 -0.0182002 0.0215132 0.00245373 -0.00903436 -0.0124611,800,0,cuda,56.62,57.17
test,424,beagle_33,beagle,dog,correct,beagle,lime,4,0.998731,43,0.119579,0.575414,0.455834,0.085051,0.97096,0.142387,0.813696,,,0.0382775 0.00476535 0.0804464 -0.0201307 0.0373035 -0.0133646 0.0217843 0.0130386 0.257677 0.0860663 0.0256637 0.0130577 0.0259881 0.00076729 0.639255 0.00911685 0.00706903 0.00702288 0.0352377 0.00298506 -0.0137544 -0.0254952 0.139889 0.00585301 0.0235272 0.00601326 0.0152943 0.0121143 0.000224522 0.00688388 0.0532882 -0.0101276 -0.0291891 -0.0155928 -0.005068 0.0129459 0.025009 -0.00488358 -0.00663957 -0.0180245 0.0114952 0.00215611 -0.0116554,800,0,cuda,33.4,41.31
test,325,basset_hound_34,basset_hound,dog,correct,basset_hound,lime,3,0.99951,35,0.565589,0.960484,0.394895,0.325341,0.914029,0.416805,0.648182,,,0.0133712 -0.0335432 -0.0295822 -0.017254 -0.000329822 0.0141373 0.146939 0.27988 0.00692 0.0520502 0.15348 0.0787503 0.191591 0.003451 0.0213725 0.0886664 0.0671918 -0.0193251 -0.00510713 -0.00741431 0.00782282 0.0176615 0.0234902 0.127682 0.0269896 -0.00744683 0.038496 0.0255802 0.0210926 0.0151469 0.0111132 -0.0194484 0.0186487 0.00504664 0.0285725,800,0,cuda,47.82,55.1
test,664,Birman_6,Birman,cat,correct,Birman,lime,6,0.909054,38,0.453922,0.915678,0.461756,0.087928,0.942517,0.170028,0.914284,,,0.0419701 0.0217898 0.00259213 0.0282755 0.0122395 0.0159035 0.0578316 0.00362781 -0.0295135 0.0174388 -0.000495892 0.623563 0.0363091 -0.00150801 0.00521315 0.104382 -0.00613704 -0.0166262 -0.0486247 0.00633254 -0.00771948 -0.00278955 0.00744076 0.0187089 0.0139202 0.0195345 -0.00378094 -0.00817218 0.000651897 0.00408667 0.000714305 -0.00508236 -0.0116872 -0.00981899 0.00874519 -0.0074952 0.000934784 0.00899243,800,0,cuda,33.78,38.38
test,350,basset_hound_57,basset_hound,dog,correct,basset_hound,lime,3,0.960494,39,0.419463,0.982993,0.56353,0.111464,0.938071,0.001437,0.809761,,,0.0188444 -0.0202892 -0.0398553 -0.000294164 0.00750399 -0.0235105 0.160776 0.00996009 0.013296 0.0250208 0.0113292 0.00521835 -0.0057646 0.604306 0.0288362 0.17408 -0.0315868 -0.0307137 0.0143243 0.115111 -0.0198752 -0.123465 0.0382675 0.00899841 -0.0208593 -0.00134436 0.00576667 0.0111728 -0.0368736 0.000528717 0.0168521 0.0591394 0.00260476 -0.0141739 -0.00527556 -0.00486584 0.00509274 0.000818574 -0.0018284,800,0,cuda,49.65,54.23
test,447,beagle_54,beagle,dog,correct,beagle,lime,4,0.997025,40,0.106166,0.693645,0.587479,0.063363,0.972886,0.035957,0.976965,,,0.00118771 0.00375219 0.00668152 -0.00433892 0.0146595 -0.00127467 -0.00870197 0.0151986 0.000181487 0.0082583 0.860103 0.000142362 0.0550269 0.00428153 0.0228225 -0.00961519 -0.0146939 0.00589595 0.00195613 0.0189364 0.00982575 0.069445 -0.00694974 -0.001078 -0.00762906 -0.0130483 0.00057927 0.00570108 0.00922752 -0.00565615 -0.00572169 -0.00285392 0.00600545 -0.00322449 -0.00716451 -0.00114393 0.00384652 -0.00780299 -0.00249459 0.00362671,800,0,cuda,32.14,33.73
test,709,Bombay_221,Bombay,cat,correct,Bombay,lime,7,0.997803,32,0.329301,0.872368,0.543067,0.252729,0.931765,0.224,0.813685,,,0.00185079 -0.000822556 -0.0111344 0.0164922 -0.0366029 -0.0135464 0.00260979 0.000308068 -0.00365269 0.0189357 4.11198e-05 0.0366195 0.0220223 -0.00281098 -0.00539384 0.0492214 0.00517428 0.490697 0.0935295 0.0388837 0.0113047 -0.0386247 -0.00753751 0.071415 0.0340033 0.129085 0.067244 -0.0144186 -0.00901913 0.0344254 -0.0111386 0.0329869,800,0,cuda,35.32,36.31
test,1924,leonberger_49,leonberger,dog,correct,leonberger,lime,19,0.998998,39,0.964306,1.0,0.035694,0.405457,0.825087,0.49096,0.660195,,,0.157073 0.135032 0.0332096 0.0107135 -0.00126973 0.0188386 0.0266721 0.0334217 0.24361 0.042421 0.0890443 0.0504031 -0.0186472 0.0459561 -0.0399216 0.125922 0.0124149 0.0170533 -0.0180109 0.00782981 0.146934 0.106323 0.0854832 0.00879844 0.134945 0.086087 0.0132242 0.0334505 0.0309422 -0.0314561 -0.0131479 -0.00931746 -0.00789089 0.00356157 -0.00239716 0.0749176 -0.00656732 0.00305043 0.0759915,800,0,cuda,41.03,47.87
test,1722,japanese_chin_46,japanese_chin,dog,correct,japanese_chin,lime,17,0.999717,33,0.936244,0.993855,0.057611,0.502408,0.887597,0.118125,0.160027,,,0.00507876 0.00253327 0.00773324 0.0108302 0.00878459 0.0255975 0.0286787 -0.00204387 0.0301301 0.0227182 -0.003674 0.012742 0.00581802 0.00310062 -0.00598244 0.0139741 0.02352 0.000486483 0.00365958 0.00224599 0.0175341 0.0161751 0.00725217 0.00807095 0.01698 0.00430158 0.0118513 -0.00612 0.000749878 0.00155879 0.00512349 0.0036842 0.00275209,800,0,cuda,51.27,52.61
test,1221,english_cocker_spaniel_45,english_cocker_spaniel,dog,correct,english_cocker_spaniel,lime,12,0.99991,43,0.388493,0.99013,0.601637,0.14455,0.927377,0.575176,0.70383,,,0.00538133 -0.0103576 0.0568374 0.0480602 0.0175948 0.0233154 0.138421 0.00090636 -0.0184179 0.00747467 0.0370023 0.349205 0.140639 0.000313453 0.164708 -0.0110425 -0.0133945 -0.0107531 0.0525711 0.366029 0.0221972 -0.00183052 0.109427 0.279677 0.00387048 0.0118041 -0.00569207 0.059134 -0.00336074 0.0755934 -0.0459927 -0.00849853 0.0298869 0.0472192 0.00721899 0.0174332 0.00137067 -0.00537004 -0.0208638 0.0252497 0.0250178 -0.0044288 -0.025172,800,0,cuda,35.82,49.48
test,3088,shiba_inu_207,shiba_inu,dog,correct,shiba_inu,lime,31,0.999555,47,0.272341,0.925996,0.653655,0.135853,0.97626,0.450405,0.666566,,,0.0165503 -0.00307862 0.0186131 0.00943778 0.0215339 0.013825 0.0177782 0.00232449 0.0112171 0.076427 -0.00435837 -0.00185916 0.0159265 0.21939 -0.00220928 -0.00465553 0.0176062 0.00651574 0.0134057 0.375608 0.100225 0.00824726 0.0413342 0.00268529 0.193706 -0.00912301 0.00608541 -0.00504096 -0.00910559 0.149829 0.108275 0.0104359 -0.0210655 0.0226923 -0.00358208 -0.0274689 0.0196517 -0.0199847 0.0142811 0.00588897 0.00530369 0.00859148 0.0202324 -0.0184482 0.017124 0.000547221 -5.86862e-05,800,0,cuda,45.73,51.25
test,1149,Egyptian_Mau_69,Egyptian_Mau,cat,correct,Egyptian_Mau,lime,5,0.790877,36,0.586117,0.910563,0.324446,0.166292,0.89537,0.378104,0.456689,,,-0.0130604 -0.000486651 -0.0570324 0.0131281 0.00632846 0.0330085 -0.0266166 -0.021432 0.0541946 0.067339 0.00612266 0.0506378 -0.0200455 -0.00532991 0.0457609 -0.028536 0.0108254 0.00907625 -0.00645608 0.062371 0.0244644 0.0387984 0.0878961 0.0218448 -0.00319842 0.099103 0.100672 0.162626 0.0537892 -0.00335969 0.0548036 0.0250291 0.00492471 0.0373288 0.0196528 0.0148724,800,0,cuda,40.01,49.79
test,387,basset_hound_90,basset_hound,dog,correct,basset_hound,lime,4,0.561016,37,0.246991,0.677076,0.430085,0.067197,0.835801,0.284538,0.488083,,,0.0206052 0.00417669 0.0182568 -0.0233766 0.0213938 -0.0546562 -0.00043035 0.0171785 0.0089721 0.000418257 0.0336065 -0.00870938 0.176467 -0.00326879 0.143446 0.0134727 -0.0112627 0.0230993 -0.0378103 0.0142782 -0.0128978 0.00938829 0.0524643 -0.145628 0.0540201 -0.0313786 -0.0168064 0.0112235 -0.0184049 -0.033665 0.0116274 -0.00791135 0.00373008 -0.0273204 -0.00600289 0.000404156 -0.0196002,800,0,cuda,28.81,29.98
test,1369,english_setter_89,english_setter,dog,correct,english_setter,lime,13,0.999546,43,0.455736,0.96334,0.507604,0.201683,0.973705,0.400485,0.534866,,,0.020472 -0.00206283 0.0134142 -0.0073167 -0.0146573 -0.00131347 0.217847 0.0138582 -0.00519763 0.00631704 0.0222798 0.0149892 0.0668478 -0.00206416 -0.0357416 0.319277 0.0158604 0.0802997 -0.0184574 0.0293683 0.0458288 0.0227132 0.105438 0.125094 -0.0181668 0.0070723 0.00691152 0.0274581 0.025847 -0.0116819 -0.000870331 0.02331 0.0136504 0.0220183 0.0143104 -0.0236262 -0.0037957 -0.000660454 0.0390916 0.0193812 -0.0126417 -0.0262437 0.0301365,800,0,cuda,40.61,46.4
test,1337,english_setter_5,english_setter,dog,wrong,english_cocker_spaniel,lime,13,0.858054,39,0.665737,0.988615,0.322878,0.02015,0.852571,0.008203,0.644803,,,0.0485578 0.141646 0.213427 0.0334536 0.0119821 0.00516443 0.208108 0.0752755 -0.0365466 0.0115774 0.269057 0.00113406 0.110448 0.00696922 0.00640406 0.00276041 0.15404 0.035568 -0.0162876 0.00521042 0.00535174 0.0268821 0.0127388 -0.0133403 -0.0394782 -0.0342902 -0.0091501 -0.00822534 -0.0027251 0.00257337 0.00060697 -0.00721436 0.00651252 0.00760852 0.0232218 0.0187812 0.0257503 0.000116808 -0.0146278,800,0,cuda,52.26,55.15
test,754,Bombay_68,Bombay,cat,correct,Bombay,lime,7,0.999757,34,0.473792,0.83302,0.359228,0.197123,0.909347,0.33092,0.745047,,,-0.00296461 0.0628404 0.126908 0.0980959 -0.01579 -0.0329434 0.00928957 -0.0133245 0.0226584 0.0340288 0.423055 -0.000626878 0.0205518 0.0325365 -0.016858 0.0921238 0.0315809 0.126088 0.130814 0.00310027 0.0964767 0.261899 0.0480482 0.00123216 0.00245357 -0.0250262 0.00352478 -0.0888645 0.00377076 -0.00284862 0.00749084 -0.00330945 0.000333774 0.0126226,800,0,cuda,26.49,28.66
test,2186,newfoundland_196,newfoundland,dog,correct,newfoundland,lime,22,0.999682,31,0.72734,0.997561,0.270221,0.292029,0.852706,0.335681,0.757887,,,0.0444346 0.0259972 0.00404796 0.0773725 0.159191 0.093604 0.0297362 0.0284034 0.029735 0.495495 0.0159985 0.088278 -0.00771614 0.0729929 0.101404 0.0734726 0.0403085 -0.0111766 -0.0206101 0.0246002 0.03043 0.0204382 0.0545573 -0.0320122 -0.0407065 -0.00431532 0.0449772 0.0162654 -0.0164831 -0.011145 0.0165035,800,0,cuda,36.31,41.16
test,451,beagle_58,beagle,dog,correct,beagle,lime,4,0.998255,41,0.485053,0.9736,0.488547,0.080943,0.951827,0.009828,0.712601,,,0.0251837 0.0191334 -0.0200048 0.0625401 0.00347013 0.0575881 0.0496277 -0.0283307 0.000416265 -0.0277605 -0.0128369 0.149672 0.0233598 0.16972 0.492582 0.0346086 -0.00358867 0.0199544 0.0137777 -0.0171092 0.0449416 -0.0256548 -0.0152401 0.00209108 0.0255731 -0.00847771 0.0867693 -0.00982034 0.00644697 -0.0278593 0.00737367 0.0227446 0.0653752 -0.00516949 0.00241315 0.0309461 0.00873469 -0.015772 0.0301931 -0.00404577 -0.00893098,800,0,cuda,39.37,48.68
test,1194,english_cocker_spaniel_20,english_cocker_spaniel,dog,correct,english_cocker_spaniel,lime,12,0.999996,37,0.58522,0.695165,0.109945,0.262021,0.86164,0.649595,0.695708,,,0.184068 0.0156836 0.241773 0.215862 0.178389 0.00402894 0.0218594 0.0330723 0.137479 0.0197216 0.0346699 0.0646644 0.0276677 0.0749866 0.219399 0.135848 0.0102024 0.0283077 -0.00455622 0.0402414 0.0106057 0.0526412 0.0100882 0.0117942 0.104239 0.0201952 0.0103008 0.0131229 0.0292929 0.034342 -0.00725703 -0.00239787 -0.0153744 0.00194728 0.00838056 0.00168759 0.00988243,800,0,cuda,38.83,43.65
test,699,Bombay_201,Bombay,cat,correct,Bombay,lime,7,0.99999,34,0.730907,0.73378,0.002873,0.460954,0.916017,0.240392,0.498188,,,0.0131528 0.0209788 -0.0118155 0.0199157 0.0378649 0.0245568 0.0101313 0.110141 -0.0186117 0.0041056 0.0322228 0.00337794 0.0696164 0.0165458 0.0145324 0.0118435 -0.0101321 0.0984053 0.00988274 0.0117856 0.0097293 0.0355512 0.0155767 -0.00834864 0.00176945 0.0221342 0.0400121 0.0364851 0.00974358 0.020667 0.00630016 0.00665748 0.00281698 0.00498762,800,0,cuda,28.64,30.4
test,2247,newfoundland_6,newfoundland,dog,correct,newfoundland,lime,22,0.99995,34,0.391661,0.972715,0.581053,0.380888,0.926351,0.340638,0.516758,,,0.00751272 0.0241575 0.00505573 -0.00453966 0.154572 0.00330998 -0.000892464 0.0206607 -0.0121918 0.015535 -0.00544356 0.183751 0.0132479 0.0335284 0.0444676 0.0339908 0.0378163 0.0717545 -0.0167148 0.00563968 -0.00472761 0.0407527 0.0226553 0.0537983 0.033335 0.0148857 0.0355542 0.0106744 -0.00125816 0.0606647 0.0324825 -0.00447063 0.00212438 0.0263327,800,0,cuda,27.52,33.14
test,1608,havanese_33,havanese,dog,correct,havanese,lime,16,0.993468,44,0.382155,0.508185,0.12603,0.082842,0.814045,0.013139,0.783708,,,0.0246544 0.0629983 0.413186 0.0664315 0.226832 0.0163405 -0.00298307 0.13691 0.15572 0.0292462 0.0232095 -0.0135169 0.0391545 0.0421763 0.0195956 0.063554 0.0275158 0.0320723 -0.0156332 0.0398472 0.0477735 0.0488849 0.0106407 -0.00217654 0.0186229 -0.00669912 0.00327244 -0.0229907 0.0318582 -0.0188507 -0.0231835 -0.00291098 -0.000237584 -0.00794907 -0.00157311 0.00284948 0.0173331 -0.0110149 5.07647e-05 0.00613807 -0.00476979 -0.000841407 -0.00574913 -0.0046062,800,0,cuda,37.12,40.41
test,830,boxer_4,boxer,dog,wrong,staffordshire_bull_terrier,lime,34,0.49059,43,0.276507,0.788355,0.511848,0.054259,0.341887,0.188262,0.516558,,,-0.000950556 -0.000642919 0.0240675 0.0243499 0.00117955 0.000161116 -0.00299213 0.0016949 0.0313158 0.00741061 -0.00606543 0.0104328 -0.0030568 0.0184304 -0.00399807 0.026463 -0.00648054 -0.00592665 0.00168633 -0.00936086 0.0247799 0.00317757 0.024154 0.000354252 0.0040252 0.0100555 -0.00943479 0.0687072 0.0145886 0.00652484 0.00823304 0.0334367 0.0452305 0.0327268 0.00706387 0.00241947 0.0207816 0.00601031 0.0241169 0.00832189 0.000972449 0.000829393 -0.00631857,800,0,cuda,22.33,38.15
test,950,British_Shorthair_63,British_Shorthair,cat,correct,British_Shorthair,lime,9,0.996028,31,0.223294,0.524505,0.301211,0.145621,0.912752,0.197059,0.845106,,,-0.007221 0.0139415 -0.0113434 0.0222769 -0.00707915 -0.0531908 -0.0152774 -0.0187009 0.0182787 0.0435411 0.00111892 0.286458 0.222445 0.673201 -0.0176395 0.011475 -0.00351048 0.0239375 0.0342724 -0.0227312 0.0238509 0.00468025 0.0101418 0.0207748 -0.0150235 0.0174046 -0.0198285 0.0054843 -0.0101723 0.0135063 -0.00477936,800,0,cuda,32.49,32.95
test,3628,yorkshire_terrier_63,yorkshire_terrier,dog,correct,yorkshire_terrier,lime,36,0.999907,36,0.597178,0.817972,0.220794,0.329758,0.951113,0.175134,0.287053,,,0.00522795 0.0142416 -0.00686789 -0.00131256 0.00326441 -0.00706427 0.00197088 0.00832786 0.0329823 0.00517058 0.0397288 -0.00899325 0.00468091 0.0397033 0.0665208 -0.00485131 0.0208926 0.0339857 0.0324973 0.0442841 0.010617 0.00640681 0.0352391 0.0228096 -0.000177972 0.0195642 0.0235662 -0.0074701 0.027244 0.0040484 -0.0117975 0.0209762 0.00282132 -0.0103188 -0.0165409 0.00148113,800,0,cuda,34.68,39.6
test,2444,pomeranian_67,pomeranian,dog,correct,pomeranian,lime,24,0.99987,38,0.863341,0.997895,0.134554,0.255402,0.836881,0.535017,0.535292,,,0.0231669 0.00653179 -0.0011155 0.0577567 0.0577681 0.0699629 0.18806 0.0118289 0.0229884 0.113771 0.0244545 0.268391 0.183141 0.111189 0.0451545 0.0508662 0.0481017 0.0842645 -0.0069419 0.0103086 0.00667394 0.0770159 0.0148184 0.0662592 -0.0318274 0.061007 0.00530223 -0.0136536 0.0149807 -0.00477964 -0.0126261 0.00493476 -0.00937678 0.0125479 0.00057122 -0.0156721 -0.0157434 -0.0176675,800,0,cuda,56.59,63.18
test,1734,japanese_chin_57,japanese_chin,dog,correct,japanese_chin,lime,17,0.999819,45,0.275171,0.844503,0.569331,0.124425,0.941338,0.193041,0.754918,,,0.0150022 0.00622993 -0.0158375 -0.00702661 -0.0127376 -0.0195739 0.0062291 0.0357072 0.0175383 -0.00203726 0.00612976 0.0230016 -0.0180624 0.0351792 0.0786551 -0.0136395 0.210989 0.0191893 0.521882 -0.0363315 0.0162073 -0.0212471 -0.0493991 0.221171 -0.0139854 0.0175122 -0.0182767 -0.0328844 0.0102796 0.00168381 0.00853274 0.00434828 -0.0404136 -0.00730359 0.0126973 0.00240501 -0.0118309 0.0127132 0.0239869 -0.00238935 0.0197619 0.00923239 -0.0211397 0.0137859 0.0057828,800,0,cuda,40.34,47.59
test,1413,german_shorthaired_38,german_shorthaired,dog,correct,german_shorthaired,lime,14,0.999235,41,0.513911,0.98514,0.471229,0.302236,0.893764,0.386649,0.532601,,,-0.011186 -0.00476763 -0.00850257 -0.0020178 0.00279587 0.00742022 -0.0106122 0.0291848 0.0351946 -0.00976693 0.00351028 -0.0013872 0.0368822 0.0458211 0.14552 0.0177133 0.00567707 0.0911485 0.0357223 0.081731 0.0345046 0.00172222 0.0067177 0.105144 0.0333948 0.00900554 0.0411487 0.0122338 -0.00781312 0.0484261 0.0633619 0.0140325 0.0026275 0.0462137 0.00945176 0.0279911 -0.0136612 -0.00241262 0.0239848 0.112049 0.0297695,800,0,cuda,65.76,70.96
test,1409,german_shorthaired_34,german_shorthaired,dog,correct,german_shorthaired,lime,14,0.999845,40,0.61655,0.985297,0.368747,0.319832,0.923362,0.267054,0.459624,,,0.019462 0.00266097 -0.0113131 0.000658899 0.0243393 0.0225913 0.185844 0.00493448 -0.0126885 -0.0157574 0.0480155 0.00674019 -0.00371133 -0.00846673 -0.0189489 0.0935599 0.00966512 0.00413329 0.0240561 0.00844107 -0.0165753 0.0681987 0.126072 0.000763762 -0.000132489 0.0238505 0.00415946 0.0331187 0.017907 0.0193484 -0.00519807 0.0324339 0.0163131 0.0127553 0.00549687 0.00617258 -0.00140221 0.0060345 0.00615396 0.0197261,800,0,cuda,40.09,44.65
test,3644,yorkshire_terrier_78,yorkshire_terrier,dog,correct,yorkshire_terrier,lime,36,0.998485,41,0.640446,0.985159,0.344714,0.2037,0.979683,0.235534,0.547818,,,0.0284794 0.00101513 0.00184797 0.109622 -0.00892877 0.0721309 0.000546325 -0.00249736 0.0294276 0.00206345 0.00991273 0.00701142 -0.00496462 0.0122764 -0.0163986 0.00207631 0.140178 0.0231268 -0.0179863 0.242401 0.00919395 -0.0011676 0.147359 -0.0234762 0.00275755 0.054879 -0.000345405 0.00109694 -0.000468817 -0.0146301 0.00221583 0.00482933 0.0049311 -0.0481077 0.00572636 -0.00167625 -0.00855979 0.00155857 -0.0194549 -0.0125502 0.0176942,800,0,cuda,33.6,36.68
test,3247,Siamese_69,Siamese,cat,correct,Siamese,lime,32,0.999918,38,0.337612,0.976946,0.639334,0.227129,0.886851,0.495925,0.661161,,,0.0161293 0.11017 -0.00520515 0.0709237 0.0179187 0.248302 0.00348376 0.00739746 -0.00249696 0.0620168 0.00860891 0.226057 0.00726127 0.0093728 -0.00775438 0.0046567 0.0158813 -0.0130868 0.0109132 0.18118 0.0139009 0.0232219 0.133926 -0.00417381 -0.0256329 0.00524009 0.129219 0.0211865 0.0702391 -0.00990676 0.104519 -0.0171876 0.0264604 0.00526275 0.00472449 0.0435244 -0.013169 -0.00555943,800,0,cuda,36.25,40.16
test,1177,Egyptian_Mau_96,Egyptian_Mau,cat,correct,Egyptian_Mau,lime,11,0.999512,37,0.371951,0.965852,0.593901,0.288347,0.96238,0.126726,0.426912,,,-0.0292645 -0.00505868 0.000748909 0.0135729 -0.0149175 -0.00319768 0.00981783 -0.00191834 0.0142771 -0.00486731 0.00789853 0.00671698 0.00364263 0.00564948 0.0048819 -0.00411868 0.0115644 0.00309842 0.144698 0.0361112 -0.014471 0.0803878 -0.00639515 0.0226721 -0.00994264 -0.0132857 0.0439519 0.022064 -0.0138321 0.0637166 -0.0139702 -0.0025104 0.000938312 0.0160915 0.0848331 -0.0193242 -0.0202283,800,0,cuda,41.55,46.29
test,3203,Siamese_250,Siamese,cat,correct,Siamese,lime,32,0.985249,37,0.244081,0.45652,0.212439,0.161261,0.618742,0.221963,0.568187,,,0.0136564 0.00275684 0.0250394 0.120493 -0.00388401 -0.00715859 0.00183296 0.0414103 0.0981606 0.024153 0.00927577 0.0517095 0.0230923 -0.00391561 0.00449458 0.026245 0.0741689 0.041513 0.0138275 -0.0129241 0.0342026 0.0999765 0.0209294 0.122077 0.0895072 0.0965108 0.0581527 0.0165943 0.036886 0.0211686 -0.000360097 0.00500478 0.0180551 0.0118462 0.0575336 0.0216994 0.0144786,800,0,cuda,40.14,42.58
test,2006,Maine_Coon_269,Maine_Coon,cat,correct,Maine_Coon,lime,20,0.999754,34,0.80399,0.994806,0.190816,0.33477,0.910348,0.173677,0.582729,,,-0.0117074 -0.0287397 -0.00400849 -0.034621 -0.0459354 0.0384725 0.04025 0.05297 -0.0313237 -0.00840656 0.0301382 0.0626819 -0.000200373 0.00961241 0.0520906 0.0305539 0.0650161 -0.00354441 0.165699 0.0324483 0.0491525 0.0071354 -0.000560792 0.112345 0.0551095 -0.00437924 0.0183621 0.00532556 0.0294564 -0.00503371 0.0072937 -0.0147961 -0.0302934 0.0229383,800,0,cuda,47.63,48.18
test,1253,english_cocker_spaniel_74,english_cocker_spaniel,dog,correct,english_cocker_spaniel,lime,13,0.736589,37,0.174864,0.412551,0.237686,0.038165,0.876241,0.198094,0.499106,,,0.00367442 -0.00523583 -0.0189287 -0.00408087 -0.0196816 -0.0178644 0.0050644 0.044937 -0.00261546 -0.0058292 0.216594 -0.00905653 0.0155254 0.0308322 0.244787 0.033308 -2.05671e-05 -0.0049019 -0.00250103 0.112829 -0.0286486 0.00189479 -0.023963 -0.120291 0.0112504 0.147916 -0.00700922 -0.016527 0.00627957 0.0101726 -0.00221765 0.0173549 -0.0127416 0.0100774 0.00806675 -0.0487752 0.000959848,800,0,cuda,48.19,51.01
test,2477,pomeranian_97,pomeranian,dog,wrong,samoyed,lime,24,0.560526,39,0.067443,0.375702,0.308259,0.019484,0.697331,0.172766,0.685288,,,-0.00563336 -0.00108751 0.00785811 -0.00457749 -0.00246636 -0.0182377 -0.0144319 -0.0245676 0.0140794 -0.0137934 -0.0166629 0.00449976 0.00990495 -0.00240149 -0.00382695 0.0550524 0.254548 -0.00954249 -0.0228894 -0.00923071 -0.00489381 0.0342817 0.28087 0.0382329 -0.0195765 0.00508655 -0.0233351 -0.0122792 0.0145909 -0.00524065 -0.00353342 0.00606512 -0.0119212 -0.0102103 -0.00145609 0.00028636 -0.00502804 0.00363364 -0.00699306,800,0,cuda,28.49,38.49
test,21,Abyssinian_228,Abyssinian,cat,correct,Abyssinian,lime,0,0.995037,34,0.924007,0.982805,0.058797,0.290217,0.877416,0.035106,0.628234,,,-0.0367548 0.0345652 0.0509481 0.0109079 -0.00384299 0.00250657 0.0489857 -0.118832 0.0284772 0.0207605 0.0385833 -0.0121844 -0.00488772 -0.0663377 0.0549015 -0.0255353 -0.00683203 0.0697729 -0.0306581 0.0927714 0.0296228 0.0271678 0.13884 0.0462116 0.0496277 0.0503852 0.0191579 0.0807329 0.234933 0.204175 0.0210064 0.026367 0.0511434 0.022071,800,0,cuda,37.16,43.45
test,1305,english_setter_30,english_setter,dog,correct,english_setter,lime,13,0.999859,36,0.488082,0.9811,0.493018,0.224171,0.891285,0.504044,0.683575,,,-0.0185834 -0.0156387 0.0171691 0.00882464 -0.000926992 0.00285948 0.00818977 0.00925465 0.0249453 -0.0129883 -0.0131945 0.384514 0.0729749 0.0401421 -0.000596849 0.0953762 0.0032872 -0.0219863 0.0578843 0.086625 0.235466 -0.0154172 0.0836101 0.0882852 -0.0209322 -0.00242911 0.040062 0.1187 0.0790426 0.0518538 0.0421354 0.0302982 0.0987546 0.0092384 0.0163619 0.0036689,800,0,cuda,48.98,49.85
test,2814,saint_bernard_3,saint_bernard,dog,correct,saint_bernard,lime,28,0.999203,38,0.494958,0.835464,0.340507,0.263998,0.939085,0.374432,0.496683,,,0.0116443 -0.0172119 0.0965257 0.0155271 -0.0154575 0.140164 0.00338692 0.0368123 -0.0115397 -0.00872719 0.146707 -0.00162007 0.0860232 0.0228694 -0.00887045 -0.00715449 0.111745 0.0334433 0.0260347 -0.00219643 -0.01273 0.211245 0.0789008 0.000413311 0.027935 0.053713 -0.000846531 0.00722526 0.00037886 0.0017582 0.00878511 0.0129171 0.0061021 -0.00917078 0.0083538 -0.00574802 0.0155325 -0.0155035,800,0,cuda,26.64,27.65
test,2440,pomeranian_63,pomeranian,dog,correct,pomeranian,lime,24,0.999881,39,0.633749,0.99349,0.359741,0.194378,0.926415,0.448135,0.529126,,,0.00137162 0.000436563 0.00450657 -0.0333492 -0.0142041 0.0259298 0.0297921 0.0435597 0.00354035 -0.00697429 0.246928 0.198039 0.0225282 0.0144098 0.0629327 0.00723064 0.0107425 0.16827 -0.00144627 0.0207415 0.134818 0.0645443 0.00328407 0.151485 0.0185091 0.0150801 0.00851346 0.0275239 0.0194966 -0.0189433 0.00472342 0.0340838 -0.0350199 -0.0100228 0.0214072 0.00750676 0.0122486 -0.0200651 0.0230035,800,0,cuda,33.54,34.33
test,2298,Persian_264,Persian,cat,correct,Persian,lime,23,0.996865,30,0.546915,0.979176,0.432261,0.097868,0.919381,0.048355,0.722272,,,0.0174632 0.0212272 0.353776 0.0334582 0.176759 0.00587749 -0.0131194 -0.0117285 0.0202524 -0.0066069 0.0112037 0.34456 0.024601 0.0498585 0.0237983 -0.016405 0.0268961 0.00436315 0.00628472 0.0391547 -0.0224465 0.0121054 0.0456927 0.00644288 0.0169295 0.013363 0.0416986 -0.0128358 0.0534458 0.0184072,800,0,cuda,57.51,63.84
test,3162,shiba_inu_84,shiba_inu,dog,correct,shiba_inu,lime,31,0.998886,33,0.130381,0.416719,0.286338,0.074715,0.917586,0.025607,0.83281,,,0.00920708 0.0129164 0.0030481 0.00305214 0.00469764 0.0161899 -0.0242964 0.00915762 0.0102834 -0.0062414 0.00289171 0.699282 -0.00999578 0.0151696 0.00415506 0.0246095 0.0323971 0.0073634 0.00504343 -0.00235617 -0.0123756 -0.0388906 -0.11487 0.225539 -0.00300505 0.0300622 0.095561 0.162603 0.027352 -0.0214847 0.0400704 -0.0136532 -0.0109709,800,0,cuda,37.15,41.77
test,671,Birman_76,Birman,cat,correct,Birman,lime,6,0.944299,34,0.767917,0.996609,0.228692,0.127131,0.884265,0.208766,0.627075,,,-0.0758365 -0.00706895 0.0223161 -0.00319887 -0.0197009 -0.0165635 -0.0213386 0.034531 0.0598051 0.200542 -0.00847424 -0.0290877 0.274216 -0.0168115 0.0346136 0.0693605 0.0282189 0.0258263 0.171899 0.0511174 0.128928 0.0106831 0.104225 -0.00607854 0.0410514 -0.0181958 -0.0377072 -0.0223944 0.00807423 -0.00260959 -0.0103263 -0.00736207 -0.00598508 -0.019989,800,0,cuda,31.41,44.78
test,3441,staffordshire_bull_terrier_75,staffordshire_bull_terrier,dog,correct,staffordshire_bull_terrier,lime,1,0.492757,35,0.243782,0.646316,0.402534,0.043589,0.844181,0.345829,0.682172,,,0.0170799 -0.00322211 -0.0312708 -0.0209394 0.000896587 -0.00100586 -0.00981938 0.00179685 0.0649535 -0.019985 0.00274939 -0.0248297 -0.0126521 0.0311004 0.271194 0.0343686 -0.0229782 0.0755391 0.32037 -0.0126068 -0.00825035 0.263042 -0.00131628 -0.028157 0.061434 -0.0330933 0.0120771 -0.0235647 -0.0258114 -0.00387069 -0.0102849 0.0105158 0.0308304 0.0140002 -0.0684025,800,0,cuda,37.38,39.78
test,1941,leonberger_64,leonberger,dog,correct,leonberger,lime,19,0.999491,34,0.777304,0.920966,0.143662,0.267662,0.877248,0.381902,0.548472,,,0.0322008 0.179094 0.0648243 0.000660891 0.00928854 -0.000144497 0.00311463 -0.00259061 0.108153 0.0214461 0.120585 0.0977648 0.00516268 -0.0253217 0.02944 -0.0127992 -0.0181595 -0.0287041 0.15406 0.035091 0.126638 -0.0294797 0.0641295 0.0524528 0.0101474 -0.00311622 -0.00645815 0.00379377 0.0466406 0.0123613 -0.0230805 0.0375594 0.0129741 0.00816493,800,0,cuda,48.41,49.06
test,845,boxer_63,boxer,dog,correct,boxer,lime,8,0.991899,38,0.712851,0.988614,0.275764,0.254222,0.876431,0.418688,0.513605,,,0.0160615 -0.00903875 0.0476528 0.0199457 0.0465586 0.13209 0.0115225 0.0270514 0.0775511 -0.00510946 0.086253 0.0475065 -0.00859991 0.0632055 0.0834237 -0.0133406 0.0177267 0.11391 0.156666 0.0406861 0.0175213 0.0122251 -0.00372466 0.00678374 0.021215 0.0641613 0.0114494 -0.0136005 0.0196596 0.015314 0.00861628 0.000811985 -0.00957057 -0.00274019 -0.00676285 -0.00947815 0.00465195 -0.00262121,800,0,cuda,50.42,55.31
test,694,Birman_97,Birman,cat,correct,Birman,lime,6,0.998187,35,0.771484,0.997933,0.226449,0.223707,0.870577,0.423269,0.738432,,,-0.0368019 0.0150295 0.0431362 0.0454473 0.0303126 0.0320941 0.0538773 -0.0194813 -0.00605564 0.126633 0.308612 0.0186311 0.0207077 0.0102859 0.231837 0.0349185 0.182794 0.000253547 0.0218288 0.064759 0.0697224 0.307319 -0.00106869 0.024695 0.0339476 0.0943185 0.0147401 0.0628342 0.0125293 -0.00212986 0.0563392 0.0384036 -0.00609102 0.0226492 0.109154,800,0,cuda,50.3,52.73
test,3031,scottish_terrier_56,scottish_terrier,dog,correct,scottish_terrier,lime,30,0.999585,39,0.416155,0.987347,0.571192,0.256265,0.870355,0.467646,0.637162,,,0.00738012 0.0102437 0.0122293 -0.000385908 0.0151156 -0.0159522 -0.00335995 0.00380184 0.0926638 0.130706 0.00949035 0.0584416 0.0109805 0.126798 0.0133682 -0.0100499 0.0130987 0.00737295 0.0148908 -0.0249013 0.0108738 0.254554 0.0027966 0.121828 0.00661221 0.0348771 0.132462 -0.00272679 -0.0107878 0.0874154 0.162637 0.0109348 -0.00720056 -0.00917752 -0.00176467 0.0151617 0.0329476 0.0501076 0.00536976,800,0,cuda,40.83,44.73
test,1353,english_setter_74,english_setter,dog,correct,english_setter,lime,13,0.998732,36,0.436065,0.986139,0.550074,0.164344,0.869359,0.385888,0.749918,,,-0.0301486 0.00656119 -0.00715632 0.0496017 0.369768 0.0115324 -0.0160039 0.0054071 -0.0232336 0.0108268 -0.00128548 0.0185138 0.113331 0.115178 -0.00308947 0.254276 -0.00276881 0.0142858 -0.0138757 0.0170719 0.198545 -0.0110637 0.0244875 0.0320937 -0.00767756 0.379004 -0.013077 0.023209 0.0220004 0.0426304 0.0267055 0.00771963 -0.0285093 -0.013402 0.0195859 -0.0202512,800,0,cuda,46.26,47.21
test,1133,Egyptian_Mau_50,Egyptian_Mau,cat,correct,Egyptian_Mau,lime,11,0.934992,44,0.388831,0.659899,0.271068,0.096358,0.900953,0.078805,0.662034,,,-0.0270676 0.00393958 0.00332923 0.0154978 -0.0121572 -0.0859299 0.147151 -0.000867727 0.0113468 0.0261258 -0.0149561 -0.0237726 0.103135 0.0300863 0.268149 -0.029589 -0.019116 0.000853514 0.00755683 0.0466616 0.0616144 0.109552 0.0129267 -0.0690872 0.0330507 0.073646 0.0570381 0.0509311 0.0315708 0.00865249 0.00162809 0.0114235 0.0507281 0.00711557 0.0169904 -0.0549945 0.0633725 0.101343 -0.00880372 0.0303464 -0.00480903 0.00845741 -0.0394139 -0.0350055,800,0,cuda,36.93,40.45
test,869,boxer_86,boxer,dog,correct,boxer,lime,8,0.998996,40,0.370715,0.927919,0.557204,0.244748,0.916619,0.311767,0.687403,,,0.0111008 0.014961 0.00902464 -0.00440907 -0.00204117 -0.0232233 0.194189 0.0157098 0.0287699 0.179572 -0.0153725 -0.00994765 -0.0203958 0.00850901 0.048856 0.0369314 0.00737102 0.0102446 0.0495704 -0.00401201 0.0178683 0.00922995 0.00463263 0.00823331 -0.00559409 0.400142 0.0285957 0.0418341 0.011717 -0.0203305 -0.01316 0.0210943 0.00513716 -0.0126404 0.00144935 -0.0160491 0.029066 0.0159327 0.00907014 0.0139544,800,0,cuda,44.58,51.87
test,604,Birman_198,Birman,cat,correct,Birman,lime,6,0.85488,41,0.712233,0.994105,0.281872,0.169163,0.898153,0.630147,0.713056,,,0.0488449 0.00686059 -0.0176633 -0.00975194 0.00783432 0.0215615 0.00962882 -0.0217292 0.0819626 0.261057 0.00605518 0.0158973 0.0279917 0.305651 0.0290615 0.116104 0.153217 0.113148 -0.0197185 0.0926834 0.00219251 0.0912637 0.084414 0.00407738 0.0129391 0.00759315 0.021713 0.0665401 -0.0245679 0.0382239 -0.0151581 0.0193506 0.0143178 0.0104407 -0.0140136 -0.00478143 0.00775375 -0.0137194 0.0164532 0.00664139 0.00516043,800,0,cuda,35.72,46.45
test,834,boxer_53,boxer,dog,correct,boxer,lime,8,0.999618,36,0.273438,0.742759,0.469321,0.109316,0.916987,0.315633,0.758379,,,0.0282028 0.131318 0.017859 0.0115374 -0.0126974 0.0329016 0.19611 0.146061 -0.0303573 -0.0101436 0.212207 0.0115732 -0.0103724 0.456212 0.106119 0.0789338 -0.0267697 -0.000887226 0.022937 0.00943015 -0.0129281 -0.0185573 0.0111124 0.0249605 0.000642638 0.077113 0.0441628 0.00839689 -0.00616968 0.00926333 0.00384862 0.0344415 0.00121453 -0.0150153 -0.00772884 -0.011323,800,0,cuda,35.47,44.6
test,3006,scottish_terrier_33,scottish_terrier,dog,correct,scottish_terrier,lime,30,0.994739,44,0.439353,0.987717,0.548364,0.147724,0.725189,0.148332,0.622098,,,0.0214671 0.00308542 0.00377322 0.00792127 0.023444 -0.00567749 0.00880788 0.000139051 0.0459375 0.0312649 0.0438199 -0.00878293 0.148022 0.0882472 0.020828 0.00178001 -0.00682812 0.0414437 0.0790133 0.00851407 0.0296464 0.0647394 -0.00601101 0.216715 -0.00689614 0.027138 0.0456796 0.133683 0.0583785 -0.00237298 0.0489419 0.0093939 -0.0024744 0.00770735 0.0293295 0.0244934 0.0668785 -0.00423999 0.0116261 0.023748 0.000767909 0.00963376 0.0211393 0.0203609,800,0,cuda,35.38,37.9
test,627,Birman_36,Birman,cat,wrong,Ragdoll,lime,26,0.987146,40,0.491988,0.95621,0.464222,0.196623,0.706857,0.018436,0.689166,,,0.117553 0.0590758 0.0144404 0.021706 0.0164608 0.0304347 0.0330056 0.0513514 0.2382 0.00674299 0.00504507 0.0456262 0.0316101 -0.000108185 0.216877 0.00967829 0.120573 0.0547988 0.017833 -0.016705 0.0233953 0.00554358 -0.00797758 0.0030041 -0.00130431 0.00048559 -0.0119735 0.0858519 -0.0164667 0.245819 -0.00411987 0.00674105 -0.00633927 0.00127991 0.0060447 0.0323354 -0.0188409 0.022097 0.0429736 -0.0333521,800,0,cuda,30.15,35.08
test,902,British_Shorthair_269,British_Shorthair,cat,correct,British_Shorthair,lime,9,0.999803,34,0.466,0.98658,0.520581,0.208982,0.839668,0.363851,0.727502,,,-0.00478173 0.0313666 -0.0071056 0.0312078 0.0256585 -0.0670064 -0.00529818 -0.0314744 0.0557251 0.391898 -0.0161685 -0.00390526 -0.0078012 0.110598 0.0571546 0.011675 0.242104 0.256446 0.00112632 0.00102857 0.00326313 0.120722 0.0695914 0.0263102 0.0617589 -0.0137339 -7.68738e-05 0.056815 -0.0395362 0.00539773 0.0183853 0.0369128 0.031339 0.00234006,800,0,cuda,42.67,55.1
test,2904,samoyed_30,samoyed,dog,correct,samoyed,lime,29,0.978608,36,0.76134,0.994801,0.233461,0.16451,0.668845,0.377458,0.686217,,,0.0236438 0.0173108 0.0199025 0.0485045 0.0361403 0.0414721 0.0302115 -0.0196912 0.0973239 0.15917 0.35523 0.0299969 0.00769341 0.159612 0.0801476 0.0201152 0.217304 0.0505808 0.0242164 0.00252431 0.00524902 0.0538126 0.0927199 0.0508644 0.0363187 0.0508541 0.0220751 0.0124239 0.0392822 0.0845501 0.0462405 -0.0173078 -0.00537828 0.019122 0.0190487 0.0256825,800,0,cuda,54.28,56.55
test,1747,japanese_chin_69,japanese_chin,dog,correct,japanese_chin,lime,17,0.999821,26,0.638752,0.976233,0.337481,0.225589,0.949196,0.315845,0.539355,,,0.021775 0.013135 0.0033484 0.0306001 0.0429131 0.00110573 0.00311363 0.0559876 0.0135297 0.312841 0.20917 0.0200613 0.0117695 0.0150946 0.222407 0.0482503 0.00443168 0.00108475 0.00743859 0.00221029 0.0198651 0.00632889 0.0166117 -0.0325461 0.00219076 -0.00566511,800,0,cuda,36.53,43.74
test,2748,Russian_Blue_69,Russian_Blue,cat,correct,Russian_Blue,lime,27,0.993053,35,0.349011,0.965983,0.616972,0.131018,0.830616,0.308303,0.742766,,,0.052274 -0.0141557 0.079943 0.00631104 0.00060967 0.072473 -0.00594805 0.259521 0.0234269 0.101657 0.00732536 0.124374 0.0164808 -0.00864938 -0.00473063 0.0632541 0.121435 0.155319 0.0292522 0.0271104 0.257757 -0.0690418 0.20758 0.0112944 0.0208702 -0.00652888 0.0372484 -0.0143161 0.00963341 0.0125572 0.000231009 0.0121558 0.0210854 -0.0424692 0.00185496,800,0,cuda,23.1,27.74
test,2051,Maine_Coon_69,Maine_Coon,cat,correct,Maine_Coon,lime,20,0.510173,46,0.174745,0.935968,0.761223,0.065243,0.765044,0.166737,0.555978,,,-0.0588093 -0.00348068 0.0080291 -0.00902942 -0.0141629 -0.0166703 -0.0148129 -0.008832 -0.00384333 -0.00992141 -0.00692217 0.00897254 -0.0117227 0.00900979 0.0240281 -0.0160356 -0.0184938 -0.0141348 0.123803 0.0202906 -0.0109892 0.0551374 -0.00276884 -0.000308936 -0.00580662 0.144724 -0.0117258 -0.015571 0.0410925 -0.0214188 -0.00379312 0.0566066 -0.00834655 -0.00844089 0.0933274 0.0736928 -0.0259239 -0.00828287 0.00265124 -0.00189 0.0165207 -0.00365493 -0.011423 0.00132928 -0.01492 0.00323348,800,0,cuda,42.6,44.05
test,2757,Russian_Blue_78,Russian_Blue,cat,correct,Russian_Blue,lime,27,0.991006,28,0.433175,0.980316,0.547141,0.151326,0.879913,0.312268,0.807472,,,0.00538699 0.0124167 0.00374378 0.00727644 0.0348481 0.0438311 0.25702 0.0393033 0.200528 0.0273885 0.144513 -0.0348975 0.0133222 0.466601 0.0368028 0.0813395 0.0144117 0.000281074 0.0140022 0.0418547 0.0751518 0.013778 -0.0258849 0.0439139 0.00222917 -0.00363211 0.000896281 -0.00347751,800,0,cuda,49.78,56.85
test,3632,yorkshire_terrier_67,yorkshire_terrier,dog,correct,yorkshire_terrier,lime,36,0.999828,26,0.767837,0.753734,-0.014103,0.432348,0.843606,0.168627,0.34472,,,0.00667223 0.00707065 0.0326473 0.0200491 0.0143974 0.0211923 -0.0179288 0.0520544 0.0315391 0.0199702 -0.000327222 0.0547784 0.0361791 0.00997283 0.00636197 -0.0108627 0.00592089 0.0474132 0.031011 0.0136421 -0.00188921 0.059669 1.77915e-07 0.00382939 0.0111762 0.00169614,800,0,cuda,35.48,38.29
test,321,basset_hound_30,basset_hound,dog,correct,basset_hound,lime,3,0.983309,33,0.294483,0.837464,0.542981,0.145194,0.844608,0.360659,0.793401,,,0.0115547 0.0344321 -0.000862817 -0.00170742 -0.00703953 0.00747478 0.0697243 0.0399867 0.00515889 -0.0106406 0.171396 0.0573309 -0.0156537 0.0155753 0.521539 0.181109 0.160004 0.00556154 0.0615874 0.00813792 0.00955223 0.087755 0.0273404 0.00560428 0.0407145 0.0101601 0.0430372 0.006317 0.000293161 0.00458364 -0.0180459 -0.00656705 -0.000922741,800,0,cuda,36.86,43.55
test,696,Birman_99,Birman,cat,wrong,Ragdoll,lime,6,0.863454,31,0.503308,0.488238,-0.01507,0.091673,0.77843,0.004578,0.583295,,,0.0751666 0.400954 0.0192329 0.110052 0.015244 -0.00736298 0.0194441 0.0127737 0.214076 -0.00802882 0.0358137 -0.0123532 0.0269809 0.00180879 0.0198562 0.00929465 0.0235822 0.0167857 0.0146458 -0.0134861 0.00539469 0.0139296 0.00892056 -0.00318043 -0.00230922 0.0179787 -0.0077542 -0.0178883 0.0178006 0.0364944 0.00212703,800,0,cuda,64.08,66.58
test,1179,Egyptian_Mau_98,Egyptian_Mau,cat,correct,Egyptian_Mau,lime,11,0.999956,37,0.433434,0.972214,0.53878,0.335935,0.957757,0.28577,0.501788,,,0.0110513 -0.00282578 0.0153943 -0.0226114 0.00244098 -0.00240729 0.0297732 0.00227526 0.0209486 0.00542754 -0.0155969 -0.000900963 0.0117705 0.00538827 -0.0207316 0.0143182 -0.00138361 0.0492479 0.00412618 0.0333053 0.0434913 0.0286407 0.196021 0.205244 -0.00359793 -0.00805556 0.022124 0.0245555 0.119489 0.00971955 0.00894991 0.0203469 0.0140231 0.00867511 0.00181682 -0.00546472 -0.00958612,800,0,cuda,38.83,55.04
test,2778,Russian_Blue_98,Russian_Blue,cat,wrong,British_Shorthair,lime,27,0.734919,36,0.277204,0.803776,0.526572,0.105609,0.659037,0.005099,0.690782,,,0.116781 0.167802 0.0814924 0.0524133 -0.00704061 0.0165797 0.0421034 0.193483 0.0176143 0.0184156 0.229421 0.0786389 -0.00189608 -0.00530589 -0.00237409 0.0112765 0.00293438 -0.0163749 -0.0138162 -0.0281116 -0.0143123 -0.0166596 0.0452934 0.0165534 -0.0149413 0.00619238 -0.00663089 -0.0115939 0.00281734 -0.0100438 -0.00385989 0.00178833 0.0117903 -0.00148057 -0.00306977 -0.00371945,800,0,cuda,51.96,59.41
test,624,Birman_33,Birman,cat,correct,Birman,lime,26,0.96179,38,0.258032,0.672674,0.414642,0.120566,0.795731,0.26477,0.693829,,,-0.00684934 0.00612895 0.0181871 -0.0156936 0.00012793 0.00518945 -0.00327254 0.0106589 0.0136983 0.0109413 -0.00926312 -0.0100792 0.0163382 -0.0179129 -0.00640179 0.00564869 0.00545098 0.0123311 0.00201454 -0.0208194 0.00643748 -0.010431 -0.0179895 0.25274 0.024253 0.0508911 -0.0231824 0.0320088 0.315174 0.0573327 0.0286084 0.0183749 0.0349214 0.0190056 0.0266719 0.0922487 0.0174787 0.00977977,800,0,cuda,34.21,37.99
test,3401,staffordshire_bull_terrier_39,staffordshire_bull_terrier,dog,correct,staffordshire_bull_terrier,lime,34,0.989759,45,0.689074,0.84742,0.158345,0.252776,0.84091,0.608759,0.755125,,,0.079529 0.0500734 0.0223831 0.00848881 -0.00153501 0.0942823 0.147383 0.341639 0.123808 0.00990124 0.00196224 0.0198971 0.0105351 0.141849 0.00153854 0.0240798 0.0255808 0.055016 0.107545 0.0731131 -0.00355471 -0.0134002 0.000880698 -0.0175445 0.0388055 -0.00528345 0.0182366 0.0458096 -0.0131649 0.0031598 0.280989 0.00592648 0.0385691 0.105809 -0.00828835 0.00344825 0.0464505 0.000975891 -0.0058629 0.00993032 0.0717429 0.040173 0.0146564 0.0181588 0.00291541,800,0,cuda,34.69,40.19
test,2173,miniature_pinscher_93,miniature_pinscher,dog,correct,miniature_pinscher,lime,21,0.92457,40,0.132573,0.752179,0.619606,0.048294,0.845509,0.082054,0.883538,,,-0.00340225 -0.00525188 -0.0142343 -0.0128816 -0.0110698 0.0185901 -0.023402 -0.0106523 -0.00572274 -0.00139117 -0.00887643 0.580051 -0.00322219 0.0616458 0.0440307 -0.000704607 0.0172634 -0.00262318 0.0037327 0.000919647 0.225912 -0.00426966 0.00624129 1.9687e-05 0.01606 0.0322504 0.0685778 0.0101264 0.00932128 -0.00249703 0.0150153 -0.00274495 -0.0114626 0.0208596 -0.00361841 0.027827 0.0111416 0.0446771 -0.00373586 0.0371151,800,0,cuda,36.59,46.02
test,1011,chihuahua_33,chihuahua,dog,correct,chihuahua,lime,10,0.999393,35,0.328982,0.727402,0.39842,0.1646,0.927948,0.267997,0.777469,,,-0.00679575 0.0122624 -0.0155904 -0.0152508 -0.0243721 -0.0249457 0.00484156 0.35458 -0.0123758 0.0857072 -0.00882205 0.50375 0.0137708 -0.0199226 -0.0142231 0.00291179 0.124207 0.145886 0.0345309 0.00080705 0.0350223 0.01976 -0.0383684 -0.0102956 0.00482648 0.0701332 -0.0150175 0.0334577 0.0132213 0.00279838 -0.00316228 -0.00178763 0.0239479 0.0149395 -0.00948896,800,0,cuda,42.22,44.14
test,1480,german_shorthaired_99,german_shorthaired,dog,correct,german_shorthaired,lime,14,0.999891,42,0.480568,0.828151,0.347583,0.604731,0.8947,0.131862,0.248326,,,-0.00569107 -0.0003113 0.00127522 0.0152889 0.000963913 -0.00599383 0.00361116 0.0205821 0.00755168 0.00161922 0.027803 0.00792912 0.0329258 0.00106949 0.00895222 0.0149463 0.00341168 0.0356746 0.00259994 0.0187539 0.0231954 0.00665705 0.00802656 0.00736554 -0.00186544 -0.00257058 0.0187643 0.00589273 0.00692004 0.000447604 0.00735431 0.00770884 0.00701824 0.0135399 0.00374356 0.00600421 0.00626651 0.00364013 0.00673621 -0.00105093 0.00076093 -0.00708945,800,0,cuda,32.91,33.95
test,1090,Egyptian_Mau_204,Egyptian_Mau,cat,correct,Egyptian_Mau,lime,11,0.963123,33,0.284319,0.751189,0.466869,0.181178,0.875619,0.161403,0.694395,,,-0.0113447 -0.083906 -0.0207155 -0.00696346 0.0526667 -0.0223797 -0.0150284 -0.000443698 -0.0122844 -0.0534706 0.076283 -0.0469197 -0.00402467 -0.00850026 0.100309 0.0403462 -0.0121652 0.194158 0.239695 -0.00684108 0.17057 -0.0228251 0.198452 0.225997 0.00636965 -0.0417224 -0.0260283 -0.017327 -0.0591048 -0.00683173 -0.0191123 -0.00441449 -0.0330533,800,0,cuda,40.51,42.22
test,848,boxer_66,boxer,dog,correct,boxer,lime,8,0.999537,39,0.597278,0.981098,0.38382,0.287442,0.926126,0.439243,0.608734,,,0.0302889 0.0187509 0.0365978 0.0339292 -0.0104108 0.20988 0.202358 0.0378223 -0.00570103 0.0089904 0.151186 0.126699 0.0475237 0.00357872 -0.00793322 0.126595 0.104857 0.0459512 0.0179992 0.104957 0.00346056 -0.0607872 0.00838672 -0.00413657 0.0080526 0.0206315 -0.0115034 -0.0127808 0.015585 -0.002171 -0.023568 0.000154688 0.0115036 0.00479316 0.0128827 0.0230728 0.0128666 0.00433714 -0.0101302,800,0,cuda,42.61,52.08
test,3079,scottish_terrier_9,scottish_terrier,dog,correct,scottish_terrier,lime,30,0.999926,35,0.584762,0.986974,0.402212,0.219748,0.895739,0.414256,0.695084,,,-0.0303526 -0.0272324 0.00245186 0.0315631 -0.0224992 0.0168571 -0.0188834 0.0412405 0.0260835 0.0121972 0.0686499 0.494726 0.104232 0.0907472 0.0285935 -0.0184401 0.196205 0.0120948 0.0835514 0.01798 0.0868312 0.0995996 -0.0214906 -0.00483813 -0.0054066 -0.0238228 0.0449829 0.00940379 0.0155398 0.019122 0.0171635 0.0144743 0.0148694 0.0088928 0.00154002,800,0,cuda,25.86,32.3
test,780,Bombay_94,Bombay,cat,correct,Bombay,lime,7,0.999828,37,0.723812,0.976455,0.252643,0.29593,0.845949,0.406796,0.698588,,,0.0237591 0.0314326 0.01467 0.0302434 0.0362209 0.0591925 -0.0110893 -0.00869743 -0.0235028 0.0141356 -0.0149629 0.0543807 -0.00831564 0.13248 0.017057 0.141571 -0.0132583 0.0227829 0.103263 0.0324659 -0.00740184 0.116186 0.0804771 0.0168973 0.0267545 0.0169863 0.206872 -0.0368935 0.0779211 0.00931647 0.00455576 0.0476781 -0.00626458 -0.0746965 0.0289968 0.193279 0.00928047,800,0,cuda,35.11,39.14
test,605,Birman_199,Birman,cat,correct,Birman,lime,6,0.997283,35,0.742267,0.987923,0.245656,0.288316,0.895895,0.58437,0.749016,,,0.00630115 0.0356447 -0.0075011 0.0361883 0.0378254 0.104146 0.213113 0.175964 0.0216037 0.00104129 -0.0201134 0.105212 0.0383382 -0.00699787 0.225384 0.101658 0.262018 0.0449242 0.0271085 0.051988 0.00445162 0.00888304 0.0429638 0.0409526 0.140118 -0.0241282 0.0161762 0.028314 -0.00019978 0.0278267 -0.0159733 -0.017793 -0.00353452 0.015631 0.109589,800,0,cuda,45.26,46.62
test,174,american_bulldog_78,american_bulldog,dog,correct,american_bulldog,lime,1,0.999225,34,0.642498,0.988061,0.345563,0.136954,0.888923,0.297763,0.783383,,,-0.00900474 0.0390499 -0.000887392 0.096366 0.00114546 0.00306091 -0.00473983 0.0114645 0.0202998 0.00899766 0.00890137 0.281241 0.0315628 0.0152268 0.181299 -0.0119735 -0.0215085 0.0432913 0.00678563 0.314294 -0.0463976 0.0813414 0.0185708 -0.0262225 -0.00770879 0.02395 0.377605 0.0238376 0.149026 -0.00638646 -0.0234993 -0.0249135 -0.00527804 0.0162586,800,0,cuda,24.32,27.8
test,1202,english_cocker_spaniel_28,english_cocker_spaniel,dog,correct,english_cocker_spaniel,lime,12,0.998519,41,0.673948,0.997652,0.323705,0.08601,0.852194,0.046766,0.644145,,,-0.0264235 0.013477 -0.0269981 0.0308485 -0.0155694 -0.0179099 -0.0407325 0.109541 -0.0084313 0.00762328 -0.0329814 0.0423269 -0.0154277 -0.00176389 0.0238658 0.0562351 -0.00961267 0.136122 -0.019544 0.150592 -0.018701 0.100659 0.00365551 0.416809 -0.014155 0.00661912 0.0186327 0.0557687 0.141157 0.0553812 0.109561 0.118708 0.0143495 0.0123875 -0.0163359 0.0208636 0.0393481 0.0406532 0.0548495 0.0490285 0.0390009,800,0,cuda,37.86,42.06
test,2269,newfoundland_8,newfoundland,dog,correct,newfoundland,lime,22,0.999721,34,0.370277,0.978223,0.607946,0.279782,0.922871,0.235568,0.556657,,,-0.00432722 -0.00140655 0.00524355 0.0292492 0.021514 0.0106164 0.203311 0.00835567 0.000409228 0.0404905 0.0069989 0.000103321 -0.00485343 0.0853881 -0.0112379 0.00937084 0.00388486 0.00707578 0.0848526 0.0139354 0.012437 0.0404943 0.0171955 -0.00902142 0.00364417 0.00745275 0.00499159 0.0540916 0.0875731 -0.00175333 0.00282953 0.000139931 0.00451139 -0.00729897,800,0,cuda,37.39,42.41
test,2463,pomeranian_84,pomeranian,dog,correct,pomeranian,lime,24,0.997228,31,0.662289,0.982527,0.320238,0.202859,0.879313,0.435585,0.713929,,,0.0387549 -0.0153564 0.00678335 0.00934808 0.17572 0.00959722 0.092484 0.151278 0.117782 0.00260553 0.0117873 -0.000944805 -0.0151725 0.195403 0.200787 0.0175602 0.0125078 0.00012713 0.00754585 0.405855 -0.00252654 0.0754032 0.0161612 0.0105491 -0.00789802 0.00766245 -0.0036915 -0.00847828 0.0214351 0.0233893 -0.0263559,800,0,cuda,28.2,38.95
test,100,american_bulldog_207,american_bulldog,dog,correct,american_bulldog,lime,1,0.992099,35,0.339545,0.994032,0.654487,0.075521,0.892528,0.01818,0.793153,,,0.0136655 -0.0142669 -0.00654386 0.0207569 0.01276 0.0394563 0.00122418 -0.0219562 0.0250166 0.00029847 0.0717804 0.0104818 0.0108345 0.447828 0.0567718 0.00172846 0.0286394 -0.00949697 0.0175734 0.23275 0.00246819 0.193292 0.0835102 0.0229333 0.00522451 -0.0148023 0.00605353 -0.00952941 0.00391493 0.0507702 0.00359389 0.00104465 0.0177651 0.0242653 -0.0248752,800,0,cuda,41.24,50.52
test,1243,english_cocker_spaniel_65,english_cocker_spaniel,dog,correct,english_cocker_spaniel,lime,12,0.666651,39,0.221042,0.828683,0.607641,0.026065,0.863976,0.099412,0.698687,,,-0.00997866 0.0309396 0.000424123 0.0151979 0.00485698 -0.0195893 0.00942728 0.00327949 -0.00492489 0.00316356 0.0136661 0.00402361 -0.0237814 -0.0576268 -0.0285001 -0.0212428 0.013331 0.00781687 0.0398587 0.0261571 -0.00978035 -0.0828021 -0.00748922 0.42515 -0.0206469 0.0194189 0.102607 0.260851 0.152713 0.013589 -0.0181443 -0.0301101 -0.0136833 -0.025932 -0.0269921 -0.062195 -0.0145394 -0.0201051 -0.0208062,800,0,cuda,35.71,46.43
test,741,Bombay_56,Bombay,cat,correct,Bombay,lime,7,0.999943,38,0.6592,0.990131,0.330932,0.339055,0.93249,0.454749,0.611033,,,0.00341393 0.00173482 0.0026792 0.076919 -0.000369703 0.0907545 0.0888725 0.16105 0.018677 0.0607638 0.00300412 0.00500233 0.155267 0.103792 0.0167325 0.000320853 0.137518 0.0634725 0.157117 0.00368234 0.0215089 0.0287641 0.0311992 -0.0138398 -0.00882211 0.00271897 0.0105912 0.0289358 -0.0102016 -0.00161009 0.02616 0.0140632 -0.0206667 0.00972544 0.0129973 0.00816961 0.000806334 0.00603854,800,0,cuda,21.77,23.09
test,334,basset_hound_42,basset_hound,dog,correct,basset_hound,lime,3,0.856311,36,0.758371,0.986054,0.227683,0.074803,0.799773,0.230783,0.566376,,,-0.0078796 0.0147767 0.0098913 0.0294501 0.122981 -0.014661 0.0104133 -0.00133931 -0.00921159 0.0207433 0.113078 0.12426 0.151461 -0.0432438 -0.0413631 0.00182781 0.128783 -0.00687232 0.0292295 0.059063 -0.00225387 0.189001 -0.0375943 0.0215483 -0.0108439 0.00741407 -0.0121357 -0.00041635 0.0188974 0.00873707 -0.00211898 -0.0175854 0.026193 -0.0377196 -0.00707691 -0.014994,800,0,cuda,56.69,62.73
test,2908,samoyed_34,samoyed,dog,correct,samoyed,lime,29,0.984234,35,0.502013,0.979799,0.477786,0.315108,0.867455,0.365269,0.672386,,,0.0146872 0.0258701 0.0313569 -0.0132661 -0.0186504 0.0222752 0.0227459 0.00326638 0.0242959 0.191709 0.00183656 0.050025 0.0996519 0.285846 -0.0109872 0.00969972 0.017132 0.0543769 -0.0132083 0.112896 0.0334985 0.0295567 -0.00775676 0.0287679 0.290441 0.00690918 0.00580916 0.0306244 0.0351625 -0.0138038 0.0131635 -0.012963 -0.015122 0.010507 -0.00465177,800,0,cuda,47.82,53.21
test,2882,samoyed_192,samoyed,dog,correct,samoyed,lime,29,0.998164,38,0.212233,0.726347,0.514114,0.05275,0.935395,0.070272,0.958015,,,0.00552729 -0.00711646 0.00233478 -0.00396406 0.0450005 0.00976086 0.00478436 -0.0191807 0.00868459 0.00145805 0.00153542 0.000112169 0.881345 -0.00261907 0.00462655 0.011475 0.0312904 0.0343539 -0.0104549 -0.00490864 -0.00243116 -0.00332163 0.0287769 0.00712506 0.02034 0.00114541 0.019837 0.0105187 0.00142836 0.00143922 0.00474338 -0.000328821 0.016604 0.00960732 0.00229396 0.00673025 0.00269361 0.000549163,800,0,cuda,42.86,44.37
test,1705,japanese_chin_30,japanese_chin,dog,correct,japanese_chin,lime,17,0.999974,31,0.667829,0.987925,0.320096,0.473835,0.907246,0.219178,0.304307,,,-0.00908943 0.00606951 0.0196325 0.0244307 0.0166773 -0.00833559 0.00696376 0.046192 0.059538 -0.00894288 0.0468328 -0.00693166 0.0512419 0.0300413 0.0483067 0.0434321 -0.00481956 0.00725893 0.0112953 0.0405387 0.0560212 0.00494477 0.02811 0.00718812 0.00365889 0.02271 -0.014484 0.000200388 0.0102947 0.00689267 -0.00204487,800,0,cuda,54.22,56.5
test,2881,samoyed_191,samoyed,dog,correct,samoyed,lime,29,0.991259,45,0.196728,0.617147,0.420419,0.043074,0.925939,0.029813,0.87145,,,-0.0291391 0.000787976 -0.0262469 -0.00573223 -0.00841723 0.0157142 -0.00889612 0.00928945 -0.00671375 0.0127549 0.0842179 0.00379423 0.0194321 0.0025375 0.012559 0.804542 0.0454366 0.0405936 0.00683691 -0.00405675 0.029157 0.11502 -0.00331996 0.00950295 0.0210917 -0.000672768 -0.0174108 0.115059 0.0168782 0.0162737 0.00465155 -0.0228333 -0.0152699 0.00374585 0.0266969 -0.0111577 -0.00413851 -0.0171931 -0.0198341 0.000440858 -0.0229378 0.0185731 0.00628558 -0.0171682 -0.00706233,800,0,cuda,29.87,34.95
test,594,Bengal_97,Bengal,cat,correct,Bengal,lime,5,0.975204,33,0.515804,0.548988,0.033183,0.5681,0.807833,0.12317,0.461909,,,0.028597 0.0085545 0.0129477 0.0107368 0.0061329 -0.000308907 0.00480966 0.00453847 -0.0130428 -0.0182895 0.00413629 0.012687 -0.00498845 0.0801955 -0.0404228 -0.00413051 -0.00953411 -0.025248 0.012363 0.00568832 0.0330729 0.00989482 0.0289929 -0.00519629 0.0424897 -0.00383812 0.000680807 0.0248272 -0.0038024 0.0577432 0.0148067 0.0529973 0.0773046,800,0,cuda,31.15,33.4
test,2987,scottish_terrier_197,scottish_terrier,dog,wrong,havanese,lime,16,0.786906,37,0.482581,0.798745,0.316164,0.04984,0.347691,0.578784,0.459014,,,0.0180189 0.01819 0.0312971 0.014639 0.0249051 0.0130859 -0.00134993 0.00212423 0.0178377 0.0118597 -0.0148083 0.0147448 -0.000865572 -0.0137117 -0.0043477 -0.0203392 -0.0370671 -0.015143 -0.000552497 0.00272568 0.00899269 0.00211896 -0.014204 0.00881354 0.0229312 0.0186396 0.0879707 0.0140909 0.041871 0.000450574 0.000373264 -0.0101189 0.0038422 0.00371413 0.0194394 0.0144137 0.0103404,800,0,cuda,45.42,49.06
test,1333,english_setter_56,english_setter,dog,correct,english_setter,lime,13,0.99998,43,0.783582,0.999312,0.215731,0.233436,0.914755,0.486161,0.57428,,,0.0777055 -0.0339043 0.237076 0.00814586 0.159449 0.0295191 0.0236346 0.000179617 -0.00440988 -0.0153433 0.0132937 -0.00751847 0.0417296 0.0240043 0.134539 0.00353745 0.0198773 0.166047 -0.00370748 0.0842699 0.0193293 -0.0164131 0.0601539 0.0271232 -0.00113765 -0.0301368 0.0118182 0.0797029 0.170842 -0.00889791 0.00934108 0.0993563 -0.0264172 -0.00848476 0.0319785 -0.0162777 0.0054148 0.0124709 0.00180547 0.0255705 -0.011965 0.00673638 0.0181728,800,0,cuda,34.56,42.8
test,2214,newfoundland_3,newfoundland,dog,correct,newfoundland,lime,22,0.992134,43,0.775151,0.997473,0.222322,0.07756,0.842503,0.14815,0.694122,,,-0.00111899 -0.0196449 -0.00299224 0.000150075 -0.0130329 -0.0155414 0.0161 -0.0160532 0.00976246 0.0445203 0.0294775 0.0725922 0.024128 -0.0187877 -0.00997207 0.248109 0.0377856 0.0887703 0.197286 0.147778 0.336466 0.0703191 -0.0390071 0.0490051 0.0685599 0.0910212 -0.0268954 0.0029049 -0.00367509 0.0243774 -5.86037e-05 0.030095 0.0351836 -0.0173296 0.0920742 0.00144129 0.0206481 0.00306814 0.0218124 0.00568382 0.00262586 0.0043484 -0.010708,800,0,cuda,48.06,54.45
test,3550,wheaten_terrier_83,wheaten_terrier,dog,correct,wheaten_terrier,lime,35,0.999478,43,0.20165,0.832294,0.630643,0.15545,0.929605,0.34034,0.749176,,,0.0249278 0.00741151 0.00753031 -0.000883358 0.0105046 -0.0102181 0.110102 0.164233 -0.0171203 0.0411999 -0.0152258 0.0436123 0.00662654 0.00359719 -0.0211655 0.00538109 0.0108273 0.0279824 0.0140042 -0.00420408 0.495341 0.0447237 0.0103024 0.00313838 0.000254125 0.00271497 0.022242 0.0579295 0.0739349 -0.00722974 -0.00921598 -0.00398838 0.0818861 0.000240142 -0.00510075 0.0230596 0.0226937 0.0060043 0.00272067 0.00344851 0.00999447 0.0119795 0.00921818,800,0,cuda,27.37,33.47
test,1551,great_pyrenees_72,great_pyrenees,dog,correct,great_pyrenees,lime,15,0.995221,38,0.333187,0.728839,0.395652,0.241413,0.846713,0.328552,0.762038,,,-0.0128907 -0.0124353 0.00677055 -0.0129524 -0.0241627 0.109191 0.0463996 -0.0108623 -0.00182252 0.0404055 0.0142824 0.0352848 0.141698 0.0333059 0.131273 0.383825 0.0172256 0.108288 0.0334644 -0.00141736 0.0580862 -0.0164393 0.0845702 0.00726998 -0.0128662 -0.0158794 0.0144326 0.037581 0.0201933 -0.010015 -0.00682577 0.0143406 0.0147257 0.00336457 0.0065667 -0.0147499 0.00554063 0.00864257,800,0,cuda,20.09,26.71
test,3068,scottish_terrier_8,scottish_terrier,dog,correct,scottish_terrier,lime,30,0.999879,32,0.402822,0.786729,0.383907,0.411154,0.870855,0.239184,0.446866,,,0.0181692 -0.00920406 -0.00872876 0.00909945 -0.00400639 -0.0001179 0.0657942 0.00246652 0.0894089 -0.00181465 0.00725823 0.0620976 0.00500525 0.109224 0.0721749 0.0112044 -0.0177283 0.0211669 -0.00465062 0.00814684 0.00784458 -0.0155686 -0.00199893 0.105717 0.000404073 0.0130292 0.0829282 0.00680023 -0.00104506 0.0258366 0.00831669 0.00697084,800,0,cuda,28.08,31.02
test,1542,great_pyrenees_64,great_pyrenees,dog,correct,great_pyrenees,lime,15,0.994115,30,0.239477,0.528117,0.28864,0.147788,0.907541,0.183648,0.856756,,,0.00320193 -0.00090812 -0.0288032 0.0130817 -0.0130657 0.0615238 0.00771327 0.0371108 0.00116167 -0.0130643 0.00261525 0.00905814 -0.0241939 0.0347525 0.646608 0.0181729 0.183214 0.0205643 -0.00338787 0.271986 0.00624001 0.0526762 -0.012222 -0.0140589 0.0267472 -0.00691111 0.0230012 -0.00936163 0.0320749 0.00808861,800,0,cuda,33.1,38.38
test,3118,shiba_inu_44,shiba_inu,dog,correct,shiba_inu,lime,31,0.9987,45,0.263373,0.855688,0.592316,0.16646,0.837623,0.4029,0.660002,,,-0.00555299 0.0213923 0.0342942 0.00824561 -0.00127239 0.029066 -0.00730293 -0.00879893 0.0180981 -0.0183697 0.140967 -0.00694227 -0.0108261 0.0847837 -0.0283709 -0.010938 0.0031664 -0.0277627 0.0048836 0.170164 0.0075753 0.0891482 0.0208736 0.050684 0.162743 -0.0331212 -0.0201037 0.013573 0.131867 0.0475132 0.0336029 0.1681 0.0178602 0.0148453 0.399194 0.102758 -0.00349025 0.0122003 0.0331829 0.00233239 0.0144555 -0.00845059 -0.00361048 0.00270586 0.00320156,800,0,cuda,27.02,31.07
test,327,basset_hound_36,basset_hound,dog,correct,basset_hound,lime,3,0.971335,39,0.457888,0.994116,0.536228,0.131493,0.938091,0.348368,0.516151,,,0.0163597 -0.013724 -0.0303652 0.0467334 -0.00269485 0.00126489 0.0474147 0.025562 -0.0117357 0.0118771 -0.0109538 0.0219859 -0.0145027 0.265816 -0.00164088 -0.00920114 0.0160575 0.161422 -0.010869 -0.00745096 0.0732143 0.0800909 -0.0219605 0.163437 -0.00305572 0.0387701 0.0520833 -0.00829946 0.0498668 0.0829292 -0.0353122 0.049734 0.00378442 -0.0120222 0.000726071 0.0267456 0.0105534 0.0129644 -0.010017,800,0,cuda,36.45,41.82
test,1933,leonberger_57,leonberger,dog,correct,leonberger,lime,19,0.9986,42,0.34381,0.831486,0.487676,0.199515,0.901177,0.45131,0.68327,,,-0.00500663 -0.0149134 -0.00741433 0.00504746 0.00156632 -0.0117745 0.00617392 0.258624 0.00678792 -0.0088754 0.00694168 0.00422959 0.0681998 0.013339 0.0445548 -0.0132418 -0.00548713 0.0122276 0.0028861 0.0189897 0.000470173 0.095686 0.318777 0.0511361 -0.0177463 0.107625 0.055378 -0.00378046 0.19729 0.0643308 0.200043 0.0168184 -0.00613241 0.0155457 0.00578842 0.0507907 -0.00205043 -0.00648795 -0.0134535 0.00700294 0.00687661 -0.00199942,800,0,cuda,41.71,42.27
test,640,Birman_48,Birman,cat,correct,Birman,lime,6,0.958582,33,0.741928,0.894976,0.153048,0.18815,0.881106,0.332514,0.712699,,,0.0197297 0.0103803 -0.00507022 0.0407418 0.0243818 0.0394648 0.0734165 0.00266737 0.2498 -0.00236641 0.115107 0.0230252 0.0640981 0.0823836 0.224089 0.109563 0.0771382 0.00976655 -2.32493e-05 0.0205491 0.00473015 -0.0325749 -0.0904939 0.0291878 0.262265 0.0899692 -0.0468077 0.00695358 -0.00524881 -0.0181007 0.0353467 -0.0172058 0.0446105,800,0,cuda,42.42,43.01
test,2152,miniature_pinscher_74,miniature_pinscher,dog,correct,miniature_pinscher,lime,21,0.853519,38,0.518455,0.984253,0.465798,0.064722,0.887517,0.147132,0.812201,,,0.0348683 -0.0108813 0.0313877 -0.0218249 0.0595803 -0.00142115 0.00169965 0.101926 0.0732987 0.00867034 -0.0441078 -0.0206318 0.537954 -0.00791043 0.0876778 0.168597 -0.00103734 0.0287248 0.00111453 0.00400413 0.0328515 0.0399991 0.0234626 0.0624983 0.0768656 -0.00115743 0.0390986 0.0249887 -0.0104503 0.0380689 -0.00782736 0.055019 -0.0197198 -0.0230636 -0.00548265 0.0130008 -0.00140261 -0.00280347,800,0,cuda,37.55,40.33
test,2042,Maine_Coon_58,Maine_Coon,cat,correct,Maine_Coon,lime,20,0.999465,29,0.527423,0.984452,0.457029,0.450556,0.91884,0.195595,0.455211,,,-0.0225043 -3.52842e-05 0.0180012 0.0060355 0.00815799 -0.00640567 -0.00584919 0.0368279 0.093556 0.0207484 0.0257353 0.0270467 0.00775282 0.0270938 0.0516777 0.00833015 0.0877189 0.0413552 0.0248424 0.0182957 0.0116315 0.00192243 0.00424495 0.0296002 0.0213866 0.00547571 0.0184124 0.00854295 -0.00843094,800,0,cuda,31.78,37.55
test,2863,saint_bernard_84,saint_bernard,dog,correct,saint_bernard,lime,28,0.999285,43,0.621353,0.999857,0.378504,0.320667,0.912491,0.369474,0.471701,,,-0.00270715 -0.00430033 0.0106774 -0.0161081 0.00169322 -0.00241615 0.0025957 -0.00383712 0.0135076 -0.00564087 -0.00231083 0.0151847 0.00840934 0.0695649 -0.0161841 0.203944 0.0241791 0.140753 -0.00791544 0.0103054 0.000591962 0.125534 0.0112497 0.0318158 0.107419 -0.00166708 0.0547336 0.00705671 0.0702626 0.00904763 0.0318654 0.011237 0.0373409 0.0601505 0.0443155 -0.00756153 -0.0094411 0.00053051 0.0329844 0.00537472 -0.00993128 0.000978615 -0.0166894,800,0,cuda,22.17,23.18
test,1468,german_shorthaired_88,german_shorthaired,dog,correct,german_shorthaired,lime,14,0.999942,42,0.501594,0.870306,0.368712,0.305744,0.931545,0.365712,0.518882,,,0.0175915 0.00450727 -0.00834117 0.00649689 0.0599233 0.0495265 -0.000941518 -0.0191896 0.0307431 0.0433134 0.0118292 0.0424158 0.0690607 0.145695 -0.0202711 -0.0134496 0.216238 -0.00534866 0.0356411 -0.000772157 -0.000812029 0.0242295 0.05905 0.0184214 0.0153608 -0.0110016 0.0193781 0.00122325 0.02838 0.024248 0.0448212 0.00177602 -0.00624923 0.0624801 0.0128298 0.0196836 0.00371956 -0.0114687 0.016505 0.0130034 -0.0150974 0.0100837,800,0,cuda,32.37,48.57
test,1838,keeshond_61,keeshond,dog,correct,keeshond,lime,18,0.999664,40,0.463429,0.892952,0.429524,0.266038,0.792937,0.484872,0.686698,,,0.0432737 -0.00211197 -0.0269666 -0.00942903 0.159276 0.00832629 -0.00362035 0.0811611 0.0555055 0.109862 -0.00118265 0.0304119 -0.0158166 0.0723235 -0.00254182 -0.00812126 0.281571 0.0456489 0.11257 -0.00371892 -0.00111484 0.0313884 0.00223903 0.105298 0.00180713 0.207543 0.0307496 0.0517408 0.0688297 -0.000690647 0.0292389 0.0267732 -0.00430364 -0.0215408 0.0134606 -0.0094344 0.0191246 0.0106941 0.000225338 -0.00363744,800,0,cuda,34.86,35.89
test,3046,scottish_terrier_6,scottish_terrier,dog,wrong,wheaten_terrier,lime,30,0.993582,27,0.63929,0.867528,0.228239,0.139094,0.833776,0.050718,0.676139,,,0.042008 0.0220018 0.0847135 0.0195743 0.0124146 -0.013851 0.277586 -0.00171651 0.324201 0.0187708 0.139898 -0.0494892 0.0312653 0.024763 -0.0206429 -0.0118262 -0.000464338 0.0948195 0.00361659 0.0519342 0.0297295 0.056588 -0.0011716 0.0275863 0.0128617 0.0124563 0.0098834,800,0,cuda,36.79,37.45
test,3557,wheaten_terrier_8,wheaten_terrier,dog,correct,wheaten_terrier,lime,35,0.996108,46,0.485152,0.986353,0.501201,0.177661,0.834518,0.579405,0.690073,,,0.0285844 0.0254184 0.00185278 0.073984 0.00535802 0.142894 0.122423 0.0860885 0.0244553 0.271725 0.152712 -0.00731981 0.113877 0.131476 0.0198669 0.0693737 -0.0269544 0.0195175 0.0350192 0.0144453 0.0116641 0.136249 0.114099 -0.0111615 0.30792 0.111573 0.0971284 -0.0163148 0.108931 0.0137413 0.0860435 0.0247378 0.0168845 0.00611479 0.00814499 0.00626727 -0.0010691 0.000811726 -0.0163917 0.00385539 -0.00224098 0.00386416 0.0131047 -0.0211239 0.0026837 0.00316931,800,0,cuda,35.81,41.22
test,460,beagle_66,beagle,dog,correct,beagle,lime,4,0.999938,38,0.448103,0.814739,0.366637,0.289395,0.969756,0.37735,0.603614,,,0.0247298 0.0117106 -0.0292145 -0.00951256 0.0270069 -0.00533844 -0.0238958 0.0405619 0.123599 0.00240618 -0.00500851 0.0828381 -0.0314448 0.121605 0.20355 0.063392 0.324428 0.0460612 0.00407149 0.0440775 0.0166334 0.011802 -0.0112009 0.0190281 0.0164062 0.01551 0.024449 -0.0140877 0.00993128 0.00654196 0.0128557 0.0122707 -0.00226722 0.010454 -0.0183277 0.00343901 -0.00393467 -0.00653873,800,0,cuda,25.15,29.35
test,1046,chihuahua_65,chihuahua,dog,wrong,Sphynx,lime,33,0.879187,36,0.328085,0.509343,0.181258,0.128382,0.706657,0.298944,0.511544,,,0.069285 0.0148235 0.10906 0.0403189 0.0468298 -0.00376004 0.0978096 0.0989777 0.0808376 -0.049006 0.0678078 0.168325 -0.0715909 0.107421 0.109507 0.057452 0.000368501 0.153767 0.00746937 0.0701381 0.00660914 -0.00299259 -0.00392732 0.0103016 0.0769191 0.0137333 -0.0140696 0.0989879 0.0879917 0.00391908 -0.000336252 0.00823179 0.0065927 -0.0151408 0.0377513 -0.0062345,800,0,cuda,42.18,44.79
test,1398,german_shorthaired_24,german_shorthaired,dog,correct,german_shorthaired,lime,14,0.999715,37,0.324139,0.875807,0.551668,0.34344,0.898527,0.250731,0.553795,,,-0.0170756 -0.0107567 -0.00768599 0.0134554 0.0125826 0.00247524 0.00768647 0.206525 0.0212871 0.00634217 0.00189283 -0.00547305 0.00145995 0.150831 0.0213608 -0.0117993 0.0208317 -0.00562929 -0.00208827 0.0302685 -0.000332187 0.0113468 0.00987189 0.0175236 0.00527983 0.102065 0.0606181 0.0342371 0.0055051 0.000290784 -0.0115394 -0.0118607 0.130524 -0.00567474 -0.00267737 -0.0127213 0.00663299,800,0,cuda,43.64,58.31
test,1562,great_pyrenees_82,great_pyrenees,dog,correct,great_pyrenees,lime,15,0.989835,44,0.413644,0.982034,0.56839,0.139679,0.906907,0.175753,0.783791,,,0.0443678 -0.0155634 0.00970114 0.02493 -0.0316211 0.0104577 0.127185 0.0333595 -0.0235468 0.00641838 0.0204664 -0.00120055 0.0102244 0.00204135 -0.00408941 0.545145 -0.00142515 -0.0299826 0.0698687 0.246881 -0.00256787 -0.0137504 -0.0112953 0.0449789 0.00696261 -0.00649801 0.0616234 0.0832168 0.0142439 0.051693 0.0127382 0.0532993 -0.00571258 -0.0222646 0.0493983 -0.0168868 0.0193228 0.000273353 0.0138033 0.000356051 0.0216348 -4.58849e-05 0.0246753 -0.0266555,800,0,cuda,40.23,49.33
test,1975,leonberger_95,leonberger,dog,correct,leonberger,lime,19,0.999883,36,0.191944,0.640479,0.448535,0.137028,0.906532,0.125451,0.811069,,,0.00653902 -0.0112063 -0.0154588 -0.0120831 -0.00935402 -0.00307011 -0.000221748 0.0223239 0.00675335 0.0405945 0.0947651 0.0247523 0.0583872 0.0143109 0.0197779 0.0143281 0.00217618 0.144159 0.259735 -0.000148286 0.0035279 -0.0181844 0.00595291 -0.0114281 0.0212494 -0.00588072 0.686875 -0.000810241 0.0637424 0.0391326 0.012989 -0.000100842 -0.00206058 -0.0176422 -0.000339774 0.044879,800,0,cuda,13.38,15.75
test,2633,Ragdoll_52,Ragdoll,cat,wrong,Birman,lime,26,0.567815,40,0.654994,0.787292,0.132298,0.040909,0.526162,0.293571,0.534991,,,0.00320969 0.00288315 0.017257 -0.00453027 0.0306617 0.00135514 0.0136773 0.0167612 0.00832754 -0.00738712 0.00656219 -0.0605658 0.0275648 0.00376014 -0.0147545 0.0443104 0.00321471 0.0131444 0.0297422 0.0380113 -0.0250084 0.00903226 0.00578626 0.0371269 -0.0533637 -0.0161504 0.0276993 -0.00553254 0.0379624 -0.00787667 0.045302 -0.017359 0.0846293 -0.0102502 -0.00611654 0.0448105 0.0183879 0.00104709 0.00210263 0.0208578,800,0,cuda,55.03,56.2
test,419,beagle_29,beagle,dog,correct,beagle,lime,4,0.980613,34,0.418148,0.926697,0.508549,0.048215,0.957863,0.082553,0.910876,,,0.00157361 0.00256696 -0.0138198 -0.00656486 -0.0189218 0.000185435 0.0303875 0.00933259 0.0119556 -0.0336602 0.041143 0.0897129 -0.0174175 0.0167287 0.105229 -0.00598422 -0.000673938 0.718343 0.00396384 0.00760957 -0.0208942 0.00737798 -0.0441934 0.00206391 0.0189131 0.0093397 0.073997 -0.00902367 -0.0141606 0.00143336 -0.0248712 -0.0295526 0.0230212 0.0173283,800,0,cuda,58.16,60.06
test,738,Bombay_53,Bombay,cat,correct,Bombay,lime,7,0.999992,32,0.71014,0.955346,0.245206,0.631134,0.920164,0.090984,0.261368,,,0.00725076 0.000922472 0.0124932 0.00459804 0.00519598 0.0182537 0.0163297 0.00521454 0.0064861 0.00464237 0.00455178 0.0115713 0.00678323 0.00115636 0.0101064 0.0217533 0.00217196 0.00561616 0.0269005 0.00257065 0.00598167 0.00665703 0.00584317 0.00314863 0.00710693 0.0166155 -0.00141602 -0.000629899 0.00668402 0.00425409 0.000180317 -0.00314268,800,0,cuda,41.41,58.63
test,1879,keeshond_99,keeshond,dog,correct,keeshond,lime,18,0.998988,38,0.587911,0.992811,0.404901,0.351229,0.941268,0.260381,0.455785,,,0.00704764 0.0223387 0.016299 0.0428817 0.0445054 0.000714325 0.0613868 0.0222663 -0.0013402 0.0649863 0.0235463 0.0304161 -0.0193223 0.00822652 0.122899 0.00504644 0.107212 0.00970367 0.00807703 0.114701 0.00759895 0.0164134 -0.00675503 0.0321031 0.0087872 -0.00731477 0.0257035 -0.0110745 0.00158558 0.00137012 0.000341069 -0.0155255 0.00183167 -0.00527335 -0.0218669 -0.0055477 -0.00373556 -0.00601375,800,0,cuda,33.73,47.82
test,1389,german_shorthaired_198,german_shorthaired,dog,correct,german_shorthaired,lime,14,0.999922,35,0.462093,0.774475,0.312382,0.371784,0.863791,0.489245,0.684403,,,-0.0217787 -0.00140004 0.0420776 0.0473621 0.0189404 -0.000906222 0.0989158 0.0117545 0.0498953 -0.00251746 0.119528 0.00738716 0.0416651 -0.00288434 0.0326265 0.00358402 0.113342 0.00621567 0.227462 0.0565336 0.0216866 0.161815 0.0480028 -0.00898097 0.120358 0.0418142 -0.0102275 0.0181754 0.136707 -0.000855636 0.0528021 0.0283932 0.00921915 0.00715686 0.0168535,800,0,cuda,22.5,23.83
test,1438,german_shorthaired_60,german_shorthaired,dog,correct,german_shorthaired,lime,14,0.999451,37,0.135563,0.566975,0.431412,0.063417,0.936695,0.049916,0.98915,,,-0.00299272 0.00170578 0.011324 0.00287968 0.00311823 -0.00124524 0.00564091 0.0285001 -0.0079874 0.0112049 0.00572021 -0.00304766 0.85673 0.0113156 0.0132996 0.00306687 0.011484 0.00381592 0.0204262 0.00435282 0.0646054 -0.00264091 0.00446014 0.00504205 -0.00249444 0.00539413 -0.00632512 0.000497686 0.00359181 -0.00321791 0.00202222 -0.00618657 -0.000461329 0.000677145 0.000916676 -4.55416e-06 -0.00140215,800,0,cuda,51.39,55.34
test,497,beagle_9,beagle,dog,correct,beagle,lime,4,0.99996,37,0.669165,0.997153,0.327988,0.22565,0.902865,0.574535,0.606439,,,-0.030124 0.0215281 -0.0107679 0.00936787 -0.00444546 0.0374987 -0.0085437 0.0552832 0.289497 -0.0236663 0.0545088 0.124069 0.0646252 0.176149 -0.0021984 0.037014 0.108903 0.284031 0.00770908 0.194139 0.0506869 0.0278062 0.145205 0.00470739 0.0156792 0.128984 0.0432638 0.027456 -0.00655148 0.0147029 0.0139801 -0.0152912 -0.00516831 -0.0209312 0.0256508 -0.0123176 0.000634293,800,0,cuda,50.57,52.57
test,2750,Russian_Blue_71,Russian_Blue,cat,correct,Russian_Blue,lime,27,0.999475,26,0.480309,0.964323,0.484013,0.214779,0.894994,0.377233,0.596248,,,0.00257456 0.0133943 0.0133472 -0.0134931 -0.0153441 0.00451054 0.012838 0.00849302 -0.00813542 0.0125976 -0.0249082 0.007802 0.0198643 0.260273 0.0275057 0.212847 0.0296701 0.0853748 0.0348227 0.084522 0.203396 0.0701831 0.109059 0.0281601 0.015596 0.000481268,800,0,cuda,40.45,41.35
test,375,basset_hound_7,basset_hound,dog,correct,basset_hound,lime,4,0.985539,33,0.459622,0.746881,0.287259,0.045301,0.742874,0.486582,0.437267,,,0.0214441 0.0987809 -0.00328487 0.00657202 -0.00605882 0.0225626 0.0747362 -0.020232 0.0254781 0.0190348 0.0113636 0.155679 0.00480891 0.0655097 0.057276 0.0103351 0.0744415 0.00565945 0.0519552 0.0166398 0.000860383 -0.0191071 0.0179906 0.000114041 0.0755751 0.0241422 0.00963138 -0.0150102 -0.00156038 -0.0359291 0.0085504 0.0433154 -0.00310897,800,0,cuda,51.66,57.7
test,975,British_Shorthair_91,British_Shorthair,cat,correct,British_Shorthair,lime,9,0.993811,41,0.41482,0.988136,0.573316,0.047771,0.907857,0.03507,0.726996,,,0.00682696 -0.00441864 0.0156456 0.0159783 0.0538249 0.00391662 -0.00546331 -0.0346995 -0.0632375 0.00393123 -0.0197643 -0.0103258 0.0366857 -0.0173992 0.0720496 0.304607 -0.000941171 -0.0170599 0.186154 0.0259397 0.00747934 0.325026 0.00771371 0.227496 0.0602249 0.0237243 -0.00750649 0.0952003 0.028325 -0.00296411 -0.00317008 -0.00450596 -0.00865924 0.0204903 0.0863509 0.011257 -0.0113067 0.0127078 0.00619855 0.00851386 0.00359454,800,0,cuda,25.16,30.26
test,1209,english_cocker_spaniel_34,english_cocker_spaniel,dog,correct,english_cocker_spaniel,lime,12,0.997905,43,0.15617,0.55511,0.398939,0.068885,0.92525,0.195117,0.765278,,,0.034696 0.013927 -0.0163119 0.00127063 0.0289222 0.0155902 0.0110646 0.0179169 0.0209479 0.25551 0.0104723 0.00457043 0.000917927 0.329024 0.424934 0.00558368 -0.0169567 0.362597 0.00867405 -0.00474227 -0.0092372 0.0757667 -0.0148753 -0.0107595 0.0777094 0.0203787 0.0315658 0.00525098 0.03064 -0.00433275 0.0141408 0.00235415 0.00616754 0.00717358 -0.0398227 -0.00768425 -0.027431 0.00524051 -0.00994232 -0.00128149 0.0297917 -0.0237811 0.00139338,800,0,cuda,41.91,43.47
test,3236,Siamese_57,Siamese,cat,wrong,Birman,lime,32,0.991376,40,0.280732,0.901156,0.620424,0.132404,0.812662,0.26892,0.785155,,,-0.0114781 -0.00226909 0.158366 0.033369 -0.00420861 -0.00321738 0.0178875 0.0811541 0.0107763 0.0726185 0.0655807 0.186796 -0.0116213 0.0271902 0.0283248 0.401514 0.0259794 -0.0235597 -0.0128947 0.00336607 0.0031316 0.00630979 0.000108126 0.000311178 0.164551 0.2803 0.000250862 0.0141217 0.00162603 -0.000712577 0.0378158 0.0167918 0.0804814 -0.0100266 0.00714063 -0.00518914 -0.00984193 0.0150247 -0.0105707 -0.01901,800,0,cuda,49.24,57.03
test,404,beagle_1,beagle,dog,correct,beagle,lime,4,0.999918,36,0.42889,0.984294,0.555404,0.217005,0.873484,0.471607,0.565072,,,-0.0268305 0.0239251 -0.00323576 -0.00311368 0.099052 0.147683 -0.00562808 0.0974016 0.00150273 0.233478 0.0117988 0.012204 0.0102133 0.0276333 0.0019839 0.156316 -0.00819886 0.193756 0.224131 -0.00479133 0.0174003 0.0789584 0.36076 0.00639539 0.0281726 -0.000533586 -0.0355739 0.00854288 0.0298683 0.0280707 0.00102329 -0.0139586 0.00407074 -0.000662167 0.0014951 -0.00515975,800,0,cuda,15.24,22.15
test,2467,pomeranian_88,pomeranian,dog,correct,pomeranian,lime,24,0.998851,37,0.21301,0.838479,0.625468,0.058468,0.938275,0.217954,0.808173,,,0.0205513 0.00543613 0.0230375 0.0047038 -9.79093e-06 0.00786015 -0.0330411 -0.0226787 0.0180228 -0.0342631 -0.0455687 0.00996438 0.0292118 0.0251109 -0.0317908 -0.00951176 0.0617906 0.635848 -0.0471807 0.00872865 0.0144828 -0.0105935 0.0348665 0.159812 0.0125812 0.0142901 0.0118804 0.288579 0.155089 -0.0195779 0.0283198 -2.37755e-05 -0.0103806 0.0458932 0.00141604 -0.0138966 -0.0145217,800,0,cuda,46.56,47.32
test,1425,german_shorthaired_49,german_shorthaired,dog,correct,german_shorthaired,lime,14,0.999976,43,0.498525,0.978469,0.479944,0.333352,0.896939,0.344652,0.583506,,,0.002158 0.00305977 0.00764155 0.00623031 0.0157617 0.0144371 0.0263565 0.00708335 0.0272235 -0.013731 0.0281849 0.0337739 0.0507308 0.0458112 0.0240993 0.112299 0.0855921 0.00519025 0.00313241 0.0776177 0.0392739 0.177331 0.109164 0.0152543 0.0901399 0.0170047 -0.0060016 0.0054311 0.0158458 0.00697307 -0.0249061 0.00359559 0.0158763 -0.0135881 0.00275456 -0.0192946 -0.00198034 0.00934963 5.56586e-06 -0.00531285 -0.0067259 0.00972639 -0.0134553,800,0,cuda,22.26,37.62
test,93,Abyssinian_96,Abyssinian,cat,correct,Abyssinian,lime,0,0.830169,33,0.277304,0.751334,0.47403,0.105442,0.848629,0.235592,0.663654,,,0.142084 0.0282719 -0.00523304 -0.0117128 0.0139097 -0.0098491 0.022951 -0.00922656 0.11739 0.0106434 0.0231493 0.106019 0.0117215 0.287366 -0.0017633 0.0192708 0.058081 0.0093215 0.00121372 0.0115785 0.0321576 -0.00860694 0.0854467 0.170186 0.0253471 -0.0325232 0.00668479 0.235002 -0.0173564 -0.00925951 -0.0277582 -0.00346255 0.0831581,800,0,cuda,32.4,33.75
test,1769,japanese_chin_89,japanese_chin,dog,correct,japanese_chin,lime,17,0.999675,39,0.408801,0.673621,0.26482,0.069212,0.926512,0.117097,0.719851,,,0.0286283 -0.0250495 0.00967591 0.0375853 0.318948 -0.00529155 0.127529 -0.0265014 0.189777 0.0305113 0.00751632 0.438183 0.258227 0.0295523 0.0110844 0.086626 0.014949 0.0960055 -0.0097532 0.0233779 0.0230684 -0.0191744 -0.0129547 0.0355577 -0.0155702 -0.00830352 -0.0020012 -0.00409182 -0.00775878 0.0100009 0.00573371 -0.0116771 0.021072 0.000378155 0.00919611 -0.00287308 -0.00147886 -0.00508045 -0.0166632,800,0,cuda,52.79,55.17
test,2221,newfoundland_46,newfoundland,dog,correct,newfoundland,lime,22,0.997585,38,0.278599,0.784748,0.506149,0.166569,0.949507,0.227855,0.837221,,,-0.00929981 -0.00465018 -0.00679433 0.0199546 0.0114252 -0.00177785 0.0221124 0.0173725 -0.00410059 -0.0107497 0.0283016 0.00766453 0.0043222 0.0511472 -0.0114716 0.160134 0.00143339 0.0592138 0.213095 -0.00704701 0.604818 0.0436086 0.0044602 0.00153966 -0.00900991 -0.00226679 0.00271752 -0.0127096 -0.00796404 0.00286045 -0.00993014 -0.0091533 -0.0380343 -0.0149577 -6.85187e-05 -0.00667541 0.0184586 -0.00810662,800,0,cuda,39.81,45.71
test,2738,Russian_Blue_57,Russian_Blue,cat,correct,Russian_Blue,lime,27,0.926498,35,0.287807,0.874165,0.586358,0.120304,0.661231,0.279111,0.681984,,,0.0572612 0.00175283 0.0191951 -0.00762979 0.0190427 0.0208588 -0.000113992 0.030595 0.00926329 0.0932052 0.157629 0.0713618 -0.102523 0.00132577 0.00476122 -0.00194817 0.0891619 0.067676 0.0202679 0.0395511 0.15823 0.102537 0.282915 0.01946 0.0175792 0.0103419 0.0569332 0.146308 0.148706 -0.00484256 0.0246017 0.034018 0.050899 -0.00623563 0.0133761,800,0,cuda,21.92,27.66
test,1849,keeshond_71,keeshond,dog,correct,keeshond,lime,18,0.995788,39,0.408542,0.915708,0.507166,0.114312,0.90136,0.519819,0.738354,,,-0.000618896 -0.00115351 0.0286418 -5.95927e-05 0.0378686 0.00203036 -0.0269187 -0.0150224 0.016938 -0.00458767 -0.0197848 0.347299 0.105159 0.0193642 0.0303306 0.34974 -0.0314993 0.142687 -0.0123232 0.150966 0.183098 0.00781409 0.0635876 0.0855694 0.0742729 0.00316135 -0.0292605 0.0298966 0.102637 0.0439324 0.177494 0.0283824 0.00725338 0.0181313 0.0204915 0.0058794 -0.0091477 0.00936344 -0.00605971,800,0,cuda,51.55,57.18
test,827,boxer_47,boxer,dog,correct,boxer,lime,8,0.9962,33,0.589405,0.993099,0.403693,0.286452,0.930727,0.35763,0.691033,,,0.0217186 0.0375616 0.101371 0.0468865 0.0567946 0.116441 0.000437142 0.202549 0.0162924 0.00138425 0.102197 0.0480547 0.0117496 -0.0223509 -0.0172072 0.010667 -2.27683e-05 0.0236985 -0.0120648 0.444762 -0.00209538 0.00703047 0.00462491 0.00804586 0.00813723 0.0109464 0.00371807 0.00183343 -0.00208786 -0.005352 -0.0201799 0.0171137 -0.000486041,800,0,cuda,48.32,51.27
test,428,beagle_37,beagle,dog,correct,beagle,lime,4,0.999968,39,0.807856,0.986296,0.17844,0.246941,0.89802,0.524019,0.683255,,,-0.0124906 0.0191676 -0.0185373 0.000399287 0.0306507 0.00321972 0.0107177 -0.0200446 -0.00108519 0.0022386 0.101818 0.106321 0.0709175 0.00630214 0.455246 0.128517 0.294024 0.0379248 0.0608803 0.0199357 0.0485196 0.0533317 0.00901585 0.0533917 0.0126809 -0.00240293 0.113617 0.24705 -0.0222212 0.0183203 -0.00395753 0.00665616 0.000345412 0.000221822 -0.0207639 -0.00913172 0.00349103 0.0205396 0.028937,800,0,cuda,38.45,44.59
test,1889,leonberger_199,leonberger,dog,correct,leonberger,lime,19,0.999597,37,0.475187,0.636561,0.161374,0.205304,0.928224,0.338574,0.739325,,,0.0369842 0.000831674 0.0208136 0.115799 0.543958 0.00550443 0.00774846 0.00241311 0.109488 0.333016 0.0136539 0.00928481 0.0410908 0.0828054 -0.0033854 0.074359 0.0161796 -0.00580894 0.0447819 0.0171127 -0.0514906 0.011946 0.0295404 0.00819569 0.0123302 -0.0194158 -0.011609 -0.000257337 -0.0134091 0.0144979 -0.0149132 -0.0359327 0.00822344 0.000687888 -0.0251453 -0.00440067 -0.0304209,800,0,cuda,27.55,31.69
test,3156,shiba_inu_79,shiba_inu,dog,correct,shiba_inu,lime,31,0.999873,30,0.4774,0.699105,0.221706,0.143041,0.94072,0.316785,0.865068,,,-0.00196984 0.0306917 0.00378484 0.0584089 0.010414 0.00466995 0.00870751 0.146635 -0.0338148 -0.00256741 0.0854338 0.0726819 0.747603 -0.00406845 -0.00677671 0.0114142 -0.0190229 0.149505 0.0151147 0.0193636 -0.001932 0.0842109 0.00210948 0.0357822 0.0368326 -0.0074492 0.10088 0.0069862 0.0210112 0.00624788,800,0,cuda,42.23,51.35
test,3405,staffordshire_bull_terrier_42,staffordshire_bull_terrier,dog,correct,staffordshire_bull_terrier,lime,34,0.984087,39,0.408801,0.863691,0.45489,0.227155,0.829139,0.390022,0.777378,,,0.0293919 0.00576486 0.0486974 0.0151152 0.0150579 0.0517359 0.0428255 0.0882652 0.161403 0.0109666 0.464878 0.00327265 0.14541 0.0393005 0.0626786 0.00725523 0.00100561 -0.00141399 0.0118756 0.00753928 -0.00384453 0.0643842 0.0195279 0.0287971 0.0317068 0.0538385 0.00287506 0.00868488 0.00916697 -0.00863327 0.0101653 0.0141356 -0.0133981 0.0227145 0.0145642 0.000979179 0.016239 0.0128024 -0.0171069,800,0,cuda,45.62,46.66
test,2766,Russian_Blue_87,Russian_Blue,cat,correct,Russian_Blue,lime,27,0.97216,36,0.85505,0.993059,0.138009,0.43275,0.776015,0.427164,0.575785,,,0.0720083 4.71522e-05 0.0734779 0.0688727 0.0261754 0.0662216 0.109953 0.047672 0.0501021 -0.000935527 0.0504009 0.052666 0.0978515 0.059245 0.0239615 0.0331727 -0.00689692 5.24291e-05 0.0178369 0.100677 -0.0230932 0.0243093 0.134139 0.169578 0.111416 0.113439 0.00912471 0.0575447 -0.00808366 0.00656657 0.0128434 0.144539 0.0278736 0.0362881 0.0450039 0.0208251,800,0,cuda,58.01,59.47
test,282,american_pit_bull_terrier_86,american_pit_bull_terrier,dog,correct,american_pit_bull_terrier,lime,2,0.98767,47,0.64477,0.989836,0.345066,0.137485,0.797411,0.214438,0.700975,,,0.000256131 -0.00149538 0.0414763 0.0157901 0.00454165 0.0106811 0.0263722 -0.00663621 -0.010261 -0.0115552 0.0220543 0.0395212 0.00609467 0.00601929 0.0459918 0.0213566 0.125434 0.349885 -0.0196085 0.168229 0.0117346 -0.00283202 0.0138197 0.104267 0.118969 -0.0300087 0.000768662 0.0764332 -0.00578864 0.218076 0.0770377 -0.00284377 0.0275104 -0.00549186 0.00995009 0.0547957 0.0281892 0.113492 0.091526 0.02723 0.0121781 -0.0272029 0.00768095 -0.0160123 0.0534749 0.0144106 0.012527,800,0,cuda,61.67,65.63
test,2899,samoyed_26,samoyed,dog,correct,samoyed,lime,29,0.998751,32,0.606425,0.996014,0.389588,0.265123,0.920408,0.337553,0.631316,,,-0.0168028 -0.0139746 0.0325397 0.018859 0.012108 0.0752618 0.00527395 0.0367415 -0.00524164 0.118297 0.0150371 -0.00662535 0.0219241 0.280437 -0.00324406 0.0708056 0.346689 0.0128704 0.0386241 0.00919751 -0.0029385 -0.00444566 -0.00233627 0.0138945 0.0152734 -0.0112006 -0.0110727 0.0541433 -0.0034626 0.0038749 -0.015766 0.0556365,800,0,cuda,41.89,49.89
test,343,basset_hound_50,basset_hound,dog,correct,basset_hound,lime,4,0.946736,37,0.444456,0.839796,0.395341,0.103165,0.934457,0.140877,0.657516,,,0.0157207 0.00439652 -0.0113426 -4.39308e-05 0.0390842 -0.0149713 0.0102427 -0.0328825 0.00589295 -0.0158861 0.0345871 0.0248073 -0.082459 0.00230861 0.0660315 0.467879 0.00775436 0.200612 -0.00634573 0.0180435 0.00420528 0.0443901 0.0303948 -0.00926943 -0.0368909 0.0227337 -0.000377896 0.0561034 0.0319763 0.182776 0.0147547 0.026464 -0.0438549 -0.0159598 -0.00467809 -0.0228695 -0.0331712,800,0,cuda,57.52,61.43
test,2683,Russian_Blue_203,Russian_Blue,cat,correct,Russian_Blue,lime,27,0.965121,40,0.527563,0.983887,0.456324,0.121612,0.793155,0.058432,0.731994,,,0.00167049 0.0328704 0.00722047 0.0409001 0.029931 0.0638019 0.0201936 0.0153353 -0.00865819 0.00885785 0.0324249 0.0978009 0.0282707 0.0168025 0.0217279 -0.0021942 0.369873 0.000777808 0.0314439 0.14759 0.0173254 0.20683 -0.00824057 -0.0195499 0.0134574 -0.014329 -0.022073 0.0725802 0.0715166 0.00857895 0.0103053 0.000807086 0.0561872 0.150282 -0.00354285 0.00438746 0.0111947 0.0249472 -0.016366 -0.0264824,800,0,cuda,32.21,36.19
test,2786,saint_bernard_196,saint_bernard,dog,wrong,japanese_chin,lime,17,0.578632,34,0.370436,0.58905,0.218614,0.010965,0.804631,0.176565,0.666875,,,0.0794226 0.0029722 0.0100353 0.00601462 0.00310273 0.0093255 0.13191 0.494408 0.00671109 0.0409402 0.155688 0.0586457 -0.0077829 -0.00167543 0.0131216 0.011686 -0.0179724 -0.0221912 0.0111771 -0.0199064 -0.0140798 -0.0227072 -0.00461376 0.0406145 -0.0310089 -0.0354971 0.0192317 -0.0466378 0.0474223 0.0439384 0.0276911 -0.00472051 -0.0152588 -0.014148,800,0,cuda,32.76,40.62
test,2547,pug_69,pug,dog,correct,pug,lime,25,0.998545,31,0.646604,0.992951,0.346347,0.270454,0.837257,0.583743,0.670052,,,0.0114934 0.0300297 0.0297948 0.0195631 0.20977 0.215732 0.0137338 0.0665894 0.0346482 0.191032 0.191964 0.161672 0.0229764 0.101793 0.205885 0.0414118 0.0640094 0.0622665 0.0150396 0.00342799 0.0871976 0.0418011 0.00794514 0.044405 0.00767852 -0.00129186 0.0196555 0.0127448 -0.0133148 -0.0149169 -0.00667391,800,0,cuda,42.92,46.1
test,1113,Egyptian_Mau_29,Egyptian_Mau,cat,correct,Egyptian_Mau,lime,5,0.66436,35,0.429249,0.934437,0.505188,0.09879,0.888964,0.092361,0.650419,,,0.054758 -0.0228807 0.0190927 -0.011299 -0.0646273 -0.00758734 0.00440442 0.0120939 -0.0381395 -0.0154014 0.00033349 0.276818 0.00644594 -0.10247 -0.131208 0.080854 -0.0334984 -0.0358857 0.133162 -0.00115755 -0.0140209 0.196655 0.00807318 0.0333402 -0.00550851 -0.0540498 0.0156446 0.0216458 -0.0337337 0.0128859 -0.00589656 0.00470614 0.0209927 -0.0135068 0.0212304,800,0,cuda,26.59,28.71
test,1574,great_pyrenees_93,great_pyrenees,dog,correct,great_pyrenees,lime,15,0.991769,35,0.745097,0.968896,0.223799,0.268272,0.873509,0.080371,0.727072,,,0.020917 0.0345494 0.0214138 0.0571255 0.332245 0.0293405 -0.06317 0.0196927 0.305276 0.0831668 0.135864 0.105034 0.000769438 -0.00768574 0.0188093 0.0190438 0.0771659 -0.00350884 -0.0221778 0.0595328 0.0164303 0.004203 0.0450466 0.00858148 0.0246288 0.0132634 -0.0162681 -0.00366204 -0.0086497 -0.0152115 0.0240476 0.0221954 -0.000453239 0.00219665 -0.012359,800,0,cuda,40.63,53.92
test,691,Birman_94,Birman,cat,wrong,Russian_Blue,lime,26,0.872022,38,0.241211,0.651578,0.410367,0.04614,0.693679,0.436081,0.539866,,,0.0280833 -0.0108584 0.019413 -0.0178624 0.0353084 0.0186934 0.00131117 0.0252419 -0.000942464 -0.00211857 -0.0174264 0.0616494 0.138862 -0.00302191 0.0377274 0.010284 0.0649373 -0.00143948 0.0164124 0.0526263 0.0124925 0.0870284 -0.0143371 -0.026572 0.0386709 -0.00411297 0.0541988 -0.00317681 0.0308812 0.011737 0.00766166 0.00323943 0.00602807 0.00266813 0.00104541 0.0110323 0.0184862 5.5892e-05,800,0,cuda,48.19,50.71
test,0,Abyssinian_201,Abyssinian,cat,correct,Abyssinian,lime,0,0.995717,31,0.310049,0.80638,0.496331,0.187549,0.948732,0.227218,0.757369,,,-0.0360788 0.00769722 -0.00551316 0.0124781 0.0134033 -0.0208886 0.000998484 -0.0255452 0.00198218 -0.0468431 0.127822 0.00481289 0.00225634 0.0305645 0.0384074 -0.00527794 0.105873 0.0685349 0.342842 0.160423 0.0120856 0.143702 0.0682856 0.316132 -0.0379171 -0.0307576 -0.00916267 0.055902 0.00340979 -0.0160235 0.0187922,800,0,cuda,47.16,49.16
test,1582,havanese_191,havanese,dog,wrong,english_cocker_spaniel,lime,16,0.471417,39,0.205716,0.525328,0.319612,0.044481,0.412149,0.163222,0.580938,,,0.0448781 0.00576335 0.00530615 0.0712747 0.0835271 0.0105687 0.022707 0.0199382 0.0200223 0.00297807 0.0259186 -0.00193025 0.00760425 -0.00547725 -0.00482472 0.00424871 0.0107175 0.0129028 0.0194855 0.0469223 0.0181974 -0.00400334 -0.0240477 0.00896232 0.00872632 0.0143267 0.00499389 0.00276586 0.0184927 -0.00226435 0.00694483 0.00787991 -0.000289066 -0.000375862 0.00411058 0.00372287 0.00718487 0.00440277 0.000159568,800,0,cuda,38.23,52.93
test,1707,japanese_chin_32,japanese_chin,dog,correct,japanese_chin,lime,17,0.998559,38,0.414003,0.992233,0.57823,0.209058,0.968336,0.415913,0.717466,,,0.00290894 -0.00577499 -0.0107496 -1.43971e-05 0.0117647 0.0176015 0.00154296 0.0169251 -0.0149326 0.063356 0.00109982 -0.0109598 0.0396102 0.0341724 0.029591 0.212803 0.0300125 0.0232225 0.0638674 -0.0147821 -0.00262016 0.434972 0.0664241 0.0237712 0.00583465 0.0272347 0.0438211 0.164512 0.0305094 0.0272207 -0.00443269 0.0466526 -0.00272777 0.0262997 0.00390601 -0.0165693 -0.0120092 -0.00725376,800,0,cuda,29.27,34.79
test,1416,german_shorthaired_40,german_shorthaired,dog,correct,german_shorthaired,lime,14,0.926669,41,0.095285,0.306698,0.211414,0.109218,0.846751,0.035003,0.779177,,,0.00247227 0.0240825 0.0159768 -0.022649 -0.00634498 0.00271459 0.434884 -0.020304 -0.00329166 0.0448813 0.0623014 -0.0302251 0.0457874 0.258886 0.0125498 0.00197557 -0.0360433 0.018429 0.0344261 0.0488624 0.00729155 0.0117419 -0.0135991 0.0113501 0.0201584 0.0978611 0.0170363 0.0191905 0.0120938 0.00727984 -0.00868425 0.00136488 0.00551252 0.0145451 0.00523116 -0.00615481 -0.00205825 0.012583 -0.0243983 0.00213062 0.00792151,800,0,cuda,33.66,41.53
test,2021,Maine_Coon_36,Maine_Coon,cat,correct,Maine_Coon,lime,20,0.988939,29,0.189353,0.83421,0.644856,0.096276,0.947622,0.062149,0.850307,,,-0.000425652 -0.00852021 -0.0141352 -0.0131527 0.00467197 -0.0204725 0.0110665 -0.0394369 0.00278777 0.0127899 0.0138397 -0.00266731 0.0740698 0.141039 -0.00692439 0.0490559 -0.0197878 -0.0145382 -0.0171085 0.606702 0.0131989 0.0982052 -0.0170888 0.0223638 0.00315739 0.0025377 0.0133627 -0.00512795 0.0157497,800,0,cuda,77.27,83.07
test,2003,Maine_Coon_266,Maine_Coon,cat,correct,Maine_Coon,lime,20,0.992844,44,0.621791,0.993041,0.37125,0.23861,0.936784,0.365386,0.597365,,,-0.0221808 -0.00268446 -0.038058 -0.0340551 -0.00233881 -0.0112544 0.011688 0.00803648 -0.0218463 0.0272421 -0.0284125 0.120484 0.0563096 0.00715061 0.0609073 0.00791892 0.00139657 0.000190505 0.116553 -0.0136035 0.158836 0.0208755 0.0161819 0.0976711 0.0154611 0.0106313 -0.0167168 0.0872021 0.188479 0.0783628 0.00632196 0.0539476 0.0127811 0.0466677 -0.00432019 0.00970717 0.0272395 0.0430896 0.0397802 -0.0141935 0.00309019 0.0180364 0.00690183 0.00101087,800,0,cuda,37.96,40.49
test,1993,Maine_Coon_247,Maine_Coon,cat,correct,Maine_Coon,lime,20,0.716087,41,0.758131,0.990248,0.232117,0.048923,0.6201,0.51005,0.378299,,,0.00240585 -0.0272936 -0.00464803 -0.0346578 -0.0059901 0.0167554 -0.0156354 0.0211141 -0.0251574 0.032907 -0.0261044 -0.0211998 0.0291913 -0.00426796 -0.0290898 -0.0215116 0.027804 -0.00310613 0.01458 -0.033372 -0.0134613 0.0155614 0.00881405 0.0136822 0.0410039 0.0271478 -0.00624454 0.0248969 0.0202958 0.026347 0.00185242 0.0508347 0.00287065 0.027813 -0.0354131 -0.00971143 0.00619109 -0.000962631 0.0193864 0.0639163 0.00506991,800,0,cuda,43.61,47.06
test,2974,samoyed_94,samoyed,dog,correct,samoyed,lime,29,0.999635,33,0.746512,0.992291,0.245779,0.316379,0.858303,0.443182,0.71183,,,0.0477032 0.0379065 0.0485436 0.0115665 0.0216913 0.0902084 -0.00498055 0.29113 0.0137025 0.0137751 0.0766733 0.315672 0.0308799 0.170485 0.00328945 0.0127808 0.159861 0.0203505 0.0195576 -0.00481987 0.00333852 0.0115171 0.00803562 -0.00939618 0.013547 0.00664895 0.0726701 0.0168077 0.0145798 0.00820496 0.0074491 -0.00896834 -0.0172324,800,0,cuda,47.33,53.26
test,1131,Egyptian_Mau_49,Egyptian_Mau,cat,wrong,Maine_Coon,lime,11,0.922,43,0.53121,0.934034,0.402824,0.092909,0.87392,0.258483,0.540562,,,-0.00513305 -0.0197485 -0.0227357 -0.0127478 -0.0411951 -0.0166285 -0.00230687 0.0455385 -0.033571 0.243313 -0.0179911 0.027768 -9.50706e-05 0.0180776 0.0352563 0.0540731 0.00283014 -0.000449735 0.117289 0.0021377 -0.0294794 0.0729596 -0.0489275 0.0258622 0.0864549 0.00656958 0.0178824 0.0451612 -0.00982332 0.0122275 0.204984 0.0152687 0.00811688 0.0498915 -0.0185964 0.000414804 0.0191474 -0.00892653 -0.00975387 0.00468132 0.0198924 -0.0181791 0.115847,800,0,cuda,49.87,51.25
test,2304,Persian_26,Persian,cat,correct,Persian,lime,23,0.999917,38,0.881517,0.993099,0.111582,0.274314,0.876658,0.421044,0.664293,,,-0.0163883 0.0776053 0.0402519 -0.0255123 0.00356162 0.0635378 -0.0207514 0.0152228 0.0264164 -0.00143797 0.10812 -0.0118192 0.0039027 0.243746 -0.00656945 0.035421 -0.000934464 -0.0181184 0.173898 -0.00979579 0.184527 0.0615914 0.018335 -0.0111357 0.189484 0.0905621 -0.010014 0.048757 -0.0158196 0.00549586 0.0304424 0.167573 0.00768692 0.0157422 -0.0194548 -0.0340079 -0.0259266 -0.0121653,800,0,cuda,35.61,46.33
test,1247,english_cocker_spaniel_69,english_cocker_spaniel,dog,correct,english_cocker_spaniel,lime,12,0.999998,46,0.775949,0.987616,0.211667,0.250306,0.781935,0.776803,0.667224,,,0.0871714 0.077163 0.123579 0.0202839 0.0585866 0.0615231 0.125015 0.0657311 0.180053 0.0934236 0.384298 0.0452171 0.0466548 -0.00973345 0.0854263 0.231446 0.0418222 0.0971378 0.0323994 0.0435187 0.190204 0.0408696 0.0166481 0.0122171 0.0287208 0.0382731 -0.0142468 0.0173228 0.11202 0.0383395 -0.0116407 0.0282015 -0.0200808 0.021254 0.037869 0.00452041 -0.0100176 -0.0449875 0.00378361 0.0359184 -0.0151223 0.0180325 -0.012849 -0.0242664 -0.0354135 -0.0128897,800,0,cuda,28.17,31.93
test,3263,Siamese_84,Siamese,cat,correct,Siamese,lime,32,0.993797,31,0.602101,0.742572,0.140472,0.207024,0.74466,0.374456,0.684419,,,0.0471536 0.00343147 0.0858372 0.141498 -0.0114191 0.0112467 0.0315067 0.176521 0.0568344 0.0474743 0.0567374 0.368045 0.0588509 0.0256446 0.040552 -0.102841 0.0206133 0.0848746 0.00412535 0.213059 0.106723 0.0856398 0.00504144 0.0121553 0.0150627 -0.0141405 0.00618045 0.0169341 0.0207552 0.0314896 0.0200324,800,0,cuda,30.12,48.4
test,2375,Persian_94,Persian,cat,correct,Persian,lime,23,0.995316,31,0.612504,0.960487,0.347983,0.201153,0.871585,0.380012,0.709256,,,0.0221675 0.0111491 0.01993 0.0157305 0.0438514 0.00711211 0.0607441 0.00186471 -0.0328619 0.428696 0.134193 0.0125349 0.00683189 0.152649 0.247965 -0.0162126 0.0279508 0.047912 0.247759 0.0766469 -0.00956425 -0.0120225 0.0664658 -0.00521109 0.0129171 0.00544327 -0.00773176 0.00568371 0.0100561 9.46288e-05 0.01353,800,0,cuda,45.38,52.69
test,2150,miniature_pinscher_72,miniature_pinscher,dog,correct,miniature_pinscher,lime,21,0.903299,38,0.390226,0.867778,0.477552,0.121474,0.933024,0.369597,0.719013,,,-0.0173286 -0.0147981 -0.0202599 0.0217598 0.131343 0.435558 0.0399598 -0.0081425 0.216705 0.0244553 0.0172184 0.141901 0.14273 0.00570874 0.0166147 0.0186427 0.0369277 0.00217749 0.0399637 0.0759483 0.0225064 0.00784741 -0.0231539 0.0173789 -0.0511485 -0.0184507 0.0386036 0.0539101 -0.0219252 0.00937873 -0.0184116 -0.0139887 0.00690595 -0.0100219 -0.0150543 -0.00860209 -0.0109536 -0.0020821,800,0,cuda,71.04,74.25
test,2261,newfoundland_82,newfoundland,dog,correct,newfoundland,lime,22,0.999989,29,0.754644,0.992177,0.237534,0.515818,0.902745,0.124433,0.31658,,,-0.00935268 0.0015558 0.00406828 0.0129787 -0.00338985 0.0052618 0.0269719 0.0156667 0.0313545 0.0564587 -0.00084378 3.06637e-05 0.00326983 -0.00418121 0.0742305 0.0152279 0.0316312 0.00305823 0.0298342 0.0452103 -0.00372704 0.0129242 0.015255 0.00199348 -0.00519706 -0.00823408 0.006838 -0.00707415 -0.0110167,800,0,cuda,31.2,38.42
test,3662,yorkshire_terrier_94,yorkshire_terrier,dog,correct,yorkshire_terrier,lime,36,0.995813,40,0.481186,0.99244,0.511253,0.20226,0.900262,0.336935,0.702253,,,0.00496437 0.0152368 0.0380657 0.0186904 -0.0209415 -0.0143287 -0.0334718 0.0917802 0.0646901 -0.00937735 0.0858202 0.195687 0.190615 0.00409265 0.0213313 0.0124481 -0.00948085 0.107633 0.0363798 0.194347 0.346036 0.00720847 0.0307682 -0.0175036 -0.0545959 0.0189008 -0.0490673 -0.00437917 -0.0178914 0.0100308 -0.0145605 0.0302531 0.00217411 0.0078487 0.019293 0.025003 -0.00635503 -0.0110907 -0.00781593 0.0120039,800,0,cuda,35.47,41.12
test,1159,Egyptian_Mau_7,Egyptian_Mau,cat,correct,Egyptian_Mau,lime,11,0.9991,32,0.420719,0.715541,0.294822,0.528099,0.933815,0.10666,0.533111,,,-0.00355125 0.00812148 -0.000993483 -0.0184242 -0.000859532 -0.00249112 0.00693791 -0.00243165 0.0141608 0.0544051 -0.00365175 -0.00587566 -0.00608545 -0.00462281 0.00239746 0.120511 0.0412885 -0.00617419 0.0294038 0.0407043 0.00107282 0.0350486 0.01882 0.0148203 0.0117791 -0.00637651 0.014 0.00252274 0.00124403 -0.00799919 0.00125363 -0.00188381,800,0,cuda,49.19,52.65
test,2900,samoyed_27,samoyed,dog,correct,samoyed,lime,29,0.990875,38,0.525969,0.84821,0.322242,0.103513,0.908401,0.077119,0.988959,,,0.00288946 -0.000152091 -0.00901078 0.00554652 0.0186749 0.841566 0.00552825 -0.00629363 0.00719204 -0.00521597 0.0269574 -0.00178944 0.00198597 0.000822441 0.0140157 0.00556353 0.00981447 0.00636853 0.00527835 0.0204058 0.00917762 0.0034305 0.0111569 0.0146724 -0.00656235 0.00338658 -0.000992107 0.0537486 -0.00751933 -0.00355136 0.00686314 0.00177483 -0.0011352 0.0102413 -0.00274577 0.00194089 -0.00027648 0.00669922,800,0,cuda,44.54,49.68
test,246,american_pit_bull_terrier_51,american_pit_bull_terrier,dog,correct,american_pit_bull_terrier,lime,2,0.819972,44,0.271026,0.65696,0.385934,0.035548,0.705794,0.131603,0.738021,,,0.179746 0.0516122 0.0234018 0.0302586 0.0337973 0.392457 -0.0218977 -0.00521874 0.0508459 0.0145567 0.00664581 -0.00627931 0.00067799 -0.00767383 0.00688931 0.00380495 0.070927 -0.00761273 0.116274 0.0156973 0.00890761 0.0360852 0.000219906 -0.0217101 -0.0105559 0.0335146 -0.0156986 0.0404831 0.0276822 0.0151149 -0.00604882 -0.0052437 -0.0235902 -0.00286731 -0.0138207 0.0284635 0.00987945 -0.0124971 -0.0259245 0.00875214 -0.00874713 -0.00790652 -0.0343305 0.0147048,800,0,cuda,51.71,52.51
test,3641,yorkshire_terrier_75,yorkshire_terrier,dog,correct,yorkshire_terrier,lime,36,0.99933,39,0.835619,0.995012,0.159393,0.392187,0.927701,0.168122,0.328953,,,0.0234741 0.00606455 0.00967271 0.0333092 0.0252406 0.0224629 -0.00556192 0.00303128 0.00258398 0.032332 0.0292305 -0.00883235 0.0240672 0.0171989 0.000750378 -0.000305021 0.0365384 0.00916631 -0.0227203 -0.00370149 0.0373271 0.0689027 0.00960051 0.00148081 0.0182273 0.00738039 0.0024629 0.0028938 0.0171785 0.0159017 0.00804868 0.0058352 -0.00304816 0.0124699 0.0038172 0.0094451 -0.00674284 -0.0075712 -0.0107147,800,0,cuda,37.08,38.57
test,3296,Sphynx_237,Sphynx,cat,wrong,Russian_Blue,lime,33,0.627479,32,0.448461,0.796395,0.347933,0.084107,0.556936,0.222323,0.602142,,,0.0235921 -0.00201312 0.00725706 0.0203177 -0.00318717 0.00479544 -0.000432111 0.06059 0.0181583 0.050153 0.0377643 -0.00162568 -0.0156308 0.0353859 0.0844484 0.0731047 0.113578 0.00513768 0.0323437 0.0281741 0.00162373 -0.00571959 -0.0210396 0.030145 0.0240217 0.00791837 0.00936744 0.00741949 0.0223576 -0.0062325 0.00119183 -0.0045066,800,0,cuda,36.82,39.65
test,2685,Russian_Blue_205,Russian_Blue,cat,correct,Russian_Blue,lime,27,0.991976,39,0.452208,0.952414,0.500206,0.150667,0.627572,0.21606,0.616192,,,0.0171312 0.0503997 0.0493858 0.224417 0.182178 0.0516065 0.0128178 -0.0179108 0.0485784 0.0268284 0.00539199 0.0431586 0.0237086 0.000694308 0.000809397 0.0345077 0.0114438 -0.00730126 0.0165279 0.0530308 -0.00181566 0.0139561 0.00564694 0.0485267 0.0931894 0.00444527 0.0130692 -0.0197095 0.00282363 0.0286911 0.0213856 -0.00570236 0.0545884 0.00637071 0.00399025 0.0166311 0.0767892 0.0120684 0.0266738,800,0,cuda,45.87,48.01
test,1671,havanese_90,havanese,dog,correct,havanese,lime,16,0.811845,41,0.414182,0.870948,0.456766,0.083679,0.801495,0.08232,0.820614,,,0.0153171 0.0973379 0.0156867 0.0173735 0.0192474 0.00356852 0.0312926 0.000415494 0.0124668 0.0781751 -0.00640817 0.0156407 -0.0826949 0.0231653 -0.0989846 0.00243675 0.00092686 -0.0169058 -0.0676159 -0.00480728 0.00897779 -0.00148636 0.0318792 0.468622 0.00507235 0.0065587 0.0193574 0.0856832 0.021131 -0.00128304 -0.0126109 0.00395569 0.0391167 0.153868 0.0124702 0.0132964 0.0259294 0.00996374 0.0769566 -0.0148904 0.00963296,800,0,cuda,40.21,46.9
test,929,British_Shorthair_42,British_Shorthair,cat,correct,British_Shorthair,lime,9,0.992506,32,0.840202,0.788181,-0.052022,0.153895,0.91262,0.10894,0.700775,,,0.0105619 -0.0160932 -0.0194797 0.0142884 0.0140621 -0.00380942 0.0113578 -0.00366636 -0.00903732 0.00368147 0.0464346 -0.00394127 -0.018803 0.0134701 0.00875249 0.370953 0.178413 0.00667985 0.0205634 -0.0209519 -0.0270009 -0.00740148 -0.011928 0.0233928 0.0528268 -0.0239637 -0.00870557 0.00108515 -0.00992549 0.00600811 -0.00159479 0.0108111,800,0,cuda,53.51,54.63
test,3358,Sphynx_76,Sphynx,cat,correct,Sphynx,lime,33,0.999979,24,0.50859,0.884915,0.376325,0.471026,0.913445,0.243229,0.545233,,,-0.0137392 0.178991 0.0119253 0.00298296 0.0158657 0.0225295 0.00789802 -0.00615601 0.00636533 0.0240847 0.0590355 -0.000763637 0.0294509 0.0218043 0.135173 0.03559 0.0485815 0.0242537 0.0169951 0.0122912 0.0397932 0.00644184 0.0325038 -0.0027391,800,0,cuda,45.18,51.73
test,1461,german_shorthaired_81,german_shorthaired,dog,correct,german_shorthaired,lime,14,0.999997,36,0.825355,0.986221,0.160867,0.526208,0.914331,0.196084,0.331842,,,0.0234304 0.00581636 0.0237935 0.00359602 0.00431115 0.0404837 0.0666484 0.0118325 0.0753497 0.0184097 0.015216 -0.000369843 0.00360967 0.00049241 0.0212481 -0.00349215 0.0191686 0.0317557 0.00886614 0.0147916 0.0322484 0.0199742 0.0145307 0.0152268 0.0107147 0.00131799 0.00347014 -0.00227912 0.00513858 0.00750016 -0.00102179 0.00276355 0.0133385 -0.00301468 -0.001787 -0.0073585,800,0,cuda,35.3,40.2
test,1971,leonberger_91,leonberger,dog,correct,leonberger,lime,19,0.998111,32,0.659359,0.985426,0.326067,0.315211,0.850709,0.665519,0.655647,,,0.0988605 0.105824 0.0260201 0.180533 0.180519 0.000641162 0.247229 0.0563506 0.20432 0.00577604 0.108338 0.0655316 0.0437774 0.0844763 -0.00887343 0.0240161 0.00840237 -0.0040161 0.0364379 0.0452135 -0.0644129 0.0222079 0.0584903 0.227397 0.0702191 0.0430625 0.0779986 0.14438 0.0400931 0.0169651 -0.00512162 0.0220929,800,0,cuda,43.74,47.67
test,365,basset_hound_70,basset_hound,dog,correct,basset_hound,lime,3,0.974836,45,0.607801,0.871113,0.263313,0.142971,0.811387,0.249297,0.739328,,,-0.0225744 0.0486908 0.0145531 0.00217776 -0.0206972 -0.0140897 0.105991 0.0106389 0.0505211 0.134404 0.00559432 0.0701753 0.0455444 0.026378 0.000664152 -0.00454276 0.0782901 0.252588 0.00239781 0.350296 0.091096 -0.00806048 -0.0633702 0.0184547 -0.013673 0.016201 -0.00168004 0.0771375 0.00843553 0.0268456 0.024449 0.00695428 -0.0196029 -0.0306568 0.0275371 0.00109622 0.0328269 -0.0186024 0.0132902 0.020608 0.0678851 0.00304119 -0.00350348 0.00989438 0.00128687,800,0,cuda,47.23,50.56
test,2296,Persian_262,Persian,cat,correct,Persian,lime,23,0.99932,30,0.487604,0.985862,0.498258,0.182094,0.929327,0.192874,0.78194,,,-0.00158327 -0.00111079 0.010119 -0.0241999 0.00378628 -0.00173531 -0.00190657 0.00020708 0.000658632 -0.0157132 0.331587 -0.0220016 0.0410231 -0.00989137 0.00429843 0.184127 0.00155737 0.0129265 0.0150907 0.441385 -0.0150496 -0.0186809 -0.0269435 0.0061921 0.00972898 0.0232401 -0.0144568 0.00634609 0.0296741 -0.000152841,800,0,cuda,26.32,27.61
test,736,Bombay_50,Bombay,cat,correct,Bombay,lime,7,0.999996,34,0.851383,0.865454,0.014071,0.551786,0.929278,0.238284,0.548629,,,-0.00476803 0.00321971 0.0457233 0.00812135 0.0358107 -0.0175772 -0.00219588 0.0810207 0.051095 -0.0104453 0.035396 0.0288334 0.0704636 0.140343 -0.0109146 0.04921 0.0163293 0.0447378 0.00838162 0.0218899 0.036437 0.0143711 0.0615961 0.0150456 -0.0085813 -0.00503376 -0.00214743 0.0113018 0.0165695 0.00621033 -0.0166047 -0.000371178 0.00423304 -0.00389861,800,0,cuda,22.93,24.79
test,26,Abyssinian_25,Abyssinian,cat,correct,Abyssinian,lime,0,0.999368,37,0.347796,0.735183,0.387387,0.241669,0.880082,0.26499,0.59247,,,0.0275951 0.09337 0.000409017 0.0116619 -0.0190376 -0.0158005 0.0387803 0.112093 -0.0125686 -0.0198055 -0.0045745 -0.0275794 0.0466994 -0.00516904 0.0264781 0.0159426 0.318856 -0.00349186 0.00880382 0.0492391 0.173449 0.0153959 0.00555185 -0.00561155 -0.0145725 -0.0102969 0.154657 0.0124829 -0.00782657 0.0895045 0.00145496 -0.00577855 -0.00749893 0.0048024 -0.00715458 0.0291304 -0.00892178,800,0,cuda,31.84,32.6
test,2884,samoyed_195,samoyed,dog,correct,samoyed,lime,29,0.995384,31,0.618762,0.96416,0.345398,0.212,0.899216,0.450337,0.59826,,,-0.0278963 0.0238755 0.000958843 0.00297548 0.00711792 0.0870735 0.0162769 0.125754 0.0689775 0.0320071 0.180246 -0.0133877 0.340523 0.118106 0.0735192 0.0111639 0.135322 -0.00839123 0.0457823 0.000193854 0.0418784 0.0335603 -0.00974866 0.000181485 0.00941477 0.0714806 -0.00160311 0.00692205 -0.0223032 0.0110122 0.0135465,800,0,cuda,39.61,42.39
test,1441,german_shorthaired_63,german_shorthaired,dog,correct,german_shorthaired,lime,14,0.999623,37,0.112544,0.414073,0.301529,0.152161,0.952424,0.246275,0.798001,,,0.0165032 0.13595 -0.0105162 0.00131486 0.0168203 0.0309028 0.00014725 0.0160687 -0.0079572 0.00807884 0.356378 0.0414398 0.028874 -0.00278019 -0.0211255 0.00373913 -0.0289024 0.504342 0.00511579 0.00273975 -0.00248942 -0.0122561 -0.0118795 -0.0240588 0.0150881 0.0295255 -0.0109998 0.0247139 -0.0224454 0.00724947 0.0138399 -0.00557965 0.00593926 0.0507482 0.00577579 0.00538001 0.0243423,800,0,cuda,44.32,57.53
test,3488,wheaten_terrier_27,wheaten_terrier,dog,correct,wheaten_terrier,lime,35,0.999721,37,0.596022,0.967321,0.371299,0.247474,0.884621,0.33657,0.606753,,,0.00883867 0.00750153 0.00815883 -0.000379247 0.00549564 0.213251 -0.00529646 -0.0263478 -0.0100571 0.0587157 -0.0164703 0.1066 -0.000266476 0.0200772 0.0390633 -0.005216 0.0620865 0.0526874 -0.0158833 0.000178196 0.0552371 0.15906 0.0424379 0.0608448 -0.0106057 0.0779483 0.0440216 0.0145897 -0.00532837 -0.0192632 0.0606151 0.0113347 0.0164263 0.0162602 0.0160268 0.00140055 0.00374677,800,0,cuda,48.0,50.46
test,680,Birman_84,Birman,cat,correct,Birman,lime,6,0.987785,22,0.563596,0.605026,0.04143,0.100491,0.907145,0.227083,0.764882,,,-0.00576411 -0.00216465 0.391371 0.166687 0.00252665 0.389002 0.168143 0.0474717 0.277138 0.0153116 0.0431073 -0.00175272 -0.00202507 0.0165534 -0.00852718 0.0336144 -0.00326147 0.0128743 -0.00398436 -0.00383747 -0.010368 -0.0158173,800,0,cuda,38.38,42.9
test,3514,wheaten_terrier_50,wheaten_terrier,dog,correct,wheaten_terrier,lime,35,0.999749,34,0.285794,0.819905,0.534111,0.218294,0.916569,0.42421,0.584162,,,0.00402732 -0.0013267 0.0139243 -0.0217738 0.00323078 0.0351776 -0.00558376 0.0359143 -0.00570981 -0.0285946 0.0069025 0.204971 0.00652467 0.0318039 0.0760402 -0.0106386 0.155382 0.193892 0.0350304 0.02523 -0.0102644 0.0561342 0.00831437 0.00437638 0.0267511 0.00746348 0.272143 0.0105283 -0.00585491 0.0128855 0.00592288 0.00127161 0.0122278 0.0705489,800,0,cuda,35.94,37.65
test,1250,english_cocker_spaniel_71,english_cocker_spaniel,dog,correct,english_cocker_spaniel,lime,12,0.999997,36,0.790199,0.987124,0.196925,0.463559,0.784413,0.551461,0.638672,,,0.00811717 0.035455 0.050936 0.0611256 0.198438 0.0408323 0.0654897 0.00445452 0.0377295 0.00726344 0.00594873 0.37482 0.107443 0.0366832 0.181048 0.029305 0.0476872 0.028373 0.0369952 0.0148253 0.0430788 -0.00277324 0.0645964 0.0337981 0.0479568 0.0198563 -0.00832966 0.0101164 0.0210833 -0.000958084 -0.0160273 -0.000655018 0.0206888 0.00356635 0.0108959 0.00310463,800,0,cuda,49.89,58.62
test,3,Abyssinian_205,Abyssinian,cat,correct,Abyssinian,lime,0,0.661348,39,0.395867,0.983,0.587133,0.044052,0.700157,0.326491,0.514571,,,0.0291852 0.03441 0.0174116 0.031334 -0.0216813 0.00154348 0.0579133 0.0558624 0.0212566 0.0899617 0.00636327 -0.00911811 -0.0027087 -0.00488421 -0.0011673 -0.000874616 -0.0301726 -0.000333885 -0.00832222 0.0136898 0.013372 -0.00795507 0.0267744 0.00520963 -0.00493583 0.0538084 -0.0119644 -0.0143253 0.022239 0.0123367 0.0708482 -0.0187276 0.0194684 -0.0081628 -0.00824427 0.0134827 0.0112933 0.0142757 0.0178896,800,0,cuda,37.34,41.02
test,2182,newfoundland_192,newfoundland,dog,correct,newfoundland,lime,22,0.999505,29,0.70458,0.982503,0.277923,0.128978,0.853908,0.147899,0.764371,,,0.0429054 0.0264916 -0.0187291 0.0515377 0.368088 0.0255008 0.205854 0.113216 0.0852162 0.000873555 -0.0143657 0.287191 -0.00757695 -0.0309886 0.0425079 0.0159611 0.000639967 0.0206238 0.098237 0.0450971 -0.203508 0.0721665 -0.0191027 0.0207977 0.000980944 0.000393181 0.0104907 0.0459449 -0.0022874,800,0,cuda,22.4,27.28
test,837,boxer_56,boxer,dog,correct,boxer,lime,1,0.845729,44,0.232362,0.702924,0.470562,0.099332,0.635912,0.142854,0.542591,,,0.00483376 0.113454 0.0853846 0.00652797 0.0185533 0.0216134 -0.00920061 0.0153543 0.0030232 0.0538117 0.00569498 0.0736776 0.0218365 0.0419298 0.0046296 -0.00350806 0.00337216 -0.00663956 0.0117401 0.0482001 -0.0120991 0.0833821 0.0739315 0.0345935 0.00601289 0.0119616 -0.00791493 0.105628 0.0271412 0.0506895 0.0122818 0.00538199 0.0259106 0.0366563 0.00560895 0.0147563 0.0150516 0.000235423 -0.0033991 0.0100891 0.000124047 -0.000745513 0.0117823 0.0104926,800,0,cuda,36.18,40.4
test,2403,pomeranian_2,pomeranian,dog,correct,pomeranian,lime,24,0.99888,40,0.545121,0.921367,0.376246,0.109357,0.91272,0.332472,0.864666,,,-0.0151585 0.0183477 -0.000439681 -0.00184312 0.00336268 0.0176427 0.00150672 -0.00305706 0.0296635 0.0335256 0.0142002 -0.000910757 0.00496342 0.0653984 0.0184325 0.720464 -0.00246677 0.0471646 0.0141287 -0.0102368 0.123749 0.17525 0.00822128 0.163362 0.0971921 0.0378547 -0.0123582 -0.00134617 0.0373841 0.0292832 -0.0102347 -0.00308105 0.00893393 0.0127382 0.0193681 -0.00525507 -0.0157668 -0.00538143 0.00302332 0.00648653,800,0,cuda,48.47,53.19
test,292,american_pit_bull_terrier_95,american_pit_bull_terrier,dog,correct,american_pit_bull_terrier,lime,2,0.923968,32,0.603675,0.975628,0.371953,0.05355,0.836499,0.348527,0.634065,,,-0.0121614 -0.00175703 -0.0140634 0.0110988 -0.00996094 0.00837389 -0.0372183 -0.00344515 0.000577624 -0.0120956 -0.037943 0.0545456 0.0999928 0.0249607 -0.0238406 -0.019272 0.0769903 0.111454 0.122782 -0.0200129 0.0247233 0.229362 0.102039 -0.0225809 0.166362 0.00572402 0.0656351 0.0162375 0.00271068 -0.0258957 0.0122309 -0.0291292,800,0,cuda,55.97,60.97
test,698,Bombay_200,Bombay,cat,correct,Bombay,lime,7,0.999838,39,0.429608,0.88682,0.457213,0.402623,0.906338,0.547578,0.632464,,,0.0653412 0.0881466 0.00854512 0.0419455 -0.0091843 -0.00684581 -0.0101541 0.140787 -0.0031976 0.0678258 0.134031 0.0817762 0.012542 0.0833262 -0.0267381 0.158221 0.0519503 0.0797719 0.052905 -0.00894806 0.25477 0.0557034 -0.00376198 0.0348998 0.0352855 0.0183736 0.0400204 -0.00302977 -0.00867096 0.000538689 0.0335508 0.0019994 0.00552065 0.0142024 0.0307391 0.00508548 0.0071629 0.0560502 0.0204318,800,0,cuda,49.21,51.23
test,1048,chihuahua_67,chihuahua,dog,correct,chihuahua,lime,10,0.999595,31,0.283861,0.818895,0.535034,0.065033,0.940999,0.047265,0.942666,,,0.0100982 -0.00268979 0.00494213 0.00146101 -0.00733043 0.00283914 0.00211635 -0.00768534 0.0544887 -0.00848005 0.0517638 -0.0236536 0.00816111 0.844525 0.00496042 -0.00308313 0.0213398 0.0773536 -0.00788627 0.0986301 0.013683 0.0290786 -0.00521061 -0.008418 -0.0191784 -0.00857415 -0.0122611 -0.0105035 0.0019426 -0.00317783 0.00263308,800,0,cuda,48.27,49.23
test,3386,staffordshire_bull_terrier_24,staffordshire_bull_terrier,dog,correct,staffordshire_bull_terrier,lime,34,0.885505,43,0.61645,0.555194,-0.061256,0.20734,0.64612,0.243234,0.705815,,,0.0241608 0.122864 0.0151491 0.0427817 -0.0186582 0.102997 0.0221374 0.0481408 0.176778 0.107216 0.109651 0.0199831 0.0153516 -0.00189412 0.0955267 0.0134761 0.0386708 0.0138697 0.0332439 0.00726598 0.0226786 0.0940538 0.0801878 0.0172182 0.0163427 0.0482161 0.0928022 0.0326562 0.0315226 0.0902977 0.00682798 0.050594 0.0218127 0.0040129 0.0049691 0.0161152 0.0253034 0.0164873 -0.0230405 0.0330554 0.0517399 0.045898 0.0134255,800,0,cuda,30.7,32.32
test,2417,pomeranian_42,pomeranian,dog,correct,pomeranian,lime,24,0.990568,39,0.352758,0.965761,0.613003,0.037039,0.925,0.031915,0.871491,,,-0.0119444 -0.00127958 0.015434 0.0778082 -0.00937294 -0.0133813 -0.0405677 0.0129084 0.0097061 -0.018954 -0.00150241 -0.0266472 -0.00957071 0.0677432 -0.00701333 -0.0147535 -0.00767785 0.0371533 0.647381 -0.0194877 0.0195042 -0.0603246 0.0141738 0.153318 -0.019867 0.00210708 -0.014982 0.00436993 -0.0191457 -0.00315645 0.0143882 0.254043 0.0066018 0.0193229 -0.0449168 0.00665304 0.00444409 -0.0086446 -0.0106439,800,0,cuda,47.15,55.32
test,3577,yorkshire_terrier_199,yorkshire_terrier,dog,correct,yorkshire_terrier,lime,36,0.995994,52,0.35804,0.706813,0.348773,0.132833,0.951582,0.328628,0.816444,,,-0.0128368 0.00421511 -0.00525718 -0.0300019 -0.00868375 0.00778326 -0.00977448 -0.0169729 -0.0144104 -0.00924239 -0.0148622 -0.000234945 0.00843652 -0.00131526 -0.0214445 0.00906831 0.00272189 -0.0171514 0.541722 0.0709881 0.0888821 0.079766 0.0194935 0.174089 0.0620621 0.00952126 0.245116 0.0781603 -0.000679759 0.0763652 -0.00598127 0.00434814 0.0439267 -0.0045684 0.133556 0.0211277 0.00120126 0.0309773 0.0222954 -0.000903891 -0.0093334 -0.00336744 -0.0189111 0.0156787 -0.00503503 -0.00571417 -0.0115724 0.00200211 0.011378 -0.00758783 -0.00988029 -0.0219419,800,0,cuda,45.62,60.83
test,1667,havanese_87,havanese,dog,correct,havanese,lime,16,0.971182,35,0.507514,0.661095,0.153581,0.131933,0.689789,0.112045,0.686052,,,0.0322867 0.00200249 -0.011324 0.198413 0.14556 -0.00916939 0.0161476 0.184812 -0.00683953 0.0522914 0.0871707 0.00437122 0.130895 0.01024 0.00105474 0.141281 0.138357 0.0240036 0.0951412 0.00661161 0.0282461 -0.0464043 0.00316424 -0.00484235 0.0434732 0.0245911 0.00469437 0.00275217 0.0182445 0.0031777 -0.0218336 0.0100594 0.00492113 0.0144114 -0.0208145,800,0,cuda,32.77,39.61
test,1963,leonberger_84,leonberger,dog,correct,leonberger,lime,19,0.997151,29,0.561224,0.963212,0.401988,0.189155,0.895039,0.023139,0.997817,,,-0.00438547 -0.00158952 -0.000856971 0.00401744 0.0115879 0.00493152 0.958471 0.000759691 -0.00290931 0.00300732 0.00345724 0.00276034 0.00257153 0.0014216 0.00577216 0.00737024 0.000493472 0.00938262 0.00291982 -0.0029364 0.00585657 0.00107152 0.00345492 0.000605596 -0.00114484 0.00428752 0.00314825 0.00732877 0.00256186,800,0,cuda,43.49,44.33
test,1249,english_cocker_spaniel_70,english_cocker_spaniel,dog,correct,english_cocker_spaniel,lime,12,0.999997,36,0.547114,0.982498,0.435384,0.197202,0.795822,0.606184,0.666985,,,0.0589838 0.10592 0.0580602 0.00510476 0.0625848 0.283501 0.0591459 0.019901 0.264985 0.0019107 0.233704 0.0103821 0.0366897 0.209211 0.276626 0.0133725 0.00180237 0.136511 -0.048856 0.0607539 0.00909168 0.0363069 0.00725943 0.0649562 -0.0164482 0.00847876 -0.00401176 0.0106645 -0.00898465 0.0303857 -0.029234 -0.0148362 0.0351424 -0.0192745 0.0228349 -0.0110779,800,0,cuda,35.85,41.44
test,2274,newfoundland_94,newfoundland,dog,correct,newfoundland,lime,22,0.999858,32,0.461555,0.836515,0.37496,0.234321,0.829403,0.206395,0.910817,,,-0.0111785 0.0108585 0.00659075 0.0238521 0.00376309 0.0144344 0.00573175 0.00546646 -0.00464158 0.00385517 0.00043694 0.0064882 -0.021734 -0.0164838 0.0142878 0.0415474 0.702541 0.000881934 0.0508439 0.0482543 0.0221648 0.0471403 0.0223229 0.0369654 0.0145817 0.172048 -0.0171903 0.0250184 -0.018049 0.0189829 0.0139034 0.0129817,800,0,cuda,32.46,33.52
test,1298,english_setter_24,english_setter,dog,correct,english_setter,lime,13,0.999398,42,0.420619,0.714069,0.29345,0.185035,0.886343,0.402241,0.696343,,,-0.0049908 -0.0186971 -0.00510918 -0.018103 -0.0168096 0.0701316 0.320898 0.012624 -0.00141395 0.0263146 -0.0071048 -0.0216146 -0.0226867 -0.0101272 0.345988 0.183202 0.0137627 0.145286 0.0383386 0.00348078 0.102295 0.0124248 -0.0023676 0.102583 0.0341662 0.0962923 0.154791 0.0974589 0.0242882 0.106295 -0.014122 0.0445361 -0.0120568 -0.0170789 0.0281963 -0.00015502 0.0418624 0.00959651 0.0173859 0.0365507 0.0074206 -0.0141476,800,0,cuda,38.87,41.93
test,1868,keeshond_89,keeshond,dog,correct,keeshond,lime,18,0.99765,31,0.852539,1.0,0.147461,0.385217,0.883495,0.327884,0.512169,,,-0.00297616 0.00594662 -0.00572575 -0.00887525 3.61768e-05 0.0172117 0.0401419 0.0722655 -0.00144708 0.00444484 0.00730211 0.0333557 0.00446341 0.0101854 0.0994298 0.177568 0.0563706 0.0124512 0.098241 -0.00467492 0.0613738 0.0948507 -0.00203987 -0.0032367 0.0551111 0.0506745 0.0322683 0.00256004 0.003831 -0.00145086 -0.00548273,800,0,cuda,65.09,70.19
test,2387,pomeranian_197,pomeranian,dog,correct,pomeranian,lime,24,0.919486,30,0.721959,0.863249,0.14129,0.377468,0.722044,0.364787,0.660076,,,0.010761 0.0278786 0.032704 0.0178268 0.0954989 -0.00534107 0.0443248 0.0326575 0.0317039 0.215035 0.0646246 -0.00575011 0.0383284 0.0370741 -0.0214043 0.222565 0.143921 0.0101149 -0.00385182 0.00232785 0.0783147 -0.0265567 0.0329138 0.0548006 0.0250751 0.018355 0.000244514 0.0507936 0.0147016 -0.00166366,800,0,cuda,39.19,42.33
test,1443,german_shorthaired_65,german_shorthaired,dog,correct,german_shorthaired,lime,14,0.999847,40,0.488481,0.984017,0.495537,0.297738,0.833048,0.498071,0.693926,,,-0.0102582 -0.0211286 -0.0059796 -0.0111687 0.0253145 -0.00255109 -0.00948735 0.00568894 0.00609328 0.0229672 0.0747377 -0.0204683 0.00013952 -0.00499973 0.12059 0.0589961 0.0971298 -0.00893535 0.0831838 0.0300385 0.0705797 0.35712 0.0703117 0.102435 0.0893506 0.0142309 0.0310869 0.0209077 0.0473816 -0.0171246 0.0837201 0.0696133 0.0811917 0.041199 -0.0141852 -0.00339649 0.00995417 0.0313045 0.01419 0.018012,800,0,cuda,36.92,46.0
test,2671,Ragdoll_91,Ragdoll,cat,wrong,Persian,lime,23,0.689194,38,0.604851,0.997126,0.392276,0.037859,0.797788,0.123062,0.516263,,,-0.0436558 0.0202172 0.0278561 -0.000545326 0.0280372 0.00931547 0.0868502 -0.0336237 0.0202177 0.00585625 0.0563683 0.06799 0.013105 0.028955 0.10817 0.122771 0.0723246 0.00366039 0.00497175 0.020083 0.0832073 -0.0676029 -0.00814148 0.0776764 0.048799 -0.0368192 0.0698657 -0.0212812 0.0080384 -0.00992246 -0.0181935 -0.0115169 -0.00722071 -0.00533013 -0.000855678 -0.00627835 2.87053e-05 0.00113075,800,0,cuda,30.42,33.6
test,603,Birman_197,Birman,cat,correct,Birman,lime,26,0.89006,31,0.925323,0.992984,0.067661,0.059718,0.73276,0.34744,0.566108,,,0.00226022 0.0132717 0.0216412 0.0389287 0.0102248 -0.000297242 0.0091305 -0.0130497 0.0013175 -0.0530093 -0.0235552 0.0846108 0.0241172 -0.00908135 -0.00680594 0.0508754 0.121591 -0.00604093 0.0557836 0.000258671 -0.0284972 0.0347631 0.153215 0.0986205 0.0234578 0.0421104 0.0318413 0.0674157 -0.00376965 0.000272307 0.0530639,800,0,cuda,39.33,43.56
test,1289,english_setter_198,english_setter,dog,correct,english_setter,lime,13,0.999698,41,0.682179,0.8532,0.171021,0.226767,0.776327,0.552258,0.750225,,,-0.0170725 0.00487067 -0.00126659 -0.0194366 0.0203525 0.290672 0.00426009 0.0081788 0.0599139 -0.0123137 0.0519358 0.0226272 0.128256 0.160184 0.37623 0.0565266 0.0513394 0.013465 0.101566 0.0911616 0.00926396 -0.0121116 -0.00904374 -0.0169996 0.0405222 0.0321461 0.0579868 0.056294 0.237604 0.00999917 0.108 0.0494149 0.118564 0.0120603 0.0165228 -0.00605133 -0.00928348 -0.0133675 0.00920662 -0.0111146 0.00563938,800,0,cuda,41.93,43.05
test,2502,pug_28,pug,dog,correct,pug,lime,25,0.99956,39,0.915916,0.995578,0.079663,0.256358,0.779803,0.707794,0.720943,,,0.030943 0.0185141 0.0494832 0.0482017 0.0425571 0.21699 0.0723381 0.0928069 0.139782 0.0380568 0.0867036 0.0356452 0.167327 0.104502 0.170003 0.187501 0.146214 -0.00553033 0.0707599 0.0795585 0.0425655 0.0583421 0.236373 -0.0311694 0.0698351 0.0306193 0.0131966 -0.00118395 0.025264 0.0356503 0.0757562 -0.0433747 0.0366086 -0.0168193 -0.0323727 -0.0357335 -0.00167662 -0.014061 -0.00330071,800,0,cuda,37.62,39.05
test,63,Abyssinian_68,Abyssinian,cat,correct,Abyssinian,lime,0,0.993474,30,0.879943,0.87393,-0.006013,0.394981,0.835174,0.329036,0.492536,,,0.0983596 0.0749999 0.0188043 0.11623 0.0779461 0.0203586 0.0294808 0.0869675 0.0360105 0.049309 0.13545 0.0479624 0.0688604 0.0397831 0.118605 0.0261002 0.088795 -0.0308023 0.0299523 -0.0048431 -0.000401661 0.00164564 0.0178326 0.0428225 0.028667 0.11965 -0.00549488 0.027404 -0.0277975 0.0157991,800,0,cuda,44.07,49.75
test,1579,great_pyrenees_98,great_pyrenees,dog,correct,great_pyrenees,lime,15,0.988611,33,0.392757,0.769582,0.376824,0.084599,0.926092,0.045281,0.941232,,,-0.01015 -0.0026697 0.0123828 -0.0103689 -0.00747781 -0.0233483 8.43387e-05 0.00528594 0.0173372 0.783346 -0.00731979 0.00949009 0.0128464 -0.0193389 0.131267 0.0965939 0.0150295 -0.00657988 0.0633905 0.00302146 0.003925 -0.000458936 0.00708651 0.00535671 0.00476617 -0.0109344 0.0327842 0.00620896 -0.00900644 -0.0121337 -0.00936418 -7.37174e-05 0.00739693,800,0,cuda,32.59,36.28
test,1883,leonberger_193,leonberger,dog,wrong,keeshond,lime,19,0.990757,35,0.367486,0.714427,0.34694,0.155392,0.864384,0.210643,0.788364,,,0.0134448 -0.0162991 0.0872768 -0.0209839 -0.00369928 0.0140294 0.00762366 -0.00114833 -0.0144597 0.175602 0.00863183 0.156758 0.0128929 0.103004 0.557761 0.0590052 0.0563861 -0.0282588 -0.0117759 0.0187596 0.0919794 0.00116899 -0.0174732 0.016446 0.0109652 0.113126 0.0197642 -0.0135563 0.00922377 0.00156069 0.0368973 0.00150395 -0.00178993 0.070121 -0.0143751,800,0,cuda,40.87,44.6
test,990,chihuahua_196,chihuahua,dog,wrong,pomeranian,lime,24,0.669071,35,0.356186,0.75627,0.400083,0.1226,0.746869,0.025455,0.469194,,,0.0118738 0.00509818 0.0429645 -0.00281027 0.00845523 0.0299289 0.00551544 -0.00484762 0.0214173 -0.0421928 -0.0624784 -0.0016756 0.0390474 0.0199477 -0.00457316 0.095134 -0.055547 0.0214901 0.0575074 0.0946792 0.032061 0.18127 -0.00321011 0.121447 0.0736187 0.0288585 0.0815964 -0.0446705 -0.0200892 -0.0550524 -0.0164667 0.0336656 -0.0154336 -0.0137805 0.00732381,800,0,cuda,37.24,40.04
test,1384,german_shorthaired_193,german_shorthaired,dog,correct,german_shorthaired,lime,14,0.999957,35,0.359076,0.95863,0.599554,0.297477,0.833871,0.328547,0.67559,,,-0.00720141 0.00138617 0.00540137 0.0313595 0.0698763 0.0166044 0.0179554 0.00818999 0.0809834 0.31739 0.0116361 0.0665874 -0.0124982 0.00168645 -0.0167183 0.256665 0.0063272 0.00875365 -0.0184811 -0.025685 -0.0167563 0.124631 0.0101852 -0.0249793 0.0104237 -0.0235209 0.0104784 0.142606 0.0416318 -0.0130613 -0.0046629 -0.00593867 -9.73769e-05 0.0134812 0.0351793,800,0,cuda,42.91,46.48
test,237,american_pit_bull_terrier_43,american_pit_bull_terrier,dog,wrong,staffordshire_bull_terrier,lime,34,0.919964,34,0.538744,0.928045,0.389301,0.130784,0.748933,0.008418,0.680914,,,0.0157677 0.00748611 0.0211694 0.289356 0.0518632 -0.00406502 0.268011 0.137094 0.0754938 0.0807241 0.0205788 0.109357 0.0268765 0.0997379 -0.0244784 -0.0465976 -0.0332431 -0.00559135 0.0965778 0.0109647 0.0429651 -0.0120743 -0.0103954 0.0114876 0.0331244 0.0196594 0.0405686 0.000669257 -0.0269502 -0.0172216 0.0113557 -0.010869 0.0334795 -0.00221523,800,0,cuda,33.41,43.46
test,650,Birman_57,Birman,cat,correct,Birman,lime,32,0.9627,37,0.662249,0.993813,0.331564,0.10595,0.813647,0.350829,0.603974,,,-0.00470102 0.0174601 -0.0349454 -0.0189533 -0.0135171 0.0800567 0.001335 0.263994 0.0368707 0.0780061 0.110433 0.0188598 0.0300002 -0.0106763 0.0434303 -0.0121862 0.0117992 0.0315277 0.019177 -0.0133133 0.0144162 -0.00711242 0.0431862 0.0135414 0.0286911 0.0120949 0.00930385 0.0141364 0.0667622 0.00486884 0.0413977 0.0140755 -0.0120689 0.017049 0.00386564 0.0053405 -0.000906137,800,0,cuda,50.76,52.08
test,1967,leonberger_88,leonberger,dog,correct,leonberger,lime,19,0.998673,40,0.535934,0.988889,0.452955,0.170774,0.81706,0.634034,0.710006,,,0.0627971 0.0193886 0.143232 0.0689434 0.00264493 0.0372833 0.0885224 0.0265355 -0.0411795 0.103519 0.00773034 0.123627 0.403326 -0.0145983 0.126862 0.130747 0.0821083 0.196021 0.136242 0.00240379 0.0466092 0.0730542 0.0380755 0.0757814 0.121699 0.0117959 0.0456531 0.00638999 0.00829287 0.0396789 -0.0153264 0.00670611 0.00983094 -0.0110351 0.0100123 0.014944 0.0156429 -0.0119477 0.0110306 0.0176988,800,0,cuda,37.4,46.44
test,112,american_bulldog_221,american_bulldog,dog,correct,american_bulldog,lime,1,0.999972,39,0.367367,0.990724,0.623357,0.171309,0.90055,0.53452,0.729776,,,0.0518696 0.0749852 0.0670656 -0.00207372 0.0039084 0.00864065 0.173914 0.272765 -0.00369338 0.0225111 0.0283756 0.154514 0.301006 0.0310223 -0.0324484 0.264071 0.00450493 0.00300943 0.00531375 0.0325619 0.0191632 0.00502829 0.0374855 0.0117843 0.128479 0.00907117 0.0172109 -0.0135974 0.00990207 0.00668034 0.00228777 0.00493026 0.0188027 0.00923208 0.0157794 0.020299 -0.0187581 -0.0090234 -0.00234995,800,0,cuda,32.88,33.98
test,3024,scottish_terrier_4,scottish_terrier,dog,correct,scottish_terrier,lime,30,0.999724,37,0.750857,0.992275,0.241418,0.472546,0.847017,0.516019,0.605627,,,-0.00957288 -0.022831 0.0698981 0.0119176 0.0264511 0.0266975 -0.00148072 0.0186103 0.0314957 0.0159848 0.120179 0.0865012 0.0235824 0.0800548 0.0263283 0.0320984 0.059907 0.0570389 0.0948553 0.0230484 -0.0152511 0.0750594 0.112128 0.04683 0.0356268 0.164667 0.0855621 0.00820979 0.0379064 0.0189557 0.0926917 0.0111756 0.000540876 -0.00328873 -0.00438963 -0.00520304 0.0289778,800,0,cuda,43.9,52.9
test,1348,english_setter_6,english_setter,dog,correct,english_setter,lime,13,0.997077,42,0.751236,0.996113,0.244877,0.145694,0.825119,0.32909,0.732239,,,0.0233778 0.0124335 0.145948 -0.000496786 0.0219342 0.0276031 0.00792324 0.00164367 -0.0343167 0.0132868 0.0139895 0.458334 0.141636 0.0208299 0.039503 0.0080863 -0.00320816 0.00352989 0.0611085 0.0101983 -0.02397 0.194644 0.0442683 0.0694837 0.0113832 0.250358 0.0711895 0.0619158 -0.00766072 0.0214984 0.007429 0.070978 0.158855 0.0484595 -0.00385787 -0.0148985 -0.0079676 0.0132667 -0.00869441 0.0304916 -0.0217057 0.0376592,800,0,cuda,50.55,58.49
test,804,boxer_26,boxer,dog,correct,boxer,lime,8,0.999739,32,0.460818,0.9829,0.522082,0.280005,0.927111,0.437709,0.661537,,,0.000522157 -0.0103573 0.0268533 0.0149027 0.00604835 0.0187547 0.0671985 0.0269716 0.0270542 -0.0128708 0.0250216 0.182438 0.00653068 -0.00298997 -0.010919 0.258971 0.00323628 0.0533392 0.0733082 0.258376 -0.0022078 0.208513 0.0262081 0.00711119 -0.00720721 0.015277 0.00564656 0.027255 0.0126137 0.044109 0.0178771 -0.000842778,800,0,cuda,43.46,43.99
test,1556,great_pyrenees_77,great_pyrenees,dog,correct,great_pyrenees,lime,15,0.847658,37,0.485431,0.910739,0.425308,0.25621,0.810914,0.035407,0.589959,,,-0.0275798 0.000756778 -0.0289644 0.0500132 0.00734349 0.148684 0.0179895 0.0167651 -0.264459 0.0335127 0.121517 -0.0317702 0.118664 0.0177175 0.0202329 0.029554 -0.0709673 0.00274424 0.174566 0.0402523 0.00235468 -0.00696462 -0.0572122 0.0383057 0.0414594 0.00871833 0.0688283 -0.0120917 0.00166893 0.0568466 0.0509739 0.0411768 0.0176348 0.0315553 0.033247 0.013252 0.0349668,800,0,cuda,45.38,53.91
test,577,Bengal_81,Bengal,cat,wrong,Egyptian_Mau,lime,5,0.999785,39,0.210519,0.576422,0.365903,0.261191,0.953644,0.222127,0.454403,,,0.00797599 0.00205895 0.0114742 0.00329748 -0.0050379 -0.000280073 -0.00202127 0.00257026 -0.00560064 0.159546 0.0188236 0.0558136 -0.0203707 0.0361224 0.0118104 0.132716 0.0876365 -0.0232283 -0.00467936 0.0433799 0.148842 -0.00540591 0.013415 0.0496776 0.0110988 0.0029393 0.0287591 -0.0102378 -0.0045939 -0.00980658 -0.0203627 0.0166258 -0.0138605 -0.0134386 0.0154208 -0.00822809 -0.0131293 -0.0046935 0.00179388,800,0,cuda,36.61,45.7
test,1834,keeshond_57,keeshond,dog,correct,keeshond,lime,18,0.9996,43,0.256617,0.677348,0.420732,0.213553,0.931384,0.502744,0.649503,,,0.014964 0.13329 0.169424 0.0314611 0.0967789 0.0555405 -0.00922129 -0.0214343 0.112361 0.00418412 0.0726813 0.0213519 0.188278 0.187066 0.000440916 0.235094 0.0856885 -0.000809082 0.0545725 0.0202964 -0.00662987 0.0753738 -0.0119736 0.0474994 0.00459926 0.0077179 -0.0144744 0.00587222 0.0287508 -0.000143682 0.00441666 -0.00676031 0.00173775 -0.00064542 0.016184 -0.0271877 0.0113617 -0.00712403 0.00368514 -0.0285639 -0.00608198 0.00924991 -0.0201335,800,0,cuda,38.16,38.86
test,126,american_bulldog_33,american_bulldog,dog,correct,american_bulldog,lime,1,0.983982,43,0.48005,0.975408,0.495358,0.25802,0.892018,0.637457,0.612246,,,0.08704 0.0124242 -0.00155747 0.0655562 0.145073 0.0612652 -0.00634611 0.127017 0.109711 0.0349179 0.0131485 -0.00310655 -0.0131112 -0.00115525 0.174292 0.0343655 0.00598396 0.0115997 0.159141 0.106127 0.0489042 0.0229378 0.0792793 0.0594149 -0.00029632 0.0443662 0.0250132 0.00617489 0.0634373 0.0758905 0.0535421 -0.00123766 0.00396449 -0.007587 0.0311936 -0.0151928 0.00707531 0.00763785 0.0194612 0.00991964 0.0137324 0.0304099 -0.00026496,800,0,cuda,34.07,43.38
test,3056,scottish_terrier_79,scottish_terrier,dog,correct,scottish_terrier,lime,30,0.999058,39,0.484495,0.962971,0.478477,0.135257,0.870894,0.260553,0.727097,,,0.0519864 0.0867571 -0.0127176 0.0972635 0.391972 0.153888 0.0177195 -0.0117566 0.00851653 0.239185 0.0376538 -0.01051 -0.000403177 0.063472 0.226408 -0.00813292 -0.0197583 -0.0181389 0.0507606 0.0775036 0.0157536 -0.00865489 0.0358347 -0.00493681 0.115666 0.0855043 0.00946 -0.00959706 -0.00241133 0.0237425 0.00902104 -0.00336977 0.0182954 -0.0234158 -0.0213103 0.0207717 -0.00100076 -0.00330124 0.0110881,800,0,cuda,27.35,27.87
test,3271,Siamese_92,Siamese,cat,correct,Siamese,lime,32,0.999828,40,0.596122,0.991064,0.394943,0.205046,0.85002,0.269851,0.743943,,,-0.00434356 -0.0399399 0.0194506 0.000893883 0.00615464 0.0107231 -0.0129627 -0.0414078 -0.00471626 0.00681726 0.0975538 0.124764 -0.00872283 0.0128773 0.000548117 0.039947 -0.00752181 0.291344 0.0675591 -0.0259575 0.217835 -0.0035303 0.107511 0.0294416 0.0844852 0.00379001 0.0783278 0.0407002 -0.00732229 0.0235424 0.097441 -0.00395409 0.0953302 0.0241563 0.00946292 0.246182 0.0831235 0.00605786 0.00937462 -0.0083127,800,0,cuda,47.21,49.96
test,3346,Sphynx_59,Sphynx,cat,correct,Sphynx,lime,33,0.999838,32,0.399793,0.902142,0.502349,0.169949,0.922662,0.281703,0.775215,,,-0.00786057 -0.0208654 -9.04196e-05 0.00472834 0.0934535 -0.0142167 0.0174594 -0.00515723 0.00453213 0.0382908 0.0583282 0.0154955 0.204744 0.287661 0.00391765 -0.0079345 0.113589 -0.00669711 -0.00705643 0.0243918 -0.0309096 0.0663865 -0.0259716 0.0250365 0.393122 0.00966016 0.082451 0.0192422 0.0428853 0.0208101 0.1084 -0.00327227,800,0,cuda,57.15,60.24
test,851,boxer_69,boxer,dog,correct,boxer,lime,8,0.999844,33,0.54835,0.980833,0.432483,0.314867,0.90726,0.339496,0.671865,,,0.0115247 0.0520538 0.029987 -0.00473377 0.236087 0.0254205 0.073828 -0.00414041 -0.0158591 0.131559 0.0503371 0.0122402 0.0880458 0.0231843 -0.00464834 0.00742316 0.00313865 0.14047 0.0410394 0.0137148 0.0253044 0.00854497 0.00937768 0.0169697 0.0211132 0.000347688 0.00348126 -0.0106678 0.00377751 0.0382438 0.00614681 0.00549114 0.0182014,800,0,cuda,48.62,50.86
test,2742,Russian_Blue_62,Russian_Blue,cat,correct,Russian_Blue,lime,27,0.968656,36,0.277105,0.939302,0.662197,0.134091,0.901284,0.318415,0.754581,,,-0.00422708 -0.00986886 -0.00441232 0.032539 0.00607381 0.0111911 0.018096 -0.00804086 -0.0158939 -0.00592029 -0.0135089 -0.0198 0.0404921 0.00605318 -0.00267317 0.230653 0.191847 0.00267319 0.00646878 -0.00470379 -0.0217096 0.263657 0.0266146 -0.0180592 0.036101 -0.0222692 -0.00570599 0.360674 0.0780048 -0.00539209 0.0568627 0.0224629 0.0186333 0.0218066 0.0109602 -0.00322289,800,0,cuda,37.72,48.81
test,2185,newfoundland_195,newfoundland,dog,correct,newfoundland,lime,22,0.999975,37,0.394452,0.934727,0.540275,0.269647,0.909306,0.292678,0.42264,,,0.00267804 0.0101955 -0.0142958 -0.00467907 0.0063971 0.00763836 0.0318628 -0.0212768 0.00453145 -0.000971213 0.0753606 -0.000240331 0.0254241 0.116279 0.0922339 0.06025 -4.02593e-05 -0.0109419 0.0250854 -0.00390004 0.0904543 0.0602596 -0.0122739 0.0173603 0.00563729 0.0225877 0.0476839 0.00833242 -0.0087734 0.0874851 0.058742 -0.00934047 0.0349266 -0.0149333 0.00723605 -0.00651918 0.000190429,800,0,cuda,41.0,41.57
test,3057,scottish_terrier_7,scottish_terrier,dog,correct,scottish_terrier,lime,30,0.999931,44,0.69332,0.991214,0.297895,0.42671,0.888874,0.24048,0.309776,,,-0.00779544 0.00844168 0.015149 0.0106434 0.0151661 0.00834228 -0.0106558 0.0242224 0.00725196 0.000797021 0.0217831 0.0297922 -0.0030939 0.00469258 0.00122479 0.0603828 0.0132773 0.0004964 0.0268887 0.0513377 -0.00244318 0.00474076 0.0150655 0.0333718 0.00636575 0.026493 -0.00191756 0.0035295 0.00344695 0.0222736 0.00926999 0.0238556 0.00925968 0.0121238 0.00267115 0.0227579 0.0439907 0.0562281 0.00196061 0.0038245 0.00414152 0.0029725 0.00116229 0.000203455,800,0,cuda,52.2,58.56
test,3301,Sphynx_241,Sphynx,cat,correct,Sphynx,lime,33,0.999989,40,0.609893,0.973102,0.363209,0.370512,0.838635,0.40809,0.650771,,,0.0259119 0.0586702 0.00457603 -0.0102973 0.0128175 -0.00422613 0.00615689 0.00675151 -0.00548151 0.0294718 -0.00312138 0.0778823 -0.0129468 0.0268829 0.180509 0.00745145 -0.00217208 0.000784309 -0.00509668 0.122931 0.0479458 0.0409487 0.00350527 0.0255335 -0.00441967 0.00492051 0.028024 0.0605127 0.0152277 0.00552124 0.173934 0.143777 0.0374173 0.12654 -0.0032486 -0.00274269 0.00414514 0.0260668 -0.0142976 0.011285,800,0,cuda,21.89,28.49
test,7,Abyssinian_210,Abyssinian,cat,correct,Abyssinian,lime,0,0.931364,35,0.670081,0.726145,0.056063,0.096797,0.686096,0.003361,0.613135,,,0.0247052 0.0354416 0.0583068 0.0271146 0.0626224 0.0179151 0.0759738 0.0329215 0.0508776 0.0567046 -0.092458 0.0281084 0.0193146 0.00222114 -0.0531867 0.095147 0.0170565 -0.0304497 0.0152468 -0.0428455 0.119637 0.0781104 -0.0129102 -0.00957606 0.0249785 0.226702 0.0175063 0.0626836 0.152105 0.0143885 0.0358673 -0.065796 -0.00701178 0.0821984 -0.0196522,800,0,cuda,44.49,47.52
test,2550,pug_71,pug,dog,correct,pug,lime,25,0.999431,34,0.84943,0.998189,0.148759,0.125573,0.907798,0.394125,0.751856,,,-0.00125835 0.0104313 0.0471339 0.0558687 0.0537769 -0.00535902 0.0523742 -0.00439123 0.0586283 0.476534 0.00859712 0.0197419 0.156293 0.330809 0.00949029 0.0530303 0.0443115 -0.00375804 -0.0179371 0.0894942 -0.00795045 0.0172372 -0.0065967 0.00273864 0.0420631 -0.000323558 -0.012484 -0.00467908 -0.01401 0.0213003 -0.0211285 0.00933913 0.0159411 -0.0111702,800,0,cuda,36.43,49.27
test,854,boxer_71,boxer,dog,correct,boxer,lime,1,0.692784,34,0.709742,0.986168,0.276426,0.027178,0.385862,0.334978,0.489653,,,0.0177189 0.00397993 -0.00291948 0.0235285 0.0064042 -0.00743232 -0.0104382 0.0386653 0.00794562 -0.0160776 -0.00178159 0.0188103 0.0174184 0.00920421 0.00377401 0.0556699 0.102952 0.0270231 -0.0125119 0.00011972 0.0141577 0.00717008 0.0188704 -0.00660786 -0.011441 0.00914616 0.107626 0.0106636 0.05018 0.024932 0.0233871 0.0217933 -0.00842022 0.00393597,800,0,cuda,32.41,37.71
test,2995,scottish_terrier_23,scottish_terrier,dog,correct,scottish_terrier,lime,30,0.999515,34,0.339884,0.685946,0.346062,0.200343,0.885405,0.403618,0.781331,,,0.0226386 -0.00187195 0.0412389 0.0223259 0.0125196 0.0107552 0.496605 -0.0168319 0.000169334 0.149336 0.171783 0.140759 0.00664566 -0.0133885 0.014276 0.0265335 0.108647 0.00756686 0.0163871 0.00772465 0.333131 -0.011817 0.0170929 -0.000272085 0.0150751 0.00534527 0.00698633 -0.00954175 0.0385789 0.0212159 -0.0054183 -0.0208474 -0.00528796 -0.0188292,800,0,cuda,32.37,46.87
test,2679,Ragdoll_99,Ragdoll,cat,correct,Ragdoll,lime,26,0.99964,34,0.698282,0.99226,0.293978,0.038646,0.800592,0.307455,0.576686,,,0.0127026 0.0371342 0.0481067 -0.00172072 0.0699349 0.00628815 0.00928255 0.0262562 0.0717744 0.0416567 0.0270814 -0.00992574 0.00288661 0.236482 -0.00849414 -0.0313033 -0.010173 0.0161822 0.0145383 0.00990324 0.041223 -0.00791106 -0.0388273 0.274972 -0.0245826 0.0098075 0.269545 0.035637 -0.0276516 0.0375164 -0.00158219 -0.00172091 -0.0172404 -0.0289774,800,0,cuda,39.77,44.15
test,3490,wheaten_terrier_29,wheaten_terrier,dog,correct,wheaten_terrier,lime,35,0.997468,37,0.169125,0.681319,0.512194,0.14435,0.939549,0.245212,0.849267,,,0.0163701 0.0086906 -0.00666823 -0.0118593 -0.00438723 0.000755645 0.00826951 0.0279883 0.0382301 -0.0128227 -0.00628151 0.0180853 0.0142396 -0.00659795 0.00868682 -0.00668125 -0.0226643 -0.0214976 -0.00322344 -0.00628136 -0.0136072 -0.00101439 0.0272523 0.133409 0.0311034 -0.00229774 0.00468955 -0.000656746 0.706314 0.00357485 -0.0129503 0.198229 0.0249181 0.0643718 0.00617317 0.0304686 0.0287373,800,0,cuda,38.05,44.43
test,2977,samoyed_97,samoyed,dog,correct,samoyed,lime,29,0.998757,38,0.710539,0.990187,0.279648,0.187953,0.929992,0.531472,0.56289,,,0.0191229 0.0256792 0.0101815 -0.00333094 0.0151757 0.00338386 0.0113497 0.0942759 0.00964557 0.109671 0.0674311 -0.000919397 0.0115555 0.118652 0.0199927 0.183599 0.178431 0.0518443 -5.12277e-05 0.296277 0.0031927 -0.00911937 -0.00899843 0.0161703 0.100367 -0.00818906 0.0195314 0.0526602 0.0255938 -0.0139107 0.0279994 -0.0165109 0.0229393 0.0225809 0.0271793 0.012782 0.00658872 -0.010401,800,0,cuda,31.07,40.05
test,3335,Sphynx_47,Sphynx,cat,correct,Sphynx,lime,33,0.999092,32,0.412827,0.730842,0.318015,0.265865,0.906234,0.265663,0.641303,,,0.00140179 0.0137928 -0.0120083 -0.0121075 0.0286333 0.0245344 -0.00230095 0.0865554 0.0444489 -0.00927942 -0.0160519 0.0878789 -0.00929829 -0.00450027 0.120137 0.000172835 0.0395464 0.0867494 0.0674006 -0.00299408 0.0914798 0.0510731 0.117848 0.00891256 0.0253844 0.0996992 -0.00632197 -0.00726993 0.0217646 -0.0139478 0.00991389 -0.00585257,800,0,cuda,34.7,35.46
test,407,beagle_202,beagle,dog,correct,beagle,lime,4,0.998742,32,0.119798,0.846687,0.726889,0.03647,0.954785,0.126248,0.750997,,,0.00806761 0.0228453 -0.016163 -0.0112631 0.0247289 0.0173669 -0.0065435 0.00737946 0.011098 0.00196909 -0.0202543 -0.0312182 -0.0126892 -0.00338941 0.0113426 0.00831478 -0.0134892 0.481415 0.0103812 -0.00972063 0.0946781 0.13476 0.500615 -0.0468603 -0.00123596 -0.037483 0.0135568 0.0927403 -0.033856 -0.0267216 -0.0842693 -0.0330675,800,0,cuda,43.44,57.56
test,3619,yorkshire_terrier_55,yorkshire_terrier,dog,correct,yorkshire_terrier,lime,36,0.998946,39,0.688995,1.0,0.311005,0.253932,0.942043,0.294547,0.598224,,,-0.00534999 -0.0200904 0.00622963 0.00247439 -0.0209749 0.00839722 0.0170493 -0.0133229 -0.00166337 0.348696 -0.0287614 -0.00169571 0.0526067 0.0397565 0.0471278 -0.0222262 0.000140281 0.022174 0.23236 0.0139341 0.0257708 -0.0107258 0.154407 0.00377585 0.0421116 -0.0358272 0.0535083 0.0028361 -0.013651 0.0301626 -0.0117823 0.0445955 0.035381 0.00388308 -0.010774 0.00791316 0.00832115 -0.00494834 0.000892494,800,0,cuda,32.77,39.35
test,2405,pomeranian_31,pomeranian,dog,correct,pomeranian,lime,24,0.985817,43,0.385284,0.904819,0.519535,0.10548,0.911113,0.29191,0.802187,,,0.0420956 0.016188 0.00568112 0.0349508 0.0228605 0.0346851 0.00826386 0.478046 0.0101338 -0.00258969 0.0332802 0.0102724 0.0121675 0.280191 0.0064016 -0.00164663 -0.0190667 0.112559 -0.0156254 0.415266 0.0131947 -0.0108816 -0.00106509 -0.0195965 0.00229833 -0.00649356 0.00147291 -0.00101811 0.00385638 -0.00185243 -0.000467745 -0.00824528 0.00477947 -0.0208082 -0.0040359 -0.0207239 0.0263591 -0.0170135 0.00753988 0.00518014 -0.00639153 0.000463838 -0.0108622,800,0,cuda,52.99,60.09
test,153,american_bulldog_59,american_bulldog,dog,correct,american_bulldog,lime,1,0.861184,37,0.562779,0.991095,0.428316,0.123696,0.756983,0.478879,0.692128,,,0.0256682 -0.0277455 -0.000122406 0.00513799 0.00775495 -0.00992752 0.0360453 0.0418634 -0.0203526 0.0181405 0.0574405 0.00424864 0.247094 0.0160853 0.00461607 0.140067 0.00716354 0.0848752 0.0672841 0.00565887 0.317284 0.0711512 0.0342353 0.0523778 0.0812183 0.0914367 0.0732113 -0.0214706 0.147454 0.128074 0.0468819 -0.0273774 0.0799194 0.040034 0.0948775 -0.00512418 -0.00144679,800,0,cuda,43.38,47.03
test,1566,great_pyrenees_86,great_pyrenees,dog,correct,great_pyrenees,lime,15,0.994749,39,0.864896,0.846623,-0.018272,0.085372,0.865358,0.024393,0.656868,,,0.0246661 -0.0200007 0.0386479 -0.0563908 0.0471112 0.222797 0.254931 0.0342933 5.50473e-05 -0.0112885 -0.0086235 0.348986 -0.0339757 -0.0257672 0.0193296 -0.00359007 0.35378 0.107857 0.034499 -0.00928053 -0.0306009 -0.0145122 -0.0331208 0.000664781 0.0292295 0.00855099 0.0491004 0.0344708 0.0128215 -0.0268256 -0.0230878 -0.00291275 -0.0145492 -0.0109242 -0.0317774 -0.0159901 0.00401926 -0.043229 0.0214656,800,0,cuda,33.27,38.82
test,2391,pomeranian_1,pomeranian,dog,correct,pomeranian,lime,24,0.999894,37,0.744898,0.832628,0.08773,0.389601,0.938269,0.529243,0.668951,,,0.00646722 0.0746576 0.00313435 0.0491793 2.49922e-05 0.0610971 -0.0151672 0.194018 0.0394796 0.0620592 0.00802615 0.00614534 0.0215803 0.108845 -0.00534149 0.441015 0.0137703 0.0141129 0.0888924 0.0952392 -0.021138 0.121603 0.0303553 0.0104673 0.0252208 0.0367197 0.0117422 -0.0139101 -0.00507518 -0.0144675 0.16466 0.00726624 0.000337881 0.00274262 -0.00880282 0.00892845 -0.00125185,800,0,cuda,55.14,62.58
test,2353,Persian_71,Persian,cat,wrong,Maine_Coon,lime,20,0.984898,32,0.302156,0.98217,0.680014,0.170402,0.968573,0.294553,0.594509,,,-0.0184059 -0.0100216 -0.00138839 0.00289914 -0.0117941 -0.0281439 0.0220632 0.00770249 0.0148106 0.0393386 0.0355903 0.0118106 0.0254831 0.0228034 0.0224837 0.00230128 -0.028348 0.168513 0.127191 0.254947 -0.00609543 0.0183014 -0.00567298 0.112506 -0.0109229 0.010485 0.0427336 0.0198922 0.0229915 0.0100781 0.0394202 0.0160694,800,0,cuda,42.57,43.15
test,1004,chihuahua_27,chihuahua,dog,correct,chihuahua,lime,10,0.999861,35,0.505501,0.915424,0.409923,0.204425,0.855979,0.523141,0.721444,,,0.0127881 -0.00440558 0.0124397 -0.00519203 0.0871422 0.0992343 0.307033 -0.0134265 -0.000135905 0.28624 0.173767 0.00353611 0.290927 0.0256089 0.134752 -0.0208477 0.306248 0.0367598 0.118177 -0.0321757 -0.0230883 0.00300194 -0.0248583 -0.0172906 0.0101681 0.0290495 -0.0123205 -0.000917954 0.0791225 0.00357096 0.00525043 -0.02395 0.0118793 0.00497351 0.0106517,800,0,cuda,37.33,43.96
test,2660,Ragdoll_81,Ragdoll,cat,wrong,Birman,lime,6,0.986994,34,0.811424,0.999456,0.188033,0.302522,0.906311,0.442378,0.65501,,,-0.00582811 0.0111532 0.00552004 0.0523764 0.0272851 0.0184017 0.00563789 0.0471995 0.048444 0.0361583 0.124873 0.0528603 0.183957 -0.00541853 0.0100806 0.276362 0.0535748 0.167245 0.0466099 0.0486451 0.0736097 0.0744073 0.0094035 0.0195729 0.066105 0.0145758 -0.0249257 -0.0307291 -0.0225119 0.0134715 -0.00836247 -0.0143382 0.0126751 0.00540141,800,0,cuda,49.55,52.85
test,3254,Siamese_75,Siamese,cat,correct,Siamese,lime,7,0.469731,33,0.775411,0.816406,0.040995,0.034831,0.66888,0.108237,0.620768,,,0.00552715 -0.0235404 -0.0339636 0.00884209 0.0806214 -0.00176184 0.0121085 0.0782917 0.0978705 0.00825184 0.0144391 0.0394829 0.0185289 0.0220217 -0.0345336 -0.00125749 0.0595927 0.0208532 0.101597 0.145521 -0.0496086 -0.00559668 0.0603346 0.0596425 0.0960834 -0.0301946 0.0204388 0.0510172 0.0308177 -0.078182 -0.0362272 -0.0232227 0.0161107,800,0,cuda,51.45,52.53
test,280,american_pit_bull_terrier_82,american_pit_bull_terrier,dog,wrong,german_shorthaired,lime,14,0.538565,30,0.652184,0.995475,0.343291,0.13079,0.725632,0.249313,0.666607,,,0.00208732 -0.242913 -0.0108421 -0.0328004 0.0237251 0.0336366 -0.00233994 0.117548 0.00985067 0.196103 0.164075 -0.00208423 -0.00487404 -0.0133354 0.00146327 0.0386003 0.00226485 0.175478 0.0694475 -0.00381017 0.0815448 0.0026719 0.0744697 0.0161887 0.0349221 0.0595728 0.0122729 0.0394729 0.000984881 0.0179459,800,0,cuda,18.51,23.85
test,3394,staffordshire_bull_terrier_32,staffordshire_bull_terrier,dog,correct,staffordshire_bull_terrier,lime,1,0.874483,40,0.450255,0.912078,0.461823,0.087552,0.68063,0.041135,0.618034,,,0.00314788 0.024072 0.00120426 0.00515126 0.0744692 -0.0180551 0.0256681 0.00830485 0.00521365 0.0240506 0.100149 0.0730993 -0.00298991 0.0943451 0.0743826 0.18681 0.00220356 0.0844454 0.0969359 0.0324991 -0.00981171 0.0193848 0.0338097 0.00948485 0.0780553 0.00637652 -0.00673432 0.0385597 0.00661784 0.00148334 0.115875 0.00430888 0.0231643 0.0715562 -0.0136403 0.020445 -7.98041e-05 0.0159997 0.0167544 0.00195601,800,0,cuda,41.85,48.23
test,3609,yorkshire_terrier_46,yorkshire_terrier,dog,correct,yorkshire_terrier,lime,36,0.998622,41,0.722078,0.989644,0.267565,0.311046,0.924511,0.336711,0.568113,,,-0.00399074 0.0553884 0.0328483 -0.00354452 0.0954513 0.00749083 0.062187 0.0537606 -0.0110648 0.0218098 0.0141951 0.234155 0.0981741 -0.0359983 0.0156799 0.153849 0.158794 -0.00422164 0.0145701 0.0201655 0.0297584 -0.00693588 0.0176517 -0.0122061 0.0139381 0.0116993 0.0113695 0.023053 -0.0061637 -0.0330775 0.0138344 0.0298427 -0.00716979 -0.0185507 -0.0117236 0.0189899 -0.0119023 -0.00896088 0.00118385 -0.00854385 0.00342992,800,0,cuda,35.85,36.57
test,3128,shiba_inu_53,shiba_inu,dog,correct,shiba_inu,lime,31,0.996056,39,0.445751,0.703844,0.258093,0.149405,0.94014,0.216761,0.776235,,,0.00827472 0.018594 0.05967 -0.0139966 -0.00984561 -0.0117508 0.0236009 0.00376184 -0.019657 0.195055 0.555704 0.0154535 0.181702 -0.00308141 0.00509686 -0.0197112 0.0240012 0.161829 -0.0138172 0.177889 0.0983446 0.11965 0.0135596 -0.00688817 -0.0340293 0.0144514 0.0144245 -0.00440445 0.0108669 0.0032832 0.00370994 -0.0178158 -0.034674 -0.0012331 -0.0200293 -0.0166865 -0.00280738 -0.000399032 0.0393758,800,0,cuda,40.55,44.09
test,400,beagle_197,beagle,dog,correct,beagle,lime,4,0.999927,40,0.436543,0.990997,0.554454,0.121321,0.950933,0.333929,0.751444,,,0.0159793 0.00188788 0.0128931 -0.00917823 -0.0217396 -0.0106274 0.37461 0.127361 0.00920388 0.0169906 -0.0201279 0.0499513 0.157072 0.0697637 -0.0176245 0.374943 0.0540545 -0.00785163 -0.0154321 0.112842 0.0952354 -0.00428927 -0.0139955 -0.0293377 0.244301 0.0500852 0.021448 -0.012979 0.00889618 0.00408103 0.00123057 -0.0225516 0.0212141 0.0265787 -0.0130444 0.0135476 -0.0555582 -0.00234676 -0.00137846 -0.0151201,800,0,cuda,19.75,25.09
test,1596,havanese_22,havanese,dog,correct,havanese,lime,16,0.943983,31,0.347856,0.379528,0.031673,0.084199,0.72334,0.090058,0.857992,,,0.141492 0.016679 0.563233 0.0341307 0.128111 0.00736672 0.0835422 0.0800706 -0.0190649 -0.0172601 0.00269375 0.00705947 0.0307688 0.0502953 0.00903422 0.00555833 0.0263637 -0.00535392 -0.000325887 0.00855038 0.0257817 0.0116251 0.0481979 0.0270579 0.0215889 0.0208954 0.0266041 -0.00264814 0.0146372 -0.00239584 0.000473523,800,0,cuda,49.32,50.13
test,1497,great_pyrenees_23,great_pyrenees,dog,correct,great_pyrenees,lime,15,0.99085,33,0.269571,0.977954,0.708383,0.122561,0.920347,0.228978,0.811446,,,-0.000862429 0.0563564 0.0165682 0.00791946 0.424116 -0.0309186 0.00205438 -0.0231114 0.239393 -0.0158852 -0.00892122 0.363115 0.00954623 0.0450188 0.105097 0.0705505 0.0266062 0.00633858 -0.00999818 0.00151546 0.00151968 0.0155789 0.00699349 -0.00251036 0.0329873 0.0266771 0.00873976 0.0320089 -0.00711818 0.0026902 0.00626009 0.00661298 0.0128714,800,0,cuda,30.19,37.47
test,2516,pug_40,pug,dog,correct,pug,lime,25,0.997729,43,0.15065,0.641651,0.491001,0.041737,0.902456,0.008137,0.777375,,,-0.0061614 -0.0142263 -0.0195169 0.0222024 0.00270563 0.013591 -0.0248826 0.0292229 0.0152884 -0.00672775 0.00532982 0.0203287 -0.01167 -0.0031777 -0.00792693 0.0340117 0.0241309 -0.0133773 0.00243491 0.032462 0.0812136 -0.0176453 0.0195283 0.345796 0.0178245 0.0173909 0.00126342 -0.00177733 0.598508 0.00143547 -0.00926207 0.00485293 0.0161209 0.00863271 0.0349451 0.0233708 0.0302153 0.00102593 0.0295481 0.0244145 0.0455841 -0.0149161 -0.00163915,800,0,cuda,37.77,40.72
test,1479,german_shorthaired_98,german_shorthaired,dog,correct,german_shorthaired,lime,14,0.999651,38,0.378428,0.976071,0.597643,0.257249,0.817458,0.551384,0.686544,,,0.0411874 0.0242051 0.0192596 0.0136058 0.0116819 0.0967265 -0.0226722 0.0620436 0.127722 0.0926826 0.0128985 0.0711215 0.0187038 0.0238581 0.276402 -0.0111044 0.0792782 0.0808489 0.114324 0.0196645 0.0130473 0.0522226 0.12685 0.0542956 0.0366777 0.0319792 -0.00293396 0.0383593 0.0289476 0.0689758 0.000418974 0.039317 0.00148737 0.0223698 0.00404893 0.0309572 -0.00208515 -0.0254766,800,0,cuda,30.69,31.76
test,1800,keeshond_26,keeshond,dog,correct,keeshond,lime,18,0.996979,35,0.209204,0.874835,0.665632,0.081905,0.949156,0.082449,0.88991,,,-0.0170084 -0.022499 -0.00310788 0.00425596 -0.0167767 -0.000328639 -0.0140989 -0.0116673 -0.0108226 -0.00808842 -0.0128786 0.00561231 -0.0069702 -0.0112412 0.000742432 -0.00905835 -0.00733114 -0.0232562 -0.0200691 0.000247082 0.0628973 -0.0113489 0.0093244 -0.0121079 0.243779 0.0168775 0.086143 0.103876 0.0055802 0.0124727 0.0484534 0.63364 0.0145099 -0.00419076 0.0785095,800,0,cuda,43.38,50.4
test,2009,Maine_Coon_271,Maine_Coon,cat,correct,Maine_Coon,lime,20,0.970089,39,0.679468,0.895539,0.216071,0.118005,0.947105,0.150958,0.753853,,,-0.00578771 -0.038638 -0.00556514 0.0108529 -0.056326 -0.00657921 0.0545852 0.0107583 0.0570264 0.0187193 0.0270061 -0.013723 -0.00971409 0.0361598 0.0416773 -0.0145337 0.295282 0.0519687 0.026081 -0.00465467 0.0200803 0.155752 -0.0133746 0.0200331 0.10309 0.404332 0.0307405 0.0134539 0.0894905 0.00536632 0.0251993 0.0188906 0.0519064 -0.187632 0.0198434 -0.117109 -0.0290549 -0.0556315 0.0483518,800,0,cuda,52.16,57.57
test,504,Bengal_198,Bengal,cat,wrong,Egyptian_Mau,lime,5,0.974572,38,0.48585,0.787586,0.301736,0.367381,0.906006,0.176435,0.396666,,,0.0415488 -0.000403878 0.00798425 0.0296793 0.0497938 0.0508561 0.0206673 0.00213315 0.00577919 -0.0319521 0.0247649 0.0113179 -0.0235858 -0.00268595 0.0117856 0.00137772 -0.0118229 -0.071748 0.0480375 0.0378263 -0.021032 -0.0509398 0.108778 0.0254628 0.0138967 0.0123227 0.0672682 0.0230969 0.0158251 0.0141345 0.0409035 0.0391282 0.00973447 0.0107135 0.0151714 0.0555261 0.00768484 -0.0109203,800,0,cuda,37.92,39.54
test,2582,Ragdoll_204,Ragdoll,cat,wrong,Birman,lime,26,0.517363,37,0.642259,0.958172,0.315913,0.055999,0.386582,0.150581,0.431584,,,0.0177239 0.0442461 0.017653 0.0313485 0.0263894 0.00833716 -0.00465378 -0.0101323 -0.0161987 0.0140883 0.0657748 -0.0136261 -0.0092421 -0.0135379 0.00233019 -0.0190031 -0.0141042 0.0134665 0.00490443 -0.00556638 0.026642 0.067382 0.00561284 0.00687913 0.0450485 0.0585048 0.0621047 0.0114713 0.00607957 0.0209929 -0.0167714 -0.0099524 0.00784742 -0.000219362 0.00352791 -0.00172256 0.0257294,800,0,cuda,33.03,33.65
test,3064,scottish_terrier_86,scottish_terrier,dog,correct,scottish_terrier,lime,30,0.999811,37,0.704759,0.981744,0.276985,0.1667,0.74161,0.086384,0.536398,,,-0.0236929 -0.00843129 0.00959438 0.0073271 -0.00495772 0.0629081 0.0524756 0.142444 0.00112743 0.101086 0.02206 0.142327 0.0798776 0.0342652 0.165243 0.0273924 0.0520914 0.0807052 0.00333531 0.0380678 0.0744089 0.0826194 0.238553 -0.014572 0.0225407 0.00479623 -3.90122e-05 0.0428788 0.0149876 -0.00216355 -0.00962481 0.0185253 0.0070958 -0.0104228 -0.0162317 0.00834722 -0.00110377,800,0,cuda,39.62,40.28
test,1744,japanese_chin_66,japanese_chin,dog,correct,japanese_chin,lime,17,0.999968,34,0.604412,0.819581,0.215169,0.234521,0.900639,0.385885,0.623321,,,-0.0157648 -0.0362101 0.00245076 0.0180293 0.0703003 0.0163938 -0.00717204 0.0481883 0.023689 0.168894 -0.00176963 0.364649 0.0105495 0.0620066 0.0150795 0.394575 -0.0186141 -0.0097971 0.0559592 0.127049 0.0427207 -0.0070361 -0.00461916 0.0214178 -0.00989417 -0.00274917 0.021881 0.0403194 -0.00147913 0.0148351 -0.00848738 -0.00658665 0.00746655 0.0167879,800,0,cuda,35.76,39.5
test,903,British_Shorthair_26,British_Shorthair,cat,correct,British_Shorthair,lime,9,0.999864,32,0.612325,0.900925,0.288601,0.289994,0.895147,0.430798,0.666148,,,0.022185 0.0161933 0.0765719 0.0362575 0.0473748 0.0464193 0.069503 0.076474 -0.0129317 0.0382001 0.0640574 0.0465753 0.0240122 0.00298641 -0.00418772 0.0554765 0.0118481 0.224384 0.156273 -0.0659257 0.245379 0.109222 0.065819 -0.0266895 0.0256316 -0.0148861 0.221074 -0.00286 0.00118402 -0.0128591 0.00320746 0.0106317,800,0,cuda,33.86,41.76
test,2040,Maine_Coon_56,Maine_Coon,cat,correct,Maine_Coon,lime,20,0.999977,43,0.559391,0.998578,0.439187,0.312991,0.95507,0.285887,0.626656,,,-0.0127107 -0.0178662 0.000753013 0.027169 0.0165093 0.0061317 -0.00842888 -0.00219194 -0.00229533 -0.016205 0.0581572 0.0918866 0.0282617 0.00729099 -0.00851769 0.0109948 0.0280753 0.0182756 0.000537003 -0.00984532 -0.0030021 0.23101 0.0756859 0.0501419 -0.0129755 0.0141102 0.0209603 0.00802722 0.00568186 0.160152 0.000551384 0.0168502 0.00251468 0.0122811 -0.019922 0.00303352 -0.00150807 0.0138023 -0.0049424 0.0461419 0.0119532 -0.0160741 0.0411016,800,0,cuda,31.71,42.12
test,3279,Siamese_9,Siamese,cat,wrong,Russian_Blue,lime,33,0.518287,36,0.495018,0.891583,0.396566,0.037435,0.878349,0.377168,0.762679,,,0.0230884 0.037167 0.00413427 0.0382694 0.0205084 0.0120957 0.00903184 0.0145263 0.0239048 0.448332 0.0470972 -0.0142436 0.190972 0.0370186 0.0197641 0.0579156 0.196518 0.0443354 -0.0508616 0.0180988 -0.0256496 -0.214936 0.0160385 0.00109207 -0.00274051 0.0257441 -0.00841579 -0.0211589 0.00730551 -0.00771516 -0.0186565 -0.0134792 0.00946038 0.0108253 -0.0102469 -0.00119195,800,0,cuda,25.0,37.85
test,1672,havanese_91,havanese,dog,correct,havanese,lime,16,0.998598,38,0.691944,0.993939,0.301995,0.313612,0.76589,0.644403,0.733613,,,0.214129 0.101857 0.0151346 0.0428451 0.0243539 0.0470339 0.30099 0.0415545 -0.00225285 0.0325264 0.0100733 -0.0125185 0.0876796 0.123498 0.0378855 0.027888 0.163553 0.0347313 0.156071 -0.013023 0.0329777 0.0979024 0.00470034 0.0254186 0.0573778 0.0229873 0.0249929 0.211533 0.0154243 0.0436362 0.0447909 0.00700029 0.0611814 0.00782272 0.0384489 0.0199131 -0.0260719 0.009861,800,0,cuda,30.1,30.94
test,550,Bengal_57,Bengal,cat,correct,Bengal,lime,5,0.994401,39,0.491032,0.743009,0.251977,0.735859,0.962306,0.033477,0.266388,,,0.00120389 0.00314274 0.00840155 0.00373588 0.000274713 -0.00132118 0.00324652 0.00289686 -0.00254649 0.00115986 -0.000265205 0.00248414 0.00204254 0.00364804 0.00547253 0.00413653 0.0160926 0.0198179 -0.00119947 0.00368355 0.00255656 0.00572716 -0.00152642 -0.000812503 -0.00346442 -0.00103794 -0.00109579 0.000222414 -0.000189722 -0.00196446 0.00340283 -0.00231702 0.000849558 -0.00374317 0.00224282 0.000703902 0.000690264 0.000776891 0.00895982,800,0,cuda,33.4,36.33
test,1862,keeshond_83,keeshond,dog,correct,keeshond,lime,18,0.996252,40,0.99986,1.0,0.00014,0.309635,0.794524,0.324826,0.698936,,,0.0109254 0.000788345 0.0028048 0.00879749 0.00787996 0.0152438 0.0203107 0.0428761 0.00254284 0.0350748 0.021345 -0.0260437 0.000383847 0.0842351 0.0803689 -0.0397633 -0.0205349 -0.0121715 0.121318 0.028473 0.00999429 -0.0480207 0.02502 0.0349855 -0.00469976 0.0785649 0.0759952 0.160504 0.0268572 0.00722973 0.111958 0.0843654 0.0740576 0.404259 -0.0173609 0.100716 0.00541988 -0.00193707 0.00693862 0.0148757,800,0,cuda,47.15,52.6
test,3462,staffordshire_bull_terrier_94,staffordshire_bull_terrier,dog,correct,staffordshire_bull_terrier,lime,34,0.596726,36,0.329181,0.975897,0.646715,0.125278,0.684869,0.371319,0.50858,,,0.00326747 -0.0138201 0.00906826 0.0147733 0.0685272 0.0487841 0.0101821 0.0216723 0.000152264 0.0288285 0.0900947 -0.00392258 -0.0302271 0.0346321 0.215047 0.0496831 0.0109489 0.0198372 0.0266441 0.021368 -0.131539 -0.0102807 -0.00153049 0.0270281 -0.00104492 0.0505355 0.00642936 0.164453 0.0171588 0.0167343 0.0661642 0.0611264 0.0915329 0.10247 0.00785894 0.0105745,800,0,cuda,38.14,42.1
test,1805,keeshond_30,keeshond,dog,correct,keeshond,lime,18,0.999363,47,0.285455,0.981719,0.696264,0.215322,0.932058,0.192344,0.509326,,,0.00498964 0.0310748 0.000291175 -0.0188178 0.00975673 -0.0112505 -0.0157507 -0.0004742 -0.00436421 -0.00835471 0.0259883 0.0759967 0.00885245 -0.0066664 0.00198243 -0.0242208 0.200472 -0.0163999 0.000665777 0.00564571 -0.00574232 0.00561071 0.00862461 0.047584 0.0715845 0.00175741 -0.00674501 0.103432 -0.00758332 -0.0115941 0.000747156 0.0048547 0.220874 -0.00620142 -0.00747533 -0.000993836 0.0070896 -0.0315848 -0.000382479 0.0138871 0.0153773 -0.00169084 -0.0266431 -0.0288455 0.0417652 0.0013535 -0.0215095,800,0,cuda,24.26,27.49
test,3307,Sphynx_247,Sphynx,cat,correct,Sphynx,lime,33,0.835018,30,0.733259,0.991953,0.258694,0.206713,0.656061,0.116781,0.768931,,,0.00387209 0.0279708 0.0204612 0.0572018 -0.00269108 0.0217318 0.0127708 -0.010181 0.00878653 -0.0197514 0.0690947 0.0212687 -0.0374289 0.163201 0.0357177 0.1092 0.0982068 0.381187 -0.00622726 -0.0175007 0.0368752 0.166706 0.0254731 0.0541067 0.076259 0.0361795 -0.0168443 -0.0194872 0.0255457 -0.00523867,800,0,cuda,54.2,54.77
test,1130,Egyptian_Mau_48,Egyptian_Mau,cat,correct,Egyptian_Mau,lime,11,0.987368,41,0.517259,0.985834,0.468575,0.230339,0.949542,0.251591,0.698861,,,-0.0256446 0.00729808 0.0423358 0.00708292 0.0306376 -0.0624883 0.0042976 -0.0116638 0.0106355 0.0695743 0.00950053 0.0073351 0.0378643 0.0271018 0.00181126 0.00289281 0.0306412 -0.00212422 0.0538597 0.170684 0.151203 -0.0418807 0.361821 -0.00422435 0.157637 0.00775118 -0.00603635 0.041972 0.0293159 0.000880775 -0.00959389 -0.00272203 -0.00470637 -0.0137249 -0.0196731 0.00213437 -0.0130269 0.00468558 -0.0162151 -0.0145933 0.00713079,800,0,cuda,55.24,55.83
test,945,British_Shorthair_58,British_Shorthair,cat,correct,British_Shorthair,lime,9,0.999847,36,0.693678,0.989892,0.296214,0.129883,0.878884,0.396474,0.699852,,,-0.0263947 0.0117175 0.0229122 0.0157238 0.0167502 0.00867278 -0.118682 0.0178365 0.112086 -0.00246279 0.0309938 0.00832085 0.142866 0.176065 0.416545 0.0822421 0.0241428 0.25547 0.0914245 0.0624386 0.0871992 0.0276805 0.0741181 -0.00260371 0.0309435 0.0194509 0.014935 0.00459506 0.00560518 0.00630374 -0.0246809 0.0247759 0.013293 0.0218908 -0.0307943 0.00801823,800,0,cuda,26.37,33.86
test,163,american_bulldog_68,american_bulldog,dog,correct,american_bulldog,lime,1,0.791855,45,0.263991,0.546293,0.282302,0.093608,0.732095,0.07424,0.652772,,,0.0392269 0.0318718 -0.00941724 0.0166787 0.013934 0.00750636 -0.00923282 0.111378 0.0336751 0.0691839 0.0681404 0.0120974 0.027591 0.0183194 0.0721047 0.0278863 0.319998 -0.0265434 0.075381 0.0165002 -0.0451811 0.0100747 0.0421947 0.0638412 0.0226948 0.0122009 0.0179761 0.00570912 0.0158971 0.0102631 0.0403131 -0.0149054 -0.0109116 -0.00427304 -0.0088014 0.0118753 0.0193856 0.0190088 4.00234e-06 0.0224109 -0.0112803 -0.00535797 0.00400433 -0.0114801 0.0133916,800,0,cuda,29.46,32.55
test,1660,havanese_80,havanese,dog,correct,havanese,lime,16,0.761511,39,0.792052,0.994858,0.202806,0.127772,0.534853,0.051958,0.669856,,,0.0571523 0.0210755 0.0270926 0.0268511 0.0970358 0.022765 0.0642564 0.00842576 -0.0187256 0.0245199 0.0200802 -0.00078641 -0.0222213 0.023131 0.067517 0.0549123 -0.0102399 0.00205119 0.0101481 0.0341001 0.0185531 0.0296875 -0.0511123 0.192182 0.0665157 0.0121599 0.0227926 -0.0472655 -0.0132336 0.019074 0.137948 -0.00206054 0.0207395 0.0265804 0.0113109 0.0661259 0.000186088 -0.00222825 0.0458321,800,0,cuda,53.62,56.22
test,1690,japanese_chin_199,japanese_chin,dog,correct,japanese_chin,lime,17,0.999759,27,0.0,0.0,0.0,0.506013,0.846526,0.291819,0.406679,,,0.0101489 0.0449579 0.0624203 -0.00115865 0.0101795 0.0899217 0.0995607 -0.00040629 0.0293212 -0.00512036 0.0337516 0.034579 0.118505 0.0356533 0.0400031 0.0148533 0.064286 -0.00118135 0.0605475 0.015452 0.000555248 -0.00303019 0.00872581 -0.00768729 0.00395342 0.0143756 -0.00151567,800,0,cuda,35.74,40.77
test,2384,pomeranian_194,pomeranian,dog,correct,pomeranian,lime,24,0.999146,36,0.316406,0.904871,0.588465,0.063875,0.909377,0.100913,0.781781,,,0.0292892 0.037497 0.034655 0.0127794 -0.0194866 0.0351105 0.0304824 6.30488e-05 -0.0160105 0.053445 0.541659 -0.0200231 0.0176378 -0.0301186 0.295031 0.0112385 0.0970098 0.348641 0.0120536 0.0541065 0.0252846 -0.00840044 0.0143784 -0.0384767 -0.0264011 0.022034 -0.0189271 0.0049093 0.0134265 0.000517204 -0.00927043 -0.0143781 -0.0139804 0.0284913 0.0152426 0.033227,800,0,cuda,29.84,35.51
test,2107,miniature_pinscher_33,miniature_pinscher,dog,correct,miniature_pinscher,lime,21,0.938446,34,0.17327,0.699028,0.525758,0.034267,0.936962,0.09419,0.85955,,,-0.0577006 0.0123002 -0.00791313 -0.00687391 0.00310217 0.0260588 -0.00377757 0.0156656 0.0809186 0.00902335 0.000119458 0.000378256 0.0202358 0.0268161 0.619965 0.01529 -0.00155042 0.00613359 0.092095 -0.0443166 -0.00345408 0.148748 0.0189016 -0.0148717 -0.011217 0.09326 -0.0107649 -0.0212068 0.00798481 -0.00723112 0.0112941 -0.00017439 -0.00895427 0.0014241,800,0,cuda,36.12,41.31
test,3166,shiba_inu_88,shiba_inu,dog,correct,shiba_inu,lime,31,0.999852,30,0.307697,0.800673,0.492976,0.204594,0.923495,0.458172,0.669577,,,0.00689029 -0.0120525 0.0259807 0.0853624 -0.000548562 0.00337271 -0.0126762 0.0893633 0.188709 -0.0179854 -0.00339806 0.0104488 0.222187 0.0559617 0.0356374 -0.0169807 0.377385 0.256582 0.00394581 0.00788661 0.0490374 0.16715 -0.00255109 -0.0182496 0.0347563 -0.00218799 0.028971 0.0363041 0.0277942 -0.00449934,800,0,cuda,48.85,53.23
test,3541,wheaten_terrier_75,wheaten_terrier,dog,correct,wheaten_terrier,lime,35,0.984065,31,0.321887,0.806795,0.484908,0.069686,0.889935,0.014457,0.819795,,,0.0148263 -0.000461752 0.0225496 0.0116966 -0.00865729 0.00559592 -0.00434482 -0.00694375 0.00330211 -0.0124144 0.0137215 -0.0263171 -0.01056 0.306376 -0.0126908 0.631853 0.0267703 0.0865839 0.00210152 -0.0187227 0.0257883 0.0784308 0.0146298 0.0413922 -0.0261916 0.0288364 0.0484971 0.0205414 0.0186428 0.00417927 0.0100401,800,0,cuda,24.14,31.03
test,3602,yorkshire_terrier_3,yorkshire_terrier,dog,correct,yorkshire_terrier,lime,36,0.998847,38,0.464545,0.935144,0.470599,0.282932,0.94337,0.275388,0.457163,,,0.00310351 0.00240521 0.0720405 -0.0222647 0.0554405 0.0190243 0.0256269 0.00235102 0.0757928 0.00544978 -0.00411961 -0.00598817 0.00928082 0.115707 0.205176 0.135453 0.0284744 -0.000913131 -0.018246 0.0784241 -0.00539085 0.0154308 0.00476483 0.032108 -0.00161782 -0.038908 -0.022847 -0.0192615 -0.0122402 0.0759521 0.024806 -0.0138379 -0.0186305 0.00537115 -0.00451837 -0.0151755 -0.0044091 0.0138459,800,0,cuda,37.14,39.82
test,1514,great_pyrenees_39,great_pyrenees,dog,correct,great_pyrenees,lime,15,0.992894,30,0.347955,0.984737,0.636781,0.133471,0.900134,0.404183,0.764318,,,0.0657844 0.00720492 -0.0129409 -0.00207038 0.274909 0.148042 0.0715894 -0.0125494 -0.0496003 0.17656 0.0480712 0.247143 -0.0199592 0.176272 -0.00423322 -0.0349483 0.29615 -0.00610172 -0.0181833 0.0530949 0.124548 0.136833 -0.00934944 -0.00811636 0.0410409 0.00657963 0.0903719 -0.00641417 0.00691117 0.0135569,800,0,cuda,34.52,35.16
test,449,beagle_56,beagle,dog,correct,beagle,lime,4,0.999208,36,0.236727,0.925557,0.688831,0.086845,0.975131,0.281566,0.733731,,,0.00711031 -0.0153266 -0.0337045 -0.00678663 -0.0344363 0.00220887 0.0876626 -0.00883348 -0.0263887 0.0567791 -0.0224808 -0.00936139 0.231996 0.0210038 -0.010746 -0.0012058 0.485025 -0.0288765 -0.000430464 0.188216 -0.0312033 0.228881 0.0612713 -0.00941374 0.126803 0.0145938 0.00059407 -0.0268543 -0.00777926 0.151318 0.0275322 0.0221193 0.00242506 0.00466678 -0.0240839 0.0259822,800,0,cuda,33.92,39.61
test,2903,samoyed_2,samoyed,dog,correct,samoyed,lime,29,0.968807,27,0.637137,0.911378,0.274241,0.17698,0.864366,0.26067,0.744684,,,0.0641596 0.00489843 0.073927 -0.0295339 0.301013 0.00920596 -0.00855901 0.00514836 0.15777 0.00725558 0.0194652 0.0949839 0.55629 -0.00738938 0.021392 0.0149985 0.0223899 0.0209423 0.00188126 -0.0243115 -0.00225436 0.0281125 -0.0194579 -0.021462 -0.0353988 -0.00377448 -0.00174245,800,0,cuda,41.36,44.54
test,941,British_Shorthair_54,British_Shorthair,cat,wrong,Ragdoll,lime,23,0.649332,33,0.584841,0.611499,0.026658,0.066392,0.917822,0.183226,0.707686,,,0.0382291 0.0225217 -0.0085908 -0.036078 -0.0674264 0.0914358 0.401606 -0.0279313 -0.00966909 0.0293303 -0.039905 0.226782 0.193063 0.0084355 -0.068989 -0.0139862 -0.0174519 0.00275076 -0.0153473 -0.0189162 0.049166 -0.00272611 -0.0309363 0.00866209 -0.00844851 0.000863132 0.00603456 -0.0210565 -0.022291 -0.0211141 -0.0194683 0.0116721 -0.0324718,800,0,cuda,52.16,53.39
test,2834,saint_bernard_58,saint_bernard,dog,correct,saint_bernard,lime,28,0.99765,31,0.516821,0.992517,0.475696,0.147968,0.934374,0.527918,0.644863,,,0.0726055 0.017291 0.00834864 -0.0201375 0.0309474 0.129519 0.19017 0.017798 -0.0299943 0.0813283 0.130414 0.199856 0.280135 0.004831 0.0197622 0.310254 0.0792502 0.0080148 -0.0370094 0.0106987 0.0737623 0.00285593 0.0744374 -0.00376093 0.00383665 0.00533686 -0.017794 -0.0221576 0.0324835 -0.0125972 -0.0111485,800,0,cuda,20.99,22.05
test,3464,staffordshire_bull_terrier_96,staffordshire_bull_terrier,dog,correct,staffordshire_bull_terrier,lime,34,0.66732,37,0.515665,0.690074,0.174409,0.275845,0.623823,0.37744,0.376444,,,-0.00536955 -0.00400403 0.0190099 0.0609737 -0.000109598 0.0810012 0.0458867 0.0869337 0.00628757 -0.010351 0.078793 0.00680071 0.00354316 0.0334168 0.0704106 0.0346116 -0.00796789 -0.0306871 0.0691981 -0.0267406 0.0395962 0.0117381 0.0215597 0.0260579 0.00409926 0.075667 -0.00467401 -0.0507048 0.0903933 0.00399379 0.0244853 -0.0159269 -0.00477893 0.00133688 0.0338398 0.0415839 0.0431945,800,0,cuda,33.29,39.97
test,1532,great_pyrenees_55,great_pyrenees,dog,correct,great_pyrenees,lime,15,0.996296,30,0.230369,0.827269,0.5969,0.118591,0.935924,0.191721,0.80731,,,0.0140201 0.0215767 0.0357332 -0.0320698 -0.00291853 0.0458528 0.154611 -0.00343907 0.444964 0.0120053 0.000972015 0.0370022 0.171144 0.0274528 0.00817665 0.0497861 0.399341 -0.00968871 0.00803237 -0.0123951 0.0341793 0.00574872 0.00174201 0.0248924 -0.000656924 0.0069147 0.00233037 0.0339468 0.00842723 0.00391241,800,0,cuda,33.88,45.13
test,1847,keeshond_6,keeshond,dog,correct,keeshond,lime,18,0.992886,28,0.905134,0.989269,0.084135,0.420492,0.924588,0.229117,0.390211,,,0.0118376 -0.00574887 -0.000516687 0.0148688 0.0583281 0.0122897 -0.00648697 0.0507013 0.0629518 0.00450851 0.0468681 0.0186457 0.00604968 0.0523679 0.10661 0.0149606 0.0194957 0.0089505 0.0784694 0.0380491 -0.0026504 0.0017875 0.0491966 -0.00270092 0.0247385 0.0162056 -0.00234301 0.0100809,800,0,cuda,27.1,28.24
test,437,beagle_45,beagle,dog,correct,beagle,lime,4,0.909931,43,0.246233,0.933145,0.686912,0.039366,0.955785,0.330165,0.809071,,,-0.120241 -0.00530678 -0.0040442 -0.00352753 -0.0275234 0.0175871 0.00160746 -0.00988619 0.0151136 0.0367874 -0.0152267 -0.149162 0.0135329 -0.00952969 0.633094 0.0253479 0.00780409 -0.00615199 0.0272787 0.155778 0.0148058 -0.0143093 -0.0862978 0.0263924 -0.00740856 0.0427107 -0.0450013 0.00246 0.0134699 -0.0017763 0.0163738 -0.00909275 -0.00252291 -0.00419086 0.000107237 -0.00216392 -0.0130779 -0.0188731 -0.0181686 -1.94312e-05 -0.0152772 0.00181637 -0.00793936,800,0,cuda,47.15,50.85
test,1314,english_setter_39,english_setter,dog,correct,english_setter,lime,13,0.999623,37,0.200654,0.485316,0.284662,0.130798,0.850388,0.136331,0.585536,,,0.0245571 -0.0158301 -0.00272118 0.0433506 0.0181143 0.0362567 -0.0184333 0.173009 0.0539755 -0.0121439 0.0405127 0.0747394 0.00136845 0.0162707 0.0938829 0.119372 0.007575 0.00269781 -0.0210421 0.00655209 0.153192 -0.0260175 -0.00926966 0.346512 -0.0218622 0.100956 0.00313539 0.00484348 0.0478893 -0.0205889 -0.000652465 0.0615599 -0.0186056 0.00527387 -0.00239459 -0.0289595 0.00485715,800,0,cuda,26.71,33.05
test,786,boxer_191,boxer,dog,correct,boxer,lime,8,0.987996,42,0.456334,0.795657,0.339323,0.221483,0.892806,0.580356,0.674144,,,0.083608 0.0838057 0.139254 0.101565 0.0675036 0.0262666 0.0618548 0.00562793 0.0106347 0.127434 0.321937 -0.00678504 0.221877 0.101237 -0.00934803 -0.0375019 0.0860412 0.0530736 0.108514 -0.00764544 0.0623911 0.0553933 -0.0152695 0.0506987 0.0570974 -0.00080146 0.0216588 0.0201633 0.0194489 -0.0309017 -0.0247172 0.101709 0.0490805 -0.004107 0.0256223 0.0162465 -0.00560955 0.031711 -0.00845966 0.00484091 -0.00106408 -0.0255676,800,0,cuda,26.49,29.61
test,873,boxer_8,boxer,dog,correct,boxer,lime,8,0.998385,36,0.384427,0.877,0.492574,0.122298,0.966254,0.356795,0.720254,,,0.000108948 0.0184268 0.0249343 0.0170571 0.0190486 -0.0163647 0.00480863 0.0058785 0.000452115 -0.0439683 0.00989558 0.4134 0.283537 0.0351418 0.00860889 0.00793892 0.0209125 0.081046 0.0050638 0.0659608 -0.0168295 0.0851979 0.11007 0.0295264 0.113997 -0.0129293 -0.0119864 0.00547621 -0.00295988 -0.0191868 -0.0244022 -0.00380266 0.0158023 0.0137543 -0.000758721 0.00790121,800,0,cuda,37.43,44.25
test,739,Bombay_54,Bombay,cat,correct,Bombay,lime,7,0.999943,34,0.764888,0.974312,0.209424,0.529489,0.951336,0.219106,0.423022,,,0.0149501 0.00750475 0.0484892 0.0193289 0.00637181 0.0758652 -0.00350745 0.018447 0.0248378 0.0357595 0.0492927 0.0173567 0.030447 0.0353194 0.000740282 0.146127 -0.00831592 0.0135448 0.0102087 0.00770724 0.0427004 0.00330847 0.000968722 0.000454766 0.00428882 -0.00217494 -0.0144164 -0.020134 0.00127228 0.0159361 0.00989493 0.00646665 0.0110288 0.00563247,800,0,cuda,44.74,51.68
test,2867,saint_bernard_88,saint_bernard,dog,correct,saint_bernard,lime,28,0.998737,37,0.590741,0.989806,0.399065,0.193442,0.932549,0.247161,0.785747,,,0.00811716 -0.00519501 0.00993884 -0.0117565 -0.0140947 0.0101269 0.00625367 0.015982 0.163449 0.148113 -0.00115525 -0.0518555 -0.0011987 0.0194386 0.0273838 -0.00861962 0.0216638 0.0711397 0.0500079 0.0248178 0.626552 -0.00614323 -0.01396 -0.00150678 -0.0221559 -0.0107506 0.0506532 0.0329174 0.00113632 0.00570502 0.0155595 0.00347504 9.77218e-05 0.0105786 -0.00580896 -0.0129632 0.00858675,800,0,cuda,50.4,56.83
test,1006,chihuahua_29,chihuahua,dog,correct,chihuahua,lime,10,0.993272,43,0.82966,0.988427,0.158767,0.193895,0.832046,0.343258,0.504514,,,-0.00473557 0.0154843 0.012704 0.0312061 0.0997464 0.022989 0.101177 0.0185486 0.0191093 0.122372 0.10854 0.013599 0.0394972 0.0541509 -0.0111206 0.0833921 0.185645 -0.00580131 0.0573942 -0.0190128 -0.0041375 0.029724 0.0226553 0.0110015 0.0991327 -0.0120406 0.0161868 0.0157058 -0.0175908 -0.0197648 0.00517242 -0.00089368 -0.0119873 0.014598 -0.00222536 0.00220377 0.00979292 -0.01498 -0.0209611 0.00497339 -0.00784966 -0.000440917 0.0324027,800,0,cuda,20.32,23.02
test,1844,keeshond_67,keeshond,dog,correct,keeshond,lime,18,0.999667,37,0.57089,0.993088,0.422197,0.324464,0.939238,0.367773,0.504586,,,-0.00910123 0.0229299 0.00319596 0.0480555 0.0306713 0.0527184 0.109153 -0.00269596 0.00874569 0.0178139 0.0329375 0.110475 0.0123095 0.00963302 0.00783661 0.0853715 0.128266 0.0796926 0.0424798 0.050908 -0.00349641 0.0915382 0.0260079 0.0180605 -0.0103171 0.0377232 0.00831196 0.0145141 -0.00351439 -0.00205885 -0.00490996 -0.00824955 -0.0131226 0.00169019 -0.00348634 -0.0158235 -0.014302,800,0,cuda,12.11,25.58
test,586,Bengal_8,Bengal,cat,wrong,Egyptian_Mau,lime,11,0.946299,38,0.340462,0.912042,0.571581,0.056573,0.801275,0.361483,0.637712,,,-0.00879411 -0.000729665 0.00812628 0.0144802 -0.0169179 -0.0121274 -0.0412276 0.0137667 0.0220861 -0.0343682 -0.00711527 0.000222996 -0.0172724 0.0147582 0.00184166 0.257711 0.0220294 -0.00573509 0.0544496 0.0111486 0.180265 0.21615 -0.0105581 -0.00725922 0.024731 -0.00551263 0.017342 -0.00218933 0.00104878 0.00837906 0.0117726 0.0408833 0.0471891 0.037066 -0.00252868 -0.000326766 -0.0241388 0.00516914,800,0,cuda,58.97,62.22
test,1306,english_setter_31,english_setter,dog,correct,english_setter,lime,13,0.999376,29,0.609196,0.769453,0.160258,0.252539,0.92343,0.403824,0.743525,,,0.0745555 0.0181851 -0.00435085 0.0139779 0.316371 0.104618 0.413867 0.0141129 0.0198707 0.0152251 0.00565579 0.326033 -0.0178283 0.03411 0.0508967 0.00649409 0.0154552 0.0815093 -0.0144133 0.00345573 0.161199 0.0088494 -0.00316384 0.00622811 -0.00539472 -0.0177238 0.0100404 -0.0327144 0.0343426,800,0,cuda,29.75,32.96
test,2989,scottish_terrier_199,scottish_terrier,dog,correct,scottish_terrier,lime,30,0.999218,33,0.720643,0.988823,0.26818,0.130376,0.883421,0.402538,0.730895,,,0.062409 0.0564246 0.00622519 0.0862966 0.0490636 -0.0100259 0.0183913 0.188724 -0.00984148 0.0261693 -0.000941192 0.0958983 0.28738 -0.0336506 0.0139148 0.0786111 0.00171593 0.0544082 -0.00942678 0.195054 0.421048 -0.0173581 0.0234789 -0.0148754 0.118893 0.0222717 0.0243931 -0.00266349 0.0104165 0.0243328 0.042657 0.0247302 0.00318268,800,0,cuda,42.86,44.19
test,348,basset_hound_55,basset_hound,dog,correct,basset_hound,lime,3,0.77389,26,0.222557,0.436415,0.213859,0.123609,0.838015,0.185152,0.823686,,,-0.0312982 0.00438931 0.0049312 -0.0107611 -0.00175 0.0215463 -0.02009 -0.0273751 0.0894856 0.0529192 0.0215158 0.624198 0.0078865 0.0179622 0.0483045 0.0190105 0.124956 -0.00196507 -0.0208728 -0.00872477 0.0238586 0.0159603 0.0110681 0.0256684 0.0276684 0.0266376,800,0,cuda,35.03,36.01
test,2471,pomeranian_91,pomeranian,dog,correct,pomeranian,lime,24,0.998503,41,0.243224,0.977815,0.734591,0.062836,0.88797,0.106626,0.682522,,,-0.000658071 0.00997297 -0.0358163 0.00788586 0.0163728 0.156938 0.00611291 -0.0179305 -0.0076452 0.030784 -0.000902392 -0.0280585 0.323578 -0.0413121 0.000195768 -0.0132802 0.27073 -0.00186826 0.00122308 0.00581132 -0.000446877 0.158438 -0.0456266 -0.0230849 0.364726 0.0197068 -0.0267312 -0.00636704 0.0434366 -0.0207716 0.0145183 0.0324448 0.00415008 0.000567883 -0.00740263 0.0160282 0.0186358 0.00243851 -0.00313876 0.0044025 -0.00688052,800,0,cuda,39.45,48.59
test,1028,chihuahua_49,chihuahua,dog,correct,chihuahua,lime,10,0.999015,43,0.34939,0.878826,0.529436,0.085902,0.921455,0.189134,0.796299,,,-0.0050822 0.00805004 0.000808327 -0.00250226 0.00107772 0.00441189 0.013265 0.0104363 0.0533328 0.0202555 0.118368 -0.00545974 0.0135074 0.280549 0.604888 0.0183775 0.0133704 -0.0165555 -0.00207197 0.00790283 0.275978 7.29123e-05 0.0198217 0.102256 -0.00158517 0.000874632 -0.0092217 0.0508672 0.0340824 -0.0178054 -0.012051 0.0105454 0.015785 -0.0390501 -0.00763243 -0.0113442 -0.0035996 -0.0327628 -0.0183991 -0.00253463 0.0073237 -0.00140639 0.00746511,800,0,cuda,44.36,44.94
test,1163,Egyptian_Mau_83,Egyptian_Mau,cat,correct,Egyptian_Mau,lime,11,0.999979,35,0.68168,0.636834,-0.044847,0.429718,0.758525,0.477165,0.573048,,,0.00365081 -0.00974998 -0.0403791 0.124468 0.00809001 0.0242073 0.0270019 -0.0504613 0.110031 0.0640091 0.0449653 0.246452 0.253504 0.0384992 0.0605936 0.0594297 0.0359154 0.0260881 0.00784071 0.0318109 0.0862253 0.0894469 0.041326 -0.0112949 0.00607366 0.00892561 0.103698 0.0765644 0.124637 -0.0166349 0.037971 0.00358373 -0.0057248 0.022598 0.0102022,800,0,cuda,33.31,36.23
test,2511,pug_36,pug,dog,correct,pug,lime,25,0.999435,44,0.330118,0.729173,0.399055,0.067212,0.955509,0.213335,0.90349,,,0.0409856 0.044628 0.0291048 0.0278085 0.0735752 0.000965155 -0.00111876 0.0414969 -0.0140868 0.766385 0.0398613 0.00930073 0.00804941 0.0980605 0.116084 -0.0148573 -0.0185243 0.204873 -0.00258942 -0.00250887 0.00227079 -0.00418898 0.0301817 0.00503353 -0.0214426 -0.0104904 -0.00103975 -0.0184553 -0.00617929 -0.00959997 0.00504789 -0.0140107 0.0117597 0.00898139 -0.0156632 -0.00480383 -0.011332 -0.00660658 0.00637028 -0.0101282 -0.0140591 -0.0129899 0.00149494 0.0105117,800,0,cuda,38.92,40.25
test,3208,Siamese_27,Siamese,cat,correct,Siamese,lime,32,0.999973,31,0.622449,0.972182,0.349733,0.348259,0.911665,0.416965,0.554795,,,-0.0124322 0.0436145 0.00269152 0.0145335 0.00571738 0.0604614 0.0569526 0.0144733 0.00997393 0.195134 0.0109105 0.0744009 0.0223678 0.206667 0.0376187 0.0798011 0.0143621 0.107489 0.0105885 -0.0055125 0.00330093 0.0313994 0.0495492 0.00683009 0.0286142 0.00500513 -0.00812458 0.0426233 0.0021555 0.015276 0.0268585,800,0,cuda,46.67,51.85
test,3545,wheaten_terrier_79,wheaten_terrier,dog,correct,wheaten_terrier,lime,35,0.99828,33,0.796237,0.995765,0.199528,0.237323,0.847786,0.561464,0.595733,,,-0.00441744 0.00297559 0.0245295 0.00170552 0.00352133 0.0401485 0.163129 0.0457927 -0.00198307 0.0467859 0.167429 0.148528 0.0105238 0.00802866 0.191461 0.118688 0.0703362 0.0737047 0.0619826 0.0455833 0.00848697 0.171279 0.0118978 0.00749937 0.109746 0.054886 0.0077315 0.0104149 0.0473087 0.0459759 0.0525696 -0.00179244 -0.00830324,800,0,cuda,33.35,36.9
test,1541,great_pyrenees_63,great_pyrenees,dog,correct,great_pyrenees,lime,15,0.850518,30,0.138054,0.298363,0.160309,0.029577,0.799786,0.349146,0.739777,,,-0.0135822 -0.00653649 0.00377618 0.0559407 -0.0418805 -0.0133079 0.0264831 -0.0219555 0.0954778 0.14183 -0.000885425 0.00337671 0.00581812 0.0365342 0.432246 -0.00506813 0.0517681 0.0519054 0.0604376 -0.00202504 -0.0376916 -0.0170247 -0.0309707 -0.14639 -0.0261242 0.00851056 0.00956395 -0.0157937 -0.0602856 -0.0133247,800,0,cuda,33.54,40.11
test,2701,Russian_Blue_232,Russian_Blue,cat,correct,Russian_Blue,lime,7,0.65278,32,0.897541,0.94001,0.042469,0.405226,0.821079,0.559001,0.61144,,,0.0211779 0.00617845 0.0134633 0.01717 0.103735 0.0280352 0.159372 0.021364 0.0247263 -0.0123042 0.0986844 0.0325106 0.0962995 0.129544 0.043808 0.0151247 0.00193801 0.0144489 -0.000515781 0.0239266 0.0122943 -0.00470302 -0.00681264 -0.0101769 0.0289048 0.0212519 -0.0192974 0.0141014 -0.00867438 0.0145744 0.00365429 0.0131818,800,0,cuda,35.2,40.45
test,573,Bengal_78,Bengal,cat,correct,Bengal,lime,5,0.999772,38,0.727778,0.878321,0.150542,0.605105,0.949049,0.018385,0.18849,,,-0.000553878 0.00146741 -0.000547861 0.00157963 0.00155986 -0.0017343 -0.00123816 -2.42912e-05 -0.000542482 -0.000329626 0.000779814 0.00167717 -5.20872e-05 0.00200907 -0.00170989 0.00145551 0.00125159 0.000420359 -1.19298e-05 0.00574073 0.000818988 0.00111809 -0.00122672 0.00507871 0.000793712 0.00253718 5.66692e-05 0.000537273 0.00144235 0.0025309 0.00108692 0.000303944 0.0045233 0.000288047 0.00694951 0.00121574 0.00694015 0.001013,800,0,cuda,36.12,41.16
test,647,Birman_54,Birman,cat,correct,Birman,lime,6,0.932999,42,0.695611,0.997529,0.301917,0.120198,0.855648,0.542919,0.742602,,,0.0365909 0.0449216 0.0067709 0.0808593 0.0857458 0.0461833 -0.0158854 0.410133 0.247736 -0.000850606 0.14675 0.226687 0.118588 0.0436411 -0.00745515 0.117707 0.00486978 0.12865 0.152352 0.0692994 0.105295 0.0517374 -0.0472836 -0.0415067 0.00511711 -0.0102669 -0.0353673 -0.00320666 -0.0227612 -0.0102693 -0.0326897 -0.0148672 0.00531508 -0.00358935 -0.000627982 -0.0139677 -0.0173686 -0.0081629 0.00183203 -0.00979996 -0.022787 -0.000106502,800,0,cuda,45.6,61.23
test,595,Bengal_98,Bengal,cat,correct,Bengal,lime,5,0.999935,34,0.265047,0.746172,0.481125,0.355611,0.964737,0.195345,0.387639,,,-0.000624329 -0.000451732 0.0191903 0.000461017 0.00236303 0.0301123 0.00716742 0.0276747 0.0040097 -0.00646195 -0.00287152 0.0393168 0.0104649 0.0429195 0.0991464 0.00655726 0.0405956 0.00186559 0.0803068 0.161373 0.00619098 0.0030518 -0.00811126 -0.000334217 0.053782 0.00529677 0.00490753 -0.00352243 -0.0162345 0.002325 -0.0217949 0.00619444 0.00140588 -0.00979953,800,0,cuda,28.56,42.68
test,2938,samoyed_61,samoyed,dog,correct,samoyed,lime,29,0.993249,33,0.850147,0.990555,0.140408,0.237287,0.839445,0.343964,0.708195,,,-0.0203104 0.0153501 0.00953295 -0.00884631 0.0117188 0.00480255 -0.00208987 0.388639 0.0245288 -0.000701396 -0.0131502 0.0443307 0.00527004 0.120324 -0.0202794 -0.0183258 0.374986 0.121223 0.00565849 0.00625762 0.00180014 -0.00483169 0.00913559 0.0405684 0.0241943 0.0109149 0.0482231 0.0521933 -0.0206113 0.101953 0.00237585 0.0230044 -0.0185427,800,0,cuda,34.51,37.84
test,1251,english_cocker_spaniel_72,english_cocker_spaniel,dog,correct,english_cocker_spaniel,lime,12,0.999755,32,0.19322,0.471981,0.278761,0.072305,0.824833,0.014694,0.727629,,,0.0168595 0.121475 0.0592781 0.124762 0.163649 0.426506 -0.0117703 0.00610434 0.152068 -0.00147874 -0.00277004 0.0560631 0.242393 0.00469997 0.0417603 0.0878506 0.0317241 -0.010216 -0.0219081 0.0469404 -0.0123357 -0.0034114 -0.0121932 -0.0111478 0.0103968 -0.00700969 0.046578 -0.0102415 -0.0172376 0.00910187 -0.0340359 0.00686423,800,0,cuda,42.15,43.54
test,1558,great_pyrenees_79,great_pyrenees,dog,correct,great_pyrenees,lime,15,0.768072,41,0.683355,0.957583,0.274229,0.115008,0.834892,0.14953,0.590182,,,-0.056458 0.0219006 0.126609 0.0805846 0.034737 -0.00656784 0.216848 0.1282 0.101871 -0.0203505 0.152455 -0.00840518 -0.00273354 0.0153161 0.0678128 0.0432716 0.0987646 0.110796 0.0160003 -0.00241373 -0.0188316 -0.0200776 -0.0428306 0.00726556 0.0171943 0.0248895 0.0199145 0.0253365 -0.0804238 -0.0189558 0.0158172 0.0215739 -0.00169616 0.016212 0.0250939 -0.0177313 0.0220956 0.0230676 -0.046097 0.0265169 -0.0322898,800,0,cuda,36.14,44.53
test,1308,english_setter_33,english_setter,dog,wrong,german_shorthaired,lime,13,0.807241,41,0.152085,0.512495,0.36041,0.053164,0.82349,0.316038,0.627858,,,-0.00976501 0.00240356 -0.0122853 -0.0177936 0.016105 0.000561962 0.0143966 -0.00460452 0.0258182 0.00395144 0.0119962 0.0102759 -0.00572793 -0.00383243 0.0768157 -0.00134234 0.0193814 0.034038 0.0265405 0.0115813 0.010578 0.0939244 -0.00413583 0.00566633 -0.00411858 -0.00188697 0.0405287 -0.0562637 0.0151619 -0.00586219 0.00259323 -0.00912203 0.0057364 0.0352664 -0.0155309 -0.000583047 -0.00246979 0.00113378 0.301669 -0.00131688 0.00635407,800,0,cuda,24.82,25.39
test,470,beagle_75,beagle,dog,correct,beagle,lime,4,0.999939,37,0.813776,0.997126,0.18335,0.278528,0.937117,0.463531,0.635034,,,-0.00872639 0.0128084 -0.00819181 0.00810856 0.0182622 -0.00499413 0.0169725 0.035093 -0.0141312 -0.00148208 0.0273931 0.0906542 0.0333397 0.0251101 0.00897808 0.078778 0.139794 0.149281 0.0232578 0.325731 0.114663 0.0325684 -0.0232448 0.142859 0.252837 0.0439821 0.00910324 0.0814487 0.0163689 -0.0188784 -0.0054054 -0.0148883 -0.0098127 -0.0136013 0.00850089 -0.0289771 -0.0284614,800,0,cuda,24.12,28.0
test,800,boxer_22,boxer,dog,wrong,staffordshire_bull_terrier,lime,8,0.28598,38,0.452248,0.533374,0.081126,0.272825,0.77159,0.721029,0.424278,,,0.0706952 -0.0494517 0.0132041 0.00974285 0.114076 -0.0172487 0.0542867 0.121749 0.0234741 0.00905828 0.0917619 -0.00714911 0.0197468 -0.0817291 -0.000648918 0.000524441 0.0402136 0.0637117 0.0678335 0.0452471 -0.00323053 0.0661989 0.0395867 0.11222 0.012364 0.0792932 0.047773 0.0325025 0.0292003 0.0103735 0.0452279 -0.00196154 -0.00270335 -0.0251096 0.0224735 0.00997211 -0.000129617 -0.0145576,800,0,cuda,35.88,37.71
test,281,american_pit_bull_terrier_84,american_pit_bull_terrier,dog,wrong,german_shorthaired,lime,2,0.775828,30,0.625717,0.997973,0.372255,0.033351,0.730368,0.286617,0.737571,,,0.0147602 -0.0402751 0.0587633 0.00346905 0.087779 0.0356636 -0.00922175 0.00604769 0.251656 0.118357 -0.106454 0.0014935 -0.0204116 0.0503753 -0.00327799 -0.00989179 0.00541079 0.00187927 -0.00076837 0.233337 0.00334074 -0.0142292 -0.0184244 0.0028508 -0.00456512 0.00239892 0.00316856 -0.0700373 -0.020661 -0.0110503,800,0,cuda,27.23,43.98
test,932,British_Shorthair_45,British_Shorthair,cat,correct,British_Shorthair,lime,9,0.998751,31,0.587512,0.943812,0.3563,0.200391,0.868434,0.393562,0.694855,,,-0.0336241 -0.0265469 0.0441517 0.0414035 -0.00395919 0.0539653 0.089088 -0.000469847 -0.0133081 0.0956978 0.0590759 0.0154316 0.328882 0.0774212 0.173624 0.0394948 0.0469538 0.324525 -0.0054135 0.0630981 0.0203245 -0.000587891 0.0104302 0.05969 0.0172972 0.00910003 0.119258 -0.0103278 -1.11479e-05 0.0326263 0.0405786,800,0,cuda,22.51,30.99
test,732,Bombay_47,Bombay,cat,correct,Bombay,lime,7,0.999799,35,0.314493,0.529592,0.215099,0.092306,0.971416,0.065439,0.950109,,,0.0143185 -0.00471608 -0.00277975 -0.00668517 -0.0110071 0.00337593 0.0104792 0.0204972 -0.00258832 0.788052 0.0208502 -0.00898681 0.10569 0.036034 0.0350621 0.00119434 -0.00520534 -0.0116891 0.00978296 -0.00891607 0.0215347 -0.00274238 -0.010563 -0.00755263 -0.00360759 0.0210132 0.00834571 0.00248856 0.00136189 -0.0119866 -0.0280397 -0.00958326 -0.0113183 -0.0045725 -0.00855686,800,0,cuda,40.89,44.16
test,2763,Russian_Blue_84,Russian_Blue,cat,correct,Russian_Blue,lime,27,0.990404,42,0.634985,0.828981,0.193997,0.199923,0.840458,0.071623,0.685215,,,0.0297981 0.00777025 0.0667559 0.0156384 0.0887163 0.00748742 0.0703993 0.00438075 0.00828765 0.158236 0.0126838 0.0108035 -0.011556 2.25858e-05 0.0220814 0.0605257 -0.0208301 0.0220472 -0.0827017 -0.041028 0.0829416 -0.0220094 0.229466 0.0167214 0.0455698 -0.00720607 0.0729674 0.0268599 -0.0119226 0.0270695 0.185763 0.0461861 0.0103246 0.0391838 0.0513051 0.0326778 0.0256097 0.0331051 0.017039 0.033818 0.0123347 0.00496488,800,0,cuda,52.84,53.5
test,2880,saint_bernard_9,saint_bernard,dog,correct,saint_bernard,lime,28,0.998736,29,0.592554,0.991783,0.399229,0.196874,0.923656,0.374684,0.741509,,,0.0375284 -0.000809096 0.142754 0.0307295 0.106715 0.257594 0.0114818 -0.00762415 0.140466 0.0448161 0.514317 -0.000980313 0.119276 -0.0159763 -0.0142212 0.0520397 0.0344906 0.0230211 0.0639357 -0.0145242 0.0149011 0.0348842 -0.0294032 -0.00753927 -0.0135641 0.0048905 0.0397876 0.0203931 0.000246345,800,0,cuda,19.02,22.52
test,2999,scottish_terrier_27,scottish_terrier,dog,correct,scottish_terrier,lime,30,0.993753,35,0.201092,0.814308,0.613216,0.044094,0.928454,0.035348,0.79459,,,7.54072e-05 0.0110531 -0.0175477 -0.0014509 0.0151487 0.00516167 -0.00825679 -0.00308437 -0.00466339 0.0342282 -0.00589378 0.0109554 0.00430076 -0.0399976 0.646485 0.00466475 0.0186496 0.00222479 -0.00609616 0.0081004 0.257214 0.223813 -0.00132364 0.00387761 -0.0250749 -0.0156103 0.0288193 -0.00256712 -0.0326168 -0.0112652 0.023674 0.021354 -0.0224177 0.0255956 0.00306448,800,0,cuda,43.34,45.88
test,3344,Sphynx_57,Sphynx,cat,wrong,Abyssinian,lime,10,0.553781,39,0.115035,0.477071,0.362036,0.012841,0.711556,0.338131,0.574915,,,0.0109739 0.0195636 -0.00588243 -0.00235114 -0.000452929 0.00165901 -0.0216332 0.0197177 0.00248701 0.00894887 -0.0132746 -0.00868002 0.00901638 -0.0203048 0.228472 0.00170836 0.0257443 -0.0117977 -0.00728453 0.0177056 -0.0107353 -0.0305811 0.216304 -0.0210591 -0.00480712 -0.00679935 -0.0278687 -0.0114564 -0.00345073 0.0154817 -0.0311997 -0.0284837 -0.0195154 -0.00301502 -0.0106322 -0.0166918 -0.0147599 -0.0164174 -0.0149131,800,0,cuda,33.17,49.69
test,1144,Egyptian_Mau_61,Egyptian_Mau,cat,correct,Egyptian_Mau,lime,11,0.9992,36,0.399235,0.966678,0.567444,0.258795,0.946885,0.226816,0.574471,,,-0.0141849 -0.0246053 -0.00953783 -0.0247014 -0.0050861 -0.0105969 -0.0267933 -0.00645204 0.0103123 0.000658226 0.000640817 -0.0178945 0.00425376 0.0361016 -0.00663478 -0.0172641 0.0106987 -0.0158257 0.00842716 -0.0268131 -0.0096417 0.0561099 0.00385152 0.0104467 -5.5853e-05 0.00647143 0.0303976 0.0451474 0.19718 0.166025 0.0784187 -0.0120652 0.107766 0.292284 -0.00316393 -0.0135391,800,0,cuda,34.0,35.0
test,1617,havanese_41,havanese,dog,correct,havanese,lime,16,0.965941,37,0.331673,0.348053,0.01638,0.091765,0.702663,0.474628,0.515475,,,0.00772246 0.0200638 0.0164642 0.00228986 0.0106343 0.145224 0.00219325 0.093463 0.137383 0.0154575 0.107536 0.0266179 0.0205936 -0.00751736 0.101904 -0.00361609 0.00679784 0.12981 0.00334637 0.0228839 0.00223953 0.0100305 -0.0323475 -0.0604509 -0.00489698 0.0337014 -0.0286566 -0.0137882 0.017459 0.00815261 -0.0295359 -0.0119988 -0.00631407 0.0249939 0.00236097 0.00920196 -0.00480677,800,0,cuda,37.03,50.28
test,3085,shiba_inu_204,shiba_inu,dog,correct,shiba_inu,lime,31,0.939459,37,0.201849,0.361041,0.159191,0.061804,0.844148,0.356433,0.589044,,,-0.00380591 0.0103441 0.0339388 0.00526163 -0.0123837 0.0100403 0.00284411 -0.0233954 0.0236435 0.0167557 -0.014408 0.207838 -0.000504387 -0.111557 0.0149399 0.13986 0.218756 0.225337 -0.010401 -0.0258362 0.0418606 -0.0286764 -0.0347275 0.000485732 0.00055827 -0.0505711 -0.018552 0.0767425 0.00675915 -0.0146269 -0.0274218 -0.00237649 0.00375005 0.00852022 0.0127995 -0.00360987 -0.00311885,800,0,cuda,39.31,44.21
test,3285,Sphynx_222,Sphynx,cat,correct,Sphynx,lime,33,0.98706,33,0.699817,0.614579,-0.085238,0.306456,0.600453,0.017845,0.647402,,,0.068493 0.136819 0.0958567 0.0819963 0.103079 0.00797566 0.052785 0.0117285 0.0495586 0.0928875 0.029137 0.0234702 0.114946 0.0367482 0.0273836 0.0232168 0.0830786 0.0522723 0.0689174 0.0289462 0.00381028 0.0167744 0.108178 -0.000818443 0.0375188 0.0303413 0.00555118 0.00873876 0.0265847 0.011837 0.0191918 0.05938 0.00531104,800,0,cuda,49.92,55.94
test,2503,pug_29,pug,dog,correct,pug,lime,25,0.999848,38,0.679967,0.996386,0.316419,0.211344,0.819405,0.592298,0.714206,,,0.0193697 0.0141603 0.134792 0.161166 0.0936379 0.0247717 0.0488534 0.0632428 0.0258914 -0.0231687 0.214436 0.0781002 0.0513962 0.0386358 0.0467808 0.010955 0.219436 0.0203123 0.0151615 0.0648306 0.150534 0.00311586 0.415897 0.0599434 0.0296136 -0.0024537 -0.00806203 0.0335159 -0.00200109 0.0150375 0.0149713 -0.0179487 -0.0194071 0.0179234 -0.00993471 -0.0277383 0.00294542 -0.0318942,800,0,cuda,45.11,54.86
test,584,Bengal_88,Bengal,cat,correct,Bengal,lime,5,0.999167,37,0.373286,0.978553,0.605267,0.210908,0.91792,0.187142,0.630713,,,-0.0280247 -0.0015863 -0.00730581 0.0791653 -0.00244195 -0.00320824 -0.00325936 0.00337985 0.0517686 -0.0197133 0.0296128 0.0176243 0.118895 0.0604809 0.00356994 0.00363681 -0.0749805 0.188529 -0.00363681 0.1342 0.194037 0.0302986 0.00444085 0.00775824 0.0949458 -0.0310356 0.0263249 0.0252454 0.0145815 -0.00253503 -0.00790854 -0.00542705 -0.0236919 -0.0192427 -0.00156631 -0.0163973 -0.000365883,800,0,cuda,23.89,30.98
test,2195,newfoundland_22,newfoundland,dog,correct,newfoundland,lime,22,0.7418,36,0.181063,0.597929,0.416866,0.153956,0.77621,0.053603,0.615291,,,0.0113814 0.00551302 0.0654867 -0.00107965 0.0575039 0.142676 0.103276 0.000203146 0.112302 0.0306881 0.0240921 -0.0335078 -0.00803392 0.186245 0.00139956 -0.00594642 0.140552 0.00399487 0.0223964 -0.00106149 0.0172424 0.0182006 -0.0100207 0.0108487 -0.0110566 0.00181093 0.0011975 -0.00965046 -0.00308853 0.00910434 0.000248207 -0.0123031 -0.00940771 0.0159473 0.00792907 -0.0147818,800,0,cuda,35.96,39.11
test,160,american_bulldog_65,american_bulldog,dog,correct,american_bulldog,lime,1,0.869679,41,0.253607,0.42184,0.168232,0.049967,0.886764,0.151935,0.740084,,,-0.0163085 -0.0489436 -0.00649033 0.295343 -0.0173986 -0.00633363 -0.00613098 0.0170249 -0.00307683 -0.0321454 0.335587 0.0337553 0.0185498 -0.0296905 0.24562 -0.0446111 0.0160204 -0.0147665 0.00191989 0.00939905 0.0385286 0.0274305 0.00735244 0.175256 0.00785495 0.110462 -0.0130092 0.00849919 0.0974458 0.00841237 0.0237656 -0.00278225 0.0152453 -0.0193015 0.00900068 0.0343786 -0.00780514 0.0181328 0.00697379 0.0041031 0.00553028,800,0,cuda,40.39,55.27
test,1111,Egyptian_Mau_27,Egyptian_Mau,cat,correct,Egyptian_Mau,lime,11,0.998292,36,0.493304,0.895872,0.402568,0.305033,0.928378,0.293517,0.673118,,,0.0295816 0.0114787 -0.00946557 0.00707401 -0.025851 -0.0192357 0.0237959 0.0168183 0.0513786 0.0408568 0.0120236 -0.00305942 -0.0219053 -0.00726171 0.0450394 -0.0129685 -0.0117049 0.119358 -0.00412511 -0.00666377 0.124378 0.0443209 0.00798541 0.0836268 0.399872 0.0155425 -0.0113303 0.0289595 0.00486353 -0.0132004 0.0172989 0.0157654 0.155321 -0.0177222 -0.0109413 0.0352034,800,0,cuda,31.25,43.86
test,2798,saint_bernard_25,saint_bernard,dog,wrong,english_setter,lime,28,0.990298,36,0.058016,0.261706,0.203691,0.04529,0.900334,0.189421,0.682023,,,-0.0436963 -0.024733 0.0057991 -0.000923995 -0.0105388 -0.00209934 -0.00113109 0.305499 -0.028597 0.0198429 0.0960933 0.0192631 0.126563 0.000245242 0.0189268 0.389631 0.134532 0.000429556 0.0224028 0.000225405 0.00983768 -0.0133245 0.00662242 0.00709755 0.0359997 -0.0168845 -0.000729807 0.0172509 -0.0235394 -0.00357086 -0.0110784 -0.0129587 0.00265162 0.034359 -0.0053157 0.000130544,800,0,cuda,54.0,63.24
test,1915,leonberger_40,leonberger,dog,correct,leonberger,lime,19,0.999534,37,0.642698,0.989871,0.347173,0.331795,0.944847,0.391963,0.453977,,,0.0623233 0.091542 0.0382293 0.0200956 0.0910715 0.0313714 0.163727 0.033453 0.0318531 0.0547315 0.0203596 0.0996413 0.000560001 0.0179624 0.027471 0.0500952 0.0384244 0.0581675 0.0273407 0.00487488 -0.00361964 0.0256184 -0.00130348 0.0282656 0.00918225 0.01554 0.0153586 0.0119738 0.0297871 -0.000713701 -0.0177944 0.00349618 -0.00461675 -0.021151 -0.0131963 -0.0206745 -0.00798981,800,0,cuda,54.25,60.44
test,3165,shiba_inu_87,shiba_inu,dog,correct,shiba_inu,lime,31,0.999031,30,0.413724,0.971846,0.558122,0.15056,0.947938,0.28101,0.839437,,,-0.00596531 0.0120491 -0.0187954 -0.00416733 -0.0159616 -0.00362196 0.00513379 -0.00498529 0.00459616 0.638963 -0.00544857 0.0501365 0.0485686 0.0567413 -0.0144408 0.136395 0.015252 0.0309581 0.0152916 0.0660405 -0.0231009 0.193923 0.00454013 0.0261186 -0.0265526 -0.00185865 0.0164539 0.00875284 0.0299019 0.0249845,800,0,cuda,36.04,36.96
test,859,boxer_76,boxer,dog,correct,boxer,lime,8,0.751695,36,0.317702,0.289975,-0.027726,0.146563,0.776567,0.35504,0.729286,,,0.00112103 0.174825 0.0508648 -0.00654699 0.139224 0.0850246 0.393382 0.103713 0.00566301 0.0976063 0.0263753 0.00206656 0.00321939 0.0108944 -0.00276854 0.00437898 0.0484992 -0.0231773 0.00391733 0.0483674 -0.0208014 0.0137957 0.0386698 0.00877059 -0.00315882 0.00988335 -0.00806549 0.00597718 0.024009 0.0477938 0.00408505 -0.00786719 -0.00369767 0.0754535 0.0207791 0.0256149,800,0,cuda,37.39,39.83
test,952,British_Shorthair_65,British_Shorthair,cat,correct,British_Shorthair,lime,9,0.999849,33,0.512775,0.976527,0.463752,0.351102,0.891277,0.402637,0.675037,,,0.015576 -0.00915232 0.0069681 0.0511281 0.00299872 0.0305869 -0.00559925 0.0122758 0.0332179 -0.0102156 0.0177784 -0.00014731 0.0134401 0.124992 0.277576 0.0625427 0.000651038 0.0314084 0.169357 0.0858813 -0.0101762 0.151499 0.05125 0.0132541 0.0177922 0.00595129 0.052054 0.0356365 0.0133039 0.0419079 0.0297833 -0.00668723 0.0231656,800,0,cuda,56.64,60.29
test,3352,Sphynx_70,Sphynx,cat,correct,Sphynx,lime,33,0.978661,37,0.242267,0.483426,0.241159,0.118198,0.735683,0.202508,0.75886,,,0.0297232 0.102722 0.0441896 -0.00643511 0.0753955 0.0253326 -0.0194785 0.254315 0.0419161 0.000228867 -0.00589548 0.0844773 0.145814 0.324218 0.0276912 0.00706002 0.0817955 0.0356618 -0.0396797 -0.016884 0.171699 0.0165017 -0.00839201 0.0351515 0.045812 -0.00347631 0.0148201 0.0143046 -0.00833454 0.00437867 0.00371964 0.00943817 0.00787205 0.00602719 -0.0151239 0.000703131 0.00207797,800,0,cuda,30.91,45.43
test,1331,english_setter_54,english_setter,dog,correct,english_setter,lime,13,0.999986,35,0.947943,0.995362,0.047418,0.198431,0.864774,0.444777,0.435591,,,0.00224135 0.00795129 0.00730799 0.0495135 0.101434 0.0563602 0.0974369 -0.0157602 0.140419 0.0565336 0.12406 0.0831021 0.0496731 0.0639674 0.093679 0.0292322 0.0156779 0.117693 0.0636252 -0.00813804 -0.016066 0.0133902 0.0297089 0.0092763 -0.013818 -0.0128806 0.0285922 -0.00294826 0.0140151 0.0097689 -0.00663656 0.00606984 -0.00757364 -0.0115465 -0.0188888,800,0,cuda,26.77,28.13
test,1219,english_cocker_spaniel_43,english_cocker_spaniel,dog,correct,english_cocker_spaniel,lime,12,0.999991,46,0.38931,0.989794,0.600485,0.167169,0.874045,0.544556,0.678226,,,0.0302394 -0.0121075 -0.0137647 -0.00587142 0.0396172 0.0293163 0.0244193 -0.021689 -0.00158121 -0.0185735 0.0185098 -0.00861171 0.00222321 0.109 0.0664046 0.245618 0.0187718 0.0152069 0.0210419 0.0164012 0.0273968 -0.0324079 0.0208734 0.151825 -0.0108238 0.00116325 0.257996 0.309123 0.00561123 0.00161117 0.138653 0.0865159 0.231706 -0.00958549 0.00770027 0.0548521 0.16425 0.23859 0.0175506 0.0269932 -0.00398122 -0.0227776 0.0305553 0.0530619 0.0177746 -0.0187653,800,0,cuda,43.82,45.11
test,1215,english_cocker_spaniel_3,english_cocker_spaniel,dog,correct,english_cocker_spaniel,lime,12,0.999997,50,0.437301,0.812283,0.374982,0.178193,0.906352,0.552769,0.74049,,,0.00638868 0.0236389 -0.00774256 0.0276991 0.0918311 0.0231968 -0.0108566 -0.00567867 -0.0487927 0.116276 0.0473693 -0.0116801 0.0628934 -0.019837 -0.0184476 0.370515 -0.0472765 0.0156656 0.332759 -0.00520015 0.426214 0.00220414 0.061189 -0.0287032 0.102935 0.120662 -0.0111042 -0.0128715 0.00513088 0.020721 0.0337336 0.035013 -0.0132374 0.00741704 0.0583605 5.14669e-05 0.0192754 0.0130519 0.0459343 -0.00294248 0.00996594 0.0131055 -0.010361 -0.00300213 0.0189884 0.0310681 0.0140321 0.0289207 0.000825891 0.0274971,800,0,cuda,45.43,50.9
test,2676,Ragdoll_96,Ragdoll,cat,correct,Ragdoll,lime,26,0.999995,43,0.330357,0.676847,0.34649,0.209084,0.860097,0.231463,0.828035,,,0.0301726 0.037285 0.0187179 0.012929 0.0539993 0.0523589 -0.0108124 0.0045384 0.0359615 0.0887336 0.273402 -0.00720957 0.0028102 0.0257552 -0.0155208 0.0257253 0.645035 0.0416096 0.0425376 0.0244856 0.01033 0.0494999 0.00635888 0.057966 0.0112577 0.0322307 0.0050552 0.024004 0.0224756 -0.0135437 0.00166603 0.0146199 -0.0339328 -0.0012742 -0.00927651 0.0205494 0.0250721 0.0104989 -0.00196478 0.00363611 -0.0184309 0.0405847 0.0608264,800,0,cuda,37.15,44.0
test,606,Birman_19,Birman,cat,correct,Birman,lime,6,0.903255,32,0.4658,0.985923,0.520123,0.222219,0.938871,0.275139,0.637438,,,-0.0215185 0.0638925 0.00208945 -0.0238332 0.0449402 0.0377987 0.0116155 0.275014 0.150104 -0.0308713 0.0314543 0.233644 0.0886442 0.0297738 0.116164 0.0748271 0.0201205 -0.009629 -0.0310038 0.0495603 0.060869 0.00339866 -0.00938625 -0.0272307 -0.0694494 0.0246912 -0.00130611 0.0451786 -0.008062 -0.0159203 0.036432 -0.0154726,800,0,cuda,36.18,49.16
test,164,american_bulldog_69,american_bulldog,dog,correct,american_bulldog,lime,1,0.590935,48,0.50568,0.636343,0.130663,0.036742,0.681586,0.045191,0.515758,,,0.0235874 0.0231426 -0.0233847 0.0937412 0.0175686 -0.000399784 0.0204614 0.000245931 0.089554 0.0290439 0.0575919 -0.00628385 0.00288503 0.0228958 0.0391101 0.0582846 0.0735017 0.114519 -0.075817 -0.013639 -0.0321414 -0.00653458 -0.00103125 -0.00355392 0.0177108 0.0722026 0.00313081 0.0655371 0.0135983 0.00780261 0.0188961 -0.015207 0.0486623 0.0179675 0.0164064 -0.00210603 0.0307423 -0.00707924 0.00665563 0.0127346 -0.00397411 0.00131473 -0.00624702 -0.0128104 -0.00337924 -0.00436696 0.00499153 -0.00671833,800,0,cuda,33.88,37.31
test,2154,miniature_pinscher_76,miniature_pinscher,dog,wrong,boxer,lime,21,0.358543,41,0.106724,0.367316,0.260592,0.012651,0.38264,0.194682,0.549058,,,-0.00336928 0.0109508 0.00608295 0.0065816 -0.00115081 0.00329015 0.00654036 0.00374913 0.00726488 -0.0020753 -0.00980197 0.00565834 0.0181853 0.0485522 -0.00238738 0.00406459 -0.0123048 0.0333762 -0.00196778 0.00482017 -0.00138727 -0.00221983 0.00115259 0.00436023 0.0725353 0.0148491 0.000862203 0.0028882 0.00208494 0.0235506 0.00441497 0.000677778 -0.00150271 0.0182092 -0.00977639 -0.0224654 -0.010635 -0.0046151 0.00371945 -0.000757349 0.000566073,800,0,cuda,32.32,38.37
test,1040,chihuahua_5,chihuahua,dog,correct,chihuahua,lime,10,0.998853,31,0.699976,0.840761,0.140785,0.082723,0.854995,0.023838,0.954029,,,0.057156 -0.00608592 0.00546508 -0.00262751 -0.00192331 0.0194055 0.000623491 0.0577278 0.00339626 -0.00364378 -0.00242955 0.836962 -0.0116178 -0.0114859 0.0261546 0.0230096 0.0433946 0.0775939 0.0431353 -0.01442 -0.0114118 -0.000948484 -0.0357705 0.0458846 0.0106178 0.0481987 0.00160235 0.00646451 -0.0116778 -0.00176236 -0.00604894,800,0,cuda,23.36,28.07
test,1978,leonberger_98,leonberger,dog,correct,leonberger,lime,19,0.999494,36,0.246572,0.694752,0.44818,0.173755,0.878669,0.442438,0.704292,,,0.0393669 0.044416 0.0539211 -0.00156339 0.159761 0.013171 0.232268 0.23468 0.00921354 0.0286068 0.455715 -0.0134669 0.0353537 0.0625001 0.181898 0.160861 0.00276938 0.051913 0.124712 -0.0144428 -0.00805669 0.0123578 0.0566986 0.0252114 -0.0688656 -0.00580139 0.0213284 0.0569308 0.0526127 0.0331887 -0.00900075 -0.00396565 0.035677 0.0226267 -0.000762879 -0.00134409,800,0,cuda,49.81,51.27
test,2665,Ragdoll_86,Ragdoll,cat,wrong,Birman,lime,6,0.533121,33,0.72447,1.0,0.27553,0.111618,0.839976,0.582424,0.65776,,,0.015931 0.00575744 0.305605 -0.0224505 0.0572688 -0.0428375 0.00571828 0.00985909 0.0932515 -0.050584 -0.00541007 0.0272804 -0.0500465 -0.00171991 0.313413 0.106843 -0.0130632 0.0278042 -0.00625335 -0.0140321 -0.0003539 0.145795 0.0151244 0.0445506 0.0698839 -0.0127026 0.0362926 -0.011333 -0.00296307 -0.00535111 -0.0155005 -0.0299846 0.0322268,800,0,cuda,30.88,31.58
test,3513,wheaten_terrier_4,wheaten_terrier,dog,correct,wheaten_terrier,lime,35,0.996952,36,0.716618,0.993629,0.277011,0.363766,0.937956,0.395411,0.679413,,,0.0192189 -0.030339 0.0987067 0.00454579 -0.0102931 0.0219181 -0.00881563 0.113844 0.282879 0.0856557 -0.010195 0.124787 0.26304 0.0183576 0.182382 0.00322605 0.0201227 0.004315 0.0226763 0.00842607 0.024831 -0.00283169 0.0426221 0.00453182 0.0167509 0.00983773 0.0274975 -0.0146751 0.0936621 0.0560286 0.0251204 0.0119504 0.0269154 0.0127982 -0.00829577 0.0139984,800,0,cuda,30.25,32.77
test,329,basset_hound_38,basset_hound,dog,correct,basset_hound,lime,3,0.902292,31,0.601084,0.980652,0.379568,0.054392,0.804053,0.136501,0.624839,,,0.00731723 -0.0182729 0.00879706 0.106664 -0.073772 0.06248 0.0499571 -0.0376675 -0.0464058 0.28442 0.0243783 0.0238139 0.379779 0.0959558 -0.148385 -0.0648635 0.0171204 0.0248842 0.0221109 0.0208268 0.0193454 0.0158266 0.0134362 -0.0341248 0.0674461 -0.00224341 -0.0159925 -0.00588693 0.0048379 0.00716311 -0.00896322,800,0,cuda,37.44,40.32
test,2011,Maine_Coon_27,Maine_Coon,cat,correct,Maine_Coon,lime,20,0.985184,37,0.310467,0.969827,0.65936,0.218848,0.94735,0.208186,0.653244,,,0.0166976 -0.00335467 -0.0365017 -0.0277991 0.0139364 -0.0112456 0.0179887 0.0023546 -0.0284901 -0.00580916 -0.00440453 0.0110093 0.00707144 -0.00650925 -0.0252287 0.00342689 0.0637921 0.13845 0.023203 0.0803902 0.0292816 0.179157 0.032058 0.297295 -0.00526591 -0.0111152 -0.0049187 0.00733339 -0.019686 0.00142033 0.0199311 -0.00604968 -0.0089354 0.00781897 0.0165506 -0.000281944 -0.0124979,800,0,cuda,18.04,19.18
test,2528,pug_51,pug,dog,correct,pug,lime,25,0.999184,33,0.791036,0.761058,-0.029978,0.222272,0.893296,0.468141,0.705158,,,-0.0205171 0.119233 0.179509 0.161402 -0.0328629 0.377058 0.143291 -0.0390472 0.178276 0.0691257 0.0338501 -0.00690581 0.0460064 0.00398068 0.00823813 0.0384558 0.111914 -0.0183087 0.0749121 0.0292528 0.0184038 -0.00701992 0.0467673 -0.0502657 0.0252209 0.0456597 0.0020467 0.0220174 -0.0115363 -0.00324146 -0.00113517 -0.005718 0.00249183,800,0,cuda,35.36,46.26
test,2546,pug_68,pug,dog,correct,pug,lime,25,0.992431,35,0.101264,0.424892,0.323629,0.038196,0.893842,0.213143,0.655952,,,0.0156701 0.00993481 -0.00580673 0.0391757 -0.0350289 -0.00323604 0.00430194 0.0994835 0.0149011 0.00267982 0.0134733 0.315723 0.0180702 0.0400097 0.000821874 0.0226299 0.147211 -0.00337975 0.00710994 0.0157465 -0.000980418 0.289533 0.0956053 0.0250846 0.00754601 0.0717247 0.00222444 -0.000395231 -0.01583 0.0563375 -0.011909 -0.00541572 -0.000601767 -0.0141541 -0.00331568,800,0,cuda,24.68,29.14
test,3534,wheaten_terrier_69,wheaten_terrier,dog,correct,wheaten_terrier,lime,35,0.904453,38,0.096979,0.460201,0.363223,0.049186,0.781691,0.343767,0.596468,,,0.0187913 -0.00229704 0.0466848 -0.0194052 -0.0277574 -0.000738239 0.0112466 -0.0234744 0.00454603 -0.0199364 0.0121456 0.0357984 -0.0246278 0.0158854 0.00115244 0.00371226 -0.00024932 0.0216914 0.0316799 0.0988572 0.0579188 0.00747984 0.0862529 0.245814 -0.00802377 0.00586877 0.0993977 -0.0156746 0.00102278 0.0165104 0.0591097 -0.00461196 0.0119867 0.00680455 0.00443017 0.0929741 -0.0115003 0.0145539,800,0,cuda,36.73,41.13
test,1429,german_shorthaired_52,german_shorthaired,dog,correct,german_shorthaired,lime,14,0.99935,42,0.350706,0.84289,0.492184,0.441758,0.924863,0.391584,0.682129,,,0.0148837 0.0502343 0.0366876 0.00603043 0.0061013 0.00264624 0.125901 0.0729044 0.179825 0.171424 0.016613 0.00716168 0.0453486 0.229948 0.0453514 0.00275092 0.0113593 0.00507412 0.0215435 0.00462511 -0.00797657 0.00925532 0.0149904 0.0225282 -0.00445487 0.005364 0.0163359 -0.00404397 -0.0035568 -0.000872273 0.00619189 -0.00879612 -0.0058552 0.00471998 -0.00506883 0.00873257 -0.013796 0.00631149 0.0206095 0.0139647 0.0157748 -0.00450424,800,0,cuda,51.24,58.66
test,3391,staffordshire_bull_terrier_29,staffordshire_bull_terrier,dog,wrong,american_bulldog,lime,1,0.972443,37,0.100785,0.569135,0.46835,0.066954,0.862645,0.127167,0.820374,,,0.0211529 -0.00560022 0.00248407 0.00251756 0.0119667 0.0125503 -0.00627551 0.0045875 -0.000436076 0.00491189 -0.0232059 0.531478 0.0737631 0.0538003 0.00350397 -0.0216315 -0.0142253 -0.00602897 0.074963 0.00751248 0.0662524 0.290448 0.00106383 0.181244 0.0255341 0.0159854 -0.00468523 0.00539836 0.0788012 -0.00519158 0.0332052 0.0220347 0.0067689 0.0298523 0.0217037 -0.026838 -0.0104582,800,0,cuda,42.76,57.21
test,2141,miniature_pinscher_64,miniature_pinscher,dog,correct,miniature_pinscher,lime,21,0.892873,37,0.578982,0.992124,0.413142,0.190497,0.909627,0.319796,0.660627,,,0.0195607 -0.00241697 -0.00781608 0.0229008 0.119564 -0.00836131 -0.0443278 0.0127866 0.0527844 0.256837 0.0243463 -0.00947446 -0.0189184 -0.0275957 0.00816796 -0.0234108 0.0404828 0.0156953 0.129068 0.103499 0.0158127 -0.0107021 0.0780223 -0.00941009 -0.0124236 0.00583256 0.0723123 0.0126198 -0.00982534 0.156735 -0.0148027 0.0487654 0.00723858 -0.0396718 -0.0231982 0.000270916 0.0121082,800,0,cuda,34.83,45.03
test,809,boxer_30,boxer,dog,correct,boxer,lime,1,0.898305,46,0.329321,0.697422,0.368102,0.029393,0.837635,0.192233,0.704255,,,-0.000371378 0.199475 -0.00332025 -0.000622686 0.00416135 -0.00302311 -0.0114882 -0.00714248 -0.0244083 -0.00396214 -0.00824106 0.00498386 0.0922116 0.0425698 0.298457 -0.0105946 0.0231752 -0.00204191 0.00554963 0.0133216 0.0231787 -0.0132084 0.131021 -0.00041658 -0.0159439 0.113374 0.0120485 -0.0280293 -0.0282351 0.128554 -0.00705431 0.017915 0.00357294 0.0171066 0.042485 -0.0172051 0.036509 -0.016843 -0.0237777 0.00784966 -0.00349596 -0.0114679 0.00647446 -0.0109584 0.00725004 -0.00511107,800,0,cuda,36.03,45.55
test,433,beagle_41,beagle,dog,correct,beagle,lime,4,0.999811,31,0.547732,0.992294,0.444562,0.361494,0.967328,0.306715,0.42278,,,0.00785163 0.00568548 0.00847295 0.0186518 0.0112042 0.0584418 0.0672507 0.0168987 -0.00481725 0.0193694 -0.0135082 0.0498043 0.0114747 0.157336 0.0108836 0.12176 0.0514592 0.0161742 -0.00504815 0.0336199 -0.0105337 0.0224188 0.0391147 0.000441106 0.0342884 0.0172823 0.0201442 0.0218176 0.00679448 0.00585883 0.00576839,800,0,cuda,39.84,46.21
test,1107,Egyptian_Mau_22,Egyptian_Mau,cat,correct,Egyptian_Mau,lime,11,0.99315,35,0.447266,0.928047,0.480781,0.205021,0.913316,0.293305,0.573865,,,0.0189932 -0.0425688 -0.00722169 0.00334294 0.0301246 0.0189215 -0.0220004 0.023867 0.0640347 0.0950635 0.0476829 0.00270669 0.0029151 0.0707962 0.16445 0.0943264 0.102421 0.0975003 0.0379027 -0.00385909 -0.0269128 0.0204376 0.202027 0.0310496 -0.00383905 0.127549 -0.00678836 0.00907376 -0.00779144 0.0089164 0.0339571 0.0452983 -0.0136631 0.00465933 0.00192213,800,0,cuda,55.3,60.84
test,2091,miniature_pinscher_1,miniature_pinscher,dog,correct,miniature_pinscher,lime,21,0.96698,36,0.229412,0.895534,0.666121,0.072844,0.894845,0.008251,0.807688,,,0.00232668 0.00227669 -0.0245906 0.00476179 0.0219836 -0.0181429 -0.0128865 -0.0207475 0.0339787 -0.00409987 0.0346086 0.0132362 0.0122164 -0.0150107 0.0745905 0.0111854 0.012242 0.295391 0.00339565 -0.0281696 0.0168171 0.00438029 -0.0670006 0.51839 -0.0627926 -0.0219434 0.0678213 0.0825924 0.0809342 0.00388754 0.0373918 0.0665744 0.00656228 -0.0052016 0.00171357 -0.00863266,800,0,cuda,47.33,50.85
test,860,boxer_77,boxer,dog,correct,boxer,lime,8,0.992414,35,0.571508,0.977891,0.406383,0.193968,0.766814,0.165799,0.749488,,,0.0360276 0.0189373 0.0430421 0.0370921 0.0542517 0.161738 0.0872575 0.0376528 0.138023 0.0124921 0.0778443 0.0278587 0.00663854 -0.0172862 0.148389 0.0856191 0.00977226 0.327878 0.00364294 0.0552739 0.0121456 0.0365713 0.0178497 0.0124331 0.00857724 0.0750601 0.0424575 0.0436768 -0.00323361 0.0357075 0.0360162 -0.00536974 0.00674561 -0.00248412 0.00188714,800,0,cuda,44.47,50.65
test,274,american_pit_bull_terrier_77,american_pit_bull_terrier,dog,correct,american_pit_bull_terrier,lime,2,0.776216,32,0.963628,0.951992,-0.011636,0.098988,0.774814,0.155306,0.677153,,,0.0220359 0.0211587 -0.0354619 0.0412132 -0.0199098 0.00888408 -0.0254775 0.0100218 -0.0179443 0.0670177 -0.0105893 0.13126 0.167743 -0.0392969 0.0149437 0.365554 -0.029023 0.0218503 0.0339852 0.170976 0.0751909 0.114495 0.0660291 0.0971249 0.0300189 0.0233637 0.00303205 0.0175613 -0.0135864 -0.0118059 -0.0215421 0.0137876,800,0,cuda,28.15,42.74
test,967,British_Shorthair_84,British_Shorthair,cat,correct,British_Shorthair,lime,9,0.999924,41,0.550741,0.982523,0.431782,0.236594,0.892611,0.392818,0.725517,,,0.0305222 0.0255161 0.000290818 0.0200298 0.0870059 -0.0262702 0.164063 0.089185 -0.00131127 0.0316659 0.330301 -0.00699605 0.0194411 0.00423794 -0.0159906 0.0736383 -0.0178807 -0.00711252 0.307042 0.00720379 0.048235 0.00211304 0.0704227 -0.00306723 0.00313004 0.00316804 -0.0113513 -0.0249429 -0.0108195 0.103866 0.0693789 0.0527103 0.00401843 0.0142458 -0.0296709 -0.0156534 0.0229734 0.092259 0.0130092 -0.00382515 -0.0242777,800,0,cuda,37.9,51.3
test,2758,Russian_Blue_79,Russian_Blue,cat,correct,Russian_Blue,lime,27,0.999115,38,0.260344,0.93761,0.677266,0.154935,0.906598,0.410431,0.732018,,,0.032267 0.115657 -0.00983505 -0.00892207 0.09103 -0.0241421 -0.00440705 0.0312612 0.149512 0.208971 4.24388e-05 0.0253778 -0.0105415 0.21592 0.279547 0.224036 0.00478522 0.0759981 0.0611957 -0.0110015 0.201868 -0.0145855 0.0135292 0.0505774 0.13652 0.00190058 -0.00794608 -0.00996409 0.00462758 0.00520462 0.0190924 0.00111025 0.012932 -0.0162407 0.0180224 -0.0183696 -0.0159765 -0.0221831,800,0,cuda,60.72,68.22
test,3622,yorkshire_terrier_58,yorkshire_terrier,dog,correct,yorkshire_terrier,lime,36,0.999586,45,0.682996,0.994234,0.311238,0.525057,0.915023,0.157739,0.310802,,,0.0113223 0.000471389 0.00968568 0.00367198 0.0138732 0.0263302 0.0111472 -0.00162646 0.0358646 -0.000109507 0.000704039 0.0279144 0.00674938 0.00368707 0.0032939 0.00365656 0.000852417 0.0230897 0.0128383 -0.00837946 0.00243233 0.00720651 0.0184792 0.00926685 0.0245162 0.00801088 0.0045885 0.00454303 0.0167541 0.016828 0.0216826 0.0406665 0.00638475 0.00556271 0.000791795 -0.00517051 0.0092149 1.08594e-05 -0.0010633 -0.0028284 0.00209801 0.00522101 -0.00177056 0.00287526 0.00180393,800,0,cuda,24.16,28.42
test,2139,miniature_pinscher_62,miniature_pinscher,dog,correct,miniature_pinscher,lime,21,0.958334,38,0.346142,0.978229,0.632087,0.114827,0.892326,0.413912,0.840155,,,0.0222314 0.033219 -0.00369225 0.0139308 -0.000820012 0.0156338 0.0184611 0.0382202 0.00618851 -0.0115601 -0.00624507 -0.000562328 0.0555841 0.00201798 0.069952 0.171527 0.0311675 0.0596765 -0.00351245 0.627723 0.0208108 0.00212294 0.0466357 0.0279741 0.00213617 0.0717085 -0.012593 -0.0117776 0.0334956 0.212188 0.00579249 0.187044 -0.00396135 0.0155505 -0.00157079 0.00366873 0.0323842 0.0136064,800,0,cuda,37.19,46.48
test,1346,english_setter_68,english_setter,dog,correct,english_setter,lime,13,0.997261,41,0.235431,0.976995,0.741563,0.095489,0.945639,0.182777,0.830877,,,-0.00790276 -0.000852027 0.00607862 0.0177491 0.0220678 -0.0316404 0.0046461 0.0302995 -0.000120313 0.0242076 0.0101005 -0.00788087 0.658095 0.0975403 0.00675215 -0.00801876 0.215217 0.057552 0.0402816 0.0413065 -0.0179861 -0.0172744 -0.000357651 0.0319999 -0.0108717 -0.0141122 -0.0106435 -0.0106019 -0.00792132 -0.0116225 -0.00136903 -0.00571182 0.0173228 -0.0299428 -0.0128977 0.00646025 -0.014991 0.0135967 0.00809301 0.0142197 0.00230317,800,0,cuda,28.2,32.61
test,2813,saint_bernard_39,saint_bernard,dog,correct,saint_bernard,lime,28,0.999568,40,0.845863,0.937165,0.091302,0.197509,0.916681,0.432543,0.706168,,,0.030542 0.293809 0.047969 0.00275161 0.323031 -0.0046492 -0.00451153 0.152787 0.116098 0.0217048 -0.0136703 0.227651 0.171905 0.0173916 0.0502855 -0.0172432 0.0474308 -0.0176889 0.0151006 -0.0167701 0.157121 -0.00708805 0.0344912 -0.00420078 -0.0265957 -0.0072758 0.037678 -0.0181827 -0.00644522 -0.00419405 -0.0103175 0.0359982 0.0351464 -1.77274e-06 0.00495382 0.021777 -0.00898786 -0.0285985 -0.0180559 0.00667604,800,0,cuda,42.54,45.02
test,885,British_Shorthair_212,British_Shorthair,cat,correct,British_Shorthair,lime,9,0.99997,38,0.872688,1.0,0.127312,0.243305,0.906159,0.48498,0.597422,,,0.0308828 0.0495542 -0.00663295 0.0151307 0.0169963 0.0651683 0.0468516 -0.0187471 0.0817864 0.0127017 0.128943 0.0304131 0.166146 0.072517 0.0525104 0.27666 0.0115142 0.0877361 0.0361028 0.0447272 0.153025 0.020467 0.0309955 -0.023825 -0.0138919 0.0126394 0.00766232 0.000463775 0.0306994 -0.0019095 -0.00286831 0.0271316 -0.0104128 -0.00543829 -0.00815996 -0.00886302 -0.0185511 -0.00804343,800,0,cuda,47.23,52.15
test,556,Bengal_62,Bengal,cat,correct,Bengal,lime,5,0.994557,39,0.297074,0.799003,0.501928,0.35682,0.942892,0.133629,0.469662,,,-0.00686873 -0.00386787 -0.000822319 3.16154e-05 -0.00565098 0.00501695 0.00325362 -0.00540651 0.00782026 0.0148453 -0.0058317 -0.0117791 0.010553 -0.00278535 0.0157346 0.00404926 0.00163147 0.164186 0.0121139 -0.0046463 -0.00571381 -0.00328957 -0.0222848 0.153507 0.0128873 -0.00147672 0.0133446 0.00750505 0.0303863 -0.019281 0.0676636 0.0190756 -0.00380758 -0.0139111 -0.00466807 0.00221396 0.00352204 0.0563559 -0.0058544,800,0,cuda,47.03,53.75
test,908,British_Shorthair_274,British_Shorthair,cat,correct,British_Shorthair,lime,9,0.983148,39,0.233956,0.96788,0.733924,0.055346,0.851746,0.24528,0.622211,,,-0.0239911 0.00163287 0.0153185 -0.012716 -0.0112767 0.0295316 0.0231322 0.0400527 0.0107419 0.000238031 0.021902 0.00507103 0.0112975 -0.000923572 0.0178767 -0.00891853 0.00181565 -0.0128233 0.0131099 0.010058 0.0821134 0.109032 0.0083961 -0.0123239 0.0238506 0.263216 0.299826 -0.00728737 -0.0221896 0.138598 0.0244507 0.00607862 -0.0273732 0.050543 0.0110561 -0.00989298 0.0106504 0.0308996 0.0315938,800,0,cuda,37.71,41.85
test,1381,english_setter_9,english_setter,dog,correct,english_setter,lime,13,0.999682,35,0.767259,0.990123,0.222864,0.255514,0.893963,0.290842,0.679031,,,-0.00302532 -0.00941178 0.0319578 -0.0129765 0.0300695 0.142199 -0.0143577 0.40003 0.000763279 0.0129435 -0.0150339 0.0146843 -0.00825469 -0.00250447 0.0130287 0.000831721 0.103126 -0.0262607 0.00852864 -0.0142984 0.253926 0.0198582 -0.0252836 0.132032 0.0851594 -0.000224352 -0.0298537 -0.000685696 -0.00916366 0.021786 -0.00712607 -0.0178614 -0.0023225 -0.0181362 0.00273091,800,0,cuda,36.67,43.3
test,2117,miniature_pinscher_42,miniature_pinscher,dog,wrong,chihuahua,lime,10,0.983186,29,0.28133,0.3717,0.09037,0.041428,0.926922,0.109684,0.80335,,,0.390434 -0.00686934 -0.00487809 0.503716 -0.020537 0.0733693 -0.0313317 0.142562 0.102172 0.0727548 0.00393805 -0.00301133 0.0607359 -0.00246559 -0.00444937 -0.0253108 -0.0365708 -0.0647936 -0.0694695 -8.50913e-05 -0.000491087 0.00676501 -0.0103979 0.0150284 -0.0182032 -0.00726798 -0.00160108 -0.00205876 0.00972854,800,0,cuda,42.91,47.61
test,2562,pug_82,pug,dog,correct,pug,lime,25,0.999582,27,0.657207,0.992654,0.335448,0.240348,0.897019,0.481523,0.690484,,,0.1042 0.0310422 0.0398124 0.0499207 0.0910572 0.102132 -0.00517429 0.198627 -0.024006 0.00790311 0.131106 0.368309 0.0276105 0.12439 0.012013 0.0129855 0.0505427 0.149921 0.16629 -0.00129824 -0.00304055 -0.00254387 -0.00242348 0.00048975 -0.0365274 -0.0153695 -0.0112524,800,0,cuda,35.04,37.24
test,509,Bengal_201,Bengal,cat,correct,Bengal,lime,5,0.998187,36,0.51991,0.92632,0.40641,0.382553,0.915418,0.138974,0.331716,,,0.00419747 0.00413375 0.00363784 -0.00532823 -0.000331571 -0.0106568 -0.00734149 0.00552374 0.00851936 0.00942828 0.0356524 0.0113878 0.0121129 0.0472658 0.000950508 0.010329 0.0116673 0.0106356 0.0118285 0.0135739 0.00446776 0.00427256 0.0242136 0.0276116 -0.00189954 0.0365841 -0.00621774 0.0124498 0.0039639 0.037463 0.00926936 0.0176638 0.0113524 0.00294559 0.000987361 0.00304487,800,0,cuda,26.93,38.21
test,2388,pomeranian_198,pomeranian,dog,correct,pomeranian,lime,24,0.999882,38,0.492307,0.987099,0.494792,0.286168,0.897954,0.4675,0.647489,,,0.0116037 -0.00211544 -0.00415374 0.00757758 0.003585 -0.0214518 0.00642825 0.0132064 -0.000353544 -0.0250589 -0.0268278 0.0385855 0.151599 -0.00820734 0.0131499 0.208728 0.0410064 -0.000821175 0.0519789 0.0630743 0.264212 0.0474962 0.0608158 0.087413 0.0187435 0.00447724 0.274651 0.0830932 -0.0228583 0.208821 0.0124818 -0.0244371 0.0236688 -0.0394759 0.0322741 0.0335461 0.0197081 -0.00272159,800,0,cuda,33.48,37.84
test,221,american_pit_bull_terrier_27,american_pit_bull_terrier,dog,wrong,american_bulldog,lime,1,0.966401,40,0.367686,0.981376,0.613691,0.178463,0.866747,0.252923,0.815057,,,0.0477484 0.00347688 0.011318 -0.0100076 0.00904189 0.0844317 0.0410299 0.0379716 0.12625 0.181024 -0.00159241 0.037383 0.0241609 0.0386501 -0.000432663 -0.00689397 0.409515 -0.00417514 0.00632815 0.0135876 0.316528 -0.0993972 0.011833 0.00414807 0.0235155 0.0128445 0.0476603 0.0191898 0.0100389 -0.00798323 0.000766514 0.0254871 -0.0226394 0.0165978 0.00703763 0.0264397 -0.00416795 0.0147018 -0.00327312 0.00393408,800,0,cuda,60.73,62.2
test,1297,english_setter_23,english_setter,dog,correct,english_setter,lime,13,0.9999,40,0.928512,0.992564,0.064053,0.172399,0.927358,0.416762,0.590963,,,0.0282952 0.156538 0.134315 0.0393061 0.196634 -0.00196411 0.045262 0.0852679 0.0203461 0.0315296 0.212583 0.0497573 0.0102345 0.235071 0.0022741 0.00965141 0.0470191 -0.0108217 0.00277033 0.0119244 -0.0216051 -0.0287244 0.0213241 -0.0209189 0.0212986 0.00286718 -0.00810241 0.00687683 -0.004335 -0.00414578 -0.00268718 0.0116812 0.00833782 -0.006193 -0.0103777 0.00878674 0.0156835 -0.0144832 -0.00511772 0.00294884,800,0,cuda,44.15,47.44
test,146,american_bulldog_52,american_bulldog,dog,correct,american_bulldog,lime,1,0.860318,34,0.649653,0.988752,0.339099,0.091146,0.903764,0.265239,0.683567,,,0.0164332 0.00305466 0.0144039 0.0124946 -0.022806 -0.0083885 -0.0237933 0.0377401 0.0484587 0.0211859 0.366134 0.0151608 0.278811 0.043412 -0.0349775 0.11759 0.0340896 -0.0562203 -0.0434801 0.0500017 0.0401451 0.0358165 0.00521721 0.00561625 -0.0157826 -0.0435132 -0.010648 0.00250562 -0.0197746 -0.0252151 -0.0295259 0.00141498 0.0178431 -0.00665803,800,0,cuda,31.72,47.11
test,1777,japanese_chin_96,japanese_chin,dog,correct,japanese_chin,lime,17,0.99998,35,0.331812,0.726846,0.395034,0.347099,0.943948,0.288167,0.492477,,,0.0128987 0.00492108 -0.0144092 -0.0283764 0.00641124 0.00915074 -0.024072 0.0069442 0.0159314 0.146648 -0.00418433 0.115634 -0.00336024 0.0835281 -0.00305253 0.0774429 0.113776 0.00738051 0.0310409 0.00551976 0.0111381 0.00760955 0.023548 0.204785 -0.00715757 -2.23234e-05 -0.00468479 0.000641187 0.0469361 -0.0110704 0.0063827 0.00725178 -0.0076073 4.05352e-06 0.0058864,800,0,cuda,44.88,45.46
test,1053,chihuahua_71,chihuahua,dog,correct,chihuahua,lime,10,0.999707,35,0.45454,0.911473,0.456933,0.117154,0.897564,0.444044,0.776108,,,0.000247357 0.00686895 0.000891969 0.0278185 -0.0277914 0.0123124 0.00493467 0.0733538 0.00870465 0.0331826 0.0134483 0.0781043 0.0158327 -0.00093963 0.12096 0.0762802 0.0582361 0.0280087 0.0602615 0.0966836 0.0425322 0.0473561 -0.0310628 0.0357452 0.485204 -0.0180809 0.15947 0.127711 0.0833335 -0.00389634 0.0604759 -0.0309026 0.00629428 0.27056 0.0999515,800,0,cuda,39.03,44.46
test,1822,keeshond_46,keeshond,dog,correct,keeshond,lime,18,0.998335,30,0.686284,0.980997,0.294712,0.181333,0.92152,0.542023,0.714916,,,0.0478169 0.165074 0.0115089 0.315052 0.016514 0.1119 0.00652244 0.270892 -0.0157344 0.263111 0.105112 0.0245156 0.147667 0.0937171 0.122159 0.0848551 0.00285132 -0.00161661 -0.00214576 -0.0500656 0.0834508 0.0368048 0.00145396 0.00979431 -0.00660728 -4.03679e-05 0.0390623 0.0106217 0.056985 -0.047085,800,0,cuda,40.39,48.04
test,3186,Siamese_222,Siamese,cat,wrong,Birman,lime,7,0.458528,34,0.390027,0.316745,-0.073282,0.042567,0.722131,0.014646,0.61936,,,-0.00925486 -0.000835219 0.0126242 -0.0763085 -0.0287663 0.00717852 0.00612181 -0.00706225 -0.0163906 -0.00506701 0.00183981 0.0985608 0.0508922 -0.00497372 -0.0766024 6.91806e-05 0.00992745 -0.141792 -0.0669942 -0.0186818 0.0202338 -0.0790011 -0.04587 0.06922 -0.0243758 0.193171 0.0229285 0.0540257 0.0801734 0.0187262 0.0344161 0.0901187 0.00017725 0.0217701,800,0,cuda,43.36,50.52
test,2851,saint_bernard_73,saint_bernard,dog,correct,saint_bernard,lime,28,0.999702,42,0.632793,0.925741,0.292948,0.241283,0.91392,0.43035,0.682837,,,0.0277202 -0.000872594 -0.0219858 -0.0441489 -0.0323932 0.0362953 0.0681357 0.161074 -0.0104154 -0.0249307 0.250943 0.112079 -0.00338769 -0.0241351 -0.0433855 -0.0251315 0.0770468 0.00121074 0.0448368 0.0752002 0.0208951 0.0867556 0.17353 0.0467807 0.170109 0.00541728 0.0248386 0.111995 0.0267509 -0.00636853 0.018191 0.00841352 -0.00102632 -0.0137188 0.0317317 -0.00367949 0.000229883 0.0200369 0.0179028 0.0253193 0.0131209 0.0188018,800,0,cuda,20.01,31.09
test,508,Bengal_200,Bengal,cat,correct,Bengal,lime,5,0.993102,40,0.727958,0.741999,0.014041,0.440652,0.869665,0.124669,0.514629,,,0.0329408 -0.0134466 0.00471185 0.00506446 0.00127016 0.00616058 0.00430405 -0.0145459 0.0494155 0.00246319 -0.00545061 0.0478016 -0.00563846 0.00720642 0.00797081 0.109762 -0.0314445 0.0282894 -0.0247831 0.0131975 -0.0215655 0.0240309 -0.0302211 0.0165928 0.045505 0.00851182 0.000280175 0.0188498 0.00339992 -0.0224092 0.0417683 0.0468343 0.111603 -0.0138811 -0.00489238 0.00797111 -0.00815406 0.00897132 -0.0146448 0.0100503,800,0,cuda,39.22,41.76
test,323,basset_hound_32,basset_hound,dog,correct,basset_hound,lime,3,0.966043,47,0.180624,0.479126,0.298502,0.057786,0.893547,0.091015,0.72552,,,0.00846002 0.00635994 -0.00298393 -0.000607756 0.000813222 -0.00902396 0.00609526 -0.0168613 0.00105478 0.00564997 -0.00704086 0.0192274 0.0117858 0.00789161 0.0087839 -0.00382522 0.0493232 0.0257194 0.0447502 0.176396 0.00650817 0.0320593 -0.0411228 0.240542 0.0358466 -0.00766714 0.021708 -0.000526839 -0.00485934 0.033179 0.0420256 -0.0193171 0.0516492 0.018789 0.418198 -0.0052273 0.0270692 -0.00438454 -0.00323629 -0.013027 0.000880625 -0.00335494 0.0151775 -0.00672017 0.0326267 0.0194334 0.0164837,800,0,cuda,39.29,44.51
test,1561,great_pyrenees_81,great_pyrenees,dog,correct,great_pyrenees,lime,15,0.993858,32,0.342016,0.937648,0.595632,0.216886,0.908873,0.369311,0.796079,,,0.00439095 0.222783 -0.0145013 0.0723121 -0.0389668 0.0162813 0.0207155 0.126991 0.0637701 -0.0162669 0.366417 0.013464 0.037993 0.372727 0.0869281 0.0182657 0.0104849 0.0050698 0.00857214 0.0328164 0.141212 0.0173513 -0.0146102 0.0655217 -0.021571 -0.00165603 0.0173546 -0.00823686 -0.00281479 0.0324255 0.00286188 0.00740322,800,0,cuda,28.5,30.43
test,176,american_bulldog_7,american_bulldog,dog,correct,american_bulldog,lime,1,0.997265,26,0.268415,0.58117,0.312755,0.13833,0.934096,0.476973,0.747386,,,0.00766846 0.104579 0.033784 0.12566 -0.00364962 0.295422 0.36981 0.0107768 0.22416 0.103364 0.0196142 0.0670309 0.316345 0.00969534 0.00231552 0.0160591 0.006617 -0.0196649 0.00685822 0.0114115 -0.0127529 0.00627791 0.00371363 0.00425605 0.0205688 6.88748e-05,800,0,cuda,1017.77,1020.24
test,2852,saint_bernard_74,saint_bernard,dog,correct,saint_bernard,lime,28,0.980773,38,0.464943,0.641588,0.176644,0.122894,0.960033,0.358306,0.721519,,,0.0497327 -0.0112771 0.251604 0.322304 0.157259 0.0239522 0.0158147 0.136647 -0.00532432 0.198643 -0.0156137 0.182505 -0.0125381 -0.00401259 0.017474 0.0203837 0.0740049 0.0138123 -0.011586 0.146058 0.00528137 -0.00269161 -0.00355546 -0.0209364 0.01223 -0.0598164 -0.0163839 0.0196174 0.00760793 0.0229814 -0.0193811 -0.0161441 -0.0558471 -0.0116667 -0.0183676 -0.00521922 0.0111533 -0.00822595,800,0,cuda,37.57,40.92
test,1908,leonberger_34,leonberger,dog,correct,leonberger,lime,19,0.993491,35,0.239756,0.846222,0.606466,0.051162,0.94291,0.054931,0.915212,,,0.00328581 0.00121048 -0.00348222 -0.00910288 0.00153439 0.0126179 0.0281834 -0.0083227 0.00591352 0.0117579 0.770938 -0.00777406 -0.00449095 0.00396176 -0.0374882 -0.0237911 0.0830234 -0.00461004 -0.026565 -0.0197424 -0.0422276 -0.000622262 0.00867915 0.181675 -0.017513 -0.0111041 -0.000139097 0.0187116 0.000851312 -0.00197722 0.00161346 0.00829565 -0.0196446 -0.000753004 -0.00701843,800,0,cuda,29.82,33.72
test,168,american_bulldog_72,american_bulldog,dog,correct,american_bulldog,lime,1,0.998599,44,0.33813,0.966585,0.628455,0.236409,0.903778,0.495936,0.57143,,,-0.0132188 0.0298611 0.0153189 -0.00284788 0.0179946 0.00304389 0.0200772 0.01022 0.156481 0.00055582 0.179903 0.0294613 -0.00786734 0.00169549 0.0237229 0.111313 0.0339417 0.0214765 0.0268323 0.024543 0.115044 0.118733 0.120522 0.1007 0.00899667 0.0236085 0.011835 0.0516352 0.00619078 0.0655962 0.0118744 0.0119236 0.0272351 0.0357309 -0.0118013 0.0099717 -0.0075582 0.0190326 0.0118171 -0.0281794 -0.0132555 -0.00206499 -0.00125336 -0.000946074,800,0,cuda,34.25,34.93
test,1400,german_shorthaired_26,german_shorthaired,dog,correct,german_shorthaired,lime,14,0.995059,35,0.824936,0.985281,0.160345,0.299918,0.822566,0.270297,0.565896,,,-0.0143393 0.0442689 0.0448692 0.0175655 -0.0689523 -0.00782632 -0.00991097 -0.0151542 0.0169162 4.99066e-07 0.0220463 0.00707265 0.173507 -0.0253708 0.00285584 0.136861 0.0491736 0.0196048 0.0216943 -0.0011084 0.00423226 0.0100079 0.0472334 0.0481318 0.0118564 0.0107178 0.187619 0.0936468 0.00975548 0.0161171 0.0322175 0.00728748 0.0743531 -0.0132824 0.00223796,800,0,cuda,21.92,24.36
test,3587,yorkshire_terrier_26,yorkshire_terrier,dog,correct,yorkshire_terrier,lime,36,0.999742,39,0.593909,0.77428,0.180371,0.379386,0.956086,0.357016,0.611422,,,0.0141574 0.0143643 0.0361409 0.00378258 0.0162259 0.0348933 -0.00554134 0.000457091 0.225835 0.0743223 0.0976154 0.00470062 0.139624 0.00418447 0.221552 -0.00399284 0.0371622 0.00731999 -0.00474921 0.130362 0.0274268 -0.0261071 -0.0151407 0.0195982 -0.0233959 0.0426323 0.0243383 0.0130148 -0.011902 0.0503298 0.024355 -0.01462 -0.0410594 0.00529146 0.0177738 0.0259178 -0.0123874 0.00562258 -0.011972,800,0,cuda,30.99,31.69
test,1392,german_shorthaired_1,german_shorthaired,dog,correct,german_shorthaired,lime,14,0.999911,38,0.219986,0.508851,0.288865,0.30605,0.800878,0.501881,0.676369,,,0.122357 0.0937986 -0.00483753 0.0184646 0.0256862 0.0507394 0.0116846 0.0295142 0.0147845 0.0394495 -0.00255165 0.0867612 0.00758399 0.180788 0.070901 0.141101 -0.00150731 0.0132319 0.0661394 0.12273 0.0555752 -0.00783038 0.079081 0.0172586 0.142729 0.0361301 0.0720027 0.0313793 -0.013609 -0.00227871 0.00301186 -0.00483421 -0.0208129 0.0159434 0.0184639 -0.0175027 -0.00634782 -0.00950199,800,0,cuda,29.2,33.03
test,2257,newfoundland_79,newfoundland,dog,correct,newfoundland,lime,22,0.994191,31,0.724928,0.988367,0.263439,0.312539,0.831879,0.45666,0.667604,,,0.00968572 -0.00347014 -0.00099301 0.0106026 0.00952861 0.0719961 0.0033913 0.181484 0.00116849 0.111631 0.281881 0.125334 0.0661449 0.0158136 0.0626476 -0.00785921 0.0842121 0.07278 0.0136245 0.026373 0.0913987 0.112835 0.00862375 0.0180238 0.0127121 0.00701803 0.0052099 0.0204874 0.0223088 0.0116215 0.0221266,800,0,cuda,17.61,22.45
test,2177,miniature_pinscher_97,miniature_pinscher,dog,correct,miniature_pinscher,lime,21,0.987621,37,0.387596,0.544009,0.156414,0.34063,0.933546,0.41993,0.749861,,,0.0252248 -0.015773 0.101848 -0.00418823 0.342573 0.103901 0.0368194 0.0783362 -0.00928603 0.0900703 -0.00248341 0.159668 -0.00602788 0.0647383 0.0749802 0.0273244 -0.0391657 0.0292104 -0.00123424 -0.00152915 0.0594047 0.0143788 -0.00122734 0.112639 0.0443723 -0.0123449 0.00759865 0.0221011 0.0176752 0.0261238 -0.0221165 0.027191 0.00308616 -0.00382868 -0.0077273 0.0206622 0.00215581,800,0,cuda,23.07,26.11
test,2237,newfoundland_60,newfoundland,dog,correct,newfoundland,lime,22,0.999848,36,0.63072,0.987342,0.356622,0.322622,0.92677,0.44187,0.631379,,,0.029687 0.00307271 -0.00551212 -0.00794511 0.0181006 -0.0154258 0.0261518 0.415623 0.021404 -0.0113788 0.0385988 -0.00632686 0.115464 0.118294 -0.0254681 0.0939393 0.0814814 -0.00432992 0.0247086 0.100867 0.0224267 -0.00219612 0.0225091 0.0504627 -0.00244371 0.0287861 0.0498792 -0.00453084 -0.0136064 0.0301667 0.109685 0.0381291 -0.00567019 0.00941151 -0.0272332 0.0252846,800,0,cuda,16.44,17.01
test,136,american_bulldog_42,american_bulldog,dog,correct,american_bulldog,lime,1,0.990226,38,0.841438,0.997298,0.15586,0.287976,0.759455,0.4627,0.795984,,,0.0654354 -0.0131732 0.00750971 0.0348124 0.0869948 0.109408 0.00617306 0.00887322 0.0345344 0.0303417 0.136906 0.167061 0.111845 0.0212964 0.0451825 -0.0127801 -0.00447731 0.342695 0.168289 0.00495123 0.0182242 0.0608653 0.00822323 0.025339 0.162487 0.0153741 0.0222158 0.0017146 -0.0157076 0.0427412 0.0243314 0.0202267 0.0226052 0.0840617 0.00586996 0.0326894 0.047913 0.00531655,800,0,cuda,27.73,31.25
test,1470,german_shorthaired_8,german_shorthaired,dog,correct,german_shorthaired,lime,14,0.767847,40,0.750977,0.980718,0.229741,0.102861,0.671567,0.088841,0.489313,,,-0.0163072 -0.0151874 0.0138132 0.0192422 0.0153122 -0.0196616 0.0641723 0.0115768 0.0757614 0.0629686 0.0494848 -0.0126975 0.0956466 0.0452853 0.0866421 0.0649704 -0.00103854 0.0202858 0.0195609 0.0178072 0.149557 0.0112662 0.0161523 0.0340128 -0.0372745 -0.00113142 -0.0270359 0.0218626 -0.00912797 0.00935255 -0.0359962 0.020993 -0.079225 -0.0792431 -0.00981235 0.042764 0.00992581 0.0101654 0.0277922 0.019432,800,0,cuda,20.06,24.58
test,3152,shiba_inu_75,shiba_inu,dog,correct,shiba_inu,lime,31,0.998931,39,0.153141,0.916472,0.763331,0.076085,0.932203,0.386667,0.785215,,,0.0483083 0.0167449 0.0132955 0.0621883 0.036291 0.0150421 -0.00467419 0.0326471 -0.044976 -0.0199911 0.0110892 0.588974 0.148404 0.0504801 0.195331 0.212859 0.0347324 0.0190342 0.224878 0.0225524 0.0829995 0.0385908 -0.0132617 -0.00648953 0.0516539 0.000655677 0.0112301 -0.00232424 -0.00420462 0.058199 -0.0210164 -0.00037691 -0.0237963 -0.00873279 -0.0208624 0.0142327 -0.0203151 -0.016166 0.0267713,800,0,cuda,20.96,22.56
test,1278,english_cocker_spaniel_97,english_cocker_spaniel,dog,correct,english_cocker_spaniel,lime,12,0.998442,47,0.228974,0.796682,0.567708,0.045069,0.941307,0.113755,0.779701,,,0.0152014 0.0361379 0.00716047 0.0086911 0.0427818 0.0474268 0.00163956 0.0160573 -0.00987985 -0.0019732 -0.00418605 0.400026 0.000835689 -0.0092797 -0.0357168 0.00129596 0.517493 0.0447724 0.0174246 0.00759283 0.0648659 -0.0242888 -0.00699998 -0.0570873 0.00239019 0.19426 0.00986953 0.0021432 0.00363582 0.0724879 0.018005 0.000535374 0.0055485 0.0117199 0.0455401 -0.0156809 -0.0236674 0.0135828 -0.000746543 0.0210573 0.0213153 -0.0177741 0.0348445 0.00216537 -0.0107608 -0.00391931 -0.00557861,800,0,cuda,29.69,31.69
test,1973,leonberger_93,leonberger,dog,correct,leonberger,lime,19,0.978338,39,0.253747,0.95409,0.700344,0.060405,0.8735,0.051004,0.80522,,,0.0492141 0.0405938 0.0235158 0.0184227 0.00752033 0.0371779 -0.0122148 0.00154398 -0.00596529 -0.00617171 0.533893 -0.00879839 0.00422049 -0.0599073 0.311019 -0.00915893 -0.0156007 0.0022748 -0.00420964 0.0574996 0.00717322 -0.00873538 0.0450352 0.0269194 0.0272159 0.0311112 0.0547522 0.0180112 0.00683056 0.0404624 0.0110766 0.0129946 -0.00930487 -0.001976 0.0442058 0.0158476 0.0182516 -0.0104673 -0.0105213,800,0,cuda,30.41,33.61
test,894,British_Shorthair_248,British_Shorthair,cat,correct,British_Shorthair,lime,9,0.949314,42,0.324637,0.736113,0.411475,0.032658,0.804182,0.120282,0.698354,,,0.0338443 0.0037535 0.0770164 0.0207937 -0.0180916 0.00814204 0.0190352 0.0361245 0.0169242 0.04035 0.00683933 0.0320424 0.0370765 0.0199695 0.302564 0.113835 0.271953 -0.0259619 0.0268867 0.0235343 -0.019909 0.128679 0.0214333 0.00358692 -0.0384166 0.0460086 -0.000774599 0.00385823 0.00794058 -0.00637317 -0.0146824 0.006384 0.0120676 0.0104787 0.00978776 -0.00464224 -0.0165424 0.00858484 -0.000132836 -0.0135708 -0.00308768 0.0223272,800,0,cuda,22.25,23.92
test,197,american_bulldog_9,american_bulldog,dog,correct,american_bulldog,lime,1,0.999996,32,0.861009,0.989578,0.128569,0.426994,0.776165,0.477052,0.648306,,,0.0224408 -0.00682685 0.163788 0.0104978 0.1342 0.00552969 0.011028 0.0206738 0.00257417 0.103049 -0.0189547 0.0812472 0.135801 -0.000519926 0.0112449 0.0685095 0.0652914 0.179401 0.0169156 0.0128357 -0.0192491 0.0345497 0.0797213 0.02795 0.0593965 0.0319656 0.00736408 -0.0118453 0.0499629 0.0853399 0.00499509 0.00554993,800,0,cuda,26.59,28.77
test,2338,Persian_58,Persian,cat,correct,Persian,lime,23,0.999252,42,0.635025,0.986364,0.351339,0.173663,0.902173,0.405485,0.733138,,,0.00860213 0.060528 0.0142028 0.00376253 0.0103814 0.0321851 0.0189283 0.0575551 -0.0566279 0.0356468 0.00290791 0.102927 0.221637 0.0137158 0.0316613 0.143869 0.0409057 0.354996 0.0220689 0.0409716 0.00180648 0.0432201 -0.00167674 0.0866618 0.294757 -0.00794735 0.0950191 0.0111125 0.0222009 -0.00358899 0.0302766 0.00532328 0.0937697 0.0022635 0.0303866 0.0202087 0.0178131 -0.0195783 -0.0170235 -0.0118355 0.00669822 0.00794519,800,0,cuda,22.32,25.35
test,1483,great_pyrenees_192,great_pyrenees,dog,correct,great_pyrenees,lime,15,0.960766,38,0.582609,0.683823,0.101214,0.060955,0.916312,0.006836,0.940167,,,0.0811069 0.0920612 -0.00509296 0.0293041 -0.0195939 0.775659 -0.00227883 -0.00626535 0.00125552 -0.0178637 -0.023378 0.00485287 0.00550789 -0.0267573 0.00839288 0.0113457 0.0475567 0.00707198 0.0157031 0.00664582 0.00375838 0.00168991 0.00873146 0.0148786 0.00449973 0.0353449 -0.0113164 -0.00615449 0.00359453 0.00458444 0.0157165 -0.00239935 0.00209682 0.0118674 0.00683283 0.00310797 0.0063347 -0.0103305,800,0,cuda,18.2,22.18
test,1792,keeshond_1,keeshond,dog,correct,keeshond,lime,18,0.990489,40,0.903659,0.98571,0.082051,0.137694,0.852308,0.217482,0.768853,,,-0.0312662 0.0154361 0.0108513 -0.0926908 -0.0225144 0.0400277 0.0276837 0.000884425 -0.0130698 0.0266224 -0.0319568 0.0275871 0.0284431 0.0357003 0.0520461 -0.00684479 -0.0216485 0.0285708 0.0455741 0.24338 0.0338527 0.310724 0.0994429 0.00898352 0.0886449 0.0323447 0.1201 0.17828 0.183475 0.0496922 0.0654914 -0.0244992 -0.00461265 0.00894146 0.0536828 -0.0144886 0.0185519 -0.00825445 -0.000452737 0.0288392,800,0,cuda,26.18,29.23
test,2084,miniature_pinscher_194,miniature_pinscher,dog,wrong,chihuahua,lime,10,0.988152,31,0.209403,0.426366,0.216963,0.102082,0.889809,0.088614,0.75129,,,-0.00820437 0.0211024 -0.0136522 -0.0120345 -0.00760729 -0.00981592 0.29972 -0.016603 0.0115821 0.0764697 -0.0145504 0.0198878 -0.0711363 0.245936 0.374743 -0.0338055 0.0656855 0.100353 0.00741809 0.00914965 0.0357287 0.0214813 0.0276645 0.00721217 0.0282603 0.00480821 0.00277266 -0.00895422 0.0217076 -0.000377399 0.00246381,800,0,cuda,21.52,23.81
test,767,Bombay_80,Bombay,cat,correct,Bombay,lime,7,0.99997,39,0.58803,0.978239,0.390209,0.567585,0.941801,0.166218,0.505742,,,0.00752104 0.0121724 0.00357648 -0.00136145 0.079815 -0.00475084 -0.00265926 0.00980731 0.0197338 -0.00200571 0.000759807 0.0262963 0.00667901 -0.00497437 -0.000750645 0.00269309 0.0573387 0.00183158 0.0102119 0.0105439 0.00936452 -0.00146555 0.0360731 5.63178e-05 0.02054 0.00212547 0.015347 -0.000237547 0.0141469 0.0227247 0.0391454 0.0180342 0.00613986 0.000451803 0.00673421 0.00104366 0.0094555 0.00628288 0.010431,800,0,cuda,25.21,27.66
test,2280,newfoundland_9,newfoundland,dog,correct,newfoundland,lime,22,0.994806,42,0.365753,0.754909,0.389156,0.092732,0.870933,0.18262,0.723863,,,0.0398632 -0.018338 0.00660736 -0.00922111 -0.010078 -0.0349767 0.00810986 -0.0127684 -0.00776838 0.00384116 0.18272 0.0765175 0.0173643 -0.0037255 0.0613637 0.00405355 0.119547 0.425838 0.042012 0.0125592 0.00392183 0.103274 0.158116 0.00388087 0.00303253 0.241817 0.0138405 0.0830414 -0.032699 0.0628601 0.0774767 0.015275 0.0510581 -0.0105951 0.00215051 0.00147028 0.00633836 0.00248254 0.0402922 -0.0172604 -0.0292404 -0.00549658,800,0,cuda,28.3,32.19
test,2693,Russian_Blue_215,Russian_Blue,cat,wrong,Bombay,lime,27,0.565805,36,0.403938,0.643787,0.239849,0.074672,0.52094,0.226803,0.510413,,,-0.0072823 0.0277617 0.0269591 0.0168795 -0.00303735 0.0389647 0.0121698 0.00440224 0.0205993 0.00157887 0.0722887 0.000531195 -2.67463e-06 -0.0181292 0.0975206 0.00564739 -0.00539984 0.00194548 -0.00232302 0.00876861 0.0305949 0.0609059 0.0749321 0.0162011 -0.0201831 0.00313074 0.0262191 0.00868985 0.033543 0.00511786 -0.00598615 0.00667801 0.00752919 0.0052066 0.00367908 -0.00491431,800,0,cuda,25.51,28.32
test,2081,miniature_pinscher_191,miniature_pinscher,dog,correct,miniature_pinscher,lime,21,0.999556,35,0.191785,0.565088,0.373303,0.249465,0.898475,0.442013,0.714109,,,-9.26017e-05 -0.0167947 -0.0200995 0.00271753 -0.0446502 0.00290239 0.109991 0.00276134 0.0571977 0.000384916 -0.0256502 0.0369409 0.0128275 0.320566 -0.00850942 0.055703 0.0103534 0.117655 0.0102732 0.0209857 0.0702849 0.116597 0.104465 0.045352 0.170623 0.0057715 0.0148947 -0.012008 0.260301 0.00711924 0.0434913 0.0716523 -0.0269626 -0.025603 0.0843189,800,0,cuda,23.45,25.48
test,1112,Egyptian_Mau_28,Egyptian_Mau,cat,correct,Egyptian_Mau,lime,5,0.813661,31,0.442303,0.661847,0.219544,0.092408,0.840273,0.064492,0.431925,,,-0.023985 -0.032654 0.0267786 0.00529774 -0.00942322 0.0627869 0.0472171 -0.0698326 -0.0243839 0.123899 0.0285265 0.030424 0.0456169 -0.00645184 -0.047515 0.0378269 0.0883653 -0.0200118 0.141022 0.0209956 -0.000199011 0.159887 0.00319694 0.0285762 -0.0136055 0.060351 0.126099 -0.0245093 -0.03778 0.0195924 0.03315,800,0,cuda,19.13,22.87
test,3542,wheaten_terrier_76,wheaten_terrier,dog,correct,wheaten_terrier,lime,35,0.998417,32,0.576212,0.776321,0.200109,0.36051,0.931547,0.255964,0.762395,,,-0.00420989 -0.0148297 -0.00745418 0.0112534 0.0244113 0.0239028 0.138704 0.0391315 0.0293064 -0.0150469 -0.0119628 0.000922037 0.0336771 0.0613419 0.0319401 0.0193151 0.0144202 0.116145 0.339552 0.0253427 -0.00300079 0.00822543 -0.0277959 0.0151262 0.0154856 0.0295138 -0.00397583 0.00868403 0.0438302 0.0221195 -0.0139121 0.00399621,800,0,cuda,28.58,29.2
test,2850,saint_bernard_72,saint_bernard,dog,correct,saint_bernard,lime,28,0.999153,36,0.669483,0.960082,0.290598,0.198272,0.937667,0.254535,0.696577,,,0.0152457 0.166129 0.00141609 -0.0260424 0.00665057 0.036302 0.39206 0.041953 0.0101542 -0.0292336 0.0150394 -0.0205036 0.0755209 0.0866462 0.129825 0.0249308 -0.00550886 0.0174993 -0.00666315 0.125774 0.0359014 0.0552718 0.0330679 -0.101769 0.00862639 0.0042869 0.0246118 0.0454846 0.101844 0.00583112 0.0334353 -0.00158743 0.0338949 -0.0254193 -0.00457679 0.0440863,800,0,cuda,27.99,28.63
test,3116,shiba_inu_42,shiba_inu,dog,correct,shiba_inu,lime,31,0.999701,35,0.594806,0.754524,0.159718,0.173355,0.864829,0.175453,0.659193,,,-0.0167112 0.069681 -0.00670739 0.0770045 0.0214247 0.0796637 0.0108483 0.176803 0.126608 0.0337587 0.02414 0.163489 0.358372 0.0785828 0.00776188 0.20268 0.0309723 0.0394219 0.0774845 0.136275 0.0415919 0.0140364 0.0516631 0.0256366 0.027971 0.0124082 -0.0116168 -0.0144208 -0.0246464 0.0199001 -0.0282815 -0.00149128 0.00878287 0.0109327 0.0219162,800,0,cuda,29.95,37.08
test,865,boxer_81,boxer,dog,correct,boxer,lime,8,0.99994,37,0.309032,0.911489,0.602457,0.391592,0.936283,0.369162,0.584647,,,0.0174166 0.188493 0.00967147 0.0151643 0.0186218 0.0635925 0.0336702 0.103448 -0.00387239 -0.00480002 0.00184646 0.163289 0.0243387 0.00337115 0.0429053 0.0254919 0.0936716 0.0363967 0.00414813 0.0223054 0.0308678 -0.00555445 -0.000233838 0.015959 0.0164147 0.0090076 0.0123575 0.0986714 0.0123468 0.000111443 0.0554541 0.00246941 0.00240364 0.00830737 -0.00402555 -0.00820529 -0.0193798,800,0,cuda,24.22,28.7
test,2389,pomeranian_199,pomeranian,dog,correct,pomeranian,lime,24,0.998939,38,0.799306,0.917102,0.117795,0.412625,0.853834,0.388842,0.628388,,,0.0212798 0.00613638 -0.00105603 0.0252294 0.0533348 0.0285942 -0.00852218 0.0302862 0.309946 -0.0079512 0.151373 -0.00930662 0.000182521 -0.00923895 0.050319 0.0203483 0.00805502 0.0115799 0.0716081 0.0730369 0.140139 0.0617995 0.00423649 0.00624759 0.0786736 -0.00612398 0.0847865 0.00434178 0.0276777 -0.000131818 -0.0208527 0.0215928 0.0944433 0.0243062 0.012236 0.00417509 0.00871447 -0.0211329,800,0,cuda,18.06,19.27
test,1085,Egyptian_Mau_198,Egyptian_Mau,cat,correct,Egyptian_Mau,lime,11,0.99439,36,0.332828,0.82059,0.487761,0.195003,0.917383,0.261348,0.72617,,,0.00272458 -0.0185308 -0.00373449 -0.0509051 0.00796286 0.0180334 -0.038089 0.0118417 0.0143284 0.00246454 0.149625 0.0753734 0.0811276 0.0200739 -0.0258356 -0.0193824 -0.0119195 0.249817 0.167198 0.296793 0.00390469 0.0838589 -0.016772 -0.0221027 0.0118 0.0270662 -0.00872876 0.048907 0.239668 0.0093845 -0.0139234 -0.0104517 -0.0120783 -0.0180206 -0.0202871 -0.00177694,800,0,cuda,21.34,26.13
test,1447,german_shorthaired_69,german_shorthaired,dog,correct,german_shorthaired,lime,14,0.999986,29,0.425462,0.772679,0.347217,0.451774,0.889899,0.288872,0.489906,,,0.0378793 0.00684567 0.042254 -0.00527198 0.057871 0.0897871 0.00443673 0.0798576 0.0409305 0.00942463 0.0191432 0.165994 -0.016104 -0.0101667 0.0664101 0.0222189 -0.000749829 -0.000775563 -0.00634594 0.0148751 0.0221832 0.0389315 0.000173955 0.0109286 0.0300106 0.0268051 0.0265719 0.00201171 0.0171388,800,0,cuda,16.47,19.04
test,199,american_pit_bull_terrier_192,american_pit_bull_terrier,dog,correct,american_pit_bull_terrier,lime,2,0.996535,38,0.810069,0.999369,0.1893,0.183396,0.849838,0.49802,0.783983,,,0.00575688 0.00418766 -0.00991169 -0.0309442 0.0741357 0.0301258 0.0177085 0.0440588 0.13656 0.0456655 0.016578 0.0680928 0.537421 0.0707782 0.105305 -0.00279512 0.0388331 0.0349373 0.117452 0.170385 0.0944679 0.0864584 0.116453 0.067612 -0.0205557 0.037382 0.0169322 0.0227047 0.0947082 0.0489052 0.1123 0.0196918 0.00198242 -0.0290538 0.00812336 0.0178206 -0.00344563 -0.00316797,800,0,cuda,22.57,31.14
test,429,beagle_38,beagle,dog,correct,beagle,lime,4,0.999991,32,0.586316,0.609645,0.023328,0.378533,0.8806,0.31464,0.799315,,,0.00452674 0.00964612 0.00815596 0.0335525 -0.0296212 0.0186367 0.0604998 -0.0063538 -0.0108549 0.0114784 0.619572 0.00314567 -0.00486132 -0.0233954 0.00563346 0.0147283 0.0336377 0.00639213 0.0300113 0.0670984 0.0144009 0.0616984 0.0180532 0.107199 0.0526184 0.00126867 0.0353743 0.0801201 0.043218 0.0193327 0.0279295 -0.0155902,800,0,cuda,25.97,27.71
test,3640,yorkshire_terrier_74,yorkshire_terrier,dog,correct,yorkshire_terrier,lime,36,0.996665,36,0.424486,0.875021,0.450535,0.3633,0.930334,0.312914,0.476714,,,-0.00180444 0.014093 -0.0181955 0.00732992 0.0084841 -0.00819323 0.00368268 0.0995314 0.00239585 0.0114388 -0.010919 0.00762015 -0.00461886 -0.00606243 0.0466478 0.0748211 0.0679847 0.107953 0.0447865 0.0404977 0.0925572 0.0049814 -0.00795511 0.0198511 0.0258377 0.059316 0.0569559 0.00743355 0.0098949 -0.0103433 0.0269554 0.0062522 0.0250816 0.0376866 0.0338579 0.018001,800,0,cuda,22.71,25.18
test,1823,keeshond_47,keeshond,dog,correct,keeshond,lime,18,0.99735,44,0.622748,0.996362,0.373614,0.166799,0.904887,0.430847,0.717023,,,0.0296249 -0.014935 0.0090393 -0.0178507 0.007353 0.0769325 0.0361343 0.199049 0.0403787 0.0131019 0.16527 0.11755 0.0627809 0.0247106 0.23068 0.0141582 -0.0126776 0.065161 -0.00528624 0.0577933 0.0137192 0.0147919 0.349594 0.02457 0.0125944 -0.00479549 -0.00241354 -0.0204485 0.00175127 0.109781 -0.0203946 -0.0258979 0.00157643 -0.00532108 0.00416779 -0.0109627 0.00469932 -0.00342552 0.0154438 0.00811071 -0.00716167 -0.013728 0.0113695 -0.000459982,800,0,cuda,32.13,34.19
test,1795,keeshond_21,keeshond,dog,correct,keeshond,lime,18,0.999037,27,0.17038,0.703915,0.533535,0.062021,0.921415,0.277108,0.686964,,,0.0189264 0.00686318 -0.0171539 0.00103325 -0.0158783 -0.0156276 0.21174 0.00652443 0.133864 0.0161236 0.00772942 0.459159 -0.0114389 0.105805 0.024511 0.0223916 0.0291659 0.148733 0.00742904 0.353171 0.00647672 -0.0518592 -0.00504306 -0.0173417 -0.0327527 0.0548099 -0.00980255,800,0,cuda,20.8,22.02
test,2924,samoyed_49,samoyed,dog,correct,samoyed,lime,29,0.998939,36,0.518973,0.992941,0.473968,0.30486,0.850276,0.400513,0.704356,,,0.0359105 0.0403953 0.0137293 0.0353663 0.34876 0.0215308 -0.00573864 0.138193 0.0523372 0.0175223 0.113072 0.130827 0.0069 -0.00322988 0.0131138 -0.0145549 0.191759 0.0120848 0.0143316 0.0221123 0.11255 0.0273435 0.00639967 0.000214886 -0.00716713 0.00818906 0.00957703 -0.00200035 -0.00498933 0.00481061 -0.0100299 -0.00758981 -0.000301166 0.00808144 0.00481012 -0.0136572,800,0,cuda,36.54,41.25
test,1970,leonberger_90,leonberger,dog,correct,leonberger,lime,19,0.951171,35,0.572046,0.919193,0.347147,0.117246,0.872435,0.165723,0.958543,,,0.00437604 0.00456001 0.0118851 -0.00231792 0.00684593 0.00159363 0.0282541 -0.00541657 -0.00232541 0.0147997 -0.00106459 0.0127951 0.0902519 0.0608448 0.0124441 0.100643 0.0138801 0.0428451 0.0165035 0.0184333 0.755253 -0.0148917 0.00855438 0.00263486 0.0121179 0.0104051 0.0249952 0.04943 0.00577675 -0.0189134 -0.00171352 -0.0110526 0.0280506 0.00690014 -0.00695984,800,0,cuda,18.68,19.78
test,730,Bombay_45,Bombay,cat,correct,Bombay,lime,7,0.999853,41,0.797453,0.997634,0.200181,0.584896,0.931361,0.181112,0.35568,,,0.000579963 0.000538047 0.00282898 0.0117538 0.0150908 0.00154591 -0.0009438 -0.00789267 0.00600935 0.0203876 0.00436955 0.00491428 0.0144082 0.00738466 0.0597195 0.0124622 0.0102435 0.00658314 0.00477285 0.031032 0.00115502 0.0225942 0.00510951 0.00848765 0.0255466 0.0643315 0.00740168 0.0261952 -0.000872626 -0.000324781 0.0112105 0.00367198 0.0105211 0.0104448 0.0166704 0.0113367 -0.00105869 -0.000681086 0.00448362 0.0105241 0.00966816,800,0,cuda,24.88,28.09
test,2967,samoyed_88,samoyed,dog,correct,samoyed,lime,29,0.998026,33,0.348772,0.964673,0.615901,0.170267,0.952282,0.324573,0.720616,,,-0.00389183 0.00804529 -0.0218999 0.0586981 -0.00442119 -0.0097171 0.00991423 0.0157146 0.314686 -0.00628665 0.307275 0.199994 0.00437693 0.00303105 0.00870984 -0.0192511 0.261163 0.0651416 -0.0106175 0.000656465 -0.0215059 -0.000318995 0.0414661 -0.0107552 -0.0108081 0.0483687 0.0101699 0.0122865 0.0239769 0.0155874 0.0340283 0.000652546 0.0315553,800,0,cuda,12.33,15.26
test,297,american_pit_bull_terrier_9,american_pit_bull_terrier,dog,wrong,american_bulldog,lime,1,0.979424,30,0.762835,0.853255,0.09042,0.102022,0.849883,0.023922,0.805267,,,0.0355453 0.00545518 -0.0266254 0.113781 0.000277188 0.0443352 0.474976 0.00626296 0.000652962 0.0194699 0.0128249 0.0328627 0.00752485 0.344179 -0.00539523 0.0146213 0.0659997 0.241144 -0.0150625 0.0920224 -0.0249579 -0.0226039 -0.0262472 0.0196375 0.0199084 -0.004844 -0.0438628 -0.0153565 -0.00621122 -0.00604925,800,0,cuda,24.32,27.41
test,2121,miniature_pinscher_46,miniature_pinscher,dog,correct,miniature_pinscher,lime,21,0.629849,42,0.130102,0.39386,0.263758,0.166897,0.893961,0.555322,0.78457,,,0.0517623 0.0297306 -0.00501842 -0.0414571 0.0280559 -0.00260994 0.00391321 0.00791946 -0.0207919 -0.0228652 0.079949 -0.00767385 -0.0304001 0.0195126 -0.0103238 0.400103 0.015658 -0.000319234 -0.0150116 0.0166135 0.353103 0.0173656 -0.0171038 -0.0122399 -0.0177552 0.0684429 -0.00963321 -0.0150709 0.106673 0.0263318 0.0151329 0.00992799 0.157081 0.00703487 -0.00648652 0.00473256 -0.00248894 0.103655 0.00501985 0.0197019 0.0108084 -0.0015978,800,0,cuda,18.34,23.35
test,807,boxer_29,boxer,dog,correct,boxer,lime,8,0.999823,41,0.776128,0.990579,0.214451,0.452599,0.895895,0.424824,0.57142,,,0.0252037 0.0108536 0.0367441 0.0429368 0.0125868 0.0191611 0.032986 0.065576 0.0412359 0.0228935 0.0127192 0.0241706 0.00681464 0.121874 0.162889 0.00531912 0.0102652 -0.00329263 0.170408 0.168929 0.0016719 0.0016472 0.0537697 0.0296045 0.082313 0.0178491 0.00356545 0.0190582 -0.00227851 -0.0125084 -0.00901246 -0.00863563 0.00687087 0.00963326 0.00551238 0.0118392 0.00631325 -0.0159036 0.0026611 -0.0109788 0.00837463,800,0,cuda,24.93,25.79
test,2595,Ragdoll_250,Ragdoll,cat,wrong,Maine_Coon,lime,26,0.814474,36,0.660774,0.985898,0.325124,0.044249,0.464091,0.487684,0.445982,,,0.012755 -0.00535159 0.0255419 0.0123409 -0.00305112 0.0105242 -0.0102136 0.00483989 0.00893718 0.00795271 0.024879 0.0395484 0.0125916 0.00405478 0.0209088 -0.00271496 0.040782 0.0127702 0.0138627 0.0243426 -0.00139603 0.0493315 0.0171181 -0.00341226 -0.000629523 0.0296556 0.00730044 0.0234771 0.00939953 0.0561993 0.0219081 0.00209158 0.0554725 0.00683012 0.0345263 0.00155191,800,0,cuda,16.72,20.58
test,1565,great_pyrenees_85,great_pyrenees,dog,correct,great_pyrenees,lime,15,0.918598,37,0.576889,0.988807,0.411918,0.091399,0.775498,0.022736,0.778034,,,-0.0318178 -0.0053745 0.0122155 0.00332524 0.0193119 -0.0679152 -0.00763425 -0.0849189 0.106688 0.0578274 0.0517899 -0.0064621 -0.0317048 -0.011141 -0.0549894 0.116556 0.396796 -0.0560719 -0.00414128 0.136151 0.0442621 0.00607234 0.0354446 0.00098625 0.0510785 0.0313852 0.00475353 0.0799964 0.0594955 0.00473291 0.0335653 0.0172987 0.0379498 0.053665 0.020449 0.0136892 -0.00229273,800,0,cuda,25.79,27.26
test,2997,scottish_terrier_25,scottish_terrier,dog,correct,scottish_terrier,lime,30,0.999957,37,0.453464,0.885854,0.432391,0.359451,0.862065,0.390501,0.802973,,,-0.00534329 -0.00973756 -0.0125338 0.00692055 0.00795366 0.0176063 -0.00404104 0.0312411 0.0139569 0.0886146 0.022829 0.00918511 0.0654663 -0.00308761 0.0707365 0.0269561 0.000679976 0.0471962 0.0137925 0.444225 -0.0107524 0.251704 0.0193217 0.0128589 0.0436525 0.0315457 0.00434593 -0.00834986 0.0120487 0.0460118 0.176927 0.00188938 0.00581431 -0.00244214 0.00863772 0.0157754 -0.0183949,800,0,cuda,22.62,27.76
test,1172,Egyptian_Mau_91,Egyptian_Mau,cat,correct,Egyptian_Mau,lime,11,0.999933,31,0.403121,0.773323,0.370202,0.468209,0.957575,0.141103,0.28994,,,-0.0056754 -0.000442468 0.00227707 0.00166944 -0.000559987 -0.00341906 -0.00119494 0.00288527 0.0168122 0.0103055 0.00117783 0.0168281 -0.00105626 0.0440501 -0.000344402 0.0314754 -0.004154 0.0377918 0.00858532 0.0192315 0.0564586 0.0283706 0.0156067 0.0327978 0.0152041 0.0100953 0.0337274 0.000323801 0.00477031 -0.00252881 -0.00509221,800,0,cuda,22.3,23.66
test,3492,wheaten_terrier_30,wheaten_terrier,dog,correct,wheaten_terrier,lime,35,0.999509,30,0.967375,0.99729,0.029915,0.362423,0.818418,0.481012,0.733463,,,0.094552 0.0455098 -0.014117 0.0726193 0.163246 0.0483807 0.0975111 -0.0385114 0.270633 0.204431 0.0557212 0.0650896 -0.0124839 0.0548791 0.0369529 0.133927 -0.0331443 0.00036728 0.01473 0.00555997 -0.00158801 0.0120088 0.317454 0.014421 0.0482496 0.0283137 -0.00986611 7.65571e-05 -0.00071907 -0.012306,800,0,cuda,27.71,30.62
test,3499,wheaten_terrier_37,wheaten_terrier,dog,correct,wheaten_terrier,lime,35,0.999215,32,0.984933,0.999585,0.014652,0.161903,0.869777,0.194501,0.738956,,,0.0193503 0.0295455 0.00231518 0.0502982 0.0500166 0.0428648 0.0206773 0.0134967 0.0301207 -0.00906488 0.100669 -0.0144656 0.226241 0.0756234 0.48672 0.0507044 0.0652592 0.391484 -0.0133413 0.0504317 0.0128071 -0.0295336 -0.015961 0.00289123 0.00543777 -0.00994074 0.00832986 0.0223986 -0.00165841 -0.00784603 -0.00177745 -0.00587453,800,0,cuda,21.41,22.05
test,821,boxer_41,boxer,dog,correct,boxer,lime,8,0.849356,31,0.40617,0.490381,0.08421,0.096575,0.860962,0.323073,0.836296,,,0.0522243 -0.0085861 0.126599 0.613651 0.0518772 0.101469 0.0172725 0.00861363 -0.000665338 0.00444706 -0.00516375 0.0128293 0.0288479 0.0243833 0.0340801 0.0011552 -0.0310364 -0.00715848 -0.0149618 0.0404939 0.00129034 -0.00974928 -0.0126745 0.0147355 0.00233478 0.00323528 0.0530578 -0.00695121 0.023455 0.0313815 0.0295752,800,0,cuda,23.38,26.6
test,2711,Russian_Blue_262,Russian_Blue,cat,correct,Russian_Blue,lime,27,0.501534,37,0.439672,0.994484,0.554811,0.031943,0.663857,0.099797,0.484739,,,0.00423363 0.0172334 0.00623785 -0.00434862 -0.00318385 0.0203237 0.0311834 0.00351889 0.00698909 0.0609579 0.0679287 -0.0148258 0.0676781 0.00682595 0.0227046 0.0197067 0.096673 0.0621419 0.034097 0.0262951 -0.00254429 0.00688717 0.0765689 -0.000604721 0.013087 -0.0173806 0.0151326 0.00656868 0.00424605 0.0118516 -0.000493357 0.00827426 -0.00010149 0.0120891 -0.0080803 -0.00235941 0.00912059,800,0,cuda,12.98,16.62
test,1241,english_cocker_spaniel_63,english_cocker_spaniel,dog,correct,english_cocker_spaniel,lime,12,0.997133,31,0.565709,0.722788,0.157079,0.263177,0.722659,0.184964,0.589775,,,0.0477947 0.0104695 0.0684851 -0.0122123 0.0227882 0.0597327 -0.0183144 -0.00180245 0.0372838 0.0251548 0.00819244 0.0640282 -0.0151698 0.0375075 0.0370751 0.0813732 0.0776296 0.0533824 0.0380027 0.00139233 0.0125288 0.103606 0.0243599 0.00911745 0.200086 0.00659482 0.0186645 0.144065 0.00307518 0.176164 -0.00809866,800,0,cuda,30.65,36.75
test,1563,great_pyrenees_83,great_pyrenees,dog,wrong,samoyed,lime,15,0.861883,36,0.523876,0.883134,0.359259,0.101543,0.721504,0.009905,0.6665,,,-0.000901189 0.000184195 -0.0521237 0.0110697 -0.00494232 -0.00336971 -0.00376049 -0.00645842 0.0190258 -0.0266536 0.00256311 -0.00675936 -0.00749523 0.201043 0.00594951 0.0112165 0.0473897 0.0979918 -0.0154836 0.122076 -0.012949 0.0558694 0.317872 0.0899506 0.00197084 0.0322103 0.0289638 0.0393386 0.0153445 0.0815758 0.0197548 0.0174084 -0.00745042 -0.0249686 0.0229523 0.0587389,800,0,cuda,24.11,30.21
test,3483,wheaten_terrier_22,wheaten_terrier,dog,correct,wheaten_terrier,lime,35,0.943899,39,0.245576,0.542884,0.297309,0.256264,0.798742,0.286064,0.619256,,,0.0123102 0.222491 0.0159529 -0.0184083 0.00872333 0.0230378 0.153555 0.00787084 -0.00553285 0.103439 0.135702 0.00598796 -0.0366208 0.0256409 -0.0289492 0.0532115 -0.00533124 -0.0120428 0.167047 0.0349265 0.0341017 -0.0126423 0.177861 0.00870994 0.0145777 0.0200756 0.167032 0.0293686 -0.028 0.00430777 0.0269298 -0.0036474 -0.0213632 -8.02389e-05 -0.017149 0.0274281 -0.00329442 0.0101376 0.013921,800,0,cuda,25.96,27.94
test,623,Birman_32,Birman,cat,correct,Birman,lime,6,0.974269,36,0.92907,0.994921,0.065852,0.390998,0.79965,0.618833,0.630523,,,-0.0206036 0.133195 0.0291782 0.0931636 0.00660674 -0.0226037 -0.0135575 0.114799 0.0091081 0.229884 0.0135068 -0.0124553 0.164756 0.0170691 0.113921 0.121088 0.167487 0.0893372 0.0945471 0.123495 0.0804905 -0.00818306 0.0741415 0.043726 0.0246012 0.027791 0.0325037 0.0308598 0.017241 0.0206223 -0.00597036 -0.0222502 0.0520733 0.0555459 0.0163836 -0.0151969,800,0,cuda,23.74,25.28
test,1445,german_shorthaired_67,german_shorthaired,dog,correct,german_shorthaired,lime,14,0.999793,36,0.212333,0.909079,0.696747,0.207275,0.897208,0.33063,0.666291,,,0.0548484 0.0248422 -0.00279281 -0.0186166 0.00954036 -0.0152474 0.0836788 -0.0180919 0.178471 0.0205914 0.00474451 -0.020616 0.0303091 0.0418603 0.258931 0.0592436 -0.0162214 0.0510723 0.025019 -0.0185236 0.0211538 0.335939 -0.0014839 0.0631836 0.0130372 0.0206712 0.0243646 -0.00466606 0.00469422 -0.0229955 0.0261552 -0.0184598 -0.0271078 0.00793334 0.00195075 -0.00472753,800,0,cuda,23.63,24.15
test,1718,japanese_chin_42,japanese_chin,dog,correct,japanese_chin,lime,17,0.999985,42,0.692064,0.96578,0.273717,0.247781,0.940997,0.419463,0.641732,,,0.00688673 -0.0146487 0.0207356 0.0313773 0.184524 0.0603837 0.0668742 0.281256 0.0174984 -0.0112913 0.410944 0.0910824 0.0192384 0.00359989 -0.0276925 0.0841937 0.0666874 0.0255015 -0.00902719 0.0200623 0.0219152 -0.0217581 0.0102104 -0.0074646 -0.0206809 0.0281299 -0.0113822 -0.000978748 -0.0091104 -0.0182929 0.0182937 0.0189718 0.0187549 -0.00534828 -0.0420751 0.0245846 -0.0309419 -0.00847757 0.00931666 0.00284232 -0.00216887 0.0284803,800,0,cuda,26.33,29.6
test,1162,Egyptian_Mau_82,Egyptian_Mau,cat,correct,Egyptian_Mau,lime,11,0.367955,29,0.424227,0.623213,0.198987,0.032404,0.904676,0.013857,0.699431,,,-0.112091 -0.0171241 -0.024002 0.0124021 0.0141574 -0.0208265 -0.000898825 -0.143366 0.0199229 0.0659573 -0.00573766 0.267427 0.0192822 0.103005 -0.0295283 0.0190556 -0.0554332 0.182236 0.0333523 0.00698682 -0.0207658 -0.00105143 0.0569297 -0.170875 -0.0274422 -0.0957678 -0.0241571 -0.0486939 -0.0149008,800,0,cuda,21.65,27.06
test,2260,newfoundland_81,newfoundland,dog,correct,newfoundland,lime,22,0.998087,33,0.671935,0.99222,0.320285,0.472474,0.907721,0.326821,0.666711,,,-0.0038189 -0.00375305 -0.0122751 0.00446684 0.024284 0.027721 0.289915 0.0399771 0.0031948 0.0445896 0.0274811 0.0315192 0.00184351 -0.0144208 0.125553 0.0059208 0.0478479 0.0254061 0.0120894 0.0455837 -5.28401e-05 0.0102212 -0.0222709 0.0884539 0.158106 -0.00386562 0.000463466 0.0464449 -0.00770851 0.0333773 -0.0173986 0.0293139 0.0110596,800,0,cuda,23.45,24.24
test,1640,havanese_62,havanese,dog,correct,havanese,lime,16,0.999721,45,0.45442,0.858266,0.403846,0.281497,0.908445,0.311571,0.737993,,,-0.00635772 0.000824207 0.0219949 -0.00599173 -0.00106227 0.0184909 -0.00805407 0.0215431 0.0128303 0.00224743 0.025682 0.0027366 -0.00266869 0.0135291 0.00641119 0.00412741 0.0135962 -0.00384305 -0.018009 0.0125409 -0.00737646 -0.0291237 0.00322078 -0.0138689 0.0575274 0.267776 0.040161 0.484933 0.00383843 0.0357764 0.143797 0.0269207 0.0739931 -0.00111689 -0.00689156 -0.00487375 -0.0386678 -0.0236291 0.0157814 0.0240919 0.00944068 0.0129727 -0.00746494 -0.0110678 -0.00837404,800,0,cuda,26.99,28.69
test,3083,shiba_inu_202,shiba_inu,dog,correct,shiba_inu,lime,31,0.999902,41,0.239676,0.855414,0.615737,0.13877,0.922774,0.34191,0.672317,,,0.004759 0.0137606 -0.000846053 0.00495968 0.0143666 0.0170008 0.0312763 -0.013817 0.00796445 0.0222131 0.00950894 -0.010213 -0.0243224 -0.00491083 0.399097 0.11204 -0.015243 0.0496636 0.0107813 0.231568 -0.024502 0.0594357 0.00232743 0.0209389 0.00235119 0.176974 0.0177181 -0.00407407 -0.00569674 0.0157891 0.000165175 -0.00513733 -0.0131066 -0.000218142 0.0159749 0.0324581 0.00205758 -0.0143046 0.00200498 0.0125637 0.0230048,800,0,cuda,22.02,23.6
test,3497,wheaten_terrier_35,wheaten_terrier,dog,correct,wheaten_terrier,lime,35,0.508097,43,0.156429,0.791817,0.635388,0.023412,0.809999,0.0839,0.574773,,,0.0150934 0.0288415 -0.0186639 -0.00568154 0.00128875 0.200395 0.00355006 0.0280287 0.00485235 0.147031 0.0108691 0.00377325 -0.00107752 0.00903074 -0.0290006 -0.00959716 0.132024 0.0294443 -0.0064567 -0.00657235 -0.0209854 -0.0072431 -0.000115152 0.154719 0.030129 -0.014 0.0148468 0.0104759 -0.00581731 -0.00479527 0.0119096 -0.0403691 -0.0178458 0.00316318 -0.0278411 -0.00495967 0.0116678 0.00227248 -0.0160603 -0.000974164 -0.00932272 0.00051749 0.00889061,800,0,cuda,27.35,28.9
test,2603,Ragdoll_260,Ragdoll,cat,correct,Ragdoll,lime,26,0.999883,41,0.413764,0.789776,0.376013,0.15583,0.836488,0.194221,0.822588,,,0.020975 0.0228079 0.0441689 0.10069 0.241981 0.00767699 0.0740379 0.0207585 0.00159741 0.0854101 -0.00184025 0.0455125 0.0128915 0.321923 -0.0170599 0.555762 -0.0600031 -0.00239098 0.0159101 0.00246201 -0.0211568 0.0258511 0.0135318 -0.0142534 -0.00190553 0.00824992 0.0250841 -0.0125988 0.0244277 -0.00627432 0.00408794 0.0221579 -0.00124042 0.0511468 0.0129788 -0.00709605 -0.0193235 -0.00722831 -0.0153677 -0.0211507 -0.0172774,800,0,cuda,26.52,30.19
test,2775,Russian_Blue_95,Russian_Blue,cat,correct,Russian_Blue,lime,9,0.691511,41,0.703145,0.681239,-0.021906,0.024548,0.860126,0.283607,0.633882,,,-0.0771529 -0.0416901 -0.0118718 -0.00840327 -0.00223655 -0.00467872 -0.0149006 -0.105597 0.0381814 -0.146883 -0.028955 0.0788454 -0.0907605 -0.264856 -0.131895 4.94347e-05 0.0815898 0.0741309 -0.0364235 0.0422733 0.191564 0.018169 0.0384851 0.0108403 0.0529744 0.0402428 0.00334196 0.0230398 0.0310365 0.00488923 0.0395938 0.023269 -0.00599331 0.00613412 0.0265222 0.09129 0.0625727 -0.0325282 0.0346469 0.0433099 0.00842045,800,0,cuda,17.38,18.79
test,2749,Russian_Blue_70,Russian_Blue,cat,correct,Russian_Blue,lime,27,0.999599,29,0.265087,0.956815,0.691728,0.137388,0.902419,0.381228,0.756684,,,0.0121892 -0.0252061 -0.0264343 0.00752977 -0.00786692 0.00113843 -0.00271833 0.0740677 0.0458159 0.0328738 -0.00216477 0.219558 0.113303 -0.00141657 -0.0134154 0.279944 0.00963671 0.0840938 0.00204758 0.256628 0.00466489 0.0229601 0.430012 -0.00634581 -0.0296793 0.166479 0.0147848 0.0058055 0.0453048,800,0,cuda,27.91,34.6
test,1022,chihuahua_43,chihuahua,dog,correct,chihuahua,lime,10,0.999733,39,0.788823,1.0,0.211177,0.194115,0.914103,0.625726,0.714098,,,0.0768674 0.00123431 0.020247 0.00902488 0.0321852 0.000819327 0.0180391 0.0702345 0.0145978 -0.00366552 -0.0282577 0.295237 0.0798176 0.0640214 0.0463194 0.0445543 0.00325501 -0.00315918 0.177629 -0.00928634 0.333706 0.0655961 0.345245 0.0233385 0.0975637 0.186843 -0.00281565 0.109472 0.00289798 -0.00327742 0.0267189 -0.0120108 0.00547605 0.0220972 0.0073741 -0.00293564 0.00724547 0.0134965 0.021006,800,0,cuda,25.58,27.78
test,1750,japanese_chin_71,japanese_chin,dog,correct,japanese_chin,lime,17,0.999945,42,0.556043,0.949731,0.393688,0.298506,0.881002,0.422136,0.582786,,,0.000745313 -0.0161308 0.00101773 -0.0136408 -0.0165034 -0.0200375 -0.0100714 0.000128981 -0.0303835 -0.014343 -0.0101331 0.013798 0.0204563 -0.0011992 0.0269914 -0.00200579 0.025584 -0.0151872 0.0684432 -0.00689024 0.0156849 0.000353475 0.196791 0.0194228 0.138713 -0.00826577 0.145727 0.100782 0.00898354 -0.00332397 0.0112898 0.118909 -0.0078489 0.0492341 0.101533 0.042984 0.00703259 0.0220084 -0.00610993 0.0497981 0.186816 0.0170177,800,0,cuda,20.99,22.09
test,291,american_pit_bull_terrier_94,american_pit_bull_terrier,dog,wrong,staffordshire_bull_terrier,lime,34,0.592603,34,0.313496,0.343167,0.02967,0.15473,0.573938,0.021104,0.63773,,,0.0161822 0.0483576 0.0202212 0.0236708 -0.00906119 0.0092124 0.0340941 0.0453791 0.01339 0.000898822 0.0148868 -0.000140556 -0.028646 0.0246141 0.0173433 0.310395 0.085858 -0.0432086 0.00174345 0.0180344 0.00928793 -0.0286494 -0.00140971 0.0129478 0.0460271 0.0294195 -0.00301905 -0.0235622 0.0293247 -0.00922699 0.0201832 -0.0108207 0.00944519 0.00745143,800,0,cuda,13.9,16.44
test,2022,Maine_Coon_37,Maine_Coon,cat,correct,Maine_Coon,lime,20,0.998611,37,0.561862,0.940304,0.378442,0.315707,0.94574,0.255775,0.719065,,,-0.0290681 0.0136007 0.0253056 0.0167389 -0.0148261 -0.0180983 -0.0382208 3.8507e-05 0.111101 0.0208716 0.00336196 -0.00308783 0.107985 -0.0143477 0.00261068 0.158932 0.00202636 0.0346872 0.231889 0.015824 0.0701072 -0.00970784 0.0234538 -0.00496793 0.103506 -0.00086125 0.0200907 -0.0126479 0.00996365 0.00796686 0.0345027 0.0178045 -0.00402365 -0.0061797 0.0112733 -0.0109905 0.0263546,800,0,cuda,24.31,27.55
test,1740,japanese_chin_62,japanese_chin,dog,correct,japanese_chin,lime,17,0.999933,34,0.874661,0.990731,0.11607,0.621092,0.925264,0.144279,0.245825,,,0.00889934 0.027094 0.00275218 0.00661193 0.0145698 0.0402435 0.0433247 0.00450773 0.0102677 0.0126047 0.0102255 0.0439971 0.0169918 0.0281181 0.0196493 0.00378287 -0.00112189 0.00572761 0.00134924 0.0177376 -0.00568504 -0.00141564 -0.00253505 0.015575 0.0133996 0.00357452 -0.003951 0.004764 0.00232785 0.00188274 -0.00900008 0.000792089 0.00336611 0.00365525,800,0,cuda,21.58,24.29
test,2282,Persian_221,Persian,cat,wrong,Ragdoll,lime,26,0.962782,37,0.700415,0.99525,0.294835,0.083557,0.615134,0.574758,0.451506,,,0.0210484 0.00100196 0.00141502 0.0280832 0.027594 0.0136454 0.0145958 0.0667489 0.0191871 0.0123672 0.00582696 0.0735758 0.0226929 -0.00376407 0.00692485 0.00481791 0.0082335 0.0664759 0.0358586 0.0168068 0.0143265 0.0376054 -0.000999756 0.0142746 0.000175957 0.0374122 0.030391 0.0173013 -0.00327904 0.0167717 0.016573 0.022815 0.0100133 0.0162685 0.00919445 -0.00768541 0.00163169,800,0,cuda,27.24,32.47
test,1007,chihuahua_2,chihuahua,dog,wrong,shiba_inu,lime,1,0.724182,35,0.428093,0.752207,0.324114,0.08613,0.703157,0.127095,0.622439,,,-0.0260788 0.000249368 -0.0165845 -0.0124446 -0.00817059 -0.0984858 -0.0462091 0.0304596 0.0199128 0.0693743 0.0478956 0.0707704 0.0391464 -0.0361879 -0.0632366 0.0489329 0.22353 0.158506 0.0621346 -0.0243134 0.00386005 0.000286843 0.0125236 0.0810124 0.0780868 0.0289159 0.0165204 -0.00262291 0.0190081 0.0293548 -0.0235129 -0.00232417 -3.52124e-05 -0.00222877 -0.014125,800,0,cuda,17.1,17.64
test,3026,scottish_terrier_51,scottish_terrier,dog,correct,scottish_terrier,lime,30,0.988675,39,0.33514,0.929492,0.594352,0.097076,0.874268,0.120482,0.741623,,,-0.000154021 0.00940185 0.0454006 -0.0173636 -0.0468415 -0.0014116 0.0135252 0.00519686 -0.0128824 0.0153928 -0.0322491 0.0737588 0.226538 0.00695158 0.0344583 0.0029198 0.0700718 0.0337207 0.00788694 0.219191 -0.00397913 0.304664 0.0164816 0.00355441 0.0996161 -0.0150811 0.0549655 0.271661 0.0120044 0.0376693 0.0150616 0.00270994 -0.0141178 0.0468081 0.00391978 0.134002 -0.00883278 0.00302277 0.00640115,800,0,cuda,25.59,27.88
test,67,Abyssinian_71,Abyssinian,cat,correct,Abyssinian,lime,0,0.997868,39,0.302216,0.975204,0.672988,0.300737,0.982037,0.113728,0.271171,,,0.00729376 0.000322199 0.00119082 0.0104741 0.000772701 0.00577589 -0.00465289 0.00702297 -0.00251287 0.00422883 -0.00278737 0.00226833 -0.000577021 -0.00379543 0.0042552 -0.00264898 0.00410139 -0.00445004 0.00823566 -0.00857019 0.00301752 0.0453118 0.0113295 0.0162468 0.0558886 0.0315311 0.0353572 0.00579927 -0.000841016 0.0114111 0.024727 0.0516575 0.0102569 -0.0116256 -0.00501147 -0.00218761 0.0115924 -0.0176938 0.00253541,800,0,cuda,29.1,30.07
test,24,Abyssinian_232,Abyssinian,cat,correct,Abyssinian,lime,0,0.999266,43,0.421058,0.745685,0.324627,0.30915,0.880892,0.371279,0.655545,,,0.0710513 0.0411843 0.124172 0.0466618 0.055419 -0.0113848 -0.0035238 -0.00451832 0.0264632 -0.00343081 0.006592 0.0422149 0.000998172 -0.0216687 -0.0294031 0.0188789 0.183573 -0.0317731 0.0262526 0.073506 0.00525204 0.0525301 0.17089 0.333097 0.0150729 -0.0269545 0.0232203 0.142057 0.0225884 -0.00801193 0.0155232 0.0485462 0.0801306 0.0384679 -0.002493 0.00247204 0.0649582 0.0211373 0.0502498 -0.0031682 0.0690609 0.0101858 0.0141867,800,0,cuda,32.61,36.07
test,216,american_pit_bull_terrier_22,american_pit_bull_terrier,dog,correct,american_pit_bull_terrier,lime,8,0.400821,41,0.301838,0.619487,0.31765,0.048065,0.633793,0.12251,0.509191,,,-0.00164565 -0.0210237 0.0130183 0.0599777 0.00300502 -0.0287043 0.000107948 0.0147396 -0.00339234 -0.0114717 0.0171692 -0.00701719 0.0308044 -0.0299306 0.00591189 9.34563e-05 0.00156551 -0.00489022 -0.183199 0.00766304 -0.0800498 0.0434905 0.00839042 -0.0461524 0.0635337 -0.00966553 0.0187932 0.0261598 0.0929878 0.00485376 0.107053 0.0627013 0.033453 0.0265164 -0.013198 0.0127028 -0.0076634 0.0535473 0.0261789 0.0653684 0.00428264,800,0,cuda,24.74,30.4
test,2860,saint_bernard_81,saint_bernard,dog,correct,saint_bernard,lime,28,0.99885,40,0.60499,0.991058,0.386068,0.226792,0.962857,0.348041,0.489116,,,0.00376122 0.00279285 0.0504319 0.0026499 -0.00340668 -0.00613497 0.173676 0.0765431 0.0486477 0.029488 0.0128012 -0.00662171 -0.0146201 0.0540121 0.236638 0.0994599 -0.0100528 -0.00236339 -0.0141129 0.00033311 0.0604651 0.0294779 0.0258433 0.0107669 0.0192369 0.116432 -0.00572877 -0.00934522 0.0242043 -0.0065937 -0.00149718 -0.00129498 0.0228406 -0.00314588 -0.00660832 -0.00619804 0.00924196 0.0160965 0.018799 -0.0083503,800,0,cuda,23.32,24.67
test,1910,leonberger_36,leonberger,dog,correct,leonberger,lime,19,0.99979,32,0.557956,0.910461,0.352505,0.403632,0.939794,0.326608,0.500522,,,0.0271859 -0.00613444 0.0205682 0.0310726 0.0607271 0.224635 0.0165074 0.032073 -0.0333086 0.0190308 0.0077646 0.01086 0.0990324 0.0389862 0.0226103 0.0376475 0.00254604 0.00355994 0.0147389 0.0819234 0.0270141 0.0833378 0.0489271 -0.00566061 0.0253088 0.00350849 -0.00206491 -0.00944199 -0.000497105 0.0120616 0.0326265 0.00406174,800,0,cuda,25.23,26.7
test,2783,saint_bernard_193,saint_bernard,dog,correct,saint_bernard,lime,28,0.988058,34,0.48858,0.898545,0.409965,0.17919,0.888638,0.287411,0.794157,,,-0.0093885 0.0154294 -0.0128482 -0.00268224 0.0115035 -0.00126185 -0.00249186 0.0121233 0.00112779 0.00618727 -0.00360149 0.00346434 -0.00669049 0.0177259 0.0141191 0.461576 -0.00418958 0.211489 0.0191038 0.0320978 0.168025 0.152341 -0.0137208 0.032662 0.00208495 -0.0377488 0.0393656 0.299004 -0.00483428 -0.0106283 -0.0257885 -0.00995469 0.00590406 -0.0284776,800,0,cuda,21.19,24.91
test,1153,Egyptian_Mau_74,Egyptian_Mau,cat,correct,Egyptian_Mau,lime,11,0.965974,33,0.419444,0.77258,0.353136,0.240307,0.903645,0.330255,0.648527,,,0.0240507 0.0839069 0.0408525 -0.025958 -0.0170646 0.130623 0.016078 -0.00267459 -0.00300728 -0.0442414 -0.00682308 0.0255374 0.0941772 0.207749 0.0186075 0.0039573 0.259034 0.00964531 0.00778088 0.130055 0.186732 0.0333661 0.0237354 0.00361134 0.0340244 0.0120017 0.0524457 -0.01917 -0.011086 -0.00413659 0.0125715 -0.0298965 -0.0299975,800,0,cuda,27.11,28.3
test,3421,staffordshire_bull_terrier_57,staffordshire_bull_terrier,dog,correct,staffordshire_bull_terrier,lime,34,0.988864,35,0.518794,0.988519,0.469725,0.125239,0.777976,0.390009,0.808264,,,-0.0140839 0.0192495 0.0604743 0.0318156 0.148321 0.00329462 -0.0189468 -0.0035895 -0.000248653 0.0677331 0.0321842 -0.00195115 0.0179242 -0.012771 -0.0106063 0.0729948 0.0504741 0.38064 0.0328025 0.219175 0.0352852 -0.00990604 0.155501 0.0346857 -0.00174615 0.309701 0.00749478 0.110434 0.0056322 0.00626947 0.00498574 0.045996 -0.0171981 6.17563e-05 0.0258462,800,0,cuda,28.95,30.82
test,2159,miniature_pinscher_80,miniature_pinscher,dog,correct,miniature_pinscher,lime,21,0.963999,42,0.316346,0.723502,0.407156,0.15095,0.952058,0.245139,0.743582,,,0.0309936 0.0235045 0.00665325 0.011445 -0.0223376 -0.0208334 -0.0133695 -0.013029 -0.0233986 0.0155025 0.0049914 0.0146371 0.0531389 -0.026669 0.0126593 0.0116518 0.0314238 -0.00965407 0.445104 0.0250302 -0.0208112 0.0575748 -0.00604496 0.357534 0.00468783 0.0784974 0.0332086 -0.0199322 -0.00525074 -0.0114379 -0.0271697 -0.0194484 0.00284355 -0.00842535 -0.00514038 0.0135266 0.0045132 -0.00738182 -0.0152441 -0.00347301 -0.00722566 -0.00928009,800,0,cuda,31.32,37.52
test,166,american_bulldog_70,american_bulldog,dog,correct,american_bulldog,lime,1,0.996567,37,0.55108,0.777713,0.226632,0.231768,0.692541,0.032481,0.674625,,,0.0106434 -0.00256062 0.0857571 0.00962996 -0.0136398 -0.0013484 0.0805391 0.0527316 0.056181 0.107382 0.111946 0.0319421 -0.0146197 0.00852898 0.0890954 0.0642859 0.0105464 0.0728025 0.00962277 0.0452585 0.0307873 0.136842 -0.0178855 0.001734 0.0325012 0.0619675 0.0081533 -0.00161449 0.059457 0.000779325 0.0124335 0.0300582 0.00825594 0.174764 0.20162 0.0166527 0.0268643,800,0,cuda,17.22,19.01
test,3585,yorkshire_terrier_24,yorkshire_terrier,dog,correct,yorkshire_terrier,lime,36,0.9993,29,0.17626,0.601177,0.424917,0.149151,0.955849,0.184457,0.860529,,,-0.013924 0.0498802 0.00730304 0.0248351 -0.00327747 -0.0152531 0.0112937 0.195385 0.0230664 0.0887096 0.0159468 0.00431786 0.587669 0.0104428 0.0156155 0.010188 0.00213456 0.0119357 0.0160318 0.00326363 0.0275947 -0.0200594 -4.58655e-05 -0.00482243 -0.0147828 -0.00799668 -0.00328575 -0.0121228 0.00507829,800,0,cuda,15.32,17.97
test,207,american_pit_bull_terrier_19,american_pit_bull_terrier,dog,wrong,staffordshire_bull_terrier,lime,2,0.717151,41,0.577846,0.934514,0.356668,0.053512,0.714998,0.242695,0.711762,,,0.0825099 0.0512187 0.0255192 0.030773 0.0260294 0.00581415 0.0115407 0.108224 -0.0146798 0.00432094 0.0138925 -0.00129689 0.137855 0.064708 0.0353491 0.0188148 0.344605 0.019042 0.0592679 0.0723367 0.0228214 0.00317943 0.0567006 -0.00848351 -0.0188189 0.133937 0.00684914 0.0665253 0.0168353 0.0317226 0.0198858 0.0232116 0.00503872 -0.0304364 0.0748878 -0.0282696 0.0265788 0.00407958 -0.0246482 0.00246173 -0.0200222,800,0,cuda,29.52,32.86
test,2322,Persian_40,Persian,cat,correct,Persian,lime,23,0.999725,27,0.824279,0.996116,0.171837,0.156827,0.791331,0.238767,0.716116,,,0.0369211 0.380319 0.0531391 -0.00808518 -0.00319774 -0.00368854 0.0020711 0.0150896 0.112302 0.0577343 0.154728 0.304895 -0.0340167 0.303147 0.00595322 -0.0153477 -0.00238705 0.176044 0.00428549 0.0247938 -0.0473714 0.0257016 -0.0144715 -0.028683 -0.0483303 0.00921154 -0.0157366,800,0,cuda,17.34,19.79
test,2089,miniature_pinscher_199,miniature_pinscher,dog,correct,miniature_pinscher,lime,21,0.997636,28,0.459542,0.818697,0.359154,0.363964,0.920093,0.324889,0.604917,,,-0.0145815 0.0491408 0.00902271 0.0248091 -0.00459098 0.0437129 -0.0191306 0.0542854 -0.00857141 0.0280302 0.019492 0.0132847 -0.00869925 0.0193805 0.0509919 0.0488315 0.277165 -0.00919764 0.0830226 0.0226608 0.0284837 0.0578747 0.0542835 0.0772398 0.0761404 0.0488727 -0.0072657 0.00243841,800,0,cuda,33.36,36.47
test,591,Bengal_94,Bengal,cat,wrong,Maine_Coon,lime,5,0.998723,44,0.556421,0.983941,0.42752,0.28978,0.941182,0.374638,0.55204,,,0.0577786 0.0558641 0.012818 0.0194812 0.083008 0.0953954 -0.0132918 -0.0164565 0.00652056 0.0563476 -0.00765331 -0.0040142 0.010232 -0.0415565 0.088531 -0.00492811 -0.0908064 0.0376156 0.0474969 0.0400235 0.0153571 0.0525121 -0.0220179 0.0672554 0.0565069 -0.00283739 0.00967276 -0.0150482 0.285513 -0.0180615 0.0229175 0.0255921 -0.0124391 0.111615 0.0804421 0.0286439 0.123648 0.00595879 0.0155244 0.0483458 -0.00771631 0.0586687 -0.0160604 -0.00330149,800,0,cuda,25.65,30.3
test,1176,Egyptian_Mau_95,Egyptian_Mau,cat,correct,Egyptian_Mau,lime,11,0.999158,31,0.552077,0.805191,0.253114,0.305703,0.815782,0.269634,0.707085,,,0.0976051 -0.0133648 0.0107048 0.017451 -0.00260792 -0.0382992 0.0028531 -0.00353426 0.0416347 0.0338973 -0.000571429 -0.011855 0.0381312 0.0312523 0.0915678 -0.005948 0.0361544 0.357809 -0.0189968 0.00371911 0.0778946 0.000714825 0.0407708 0.0294872 0.018536 -0.0118625 0.139768 -0.0157958 0.036111 0.0605308 0.00289668,800,0,cuda,21.77,22.85
test,1720,japanese_chin_44,japanese_chin,dog,correct,japanese_chin,lime,17,0.997365,41,0.512317,0.870137,0.35782,0.159667,0.887014,0.205413,0.720195,,,0.0102329 -0.00676727 0.0184151 0.128026 -0.00878947 -0.00999501 0.000669772 -0.00807323 -0.0182638 0.195764 0.0411365 0.0573469 0.030264 0.263514 0.18527 0.00645889 0.00284468 0.0165536 0.374328 0.161488 0.0123191 0.0188923 -0.00326126 -0.0347278 0.0205228 -0.0016065 0.0406951 6.59903e-05 -0.00693998 0.0427646 0.0142332 0.0325948 0.0319911 0.0521869 0.0438766 0.0155602 0.00381554 -0.00427638 0.00133196 0.0153441 -0.00271273,800,0,cuda,29.05,35.07
test,1863,keeshond_84,keeshond,dog,correct,keeshond,lime,18,0.93354,37,0.628627,0.979447,0.35082,0.381748,0.853165,0.514775,0.713783,,,-0.00604306 0.0133363 -0.0313455 0.01669 0.033361 0.0165109 0.0144317 0.0292926 0.013191 0.0503039 0.0575054 0.0236012 0.0840085 0.0208906 0.0245791 0.0828502 0.115761 0.012485 0.0106625 0.0155542 0.0352711 0.0113779 0.0655171 0.00442356 0.0768529 0.274749 -0.000565405 0.139147 0.00388302 0.245368 -0.00170163 0.0043278 -0.00880909 0.0191739 -0.000345072 -0.00947295 0.00636069,800,0,cuda,25.63,28.85
test,525,Bengal_34,Bengal,cat,correct,Bengal,lime,5,0.662899,38,0.374761,0.880194,0.505433,0.051123,0.702004,0.20482,0.555034,,,-0.0516555 -0.0572446 -0.0222752 -0.00480044 0.000798678 -0.0063939 -0.033752 -0.0111483 -0.00737246 0.0712125 -0.0205036 -0.0338374 -0.0287411 0.0385071 0.221413 0.00793274 0.0151252 -0.00124363 -0.000204514 -0.109714 0.00762623 0.00688857 -0.0222626 -0.0240846 0.0492738 0.0128988 -0.0107872 0.0286022 0.0135076 0.0327947 0.0130566 -0.0124161 0.162605 -0.0114772 0.00459436 -0.00799405 0.0103971 0.0083113,800,0,cuda,20.77,25.11
test,2335,Persian_54,Persian,cat,correct,Persian,lime,23,0.995536,36,0.612325,0.849282,0.236957,0.09946,0.958258,0.037569,0.705126,,,0.035024 -5.37988e-05 0.0831899 0.0159912 -0.00209931 0.0170189 0.00933521 0.0406909 0.0252594 0.0451663 0.0150684 0.283138 0.00441296 0.0183257 0.451478 -0.0239124 0.144436 0.0634798 0.0173323 -0.0519728 0.049537 0.0296163 -0.0103983 0.018392 0.0119784 0.0612606 -0.0041432 0.0442799 0.0448167 -0.0226632 -0.0632883 0.0172084 -0.0206162 0.0380592 -0.0373994 0.00773177,800,0,cuda,24.21,24.86
test,469,beagle_74,beagle,dog,correct,beagle,lime,4,0.999851,38,0.57948,0.987695,0.408214,0.170946,0.907488,0.402465,0.811413,,,0.0182325 0.0123654 -0.00774189 -0.00393052 -0.0113612 0.0118801 0.0997554 0.025691 0.0828107 0.0560107 0.106966 0.00222736 0.0770973 0.0101328 0.0569413 0.143052 0.0343742 0.58208 0.04276 0.03092 0.000332484 0.0227984 0.0804697 0.113325 -0.00688847 0.0369877 -0.013718 0.0174629 0.00222608 0.0516046 0.0516364 -0.0153469 -0.0017835 0.00263448 0.000853387 -0.00624104 -0.00714543 -0.0312598,800,0,cuda,10.85,14.53
test,1350,english_setter_71,english_setter,dog,correct,english_setter,lime,13,0.995963,32,0.256278,0.834819,0.578541,0.094845,0.966019,0.169951,0.724282,,,-0.00751171 -0.015035 -0.0157165 -0.037577 -0.0359611 0.533237 -0.00739152 0.00359041 0.032876 0.194105 0.0123441 -0.0198883 0.00407981 0.092926 0.00640341 -0.0221779 -0.0283848 0.0568851 0.0185597 0.0161304 0.00397801 0.0297951 0.0965226 0.00406451 0.00101939 0.00537735 0.00548249 0.0119104 0.00650666 -0.0131144 -0.00685952 -0.0211694,800,0,cuda,13.36,16.5
test,2169,miniature_pinscher_8,miniature_pinscher,dog,correct,miniature_pinscher,lime,21,0.869508,35,0.621532,0.990358,0.368825,0.225658,0.707402,0.144623,0.639588,,,-0.00519163 0.00723451 0.0014311 0.134738 0.017578 0.0383427 -0.00206274 0.147303 0.19693 -0.016658 0.176639 0.0508132 -0.0020182 0.203991 0.0619226 0.0277221 0.0167433 0.134764 -0.0103368 0.0134257 0.0431509 0.062606 0.12365 0.0816438 0.046429 0.0338845 -0.00810477 -0.0148529 -0.00338671 0.00242501 0.0113581 0.00748171 0.00929643 0.0268738 -0.0222764,800,0,cuda,33.14,33.62
test,2811,saint_bernard_37,saint_bernard,dog,correct,saint_bernard,lime,28,0.999305,43,0.151248,0.678849,0.527601,0.105195,0.946039,0.305837,0.809618,,,-0.0374423 -0.0237308 0.0161243 -0.014202 -0.00466547 -0.0544822 0.000421671 -0.00249509 -0.00859383 -0.0302465 0.0297844 0.018517 0.0211207 -0.0217116 0.0277878 0.247269 0.0491532 0.0353245 0.158342 0.131397 -0.00330132 -0.00958689 0.104329 0.131461 0.341635 0.350535 0.0147158 0.0677075 0.00943017 -0.0151944 -6.50029e-06 -0.00824787 -0.000586335 0.00214631 0.00313928 -0.00548334 -0.00505526 -0.00995825 -0.0199813 0.0118397 0.00455113 -0.000370107 -0.0229069,800,0,cuda,23.27,24.48
test,1531,great_pyrenees_54,great_pyrenees,dog,correct,great_pyrenees,lime,15,0.940622,36,0.637018,0.780151,0.143133,0.299773,0.858448,0.174847,0.654383,,,0.0304273 -0.00455682 0.0105953 0.000112288 0.0540152 0.0309863 0.00490218 -0.0191564 0.0527944 0.00641634 0.130798 0.0157883 0.187959 0.127676 -0.00493036 -0.018932 0.157767 0.0752286 0.00295201 0.025478 0.0235636 -0.00239586 0.0500264 0.0123065 0.126035 0.0401133 -0.0163149 0.00863735 -0.0234186 0.0821157 0.00122092 0.00273389 0.0021575 0.0291533 0.0242454 0.0203665,800,0,cuda,23.61,26.03
test,3300,Sphynx_240,Sphynx,cat,correct,Sphynx,lime,10,0.636378,38,0.335938,0.461221,0.125283,0.012387,0.819048,0.387698,0.512008,,,0.00797627 -0.00138035 0.00683126 -0.00872882 0.0146806 0.0070638 0.010488 -0.021565 0.109188 -0.00499101 0.032179 0.00862108 0.127693 -0.0135306 0.0478812 0.0216679 0.0194305 0.0735871 0.0930072 -0.087837 -0.0294739 -0.0540744 -0.0123001 0.0191362 0.00805609 -0.0231351 -0.00323572 0.00700144 0.00247821 -0.018963 -0.0101737 -0.0117469 0.00505869 0.00987225 -0.000868107 -0.00643632 0.00730288 0.00207917,800,0,cuda,22.69,23.34
test,928,British_Shorthair_41,British_Shorthair,cat,correct,British_Shorthair,lime,9,0.998041,29,0.456573,0.976166,0.519594,0.233334,0.76102,0.403254,0.747739,,,0.0056512 0.0500013 0.00924127 0.042443 -0.00855094 -0.0247736 -0.0126506 -0.000673491 0.0142262 0.00731196 0.0463822 0.0206065 0.437951 -0.00925748 0.0735174 0.169234 0.0808583 0.0392789 0.0115501 0.0415844 0.0883332 0.0131092 0.027539 0.0630157 0.0637669 -8.6039e-05 0.291533 0.0133813 -0.00330043,800,0,cuda,22.99,28.14
test,1896,leonberger_23,leonberger,dog,correct,leonberger,lime,19,0.994795,38,0.841558,0.998645,0.157088,0.318455,0.864935,0.612169,0.742549,,,0.0457351 0.0355698 0.0137533 0.0888216 0.00810907 0.12484 0.0481606 0.0572096 0.220167 0.132638 0.0119232 0.0632243 0.0558668 0.219971 0.088621 0.0260189 0.0851329 0.0437316 0.0152854 0.0711434 0.113506 0.342976 0.0237439 0.156577 -0.036505 0.0443204 -0.0598374 -0.0064361 0.0224972 -0.00382405 0.0270878 0.00354155 0.020362 0.0117654 0.00827279 -0.0375948 0.00728981 -0.00632597,800,0,cuda,19.13,21.93
test,2721,Russian_Blue_34,Russian_Blue,cat,correct,Russian_Blue,lime,27,0.991806,34,0.561205,0.707364,0.146159,0.249748,0.854277,0.365863,0.625618,,,-0.0126866 0.0518979 0.039438 -0.000340233 0.145868 0.196311 0.0465365 0.106801 0.0776784 0.0803746 0.323759 0.05953 -0.0112202 0.0205513 0.0185187 0.0474848 0.0340088 0.00822495 -0.00488556 0.0964497 0.0120973 0.031776 0.00651784 0.0107274 -0.00658332 0.0521782 -0.0184648 -0.0337827 0.000392472 0.115552 -0.0374301 0.0150089 -0.017743 -0.00345588,800,0,cuda,26.86,31.56
test,1619,havanese_43,havanese,dog,correct,havanese,lime,36,0.511908,37,0.435826,0.642981,0.207155,0.279173,0.878641,0.673382,0.752936,,,0.00514596 -0.000938112 0.0152283 0.0186869 0.00932411 0.014978 0.164061 -0.00227743 -0.013783 0.0763762 0.00170385 0.00325734 -0.016403 0.136685 0.297888 0.0167345 0.00761198 0.0250652 -0.00848902 -0.00344117 0.0207083 0.0204448 0.0944422 -0.00612017 0.0223 -0.0073329 0.00859203 -0.0197605 0.0123756 0.0206754 0.0133598 0.0106449 0.00999099 0.00983052 -0.0117932 -0.0130821 -0.0161773,800,0,cuda,36.87,40.16
test,1469,german_shorthaired_89,german_shorthaired,dog,correct,german_shorthaired,lime,14,0.998735,42,0.616829,0.973353,0.356524,0.438782,0.823314,0.165598,0.380513,,,0.00516653 0.0182568 -0.0158121 0.0124615 -0.00921021 0.0386163 0.00838719 0.00111547 -0.00859303 0.00268175 0.00280385 0.0148975 0.0159496 0.117483 0.018635 0.0243481 0.040622 0.0177949 0.0331504 -0.00088898 -0.00181315 0.0153563 -0.00445934 -0.0109349 0.0107888 -0.0051882 -0.00463731 0.00600528 -0.000152799 0.0219121 0.00615221 0.00820068 -0.00757252 0.0142093 0.0369759 0.0338464 0.0208879 -0.000852196 -0.00968822 0.0127496 0.00869761 0.037333,800,0,cuda,21.49,27.15
test,1141,Egyptian_Mau_59,Egyptian_Mau,cat,correct,Egyptian_Mau,lime,11,0.999843,32,0.307717,0.778897,0.47118,0.170111,0.920194,0.360151,0.606984,,,0.000426934 -0.00122622 -0.00851698 0.0521429 -0.00244293 -0.0185815 -0.0145168 0.00010026 0.0106718 0.0130198 -0.0131177 -0.00728718 0.0482861 0.164225 0.0169348 0.12675 0.00153388 0.0166642 0.268805 0.0702549 0.0542592 0.0158113 0.0055225 0.220596 0.0123408 0.0151153 0.0705548 0.00909244 0.0159882 0.0134405 -0.0171201 0.032279,800,0,cuda,12.81,16.46
test,2934,samoyed_58,samoyed,dog,correct,samoyed,lime,29,0.997616,33,0.524314,0.982265,0.457951,0.177375,0.94223,0.468802,0.690817,,,0.00767114 0.0239223 0.0331107 -0.0199264 0.0185615 -0.011508 0.0452962 0.0345274 0.0469446 0.00279999 -0.00645943 0.097302 0.0102823 0.262627 0.0327985 0.374465 0.135042 0.209662 0.0107196 0.0093341 0.308984 0.0490116 0.0451357 -0.0100617 0.00466529 0.0825649 0.0400494 -0.0271625 0.0568909 -0.0517966 -0.016072 -0.00779325 -0.00180602,800,0,cuda,26.01,31.24
test,1913,leonberger_39,leonberger,dog,correct,leonberger,lime,19,0.998138,37,0.489656,0.912426,0.422769,0.186991,0.950179,0.374334,0.848243,,,0.0310684 -0.0118341 0.0237579 -0.00550738 0.0167931 0.00309638 0.122029 0.618979 0.0122398 0.0290752 0.0597611 -0.0125223 0.0166844 -0.00379623 0.0830738 0.238198 0.101854 0.00790287 0.0409942 0.06607 0.0149816 0.0777011 0.012557 0.0814077 -0.0284577 0.015645 0.0422977 -0.0510769 0.060356 0.000894157 -0.0098232 -0.00883894 0.0100779 -0.0034896 -0.024443 0.0411888 -0.0419152,800,0,cuda,23.99,26.89
test,956,British_Shorthair_6,British_Shorthair,cat,correct,British_Shorthair,lime,9,0.999095,35,0.362962,0.680805,0.317843,0.123533,0.837238,0.015267,0.651015,,,0.0920232 0.0334579 0.204597 -0.0320315 -0.0098273 -0.00620535 0.256112 0.0328476 0.0105582 0.0065411 0.207179 0.041837 0.0053775 0.0647633 0.069963 0.0571342 0.0230037 -0.0324613 0.00659758 0.123077 0.101722 0.0263647 0.0344988 0.10331 0.0723306 -0.0139478 0.0913581 0.00394903 -0.0101054 -0.0258159 -0.0246657 0.00865752 0.00811882 0.0160809 0.00454371,800,0,cuda,26.64,27.6
test,1488,great_pyrenees_197,great_pyrenees,dog,correct,great_pyrenees,lime,15,0.966432,49,0.767459,0.992253,0.224794,0.136841,0.800919,0.04952,0.686548,,,0.00020873 0.00303565 -0.00670304 -0.0279827 0.0337507 0.0134775 0.0841556 0.000397943 -0.0148602 0.00628776 0.0115823 0.0294787 0.261891 0.283587 0.197897 -0.0286528 -0.00572809 0.0706747 0.0480606 -0.0307065 0.0824532 -0.017814 0.0135771 -0.0241164 0.178951 0.00981919 -0.0317073 0.00972776 -0.00175157 0.0596726 0.0387419 -0.00341325 0.0104153 -0.0466683 0.00579053 0.0293993 0.0127667 -0.0154541 0.00470039 0.0105056 -0.0213667 0.00283753 -0.0314175 -0.0270691 0.00786652 -0.00653134 0.00166317 0.0174562 -0.00282871,800,0,cuda,20.78,21.96
test,25,Abyssinian_24,Abyssinian,cat,correct,Abyssinian,lime,0,0.999922,34,0.395229,0.801275,0.406046,0.328034,0.885737,0.294185,0.589911,,,0.00167633 0.0256212 -0.0205376 0.0441133 0.107023 0.0129066 0.0225142 -0.00413834 0.0431443 -0.00620579 0.0107503 0.0170451 0.0524104 -0.0108591 0.00207105 0.00127604 0.0427722 -0.000875244 -0.0144196 0.0307207 0.00175034 0.0194108 0.00393728 -0.00249675 0.278427 0.017533 0.0126079 0.166201 0.060014 0.00684809 0.0321053 0.0204354 -0.0208141 -0.0319978,800,0,cuda,26.06,29.01
test,1134,Egyptian_Mau_51,Egyptian_Mau,cat,correct,Egyptian_Mau,lime,11,0.990763,36,0.326252,0.939032,0.61278,0.2819,0.928425,0.189409,0.698061,,,-0.0187043 -0.0336484 -0.024638 -0.149247 -0.0215504 0.020393 0.0125663 0.0145789 0.169411 0.00943264 0.0152555 -0.0285999 0.00911422 0.0280772 0.0133563 -0.011069 0.243069 0.0257012 -0.000160342 0.135174 0.0529382 0.0219438 0.0305547 0.262226 0.108738 0.0303036 -0.00394826 0.0741147 0.0152052 0.00515926 0.075592 0.0168489 0.032243 -0.0103674 -0.0261356 -0.0126347,800,0,cuda,19.78,22.32
test,2197,newfoundland_24,newfoundland,dog,correct,newfoundland,lime,22,0.999679,39,0.662129,0.993281,0.331152,0.227151,0.859052,0.243234,0.789768,,,-0.0107821 0.0532609 0.0446079 0.427141 0.0869366 0.0148134 0.192962 0.0331001 0.137262 0.00325922 0.00910148 0.0405628 0.00327936 -0.0397662 0.00246185 0.107617 0.189006 0.0313237 -0.0096012 -0.0300319 -0.00318339 -0.0248254 0.0533201 0.00573099 -0.000175982 -0.0325165 0.0294655 0.0159868 -0.0235381 -0.00482748 -0.00139703 -0.0269832 0.0664567 0.00119793 0.0222955 -0.0217607 -0.0131367 0.00991825 -0.0152343,800,0,cuda,17.69,27.93
test,925,British_Shorthair_39,British_Shorthair,cat,correct,British_Shorthair,lime,9,0.999772,34,0.620356,0.962047,0.341691,0.164717,0.881617,0.54609,0.733314,,,-0.0165373 0.0430054 0.00601506 0.0421632 0.0305197 0.00505619 0.033912 -0.000410503 0.16947 0.109286 0.0245968 0.0147022 0.0186276 0.142618 0.278972 0.366398 0.00842664 0.0125645 0.0260827 -0.00760872 0.000545821 0.0309146 0.0998782 0.143708 0.0298435 -0.0116704 0.00281647 0.126592 0.00655906 0.0441363 0.00251721 0.0362735 0.0600767 0.0131511,800,0,cuda,27.81,29.81
test,3224,Siamese_44,Siamese,cat,correct,Siamese,lime,32,0.998573,38,0.424127,0.528668,0.104541,0.079516,0.904152,0.236351,0.804474,,,0.0122066 0.0455849 0.0173022 0.0802212 -0.0124585 0.0134667 0.29743 0.0263576 0.0205459 0.0948162 -0.0150308 0.367093 0.4207 0.0117472 0.0745544 0.0136174 0.0205734 0.0296551 0.0132961 0.0538304 0.0610404 -0.00146626 0.0353931 0.0517711 0.00945441 0.0150816 0.0243317 0.0368347 -0.0171499 -0.0296512 -0.014687 0.00922476 0.00978381 0.00916653 -0.0161354 -0.00137988 -0.00147873 0.00203649,800,0,cuda,26.6,29.55
test,1552,great_pyrenees_73,great_pyrenees,dog,correct,great_pyrenees,lime,15,0.882134,37,0.346201,0.582959,0.236758,0.17865,0.931823,0.260631,0.829052,,,0.0104417 0.0128937 0.0626556 0.0142859 0.135082 -0.00871307 -0.0344179 -0.0134173 0.394531 0.0208282 0.00355074 0.00879364 0.137303 0.0162497 0.0647605 0.0399885 0.0382976 0.0125413 -0.00704183 0.018435 0.00891781 -0.0138486 0.0073667 -0.00216321 0.00656402 -0.00569098 0.0109995 0.00670908 -0.00657732 0.0290641 0.0117579 0.013373 0.0137399 -0.0194315 0.000874978 0.0173975 0.00355899,800,0,cuda,20.58,24.19
test,2744,Russian_Blue_64,Russian_Blue,cat,correct,Russian_Blue,lime,27,0.996675,37,0.594348,0.989847,0.395499,0.236128,0.714988,0.51966,0.710409,,,0.0645733 0.0412831 -0.00112698 0.117211 -0.0150552 -0.0210701 -0.0204644 0.0989265 0.00455735 0.0151239 0.0637003 0.220048 0.019996 0.204178 -0.00888728 0.057642 0.115756 0.131272 0.0528264 0.0129625 0.107867 0.22533 -0.0467714 0.143289 0.0401675 0.0172713 0.0226178 -0.0089177 0.290797 0.0101589 0.048936 0.00649331 0.0433953 -0.0219954 0.0687009 0.0321405 0.0213268,800,0,cuda,27.22,34.84
test,843,boxer_61,boxer,dog,correct,boxer,lime,8,0.999038,38,0.906748,0.981294,0.074546,0.390625,0.86973,0.549329,0.632731,,,0.0189792 -0.00527871 0.0140086 0.0605061 0.0415534 0.0172178 0.0282177 0.059909 0.0471111 0.105913 0.152785 0.0473555 0.0271625 0.0212527 0.11095 0.0505098 0.198495 0.0708505 0.0530336 0.0084693 0.0482661 0.0266133 -0.0326126 -0.0019906 0.0263223 -0.00171505 0.00749659 0.0588279 0.127067 0.008789 0.0109813 0.0352657 0.0154949 0.0268426 -0.0058031 -0.000296495 0.0261746 -0.0142363,800,0,cuda,22.59,25.92
test,1645,havanese_67,havanese,dog,correct,havanese,lime,16,0.971458,35,0.636041,0.993055,0.357014,0.261325,0.726159,0.531731,0.718655,,,-0.0221203 0.0157917 -0.00670282 0.0655822 0.0288208 0.0842084 0.0591072 0.0536607 0.0168969 0.215601 0.125031 -0.00576646 0.084742 0.0389073 0.0212189 0.0176936 0.0640842 0.0580612 0.0673583 0.0940519 0.0987782 0.089773 0.0819871 0.0110306 0.0173681 -0.0147379 0.177373 0.0381127 0.00978676 0.00562752 0.148618 0.0153294 -0.00388617 0.137149 0.0329441,800,0,cuda,10.42,16.0
test,2937,samoyed_60,samoyed,dog,correct,samoyed,lime,29,0.985668,35,0.61643,0.715742,0.099311,0.115597,0.938716,0.166092,0.891675,,,0.00101704 -0.00589937 0.00574261 0.0181101 0.046982 0.0786512 0.00707884 0.0148281 0.0193936 0.793442 -0.0247654 -0.0125793 0.0248141 0.0997712 0.0196363 -0.00935964 0.0311941 0.0215412 0.0317978 0.121612 -0.00471844 -0.0151669 0.0304668 0.000471256 -0.0377468 -0.012119 -0.0262472 -0.00587597 -0.0320722 0.00842104 0.00422873 -0.0250233 0.0108212 -0.0114186 0.00147241,800,0,cuda,26.51,27.29
test,2646,Ragdoll_68,Ragdoll,cat,correct,Ragdoll,lime,26,0.999727,33,0.743802,0.90366,0.159858,0.190868,0.673592,0.14927,0.714516,,,0.055411 0.0503758 0.0701721 0.00153376 0.0102242 0.0498336 -0.0291147 0.0409006 0.210093 0.0413686 0.0125009 0.024685 0.0791745 0.0983541 0.0841315 0.261186 0.0160809 0.138883 -0.00561291 -0.0239477 0.344793 0.0553556 0.00957543 0.0241713 0.0128601 0.0228337 0.0424828 0.0163063 0.00640401 -0.00347936 -0.01661 0.00413023 -0.0247635,800,0,cuda,24.26,28.03
test,1020,chihuahua_41,chihuahua,dog,correct,chihuahua,lime,10,0.999936,31,0.419942,0.879562,0.45962,0.169283,0.941802,0.381932,0.69539,,,-0.0107163 -0.0192149 0.177591 0.104874 0.137837 0.00401714 0.0392449 -0.0292684 -0.00148935 0.00691497 -0.0111973 0.281154 0.333965 0.341317 -0.0424747 -0.0059691 -0.0456801 -0.010333 0.195906 -0.0457721 0.202442 -0.0331549 0.0474885 0.00279165 0.0176107 0.0120832 0.0101158 -0.0200072 -0.0194679 0.0076913 -0.00879056,800,0,cuda,24.64,27.15
test,2187,newfoundland_197,newfoundland,dog,correct,newfoundland,lime,22,0.96482,38,0.392797,0.9923,0.599503,0.041909,0.790067,0.349263,0.577369,,,0.0581511 0.0718289 0.00709035 0.0173708 0.0270303 0.0392488 -0.0261243 0.0982791 0.0349018 0.00412416 -0.00260525 -0.0010288 0.097462 0.123651 0.00211133 0.165015 -0.0154778 -0.000217696 -0.0167931 0.0666295 0.00137138 0.145115 0.0801592 0.00954653 0.0194069 -0.0055941 -0.000235237 0.0214753 0.00747646 0.0026022 0.00677364 -0.010675 -0.00137402 -0.0336886 -0.0100232 -0.0274497 -0.0124164 0.00571289,800,0,cuda,26.36,29.56
test,749,Bombay_63,Bombay,cat,correct,Bombay,lime,7,0.999906,25,0.515346,0.97108,0.455734,0.369035,0.948106,0.208857,0.524559,,,-0.00763632 0.21545 -0.000181333 -0.008761 0.0214994 0.064769 0.0574417 0.0378811 0.0221683 0.122494 -0.00858775 0.0248871 0.0173677 0.117592 -0.00847781 0.00405435 -0.00622091 -0.0043684 -0.0236569 0.0512066 -0.00882242 0.000528879 -0.00270557 -0.0155188 0.00957574,800,0,cuda,30.2,31.85
test,3332,Sphynx_44,Sphynx,cat,correct,Sphynx,lime,33,0.99999,33,0.424047,0.784124,0.360077,0.396857,0.872171,0.364408,0.630773,,,0.00661473 0.13858 -0.000667616 0.084741 0.0518016 -0.00115432 -0.029679 -0.00906235 0.224823 0.0423409 0.0818348 0.0049709 0.00986524 0.0717791 0.0423178 -0.00140055 0.0260561 0.166051 0.0218418 0.0102384 0.0424441 0.0036076 0.0559416 -0.00876919 -0.00569403 0.0180563 0.0414921 -0.00772492 0.0207273 0.0297445 -0.00311815 -0.00754824 0.0417698,800,0,cuda,20.88,22.41
test,3052,scottish_terrier_75,scottish_terrier,dog,correct,scottish_terrier,lime,30,0.996508,34,0.620556,0.922382,0.301827,0.115661,0.881662,0.063081,0.785209,,,-0.0109574 0.0238177 0.0343108 0.0402619 0.121522 -0.0225005 0.552986 0.0242435 0.0353542 0.0707536 0.22517 0.0151765 -0.00135799 0.0233007 0.112433 -0.0177309 0.0340325 0.0481582 -0.0256682 0.0251996 -0.0924204 0.126664 -0.0144755 0.0127437 0.0438139 -0.0334077 0.05313 0.000137015 -0.0143583 -0.0315626 0.0106717 0.00525236 0.00420743 -0.0118233,800,0,cuda,36.76,40.42
test,2371,Persian_89,Persian,cat,wrong,Ragdoll,lime,6,0.533017,29,0.503129,0.797965,0.294836,0.146409,0.739204,0.10977,0.64183,,,0.0139418 0.0128711 0.0243519 0.0241492 0.0751251 0.259558 0.000288869 -0.0174622 -0.0106785 -0.000987459 0.0393143 -0.00052958 -0.0853663 0.0048392 0.0496657 0.0120994 -0.0394093 0.121289 0.0236163 0.0722996 -0.00187265 -0.123046 -0.0162168 0.00675583 0.0174861 0.0961515 -0.00221879 0.0387041 0.0164978,800,0,cuda,22.22,24.13
test,180,american_bulldog_83,american_bulldog,dog,wrong,staffordshire_bull_terrier,lime,1,0.991454,34,0.639748,0.953511,0.313763,0.314347,0.859948,0.417537,0.564839,,,0.000343953 0.162266 0.0299455 0.008457 0.081031 0.00464896 0.0879497 0.0403491 0.020575 0.140798 0.016178 0.0736993 0.00314767 0.0782625 0.0414613 0.0831214 0.040263 0.017545 -0.0043255 0.104997 0.040899 -0.0135628 0.0143915 0.0133115 0.00960242 0.0184213 0.00209506 0.0079075 -0.0104974 -0.00300392 0.00247332 -0.000613034 -0.000739269 0.00409792,800,0,cuda,18.39,23.57
test,1272,english_cocker_spaniel_91,english_cocker_spaniel,dog,correct,english_cocker_spaniel,lime,12,0.999968,39,0.457609,0.989855,0.532246,0.160804,0.91147,0.58482,0.691079,,,-0.0098363 -0.0194684 0.0167534 0.0472681 0.0392211 0.0140148 0.0889842 -0.03682 0.0541939 -0.0180191 0.127126 0.18411 -0.0191481 0.115292 0.427197 0.169473 0.0220413 0.0237363 0.133971 0.0711115 0.138512 0.304378 0.00953052 0.091475 0.0811854 0.0540667 0.0093764 0.00108417 0.0465162 0.00401135 0.0154238 0.021548 0.0424777 0.0158564 -0.0189226 -0.00979016 0.0340447 0.00846783 -0.0103734,800,0,cuda,27.15,33.05
test,2498,pug_24,pug,dog,correct,pug,lime,25,0.786741,36,0.451989,0.960815,0.508826,0.042286,0.554944,0.548017,0.355768,,,0.0241374 -0.00915969 0.00401514 -0.00261362 0.0109672 -0.00846246 -0.00198642 0.0549165 -0.00499742 -0.00378018 0.0121833 0.0679741 0.0054792 -0.000281381 0.00823855 0.0189521 0.0465129 0.00926288 0.0172633 -0.0136816 0.00278421 0.00702542 0.000905351 0.000470513 0.0647449 0.0100396 0.0038178 0.00992346 0.00862267 0.00673668 0.00938351 -0.00598966 0.00673965 0.00137953 0.0131281 0.00883622,800,0,cuda,14.28,15.05
test,1434,german_shorthaired_57,german_shorthaired,dog,correct,german_shorthaired,lime,14,0.999959,37,0.351662,0.592782,0.24112,0.363479,0.908287,0.250759,0.458475,,,0.0189519 0.00484551 0.00320197 -0.0166055 0.0121582 -0.00291611 0.00863078 0.021048 0.00770385 0.0246254 -0.00552509 -0.0062159 0.0180692 0.0209933 -0.00465215 0.0211917 0.112828 0.126752 0.0622157 0.0242396 0.0624168 0.020167 0.0125212 0.10143 0.0257286 -0.0056617 0.000243811 0.0131966 0.00441539 -0.00745026 0.0309361 0.0133651 -0.0111829 0.0167325 -0.0148777 -0.00239749 -0.0171257,800,0,cuda,22.12,25.31
test,607,Birman_1,Birman,cat,wrong,Ragdoll,lime,26,0.927354,35,0.44304,0.727318,0.284277,0.158278,0.639307,0.339305,0.648151,,,0.00424407 0.0585489 0.028213 0.0240338 0.0310805 0.0183931 0.0431258 0.0046278 0.0289268 0.0588483 0.0169066 0.16545 0.0259746 0.00941984 0.0381141 -0.000128334 0.0391413 0.0192755 0.0286335 0.102232 0.0946847 -0.158868 0.00444162 -0.0439626 0.0143592 0.00844947 0.0319341 0.0212065 0.0533025 0.0354377 0.0254462 -0.0121855 0.00390553 0.0496854 -0.0141438,800,0,cuda,28.8,31.93
test,3091,shiba_inu_20,shiba_inu,dog,correct,shiba_inu,lime,31,0.999966,44,0.470603,0.874779,0.404176,0.237385,0.923171,0.47196,0.708173,,,0.0159675 -0.0138934 -0.00662664 0.04467 0.0135382 0.00155098 -0.00796853 0.169803 -0.00264867 0.135033 0.516142 0.0734109 0.00282594 0.146218 0.121127 -0.000717691 0.0924367 0.0693933 0.0263969 0.136665 -0.0144997 -0.016996 0.00985634 0.13743 0.0322594 0.146568 0.00692388 -0.0285533 0.031877 0.0131379 0.00293288 -0.0400089 -0.00467501 -0.0181719 0.0415736 0.0284256 -0.0207452 -0.00751669 0.00803356 -0.0144748 0.0228468 0.0164093 -0.0251737 0.0260974,800,0,cuda,33.01,35.66
test,1352,english_setter_73,english_setter,dog,correct,english_setter,lime,13,0.983785,40,0.367865,0.980606,0.612741,0.047314,0.951586,0.052937,0.963199,,,0.00437658 -0.000836718 -0.000429834 0.0172114 -0.0143671 -0.0129261 0.00279479 -0.00119329 0.00514398 -0.000236127 0.0128732 -0.0166174 0.00901876 0.0759832 -0.0074219 -0.0134374 0.0199542 -0.00940097 0.00191479 -0.0012407 0.000513325 0.863144 -0.0016255 -0.00742009 0.0845351 -0.0124912 -0.000744368 -0.00891294 -0.00768767 0.00623581 0.0761226 0.0350468 -0.00584442 -0.00236637 -0.000754645 0.00197485 -0.00426268 -0.00193437 0.00650057 -0.0191794,800,0,cuda,29.28,33.61
test,2344,Persian_63,Persian,cat,correct,Persian,lime,23,0.999819,44,0.618383,0.982716,0.364333,0.175899,0.942779,0.243224,0.743699,,,0.0317381 0.010931 -0.00381664 0.0539495 0.337766 0.375054 0.00243217 -0.0105701 -0.000456783 -0.0133566 -0.00253983 -0.0219861 0.26541 0.257228 0.0131218 0.00813263 -0.0117362 -0.00570367 0.0139521 0.0304187 -0.00872634 0.012646 -0.000540289 0.023343 -0.00224887 -0.0135055 0.0380403 0.00585476 0.0371621 0.0307458 0.00627554 0.0216975 -0.0257038 -0.00539103 -0.01576 0.0582108 0.00306551 -0.0317976 -0.000529318 0.011546 -0.00939777 0.0188153 0.0135674 -0.0172981,800,0,cuda,31.48,32.05
test,1904,leonberger_30,leonberger,dog,correct,leonberger,lime,8,0.184548,41,0.054488,0.315259,0.260771,0.021715,0.562822,0.028418,0.509763,,,-0.0051775 -0.00555309 0.00981915 0.000565413 0.00622372 0.00173033 0.0107392 0.00535874 -0.00426707 -0.0120762 -0.00870308 0.00109787 -0.0090922 -0.00517318 0.000129959 -0.00176322 -3.1386e-05 -0.00652382 -0.0064507 0.00106876 -0.0204785 -0.00676046 0.00628871 0.00102667 0.0737638 -0.044513 -0.000473835 -0.00652808 0.0176257 0.0105936 0.00676634 0.112925 0.0137101 0.0306758 0.0180029 0.00496431 0.0111431 0.00386785 0.0240772 0.0238161 0.00615632,800,0,cuda,25.27,28.03
test,3341,Sphynx_54,Sphynx,cat,correct,Sphynx,lime,33,0.530933,38,0.493543,0.856019,0.362476,0.142681,0.568123,0.246823,0.511545,,,0.0121434 -0.0037337 0.00905495 0.0324568 0.00170286 0.00392375 0.0321893 0.00973447 0.0167956 -0.029616 -0.0356613 0.0242755 0.0451688 0.0903 0.00681577 0.0360368 -0.00894554 0.0128189 0.0530969 0.0148109 -0.0433868 0.0757738 0.051087 0.0584394 -0.0326849 0.000404041 0.0402352 0.0853448 0.047192 0.0127656 0.0533136 -0.00196557 0.0100237 -0.0145594 -0.0101752 0.0164757 0.0563665 0.12286,800,0,cuda,20.05,26.64
test,1899,leonberger_26,leonberger,dog,correct,leonberger,lime,19,0.989527,40,0.335658,0.732496,0.396838,0.17208,0.952357,0.258116,0.769229,,,0.0351676 0.00385133 -0.00183706 -0.0150121 -0.00244204 0.525779 -0.0280531 0.0241629 -0.00632683 0.128868 0.170208 -0.0242169 -0.00357251 -0.0149423 0.0010706 0.0623037 0.0589775 0.0126427 0.135431 -0.0240387 0.0334977 0.0397932 -0.00140715 0.0844445 0.0594883 -0.00357774 -0.0472678 -0.0257233 0.0163452 -0.0200739 0.0612254 0.0700821 0.0169804 -0.00872695 0.0243813 0.0108874 0.00374539 -0.00907821 0.0200298 0.0169667,800,0,cuda,27.91,30.33
test,3298,Sphynx_239,Sphynx,cat,correct,Sphynx,lime,33,0.999578,37,0.520249,0.857918,0.33767,0.272575,0.798791,0.476572,0.807228,,,0.0240428 0.198826 0.150508 0.0210597 0.0011208 0.0278192 0.0287119 -0.0100785 0.00799904 0.0267704 0.0761646 0.0326286 -0.000374567 0.0172731 -0.00206832 0.0884575 0.124333 0.00706592 0.0144356 0.0615275 0.042708 0.0410844 0.11545 0.435711 -0.000623966 0.0582949 0.186629 -0.0194817 0.0341506 0.0417066 0.0192773 -0.00890861 0.00273861 0.00069137 -0.00971328 -0.00445765 -0.00635973,800,0,cuda,28.07,28.76
test,94,Abyssinian_97,Abyssinian,cat,correct,Abyssinian,lime,0,0.976147,37,0.210758,0.619841,0.409083,0.123665,0.878769,0.099605,0.723571,,,0.206807 0.0182299 0.362964 0.0581165 0.0493256 0.167957 0.161625 0.0672521 0.00732503 0.0555746 -0.00615435 -0.0343677 0.0142857 0.00884209 0.0156795 -0.0044625 0.0159016 -0.0108555 -0.0161905 -0.00386653 0.00174941 0.00823173 -0.00688974 -0.0104049 0.0202056 -0.00425825 -0.0303717 -0.00663311 0.0135087 -0.0103364 0.0120432 -0.000628001 -0.0122511 0.00595425 0.00423417 -0.0251567 -0.0317941,800,0,cuda,30.03,30.91
test,770,Bombay_83,Bombay,cat,correct,Bombay,lime,7,0.999749,43,0.423988,0.910471,0.486483,0.232659,0.891283,0.288956,0.759389,,,0.0143327 0.0166945 -0.00191289 0.00173685 -0.00148937 0.00936529 -0.0311032 -0.0172168 -0.0167337 0.383331 0.0862297 -0.00207406 -0.00966526 -0.00795933 -0.0139276 0.0596126 0.108026 -0.0187325 -0.00292875 -0.040026 0.00718773 -0.00287226 0.143998 0.124161 0.00707262 0.0675613 -0.000284776 0.0934421 0.095725 0.0975675 -0.0194101 0.0986235 -0.031905 0.0284675 0.0125703 -0.0108137 -0.0207122 -0.00608329 -0.0391109 0.0250544 -0.0092786 -0.00632679 0.0214498,800,0,cuda,18.97,24.28
test,637,Birman_45,Birman,cat,correct,Birman,lime,6,0.99778,37,0.655851,0.991618,0.335767,0.297471,0.951298,0.31563,0.529308,,,0.0448022 -0.0349686 0.00365237 -0.0437396 -0.0731132 0.0213344 0.102818 -0.0018635 0.0322348 0.164326 0.00218283 0.042159 0.0116709 -0.0154484 0.0934288 0.11129 0.138347 0.00789257 0.0411578 -0.0104316 0.0260405 0.00269028 0.0241397 0.0287966 0.0596558 0.0431056 0.023354 -0.00779002 0.0429069 -0.00659521 0.0200388 0.0146224 0.0748852 0.0456188 0.0240865 -0.00542207 -0.00678286,800,0,cuda,17.99,27.18
test,1304,english_setter_2,english_setter,dog,correct,english_setter,lime,13,0.986085,38,0.710021,0.977198,0.267178,0.079638,0.783619,0.202594,0.602931,,,0.00352223 -0.0108415 -0.0119383 0.012038 0.00151266 -0.0146051 -0.00951315 -0.0120189 0.127279 0.29838 0.00360439 0.0596461 0.0984389 -0.0197639 0.127144 0.13178 0.00790979 0.0877283 0.058839 0.0808489 0.0126217 0.0200054 0.0334714 -0.00256793 0.048183 0.0093386 0.0346208 -0.0155252 -0.00206604 0.00453348 0.0112233 -0.00729731 0.0169948 0.0138442 0.0324636 0.000450459 -0.00388405 -0.00497294,800,0,cuda,28.54,33.91
test,2334,Persian_53,Persian,cat,correct,Persian,lime,23,0.998707,29,0.562201,0.970632,0.408431,0.120478,0.900353,0.139992,0.713028,,,0.0325384 0.0448405 0.0340203 -6.50189e-05 0.0140668 -0.0189198 0.253434 0.15198 0.403199 0.383183 -0.000464312 0.00519893 -0.00576543 0.0343964 0.0165219 0.0496892 0.00841531 -0.012057 -0.004556 0.0268529 0.00879136 -0.02168 -0.027901 0.0348946 0.0105732 0.00983651 0.0514781 -0.0184085 0.0346451,800,0,cuda,24.0,27.0
test,2536,pug_59,pug,dog,correct,pug,lime,25,0.999061,35,0.451032,0.99115,0.540117,0.172717,0.926646,0.353903,0.646714,,,0.0311856 0.0160817 0.0264098 0.00857651 0.00634749 -0.000442789 0.0775341 0.128694 0.00904311 0.012091 0.0534367 -0.0113481 0.0675764 0.10105 -0.0373428 -0.0266905 0.00904254 -0.0264207 -0.00128549 0.0272394 -0.00418806 0.0436592 0.368131 -0.0188069 0.296062 -0.0110772 -0.00943665 0.012989 0.00339075 -0.00317569 0.000509678 0.00363323 -0.0161384 0.0126141 -0.00517815,800,0,cuda,20.41,23.78
test,2492,pug_202,pug,dog,correct,pug,lime,25,0.992159,39,0.409479,0.982919,0.57344,0.24623,0.892975,0.337659,0.863711,,,0.00669801 0.0159497 0.00580768 0.0375661 0.00295168 0.0269533 0.0426756 0.0091542 0.0226769 0.0509602 0.0871699 -0.0149306 0.0206031 0.00351561 0.0233677 0.0408612 0.497421 -0.000146981 0.0457882 0.112341 0.0414896 -0.00952038 0.0109762 0.0547573 0.0231083 0.00423272 0.0267134 0.0127225 0.00377611 0.01059 -0.00244249 2.88214e-05 0.0150872 0.00315211 0.0170114 0.00172326 0.00178132 0.00215877 -0.00639934,800,0,cuda,34.43,38.96
test,1208,english_cocker_spaniel_33,english_cocker_spaniel,dog,correct,english_cocker_spaniel,lime,12,0.999687,35,0.488162,0.991344,0.503182,0.049815,0.87591,0.186572,0.611845,,,-0.00395007 0.00694149 0.0142643 -0.00122433 -0.0214685 0.0017994 0.0557617 0.00492574 -0.0429641 0.0598148 -0.0351367 -0.0195536 0.156131 0.0241495 0.243351 0.237558 -0.0185693 -0.025091 0.17228 0.130469 0.0395233 0.076063 0.192854 0.0177407 0.00419035 -0.0010628 0.0546257 -0.0399571 -0.0016419 0.00502529 -0.0143253 0.00128958 0.0292093 -0.0229116 -0.0253609,800,0,cuda,28.47,31.27
test,1395,german_shorthaired_21,german_shorthaired,dog,correct,german_shorthaired,lime,14,0.999431,42,0.628448,0.985452,0.357004,0.292108,0.866045,0.54776,0.705693,,,0.0509084 0.0157535 -0.00202725 0.0449102 0.120177 -0.0103805 0.0199865 0.009725 0.0491586 0.214064 0.187775 0.0278011 -0.00727681 -0.00480193 0.131508 0.0540539 0.0197484 0.0742452 0.0237999 0.0847435 0.0762408 0.0251642 0.0926362 0.0516901 -0.00349758 0.0355635 0.0636723 0.119771 0.0387196 -0.0345837 0.017187 0.0223624 0.00186966 0.0195902 0.0069167 0.00742495 0.0108799 -0.0144899 -0.00840291 -0.00480176 -0.00987822 0.00515815,800,0,cuda,23.55,27.13
test,1578,great_pyrenees_97,great_pyrenees,dog,correct,great_pyrenees,lime,15,0.997508,38,0.776507,0.991771,0.215265,0.183664,0.861646,0.289935,0.798007,,,-0.0119973 0.0136177 -0.0148176 -0.0105055 0.490022 0.0143442 0.016507 0.163622 0.0123209 0.0453338 0.00709589 -0.0124582 0.0185801 0.0078057 -0.0239604 -0.00995708 0.00828972 0.243377 0.172673 0.0397253 0.0116929 -0.00402247 0.0162879 0.0152967 0.0143048 0.0449901 0.024432 0.0210474 0.0287605 0.0292347 0.0874874 0.0436427 0.0423936 0.0103464 -0.00912296 0.00662857 -0.0184053 0.00623081,800,0,cuda,22.86,23.88
test,1198,english_cocker_spaniel_24,english_cocker_spaniel,dog,correct,english_cocker_spaniel,lime,12,0.999466,35,0.645906,0.766753,0.120846,0.109208,0.797408,0.3971,0.408324,,,0.0659435 0.070763 0.0438156 0.00529448 0.0901082 0.00257807 0.11434 0.0679903 -0.002598 -0.00188424 0.0774444 0.0768867 0.0250997 0.00715224 -0.0676884 -0.000926124 0.025601 0.0796446 0.042283 0.0590499 0.00962573 0.0406174 0.00939448 0.0132281 0.0148399 0.0450256 0.0037349 -0.0119141 -0.011686 0.049561 0.0149443 0.00825447 0.00348369 0.0123425 0.00689545,800,0,cuda,23.84,26.66
test,275,american_pit_bull_terrier_78,american_pit_bull_terrier,dog,correct,american_pit_bull_terrier,lime,2,0.875145,36,0.672891,0.955921,0.28303,0.052505,0.667997,0.436598,0.468566,,,0.0313012 0.0248475 0.0272897 0.000816032 0.0489504 -0.00809673 0.00215294 0.0737214 0.00886132 0.0511017 -0.000765984 0.0107969 0.00816954 0.0164036 0.0469577 0.0134546 0.117091 0.0448639 0.0141997 -0.000277306 0.00663311 0.100809 0.0579675 -0.00458452 -0.00622936 0.0275012 -0.00346209 0.0517165 0.0110999 -0.0048362 -0.0307367 -0.014315 0.0116788 -0.0146297 0.0099277 0.0276994,800,0,cuda,10.62,13.97
test,2854,saint_bernard_76,saint_bernard,dog,correct,saint_bernard,lime,28,0.999325,38,0.263831,0.953509,0.689677,0.110378,0.946892,0.232408,0.785593,,,-0.000975883 -0.0170646 -0.0145954 0.00921809 -0.015726 0.0099242 0.0103418 0.00172042 -0.0321073 0.00541921 0.184763 0.00210811 0.00936255 0.394014 0.0341946 0.512844 0.0607485 0.00985625 0.000291518 0.00527684 0.090539 -0.00906113 0.00661828 -0.0218558 -0.00504926 0.0858857 -0.0176974 0.0182245 0.0110732 0.0122644 -0.0277951 -0.00330325 -0.0150312 0.0192346 0.0123504 -0.0164969 -0.00407772 0.00679718,800,0,cuda,20.21,23.63
test,1152,Egyptian_Mau_73,Egyptian_Mau,cat,correct,Egyptian_Mau,lime,11,0.996445,37,0.438556,0.93247,0.493913,0.354514,0.954946,0.348649,0.55307,,,0.00827503 -0.010916 0.028683 -0.00822069 -0.00233693 0.074263 0.00794595 -0.0234468 -0.0211208 -0.00195019 0.00416494 -0.0107923 0.0137715 0.00043735 0.0332442 0.00905202 0.0203258 0.0953348 0.0304431 0.0381856 0.00299037 -0.0166523 0.0813647 0.0919275 0.0427459 0.0913197 0.0580321 0.227956 -0.00443753 0.101679 0.260064 0.00238872 -0.0255113 0.0248188 -0.0157156 -0.00769595 -0.000395479,800,0,cuda,20.38,22.87
test,1206,english_cocker_spaniel_31,english_cocker_spaniel,dog,correct,english_cocker_spaniel,lime,12,0.999893,30,0.251156,0.827024,0.575868,0.092714,0.938417,0.306085,0.865935,,,0.011431 -0.0536272 0.0350694 0.671615 0.0225682 0.0112143 -0.000533916 -0.0127916 -0.0222532 0.190106 0.0141288 0.000426262 0.0147838 0.0374563 0.0489274 0.112655 0.221944 0.00463311 0.15027 0.0092857 0.0287402 -0.00571933 0.00214847 0.0161116 0.0312328 0.0498968 0.0273408 0.00270717 0.0204603 0.0212581,800,0,cuda,26.04,28.15
test,2080,Maine_Coon_9,Maine_Coon,cat,correct,Maine_Coon,lime,20,0.999734,41,0.413744,0.981515,0.567772,0.304538,0.937143,0.214326,0.490954,,,-0.0230009 -0.00329495 0.00151162 -0.00394349 -0.00556902 -0.0237739 0.00401391 -0.0105579 -0.00353868 0.0111629 0.01256 0.00418884 0.00107067 -0.0173921 0.0624486 0.00965108 0.024589 0.00184982 0.0573586 0.0131314 0.0658863 0.000204732 0.020775 0.0195461 -0.00212223 0.136475 0.0618607 0.0845724 0.061978 0.0145851 0.00345597 0.0325184 0.00361131 0.0310434 -0.00237138 0.0158178 -0.0155335 -0.00227225 0.00068963 -0.0153239 -0.00573614,800,0,cuda,17.17,20.14
test,1104,Egyptian_Mau_222,Egyptian_Mau,cat,correct,Egyptian_Mau,lime,11,0.992279,34,0.69326,0.994423,0.301164,0.320933,0.856945,0.324651,0.691379,,,0.0139397 0.0285439 0.0474315 -0.0140971 -0.0209672 0.0444615 -0.014049 0.0163053 -0.00891219 0.0227485 0.17506 -0.00623963 0.0171203 0.0908798 0.0547654 0.0351289 0.0128479 0.0058644 0.0682614 0.219386 0.0541677 0.00886962 0.0207565 0.0059824 -0.00741459 0.143189 -0.0268003 0.0422427 -0.0139457 0.00996835 -0.0196318 0.378689 -0.00919324 0.0317361,800,0,cuda,22.79,26.66
test,307,basset_hound_19,basset_hound,dog,correct,basset_hound,lime,3,0.95426,37,0.496034,0.605261,0.109227,0.191484,0.717728,0.062771,0.484625,,,0.100757 0.0661825 -0.018026 0.0140094 0.0275313 0.0688449 0.0234282 0.0489794 0.0696601 0.108098 -0.00263374 -0.0691929 0.0771147 0.327824 0.0388195 0.0583539 -0.0617661 0.0187615 -0.0171078 -0.007926 0.0226462 0.0353649 0.0398659 -0.00405714 0.0931294 0.00874071 0.0098336 -0.012445 -0.0193093 0.05705 -0.0136916 0.0364925 0.0114979 0.0174489 0.0233123 -0.0167917 -0.0210708,800,0,cuda,25.3,27.63
test,2818,saint_bernard_43,saint_bernard,dog,correct,saint_bernard,lime,28,0.996009,37,0.367985,0.834865,0.46688,0.113736,0.791856,0.509007,0.442044,,,0.0343572 0.0219112 -0.017835 -0.0143438 0.114647 0.114552 -0.00261361 0.0569025 0.0231886 -0.00899485 0.00975456 0.0119959 0.0347636 0.0832344 0.0601924 -0.00144935 0.035183 -0.0158011 0.0265485 -0.00415972 0.040223 0.0572355 0.0332777 -0.00856089 -0.00539548 0.0717479 -0.0169891 0.00710588 0.0291042 -0.0220678 0.0099251 -0.015208 -0.00486907 -0.00218471 0.0181232 -0.00237237 0.00208645,800,0,cuda,25.51,29.54
test,2059,Maine_Coon_78,Maine_Coon,cat,correct,Maine_Coon,lime,26,0.743864,36,0.65336,0.652411,-0.000949,0.094717,0.712811,0.172546,0.573001,,,-0.0140054 0.0965821 -0.036653 0.0541183 -0.0245572 -0.0224736 0.00199724 0.0344252 0.049862 0.00474147 -0.0162096 -0.00730742 0.0865959 -0.0289868 -0.107574 0.0257271 0.00326847 -0.0126894 -0.00851479 0.0771168 -0.0116704 -0.000964479 -0.00971948 0.0765676 0.131753 0.1084 0.0188447 0.0287541 0.015971 0.130948 0.0658548 0.0743797 -0.0039927 0.0148195 -0.000611083 -0.0246117,800,0,cuda,24.9,28.67
test,872,boxer_89,boxer,dog,correct,boxer,lime,8,0.996148,41,0.424884,0.95644,0.531555,0.165076,0.945775,0.411191,0.746528,,,0.0177152 0.0326698 0.0369413 0.0698008 0.00105113 -0.00813533 -0.00535669 0.113405 0.00491484 0.0266079 0.0844877 0.0188489 0.00473064 0.0124903 0.481129 0.0361041 0.00887728 0.00145061 0.0313661 0.0172275 -0.0025441 0.239389 -0.00444165 0.0417012 0.0173021 0.0758669 0.0187478 0.00315962 0.0301571 0.0032794 -0.0148006 -0.00683998 0.00157372 -0.0290268 -0.0107791 0.0512153 -0.00494746 -0.00289241 -0.0040559 0.0121627 0.0175039,800,0,cuda,23.36,25.27
test,3115,shiba_inu_41,shiba_inu,dog,correct,shiba_inu,lime,31,0.999171,41,0.534459,0.991297,0.456838,0.205175,0.907363,0.386595,0.666227,,,0.00789477 0.0150816 0.0573538 -0.00399063 0.126629 0.0414612 0.0179919 0.179756 -0.0130807 0.0138321 0.0334836 -0.00473413 0.0131492 0.00164482 0.0873854 -0.0146173 0.210855 0.0491591 -0.00553219 0.445651 0.0265171 0.0217596 0.0198421 0.00199784 0.209496 0.159982 0.0150973 -0.00642694 0.0233467 -0.0202951 0.0156356 0.0340001 -0.0435061 0.040753 0.00476727 0.000521613 -0.0156877 0.0228778 -0.00681079 -0.0170077 0.0248566,800,0,cuda,31.97,36.54
test,86,Abyssinian_8,Abyssinian,cat,wrong,Russian_Blue,lime,27,0.468993,28,0.51718,0.869142,0.351963,0.022831,0.471875,0.23384,0.4349,,,0.0140764 0.019731 0.0178359 0.0104972 0.075227 -0.00448346 0.0258077 -0.00326768 -0.00668296 0.0149543 0.00765949 -0.0449529 0.0168004 0.00179464 0.00462844 0.0186144 0.0367321 0.0137271 0.000375845 0.00811993 0.0310951 0.0123227 -0.00154338 0.0437475 0.01965 0.0101759 0.0087237 -0.000926062,800,0,cuda,17.09,20.08
test,2826,saint_bernard_50,saint_bernard,dog,correct,saint_bernard,lime,28,0.999457,38,0.731047,0.997155,0.266108,0.24087,0.931541,0.411069,0.482964,,,-0.017901 0.00797722 0.00213795 -0.00709237 0.00971708 -0.000944776 0.058671 -0.0174732 0.108385 -0.00314891 0.144812 0.0147805 0.0252002 0.00894925 -0.00615712 0.0656954 -0.0142671 0.0280566 0.0773263 0.0213478 0.182034 0.0385281 -0.00862475 0.0776988 0.00115206 0.187551 -0.00140199 0.0349731 0.0107065 0.00431479 -0.00290573 0.0073743 0.00862494 -0.0022962 0.0388348 0.0154352 -0.00727862 0.00548662,800,0,cuda,34.31,36.49
test,3108,shiba_inu_35,shiba_inu,dog,correct,shiba_inu,lime,31,0.999603,46,0.161153,0.960745,0.799592,0.078869,0.962565,0.334583,0.711752,,,-0.00694491 0.00214783 0.00104367 -0.000558847 -0.0121422 -0.0466256 0.0234662 -0.00963255 0.0186675 -0.0102872 0.0328556 -0.000176733 0.00102194 -0.0062166 0.00323553 0.00326785 -0.0136094 0.0167339 -0.000489276 0.014004 0.0127008 0.0568605 -0.0208895 0.423788 0.0220469 -0.0180029 0.000636985 3.97796e-05 0.0637153 0.0791463 0.144704 0.331668 0.0117437 0.0281454 0.0672446 0.0486113 0.0179475 -0.0146632 -0.0273489 0.0022259 0.00295907 -0.0418143 -0.0146133 -0.00807909 0.00387115 0.00945351,800,0,cuda,20.41,25.88
test,2753,Russian_Blue_74,Russian_Blue,cat,correct,Russian_Blue,lime,27,0.976258,41,0.447365,0.91888,0.471514,0.095028,0.844663,0.075654,0.652595,,,0.00290528 0.0274887 0.0124702 -0.0099269 0.0486977 0.0200877 0.00288138 0.0190763 -0.00265799 0.0155708 0.00888617 0.0149533 0.0191033 0.012953 -0.0144332 0.00470135 0.00300157 0.0112776 0.0914888 0.133108 0.00534292 0.0499276 0.0255307 -0.044664 0.0589448 -0.0166612 0.115162 0.0854939 0.0651082 0.0507345 0.0105303 -0.0316498 0.156809 0.131845 0.262065 -0.00247269 0.0567934 0.0343624 0.155899 -0.0435014 -0.0316447,800,0,cuda,27.54,28.39
test,3130,shiba_inu_55,shiba_inu,dog,correct,shiba_inu,lime,31,0.999849,43,0.622429,0.981155,0.358726,0.236351,0.941358,0.517951,0.566341,,,0.00207711 0.0140847 -0.00586802 0.158726 -0.00888896 0.00835566 0.0201056 0.0378354 0.0805949 0.00572201 0.0507041 -0.0410899 0.000982349 0.00678671 0.0072861 0.2251 -0.00649116 0.161557 0.169754 -0.00829031 0.098905 0.00974279 0.0170701 -0.00143291 0.0573546 -0.00659531 0.0290462 0.121852 -0.00572335 0.060471 0.0043853 0.0397287 0.00716256 0.0155898 -0.0292259 0.039416 0.0133008 0.0198789 0.0230237 0.0279543 0.00588751 0.00345384 -5.17048e-05,800,0,cuda,24.23,26.93
test,3113,shiba_inu_3,shiba_inu,dog,correct,shiba_inu,lime,31,0.99869,39,0.712671,0.99243,0.279758,0.191414,0.8883,0.575474,0.665211,,,0.0253817 0.0211028 0.0716613 -0.0173404 0.0131443 0.035891 0.00011822 0.0451202 0.0380121 -0.00536914 0.0308101 0.0883846 0.0138209 0.173969 0.07937 -0.0166087 0.252952 -0.00141113 0.165804 0.0340307 -0.0267244 0.32733 0.0897912 0.17951 0.0065997 0.084253 0.128881 -0.00862338 -0.00641299 0.00488473 -0.0234581 -0.0351687 -0.00824089 0.0135155 0.00877624 0.0524584 -0.0318465 0.0109908 -0.00558375,800,0,cuda,24.2,28.64
test,2830,saint_bernard_54,saint_bernard,dog,correct,saint_bernard,lime,28,0.999361,42,0.880421,0.992594,0.112173,0.27857,0.937995,0.577518,0.662319,,,0.0510782 0.115054 0.0123709 0.0378804 0.138373 -0.0183718 -0.0276381 0.112458 0.0749599 0.00505891 0.0321585 0.0108006 -0.0299868 0.0101462 0.0438654 0.0228023 0.332152 0.0251243 0.274656 0.0151043 0.0973549 0.0169431 0.165311 0.0417054 0.0364781 0.0201973 0.115336 0.0602623 0.0168467 0.0182198 -0.0211957 0.0224412 0.019472 -0.0156263 0.0867705 0.0179003 -0.0114756 -0.00957743 -0.00618304 -0.0232991 -0.0137869 0.00914809,800,0,cuda,37.27,43.17
test,1435,german_shorthaired_58,german_shorthaired,dog,correct,german_shorthaired,lime,14,0.999974,39,0.281908,0.566545,0.284638,0.188245,0.924229,0.371649,0.714464,,,0.0108559 0.0333319 0.000971203 -0.0214779 0.00531473 0.000403814 -0.00981144 0.0167731 -0.0330966 0.456836 -0.0149699 0.0165133 -0.00711633 0.0249338 -0.028133 0.190409 0.013637 0.00569695 0.073257 -0.0006527 -0.0161554 0.00699009 0.1017 0.0863738 0.014097 0.176852 -0.00341684 0.00171614 0.0091997 0.00358882 0.00417873 0.0504525 0.0160768 0.0996693 0.00151254 0.000443916 0.00886976 0.00784042 0.00448039,800,0,cuda,26.68,28.63
test,2610,Ragdoll_27,Ragdoll,cat,correct,Ragdoll,lime,26,0.727308,33,0.66183,0.970936,0.309105,0.036186,0.455514,0.481243,0.397423,,,0.0211994 0.0144312 0.00788898 0.0114592 0.0106173 -0.0117098 -0.00197187 0.0066952 0.00448697 0.011022 0.0316449 0.011294 0.0285967 0.00465201 0.0120323 0.0126798 0.0357623 -0.00171 0.012822 0.0355498 0.0109437 0.0207761 0.0273624 0.0542784 0.0156885 0.00564001 0.0071257 -0.021294 0.0185425 -0.00257213 0.00941837 0.0147047 -0.0062274,800,0,cuda,25.39,28.62
test,209,american_pit_bull_terrier_200,american_pit_bull_terrier,dog,correct,american_pit_bull_terrier,lime,2,0.964265,37,0.271405,0.43546,0.164055,0.202724,0.792089,0.306887,0.823542,,,0.0641881 0.0606812 0.0097834 -0.00583348 0.115157 0.000387203 -0.0115117 0.0012261 -0.0227458 0.243307 -0.0221648 0.350611 -0.0153081 0.245171 -0.000881108 0.0454739 0.00664109 -0.0112019 0.0114307 0.0897076 0.224469 -0.00762752 0.0300181 0.0295086 0.0383004 0.0113109 -0.00227508 0.00516317 0.0106696 -0.00319175 0.0601655 0.0373238 -0.0331098 -0.00510978 0.0250249 -0.0125934 0.0207376,800,0,cuda,37.07,38.08
test,3220,Siamese_40,Siamese,cat,correct,Siamese,lime,32,0.969988,34,0.84931,1.0,0.15069,0.164907,0.838306,0.395863,0.595982,,,-0.00171853 0.0249305 0.0661593 0.100503 0.151605 0.228593 0.0387174 0.0866313 0.153045 -0.0896248 0.130202 0.0253146 0.125895 0.0246265 0.0750984 0.180927 0.0481772 -0.0295919 0.0212489 0.0439473 0.0373773 -0.00652816 -0.0156025 0.00307681 0.000410669 -0.00847057 0.0536442 0.026462 -0.00631602 0.0564885 0.026628 0.0238685 0.028597 -0.00138965,800,0,cuda,17.35,18.68
test,2787,saint_bernard_197,saint_bernard,dog,correct,saint_bernard,lime,28,0.997463,36,0.303651,0.666667,0.363016,0.142913,0.919665,0.143887,0.750763,,,0.0148212 -0.0136932 -0.124514 0.0168963 0.0228381 -0.00320554 0.205853 0.0282418 0.168019 0.403197 0.0320369 -0.011459 -0.013188 -0.0487504 0.13767 0.148308 0.0122985 -0.00124259 0.0242642 0.0420277 0.0179777 -0.0128575 0.291183 -0.0142594 -0.0397591 0.0448413 0.0298102 -0.00256135 0.0245414 0.0018492 0.0521309 0.0242402 -0.00680134 0.00914047 -0.0213626 -0.0033701,800,0,cuda,24.24,27.05
test,1966,leonberger_87,leonberger,dog,correct,leonberger,lime,19,0.999494,40,0.435746,0.97883,0.543084,0.26853,0.885134,0.511235,0.649979,,,0.0213299 0.0205857 0.063926 -0.0116473 0.0115465 0.103943 0.00450401 0.163447 0.277338 0.0304217 0.0154322 -0.0131228 0.240529 0.0211892 -0.0107897 -0.00347236 0.0145157 0.115975 -0.0203804 -0.0210964 0.106375 0.0075367 -0.0271358 0.000307933 0.0178385 0.330408 0.0324519 0.01154 0.0183233 0.000426557 -0.00187264 0.056341 0.0483607 0.00308178 -0.00931586 0.0203753 0.0107393 -0.00226649 -0.013067 0.0480005,800,0,cuda,22.94,26.71
test,2642,Ragdoll_62,Ragdoll,cat,wrong,Maine_Coon,lime,20,0.857825,31,0.746971,0.789385,0.042414,0.113873,0.920739,0.029235,0.751284,,,-0.0246847 -0.0929077 0.0068069 0.0201354 -0.0131778 -0.022474 -0.0126211 0.0376047 0.095784 0.0124041 0.0259643 -0.00611389 -0.066024 -0.073354 0.0480304 0.0429961 0.0488154 0.244552 0.0614261 -0.00997422 0.300217 -0.000327646 -0.00542052 -0.0434303 0.010971 0.000843995 -0.0199951 0.0113013 0.0102196 0.0037246 0.0260379,800,0,cuda,33.37,40.38
test,1987,Maine_Coon_23,Maine_Coon,cat,correct,Maine_Coon,lime,20,0.999971,37,0.661133,0.975563,0.31443,0.381205,0.916725,0.29862,0.554095,,,0.0288078 0.201773 0.106251 0.0347749 0.0114399 -0.0160744 -0.0240262 0.0222374 0.0587299 0.00758662 0.00643696 0.0812406 0.00505125 0.0601004 -0.00333951 0.030219 0.0283409 0.019132 0.0424668 0.015684 0.010254 0.00243331 0.0140549 0.0191142 0.000902306 0.0133834 0.0163542 0.0169867 0.0105129 0.00114329 0.0245711 0.0152045 0.0121431 -0.00740002 0.00222844 0.0156789 0.00243004,800,0,cuda,22.56,23.54
test,2171,miniature_pinscher_91,miniature_pinscher,dog,correct,miniature_pinscher,lime,21,0.991868,40,0.576451,0.82232,0.245869,0.173827,0.942197,0.374051,0.731668,,,0.026293 -0.0134607 0.0207528 -0.00608964 0.088185 -0.0981626 -0.0253561 -0.0288559 0.0607504 0.00866686 0.312352 0.0543765 0.311137 0.0315223 0.208152 0.0125116 0.0317285 0.259925 -0.0183429 0.0117541 0.0665639 -0.00927067 0.0150317 -0.0140472 0.0231176 0.105663 0.0319842 0.0159549 0.00611195 0.0261624 -0.0154033 -0.00430441 -0.00524249 0.0263368 -0.0102433 0.0102028 0.0282569 0.0193923 -0.0103765 -0.020957,800,0,cuda,28.11,29.24
test,2782,saint_bernard_192,saint_bernard,dog,correct,saint_bernard,lime,28,0.987615,39,0.263353,0.956357,0.693004,0.127715,0.922853,0.125469,0.813869,,,-0.0112125 -0.000620987 -0.0343944 0.00608065 0.00695213 0.00897052 -0.0454321 -0.00553572 -0.0326674 -0.00892211 0.0138735 0.271828 -0.0463897 -0.00320664 0.00658467 0.0417294 0.201966 0.304387 -0.0160045 0.0163871 0.00401993 -0.00523615 0.079259 0.452336 0.00804834 -0.0414327 -0.0221249 0.0283296 0.00655383 0.00569602 -0.0157971 0.0238299 0.0043266 0.0132924 -0.00640771 0.00321896 -0.0142272 -0.0138499 -0.0112396,800,0,cuda,23.31,26.62
test,931,British_Shorthair_44,British_Shorthair,cat,correct,British_Shorthair,lime,9,0.996446,33,0.701869,0.616759,-0.085111,0.181997,0.849831,0.324183,0.843941,,,0.429758 0.156242 0.00683148 0.0368946 0.120002 0.00927363 0.0739198 0.062016 0.0767619 0.252682 0.14801 0.0394163 0.0302757 0.157572 0.00446643 -0.0340809 0.0247707 0.00250668 0.0298993 -0.0234481 -0.0188811 -0.0123639 -0.00693806 0.0269566 0.00152013 0.00254631 -0.0209218 0.0053836 0.018385 -0.00986327 0.00165662 0.00630484 0.0172102,800,0,cuda,26.4,28.65
test,2146,miniature_pinscher_69,miniature_pinscher,dog,correct,miniature_pinscher,lime,21,0.94967,23,0.222616,0.697882,0.475266,0.120787,0.880646,0.360648,0.841203,,,0.0364555 0.00269504 0.00703117 0.0275885 0.0171099 0.43566 -0.00227282 0.148332 0.00509515 0.00365961 0.0403699 0.0339943 0.00516604 0.0514051 0.0160051 0.466478 0.00439738 0.059651 0.0123613 0.0914453 0.122833 -0.0118213 0.0197298,800,0,cuda,23.57,24.33
test,2425,pomeranian_4,pomeranian,dog,wrong,samoyed,lime,24,0.984155,40,0.500219,0.981809,0.48159,0.078113,0.932877,0.22061,0.814726,,,0.00803931 -0.00893896 0.00466589 0.399878 -0.0323334 0.157192 0.0109386 -0.0297084 0.14497 0.257325 0.011239 -0.00233062 0.506521 0.00544545 0.0643238 0.00275561 -0.0179643 0.0156577 0.00422323 0.00969101 0.0452543 0.0106218 0.0166497 0.00499019 -0.00986256 0.0467772 0.0065558 -0.0217269 -0.00556367 -0.0195882 0.0248345 -0.0268659 -0.0228604 0.000316439 -0.00256462 -0.0203798 0.000971242 -0.0184917 0.0127684 -0.014258,800,0,cuda,29.11,30.39
test,130,american_bulldog_37,american_bulldog,dog,correct,american_bulldog,lime,1,0.999862,34,0.74153,0.990073,0.248543,0.341773,0.826534,0.539648,0.768483,,,0.117676 0.00493456 0.100255 0.0305806 0.0878556 0.185056 0.033862 -0.00671223 0.0643728 0.0179825 -0.0133767 0.0270225 -0.00523157 0.359343 0.254765 0.0167646 0.345004 -0.0110384 0.00952029 0.0222311 0.037512 0.0456693 0.00319703 -0.00754277 0.00538882 0.0213586 0.00224777 0.0246343 0.0518381 0.0060504 0.0385662 0.0315179 -0.0102075 0.0372887,800,0,cuda,19.41,22.58
test,1723,japanese_chin_47,japanese_chin,dog,correct,japanese_chin,lime,17,0.999866,33,0.560965,0.987306,0.42634,0.144401,0.909923,0.383381,0.63429,,,0.00809922 -0.00893495 -0.00497388 -0.00541728 -0.0131763 0.017613 0.00886179 0.0856175 -0.0143048 -0.0141284 0.0127677 -0.0067043 -0.00471356 0.0200037 0.015788 0.455396 0.340726 0.0533229 0.12689 0.00897996 0.0747168 0.0948867 0.0289658 0.0266691 0.00985893 0.00990554 0.00653077 -0.0128378 0.00879668 -0.0130649 -0.00527754 -1.73379e-05 0.0311715,800,0,cuda,13.96,16.64
test,2071,Maine_Coon_91,Maine_Coon,cat,correct,Maine_Coon,lime,20,0.998519,36,0.727997,0.990759,0.262761,0.333292,0.93318,0.249125,0.617004,,,0.00106265 -0.0563417 -0.0110753 -0.00888679 0.00728443 0.0125646 0.0275844 0.00657737 -0.00343263 -0.00949318 0.0178368 -0.011577 0.0316397 0.0171976 -0.0192998 -0.00803639 0.0317424 -0.0060968 0.107507 0.0846172 0.0128931 0.0124333 0.00745907 -0.00123091 0.0343367 0.0711955 0.171445 5.59444e-05 0.104546 0.00671846 0.010817 0.0445373 0.0430785 0.0139458 0.020636 0.00354386,800,0,cuda,22.43,25.88
test,3455,staffordshire_bull_terrier_88,staffordshire_bull_terrier,dog,correct,staffordshire_bull_terrier,lime,34,0.951569,35,0.393814,0.987416,0.593603,0.12614,0.808248,0.377077,0.798124,,,0.0135159 0.00610982 0.0246412 0.0450298 0.0146844 -0.00916832 0.0087987 0.0297696 0.000379096 0.110955 0.126112 0.0265924 0.00368854 0.0545715 0.0289434 0.0448628 0.0437639 0.022901 0.00240887 0.0138069 0.523948 0.0427643 -0.00711429 0.0179673 0.00568557 0.0521452 0.164111 0.00757436 0.0113573 0.253114 -0.0372186 0.0384492 0.0357598 0.0681765 0.0912252,800,0,cuda,28.63,32.53
test,954,British_Shorthair_67,British_Shorthair,cat,correct,British_Shorthair,lime,9,0.999996,35,0.726064,0.996629,0.270565,0.417081,0.938918,0.423587,0.52787,,,0.0255771 0.0197303 -0.00180156 -0.00242331 0.0146564 -0.0223749 -0.0030434 0.00233915 0.0532746 -0.00829472 0.0528205 0.0430539 0.170041 0.0430856 0.0653933 0.0396709 0.0375054 0.0603755 0.254852 -0.0031044 0.102204 0.0355451 0.0381705 0.00860709 0.00673698 0.0426561 0.0320684 0.0148702 -0.00193306 0.025865 0.00715317 -0.00360973 0.0233699 0.0046311 0.00183054,800,0,cuda,25.48,26.94
test,555,Bengal_61,Bengal,cat,correct,Bengal,lime,5,0.994548,42,0.678352,0.969628,0.291276,0.407201,0.925132,0.183631,0.285851,,,0.0131555 -0.0235059 -0.00385302 0.00491286 0.00208453 0.00232709 -0.00241687 0.000128745 0.0225909 0.0120183 -0.000408925 0.0104881 0.000231121 0.0114119 0.0694946 0.027068 0.00353697 0.00259232 0.00305755 0.0560062 -0.00970796 0.0115463 0.0221914 0.0190509 0.0411541 0.0449291 0.0160887 0.0180841 0.0150095 -0.00051344 0.0125119 0.0279457 -0.0244201 -0.011675 0.0328524 0.0251693 0.000751438 0.00611024 -0.00242537 0.0325696 0.0335297 -0.00953617,800,0,cuda,32.35,38.66
test,2418,pomeranian_43,pomeranian,dog,correct,pomeranian,lime,24,0.954228,34,0.656688,0.898431,0.241742,0.062906,0.803437,0.254869,0.647982,,,0.00633459 0.017355 0.00298032 -0.00501166 0.0132761 0.0363854 0.0279989 -0.0107147 0.0253668 -0.029482 0.0409082 -0.00831872 0.296259 0.0221289 0.0181997 0.0662032 0.0042752 0.244107 0.0687793 -0.00384281 0.0462767 0.0363297 0.03525 0.0548331 0.00930356 0.007433 0.0221636 -0.01148 0.0104986 -0.00900615 0.0185107 -0.00740826 0.00146167 0.0113658,800,0,cuda,22.58,25.26
test,1930,leonberger_54,leonberger,dog,correct,leonberger,lime,19,0.989323,43,0.720145,0.994419,0.274274,0.171974,0.853489,0.374191,0.669555,,,0.0108564 0.129657 0.0278401 -0.0239868 -0.0013564 0.265432 -0.00880005 0.118811 0.0148633 0.158012 0.0458419 0.00552564 0.00674011 0.105893 0.0596495 -0.0117766 0.175802 0.313016 0.0475628 0.0468952 -0.0132453 0.0696747 0.109453 -0.0366656 -0.0773729 -0.00983311 -0.0132239 0.129518 0.0261438 -0.0153485 -0.00772708 0.0574925 0.0085393 0.0373621 0.0232687 -0.0387568 0.0243991 0.0124388 -0.0298888 0.00960916 -0.00984804 -0.025721 0.00260361,800,0,cuda,17.33,19.92
test,1536,great_pyrenees_59,great_pyrenees,dog,correct,great_pyrenees,lime,15,0.989549,40,0.698521,0.959636,0.261115,0.179342,0.903458,0.273237,0.769288,,,0.00729865 -0.0553206 0.0179581 0.0108598 -0.0021336 0.29061 0.0213556 0.0171615 0.0240602 0.00707876 0.141129 0.0414921 0.0192175 0.0294589 0.00170762 0.10845 0.300387 0.0290948 0.00491067 0.0404838 0.0802904 -0.0021105 0.0373421 0.0148498 -0.00226865 0.00336458 -0.00856648 0.0416324 -0.0123645 -0.00930107 0.00128591 0.00533889 -0.0178386 0.00695512 -0.0706204 -0.000453825 0.00428363 0.0103507 -0.00596757 0.0167255,800,0,cuda,21.54,24.6
test,2431,pomeranian_55,pomeranian,dog,correct,pomeranian,lime,24,0.995513,31,0.668706,0.993991,0.325285,0.078683,0.898777,0.207795,0.734228,,,-0.0228075 0.0162491 -0.00374482 0.270781 -0.0270534 0.0409626 -0.0234547 -0.0105846 0.09362 -0.104224 0.0230786 0.277157 0.0637657 0.000189866 0.00412837 0.402759 0.0314059 0.257889 0.252433 -0.00770932 -0.00844116 0.0166355 0.0285215 -0.02445 0.0163994 0.000544427 -0.0175782 0.00129049 -0.00257603 0.0125136 0.0308408,800,0,cuda,22.79,25.54
test,201,american_pit_bull_terrier_194,american_pit_bull_terrier,dog,correct,american_pit_bull_terrier,lime,2,0.996689,46,0.453703,0.982619,0.528916,0.217536,0.867816,0.43374,0.694622,,,0.0149286 -0.00362009 0.0692441 0.0501219 0.00604455 0.0461258 -0.00523926 0.0775932 -0.000789237 -0.00438001 0.0813169 0.0348274 0.022215 0.020879 0.0384367 -0.00684113 0.174992 0.0129517 -0.0128857 0.202767 0.261013 0.0370791 0.00328895 0.0235055 0.293538 0.0454263 0.03039 0.0239533 -0.00743275 0.0343231 -0.0142709 0.0357492 0.00610145 0.00523291 0.00829147 0.0257197 0.0372677 0.00960574 0.0789238 0.00500741 0.018357 0.0555494 0.00793794 -0.0101236 -0.0135119 0.0276776,800,0,cuda,35.39,38.58
test,2965,samoyed_86,samoyed,dog,correct,samoyed,lime,29,0.993422,28,0.476543,0.992149,0.515607,0.196263,0.896317,0.331298,0.753236,,,0.0262442 0.0161447 -0.0129938 -0.0242155 -0.00899014 0.00146714 0.0218723 0.00831711 0.229851 -0.00256594 0.0178611 0.0475711 0.452286 -0.0237585 0.179224 -0.0141149 0.013798 0.00242215 0.178888 0.0250287 -0.00512673 0.00419405 -0.00749927 0.0166544 0.169572 -0.00355963 0.00557849 -0.0100677,800,0,cuda,25.73,27.64
test,2023,Maine_Coon_38,Maine_Coon,cat,correct,Maine_Coon,lime,20,0.995628,35,0.63626,0.829106,0.192845,0.502424,0.914115,0.141427,0.494458,,,0.0267543 -0.0126645 0.00239216 0.0262765 -0.0165876 0.0324796 0.0758144 -0.0060362 -0.000348471 0.0216615 -0.00150878 0.0151812 0.00632333 0.0176554 0.00648586 0.0641647 0.0130082 0.00590568 -0.00488706 0.00721027 0.00492545 -0.00378034 0.0074012 0.0549465 0.0208872 0.00983011 0.012355 0.0430432 0.0185817 -0.00704738 -0.0138465 0.00415328 0.00452792 0.0142421 -0.00290255,800,0,cuda,25.29,30.77
test,368,basset_hound_73,basset_hound,dog,wrong,beagle,lime,4,0.745018,36,0.76718,0.994771,0.227591,0.059496,0.718001,0.177274,0.463902,,,0.0232947 0.0647726 -0.00708519 -0.00154362 0.0158941 0.0786141 0.151966 -0.024356 -0.00349188 0.0349828 0.00893383 0.0246568 0.0415978 -0.13109 0.0221654 0.247038 0.00953925 0.0726278 0.0370671 0.000474503 -0.0657988 -0.0177411 0.0678447 -0.0369004 -0.0126115 -0.00218642 0.00391374 0.00643952 -0.00604824 0.00771105 0.0262244 0.0390713 -0.00856966 0.00878757 -0.00586804 -0.0126371,800,0,cuda,14.78,17.4
test,973,British_Shorthair_8,British_Shorthair,cat,correct,British_Shorthair,lime,9,0.974473,25,0.647142,0.895313,0.248171,0.146882,0.808933,6.2e-05,0.779865,,,0.0684611 0.0182168 -0.0113254 0.0927823 0.00891369 0.0196034 -0.0266167 -0.014178 0.246546 0.148457 -0.0222512 0.119308 0.496138 0.0357275 0.0462786 0.13021 0.00497061 -0.0257729 0.0326031 -0.00271554 0.00946133 0.00978567 -0.00206354 -0.00460505 -0.0114549,800,0,cuda,17.99,20.59
test,1634,havanese_57,havanese,dog,correct,havanese,lime,16,0.933339,42,0.339664,0.669452,0.329788,0.057938,0.653307,0.070295,0.785973,,,0.0540542 0.00802052 0.0226337 0.00523469 0.0500764 0.00691095 0.00984742 0.00439976 0.0132953 -0.00129302 -0.0192361 0.0235804 0.0386719 0.0231022 0.0169908 -0.0233224 0.07134 0.172675 0.0508679 0.408915 -0.000334161 0.0232817 0.0702007 -0.0174617 0.169822 -0.000290835 -0.0294903 0.00463752 0.0103406 0.00911294 -0.022993 0.0145056 0.0239808 0.00914278 0.0125353 0.0138286 0.0140054 0.0121447 -0.0044121 0.0319513 0.0162822 0.00871578,800,0,cuda,26.12,27.08
test,2435,pomeranian_59,pomeranian,dog,correct,pomeranian,lime,24,0.998752,36,0.597875,0.871066,0.273191,0.092227,0.920074,0.43406,0.738715,,,0.0626098 0.0394388 0.0540006 -0.00444417 0.00562761 0.0514332 0.0237721 0.339339 0.0434625 0.12089 0.0123853 -0.0094767 0.401306 0.0467223 0.00241758 0.0607851 0.0109133 0.203806 -0.015444 0.0303327 0.0273585 0.0152684 0.339463 0.00940423 0.0675771 0.00600824 0.00534166 0.00119818 0.00889759 -0.00382192 -0.0042259 -0.00546215 -0.00758209 -0.00912694 0.00496073 -0.00911943,800,0,cuda,14.14,14.86
test,816,boxer_37,boxer,dog,correct,boxer,lime,8,0.994309,39,0.646843,1.0,0.353157,0.337864,0.951239,0.18126,0.424264,,,-0.0160489 0.00470414 -0.00371729 3.09658e-05 -0.0035489 -0.00237927 0.0170886 0.00902628 0.00853613 0.0392274 -0.00269969 0.0715175 -0.0117923 0.00446379 0.000725641 0.00931234 0.0473276 0.00859221 0.0779084 0.0129947 0.0619079 0.0120619 -0.00364768 0.114717 -0.0145521 0.00622221 0.0182241 -0.00720714 0.00228081 -0.00670428 0.00321627 0.005356 -0.0038437 0.0286051 0.00790397 0.00320691 -0.00274524 0.0125114 0.0184483,800,0,cuda,21.97,24.9
test,1954,leonberger_76,leonberger,dog,correct,leonberger,lime,19,0.995253,41,0.961276,0.992158,0.030882,0.254316,0.863913,0.032318,0.709131,,,0.0497923 0.0805033 0.00448981 -0.00342521 -0.0771998 0.125222 0.232231 0.134453 0.0308193 0.20202 0.0120996 0.07609 -0.368233 0.110297 0.0094587 0.0828235 0.0688658 -0.00138375 -0.018146 -0.0542427 0.0830237 -0.0161504 0.0262628 0.00713488 0.0506356 -0.0112179 0.0147816 -0.020446 0.0777764 0.0255462 -0.0238995 0.0635433 0.00908414 0.0667973 0.060857 -0.0279447 0.0175291 0.0161868 -0.0166023 0.00282208 -0.0118915,800,0,cuda,26.33,30.63
test,1316,english_setter_40,english_setter,dog,correct,english_setter,lime,13,0.999844,40,0.652144,0.990753,0.338609,0.150837,0.838779,0.575824,0.66017,,,-0.00185154 -0.00336695 0.0114937 0.00722942 0.071978 0.184002 -0.0212027 0.0622573 -0.0308858 -0.0149191 0.0226428 -0.0091528 0.0177934 0.0263395 0.0884044 0.00919819 0.260056 0.0252076 0.0211813 0.186596 0.166906 0.0412512 0.296396 -0.00993146 0.16246 0.0487401 0.136243 -0.0242224 0.0802496 0.00266052 -0.0104758 0.0829814 0.0286981 -0.0113567 -0.0179685 -0.0280408 -0.0065608 0.00832384 0.0101791 0.0205987,800,0,cuda,21.47,25.16
test,1905,leonberger_31,leonberger,dog,correct,leonberger,lime,19,0.99821,41,0.560647,0.996336,0.435689,0.163692,0.860334,0.157262,0.73929,,,-0.0450562 -0.0199709 0.0354427 0.0049523 0.0052287 0.00501937 0.042267 0.0230057 0.0503977 0.216955 0.0745517 0.0912295 -0.00129276 -0.013947 0.00691169 -0.00974094 0.0584602 0.142322 0.171375 0.412905 0.0332039 -0.00123347 -0.0125653 -0.0062055 -0.0233609 0.0714922 0.0214661 0.16247 -0.011652 -0.00321677 0.0159944 0.0773531 0.00763723 0.0100061 0.0132472 0.0501787 -0.0120525 0.0233293 0.0473633 0.0187537 -0.000974312,800,0,cuda,19.99,25.39
test,256,american_pit_bull_terrier_60,american_pit_bull_terrier,dog,correct,american_pit_bull_terrier,lime,2,0.919805,37,0.20456,0.650079,0.445519,0.082842,0.817009,0.156429,0.772691,,,-0.00126959 0.322414 0.0675008 -0.000905243 0.0135537 0.188919 0.0922477 0.0247694 0.0343972 -0.0165964 0.0221385 0.00930983 0.00886563 0.114751 -0.0151862 0.160764 0.296195 0.0437538 0.0347489 0.00145758 0.00889163 -0.0163983 0.027586 -0.013848 0.00141742 0.00870089 0.0289948 0.000192682 -0.00534032 -0.0163793 0.000174671 -0.0300597 0.0412064 -0.000157398 -0.0166362 -0.00501301 0.0525132,800,0,cuda,26.69,33.5
test,3269,Siamese_90,Siamese,cat,correct,Siamese,lime,32,0.990423,37,0.397561,0.977623,0.580063,0.217112,0.857622,0.414609,0.624599,,,0.00694453 -0.0133518 0.00264442 -0.00100804 0.0541379 -0.015193 0.026792 0.0417197 0.0559287 0.114323 0.0124538 0.0158369 0.130397 -0.0137824 0.11395 0.322508 -0.0610797 0.0282374 -0.0391042 0.0101362 0.0187232 0.117345 0.0764985 0.0316267 0.110127 -0.0066355 -0.0274509 0.21194 0.145671 0.0211329 -0.00079997 0.00856792 -0.023344 0.0674944 -0.0030845 -0.00107212 -0.0141059,800,0,cuda,32.23,33.4
test,3167,shiba_inu_89,shiba_inu,dog,correct,shiba_inu,lime,31,0.99961,38,0.412548,0.966032,0.553484,0.166811,0.960464,0.574951,0.740853,,,0.0245961 0.0173338 -0.0251738 0.0263148 0.0660987 0.065881 0.248079 0.22644 0.0985602 -0.00993872 0.405378 0.0126921 0.0126699 0.120273 0.00768599 0.0150653 0.035278 -0.00508626 0.225761 -0.0133804 0.152817 0.0195802 -0.0167694 0.0105492 0.0549269 0.0215086 -0.012346 -0.00753757 0.0169183 0.0109771 0.0349609 -0.00957982 -0.02805 0.00224268 -0.0189431 0.00909514 0.00907513 -0.0028172,800,0,cuda,26.07,31.36
test,1472,german_shorthaired_91,german_shorthaired,dog,correct,german_shorthaired,lime,14,0.999974,38,0.306561,0.668238,0.361677,0.438484,0.950731,0.250427,0.393251,,,0.000387745 -0.00775666 0.000486914 -0.00975115 0.0245521 0.106243 0.0135967 0.0281811 0.00471806 0.00841947 0.0150251 -0.00588547 -0.00544587 0.0110149 0.0895877 0.0321423 0.0129005 0.013443 0.0407126 0.0203325 0.00398175 0.0119737 0.0760868 0.0314926 -0.0011479 0.0259975 0.0236794 0.0420892 0.0253131 -0.00791642 0.00295632 0.00969402 -0.000831959 0.0127504 -0.00138315 -0.00729596 -0.00537698 0.00133591,800,0,cuda,21.54,24.15
test,1699,japanese_chin_25,japanese_chin,dog,correct,japanese_chin,lime,17,0.999147,24,0.44605,0.936937,0.490887,0.069608,0.924842,0.10783,0.722351,,,0.0265678 -0.0273578 0.0125486 0.00731034 -0.0260904 0.0348096 -0.0182318 -0.000990139 0.25868 0.139704 0.00829095 0.550913 0.00160544 -0.00658446 0.0439636 0.00118958 -0.00615047 -0.0354146 -0.0244598 -0.0337506 -0.0175955 0.0157528 -0.0292685 0.0112926,800,0,cuda,23.39,24.36
test,2217,newfoundland_42,newfoundland,dog,correct,newfoundland,lime,22,0.999858,39,0.289999,0.931162,0.641163,0.21194,0.925147,0.286759,0.824423,,,0.00968234 0.0615804 0.00366875 0.0172188 0.522514 0.00725141 0.0145075 0.0186294 0.0654462 0.0228676 0.00774158 0.0911865 0.113249 0.00298317 0.0569493 -0.000483322 -0.00718579 0.00881072 0.0158504 0.00805216 0.063492 0.0543704 0.320956 -0.0144014 -0.00744678 0.071522 0.00957905 0.000379677 -0.0133257 -0.000697822 -0.0155204 0.00992523 -0.0141489 0.0110265 0.00278899 -0.0216612 -0.00246735 0.0132738 -0.0391717,800,0,cuda,29.85,30.99
test,1605,havanese_30,havanese,dog,correct,havanese,lime,16,0.973658,35,0.599729,0.986932,0.387203,0.206699,0.647295,0.399523,0.727282,,,0.0512326 0.0723033 0.103335 0.0484073 0.108411 0.167152 0.0753964 0.0407862 0.0381144 0.0901373 0.0173612 0.029651 0.173965 0.0952635 0.113298 0.15357 0.0513015 0.00824245 0.0125148 0.0923614 0.0406312 0.0157476 0.135271 0.0393141 0.00118208 0.0115511 0.0322718 0.131411 -0.00295671 -0.0346559 0.0580863 -0.000708359 0.030192 -0.00441031 0.00780256,800,0,cuda,28.08,31.99
test,1329,english_setter_52,english_setter,dog,correct,english_setter,lime,13,0.999534,33,0.360969,0.908318,0.547349,0.199313,0.851845,0.506923,0.695967,,,0.0409885 -0.00948978 -0.00667607 0.00885378 0.0429186 0.00784902 -0.00254452 0.179102 0.00791741 0.145774 0.178362 0.166985 -0.0102195 0.0361895 0.222349 0.264489 0.118256 -0.0135484 0.276102 -0.038173 0.0102482 0.00383063 -0.00311919 0.0162096 0.00903036 0.0464289 -0.00065829 0.0195966 -0.00375305 0.0420599 0.112137 -0.0263905 -0.00957676,800,0,cuda,20.34,24.11
test,560,Bengal_66,Bengal,cat,correct,Bengal,lime,5,0.970062,30,0.242765,0.924926,0.682161,0.261242,0.959602,0.321014,0.590309,,,0.0117012 0.00972322 -9.00706e-06 0.0288104 0.0139618 0.0232537 -0.0147732 -0.00390149 0.0790751 0.00633085 0.0236714 0.0164332 0.2404 0.0635368 0.0392574 0.0105811 -0.0330647 -0.0201267 0.0702731 -0.00862777 0.0126766 0.0384133 0.0426587 0.233609 -0.00226246 0.0112017 0.00722054 0.0029946 0.00298484 0.0286101,800,0,cuda,26.81,27.97
test,1877,keeshond_97,keeshond,dog,correct,keeshond,lime,18,0.999739,36,0.638433,0.932808,0.294375,0.332769,0.85211,0.470374,0.595469,,,-0.0310772 0.0592117 -0.00485208 -0.0191883 -0.0371445 0.0511571 0.0537464 0.0267438 0.0304908 0.0123762 0.0290234 0.266775 -0.00467833 0.00323774 0.0536041 0.143615 0.00771657 0.0280412 0.00923014 0.0366332 0.107959 -0.0260015 -0.00467505 0.0245299 0.00712121 0.0270306 0.213361 0.0446027 0.0276345 0.0191043 -0.00268103 0.100302 0.0422433 0.0453699 0.0289335 0.0122036,800,0,cuda,22.67,25.84
test,373,basset_hound_78,basset_hound,dog,correct,basset_hound,lime,3,0.929382,37,0.745018,0.848136,0.103118,0.145614,0.870396,0.310846,0.715846,,,0.218198 -0.0070793 0.0332326 0.0354102 0.0130541 -0.0350837 0.000977141 0.128358 0.0631235 0.0149855 -0.0189215 0.00391936 0.0260641 -0.0552335 0.00326 0.317528 0.224239 -0.0352131 0.0210577 0.0308273 -0.00410371 0.0147316 -0.0284978 -0.0131223 0.0189027 0.0249928 -0.0111815 0.00305463 0.0245187 0.0112188 0.00236674 -0.0272607 -0.0174259 -0.00527078 -0.00661345 0.0172504 0.00843261,800,0,cuda,24.34,29.28
test,2957,samoyed_79,samoyed,dog,correct,samoyed,lime,29,0.998961,40,0.382852,0.626623,0.243771,0.22996,0.970273,0.28575,0.668329,,,-0.018365 0.012336 0.0276279 0.00322605 0.00659611 -0.00699854 0.0091064 0.000869433 0.0369977 0.0126692 -0.00756841 0.298319 0.0285426 0.00291298 0.0026002 0.0276728 -0.0210855 0.413003 0.0527144 0.0367879 0.0155527 0.0272948 0.0334664 0.00238811 -0.00237298 0.00674734 0.0305628 0.00628134 0.0113228 0.00317281 -0.00503271 0.0109415 -0.0127479 0.00504929 -0.022959 -0.00792322 0.0070001 -0.00945685 0.00568251 0.00908863,800,0,cuda,21.24,23.46
test,2767,Russian_Blue_88,Russian_Blue,cat,correct,Russian_Blue,lime,27,0.998698,38,0.67333,0.984822,0.311492,0.341848,0.884557,0.40737,0.702825,,,0.0106078 -0.0130557 0.0152043 0.130811 0.0937086 0.0441295 0.250771 0.0548086 -0.0171887 -0.0019597 0.0102518 0.00480303 0.218016 0.000556025 0.088154 -0.0144436 0.0137984 -0.00719669 -0.0216651 0.0104649 -0.00447808 0.0161188 0.0915935 0.190011 0.00722727 0.0484448 0.0583805 0.0921774 0.03101 0.0249813 0.00761368 0.019704 0.021326 0.0388604 0.00667316 0.0153382 -0.00701688 0.0194258,800,0,cuda,25.23,26.56
test,2839,saint_bernard_62,saint_bernard,dog,correct,saint_bernard,lime,28,0.999058,36,0.345424,0.411566,0.066142,0.214499,0.967807,0.303691,0.682396,,,-0.00721978 0.058313 0.160341 -0.0344004 0.0841107 0.0653701 0.146459 0.0547194 0.0226893 0.0450074 0.037972 0.0304263 0.0103551 0.00383394 0.444449 0.043878 0.074427 -0.00126445 0.0771023 0.0143627 0.0479947 -0.040439 0.0212005 -0.00508835 -0.00205997 -0.012393 -0.0253263 -0.0098779 -0.0125887 -0.0112725 -0.0169351 -0.00961036 -0.0186176 -0.0145096 -0.00992034 -0.0156071,800,0,cuda,22.0,30.01
test,3002,scottish_terrier_2,scottish_terrier,dog,correct,scottish_terrier,lime,30,0.9994,31,0.442064,0.981875,0.539811,0.245958,0.873655,0.317567,0.60466,,,-0.0387806 0.0018781 -0.00734343 -0.00462167 0.0419993 -0.0127825 -0.022604 0.0180319 0.0995231 0.0833651 0.0190131 -0.030604 0.0605925 0.329985 0.078033 0.0143296 -0.00352867 0.0446778 0.0228929 0.00943357 0.120159 0.0181333 -0.00755728 0.0177064 0.00394666 0.00052603 0.0080992 0.0665467 0.0821823 0.0261413 -0.0131322,800,0,cuda,31.03,35.55
test,3299,Sphynx_23,Sphynx,cat,correct,Sphynx,lime,33,0.999699,38,0.517917,0.987772,0.469855,0.29681,0.88398,0.355919,0.623043,,,-0.00302614 0.000478031 -0.00434807 0.00518617 0.0143937 0.00543968 0.0354078 0.000513261 -0.00495777 0.0163304 0.0751715 -0.00776838 0.003339 0.00474622 -0.0107113 0.0502243 0.000641743 0.00307496 0.00830321 0.0151539 0.107622 0.0417592 0.075572 0.00970379 0.0682921 0.0637345 0.0110845 0.174062 -0.00628763 -0.023233 0.0973918 0.0823144 0.0721541 0.0343559 0.0468842 0.0189066 -0.0126068 0.00300154,800,0,cuda,18.98,20.58
test,1684,japanese_chin_193,japanese_chin,dog,correct,japanese_chin,lime,17,0.711939,42,0.284758,0.404427,0.119669,0.104687,0.825677,0.153773,0.544718,,,0.0116932 0.0119956 -0.0116429 0.00627695 -0.145925 -0.0100266 0.00697821 0.126411 0.175542 0.140062 0.0140049 -0.00882803 -0.0184507 0.044206 -0.0229813 0.01136 -0.000128665 0.104872 -0.00115285 0.0583333 -0.00259385 0.0615195 0.012289 0.0390421 0.0519357 0.0406202 0.016166 0.0124795 -0.00116531 0.0184956 0.0301181 0.0145348 -0.0026826 0.00366396 -0.00265348 -0.00486329 0.034824 -0.0137331 -0.0178109 -0.00274298 -0.00284102 0.00689125,800,0,cuda,19.74,29.36
test,1167,Egyptian_Mau_87,Egyptian_Mau,cat,correct,Egyptian_Mau,lime,11,0.997707,42,0.361806,0.972637,0.61083,0.198174,0.971387,0.257477,0.5914,,,0.00754309 0.0224838 -0.0195417 0.0144507 0.01375 0.0838649 -0.00998366 0.000905709 0.00127566 0.00947337 0.0412317 0.00324421 0.00877679 -0.017017 0.0060007 0.261058 0.0331768 0.0146379 -0.00161368 0.0340642 -6.3036e-05 0.0570737 -0.0270119 0.0168447 -0.000818526 0.074374 0.0976197 -0.0288422 0.168175 -0.00343143 0.0101076 0.00654366 0.011685 0.0256408 -0.0186726 -0.0187181 0.00636335 -0.011056 0.0174084 -0.0112287 -0.0224394 -0.00416009,800,0,cuda,33.09,37.26
test,2024,Maine_Coon_39,Maine_Coon,cat,wrong,Persian,lime,20,0.990755,35,0.79835,0.991998,0.193648,0.277886,0.856347,0.133647,0.401099,,,0.0018664 0.0269717 0.0268774 0.0110759 0.0461966 -0.0539563 0.045399 0.0342309 0.0131456 -0.0143484 -0.011746 0.0150658 -0.0192462 0.0871416 -0.0187666 0.0243305 0.00570582 0.0816255 0.00944898 0.0253019 0.0258131 0.0107801 0.00898254 -0.00721002 0.00630311 0.0152579 0.0864973 0.048799 0.00969402 0.027797 -0.00899336 0.0126007 -0.000796381 0.0285081 -0.0139062,800,0,cuda,11.19,12.84
test,1204,english_cocker_spaniel_2,english_cocker_spaniel,dog,wrong,newfoundland,lime,12,0.483067,33,0.869739,0.997969,0.128231,0.027707,0.430873,0.329774,0.368264,,,0.00728121 0.00631962 -7.27739e-05 -0.00341068 0.0149206 -0.000940258 0.00532356 0.0224727 0.00991007 -0.00596698 0.0358509 0.0247632 0.0162097 0.00216438 0.014036 0.00421084 0.0215875 0.0108439 0.00174345 0.00423139 0.020433 0.00755707 0.00715661 0.000669935 -0.00128406 -0.0034999 -0.00427487 -0.00018198 0.00386467 0.0125122 0.00690204 0.00438666 0.00575139,800,0,cuda,28.91,32.06
test,2916,samoyed_41,samoyed,dog,correct,samoyed,lime,29,0.982261,27,0.489955,0.964979,0.475023,0.060438,0.921783,0.20632,0.735602,,,-0.0133648 0.00890561 -0.0166607 0.00436908 -0.0274582 0.00390374 -0.000142347 -0.0232497 0.00842554 0.316192 -0.0265984 0.0760676 0.15884 0.0193455 0.00617333 0.480244 -0.0368683 0.361343 0.0544533 -0.0270817 -0.00623417 -0.0147196 0.009901 -0.0208993 0.0118664 0.00371275 0.00759802,800,0,cuda,26.98,31.68
test,972,British_Shorthair_89,British_Shorthair,cat,correct,British_Shorthair,lime,9,0.999999,34,0.783881,0.943317,0.159437,0.172639,0.88977,0.462585,0.621189,,,0.00884789 0.0136233 -0.0121884 0.0183314 -0.00321906 -0.120546 -0.0325014 0.213346 0.0804537 0.00852023 -0.0108732 0.0800058 0.134462 0.0752138 0.269148 0.0194375 0.0971338 0.0410868 0.070361 0.203387 0.189006 -0.0220722 0.0929209 0.0429498 0.0522389 0.0252226 -0.00840516 0.0812978 -0.0307476 0.00404962 0.00322656 0.00056184 -0.0111693 0.0248914,800,0,cuda,16.91,18.06
test,1155,Egyptian_Mau_76,Egyptian_Mau,cat,correct,Egyptian_Mau,lime,11,0.999728,38,0.504564,0.895854,0.39129,0.398947,0.943398,0.336413,0.464333,,,0.0268367 0.0226509 -0.00577395 -0.00348134 0.0321385 -0.0132989 -0.00356407 0.00925044 0.0507991 0.0423462 0.000704051 -0.0251859 0.134886 0.00797606 0.0204564 0.0244384 0.0941639 0.00283673 0.00797457 0.00944698 0.0108615 0.00341587 0.0329985 0.00185918 -0.0110592 0.105597 0.0555149 0.0311311 0.00749562 0.029881 0.0084793 0.0174039 0.0147134 0.0754445 0.108089 0.0009988 0.0147668 -0.0150065,800,0,cuda,32.86,34.29
test,2036,Maine_Coon_52,Maine_Coon,cat,correct,Maine_Coon,lime,20,0.981605,34,0.446708,0.937829,0.491122,0.214768,0.953014,0.136293,0.580159,,,0.0253579 -0.00779828 0.00262927 -0.00382528 -0.00445509 -0.0071432 0.0212762 0.185612 -0.00235811 0.00924253 0.168678 0.00711774 0.057845 0.0505234 0.0303405 0.0186789 -0.00918295 0.0228591 0.0170435 0.016676 -0.0140334 0.0127052 -0.0153436 0.0124041 0.0225385 0.029794 -0.0528858 -0.000275507 -0.000521081 -0.000491559 -0.0183289 -0.0152945 -0.0162316 -0.00901068,800,0,cuda,21.61,24.64
test,3618,yorkshire_terrier_54,yorkshire_terrier,dog,correct,yorkshire_terrier,lime,36,0.999864,39,0.739457,0.964411,0.224954,0.370976,0.917941,0.181787,0.284961,,,0.0134185 0.021554 0.00272779 -0.00654366 -0.0133554 0.0062023 0.0147818 0.0182857 0.000500175 0.0182958 0.030142 0.00605391 0.0054788 0.00960718 0.0441234 0.0175822 0.0192087 0.0106279 0.0178578 0.0110871 0.074351 -0.00568587 0.0320295 0.014738 0.0201624 -0.0072822 0.0358851 0.0144137 0.0303185 0.0556767 0.000422426 0.00473006 -0.012527 -0.00143586 -0.000522516 -0.00864904 -0.0143818 -0.0155076 0.00040307,800,0,cuda,19.68,29.16
test,1071,chihuahua_88,chihuahua,dog,correct,chihuahua,lime,10,0.999859,35,0.543945,0.985515,0.44157,0.139412,0.938973,0.413424,0.769524,,,0.0943405 0.00585345 0.0879605 -0.0114499 0.0468077 0.0452008 -0.0332588 0.259701 0.0864017 0.00588564 0.00942672 0.490504 0.00188203 0.0259211 0.10414 -0.00540472 0.0111391 0.0364465 0.00909221 0.010008 0.0486645 0.383635 -0.0016418 0.0721314 0.00724181 -0.00134348 0.0126476 -0.00560345 0.0151153 -0.0244842 -0.0130422 -0.0187354 -0.00954928 0.00679807 -0.00833491,800,0,cuda,21.49,22.56
test,3012,scottish_terrier_39,scottish_terrier,dog,correct,scottish_terrier,lime,30,0.998871,40,0.364198,0.986064,0.621866,0.133604,0.884218,0.292405,0.849108,,,0.00213664 -0.0102475 0.00073694 -0.0122753 -0.0140212 -0.00111393 0.0070588 -0.0242972 0.00585592 -0.015099 0.00492858 -0.0156611 -0.00723742 0.000380274 -0.00241339 0.00230803 -0.00566492 -0.00526763 0.69041 0.00533676 -0.00792325 0.0390146 0.00105649 0.00831167 0.0321536 0.0914904 0.0317418 0.0520519 -0.00163425 -0.00389177 0.185101 0.0230657 0.0151807 0.0121246 0.0542116 0.0622276 0.0121751 -0.0102216 0.00512512 0.177075,800,0,cuda,27.42,33.11
test,774,Bombay_88,Bombay,cat,correct,Bombay,lime,7,0.999996,24,0.570153,0.982345,0.412192,0.391365,0.907956,0.233813,0.509605,,,0.0242119 0.0263986 -0.00778258 0.00376987 0.0988108 0.080223 0.0286643 0.00047221 0.000855743 0.0894561 0.019788 0.000698529 -0.00973564 0.000933599 0.171585 0.0169332 0.00116054 0.0740858 0.0722007 -0.00475654 0.0126877 0.000112915 -0.0150104 -0.00565133,800,0,cuda,22.23,22.66
test,324,basset_hound_33,basset_hound,dog,correct,basset_hound,lime,3,0.999894,40,0.649075,0.938574,0.289498,0.422844,0.922253,0.254847,0.431047,,,-0.00643526 0.0315614 -0.00128565 0.00140408 -0.0185597 0.00492667 -0.00099368 0.12051 -0.00718385 -0.00134532 0.0484708 -0.000292488 0.0966701 0.0163584 -0.0106794 0.0262111 0.0159539 0.0159241 0.00674212 0.0184087 0.0653495 0.0221688 -0.0128228 0.0134599 0.0406355 0.0151056 0.049594 0.0247281 0.0126724 0.0376343 0.00496122 0.0163726 0.00733684 -0.00546584 0.0301018 0.0100038 0.0030941 0.00863443 -0.00650135 -0.0044105,800,0,cuda,25.0,26.93
test,2251,newfoundland_73,newfoundland,dog,correct,newfoundland,lime,22,0.999982,30,0.5284,0.990222,0.461822,0.406618,0.92614,0.130934,0.255502,,,-0.00373383 -0.000387947 0.00402854 -0.00118735 -0.00217273 0.00284407 0.0238192 0.00455379 0.01214 0.0124013 0.0344546 0.0171704 0.00674206 0.0131949 0.0453328 0.0272484 -0.00270512 0.0163245 -0.00327683 0.02088 0.019864 -0.00172065 -4.8338e-05 0.0309926 0.0125549 0.00111845 0.00532007 0.0025304 0.00548449 0.022965,800,0,cuda,31.88,35.16
test,84,Abyssinian_88,Abyssinian,cat,correct,Abyssinian,lime,0,0.999587,35,0.435926,0.980878,0.544952,0.236405,0.940021,0.445111,0.599839,,,0.0468099 0.0214312 0.0169088 0.0230662 0.0565068 -0.00947941 0.148486 0.00260391 -0.0472961 -0.00210541 -0.0142892 -0.000672454 0.00249222 0.112262 0.013048 0.342099 0.15811 0.0585615 0.0107404 0.0349529 0.0667289 0.0775803 -0.0290614 0.00228926 0.0897756 0.0195085 -0.0289556 0.10739 0.00679839 0.00382616 0.000717742 0.00732921 0.0654148 0.00629507 -0.00638823,800,0,cuda,26.44,27.33
test,2681,Russian_Blue_201,Russian_Blue,cat,correct,Russian_Blue,lime,27,0.995132,32,0.358956,0.350851,-0.008105,0.05056,0.673557,0.174203,0.675781,,,0.0177449 0.0254351 0.0821559 -0.014898 0.101155 0.48668 0.143508 0.0226197 0.0705257 0.119077 0.0559638 0.0140187 0.0723926 0.00128371 -0.0174529 -0.00969399 0.173591 0.00848952 0.0914899 -0.000294237 0.005065 0.0513249 0.012326 0.00864942 -0.0132114 0.0108401 0.05802 0.00516795 0.0140284 0.0333816 -0.00112195 -5.50397e-05,800,0,cuda,24.65,27.45
test,2956,samoyed_78,samoyed,dog,correct,samoyed,lime,29,0.998827,37,0.793367,0.935471,0.142103,0.286249,0.902594,0.488295,0.670038,,,0.00787689 0.00837789 -0.0154686 0.147901 0.412598 0.0514081 0.167861 0.0682014 0.0690761 0.0868766 0.0293321 0.0182475 0.170044 0.0444246 0.0474005 0.0341655 -0.00310016 0.00426245 0.0202298 0.0241126 -0.0198927 0.0349767 0.0298939 0.0151279 0.042229 -0.00215479 0.00324389 -0.00109749 0.0140955 0.00828521 0.000608488 -0.00820395 0.0277862 0.0117979 -0.0348364 -0.00893558 0.00515011,800,0,cuda,19.25,23.41
test,1589,havanese_198,havanese,dog,correct,havanese,lime,16,0.997984,42,0.282964,0.860273,0.577309,0.1823,0.760061,0.275194,0.785314,,,0.00961755 0.00988237 -0.0074509 0.00210566 0.0918769 0.0031305 0.0176456 -0.0287369 0.0161659 -0.00599787 -0.00461211 0.00425497 0.0270345 0.0379634 0.0465634 0.0391786 0.0142088 -0.0189516 0.0179007 0.0472506 0.06572 0.259938 0.13759 0.00372881 0.0722656 0.176575 0.0380923 0.0178748 0.287584 0.00162187 0.0362837 0.0441067 0.0173156 0.102723 0.0941772 0.0352321 0.0194685 0.02648 0.0434739 0.0137124 0.018478 -0.00448367,800,0,cuda,21.54,25.24
test,2659,Ragdoll_80,Ragdoll,cat,wrong,Maine_Coon,lime,26,0.959187,26,0.715561,0.995962,0.280401,0.110042,0.769847,0.13854,0.644143,,,0.0651925 0.00153734 0.0225067 0.0110965 0.0489383 -0.00600637 -0.0711205 0.116081 0.146722 0.111683 0.0141563 0.0408342 0.185407 0.207554 0.0715426 -0.0498559 0.0608948 0.00106609 -0.0095423 0.122849 0.0326506 0.022518 0.0805242 -0.00974859 -0.0198927 -0.00376403,800,0,cuda,19.68,20.66
test,2446,pomeranian_69,pomeranian,dog,correct,pomeranian,lime,24,0.999046,39,0.686723,0.981672,0.29495,0.212484,0.916201,0.434909,0.691976,,,0.00673755 0.0344779 0.00608856 0.00372131 -0.000249584 0.131208 0.406739 0.0141175 0.0061055 0.0346724 0.0039305 0.0966554 0.142495 0.0224035 0.0411829 0.00638225 0.0245094 0.0328907 -0.00259436 0.0167175 0.364488 -0.00301139 0.00497297 0.0150349 -0.0174737 -0.0114164 0.0240036 0.00215129 -0.0110185 -0.0139369 0.0195881 0.0163661 -0.00611186 -0.0206643 -0.014806 0.00359162 -0.00830919 0.0489114 -0.00424064,800,0,cuda,21.76,24.21
test,1920,leonberger_45,leonberger,dog,correct,leonberger,lime,19,0.999617,45,0.671377,0.995568,0.324191,0.107843,0.880033,0.557607,0.735878,,,0.0574428 0.0279453 0.00736592 -0.00662779 0.231916 0.0348397 0.0162396 -0.00893316 0.142338 0.00930603 0.251294 0.0831391 0.0191743 -0.0147727 0.00340093 0.00456752 0.0218798 0.431272 0.124398 -0.0233329 0.016368 0.0292636 -0.0249202 0.155946 -0.0035383 0.0258992 0.0274707 -0.00276607 0.184705 -0.0054081 0.0532323 0.019752 -0.0274349 0.0448586 -0.0128927 0.00608817 0.0181574 0.0448049 0.0598361 -0.018499 0.00999393 -0.034388 -0.0250431 0.0325792 0.0427112,800,0,cuda,19.53,22.33
test,91,Abyssinian_94,Abyssinian,cat,correct,Abyssinian,lime,0,0.525679,37,0.287149,0.933098,0.645949,0.038251,0.541443,0.273222,0.538054,,,0.0139568 -0.00492976 0.000641256 0.0268182 0.0119499 0.00315863 0.00268087 -0.0057178 -0.00244793 -0.0153814 0.000725422 -0.00602259 -0.00837109 0.0463902 -0.00545928 0.0405299 0.0108319 0.0416988 -0.00147273 0.0621129 -0.0123197 0.0223706 -0.041002 -0.0126481 -0.0356554 0.00166789 -0.00493857 0.00215198 0.0683069 -0.016948 -0.00588748 0.0267177 0.0865464 -0.0282143 -0.0113296 -0.00667113 -0.000561944,800,0,cuda,25.28,30.2
test,3154,shiba_inu_77,shiba_inu,dog,correct,shiba_inu,lime,31,0.999625,51,0.281987,0.862148,0.580161,0.130651,0.941643,0.380229,0.663517,,,-0.0166344 -0.0141363 0.00492886 0.0205423 0.0188951 -0.0223355 -0.0232503 -0.025583 0.000699463 0.00918574 0.00618217 0.00489115 -0.00328965 0.0122478 -0.0305612 0.0725347 0.0253091 0.197726 0.0583912 0.373549 0.211411 0.0193935 0.0467875 0.206768 -0.0246626 0.251826 0.0297918 -0.0220928 0.0582618 -0.0140583 0.0843314 0.0162098 -0.00732828 -0.0300132 -0.00456546 0.0416096 0.0122688 0.0487058 0.0219656 -0.0303449 -0.000458033 -0.00811959 0.0125575 0.0159778 -0.0299872 0.0213624 -0.0396012 0.012901 -0.0181994 0.0105429 -0.0119645,800,0,cuda,16.41,21.4
test,430,beagle_39,beagle,dog,correct,beagle,lime,4,0.999767,31,0.335798,0.924959,0.589161,0.203116,0.954402,0.255113,0.425122,,,-0.0174495 -0.0202807 -0.0167259 -0.00808357 0.00440655 0.0879208 0.00878796 -0.00974522 0.0494885 0.00439504 0.0863292 0.0127123 0.00903978 0.151384 -0.00236113 0.129918 0.0429621 0.000601003 0.0111689 -0.000804749 0.0119371 0.143146 0.0324191 0.017565 0.0163689 0.0142569 -0.00754824 -0.0167918 -0.00107317 -0.0180155 -6.24447e-05,800,0,cuda,22.45,25.19
test,2827,saint_bernard_51,saint_bernard,dog,correct,saint_bernard,lime,28,0.999468,35,0.697764,0.856418,0.158654,0.194027,0.920359,0.554039,0.686209,,,0.0223504 0.187522 -0.0302048 0.0423575 0.0216901 0.0631499 -0.00144923 0.264413 0.0496503 0.308629 0.108028 0.0269427 -0.0186111 0.0906117 0.136511 -0.0316778 0.0477806 0.0231198 0.200378 0.0163155 0.113298 0.0278105 0.0582257 -0.00313848 0.0527815 0.0279864 -0.0365854 0.031748 0.00191582 -0.0179328 -0.0144275 -0.00167331 0.0151246 -0.0127555 0.017552,800,0,cuda,25.25,27.31
test,3191,Siamese_22,Siamese,cat,correct,Siamese,lime,32,0.990277,36,0.33241,0.474631,0.142221,0.073334,0.85613,0.149469,0.683812,,,0.0112566 0.0353641 0.00797757 -0.0112365 0.0324838 0.135119 0.000591125 0.037446 -0.0374696 0.0079778 0.0640688 0.0160136 0.0368592 -0.00715129 0.0268693 0.0072044 -0.0597276 0.147083 0.0693545 0.0386768 0.189358 0.0274419 0.319694 0.0219413 -0.00195357 0.0123392 0.00855205 0.0143148 0.0226949 0.0753175 -0.0232542 -0.00804882 0.0464667 0.0137124 -0.0166876 0.0238348,800,0,cuda,20.47,23.24
test,2339,Persian_59,Persian,cat,correct,Persian,lime,23,0.999201,33,0.671257,0.617864,-0.053393,0.153712,0.947995,0.141253,0.889861,,,0.0934182 0.008048 0.00672789 0.00697864 0.0280784 -0.00167673 0.684809 0.0442511 0.111011 0.116747 0.00820287 -0.0129596 -0.00371359 -0.0141052 -0.0205224 0.0129901 -0.00125877 -0.0232622 0.0022927 -0.00401023 0.0140149 0.00225723 0.0165589 0.0140043 -0.00778641 -0.0118254 -0.0203449 0.0205388 -0.043112 -0.0189603 0.0144595 -0.0137387 0.00640257,800,0,cuda,24.24,24.75
test,2105,miniature_pinscher_31,miniature_pinscher,dog,correct,miniature_pinscher,lime,10,0.496406,38,0.231983,0.404126,0.172143,0.029357,0.807865,0.269315,0.523622,,,-0.0061108 -0.00924281 0.0022421 0.107922 0.0364246 0.12994 0.0107952 0.0380791 0.0038871 0.0870897 -0.00424491 -0.0273008 0.0110821 0.0357532 -0.0295519 0.00355789 0.000114395 -0.00387693 -0.01249 -0.00276669 0.0182249 -0.0205067 -0.0120817 -0.00976749 -0.00918881 -0.00946475 -0.035385 -0.00318669 0.000742541 9.55518e-05 0.00643767 -0.00621724 -0.00365554 0.0044333 -0.0221102 -0.00218288 0.00588217 -0.00962843,800,0,cuda,21.89,24.1
test,1345,english_setter_67,english_setter,dog,correct,english_setter,lime,13,0.998858,38,0.193798,0.555309,0.361512,0.135971,0.903624,0.554845,0.696895,,,0.0209513 -0.0267026 -0.00595558 -0.00249204 -0.0013042 0.00254461 0.00155912 0.0352549 -0.00676904 0.0347682 -0.0122951 0.00136051 0.161123 0.190145 0.0141958 0.218771 0.413833 0.0187186 0.125421 0.00119648 0.0175726 0.214532 0.207556 0.0035744 0.0879168 0.0998048 -0.0162268 0.0306876 0.0236234 -0.00376316 0.0574682 0.0175947 0.00543582 -0.000714187 -0.0200893 -0.0191749 0.0341149 -0.00692013,800,0,cuda,24.71,26.21
test,257,american_pit_bull_terrier_61,american_pit_bull_terrier,dog,wrong,american_bulldog,lime,1,0.994098,39,0.558594,0.988889,0.430295,0.136197,0.813612,0.201901,0.790527,,,0.00838602 0.00551626 -0.00305059 0.00752112 -0.0116806 0.00297193 0.0431179 0.0134354 0.0137488 0.0320196 -0.00542576 -0.0192869 0.0275393 0.00392982 0.395352 -0.0147101 -0.0130424 0.00593155 -0.0184688 0.0119017 -0.069351 0.283001 -0.0213058 -0.0017179 0.0302199 -0.00640476 0.153947 0.0168927 0.167532 0.000271914 0.00448978 0.0160861 0.155279 0.00310116 0.00681939 0.0413092 0.0109801 0.0357505 -0.00191959,800,0,cuda,26.22,31.52
test,888,British_Shorthair_21,British_Shorthair,cat,correct,British_Shorthair,lime,9,0.867175,39,0.444137,0.800067,0.35593,0.050149,0.90234,0.082456,0.657677,,,0.0146059 0.0140555 0.0485293 -0.00174276 -0.00756286 0.0327244 0.00877004 0.00517588 -0.00213209 0.0695782 0.187963 0.0121719 0.308521 0.1609 0.0075127 0.183818 -0.0171982 0.00253238 0.01683 0.0132687 -0.0349834 0.00238597 0.003594 0.00708966 0.0103443 -0.0239037 0.0126101 -0.0222749 -0.0443769 0.0372969 -0.0183132 0.00694966 0.0135543 0.0045384 0.00798605 0.0138993 0.00126122 0.00389793 0.00505732,800,0,cuda,22.23,23.95
test,3616,yorkshire_terrier_52,yorkshire_terrier,dog,correct,yorkshire_terrier,lime,36,0.999923,37,0.503308,0.92528,0.421971,0.439709,0.956187,0.364125,0.606502,,,-0.0124791 0.0347853 0.0122997 0.0503004 0.00577292 0.0231518 0.0396107 -0.00659918 0.0139371 0.0440601 0.0535308 0.0301306 0.114425 -0.00450627 0.022607 0.0712176 0.0795894 0.00601653 0.0705873 0.239954 0.0102088 0.0113562 0.0906945 0.0026107 0.0284895 -0.0120739 0.00585038 0.00659982 -0.00527801 0.0309185 0.00575691 0.00619186 0.00384306 0.0153926 -0.0118379 -0.00642842 -0.0135139,800,0,cuda,27.79,28.44
test,1466,german_shorthaired_86,german_shorthaired,dog,correct,german_shorthaired,lime,14,0.999929,43,0.425941,0.810567,0.384626,0.349758,0.902416,0.340949,0.521826,,,0.0307345 0.0115968 -0.0100212 0.0488388 0.0899301 -0.00916371 0.0380957 0.0137909 0.0341877 -0.0165118 -0.00332206 0.0389841 0.188944 0.0424085 0.0446107 -0.00481448 0.0381216 0.00187791 0.0182544 0.0394759 0.0668203 0.000792817 -0.0068152 0.0231598 -0.0115855 0.0179004 -0.0159014 -0.0129074 0.0316447 0.0665365 0.00897071 -0.008914 0.0358767 -0.00518404 0.0210846 0.0244635 0.0426872 -0.0036337 -0.00565161 0.011423 0.0575173 0.00491177 -0.00614338,800,0,cuda,22.16,25.77
test,3114,shiba_inu_40,shiba_inu,dog,correct,shiba_inu,lime,31,0.997116,40,0.305664,0.635633,0.329969,0.097129,0.828611,0.190529,0.678722,,,0.0648321 0.0439762 0.328034 0.0072557 0.10753 0.0236968 0.0372162 0.0130459 0.01138 0.400038 0.0752931 0.00906449 -0.0418306 -0.0190935 -0.0340791 0.0448764 -0.0148066 -0.0287642 0.0108969 -0.0432611 0.00798235 0.0454539 0.00315501 0.0132516 0.017345 0.0266554 0.00465203 0.0101367 -0.00314407 0.0214841 -0.00087989 0.00718634 -0.00233138 -0.00581973 0.0129416 -0.0033083 -0.0112356 -0.0134513 -0.00336468 0.0288809,800,0,cuda,19.59,24.63
test,1641,havanese_63,havanese,dog,correct,havanese,lime,16,0.965943,38,0.489059,0.985235,0.496177,0.135874,0.757014,0.260741,0.740455,,,0.0168437 0.0391601 0.0938746 0.0305657 0.0137869 0.0348277 -0.0185396 0.014275 0.0584403 0.00400933 0.0166925 -0.00552628 0.198692 -0.0280289 0.0614187 0.0105099 0.00352867 -0.00779384 0.35016 0.148982 -0.0140602 0.00990489 -0.0214749 0.00855008 0.0984156 -0.0154361 0.173102 0.00128462 0.0912381 -0.0117228 -0.00970119 0.0317887 0.0378253 0.0630731 0.0964997 0.0462541 0.0293083 0.00703974,800,0,cuda,23.9,26.84
test,388,basset_hound_91,basset_hound,dog,correct,basset_hound,lime,3,0.999878,35,0.218371,0.904429,0.686058,0.106803,0.953828,0.139734,0.958579,,,0.00937347 -0.00222475 -0.000259558 0.0051724 2.71763e-05 -0.0163102 0.00211432 0.00304345 0.0308483 -0.00571694 0.0204374 0.00355769 -0.00170229 0.0021483 0.00723352 0.0399174 0.725548 0.0317818 0.0648749 -0.0106443 0.00508447 0.0371769 0.0414447 0.00724664 -0.00141387 0.0284365 0.00689465 0.0185989 -0.00146867 -0.00264486 0.010544 0.0130677 0.0118981 -0.00935458 0.00636052,800,0,cuda,24.09,30.22
test,2383,pomeranian_193,pomeranian,dog,correct,pomeranian,lime,24,0.999862,34,0.348294,0.598772,0.250478,0.35324,0.929233,0.358079,0.626543,,,0.0101754 0.0633651 0.00637832 -0.0135196 0.0390442 0.182345 -0.00713931 0.0864363 -0.0218218 -0.00505337 0.266414 0.0505696 0.00195013 0.0135725 -0.0359363 -0.002094 0.1317 0.276437 -0.00280171 0.00691453 0.041949 0.0265148 0.0060294 0.0318934 0.01523 0.0191503 -0.0116854 0.00375116 0.00897153 -0.0264239 -0.0125017 -0.00921852 0.0151295 0.0124325,800,0,cuda,22.95,24.22
test,273,american_pit_bull_terrier_76,american_pit_bull_terrier,dog,correct,american_pit_bull_terrier,lime,2,0.946585,40,0.304887,0.95985,0.654963,0.033497,0.8957,0.234647,0.717964,,,0.0102545 -0.00195314 0.0201713 -0.0138207 0.0134806 -0.0332148 0.00398063 -0.0254339 -0.0203803 0.000608014 0.0148029 0.00249527 0.302849 -0.00124384 -0.00703922 -0.00107817 -0.00963401 -0.0120317 0.43359 0.0752573 0.0416616 0.000226243 0.0833711 -0.00697687 0.0132204 0.00849263 0.0430417 -0.0173718 0.00328533 -0.00778993 0.00297332 -0.00213925 0.039017 -0.0429206 -0.0203941 0.0102858 0.0234226 0.00636369 0.00838523 0.0110064,800,0,cuda,22.19,24.44
test,756,Bombay_70,Bombay,cat,correct,Bombay,lime,7,0.976298,37,0.933016,0.99051,0.057494,0.161487,0.763361,0.165538,0.64161,,,-0.0400738 -0.0175837 0.0501768 0.0340713 0.00369212 0.0472424 -0.0296621 0.0231964 0.0832486 -0.071669 0.126234 0.0351822 0.0193476 0.0478888 0.0383597 -0.0144923 0.186218 0.0410305 0.0331246 0.0703018 0.0210751 0.0820978 0.0558235 0.0322827 -0.00116119 -0.00572553 0.00134984 0.0286765 0.0167703 0.0139477 0.0292402 0.0275133 -0.00709201 0.0285557 0.0214982 -0.000275185 0.00684321,800,0,cuda,31.3,33.06
test,3560,wheaten_terrier_92,wheaten_terrier,dog,correct,wheaten_terrier,lime,35,0.995539,39,0.12225,0.392657,0.270408,0.081497,0.906916,0.003116,0.770766,,,-0.00744028 0.0071401 -0.00849269 -0.0142981 -0.00724587 -0.00466916 -0.00482114 0.00150046 0.0127355 0.00785312 0.00899849 -0.00510284 -0.00287664 -0.0139405 -0.0111761 0.493527 0.0741135 0.00132177 -0.00267545 0.0328604 -0.0326726 0.0301164 0.0647411 0.0189344 0.247548 0.0584028 0.1176 0.0411187 0.157155 0.00498991 0.0061081 -0.00645507 0.000298302 0.00204465 0.00673257 0.0130569 -0.0109838 -0.00194488 -0.01597,800,0,cuda,18.17,22.0
test,1925,leonberger_4,leonberger,dog,correct,leonberger,lime,19,0.99426,35,0.405214,0.985597,0.580383,0.187388,0.928797,0.368249,0.843592,,,0.00333042 0.0267469 0.000194773 -0.00560904 0.0035061 0.610615 0.0119808 -0.00740572 0.0561976 -0.00188851 0.0381454 0.0131361 -0.0216975 0.000100071 0.126223 0.116711 0.0340667 0.00866148 -0.00320332 0.0230941 0.0913815 0.124267 0.0133719 0.0135564 0.00577686 0.0306387 0.0808309 0.0777014 -0.0318315 0.0316704 -0.0142812 0.00927746 0.00848038 0.00562824 0.0413021,800,0,cuda,27.31,30.5
test,3125,shiba_inu_50,shiba_inu,dog,correct,shiba_inu,lime,31,0.99996,27,0.830297,0.994181,0.163884,0.343119,0.902499,0.460104,0.533906,,,0.0321852 0.0229118 0.0311173 0.0188443 0.0182921 0.0514809 0.171504 0.0285952 0.0256725 0.0550798 0.192201 0.127871 0.0035067 0.0116498 0.026101 0.0688368 0.0842891 0.00578599 0.0463072 0.00327134 0.118056 0.0177982 0.0480696 0.0162085 0.0349601 0.017517 -0.0248696,800,0,cuda,31.06,31.68
test,1956,leonberger_78,leonberger,dog,correct,leonberger,lime,19,0.999515,44,0.643156,0.983856,0.340699,0.190306,0.887911,0.468341,0.633415,,,0.0256292 -0.0155077 -0.0010182 -0.00614378 0.115312 0.0821062 0.0216448 0.0166851 0.00890821 -0.0280377 0.0679579 -0.0269628 -0.00707482 -0.029501 0.0250624 0.10872 0.00673639 -0.0200337 0.0880772 -0.00894978 0.340829 -0.00761026 0.157622 -0.0279493 0.0656472 0.0643521 0.0108903 -0.0251711 0.0731288 0.0478154 -0.0166578 0.0161747 0.0134119 -0.0264709 0.130835 0.173748 0.0987961 0.0903179 -0.0214605 -0.0669742 0.10357 0.0272472 -0.0198475 -0.022258,800,0,cuda,17.52,18.95
test,3605,yorkshire_terrier_42,yorkshire_terrier,dog,correct,yorkshire_terrier,lime,36,0.990023,39,0.816665,0.998852,0.182187,0.362173,0.921845,0.254792,0.405441,,,-0.0176244 -0.000297515 -0.00734442 0.0322879 -0.00210042 0.0149049 0.024795 0.00579809 0.00155555 0.00669938 0.0501588 0.000713449 -0.00213488 0.0010443 -0.000803943 0.00944368 0.0194398 0.022822 0.0212057 0.00722365 -0.00975846 -0.0097571 0.0102976 0.0905827 0.00893788 0.0210579 0.108807 0.0165492 -0.0174669 -0.00313273 0.0383075 -0.00337332 0.07749 0.0270772 0.0891242 0.0159828 0.0108205 -0.0112063 0.0163439,800,0,cuda,24.86,30.43
test,2176,miniature_pinscher_96,miniature_pinscher,dog,correct,miniature_pinscher,lime,21,0.697176,38,0.326451,0.823529,0.497079,0.028482,0.837149,0.20098,0.834868,,,0.00447412 0.0213521 0.0341621 -0.00119551 -0.00509313 0.075357 0.0572298 0.0331492 -0.0150443 -0.0067863 0.521476 0.0285641 -0.0180222 0.020908 0.000185872 -0.000656743 0.258579 -0.0163502 -0.00520306 -0.00355942 0.0142023 -0.0124319 -0.0653391 -0.0136342 -0.00690956 -0.0319728 0.012251 -0.010402 0.086744 -0.00232395 0.00280463 0.0138099 0.0318227 0.039836 -0.00647598 -0.0022687 0.0264822 0.0016345,800,0,cuda,18.64,23.55
test,802,boxer_24,boxer,dog,correct,boxer,lime,8,0.999507,43,0.477519,0.787406,0.309887,0.34354,0.908106,0.374261,0.554321,,,0.0276604 0.0978432 0.00882011 0.0432051 -0.000208456 0.0308863 0.00198319 0.13487 0.00830628 0.00119479 0.0760363 0.161251 0.0376087 0.0620246 0.00859844 -0.00990952 0.0522993 -0.013036 0.0189574 0.0430372 -0.0164691 0.0677592 -0.00782343 0.100999 0.00586726 0.0564936 -0.000717317 -4.68187e-05 -0.014412 0.00542698 -0.00286309 0.0136449 0.0201888 0.0104709 0.0111073 -0.00464176 -0.0103023 0.00589324 0.003451 -0.0010948 0.00517169 0.00170783 0.0162186,800,0,cuda,31.33,32.31
test,2076,Maine_Coon_96,Maine_Coon,cat,correct,Maine_Coon,lime,20,0.76748,34,0.630879,0.935255,0.304376,0.081503,0.900467,0.132084,0.742681,,,0.0111131 -0.00527032 -0.003971 -0.0479448 0.00784157 0.0112536 -0.119017 0.144012 0.261196 -0.0095103 0.0113349 -0.0105036 -0.00146667 0.013403 -0.0596147 0.0332039 0.0198152 -0.0826206 -0.00175353 0.336639 -0.00203883 0.02894 0.014071 -0.00306382 -0.00749417 0.0765761 -0.0113088 -0.0294366 -0.000226905 -0.00237594 0.00322448 -0.00921136 0.0122752 -0.0246433,800,0,cuda,30.3,34.37
test,1207,english_cocker_spaniel_32,english_cocker_spaniel,dog,correct,english_cocker_spaniel,lime,12,0.999705,35,0.584522,0.987267,0.402745,0.145288,0.924874,0.597477,0.672164,,,-0.000736435 0.0228304 -0.00101376 0.029447 0.0288899 0.0131725 -0.0158698 0.124897 -0.0234256 -0.056162 0.160175 0.0822323 0.0385448 -0.0174308 0.266632 0.00380812 0.25331 0.0215121 0.148676 0.361906 0.156089 0.0737587 0.010157 0.0190889 0.0759298 -0.0353903 -0.00919782 0.0853457 0.0264193 0.029578 0.0443161 0.0330053 0.00390605 0.0149092 -0.0290436,800,0,cuda,25.44,27.7
test,2930,samoyed_54,samoyed,dog,correct,samoyed,lime,29,0.999355,39,0.747708,0.957415,0.209707,0.365832,0.822718,0.713799,0.666187,,,0.0158655 0.0697483 0.0203908 0.0411649 -0.00270703 0.0351159 0.0331887 0.0155425 0.083724 0.074157 0.0854343 0.172055 0.12595 0.0388933 0.0728691 0.161516 0.211036 0.0770008 0.0054281 0.0694544 0.213322 0.033686 0.0163382 -0.00238178 0.14359 -0.015382 0.107817 0.104844 0.0633967 0.010468 -0.0111183 -0.00949135 -0.0271946 0.00304807 -0.00658733 -0.00853617 0.00412061 -0.00584099 -0.00657867,800,0,cuda,23.38,28.87
test,3531,wheaten_terrier_66,wheaten_terrier,dog,correct,wheaten_terrier,lime,35,0.999886,37,0.486388,0.690732,0.204344,0.266807,0.860521,0.405806,0.692408,,,0.0352113 -0.0171663 0.00924038 0.0145791 0.347529 -0.019354 0.0180133 0.0385097 0.13016 1.07303e-05 0.0505907 -0.00224531 0.00356492 0.00249398 0.0319767 0.0940495 0.00914668 0.0988338 -0.0189997 0.00900922 -0.00109196 -0.0807773 0.00408663 0.00751401 0.127338 -0.00185374 0.107369 0.020737 0.0280041 0.0161262 0.00212678 0.0485457 0.151087 0.0186519 0.0221968 0.0274141 0.0295182,800,0,cuda,19.01,19.61
test,2558,pug_79,pug,dog,correct,pug,lime,25,0.99786,41,0.620795,0.996422,0.375627,0.076177,0.879967,0.128154,0.760022,,,0.00211031 0.00340992 0.0184649 -0.0112353 0.00393491 0.0163294 0.0299602 0.0448829 -0.0318405 -0.0170544 0.151427 0.181345 -0.0299954 0.000442256 0.0685117 -0.0182017 0.146001 -0.0338118 0.298564 0.0822482 0.294774 0.0237392 -0.0079147 0.0450081 0.00508894 0.126713 -0.00887481 0.0286241 -0.00488372 0.131613 0.0243684 0.0132084 0.0226864 -0.0277827 0.0778092 -0.00129494 0.000471093 0.0277653 0.000824124 0.00265108 -0.00560771,800,0,cuda,25.61,29.05
test,2723,Russian_Blue_36,Russian_Blue,cat,correct,Russian_Blue,lime,27,0.989655,26,0.391342,0.868329,0.476987,0.210463,0.881188,0.355989,0.790501,,,0.0169 0.00940357 0.00677373 0.040573 0.0138331 0.0380912 0.0172005 0.150719 -0.0444753 0.0161172 0.0217389 0.00796682 0.0468122 0.11095 0.386335 0.14509 0.463051 -0.00709041 0.0379694 0.0190395 0.0308946 -0.0123574 0.0220907 0.0107198 -0.0107673 0.0098321,800,0,cuda,19.07,23.62
test,151,american_bulldog_57,american_bulldog,dog,correct,american_bulldog,lime,1,0.964978,32,0.4658,0.809917,0.344116,0.077963,0.857866,0.116602,0.679414,,,0.0149458 -0.00339513 -0.00224467 -0.0255937 0.0342285 0.0918783 0.0178821 0.028875 -0.00399083 0.0149789 0.0818488 0.0445216 0.021117 -0.0169837 0.158396 -0.000426607 0.00710725 0.0198848 0.336627 -0.00737182 0.0487237 -0.0165113 -0.0179618 0.171976 0.0792862 0.00424037 0.023667 0.0416606 0.0433557 0.0420949 0.0209824 0.0592251,800,0,cuda,24.23,24.8
test,2292,Persian_259,Persian,cat,correct,Persian,lime,23,0.999171,29,0.0,0.0,0.0,0.315206,0.779566,0.333979,0.654685,,,0.0296586 0.00753653 0.00954912 0.0411163 0.0440922 0.061596 0.0264647 0.073404 0.0176041 0.0302332 0.158137 0.0931 0.126708 0.233904 0.0851573 0.185579 0.0925686 0.0310513 -0.0417192 0.351832 0.0178863 0.107635 0.0670349 0.0221242 0.00718692 0.0283041 -0.0252304 -0.00872533 0.040846,800,0,cuda,17.13,20.87
test,714,Bombay_27,Bombay,cat,correct,Bombay,lime,7,0.982727,38,0.214206,0.870593,0.656387,0.131477,0.941531,0.217983,0.891603,,,0.0508838 -0.0145567 0.0886574 -0.0149139 0.017159 0.0495688 0.137103 -0.0043932 0.0326277 -0.00711728 0.0235254 0.0572259 0.0103196 -0.00253491 0.00514946 0.0518717 0.00116386 0.00547362 -0.00455039 -0.00146428 0.0152575 -0.0438808 0.786886 -0.00669742 -0.0230816 0.00969844 -0.0032526 0.00641576 0.000446551 0.016569 -0.00836161 -0.00131659 0.00307423 -0.0105918 -0.0209022 -0.0186678 0.0109963 0.00960022,800,0,cuda,23.65,28.46
test,2591,Ragdoll_234,Ragdoll,cat,correct,Ragdoll,lime,26,0.998596,32,0.265605,0.610778,0.345173,0.050764,0.788566,0.132445,0.723906,,,-0.0131329 0.0328975 0.0168279 0.00310355 0.00367156 0.00477362 0.0202304 0.100072 0.339226 0.113433 -0.0106691 0.0285879 0.0078778 0.0619031 0.0447234 0.478102 0.0159474 7.77927e-05 0.116492 -0.0130859 -0.0205814 -0.0191877 0.0220591 -0.0185057 0.0139868 0.0064964 -0.0018512 -0.0315349 0.0133705 -0.0140322 -0.039185 0.00145351,800,0,cuda,17.42,19.2
test,544,Bengal_51,Bengal,cat,wrong,Egyptian_Mau,lime,11,0.92063,28,0.204221,0.868152,0.663931,0.032592,0.722112,0.673052,0.358091,,,-0.00698738 -0.00557934 0.00790949 -0.046041 0.00543701 0.00888659 0.0143342 -0.0264123 0.011931 0.012232 0.0137325 -0.0182445 0.0341613 0.0699459 0.0166772 0.00532013 -0.00190964 -0.0131525 0.0165993 0.0606571 0.0932203 0.0203136 0.0634608 -0.00772335 0.00943888 -0.0227593 0.00373209 -0.00928608,800,0,cuda,24.0,26.85
test,639,Birman_47,Birman,cat,correct,Birman,lime,6,0.636551,37,0.814892,0.93257,0.117678,0.121449,0.744579,0.220926,0.62065,,,0.0231984 -0.000960595 0.0401015 0.00304704 0.0846365 -0.0207552 0.0734594 -0.00206407 -0.0124636 0.192889 -0.0619461 -0.0184603 -0.0207916 0.0145813 0.0341162 0.12134 0.0370772 0.0738741 -0.0319845 -0.00172091 0.117659 0.0145502 0.0829079 0.0261577 -0.00995182 -0.133573 -0.0819851 0.132386 0.0143242 -0.0642051 -0.000131725 0.161855 0.046099 -0.00301254 -0.00756974 -0.0263631 -0.00544095,800,0,cuda,27.81,31.09
test,2745,Russian_Blue_66,Russian_Blue,cat,correct,Russian_Blue,lime,27,0.994702,33,0.422313,0.760618,0.338304,0.210989,0.801373,0.338441,0.779651,,,0.0383498 0.235329 0.00367481 -0.00172609 -0.0284668 0.0251926 -0.00878969 0.131055 0.126012 -0.0445489 0.000293285 0.0654728 -0.0580721 0.169287 0.0102084 0.0970073 0.00691647 0.0854838 -0.0185108 0.369128 0.0345438 0.0159391 0.0107805 0.302819 -0.00434187 -0.020518 0.0565208 0.0658652 -0.0193421 0.0207597 -0.00410769 0.00921076 0.00921788,800,0,cuda,23.21,27.2
test,3337,Sphynx_49,Sphynx,cat,correct,Sphynx,lime,33,0.999813,32,0.458845,0.671169,0.212324,0.366135,0.929036,0.265102,0.786475,,,0.0309215 0.00803167 0.00536955 -0.0002508 0.377442 -0.0130811 0.0398351 0.0133514 0.087121 0.129196 0.0239809 -0.0014364 0.0297707 0.0515218 -0.00118465 0.0518412 0.067574 0.0186933 0.0454778 0.001468 0.0215387 -0.0432159 -0.0037979 -0.0135565 0.0107624 -0.0190581 0.00406102 -0.0268462 0.0701136 0.013684 -0.000536883 0.0370138,800,0,cuda,24.32,27.15
test,3360,Sphynx_78,Sphynx,cat,correct,Sphynx,lime,33,0.999959,34,0.269252,0.796651,0.527399,0.181125,0.840832,0.501152,0.74544,,,0.00313072 0.0989045 0.0446242 0.0272636 -0.0093844 0.016491 0.15764 -0.00821669 0.0843443 0.0211501 0.178707 0.200463 0.00926567 0.000880073 0.0228991 0.050419 0.14305 0.0338052 0.0807045 0.0156184 -0.0173024 -0.0209537 -0.0045713 0.0453644 0.0868698 -0.0115137 -0.0143181 0.372315 0.0127058 0.0565725 0.0104329 0.0341259 0.0924315 -0.00666382,800,0,cuda,22.0,23.06
test,423,beagle_32,beagle,dog,correct,beagle,lime,4,0.999894,30,0.599271,0.851818,0.252548,0.166586,0.933284,0.430796,0.712523,,,0.03292 0.0245666 0.23495 0.00249464 0.136257 0.326575 0.268883 0.0449523 0.107368 0.0153261 0.0263178 0.141284 0.0103976 0.0066343 0.0196509 -0.00518604 -0.00823243 -0.00836145 -0.00325521 -0.00261089 0.00361501 0.0273463 -0.0121867 0.0051268 0.0107866 0.0291711 -0.00722672 0.0193483 0.00408417 -0.0128303,800,0,cuda,24.9,27.54
test,2958,samoyed_7,samoyed,dog,correct,samoyed,lime,29,0.998125,32,0.713489,0.988702,0.275214,0.176794,0.839047,0.421731,0.7312,,,-0.00699401 0.0118133 0.0471562 0.0169695 0.0120161 0.0219999 0.375644 0.0597413 0.0289377 0.005933 0.128919 0.340796 0.0515297 -0.0296519 0.133225 0.0379517 0.00527363 0.137928 -0.0117907 -0.00763808 0.0177099 0.0145992 -0.00668777 -0.0161719 0.021548 0.0285195 0.0334768 -0.00327858 3.17092e-05 0.0264778 0.0220038 -0.000297946,800,0,cuda,18.75,22.54
test,3219,Siamese_39,Siamese,cat,correct,Siamese,lime,32,0.995569,36,0.537109,0.906811,0.369702,0.105153,0.781834,0.221331,0.826181,,,-0.0173103 -0.00117905 0.0375958 0.0535317 -0.00463078 0.0486706 0.037036 0.0346692 -0.00462831 0.0177104 0.0194658 0.0813668 -0.0354133 0.546306 0.025231 0.0292267 -0.00817551 0.0523702 0.0149379 0.0748768 0.255238 -0.00323052 0.0767751 0.0235598 -0.022808 -0.0222867 0.00699532 0.0680745 -0.0056856 0.0127253 -0.00674648 0.0339806 -0.00760315 0.00579987 0.0362477 -0.00893382,800,0,cuda,29.68,32.54
test,659,Birman_65,Birman,cat,correct,Birman,lime,6,0.93441,33,0.445791,0.994725,0.548934,0.17626,0.868625,0.002277,0.634601,,,-0.000582979 -0.00537527 -0.0115728 0.00262857 0.0112548 -0.00614611 -0.0030264 0.0101598 -0.000613574 -0.0397834 0.0291533 0.0241225 -0.33027 -0.036414 0.0253241 0.129972 -0.0204573 0.0161967 0.110382 0.116733 -0.0277011 0.0885434 -0.0190169 0.0736702 0.0659937 0.0378538 0.0615488 0.125469 0.0286289 0.044845 0.0157748 0.0811243 -0.0142308,800,0,cuda,33.4,36.16
test,797,boxer_200,boxer,dog,wrong,american_bulldog,lime,1,0.993813,38,0.37771,0.839431,0.46172,0.134017,0.821345,0.144496,0.913369,,,-0.00483139 -0.0329574 0.00716842 0.0256428 -0.00684765 -0.0105802 0.00822546 0.0273671 -0.00358496 -0.00774752 -0.00237959 0.0573608 0.0358007 0.0306048 0.571934 0.0182026 0.155242 0.104959 0.00932971 0.012086 0.16748 0.0471869 0.100675 -0.0116832 0.0452867 -0.00106532 -0.0337496 0.0591528 0.0065949 0.00291867 0.0022695 -0.00285207 -0.00164665 0.00545618 0.00417422 -0.00445487 0.0167667 0.000603166,800,0,cuda,20.47,21.62
test,3636,yorkshire_terrier_70,yorkshire_terrier,dog,correct,yorkshire_terrier,lime,36,0.999912,41,0.820053,1.0,0.179947,0.444578,0.940446,0.140549,0.190979,,,0.00365207 0.00695798 0.00203075 -0.0037293 0.0126884 0.0118058 0.00152387 0.00471482 0.0233504 0.00910447 0.00349959 0.0151419 0.0210084 0.0137328 0.0128833 0.00867322 0.00862056 0.0103234 0.0233982 0.00747228 0.0232192 0.0256747 0.00111413 0.00183935 0.0109086 -0.00344512 0.00775179 0.00879867 0.00067071 0.0425641 -0.00770354 0.0152079 -0.00470373 0.00327959 -0.00102458 0.00438742 0.00810448 0.00560727 0.00141454 -0.0027659 -0.00153148,800,0,cuda,14.23,19.1
test,3249,Siamese_70,Siamese,cat,correct,Siamese,lime,32,0.99945,25,0.464963,0.902033,0.43707,0.200644,0.907678,0.283118,0.71139,,,-0.001737 0.086497 -0.0159599 0.0211422 -0.0123742 0.359203 0.00189335 0.0123794 -0.00338032 0.00161065 0.0133171 -0.0716546 0.342855 -0.00611081 -0.00146488 0.0231071 0.0788582 0.0955489 0.0844655 0.00180511 0.0119608 0.0426849 -0.0445976 0.092026 0.0200328,800,0,cuda,22.79,24.26
test,2008,Maine_Coon_270,Maine_Coon,cat,correct,Maine_Coon,lime,20,0.687827,42,0.488182,0.987292,0.49911,0.067284,0.569874,0.318396,0.567203,,,-0.00555883 -0.0165009 0.000656715 -0.00259706 -0.0341229 -0.00448946 -0.00566963 -0.0227218 -0.0349685 0.00263867 -0.00682077 0.0152533 -0.0104772 -0.0111921 0.00568923 -0.00506009 0.00492492 0.0194822 0.0376211 -0.0218633 -0.00493666 0.000346294 0.0250026 0.119485 0.0128987 0.100252 0.0162609 -0.0194574 0.0149364 0.186517 0.0119163 0.0896272 0.00726504 0.0206364 -0.00844213 0.00387625 0.0230442 0.0128308 0.00565886 0.0176166 -0.0135547 -0.00787003,800,0,cuda,18.33,24.16
test,99,american_bulldog_205,american_bulldog,dog,correct,american_bulldog,lime,1,0.998791,38,0.411272,0.98499,0.573717,0.138178,0.917894,0.345161,0.797119,,,0.00418021 0.00832157 0.00366005 0.0105584 -0.00717657 -0.0110773 0.068753 -0.000908138 -0.00928262 0.353207 -0.00424349 -0.0327795 0.0196315 -0.0162069 0.191632 -0.010533 0.00692316 0.0487771 0.248946 0.021509 -0.00460359 0.376269 -0.0369082 -0.000915454 0.00828128 0.0580382 4.92313e-05 0.0158842 0.0281882 0.0131031 0.0154162 0.035554 -0.0188802 0.00699588 -0.00902559 0.0225246 0.0265424 -0.0174754,800,0,cuda,23.45,29.34
test,2898,samoyed_25,samoyed,dog,correct,samoyed,lime,29,0.998812,24,0.327129,0.979332,0.652203,0.21064,0.872467,0.364405,0.584178,,,0.0467897 0.0161883 0.0271134 0.00270172 -0.00414815 0.307525 0.00594649 -0.0241341 0.0123812 0.185356 0.1145 0.00309998 0.012453 0.00557834 0.237327 0.0300254 0.192701 0.0102837 0.0192016 -0.0197519 -0.00819137 -0.0040704 0.0242192 -0.0155676,800,0,cuda,23.69,25.25
test,2496,pug_22,pug,dog,correct,pug,lime,25,0.84921,45,0.724868,0.970241,0.245372,0.051068,0.88139,0.189542,0.730493,,,-0.00036873 0.0108708 -0.0132473 -0.0335015 0.0173519 0.329381 0.200686 0.0269767 -0.00260859 0.138415 0.00464802 -0.0209269 -0.0140149 0.0756376 -0.00206047 0.137468 -0.0734981 -0.0112394 0.290486 0.0729437 0.00797294 0.148665 -0.0695126 -0.0134133 0.00160949 -0.00919705 0.105515 0.00137897 -0.0111211 -0.0316261 -0.017655 -0.0239001 -0.0207852 0.00905111 -0.0241412 0.0343396 -0.0202289 -0.00268012 0.00932678 0.0756336 -0.0291707 -0.00907067 -0.0237369 0.00907358 -0.0145112,800,0,cuda,26.85,29.87
test,3503,wheaten_terrier_40,wheaten_terrier,dog,correct,wheaten_terrier,lime,35,0.993302,32,0.746532,0.98972,0.243188,0.240483,0.905648,0.258054,0.816056,,,0.0328736 0.00337181 0.0228402 0.0321806 0.0209604 0.00107886 0.00392921 0.0205548 0.0120754 0.0170432 -0.0150207 0.0346382 0.0914088 0.00606906 0.00724247 0.0794353 0.0196538 -0.0339637 0.0273286 0.450313 0.0156134 0.159771 0.095042 0.141508 0.133037 0.03305 0.00573598 0.0537935 -0.00272276 0.0123322 0.0400819 -0.000187156,800,0,cuda,20.5,21.04
test,1871,keeshond_91,keeshond,dog,correct,keeshond,lime,18,0.993184,36,0.297453,0.884217,0.586764,0.115612,0.892423,0.21359,0.781979,,,0.00525381 0.0199712 0.0450064 0.0560804 0.0432233 0.0156061 -0.0202769 -0.000593014 -0.0128995 0.313613 -0.00157907 0.285304 0.0427205 0.000994665 0.284774 -0.0376039 0.0153882 0.0206824 -0.00434273 0.332956 -0.00439187 0.0573682 0.0767519 -0.03396 -0.00764631 -0.00712234 0.0616979 0.110181 0.00961592 0.00869788 0.0621417 -0.0123765 -0.0413162 0.0121292 -0.0189425 0.00894423,800,0,cuda,33.97,35.26
test,2046,Maine_Coon_63,Maine_Coon,cat,correct,Maine_Coon,lime,20,0.999697,37,0.789102,0.997164,0.208062,0.353117,0.905176,0.345817,0.643497,,,-8.726e-05 0.000726659 0.00847783 -0.00995567 0.0258303 0.0347125 0.0137569 0.0248582 0.0198736 0.0734642 0.0177505 0.00873166 0.059322 0.0151425 -0.00184022 -0.0024141 0.0263053 0.0288532 0.0100775 0.185102 0.020837 0.0385855 0.257733 0.0270541 0.0331333 0.0329271 0.089508 0.0278051 0.0259673 -0.0142898 0.00993188 0.000337263 0.0199469 0.012564 -0.0095134 -0.0119953 -0.0118188,800,0,cuda,19.76,24.88
test,755,Bombay_6,Bombay,cat,correct,Bombay,lime,7,0.999785,38,0.266263,0.817326,0.551063,0.156216,0.920725,0.295892,0.867585,,,-0.00347193 -0.0113247 -0.0163101 -0.00841612 0.000596438 0.0330379 0.000453753 0.0176555 -0.00207904 -0.00889499 0.0249413 0.00912498 0.266229 -0.00117377 -0.00596568 0.0569179 -0.00367715 -0.00466795 0.0681459 0.035819 0.00089435 0.519356 0.0549512 -0.00377018 0.032004 0.0378583 0.131354 0.0670164 -0.00441088 -0.00323238 -0.00800236 0.0262927 0.0762885 0.0250433 -0.000473244 0.0269668 0.0290559 -0.0143144,800,0,cuda,13.71,18.7
test,976,British_Shorthair_92,British_Shorthair,cat,wrong,Russian_Blue,lime,9,0.940386,37,0.615653,0.994063,0.37841,0.060657,0.887971,0.072383,0.813822,,,-0.0696692 -0.0308942 -0.00914046 0.0474481 -0.305573 -0.0232701 0.0220985 0.0489007 0.0120859 0.0133658 0.160679 0.135186 0.00099181 0.00524017 -0.0428937 0.0110834 0.068055 0.00680964 0.0225837 0.151926 0.458534 0.00454883 0.00114076 0.0288244 0.027569 0.0168814 0.007125 0.0781626 -0.0109628 0.0342119 -0.00783479 0.0126301 0.0169555 -0.000413927 -0.00379867 -0.0138661 -0.0201893,800,0,cuda,27.26,27.83
test,2163,miniature_pinscher_84,miniature_pinscher,dog,correct,miniature_pinscher,lime,10,0.382832,44,0.363102,0.46976,0.106658,0.019177,0.735088,0.022454,0.556615,,,-0.000844081 0.1379 0.146179 0.00667394 0.0213014 0.0134115 0.00504785 0.0949683 -0.00317035 0.0108054 0.0411513 0.0379447 0.0173337 0.00841279 0.105234 0.0132956 -0.000551992 0.0399823 0.00424308 -0.00353976 -0.0405644 0.0033605 -0.00721871 -0.017696 0.00414537 -0.00121869 0.0125949 0.0151318 -0.0241256 -0.0251032 -0.000144525 -0.0120974 -0.0125635 0.00432192 0.00368822 -0.00485364 -0.00353015 -0.000702556 -0.00140331 -0.00248607 -0.00741537 0.00466646 0.000809649 0.00670894,800,0,cuda,23.82,27.05
test,1940,leonberger_63,leonberger,dog,correct,leonberger,lime,19,0.999903,37,0.858259,0.973314,0.115055,0.414288,0.896505,0.325261,0.498575,,,0.0439333 0.00913241 0.139573 0.0810728 0.0497262 0.0638157 0.0294134 0.0471872 0.0384108 0.0524737 -0.0158395 0.0124778 0.0799526 -0.0160568 -0.00914763 0.0476939 0.0658488 0.0224352 0.050673 0.0755896 0.149533 0.0733531 -0.00439545 -0.008495 -0.0212557 0.00152565 0.00633249 0.00122461 0.0103798 0.00500992 -0.00531019 -0.0152322 -0.000630911 -0.0176106 -0.0173685 -0.0336068 -0.0270639,800,0,cuda,26.9,29.12
test,2825,saint_bernard_4,saint_bernard,dog,correct,saint_bernard,lime,28,0.999847,31,0.66763,0.747863,0.080233,0.395247,0.938348,0.304848,0.465443,,,0.0138743 0.0185729 -0.0268956 0.00833343 0.00133992 -0.00920177 0.00715503 0.189742 0.0421256 -0.00840251 0.0188657 0.00351192 -0.0262366 0.055213 0.00480369 0.0241724 0.0996677 0.144468 0.149808 0.0207937 -0.0106888 0.040275 0.0258502 0.0104778 0.0150373 0.0121478 0.0884193 -0.00856893 -0.0065088 -0.00561225 0.000464502,800,0,cuda,22.06,24.26
test,2120,miniature_pinscher_45,miniature_pinscher,dog,wrong,chihuahua,lime,10,0.990952,32,0.252013,0.974267,0.722254,0.093512,0.954335,0.000625,0.711719,,,-0.00657175 -0.0327005 -0.00858376 -0.013249 0.00601421 -0.0019448 -0.0313285 -0.0399422 -0.0451615 -0.0435274 0.0232563 0.0168036 0.0115682 0.0657275 0.0224539 0.0124705 0.354461 0.0260883 0.290677 0.100155 -0.00821304 -0.00258546 -0.0006406 0.227475 -0.0709686 0.0521186 0.0103061 0.218996 0.0144978 -0.0240622 0.162715 0.0026415,800,0,cuda,34.95,37.66
test,2893,samoyed_20,samoyed,dog,correct,samoyed,lime,29,0.997989,32,0.599709,0.992291,0.392582,0.245989,0.899658,0.405951,0.723323,,,0.0284568 -0.0131783 0.00421325 -0.00669764 -0.0110993 0.0433862 0.0243955 0.00750959 0.156052 0.009354 0.00143112 0.0148905 0.224951 0.0284053 0.0182757 0.05469 -0.000371724 0.169223 0.167724 0.349574 -0.0103376 0.0364959 -0.0122946 -0.0193105 -0.020606 -0.0128078 0.0107926 0.00963028 0.0120969 0.00500715 0.034013 0.0592126,800,0,cuda,27.94,28.61
test,537,Bengal_45,Bengal,cat,correct,Bengal,lime,5,0.99919,46,0.611627,0.823325,0.211698,0.705212,0.953364,0.014556,0.230994,,,0.000239928 0.00493032 0.00229038 -0.000314217 0.0040312 0.0040191 -0.000970574 0.00110407 5.45354e-05 -0.000527573 0.00112535 0.000895344 0.00138023 0.000994209 -0.000325082 -0.001077 -0.000918259 0.00399892 -0.00291973 0.00242556 -0.00135607 0.000368653 0.00204047 -0.00301597 0.00112278 0.00433018 0.00502878 0.00166799 0.00184737 0.00185134 -0.000214168 0.00506346 0.00106051 -0.00153411 -0.00195197 0.000260499 0.00191585 0.000961694 -0.000280261 0.000929862 0.000992812 0.00234733 0.000591253 0.000968009 -0.00241602 -0.000181032,800,0,cuda,25.77,30.04
test,1701,japanese_chin_27,japanese_chin,dog,correct,japanese_chin,lime,17,0.999946,44,0.538225,0.994298,0.456073,0.176014,0.915652,0.429039,0.516524,,,0.0340939 0.00895856 0.0400038 0.0217615 -0.00268038 -0.0076527 -0.00579221 0.0106852 0.0313681 -0.0223507 0.0051395 -0.0063573 -1.48887e-05 0.0147408 0.15899 0.018518 0.00519084 0.0163182 0.19133 0.222419 -0.00740647 -0.013592 0.152421 -0.0108842 0.0136641 0.134324 0.0809488 0.0159765 0.00890605 0.0485437 0.023075 0.025448 -0.0142166 -0.00658416 0.00277522 0.0264604 0.00146714 0.0380771 -0.00602482 -0.0408395 -0.0259416 -0.00899174 -0.00348038 0.0124085,800,0,cuda,23.54,25.04
test,2897,samoyed_24,samoyed,dog,correct,samoyed,lime,29,0.994677,33,0.390605,0.988954,0.598349,0.168943,0.878231,0.34888,0.774802,,,0.00983543 0.0335607 -0.0128433 -0.0316314 0.0410021 0.00139205 -0.00577448 0.00875888 -0.00568473 0.0389969 0.535186 0.0169912 0.00324133 0.0720153 0.133192 0.0092961 -0.00555231 0.0114788 0.000966278 0.143485 -0.00763313 0.118018 0.254474 -0.0124632 0.0063892 0.0120723 0.00135577 -0.0211863 0.00632556 0.00494486 -0.00279387 -0.018694 0.0122348,800,0,cuda,19.42,21.84
test,2222,newfoundland_47,newfoundland,dog,correct,newfoundland,lime,22,0.999977,42,0.509327,0.986001,0.476674,0.337417,0.950894,0.23804,0.433278,,,0.00878989 -0.00395217 -0.00188155 -0.0102755 0.00713675 0.011188 0.0194251 0.00344121 0.0105562 0.00930341 -0.00561771 0.0166034 0.00949533 0.0147686 0.0708801 0.132149 -0.00310575 0.117708 0.00774544 0.0100256 0.0124168 0.0254464 -0.00610728 -0.00450784 0.000838398 -0.0180637 0.0131397 0.00470134 0.0246909 0.0432611 0.0166122 0.000660109 0.0383167 0.031223 0.0256929 -0.00121551 -0.013396 -0.00276553 0.00831962 -0.000203827 0.00329204 0.0170015,800,0,cuda,20.89,23.85
test,2135,miniature_pinscher_59,miniature_pinscher,dog,correct,miniature_pinscher,lime,21,0.73129,37,0.478257,0.867059,0.388802,0.035785,0.72619,0.060856,0.694301,,,0.0155705 -0.0177349 0.00357199 0.0133364 0.00961252 -0.0189507 -0.0281864 -0.0240381 -0.0178429 0.0220257 0.0216538 -0.010115 0.079076 0.091041 0.0526638 -0.0661055 0.046821 0.0866881 0.12349 0.353963 0.0024008 0.0284708 0.0169245 0.0914196 0.00684561 0.0519743 0.0175218 0.00424797 0.0110144 0.0052397 -0.00424535 -0.0119357 -0.000600886 0.00953786 -0.0191139 0.00271945 -0.00596468,800,0,cuda,27.19,28.05
test,2599,Ragdoll_257,Ragdoll,cat,correct,Ragdoll,lime,26,0.7837,28,0.507474,0.973249,0.465775,0.055019,0.681245,0.620054,0.370379,,,0.00784781 0.00228781 0.0036326 0.011847 -0.00197627 0.0249506 0.00863249 0.0539168 0.0359847 0.00247771 0.0574038 0.00278626 0.0710127 0.00209562 -0.0218857 0.0191379 -0.00874456 0.00493385 0.0224035 0.0069001 0.000237217 0.000649706 -0.0112741 -0.0153966 -0.00833133 -0.0113875 0.0065764 -0.000997174,800,0,cuda,26.59,30.89
test,3558,wheaten_terrier_90,wheaten_terrier,dog,correct,wheaten_terrier,lime,35,0.999747,51,0.272301,0.937359,0.665057,0.180242,0.864114,0.45874,0.683608,,,-0.00511732 -0.0196674 0.269208 0.0294691 0.0197448 0.041166 0.0945411 -0.0236934 0.154773 0.00309385 -0.0062919 -0.017114 -0.00664916 -0.0294549 -0.0153983 0.216225 0.0140496 0.139628 0.0645825 0.0126555 0.00796395 0.0981619 -0.000246382 0.134052 0.0349372 0.0726884 0.055264 -0.00701989 0.0118086 0.00411622 0.000807613 0.0352355 0.0194432 0.0163161 0.272346 -0.00863762 0.0175882 0.0332949 -0.0047676 0.00346899 -0.00960456 0.00261083 0.00280752 0.0230681 0.0237137 0.00844634 0.000883554 -0.0191687 -0.000514817 -0.0179404 -0.00715967,800,0,cuda,21.0,26.67
test,705,Bombay_213,Bombay,cat,correct,Bombay,lime,7,0.999628,45,0.775989,0.992401,0.216412,0.284677,0.79677,0.230466,0.614684,,,-0.0210889 -0.00243859 0.00243487 -0.0113977 -0.0409455 0.0282081 -0.029027 0.0447885 -9.28758e-05 0.0292866 -0.0192256 -0.00816133 -0.0227794 -0.0105411 0.0774648 0.090462 0.0754644 0.0372368 0.0635296 0.0546846 0.0398184 0.128727 0.193834 0.0871548 -0.00564056 0.100013 0.0657382 0.0092414 0.0775103 0.00160801 0.0453516 0.0346737 0.0125173 0.147932 0.085333 0.0355703 -0.00353615 0.125674 0.0380627 0.00127348 -0.00949596 0.031452 -0.0138943 -0.0207041 0.0589637,800,0,cuda,18.01,19.93
test,2362,Persian_80,Persian,cat,correct,Persian,lime,23,0.999513,37,0.833127,0.990379,0.157252,0.287468,0.916237,0.392519,0.699072,,,0.0105927 -0.0313922 0.081579 0.0248449 0.0269968 0.0767767 0.0133276 0.0110849 0.0384553 0.113761 0.0389648 0.0678706 0.15809 0.0542675 -0.00554356 0.122188 0.114553 0.028774 0.0229174 0.00394101 0.237883 0.00126764 0.255687 0.000543624 -0.0369177 0.068015 0.00183571 0.00261116 0.0908148 0.0204461 0.032935 0.0195133 -0.045518 -0.0163479 0.0210525 -0.00685549 0.0234118,800,0,cuda,22.55,25.38
test,3468,staffordshire_bull_terrier_9,staffordshire_bull_terrier,dog,correct,staffordshire_bull_terrier,lime,1,0.595717,30,0.413524,0.978495,0.56497,0.07698,0.911024,0.58662,0.695242,,,0.0448641 0.0233127 0.0566469 -0.0210556 0.00622249 0.119332 -0.00698506 0.0189184 0.225064 0.213032 0.343848 -0.0118671 -0.0311341 0.0998817 0.0364925 -0.00321721 -0.0185759 0.0739229 -0.0477303 -0.0180614 0.110971 -0.0195936 -0.0158076 -0.00813555 -0.0902102 0.0163288 0.0674111 0.018746 -0.00181991 0.0338192,800,0,cuda,34.15,35.24
test,2648,Ragdoll_6,Ragdoll,cat,correct,Ragdoll,lime,26,0.99943,35,0.410894,0.914047,0.503153,0.094932,0.890158,0.137267,0.957719,,,0.0215945 0.00994333 0.0212039 0.037778 0.00680706 0.00280262 0.00389325 0.00389514 -0.00186393 0.0276253 0.0322662 -0.00151257 -0.00978188 -0.0138484 0.00095772 -0.0066334 -0.00407178 0.0269989 0.0186127 0.0299465 -0.00487898 0.798312 0.00380237 0.126706 -0.013962 0.00015201 0.0257015 0.0489966 0.00372246 -0.0213427 0.0198953 0.0288574 0.00555014 -0.00852331 0.0234258,800,0,cuda,22.76,26.08
test,3544,wheaten_terrier_78,wheaten_terrier,dog,correct,wheaten_terrier,lime,35,0.994237,35,0.629644,0.993697,0.364053,0.101319,0.808424,0.39812,0.510909,,,-0.0205786 0.0173867 -0.01543 -0.0132916 0.00315527 0.00738204 0.0412663 -0.025794 0.0103417 0.0488402 0.0383286 0.0598591 -0.0271709 0.0294805 0.0299064 0.00360402 0.132879 0.0157684 0.139852 0.0291257 0.00957918 0.0187881 0.165126 0.0262836 0.060397 0.00990253 0.007035 0.0142215 -0.00676147 0.0105537 0.138122 0.024583 -0.00066506 -0.0186306 -0.0155526,800,0,cuda,24.03,24.59
test,3142,shiba_inu_66,shiba_inu,dog,correct,shiba_inu,lime,31,0.999942,39,0.62219,0.967492,0.345302,0.257718,0.900091,0.459013,0.589317,,,0.0149298 0.00469163 0.0124383 0.0512401 0.347193 0.0412856 0.058443 0.00897015 0.0812856 0.0350174 0.11232 0.0470448 -0.0168965 0.00143719 0.188464 0.0375977 -0.000829493 0.0766263 0.112821 -0.000521713 0.0161974 -0.00708549 0.0680896 -0.034457 0.00507825 0.0420779 0.0139005 0.0253607 0.00132393 -0.0370702 -0.0281146 0.00737072 -0.00348364 0.0190749 0.00167367 0.00419359 0.0212098 0.0112163 0.00661815,800,0,cuda,23.17,26.37
test,2647,Ragdoll_69,Ragdoll,cat,correct,Ragdoll,lime,26,0.999002,40,0.848732,0.993589,0.144857,0.175968,0.795025,0.265028,0.669312,,,0.0481456 0.011022 0.0114915 -0.0193213 0.00747025 0.0110321 -0.00654207 -0.0158463 0.0196235 -0.0527473 0.0177547 0.0515981 0.199595 0.0213837 0.00462547 0.0181533 0.00989293 0.0601508 0.0127536 0.0347132 0.329313 0.026423 0.0531033 0.0591089 0.301719 0.0977415 0.153847 0.0905828 0.0786674 -0.0224932 -0.0165217 -0.0365752 0.00520624 -0.00383173 -0.00348125 0.0240667 0.0128125 0.0357645 -0.00958276 0.0138957,800,0,cuda,17.3,19.13
test,1828,keeshond_51,keeshond,dog,correct,keeshond,lime,18,0.999274,41,0.694914,0.95225,0.257336,0.227745,0.920297,0.409495,0.744935,,,0.00313614 -0.0313906 0.0149033 0.0219722 -0.046034 -0.0120751 -0.0444283 -0.00183423 0.096239 0.104177 0.0369095 0.119979 -0.0115069 0.0173677 0.00515802 0.0723546 -0.00449982 0.487587 0.0384187 0.236128 0.0302415 -0.00537525 0.0092338 -0.0270827 0.104562 0.0334623 0.0046438 0.0237234 0.113909 0.0771357 0.00122989 0.0012127 0.0295625 0.0164796 0.0633086 0.0195286 0.0156647 -0.0331335 -0.00216277 -0.00859132 0.00279395,800,0,cuda,25.55,28.78
test,1778,japanese_chin_97,japanese_chin,dog,correct,japanese_chin,lime,17,0.999858,37,0.652742,0.973466,0.320723,0.309923,0.924334,0.428719,0.646466,,,0.0535787 0.0969818 -0.0377888 0.0924645 0.0615712 0.0892599 0.0848262 0.017697 0.0524575 0.159678 0.288059 0.00943555 0.018291 0.16104 0.0304085 0.112382 0.00724922 0.00237306 0.0069304 0.0040591 0.0297798 0.0185045 0.0165878 -0.0167376 -0.000433503 -0.00762055 -0.00562665 -0.00620975 -0.0325959 -0.00762909 -0.00185711 -0.00213936 -0.0139026 -0.00940754 -0.00472171 0.00383119 0.00903056,800,0,cuda,22.3,24.0
test,277,american_pit_bull_terrier_7,american_pit_bull_terrier,dog,correct,american_pit_bull_terrier,lime,2,0.702958,42,0.499581,0.991782,0.492201,0.062823,0.678824,0.173248,0.577986,,,0.0289365 0.000712221 -0.00070813 -0.0108473 -0.0340446 0.0240288 -0.016939 -0.0224366 0.0672875 -0.0218771 0.00187467 -0.00903096 0.0289638 0.00592037 -0.023103 -0.0226998 -0.0110132 0.119652 0.000569908 -0.00465657 0.0175331 0.0877464 0.00728441 -0.00413849 -0.0162042 0.0883833 0.21515 0.00520024 0.117895 -0.0144243 0.0397093 -0.00431898 -0.00471267 -0.00223973 -0.00658696 0.0243966 0.0604684 -0.00462174 0.0409464 0.00926217 0.0630403 -0.00422725,800,0,cuda,17.25,24.68
test,1033,chihuahua_53,chihuahua,dog,correct,chihuahua,lime,10,0.999769,36,0.322325,0.934499,0.612174,0.079395,0.924094,0.029874,0.781639,,,0.112156 0.0219321 0.0199688 0.0624206 -0.0209307 -0.0226999 0.00866816 0.0907921 0.000354346 0.239958 0.118996 0.0519244 7.50952e-06 0.0106749 0.0292515 -0.0144604 0.54235 0.0168313 -0.0123211 0.0454966 0.182055 1.91912e-05 0.00126465 0.00216872 -0.0128441 0.0296007 -0.0362059 0.0285086 0.0269348 -0.0433209 -0.0225826 -0.0370775 -0.0220112 -0.0140994 -0.00840102 0.0139426,800,0,cuda,23.96,24.58
test,3431,staffordshire_bull_terrier_66,staffordshire_bull_terrier,dog,correct,staffordshire_bull_terrier,lime,34,0.983506,36,0.566785,0.990505,0.42372,0.386642,0.731806,0.432799,0.581236,,,0.0133742 0.0838801 -0.0240183 0.0561273 0.0603052 0.0134594 0.109971 0.0370141 0.00969475 0.0563164 0.00544171 0.0125996 -0.00227287 0.0242168 0.0479999 0.0180896 -0.00784732 0.0582957 0.0218089 0.0192222 -0.0040486 0.0178782 0.0979186 0.0230034 0.00767337 0.0637239 0.0138672 0.0464244 0.0498436 0.0362108 0.041091 0.150457 -0.00196018 0.00122286 0.110318 0.027915,800,0,cuda,27.25,29.34
test,1731,japanese_chin_54,japanese_chin,dog,correct,japanese_chin,lime,17,0.997748,34,0.250538,0.761329,0.510791,0.152502,0.934879,0.232204,0.738687,,,0.00392732 0.01356 -0.0018903 -0.0138902 0.0218239 0.00846074 0.0183513 -0.0227945 0.0613583 -0.0287031 0.0094755 0.0192642 0.247545 -0.00887756 0.188149 0.0777906 -0.0362176 -0.0290952 0.00144549 -0.0426171 0.00531456 0.0149702 -0.0311029 -0.00188013 0.555053 0.00752371 0.00367713 0.0170283 -0.0123409 0.00254829 0.00648342 0.0031111 -0.0106246 -0.00159995,800,0,cuda,20.03,22.91
test,763,Bombay_77,Bombay,cat,correct,Bombay,lime,7,0.999991,30,0.577069,0.984503,0.407435,0.488434,0.947644,0.221265,0.461526,,,0.0274943 -0.00471482 0.00122294 0.00832058 0.00324353 0.063709 0.0225311 0.0660123 0.0127829 0.0117637 0.0520014 0.113763 0.00534931 -0.00342828 0.0100697 0.011542 0.0238568 0.00346036 0.0211576 0.0259062 0.022243 0.0133094 0.0310934 0.0160878 0.00240983 0.0234008 -0.00403561 0.0027202 0.00771798 0.00725626,800,0,cuda,22.03,26.49
test,835,boxer_54,boxer,dog,correct,boxer,lime,8,0.941452,31,0.481764,0.994412,0.512648,0.144846,0.866783,0.446978,0.563334,,,0.264847 0.047286 0.0375974 0.0683006 0.134093 0.0228644 0.0733182 0.141757 -0.00226977 0.184518 0.0154281 -0.0188849 0.0228406 -0.00602645 0.1496 -0.0201895 0.0480564 0.0180676 -0.00301791 -0.0123252 0.0811023 0.00415785 0.0199186 0.0414997 -0.00204406 0.00533839 0.0457176 0.00784541 0.00367147 0.0171082 -0.0180043,800,0,cuda,27.81,29.34
test,3264,Siamese_85,Siamese,cat,correct,Siamese,lime,32,0.99985,36,0.453444,0.984463,0.531019,0.321553,0.873462,0.496408,0.606499,,,-0.000845475 0.0600657 0.00140129 0.0476628 0.0597773 0.0169977 -0.00874951 0.142772 -0.0107626 -0.0164795 0.0101302 0.0167332 0.038381 0.0409793 -0.0273615 0.166741 -0.0394034 0.0657159 0.0178612 0.016531 0.108972 0.205055 0.0310684 0.157076 0.00556382 0.0526063 0.00975435 0.0211695 0.00800201 0.0653945 0.0259685 0.0446167 0.00612235 -0.00045141 0.00990219 0.0317004,800,0,cuda,33.54,35.43
test,1653,havanese_74,havanese,dog,correct,havanese,lime,16,0.99355,40,0.638453,0.980459,0.342006,0.206292,0.786778,0.364054,0.847915,,,0.0173354 0.0315648 -0.000663311 0.0579337 0.258867 0.128843 0.0282062 -0.00163431 0.119552 0.000496417 0.0138621 0.0897743 0.00319992 0.0506252 0.0258117 0.00568503 0.0631551 0.0436358 0.0427217 0.101643 0.061634 0.157898 0.0303915 0.0717875 0.455315 0.0962331 -0.016888 -0.00690091 -0.00591722 0.0110274 0.00325125 0.0209084 0.0037837 -0.0140843 0.00761297 0.0018878 -0.00653383 -0.0223216 -0.0141583 0.000961463,800,0,cuda,26.1,27.6
test,2607,Ragdoll_264,Ragdoll,cat,correct,Ragdoll,lime,26,0.988599,31,0.565788,0.984827,0.419039,0.05433,0.755774,0.444396,0.513642,,,0.0393821 0.0200606 0.00896985 -0.00451312 0.155996 0.0778917 0.0258539 0.0235248 0.033291 -0.00531874 0.0419013 0.139151 -0.0043198 0.0646322 0.121752 -0.00346278 0.0543221 0.0341844 0.0340511 0.00536347 -0.0071803 -0.0105357 0.0067872 0.0232814 0.0100464 0.000347465 0.030868 0.0273875 0.0141985 0.00592691 -0.00887568,800,0,cuda,33.11,36.43
test,2732,Russian_Blue_49,Russian_Blue,cat,correct,Russian_Blue,lime,27,0.736772,29,0.175203,0.621609,0.446405,0.035939,0.449861,0.361983,0.669076,,,0.000391431 0.0299907 0.00953401 0.00992258 0.0240044 0.0227027 0.00873865 0.0943314 0.023008 0.155625 0.0161546 0.054045 8.66307e-05 0.0165821 0.0289333 0.0222391 -0.00951166 0.006806 0.0228509 0.01065 0.0268825 -0.00166467 0.000810971 0.00405741 -0.0200305 0.00260872 -0.0083939 0.0173794 0.00145521,800,0,cuda,23.77,27.32
